,UMAP1,UMAP2,cell_type,age_months
AAACCCAAGTTCATGC-1-0,1.0234894,12.05482,Fibrocytes,3
AAACGAAAGCCTAGGA-1-0,7.043725,7.4334946,Glia/Schwann,3
AAACGAAAGTATCTGC-1-0,-1.3461586,3.1876643,Supporting cells,3
AAACGAACAGAGATTA-1-0,2.4938767,5.437127,Supporting cells,3
AAACGAACATTAAAGG-1-0,0.39280733,13.1338215,Fibrocytes,3
AAACGAAGTTTGATCG-1-0,4.479889,5.373668,Supporting cells,3
AAACGCTCAGACAAAT-1-0,8.190251,1.5599761,Outer hair cells,3
AAACGCTCAGAGGTTG-1-0,8.397246,1.3302743,Outer hair cells,3
AAAGAACCAACTGAAA-1-0,6.079118,-0.47306344,Inner hair cells,3
AAAGAACGTGAGATAT-1-0,6.797196,-0.34138113,Inner hair cells,3
AAAGGATAGAACGCGT-1-0,-2.5139382,7.9792767,Fibrocytes,3
AAAGGGCAGACAGCTG-1-0,-6.239274,4.740843,Fibrocytes,3
AAAGGGCTCTACCTTA-1-0,2.6119902,4.7015963,Supporting cells,3
AAAGGTACACCAGCTG-1-0,1.9021349,4.544981,Supporting cells,3
AAAGGTAGTAGCTAAA-1-0,6.7774014,7.8533707,Glia/Schwann,3
AAAGGTATCATTGCCC-1-0,-2.0286522,2.366794,Supporting cells,3
AAAGTCCCACACAGCC-1-0,-1.8915771,4.922704,Supporting cells,3
AAAGTGAAGACGGAAA-1-0,1.1237195,11.476926,Fibrocytes,3
AAAGTGAAGTTCCGGC-1-0,-1.0754019,0.801144,Supporting cells,3
AAAGTGACAGAACTTC-1-0,4.5185456,7.338114,Supporting cells,3
AAAGTGAGTGATGGCA-1-0,1.6342973,5.0265217,Supporting cells,3
AAATGGAAGAAGATCT-1-0,-1.432934,2.1059923,Supporting cells,3
AAATGGACAGGCCTGT-1-0,-0.7656808,3.435413,Supporting cells,3
AAATGGAGTGTCGATT-1-0,-0.8092137,0.6659158,Supporting cells,3
AAATGGATCCTCTAGC-1-0,9.0416,9.202792,Glia/Schwann,3
AACAAAGAGATACGAT-1-0,-0.97796,5.096204,Supporting cells,3
AACAAAGAGTACCATC-1-0,4.5114603,3.9279523,Glia/Schwann,3
AACAAAGCAAATCGTC-1-0,0.9186127,4.763666,Supporting cells,3
AACAAAGTCAGTGTCA-1-0,-0.6397679,5.1678324,Supporting cells,3
AACAAAGTCCCATGGG-1-0,-3.1477158,8.604467,Supporting cells,3
AACAAAGTCTACCACC-1-0,3.1998646,3.9498255,Supporting cells,3
AACAACCAGCCTGTGC-1-0,3.7103925,7.8171434,Fibrocytes,3
AACAACCAGCGACTAG-1-0,-1.6163899,3.865935,Supporting cells,3
AACAACCAGGTCATAA-1-0,8.850876,1.3060814,Outer hair cells,3
AACAACCAGTCAGAGC-1-0,0.16722769,3.102521,Supporting cells,3
AACAACCCAGTGTACT-1-0,3.08208,3.9751992,Supporting cells,3
AACAACCGTTTCCATT-1-0,12.260318,3.4529648,Spiral ganglion neurons,3
AACAAGAAGCCTATCA-1-0,-0.32932398,3.3905673,Supporting cells,3
AACAAGAAGGACTAAT-1-0,3.9724898,10.132633,Supporting cells,3
AACAAGAAGGCCCGTT-1-0,4.0190434,10.280175,Supporting cells,3
AACAAGACACAGCCTG-1-0,-1.3789009,4.861033,Supporting cells,3
AACAAGACAGCTGGTC-1-0,4.2186985,9.312593,Supporting cells,3
AACAAGAGTCTAACGT-1-0,-1.0182978,3.8371215,Supporting cells,3
AACAAGATCCACACCT-1-0,0.71942115,12.431598,Fibrocytes,3
AACAAGATCTCGGCTT-1-0,2.1488333,5.8296576,Supporting cells,3
AACACACAGTGATTCC-1-0,12.239157,3.490436,Spiral ganglion neurons,3
AACACACCAGATGCGA-1-0,6.2327957,8.579021,Glia/Schwann,3
AACACACCAGTATTCG-1-0,-3.4987776,7.362809,Supporting cells,3
AACACACGTACTGGGA-1-0,5.649089,2.4179287,Supporting cells,3
AACACACGTGTATTCG-1-0,-0.060857214,8.490911,Supporting cells,3
AACACACTCTGAGCAT-1-0,9.065791,6.6074038,Supporting cells,3
AACAGGGAGCGTCTGC-1-0,5.225286,6.173699,Supporting cells,3
AACAGGGCAAGCAATA-1-0,9.793194,3.645278,Spiral ganglion neurons,3
AACAGGGCAATGTCAC-1-0,3.439142,5.460288,Supporting cells,3
AACAGGGGTAACGCGA-1-0,6.7021937,-0.4852022,Inner hair cells,3
AACAGGGGTCCAGGTC-1-0,-1.616071,1.7242789,Supporting cells,3
AACCAACAGACCTCCG-1-0,0.29261544,0.77326584,Supporting cells,3
AACCAACAGACTGGGT-1-0,4.491528,5.4212747,Supporting cells,3
AACCAACGTCGTTATG-1-0,4.6450634,4.926077,Supporting cells,3
AACCAACTCCCGAATA-1-0,-0.47069678,4.9057703,Supporting cells,3
AACCACAAGTAGGATT-1-0,3.0099564,9.736239,Supporting cells,3
AACCACAAGTTAGTGA-1-0,4.1485777,10.252108,Supporting cells,3
AACCACACAAGACCGA-1-0,4.717089,5.3390374,Supporting cells,3
AACCACACAGAGTGTG-1-0,-2.4371052,3.405971,Supporting cells,3
AACCACACAGCTGTGC-1-0,4.1671753,6.0683947,Supporting cells,3
AACCATGCACAGTCAT-1-0,0.40356553,3.3389802,Supporting cells,3
AACCATGTCAGACATC-1-0,-2.668677,3.7995217,Supporting cells,3
AACCATGTCAGCGCGT-1-0,7.080989,9.060634,Glia/Schwann,3
AACCATGTCATTCACT-1-0,5.3656297,7.4866676,Glia/Schwann,3
AACCATGTCCTTATGT-1-0,2.9808524,5.8668804,Supporting cells,3
AACCCAAAGGAGCTGT-1-0,-2.091662,2.3754098,Supporting cells,3
AACCCAACATAATCGC-1-0,2.2786903,5.9366007,Supporting cells,3
AACCCAACATCCTAAG-1-0,10.731314,3.7832108,Spiral ganglion neurons,3
AACCTGACAGGATGAC-1-0,2.0412922,3.3978229,Supporting cells,3
AACCTGACATTGAAGA-1-0,4.574803,8.878249,Supporting cells,3
AACCTGATCTGTTGGA-1-0,-1.813278,0.09875447,Supporting cells,3
AACCTTTAGTTCACTG-1-0,-4.9353843,4.4241085,Fibrocytes,3
AACCTTTCAGGTTACT-1-0,7.3641906,8.872422,Glia/Schwann,3
AACCTTTGTCTCAAGT-1-0,0.5441376,12.129977,Fibrocytes,3
AACCTTTTCACTACTT-1-0,10.6187525,3.7293122,Spiral ganglion neurons,3
AACGAAAGTAGCTCGC-1-0,-5.570845,4.499265,Fibrocytes,3
AACGAAATCGAACCTA-1-0,6.780674,7.4437675,Glia/Schwann,3
AACGAAATCGGAGCAA-1-0,0.006203082,3.9311588,Supporting cells,3
AACGGGACAATTGTGC-1-0,5.184616,7.416069,Fibrocytes,3
AACGTCAAGGCCTTCG-1-0,-0.30482358,2.165936,Supporting cells,3
AACGTCAAGGTAGATT-1-0,-2.2776756,4.827716,Supporting cells,3
AACGTCACATCTTCGC-1-0,2.5798857,3.9300308,Supporting cells,3
AACTTCTGTCGTTGCG-1-0,6.601383,-0.0988858,Inner hair cells,3
AAGAACAAGAAGTCTA-1-0,5.0148354,4.321911,Supporting cells,3
AAGAACAAGAGCCTGA-1-0,3.6792955,9.749102,Supporting cells,3
AAGACAAAGAGGGTGG-1-0,6.4903765,6.948508,Glia/Schwann,3
AAGACAACACGACCTG-1-0,2.8413293,5.135438,Supporting cells,3
AAGACAAGTCTACTGA-1-0,2.5844977,12.99554,Fibrocytes,3
AAGACAATCTCCGAAA-1-0,-0.095108986,3.5090878,Supporting cells,3
AAGACTCAGATGTTGA-1-0,-0.53176755,4.276282,Supporting cells,3
AAGACTCCAGAGTAAT-1-0,-1.8438612,2.6932611,Supporting cells,3
AAGACTCGTAACATCC-1-0,0.8825157,2.5749462,Supporting cells,3
AAGACTCGTGGATCAG-1-0,5.785797,9.863111,Fibrocytes,3
AAGATAGAGCTATCCA-1-0,0.95632803,7.272253,Supporting cells,3
AAGATAGAGTTCGCAT-1-0,-6.615932,5.0182915,Fibrocytes,3
AAGCATCAGAAACTCA-1-0,5.5717053,3.0841382,Supporting cells,3
AAGCATCCAATCTGCA-1-0,-0.70237714,1.6022813,Supporting cells,3
AAGCATCCACACAGCC-1-0,6.5986795,6.6254134,Glia/Schwann,3
AAGCATCGTGAATAAC-1-0,5.937169,2.3133228,Supporting cells,3
AAGCCATAGGCCTTCG-1-0,2.6863735,9.779026,Supporting cells,3
AAGCGAGAGGCTTAGG-1-0,5.0134153,6.5733185,Supporting cells,3
AAGCGAGCACAAAGCG-1-0,-1.7023066,5.642805,Supporting cells,3
AAGCGTTCACTGTGAT-1-0,6.460997,-0.3315229,Inner hair cells,3
AAGCGTTCAGTTGTCA-1-0,-2.0667782,4.8597884,Supporting cells,3
AAGCGTTTCGTGGCGT-1-0,8.316087,1.1683389,Outer hair cells,3
AAGGAATCAGCGACAA-1-0,9.549519,9.390534,Glia/Schwann,3
AAGGAATGTGCACAAG-1-0,7.9816647,9.171861,Glia/Schwann,3
AAGGAATTCACCGGGT-1-0,8.607791,6.597158,Supporting cells,3
AAGGTAAAGCGGTAGT-1-0,7.86452,1.2877171,Outer hair cells,3
AAGGTAAAGGCTCCCA-1-0,0.7889404,8.04241,Supporting cells,3
AAGGTAAGTATCACGT-1-0,-0.3824464,1.5584807,Supporting cells,3
AAGGTAAGTCCCACGA-1-0,-1.8781832,0.6022182,Supporting cells,3
AAGGTAATCATAGACC-1-0,6.943942,7.34561,Glia/Schwann,3
AAGTACCAGTGAATAC-1-0,-2.3689394,3.9150763,Supporting cells,3
AAGTACCCATGCCATA-1-0,-1.9781697,4.188743,Supporting cells,3
AAGTACCTCTACCCAC-1-0,2.7062838,2.3307533,Glia/Schwann,3
AAGTCGTAGGTAGTAT-1-0,12.166677,3.1668496,Spiral ganglion neurons,3
AAGTCGTAGGTGCCTC-1-0,-1.5001633,5.5522704,Supporting cells,3
AAGTCGTCAACCAGAG-1-0,0.8825601,4.9789762,Supporting cells,3
AAGTCGTGTGCATCTA-1-0,8.654628,4.7778363,Supporting cells,3
AAGTCGTTCCCAGGAC-1-0,-0.83163714,7.492618,Supporting cells,3
AAGTCGTTCGTGACTA-1-0,-0.3567096,9.296133,Supporting cells,3
AAGTGAACAGCATTGT-1-0,1.5538046,13.156414,Fibrocytes,3
AAGTGAAGTCCAGCGT-1-0,8.504805,4.050723,Supporting cells,3
AAGTGAATCAGCTAGT-1-0,-1.8870397,3.2745507,Supporting cells,3
AAGTGAATCATTGTTC-1-0,6.210181,-0.4815738,Inner hair cells,3
AAGTGAATCTTACCGC-1-0,9.485732,5.03976,Supporting cells,3
AAGTTCGAGAATCCCT-1-0,-5.063489,4.799612,Fibrocytes,3
AAGTTCGCATTCTGTT-1-0,-0.010547851,2.0779476,Supporting cells,3
AAGTTCGGTGGACCAA-1-0,5.102771,5.950241,Supporting cells,3
AAGTTCGTCTCGACCT-1-0,0.36383426,3.4855237,Supporting cells,3
AATAGAGAGAGTATAC-1-0,3.406704,10.980714,Supporting cells,3
AATAGAGCAACGACTT-1-0,-1.1926224,3.0321536,Supporting cells,3
AATAGAGCACTCTGCT-1-0,-2.2820935,-1.0982131,Supporting cells,3
AATAGAGGTCTACTGA-1-0,-0.2599981,8.2317705,Supporting cells,3
AATAGAGGTGGCTACC-1-0,3.6688676,9.257055,Supporting cells,3
AATAGAGGTTGGGATG-1-0,-1.9932606,5.3571157,Supporting cells,3
AATCACGAGCCACCGT-1-0,-0.30465597,3.4933007,Supporting cells,3
AATCACGAGTAGACCG-1-0,0.85849434,11.112532,Fibrocytes,3
AATCACGCAAATTGGA-1-0,2.5374544,11.17604,Fibrocytes,3
AATCACGGTGTTTACG-1-0,-1.870327,1.1811086,Supporting cells,3
AATCGACGTTCCTTGC-1-0,0.011611895,3.8261125,Supporting cells,3
AATCGACTCCTTATAC-1-0,7.5484924,1.5826093,Outer hair cells,3
AATCGACTCGCCCAGA-1-0,8.599014,1.5419266,Outer hair cells,3
AATCGACTCTAAACGC-1-0,7.0510473,8.987671,Glia/Schwann,3
AATCGTGCATAACAGA-1-0,4.1816335,4.823662,Supporting cells,3
AATCGTGCATGTTACG-1-0,-0.34934455,0.85118425,Supporting cells,3
AATCGTGGTCAAAGTA-1-0,-2.2801137,4.3231673,Supporting cells,3
AATCGTGGTGGTGATG-1-0,0.96673614,11.468433,Fibrocytes,3
AATGAAGTCAGAATAG-1-0,1.9528226,7.287526,Supporting cells,3
AATGAAGTCGCTTGCT-1-0,3.2143216,5.506859,Supporting cells,3
AATGACCTCCCATGGG-1-0,-3.4688544,8.819286,Supporting cells,3
AATGCCACAAACGGCA-1-0,-0.27492973,2.1549635,Supporting cells,3
AATGCCACAACTTGCA-1-0,-0.86283475,2.180124,Supporting cells,3
AATGCCATCTTGCGCT-1-0,3.5665655,5.8078403,Supporting cells,3
AATGGAAAGACTCAAA-1-0,7.3715386,8.776098,Glia/Schwann,3
AATGGAAAGTGCTAGG-1-0,5.900047,7.7203298,Glia/Schwann,3
AATGGAAGTATTTCGG-1-0,2.7429056,1.0742102,Supporting cells,3
AATGGAAGTGCTGATT-1-0,-0.28899685,4.9485693,Supporting cells,3
AATGGAATCCAATCTT-1-0,9.478565,3.708811,Spiral ganglion neurons,3
AATGGAATCGTGCGAC-1-0,-2.4920337,9.5627985,Macrophages/Microglia,3
AATGGCTGTAGTTCCA-1-0,3.2534811,10.492259,Supporting cells,3
AATGGCTTCCACAGGC-1-0,6.142971,0.56085503,Inner hair cells,3
AATTCCTCAGTCAGAG-1-0,-1.8191631,0.6120768,Supporting cells,3
AATTTCCCACCGGTCA-1-0,-5.0507927,4.4733453,Fibrocytes,3
AATTTCCCAGGATCTT-1-0,3.8018546,6.018601,Supporting cells,3
AATTTCCGTAAGGCTG-1-0,2.3221056,7.7891765,Supporting cells,3
AATTTCCGTAAGTTGA-1-0,-2.494042,2.2457905,Supporting cells,3
AATTTCCGTGCAACGA-1-0,-1.0541034,3.3663132,Supporting cells,3
AATTTCCTCCTAACAG-1-0,6.837558,-0.85573214,Inner hair cells,3
AATTTCCTCTGAGGTT-1-0,-1.6680626,4.130865,Supporting cells,3
AATTTCCTCTGGACCG-1-0,3.3855038,10.897326,Supporting cells,3
ACAAAGACACCCTGTT-1-0,5.264061,7.5981216,Glia/Schwann,3
ACAACCAAGAACAGGA-1-0,-2.0221682,4.112704,Supporting cells,3
ACAACCACAACGCATT-1-0,1.3999423,1.4506755,Supporting cells,3
ACAACCACAGCCGGTT-1-0,0.43189564,3.1171541,Supporting cells,3
ACAACCATCCATCCGT-1-0,1.8357366,4.638239,Supporting cells,3
ACAACCATCGCTACGG-1-0,0.48247206,2.749321,Supporting cells,3
ACAACCATCTTGAACG-1-0,3.9446428,6.1206756,Supporting cells,3
ACAAGCTAGTCACAGG-1-0,-1.5105256,1.0326546,Supporting cells,3
ACAAGCTGTCCTTTGC-1-0,7.2254896,2.3799744,Outer hair cells,3
ACAAGCTGTGATACAA-1-0,-1.6237676,3.2162242,Supporting cells,3
ACAAGCTGTGCCCACA-1-0,3.6423686,8.168924,Supporting cells,3
ACAAGCTGTTCACGAT-1-0,2.2067904,7.533805,Supporting cells,3
ACAAGCTTCGCTCTAC-1-0,-4.8402696,3.9310899,Fibrocytes,3
ACACAGTAGCGGTAAC-1-0,6.8673005,9.113452,Glia/Schwann,3
ACACAGTAGGTGATCG-1-0,0.50168645,3.7215514,Supporting cells,3
ACACAGTCAAGTTTGC-1-0,-2.0552585,3.7004266,Supporting cells,3
ACACCAACACGAAGAC-1-0,-1.5117155,3.4866517,Supporting cells,3
ACACCAACAGCTGTTA-1-0,-0.7922003,2.9402897,Supporting cells,3
ACACCAATCGCCAATA-1-0,3.9245462,10.051922,Supporting cells,3
ACACGCGAGAGTTGTA-1-0,4.400849,4.985789,Supporting cells,3
ACACGCGAGGTACAAT-1-0,-4.8766713,4.854181,Fibrocytes,3
ACACGCGCACTCCGAG-1-0,-1.9723246,3.7295156,Supporting cells,3
ACACTGACACTGCTTC-1-0,5.575086,1.6504033,Inner hair cells,3
ACACTGAGTTGGCCGT-1-0,5.8599014,0.5915542,Inner hair cells,3
ACACTGATCAAAGGAT-1-0,2.7483804,4.68316,Supporting cells,3
ACAGAAAAGTTATGGA-1-0,1.6789355,5.610054,Supporting cells,3
ACAGAAACAGGGTCTC-1-0,-1.8884075,3.5521712,Supporting cells,3
ACAGAAAGTCAGCGTC-1-0,1.0712978,3.7478554,Supporting cells,3
ACAGAAAGTCATGCAT-1-0,-0.59500664,2.6302948,Supporting cells,3
ACAGAAATCTCCCAAC-1-0,1.6966026,4.6981244,Supporting cells,3
ACAGCCGCAAATGATG-1-0,-2.9941554,4.0837517,Supporting cells,3
ACAGCCGTCCTAACAG-1-0,5.756528,4.397386,Supporting cells,3
ACAGCCGTCTACCCAC-1-0,-0.6095351,3.2076023,Supporting cells,3
ACAGGGACACCAGCTG-1-0,11.855369,2.7876012,Spiral ganglion neurons,3
ACAGGGAGTATAGCTC-1-0,3.5902526,10.062892,Supporting cells,3
ACAGGGAGTCCACTTC-1-0,5.609167,2.4282947,Supporting cells,3
ACAGGGAGTGATTAGA-1-0,5.9515224,3.9871852,Supporting cells,3
ACAGGGAGTTGCAACT-1-0,-2.9908772,2.6883495,Supporting cells,3
ACAGGGATCTCCAAGA-1-0,0.073897965,3.6102307,Supporting cells,3
ACATCCCAGTCATACC-1-0,3.2910173,10.585208,Supporting cells,3
ACATCCCGTCTCTCTG-1-0,0.29780585,1.6419466,Supporting cells,3
ACATCCCGTGCCGTAC-1-0,5.700209,0.13626972,Inner hair cells,3
ACATCCCTCTATCGGA-1-0,-1.8197998,1.9898019,Supporting cells,3
ACATCCCTCTTCCCAG-1-0,0.43366095,3.354112,Supporting cells,3
ACATCGAAGTTCCAGT-1-0,-1.5450501,3.6501706,Supporting cells,3
ACATCGAAGTTGTCGT-1-0,6.47709,-0.17059383,Inner hair cells,3
ACATCGACAATGAACA-1-0,-0.94655514,4.1474786,Supporting cells,3
ACATCGAGTAGGTAGC-1-0,4.063457,8.687501,Supporting cells,3
ACATTTCTCCAACTAG-1-0,-1.7044501,3.0905316,Supporting cells,3
ACCAAACAGTCATGCT-1-0,4.601317,5.056232,Supporting cells,3
ACCAAACCACAACATC-1-0,-2.156598,3.478599,Supporting cells,3
ACCAAACTCAATCTTC-1-0,5.9055634,0.54788697,Inner hair cells,3
ACCAAACTCACTACTT-1-0,2.596795,4.1497145,Supporting cells,3
ACCAAACTCAGACCTA-1-0,2.0142524,2.8089678,Supporting cells,3
ACCAAACTCGTGGCGT-1-0,7.1181593,2.699835,Outer hair cells,3
ACCAAACTCTGCGTCT-1-0,-3.2992783,11.147225,Macrophages/Microglia,3
ACCAACAAGAGGTTAT-1-0,-1.2983485,6.9658613,Supporting cells,3
ACCAACAGTACTGACT-1-0,7.9693785,8.137545,Glia/Schwann,3
ACCAACAGTAGCTGCC-1-0,4.1312456,10.14693,Supporting cells,3
ACCAACAGTTCGGTAT-1-0,4.5874186,4.1780586,Supporting cells,3
ACCACAAAGATTACCC-1-0,-1.5428374,2.5906794,Supporting cells,3
ACCACAAAGGCCCGTT-1-0,-1.892415,1.0423197,Supporting cells,3
ACCACAAGTTGTTGCA-1-0,1.1203825,10.982118,Fibrocytes,3
ACCCAAACACTCTCGT-1-0,-1.7112415,1.8832642,Supporting cells,3
ACCCAAAGTAGGGAGG-1-0,6.2286673,8.923054,Glia/Schwann,3
ACCCAAATCCGAACGC-1-0,3.493804,5.511594,Supporting cells,3
ACCCTCAAGGGTACAC-1-0,3.9416559,6.6826873,Fibrocytes,3
ACCCTCAAGGTAACTA-1-0,-3.4634247,3.6541212,Fibrocytes,3
ACCCTCACATCAGTCA-1-0,1.5668114,4.682764,Supporting cells,3
ACCCTCATCCCAGGAC-1-0,3.8071103,4.7501745,Supporting cells,3
ACCCTTGAGATGTAGT-1-0,2.3125973,12.7355,Fibrocytes,3
ACCCTTGAGTAGGAAG-1-0,1.6652002,4.110896,Supporting cells,3
ACCCTTGGTTGCTTGA-1-0,-2.1870258,3.8980043,Supporting cells,3
ACCGTTCAGAAACTGT-1-0,-0.66079414,2.8683932,Supporting cells,3
ACCGTTCAGGAGGTTC-1-0,-2.2317362,1.8422124,Supporting cells,3
ACCGTTCCATCCAACA-1-0,1.618083,5.0680723,Supporting cells,3
ACCGTTCTCTCCTGCA-1-0,-2.1298234,3.0046842,Supporting cells,3
ACCTACCCATAGCTGT-1-0,8.302118,8.922798,Glia/Schwann,3
ACCTACCTCCCATGGG-1-0,-3.1041276,8.529599,Supporting cells,3
ACCTACCTCGGAATTC-1-0,0.7898247,2.926997,Supporting cells,3
ACCTACCTCTGGGCGT-1-0,6.199016,4.7467346,Supporting cells,3
ACCTGAAGTTGCTCCT-1-0,5.208522,5.4327793,Supporting cells,3
ACCTGAATCCATTCAT-1-0,2.9858713,8.887477,Supporting cells,3
ACCTGTCAGGTAAGAG-1-0,1.2479373,11.858395,Fibrocytes,3
ACCTGTCTCAGTGCGC-1-0,1.9526279,5.9981055,Supporting cells,3
ACGATCAAGGATTTCC-1-0,6.4735174,6.330593,Supporting cells,3
ACGATCATCGCCTAGG-1-0,4.435699,6.0455484,Supporting cells,3
ACGATCATCTAGATCG-1-0,-3.184591,11.278272,Macrophages/Microglia,3
ACGATGTCAATGTCTG-1-0,2.0555642,10.115608,Supporting cells,3
ACGATGTCATTCACCC-1-0,2.68833,-0.63610506,Supporting cells,3
ACGATGTTCCTTACCG-1-0,3.4200547,3.8357906,Supporting cells,3
ACGCACGAGCCTCTTC-1-0,-1.7296191,0.5618256,Supporting cells,3
ACGCACGAGTTGGGAC-1-0,0.8457623,12.81946,Fibrocytes,3
ACGCACGCATCGAAGG-1-0,9.957755,5.412166,Supporting cells,3
ACGCACGGTTATCTTC-1-0,2.8709095,1.7846951,Glia/Schwann,3
ACGCACGTCTCGTGAA-1-0,-2.0954394,3.001791,Supporting cells,3
ACGGAAGGTGACTAAA-1-0,6.3700604,2.70965,Outer hair cells,3
ACGGAAGGTTGCGAAG-1-0,1.0920224,11.169289,Fibrocytes,3
ACGGGTCAGAAACCCG-1-0,5.133796,3.4100864,Supporting cells,3
ACGGGTCCAGGTAGTG-1-0,-3.6752753,6.983525,Supporting cells,3
ACGGGTCGTCGCATCG-1-0,-4.7301726,5.093313,Fibrocytes,3
ACGGGTCTCGGACAAG-1-0,-2.779,5.4801116,Supporting cells,3
ACGGTCGTCCACTTTA-1-0,2.1767979,9.353413,Supporting cells,3
ACGGTCGTCTCGGTAA-1-0,4.5770717,5.301321,Supporting cells,3
ACGGTTACAAGCTACT-1-0,5.331315,9.92983,Supporting cells,3
ACGGTTATCCATCACC-1-0,0.5015123,2.9939394,Supporting cells,3
ACGTAACAGACCACGA-1-0,0.098586015,2.8207207,Supporting cells,3
ACGTAACCACCCTAAA-1-0,3.0897317,5.6727037,Supporting cells,3
ACGTAACTCCTCTGCA-1-0,8.114815,8.750919,Glia/Schwann,3
ACGTAACTCGGATTAC-1-0,5.359139,0.4539961,Inner hair cells,3
ACGTACAAGACATATG-1-0,0.53903556,1.0186896,Supporting cells,3
ACGTACAGTGCCTTCT-1-0,-1.5856091,-0.74030757,Supporting cells,3
ACGTAGTTCACTTGTT-1-0,-2.4543831,3.798333,Supporting cells,3
ACGTTCCAGAAGTCTA-1-0,7.114556,9.110376,Glia/Schwann,3
ACGTTCCCACCATATG-1-0,9.37911,9.200067,Glia/Schwann,3
ACGTTCCGTGAGACCA-1-0,-0.85381305,9.007282,Supporting cells,3
ACGTTCCTCTGTAACG-1-0,2.5715973,-0.13108987,Supporting cells,3
ACTACGAAGAGCAACC-1-0,3.3172593,4.6571794,Supporting cells,3
ACTACGAAGGTGTGAC-1-0,-2.4989119,1.5656915,Supporting cells,3
ACTACGAAGTGCCTCG-1-0,5.7783833,3.662112,Supporting cells,3
ACTACGAGTAGCTTGT-1-0,3.2352684,11.300345,Supporting cells,3
ACTACGAGTGCAGGAT-1-0,0.65995044,13.483333,Fibrocytes,3
ACTATCTAGAGACAAG-1-0,5.363007,10.084971,Supporting cells,3
ACTATCTCAAGTATAG-1-0,-4.1499376,4.9183927,Fibrocytes,3
ACTATCTCAGATACCT-1-0,0.27069476,4.3912215,Supporting cells,3
ACTATCTGTACCTGTA-1-0,-2.4840302,-0.94262785,Supporting cells,3
ACTATCTTCAGGAGAC-1-0,8.602435,6.602163,Supporting cells,3
ACTATCTTCCATCACC-1-0,-1.1314478,4.139688,Supporting cells,3
ACTATGGCAGTAGGAC-1-0,5.784729,7.1437583,Glia/Schwann,3
ACTATGGGTACGTGAG-1-0,0.9623329,10.996593,Fibrocytes,3
ACTATGGGTCTTGCTC-1-0,3.5988617,6.912077,Supporting cells,3
ACTATGGGTGTATCCA-1-0,7.4968944,1.3585831,Outer hair cells,3
ACTATGGTCCGGTTCT-1-0,9.25401,5.4139004,Supporting cells,3
ACTATGGTCGTAGGAG-1-0,3.225381,3.8890586,Supporting cells,3
ACTATTCGTCGAGCAA-1-0,10.43476,2.9938827,Spiral ganglion neurons,3
ACTATTCTCGCAATTG-1-0,-2.9075806,2.0542443,Supporting cells,3
ACTCCCACATGGAACG-1-0,6.5361524,8.11333,Glia/Schwann,3
ACTCTCGAGATACGAT-1-0,0.62104166,12.129072,Fibrocytes,3
ACTCTCGAGGACAAGA-1-0,-0.8969977,1.0841048,Supporting cells,3
ACTCTCGGTACCTAGT-1-0,-1.822729,-0.6333622,Supporting cells,3
ACTGATGGTGAATAAC-1-0,5.8338723,0.28405127,Inner hair cells,3
ACTGATGTCAAGTCTG-1-0,1.1555542,11.9371195,Fibrocytes,3
ACTGATGTCCTTTAGT-1-0,8.367135,6.4650908,Supporting cells,3
ACTGCAAAGGTAATCA-1-0,4.6595283,11.017816,Supporting cells,3
ACTGCAACATCCGATA-1-0,4.3009615,4.76548,Supporting cells,3
ACTGCAACATGTGGTT-1-0,5.622809,5.9349575,Supporting cells,3
ACTGCAATCGGACGTC-1-0,-3.1016164,10.811698,Macrophages/Microglia,3
ACTGTCCTCGGCGATC-1-0,5.9019327,1.2261478,Inner hair cells,3
ACTGTCCTCTGCCTCA-1-0,11.833483,2.7852728,Spiral ganglion neurons,3
ACTGTGATCGGCCTTT-1-0,1.5312613,7.5110784,Supporting cells,3
ACTGTGATCTAACACG-1-0,-2.0330265,3.696851,Supporting cells,3
ACTTAGGGTAGCGCCT-1-0,4.21606,6.230921,Supporting cells,3
ACTTAGGTCGTTAGAC-1-0,3.8148036,6.075821,Supporting cells,3
ACTTATCCAACCAATC-1-0,-2.48218,9.872233,Macrophages/Microglia,3
ACTTATCCAAGGTCGA-1-0,2.836393,2.9906323,Supporting cells,3
ACTTATCGTAGAGGAA-1-0,3.329482,11.223158,Supporting cells,3
ACTTATCGTGACACGA-1-0,2.3645294,7.5909867,Supporting cells,3
ACTTATCTCACGGAGA-1-0,3.901244,9.852264,Supporting cells,3
ACTTATCTCTTACGGA-1-0,3.495257,5.800862,Supporting cells,3
ACTTCCGAGTTGGCTT-1-0,4.9650583,2.937988,Supporting cells,3
ACTTCCGCATCGTGGC-1-0,12.152214,3.5643,Spiral ganglion neurons,3
ACTTCCGTCGCTAGCG-1-0,2.6052668,10.395574,Supporting cells,3
ACTTTCACAGCTGAGA-1-0,3.231549,3.4978156,Supporting cells,3
ACTTTCACATTGGATC-1-0,0.52749074,3.3967054,Supporting cells,3
ACTTTCATCCTCTTTC-1-0,6.9548664,7.593322,Glia/Schwann,3
ACTTTCATCGTCGGGT-1-0,0.92846245,11.373538,Fibrocytes,3
ACTTTCATCTAAACGC-1-0,0.5265236,12.708095,Fibrocytes,3
ACTTTGTAGCTCCATA-1-0,-1.8861934,4.18142,Supporting cells,3
ACTTTGTAGCTTAAGA-1-0,5.005278,5.3323255,Supporting cells,3
ACTTTGTGTTCCGCGA-1-0,9.983784,9.495229,Glia/Schwann,3
ACTTTGTTCCCAATAG-1-0,3.9767551,9.859591,Supporting cells,3
ACTTTGTTCCGTGGTG-1-0,-1.5348076,2.071539,Supporting cells,3
AGAAATGAGACGACGT-1-0,4.2761145,5.225604,Supporting cells,3
AGAAATGAGAGTCACG-1-0,1.3485768,4.024258,Supporting cells,3
AGAAATGCAGCAGATG-1-0,-1.5955344,5.3043427,Supporting cells,3
AGAAATGTCTCTCTAA-1-0,0.86300844,2.4267836,Supporting cells,3
AGAACAACAAAGCACG-1-0,5.8742523,2.29009,Inner hair cells,3
AGAACAACATATAGCC-1-0,3.0369973,4.132306,Supporting cells,3
AGAACAAGTACGAGTG-1-0,-1.5971192,3.3930554,Supporting cells,3
AGAACCTAGGCCATAG-1-0,-5.465281,4.464537,Fibrocytes,3
AGAACCTCAGTCTCTC-1-0,4.6454062,7.1485066,Supporting cells,3
AGAACCTGTTTACTTC-1-0,2.1508086,5.4752636,Supporting cells,3
AGAAGCGAGGATTTAG-1-0,-1.9072725,2.7447484,Supporting cells,3
AGAAGCGAGTGGTGGT-1-0,-0.6208454,9.267865,Supporting cells,3
AGAAGCGCATTGTCGA-1-0,-1.4056405,2.8976254,Supporting cells,3
AGAAGCGGTGAACCGA-1-0,2.8251636,9.939425,Supporting cells,3
AGAAGCGGTGCGGTAA-1-0,-1.0222926,7.094816,Supporting cells,3
AGAAGTACATCGTCCT-1-0,8.232741,1.2470567,Outer hair cells,3
AGACAAATCTACTGCC-1-0,-0.70403385,0.6149475,Supporting cells,3
AGACACTTCGAACCTA-1-0,5.1649184,9.839266,Supporting cells,3
AGACACTTCTTGCAAG-1-0,4.4287114,2.556312,Supporting cells,3
AGACAGGCAACTCATG-1-0,0.9124583,0.8987865,Supporting cells,3
AGACAGGCAGCTGAAG-1-0,8.574555,3.8482175,Supporting cells,3
AGACAGGTCCATAAGC-1-0,-1.9715551,1.3970958,Supporting cells,3
AGACCATTCGCAGATT-1-0,2.322714,7.803969,Supporting cells,3
AGACCCGAGCTCGAAG-1-0,7.4484715,9.652339,Glia/Schwann,3
AGACCCGAGGTCATTC-1-0,-1.5505061,4.742399,Supporting cells,3
AGACCCGCAACGGGTA-1-0,-2.5128903,2.5242555,Supporting cells,3
AGACCCGGTGTCATGT-1-0,3.9464345,5.1549597,Supporting cells,3
AGACCCGGTTGCTTGA-1-0,-5.1541,4.3013425,Fibrocytes,3
AGACCCGTCGAGTACT-1-0,0.26253146,7.0110636,Supporting cells,3
AGACCCGTCGGTGTAT-1-0,-0.9142057,3.8857825,Supporting cells,3
AGAGAATCAGGACTTT-1-0,-0.6408087,-0.19701761,Supporting cells,3
AGAGAATGTACTCCCT-1-0,1.8674688,7.3301954,Supporting cells,3
AGAGAATGTGTCATGT-1-0,6.7002254,2.4719524,Outer hair cells,3
AGAGAGCAGCTCGAAG-1-0,6.1121917,8.287601,Glia/Schwann,3
AGAGCCCAGCATCAGG-1-0,11.937082,3.5814803,Supporting cells,3
AGAGCCCCACCCTTGT-1-0,2.5263555,3.8876996,Supporting cells,3
AGAGCCCGTAGGTACG-1-0,0.27799064,3.8434672,Supporting cells,3
AGAGCCCGTCGTATTG-1-0,-1.2834322,2.5273688,Supporting cells,3
AGAGCCCGTCTTTCAT-1-0,-5.144793,5.7720656,Fibrocytes,3
AGATAGAGTAAGACCG-1-0,-2.9398305,11.486538,Macrophages/Microglia,3
AGATAGAGTGTTCATG-1-0,0.44368812,3.044892,Supporting cells,3
AGATAGATCACGGACC-1-0,7.849974,9.105486,Glia/Schwann,3
AGATAGATCGGTGCAC-1-0,8.431604,6.4844513,Supporting cells,3
AGATCCAAGAAATTCG-1-0,7.2646494,2.029545,Outer hair cells,3
AGATCCACAGAGTGAC-1-0,-5.6191454,4.569678,Fibrocytes,3
AGATCCAGTTCAAACC-1-0,-1.8026102,1.938763,Supporting cells,3
AGATCCATCCATTTGT-1-0,6.8877907,2.9029481,Supporting cells,3
AGATCCATCTCAACGA-1-0,-2.051047,3.5122,Supporting cells,3
AGATCCATCTTCTCAA-1-0,0.682772,1.6895839,Supporting cells,3
AGATCGTCAACGCCCA-1-0,10.069849,3.2405148,Spiral ganglion neurons,3
AGATGAAAGGTGATAT-1-0,-1.5002688,0.9408374,Supporting cells,3
AGATGAACAGACCAAG-1-0,1.1572134,10.67971,Fibrocytes,3
AGATGAATCAAGTGTC-1-0,-4.8309116,4.672496,Fibrocytes,3
AGATGAATCGAAGTGG-1-0,2.6403043,6.8232374,Supporting cells,3
AGATGCTAGAATCGTA-1-0,2.1402962,5.1829734,Supporting cells,3
AGATGCTAGCGACATG-1-0,3.2241223,1.3994949,Glia/Schwann,3
AGATGCTAGGAATTAC-1-0,5.3655677,5.5822544,Supporting cells,3
AGATGCTGTCTGCCTT-1-0,2.130953,7.5394325,Supporting cells,3
AGATGCTGTCTGTAAC-1-0,6.261382,9.655009,Supporting cells,3
AGATGCTTCGAGTCTA-1-0,9.024103,3.9982133,Supporting cells,3
AGCATCAAGAGTGACC-1-0,-2.3405013,2.8981419,Supporting cells,3
AGCATCACACAAAGTA-1-0,-0.10323494,8.2292185,Supporting cells,3
AGCATCACACTAACGT-1-0,7.903708,1.589857,Outer hair cells,3
AGCATCATCACGGGCT-1-0,6.846159,2.2750452,Outer hair cells,3
AGCCAATTCCTACTGC-1-0,6.6170964,-0.51480025,Inner hair cells,3
AGCCAATTCTTCACAT-1-0,-2.2534173,4.9070387,Supporting cells,3
AGCCACGAGACCAAAT-1-0,0.5976628,13.215338,Fibrocytes,3
AGCCACGAGAGATCGC-1-0,-2.0137951,2.7190003,Supporting cells,3
AGCCACGAGCACCGTC-1-0,-1.2639333,3.6161263,Supporting cells,3
AGCCACGCATCAGCAT-1-0,4.266187,5.2349854,Supporting cells,3
AGCCACGGTTTGGCTA-1-0,4.7824903,4.1153846,Supporting cells,3
AGCCAGCAGACCATTC-1-0,-2.2101805,4.396135,Supporting cells,3
AGCCAGCAGCTCCATA-1-0,4.761421,5.790465,Supporting cells,3
AGCCAGCCAGCAGTGA-1-0,3.4187565,10.866197,Supporting cells,3
AGCCAGCTCACCGCTT-1-0,0.5625036,2.913312,Supporting cells,3
AGCGATTCAGTCTGGC-1-0,-2.5376387,9.444709,Macrophages/Microglia,3
AGCGATTTCCACGTAA-1-0,-1.7817479,1.1852971,Supporting cells,3
AGCGATTTCGAGAGAC-1-0,-1.3942614,4.2570796,Supporting cells,3
AGCGATTTCTGCGATA-1-0,3.2055962,1.7291437,Glia/Schwann,3
AGCGATTTCTGTCTCG-1-0,-2.1907208,0.36246607,Supporting cells,3
AGCGCCAAGAGGCGGA-1-0,0.5486827,0.7025784,Supporting cells,3
AGCGCCAAGCTCGACC-1-0,-1.719825,1.8125007,Supporting cells,3
AGCGCTGAGCGGACAT-1-0,-1.5462011,2.7000422,Supporting cells,3
AGCGCTGCAGGACTTT-1-0,4.7253275,4.867229,Supporting cells,3
AGCGCTGCAGTCTGGC-1-0,5.561719,0.94098794,Inner hair cells,3
AGCGCTGGTAGCGTAG-1-0,7.5113435,6.1246305,Supporting cells,3
AGCGCTGTCGCAATTG-1-0,-2.382537,9.402353,Macrophages/Microglia,3
AGCGTATAGAGGATCC-1-0,0.4277393,0.81305873,Supporting cells,3
AGCGTATAGAGTCGAC-1-0,-1.1196021,3.8943646,Supporting cells,3
AGCGTATAGCATGCAG-1-0,0.13650478,3.9527714,Supporting cells,3
AGCGTATAGTCATCGT-1-0,5.052581,0.43250588,Inner hair cells,3
AGCGTATTCGGTAGAG-1-0,8.574328,1.4419128,Outer hair cells,3
AGCGTCGAGGTCTGGA-1-0,5.5119305,2.541191,Supporting cells,3
AGCTCAACAATTTCGG-1-0,-2.5082078,4.315661,Supporting cells,3
AGCTCAACATGTACGT-1-0,9.76909,9.013367,Glia/Schwann,3
AGCTCAATCGAGAGCA-1-0,3.4027119,10.260455,Supporting cells,3
AGCTTCCAGAATCGCG-1-0,8.035701,1.5038252,Outer hair cells,3
AGCTTCCAGCTTTCTT-1-0,-1.9697117,2.6659248,Supporting cells,3
AGCTTCCGTTAATCGC-1-0,-1.8508568,2.2886178,Supporting cells,3
AGCTTCCTCAGCTGTA-1-0,-1.8355826,4.330921,Supporting cells,3
AGCTTCCTCGCTTGCT-1-0,0.0781705,1.4320081,Supporting cells,3
AGGAAATAGATTGCGG-1-0,-1.6661385,4.876567,Supporting cells,3
AGGAAATCACTGTGTA-1-0,-1.892313,4.047153,Supporting cells,3
AGGAAATGTCCACTTC-1-0,3.4637752,4.2339406,Supporting cells,3
AGGAAATGTGGGTATG-1-0,1.820734,3.8738964,Supporting cells,3
AGGAAATTCACAAGAA-1-0,0.23770154,2.8314395,Supporting cells,3
AGGAAATTCCGATCTC-1-0,4.282259,4.704758,Supporting cells,3
AGGAATAAGGCTTTCA-1-0,-2.893528,5.453099,Supporting cells,3
AGGAATAAGGGAACAA-1-0,-0.23248458,3.84813,Supporting cells,3
AGGAATATCATATGGC-1-0,6.6373043,0.19959292,Inner hair cells,3
AGGAATATCCGACAGC-1-0,7.1208844,9.048657,Glia/Schwann,3
AGGACGACACGCGCTA-1-0,5.7065296,5.331703,Supporting cells,3
AGGACGACAGGGACTA-1-0,4.9192758,6.933527,Supporting cells,3
AGGACGAGTACATACC-1-0,-0.11929519,1.803757,Supporting cells,3
AGGACGAGTGCCTATA-1-0,-1.1009251,4.5610757,Supporting cells,3
AGGACTTAGCCGTTGC-1-0,3.741085,8.19232,Supporting cells,3
AGGACTTAGTCATCGT-1-0,11.479832,2.8480792,Spiral ganglion neurons,3
AGGACTTAGTCCTACA-1-0,9.656521,3.2414584,Spiral ganglion neurons,3
AGGAGGTAGCGAACTG-1-0,2.4673216,4.901751,Supporting cells,3
AGGAGGTAGGAAGAAC-1-0,6.894583,6.8041964,Glia/Schwann,3
AGGAGGTCACTAACGT-1-0,-2.62354,9.684008,Macrophages/Microglia,3
AGGAGGTGTCTACATG-1-0,-0.6904312,3.0615942,Supporting cells,3
AGGAGGTGTGAGATTA-1-0,1.6406711,4.38693,Supporting cells,3
AGGAGGTTCGCTTGCT-1-0,2.0477264,3.9405537,Supporting cells,3
AGGAGGTTCGGCATTA-1-0,-1.0121865,2.5526757,Supporting cells,3
AGGAGGTTCTCGCAGG-1-0,4.4698954,4.7660284,Supporting cells,3
AGGATAACAGTCGCTG-1-0,-1.5405444,2.7092383,Supporting cells,3
AGGATAAGTTCCGCAG-1-0,-1.5358963,6.630189,Supporting cells,3
AGGATAATCATCGACA-1-0,11.968215,3.0101461,Spiral ganglion neurons,3
AGGATAATCGACCAAT-1-0,3.6622243,7.9146843,Supporting cells,3
AGGATAATCGGTTGTA-1-0,2.6350513,5.929671,Supporting cells,3
AGGATCTCAAGGATGC-1-0,-3.033013,10.715073,Macrophages/Microglia,3
AGGATCTCACGACCTG-1-0,2.4929068,-0.11378493,Supporting cells,3
AGGATCTGTACTTGTG-1-0,-2.2031105,3.6256566,Supporting cells,3
AGGATCTTCACTTGTT-1-0,-2.9385417,6.461133,Supporting cells,3
AGGATCTTCCTCGATC-1-0,5.8449492,8.103048,Supporting cells,3
AGGATCTTCTTAATCC-1-0,0.5732851,3.909678,Supporting cells,3
AGGCATTAGGTGGGTT-1-0,-0.37416366,3.6128676,Supporting cells,3
AGGCATTCAGAAATCA-1-0,3.4321558,6.8081117,Supporting cells,3
AGGCATTGTTGTGCAT-1-0,-2.6884277,2.6577919,Supporting cells,3
AGGCTGCAGAGAGTGA-1-0,-1.5631707,5.6009254,Supporting cells,3
AGGCTGCCACCAGGTC-1-0,-1.6665934,3.044308,Supporting cells,3
AGGCTGCGTTGCATTG-1-0,7.033685,5.242251,Supporting cells,3
AGGGAGTCACCTCGTT-1-0,3.5594363,5.6052585,Supporting cells,3
AGGGAGTCACGTACTA-1-0,1.5961118,4.096764,Supporting cells,3
AGGGAGTGTAAGTTGA-1-0,2.029855,4.0894656,Supporting cells,3
AGGGAGTTCGGACTTA-1-0,2.88736,3.6421595,Supporting cells,3
AGGGCCTCACCGTCTT-1-0,-4.9449553,4.687763,Fibrocytes,3
AGGGCCTGTTTCGGCG-1-0,2.2119415,4.0323224,Supporting cells,3
AGGGCCTTCATAGGCT-1-0,-5.841384,4.684382,Fibrocytes,3
AGGGCTCCACGGTGAA-1-0,-0.40021563,3.011655,Supporting cells,3
AGGGCTCGTCATAACC-1-0,-1.7201906,3.033281,Supporting cells,3
AGGGCTCGTCATCAGT-1-0,7.0249796,8.983155,Glia/Schwann,3
AGGGTCCAGTGTCATC-1-0,0.61145157,12.731701,Fibrocytes,3
AGGGTCCCAGAACCGA-1-0,3.258022,6.6229215,Fibrocytes,3
AGGGTCCGTAATCAAG-1-0,0.6029229,4.013968,Supporting cells,3
AGGGTCCTCTACAGGT-1-0,2.094512,4.5193377,Supporting cells,3
AGGGTCCTCTTCACAT-1-0,6.858298,2.3310761,Outer hair cells,3
AGGGTGACAGACGGAT-1-0,-2.3836133,3.7637098,Supporting cells,3
AGGGTGAGTGATTGGG-1-0,2.8814332,3.4811523,Supporting cells,3
AGGGTGATCTCGACCT-1-0,-0.0026697107,2.230009,Supporting cells,3
AGGGTTTAGAGCGACT-1-0,3.6846254,5.512441,Supporting cells,3
AGGGTTTGTTGTAGCT-1-0,-0.37007368,2.8285038,Supporting cells,3
AGGGTTTTCCGATAGT-1-0,1.6384155,4.961569,Supporting cells,3
AGGTAGGAGAAAGCGA-1-0,-0.74886703,6.776086,Supporting cells,3
AGGTCATAGCGTGAAC-1-0,-0.93932414,1.4077986,Supporting cells,3
AGGTCATGTTAGCTAC-1-0,-0.5722205,3.6946447,Supporting cells,3
AGGTCATTCACCATCC-1-0,-1.5292531,2.2399607,Supporting cells,3
AGGTCTAAGCATCAGG-1-0,-1.047328,3.8912194,Supporting cells,3
AGGTCTACAGTTTGGT-1-0,-3.544028,6.730835,Supporting cells,3
AGGTCTATCCCAAGTA-1-0,-2.1485348,3.475808,Supporting cells,3
AGGTGTTAGATGCTTC-1-0,1.7542988,12.309117,Fibrocytes,3
AGGTGTTGTCATCCCT-1-0,-1.7575908,4.1128163,Supporting cells,3
AGGTGTTTCGCGCCAA-1-0,5.8262615,5.5361414,Supporting cells,3
AGGTTACCACCTAAAC-1-0,5.5705934,10.442874,Supporting cells,3
AGGTTACGTCGTATTG-1-0,4.330532,10.849121,Supporting cells,3
AGGTTGTAGCGTCGAA-1-0,4.5570545,2.2815342,Supporting cells,3
AGGTTGTAGGCGATAC-1-0,2.7031224,-0.6122344,Outer hair cells,3
AGGTTGTGTTGAGGAC-1-0,-2.5589135,1.8023025,Supporting cells,3
AGGTTGTTCATATGGC-1-0,-2.0120916,1.9104813,Supporting cells,3
AGTAACCAGGTCGTAG-1-0,-0.0980892,3.3008308,Supporting cells,3
AGTAACCAGTAAGACT-1-0,4.4138308,5.5009947,Supporting cells,3
AGTAACCGTCATACCA-1-0,-5.290227,5.1091404,Fibrocytes,3
AGTAACCGTTGGAGGT-1-0,-2.472485,4.7352753,Supporting cells,3
AGTAACCGTTGTCAGT-1-0,8.335085,6.328611,Supporting cells,3
AGTACCAAGAACTGAT-1-0,9.133403,4.136555,Supporting cells,3
AGTACCACACTATCGA-1-0,12.156868,3.5316818,Spiral ganglion neurons,3
AGTACCACATCCTTGC-1-0,-2.1031513,-0.3998033,Supporting cells,3
AGTACCACATGTGGCC-1-0,-1.7390805,5.328773,Supporting cells,3
AGTACTGGTGAGGATC-1-0,-2.5454555,2.735033,Supporting cells,3
AGTAGCTAGAACCCGA-1-0,-2.3991656,4.886621,Supporting cells,3
AGTAGCTAGAGCTGCA-1-0,9.597351,9.077424,Glia/Schwann,3
AGTAGCTCAACTCCAA-1-0,-2.7587066,6.1143746,Supporting cells,3
AGTAGCTGTTGTAGCT-1-0,-0.740605,3.8914557,Supporting cells,3
AGTAGTCCAATACGCT-1-0,-1.8894815,3.2619526,Supporting cells,3
AGTAGTCCAGACCTGC-1-0,-1.182713,6.535592,Supporting cells,3
AGTAGTCGTACACGTT-1-0,0.9108728,11.422317,Fibrocytes,3
AGTCAACGTTAATCGC-1-0,7.524679,9.243197,Glia/Schwann,3
AGTCAACTCAAGTAAG-1-0,-2.0709896,9.279556,Macrophages/Microglia,3
AGTCAACTCCATTCAT-1-0,3.088848,10.175312,Supporting cells,3
AGTCACAAGATAACAC-1-0,3.7984035,0.28882512,Glia/Schwann,3
AGTCACACAACCTATG-1-0,1.6316247,5.1657887,Supporting cells,3
AGTCACATCACACCGG-1-0,2.3447938,5.248466,Supporting cells,3
AGTCATGGTTCTCCTG-1-0,-1.2781355,5.2205253,Supporting cells,3
AGTCATGTCTGGGATT-1-0,-0.13478993,3.6469905,Supporting cells,3
AGTCTCCGTGGTCCCA-1-0,2.5668766,5.1037736,Supporting cells,3
AGTGACTGTGCCTGCA-1-0,3.748976,6.9997706,Fibrocytes,3
AGTGACTTCAAGTAAG-1-0,3.8807507,8.829712,Supporting cells,3
AGTGCCGCACTGGATT-1-0,-1.6046646,2.5433512,Supporting cells,3
AGTGCCGCATGGGCAA-1-0,7.955122,6.1740184,Supporting cells,3
AGTGCCGGTACACGTT-1-0,0.054969743,8.357099,Supporting cells,3
AGTGTTGAGGTATTGA-1-0,7.2112384,2.0248432,Outer hair cells,3
AGTGTTGAGTAGGATT-1-0,-1.0437001,6.157436,Supporting cells,3
AGTGTTGGTTGTGCCG-1-0,-1.8200207,5.3233914,Supporting cells,3
AGTTAGCAGGTTACAA-1-0,0.6267838,8.412596,Supporting cells,3
AGTTAGCCATGTGGCC-1-0,4.53122,2.9368706,Supporting cells,3
AGTTAGCGTTCATCTT-1-0,4.4911466,5.9889965,Supporting cells,3
AGTTAGCGTTGGAGAC-1-0,2.5013955,4.894785,Supporting cells,3
AGTTAGCTCCCATGGG-1-0,-2.58484,8.190549,Supporting cells,3
AGTTCCCCAGAGAAAG-1-0,-3.8050911,5.009049,Fibrocytes,3
AGTTCCCGTAGGACCA-1-0,3.6891375,4.8484297,Supporting cells,3
AGTTCGACATATCTCT-1-0,-2.4716735,2.4593954,Supporting cells,3
AGTTCGATCTCCGAAA-1-0,0.5633692,12.00486,Fibrocytes,3
ATACCGATCTTCCAGC-1-0,9.004821,3.9306893,Supporting cells,3
ATACCTTTCTGTGCGG-1-0,-2.5254154,-0.7890763,Supporting cells,3
ATACTTCAGAAACCAT-1-0,3.4154792,4.7855115,Supporting cells,3
ATACTTCAGGTAACTA-1-0,-1.4233209,3.901748,Supporting cells,3
ATACTTCAGTGACACG-1-0,5.6310763,0.40066633,Inner hair cells,3
ATACTTCAGTGAGCCA-1-0,4.6545496,1.8211504,Supporting cells,3
ATACTTCTCTCAATCT-1-0,0.652823,11.464013,Fibrocytes,3
ATAGACCAGATAGGGA-1-0,-2.0469182,3.263651,Supporting cells,3
ATAGACCCACGTACTA-1-0,-3.101506,7.165533,Supporting cells,3
ATAGACCCATAATCGC-1-0,2.6738203,5.190043,Supporting cells,3
ATAGAGAGTCAAGCGA-1-0,5.5839753,3.1603448,Supporting cells,3
ATAGAGAGTCGTACAT-1-0,2.3263814,4.072237,Supporting cells,3
ATAGAGATCGAAATCC-1-0,-0.2924583,7.779713,Supporting cells,3
ATAGGCTAGGATATAC-1-0,-1.8701787,1.9821662,Supporting cells,3
ATAGGCTCATGATAGA-1-0,7.554178,9.145354,Glia/Schwann,3
ATATCCTCAATGAGCG-1-0,3.2503405,4.347431,Supporting cells,3
ATATCCTGTATGAGAT-1-0,7.94448,6.2175245,Supporting cells,3
ATCACAGCACTGTCGG-1-0,2.812447,5.48826,Supporting cells,3
ATCACAGGTCGTTGGC-1-0,8.812787,6.1100154,Supporting cells,3
ATCACAGTCAGGACGA-1-0,5.7466855,1.5967995,Inner hair cells,3
ATCACGATCTATTGTC-1-0,-3.5968802,6.889344,Supporting cells,3
ATCACTTAGCAACAGC-1-0,3.104052,5.325716,Supporting cells,3
ATCACTTAGCCGTTAT-1-0,0.20396475,3.979388,Supporting cells,3
ATCACTTAGTACCATC-1-0,5.6548963,4.9868526,Supporting cells,3
ATCACTTGTCGTATGT-1-0,1.4740537,4.9051714,Supporting cells,3
ATCACTTGTCTTTCAT-1-0,-2.127092,4.2315855,Supporting cells,3
ATCACTTTCTAAGCGT-1-0,-0.36369154,3.7714775,Supporting cells,3
ATCAGGTCAGGCGTTC-1-0,7.0884914,1.6420882,Outer hair cells,3
ATCAGGTCATGCCATA-1-0,3.2857037,10.588941,Supporting cells,3
ATCAGGTGTAGTACGG-1-0,-1.6705567,3.699789,Supporting cells,3
ATCATTCCATTAGGCT-1-0,-6.098585,5.3618755,Fibrocytes,3
ATCATTCTCCACCTCA-1-0,2.956874,4.321367,Supporting cells,3
ATCATTCTCGAACCTA-1-0,6.890462,8.895626,Glia/Schwann,3
ATCCACCAGTAAACAC-1-0,11.511703,2.8126314,Spiral ganglion neurons,3
ATCCACCTCAAAGCCT-1-0,7.999764,7.9510016,Glia/Schwann,3
ATCCACCTCAACTGAC-1-0,-0.76184464,2.6661427,Supporting cells,3
ATCCATTTCGTGGGAA-1-0,0.44901767,4.0251727,Supporting cells,3
ATCCCTGAGAGCAGCT-1-0,1.1343775,4.262552,Supporting cells,3
ATCCCTGCAAAGACTA-1-0,7.0122733,1.6517276,Outer hair cells,3
ATCCCTGCACCTCTGT-1-0,-1.7105404,0.05029876,Supporting cells,3
ATCCCTGGTATCGAGG-1-0,5.1985226,0.27943462,Inner hair cells,3
ATCCCTGTCTCTTCAA-1-0,5.52359,2.8244996,Supporting cells,3
ATCCCTGTCTGGTTGA-1-0,3.5067916,5.6359544,Supporting cells,3
ATCCGTCAGCTCTATG-1-0,2.8922064,5.5588365,Supporting cells,3
ATCCGTCCAACTGCTA-1-0,3.0556438,5.7153397,Supporting cells,3
ATCCGTCGTTAGTCGT-1-0,-1.5040329,3.2541163,Supporting cells,3
ATCCGTCGTTGTGTTG-1-0,5.227882,5.4655404,Supporting cells,3
ATCCTATCACACGTGC-1-0,4.262448,5.746354,Supporting cells,3
ATCCTATCAGCTACTA-1-0,9.858213,5.176376,Supporting cells,3
ATCCTATGTTCCTTGC-1-0,8.727703,1.3952444,Outer hair cells,3
ATCCTATTCGATACGT-1-0,-1.2677366,3.1887665,Supporting cells,3
ATCCTATTCGCGGTAC-1-0,5.5501018,2.9934165,Supporting cells,3
ATCCTATTCTCTCCGA-1-0,-1.4652674,-0.19219524,Supporting cells,3
ATCGCCTCAAGTCCCG-1-0,-1.4095588,4.2330737,Supporting cells,3
ATCGCCTGTCACTTAG-1-0,-5.125453,5.0241547,Fibrocytes,3
ATCGCCTGTCATCAGT-1-0,-2.3625383,3.0899746,Supporting cells,3
ATCGCCTGTTTGTGGT-1-0,-3.8392248,7.0830765,Supporting cells,3
ATCGCCTTCCCTCATG-1-0,2.1881733,7.786131,Supporting cells,3
ATCGGATAGAACCCGA-1-0,3.149592,5.662705,Supporting cells,3
ATCGGATAGGCCACCT-1-0,1.9216638,4.785624,Supporting cells,3
ATCGGATCACATACGT-1-0,1.5687044,1.832607,Supporting cells,3
ATCGGATTCCTGTAGA-1-0,4.6345077,6.4367905,Supporting cells,3
ATCGGCGAGCACGTCC-1-0,0.94548255,10.40835,Supporting cells,3
ATCGGCGGTGATACTC-1-0,5.4833403,1.7934121,Supporting cells,3
ATCGTAGAGATGAATC-1-0,-1.2085804,5.1611633,Supporting cells,3
ATCGTAGAGTTGAAGT-1-0,2.5927649,13.057795,Fibrocytes,3
ATCGTAGCACCGTGCA-1-0,-2.3239563,2.044652,Supporting cells,3
ATCGTAGCAGAAATCA-1-0,3.8588881,10.361745,Supporting cells,3
ATCGTAGTCCCGAACG-1-0,-1.9256365,5.3625083,Supporting cells,3
ATCGTCCCATTCACAG-1-0,-2.377553,9.149549,Macrophages/Microglia,3
ATCGTGACATGAAAGT-1-0,-1.2750195,6.5440965,Supporting cells,3
ATCTCTAGTTGCAAGG-1-0,-0.6146973,2.821966,Supporting cells,3
ATCTCTATCTCTCAAT-1-0,-0.83397037,2.7714849,Supporting cells,3
ATCTTCAAGCTCTGTA-1-0,-0.952883,0.66249955,Supporting cells,3
ATCTTCAAGCTGTTAC-1-0,-0.9282729,0.91877383,Supporting cells,3
ATCTTCATCCTACGGG-1-0,2.9087932,6.6421356,Supporting cells,3
ATGAAAGAGCACTCAT-1-0,8.198589,1.4125913,Outer hair cells,3
ATGAAAGCAATCGCCG-1-0,3.816102,10.735134,Supporting cells,3
ATGAAAGCAGCCTTCT-1-0,8.642056,9.117324,Glia/Schwann,3
ATGAAAGGTGAAGCGT-1-0,6.1001544,1.6069998,Inner hair cells,3
ATGAGGGAGGTATTGA-1-0,6.450894,4.8386064,Supporting cells,3
ATGAGGGTCATGCTAG-1-0,-1.7486479,3.9252207,Supporting cells,3
ATGAGGGTCGCTAAAC-1-0,-2.3167248,1.7833459,Supporting cells,3
ATGAGTCCATTGTCGA-1-0,1.6114873,3.2655656,Supporting cells,3
ATGAGTCGTAGCTGAG-1-0,8.290851,8.629209,Glia/Schwann,3
ATGAGTCGTCATGACT-1-0,-1.8530113,7.1176558,Supporting cells,3
ATGAGTCTCCAACTAG-1-0,-2.2227879,4.475239,Supporting cells,3
ATGAGTCTCCGCTTAC-1-0,-2.45386,9.200553,Macrophages/Microglia,3
ATGATCGAGGAAAGTG-1-0,9.103635,3.5448105,Supporting cells,3
ATGCATGAGAGTGACC-1-0,-1.4881557,5.2614975,Supporting cells,3
ATGCATGTCGACGCGT-1-0,-0.29884967,3.354212,Supporting cells,3
ATGCATGTCTTGAGCA-1-0,-5.6593056,4.838171,Fibrocytes,3
ATGCCTCGTGTTCAGT-1-0,7.1925135,7.975491,Glia/Schwann,3
ATGCCTCTCGCTGATA-1-0,0.29141736,1.4019936,Supporting cells,3
ATGCGATAGCGGACAT-1-0,4.365936,3.320643,Supporting cells,3
ATGCGATAGTTGCCCG-1-0,0.6473418,2.3105044,Supporting cells,3
ATGCGATCAGCACCCA-1-0,0.43528113,2.207323,Supporting cells,3
ATGCGATGTCACATTG-1-0,-4.6819577,4.86502,Fibrocytes,3
ATGCGATGTTTACTGG-1-0,3.3846698,0.91999114,Glia/Schwann,3
ATGGAGGGTGTTCGTA-1-0,-0.32759526,2.6214242,Supporting cells,3
ATGGAGGGTTATTCTC-1-0,-1.595615,4.5737553,Supporting cells,3
ATGGAGGGTTTGTGGT-1-0,3.2898955,3.2134025,Supporting cells,3
ATGGAGGTCTGGTCAA-1-0,-5.486797,4.5282273,Fibrocytes,3
ATGGATCGTTGCCGAC-1-0,1.7749678,4.9555154,Supporting cells,3
ATGGATCTCTCCGAGG-1-0,-2.539717,9.503252,Macrophages/Microglia,3
ATGGGAGAGTTACTCG-1-0,3.9864707,5.7908154,Supporting cells,3
ATGGGAGGTCGCGGTT-1-0,9.991626,3.3642225,Spiral ganglion neurons,3
ATGGGAGGTTAAGTCC-1-0,2.7142475,4.9931946,Supporting cells,3
ATGGGAGTCACCATAG-1-0,2.7070405,10.470647,Supporting cells,3
ATGGGTTAGCTCGTGC-1-0,5.2230296,2.7813978,Supporting cells,3
ATGGGTTAGGTAAGAG-1-0,-2.051352,0.005284741,Supporting cells,3
ATGGGTTGTCTGATCA-1-0,-2.413465,9.405124,Macrophages/Microglia,3
ATGGGTTTCTGGTTGA-1-0,-1.4502778,2.5490198,Supporting cells,3
ATGGTTGCATCTGCGG-1-0,3.240856,10.460892,Supporting cells,3
ATGTCCCCACCGAATT-1-0,5.3996925,2.1374807,Supporting cells,3
ATGTCCCGTGTAACGG-1-0,4.432125,3.965224,Supporting cells,3
ATGTCCCTCTGGTGCG-1-0,3.9601564,10.187187,Supporting cells,3
ATGTCTTCACATGGTT-1-0,5.4381456,3.1391118,Supporting cells,3
ATGTCTTTCAACACGT-1-0,3.1432016,1.2524388,Glia/Schwann,3
ATTACCTAGAGTTGTA-1-0,5.402062,2.982456,Supporting cells,3
ATTACCTAGGCTCCCA-1-0,-1.1699747,3.6164968,Supporting cells,3
ATTACCTAGTCACTGT-1-0,5.7950273,8.447306,Supporting cells,3
ATTACCTGTGAGATTA-1-0,-0.86691767,-0.12643895,Supporting cells,3
ATTACTCAGATTGTGA-1-0,2.135027,9.497679,Supporting cells,3
ATTACTCCAGCGTGAA-1-0,0.5935356,11.357573,Fibrocytes,3
ATTACTCGTTTACACG-1-0,3.3313806,0.8667028,Glia/Schwann,3
ATTACTCTCACGACTA-1-0,3.7621238,5.6759133,Supporting cells,3
ATTATCCCAACACAGG-1-0,-0.50599855,4.1555843,Supporting cells,3
ATTATCCGTACCATAC-1-0,4.7365103,7.0607185,Fibrocytes,3
ATTATCCTCACTTATC-1-0,7.521018,7.69339,Glia/Schwann,3
ATTATCCTCTGATTCT-1-0,-1.4306918,8.045445,Supporting cells,3
ATTCACTAGAGAGAAC-1-0,-2.2475777,2.5922592,Supporting cells,3
ATTCACTAGGACGGAG-1-0,2.962406,10.557053,Supporting cells,3
ATTCACTGTAATACCC-1-0,9.044589,3.4308717,Supporting cells,3
ATTCACTTCTTTACAC-1-0,8.561205,6.456911,Supporting cells,3
ATTCAGGAGGTGCCAA-1-0,2.0127223,4.9285803,Fibrocytes,3
ATTCAGGCACTCACTC-1-0,0.3824001,12.527589,Fibrocytes,3
ATTCAGGGTAGAGGAA-1-0,-0.278611,3.698177,Supporting cells,3
ATTCATCAGATACGAT-1-0,6.724485,-0.10089911,Inner hair cells,3
ATTCATCCACTGGACC-1-0,-1.9398577,1.2581174,Supporting cells,3
ATTCATCCATACCGTA-1-0,-0.6196834,3.6135907,Supporting cells,3
ATTCATCGTCCAACGC-1-0,3.6437893,1.6509206,Glia/Schwann,3
ATTCATCTCCACCCTA-1-0,-0.19689518,3.0986726,Supporting cells,3
ATTCCATAGAGTCGAC-1-0,-6.4777355,5.1262093,Fibrocytes,3
ATTCCATCACGGTGTC-1-0,-2.1433544,4.8586516,Supporting cells,3
ATTCCATCAGGAAGTC-1-0,0.8592661,12.789969,Fibrocytes,3
ATTCCATCATGGGTTT-1-0,5.336167,1.787003,Supporting cells,3
ATTCCATCATTGTGCA-1-0,-1.1707147,3.4038212,Supporting cells,3
ATTCCATGTATCGTTG-1-0,-0.38016737,2.9183283,Supporting cells,3
ATTCCATTCGGCGATC-1-0,8.411668,4.7992854,Supporting cells,3
ATTCCATTCTTCCTAA-1-0,4.4966455,4.9150934,Supporting cells,3
ATTCCCGCATGCCGAC-1-0,7.959567,1.769623,Outer hair cells,3
ATTCCCGGTGCTGTCG-1-0,-2.1245706,3.8612924,Supporting cells,3
ATTCCCGTCCCAGCGA-1-0,0.8249013,11.877767,Fibrocytes,3
ATTCCTAAGGCGAAGG-1-0,0.042356458,3.0189478,Supporting cells,3
ATTCCTAGTACCCGAC-1-0,-3.4887257,7.239022,Supporting cells,3
ATTCCTAGTTGGAGGT-1-0,-1.390222,6.852495,Supporting cells,3
ATTCCTATCAAGCGTT-1-0,5.2043185,0.21798687,Inner hair cells,3
ATTCGTTCATAAGCGG-1-0,-1.9327337,-0.445321,Supporting cells,3
ATTCGTTGTCGGTAAG-1-0,2.552923,0.052335706,Supporting cells,3
ATTCGTTGTTGTGTAC-1-0,1.4653517,11.852699,Fibrocytes,3
ATTCTACAGCCGATTT-1-0,-4.516129,5.2223406,Fibrocytes,3
ATTCTACGTCTTTCTA-1-0,7.6916738,1.5579418,Outer hair cells,3
ATTCTACTCGCATGAT-1-0,-0.284333,2.7412956,Supporting cells,3
ATTCTTGTCACCGGTG-1-0,-2.7277994,9.916461,Macrophages/Microglia,3
ATTCTTGTCAGGACGA-1-0,0.35840634,4.109841,Supporting cells,3
ATTGGGTAGTTTGCTG-1-0,-1.2374337,2.561621,Supporting cells,3
ATTGGGTCAAAGCTCT-1-0,-1.1739653,6.9038615,Supporting cells,3
ATTGGGTCAGCTCTGG-1-0,-3.0185757,3.6432214,Supporting cells,3
ATTGGGTGTCGGATTT-1-0,4.565786,4.851018,Supporting cells,3
ATTGGGTTCAGCGTCG-1-0,7.503711,9.145516,Glia/Schwann,3
ATTGGGTTCAGTAGGG-1-0,-0.5966182,1.4791621,Supporting cells,3
ATTGTTCAGTACCATC-1-0,0.3000947,13.215018,Fibrocytes,3
ATTGTTCCAGATTTCG-1-0,0.04935177,4.1769114,Supporting cells,3
ATTGTTCGTCCACGCA-1-0,3.1052709,10.89276,Supporting cells,3
ATTGTTCTCGAGAAGC-1-0,0.7376814,12.844393,Fibrocytes,3
ATTTACCAGCACCGAA-1-0,5.324386,1.3402075,Inner hair cells,3
ATTTACCAGGAGGGTG-1-0,2.850747,4.1993756,Supporting cells,3
ATTTACCGTAGCCCTG-1-0,-0.5302997,2.2932434,Supporting cells,3
ATTTACCGTGCTCGTG-1-0,-2.0167754,3.966244,Supporting cells,3
ATTTACCGTGGAACAC-1-0,7.239401,2.8690617,Outer hair cells,3
ATTTACCTCTCGACGG-1-0,4.5475955,4.0101357,Supporting cells,3
ATTTCACAGTCCTGCG-1-0,2.7062247,9.123957,Supporting cells,3
ATTTCACTCGTTACCC-1-0,-0.14549111,3.4134402,Supporting cells,3
ATTTCTGAGTAAACAC-1-0,-2.21437,2.608699,Supporting cells,3
ATTTCTGTCGTAACCA-1-0,5.5290456,3.347164,Supporting cells,3
CAAAGAAAGGCCTAGA-1-0,-1.8535303,7.9698515,Supporting cells,3
CAAAGAATCAGTCCGG-1-0,-1.5773193,9.174966,Supporting cells,3
CAACAACAGGCTATCT-1-0,-1.8944731,3.4491415,Supporting cells,3
CAACAACCAGTTTCAG-1-0,7.367456,9.595772,Glia/Schwann,3
CAACAACTCCCAAGTA-1-0,-3.5121224,3.8701243,Fibrocytes,3
CAACAGTAGAAGAACG-1-0,-0.5122192,2.772253,Supporting cells,3
CAACAGTCAAAGCTAA-1-0,3.1908023,5.641742,Supporting cells,3
CAACAGTCAGATGCGA-1-0,-1.3987352,3.231939,Supporting cells,3
CAACAGTCAGCCGGTT-1-0,-1.9482484,-1.9908057,Supporting cells,3
CAACAGTTCGATTCCC-1-0,4.131978,6.585992,Fibrocytes,3
CAACCAAAGCCGCACT-1-0,2.001996,7.4494886,Supporting cells,3
CAACCAACACTAGGCC-1-0,-1.1454686,0.38966614,Supporting cells,3
CAACCAAGTAGAATGT-1-0,3.0042737,2.2536042,Supporting cells,3
CAACCAAGTATACCCA-1-0,-1.1392704,3.3925111,Supporting cells,3
CAACCTCAGCGATGCA-1-0,-1.8440773,3.351685,Supporting cells,3
CAACCTCGTTTCTTAC-1-0,-1.788879,4.03215,Supporting cells,3
CAACCTCTCAACCGAT-1-0,12.060261,3.5797908,Spiral ganglion neurons,3
CAACGATAGATGGTAT-1-0,5.3457274,3.141663,Supporting cells,3
CAACGATAGTCATGCT-1-0,-1.2544626,6.5832257,Supporting cells,3
CAACGATGTACGACTT-1-0,-5.744722,4.021905,Fibrocytes,3
CAACGATTCCTCTCGA-1-0,-0.14778131,0.1630425,Supporting cells,3
CAACGATTCTCGGTCT-1-0,-0.019835781,3.6520462,Supporting cells,3
CAACGGCCAGTTAGAA-1-0,4.945284,2.0613794,Supporting cells,3
CAACGGCTCGTTCAGA-1-0,-1.6321038,2.0559914,Supporting cells,3
CAAGACTAGCTCGGCT-1-0,5.6537423,5.6230583,Supporting cells,3
CAAGACTCATGCACTA-1-0,1.7257746,3.8423905,Supporting cells,3
CAAGACTTCATCGGGC-1-0,3.46759,5.3255687,Supporting cells,3
CAAGAGGAGGTAGCCA-1-0,5.5483775,8.101647,Supporting cells,3
CAAGAGGAGTTCACTG-1-0,-1.1795032,3.0859122,Supporting cells,3
CAAGAGGGTCGCAGTC-1-0,0.13093445,7.6548104,Supporting cells,3
CAAGAGGTCCGATGTA-1-0,0.8527891,8.159576,Supporting cells,3
CAAGCTAGTACTGCCG-1-0,-0.21421942,8.193121,Supporting cells,3
CAAGCTATCCCTTCCC-1-0,0.7597639,3.070107,Supporting cells,3
CAAGCTATCCGAGTGC-1-0,-0.99055916,2.1277187,Supporting cells,3
CAAGCTATCGCTAGCG-1-0,8.840917,5.2623234,Supporting cells,3
CAAGGGAAGGCATGCA-1-0,3.9034326,7.198569,Supporting cells,3
CAAGGGAAGTACCATC-1-0,8.307355,1.2225292,Outer hair cells,3
CAAGGGACAGCATGCC-1-0,0.8628571,4.104123,Supporting cells,3
CAAGGGACAGGTCCGT-1-0,3.1301615,9.081116,Supporting cells,3
CAATACGCACTGTTCC-1-0,4.5834346,11.336636,Supporting cells,3
CAATACGGTTCCGCTT-1-0,-2.2389479,3.0858753,Supporting cells,3
CAATACGTCAAGTTGC-1-0,3.7165809,9.6334095,Supporting cells,3
CAATCGAGTCAAAGCG-1-0,9.656563,3.6090078,Spiral ganglion neurons,3
CAATGACAGCGGATCA-1-0,7.605963,9.069888,Glia/Schwann,3
CAATGACAGCTAGATA-1-0,0.73627543,4.678686,Supporting cells,3
CAATGACCAGACAAGC-1-0,-0.83757937,1.7792251,Supporting cells,3
CAATGACTCTCCATAT-1-0,5.609452,3.6875873,Supporting cells,3
CAATGACTCTCTGCTG-1-0,0.72587764,12.136651,Fibrocytes,3
CAATTTCCAAGTTTGC-1-0,-3.3370142,6.490425,Supporting cells,3
CAATTTCCAGTAACAA-1-0,4.4016623,4.559856,Supporting cells,3
CACAACAAGGCGATAC-1-0,6.805266,1.6092671,Outer hair cells,3
CACAACACAGTTCTAG-1-0,4.20689,4.172965,Supporting cells,3
CACAACAGTTGGATCT-1-0,-0.45641178,2.6860871,Supporting cells,3
CACAACATCAGAGTGG-1-0,2.8334942,-0.5231956,Glia/Schwann,3
CACAACATCCAGTGTA-1-0,-0.8939121,3.1178894,Supporting cells,3
CACAACATCTCGGTAA-1-0,8.139391,8.818961,Glia/Schwann,3
CACAACATCTGGTTGA-1-0,2.5382972,-0.15807216,Supporting cells,3
CACACAAAGTTAACAG-1-0,-2.3588223,2.3843627,Supporting cells,3
CACACAACAGTTGGTT-1-0,1.3512869,1.499996,Supporting cells,3
CACACAACATCGGAAG-1-0,1.9568549,5.8287783,Supporting cells,3
CACACAAGTCTAGGCC-1-0,1.0463285,2.516148,Supporting cells,3
CACAGATAGCTTAGTC-1-0,0.47572497,11.962303,Fibrocytes,3
CACAGATCACGGTGCT-1-0,1.308818,12.534102,Fibrocytes,3
CACAGATCATCGAAGG-1-0,-0.70432884,4.1771913,Supporting cells,3
CACAGGCAGACTGTTC-1-0,0.87492865,11.137316,Fibrocytes,3
CACAGGCAGTTGGCTT-1-0,1.2107538,12.580558,Fibrocytes,3
CACAGGCGTACTTGTG-1-0,-2.9763038,10.138807,Macrophages/Microglia,3
CACATGAAGTCTACCA-1-0,10.3396845,3.084086,Spiral ganglion neurons,3
CACATGAGTCGGAACA-1-0,0.11239651,2.8967233,Supporting cells,3
CACATGAGTGATCGTT-1-0,-3.3620193,7.1485524,Supporting cells,3
CACATGAGTTGCCAAT-1-0,1.7504404,3.3131735,Supporting cells,3
CACATGATCTTAATCC-1-0,6.9261613,-0.6571069,Inner hair cells,3
CACCAAACAATTGCCA-1-0,0.49437186,3.131565,Supporting cells,3
CACCAAAGTTGCTCAA-1-0,-2.775667,9.835072,Macrophages/Microglia,3
CACCAAATCGTGTTCC-1-0,0.5877642,10.797241,Fibrocytes,3
CACCGTTAGCTGTTCA-1-0,-1.0526859,7.5075045,Supporting cells,3
CACCGTTCACGTCATA-1-0,5.292693,1.9797899,Supporting cells,3
CACCGTTGTTTAGAGA-1-0,-2.102624,0.92015964,Supporting cells,3
CACCGTTTCGCAAGAG-1-0,4.7760816,8.636297,Supporting cells,3
CACGAATAGCCTTTCC-1-0,6.6886826,2.291728,Fibrocytes,3
CACGAATCAATAGTCC-1-0,12.270566,3.3994398,Spiral ganglion neurons,3
CACGAATCACGGGTAA-1-0,-1.5569463,7.129963,Supporting cells,3
CACGAATGTCTAATCG-1-0,0.7723579,12.538241,Fibrocytes,3
CACGAATGTTGCATAC-1-0,7.3264213,1.6383655,Outer hair cells,3
CACGAATTCGAGCTGC-1-0,3.6849434,7.558562,Supporting cells,3
CACGGGTGTCGGATTT-1-0,5.96863,2.7448885,Supporting cells,3
CACGGGTGTGTCCAAT-1-0,2.8417144,9.821114,Supporting cells,3
CACGTGGTCAGTGTCA-1-0,0.37292635,3.803426,Supporting cells,3
CACGTGGTCGCCTTGT-1-0,4.9006963,9.83522,Supporting cells,3
CACGTTCCACTGGATT-1-0,3.432532,0.86187434,Glia/Schwann,3
CACGTTCGTAGGTCAG-1-0,9.647196,5.0769477,Supporting cells,3
CACGTTCGTGCCTATA-1-0,-3.107954,6.606623,Supporting cells,3
CACGTTCGTGGGTTGA-1-0,10.870777,3.8729396,Spiral ganglion neurons,3
CACGTTCTCGTTAGAC-1-0,-2.4957619,2.383218,Supporting cells,3
CACTAAGGTAGTCACT-1-0,-1.0694561,3.1852047,Supporting cells,3
CACTGAAGTTGATCGT-1-0,4.1367073,6.1878486,Supporting cells,3
CACTGAATCAAGGACG-1-0,-2.4337847,9.085328,Supporting cells,3
CACTGAATCTGTACAG-1-0,3.4975843,11.423031,Supporting cells,3
CACTGGGCATGCCGCA-1-0,4.9807906,6.1363764,Supporting cells,3
CACTGGGTCTCACGAA-1-0,-2.3593245,1.840394,Supporting cells,3
CACTGTCGTTTCTTAC-1-0,0.81675136,11.802927,Fibrocytes,3
CAGAGCCCAGCAGTGA-1-0,6.410408,0.15119012,Inner hair cells,3
CAGATACCACTGGCGT-1-0,3.6270888,7.063135,Supporting cells,3
CAGATACTCTTCGGAA-1-0,1.8942143,5.010556,Fibrocytes,3
CAGATCACATCCGAAT-1-0,9.431591,9.313535,Glia/Schwann,3
CAGATCAGTCCCAAAT-1-0,3.9982364,5.6828036,Supporting cells,3
CAGATCATCCTACAAG-1-0,8.784322,1.371091,Outer hair cells,3
CAGATTGTCGGACTTA-1-0,-2.9263794,10.238169,Macrophages/Microglia,3
CAGCAATAGCAAGCCA-1-0,4.0879407,5.242796,Supporting cells,3
CAGCAATAGGATGCGT-1-0,-2.4887698,-0.8311547,Supporting cells,3
CAGCAATCAAGAGGTC-1-0,4.5470276,10.983228,Supporting cells,3
CAGCAATGTCCAAGAG-1-0,9.229643,3.9157639,Supporting cells,3
CAGCAATGTCCACGCA-1-0,4.2609787,10.74353,Supporting cells,3
CAGCAATGTGGTACAG-1-0,-2.3591044,3.5629728,Supporting cells,3
CAGCAATTCATGCATG-1-0,1.788252,5.306807,Supporting cells,3
CAGCACGAGATTAGTG-1-0,0.1108608,0.8149298,Supporting cells,3
CAGCACGAGCTACGTT-1-0,-2.0553296,-1.6130006,Supporting cells,3
CAGCACGGTGTTACAC-1-0,-0.3781713,3.2764738,Supporting cells,3
CAGCACGTCATACGAC-1-0,-0.4827358,1.8150584,Supporting cells,3
CAGCACGTCATCCTGC-1-0,5.022441,5.386858,Supporting cells,3
CAGCACGTCGTGCACG-1-0,-1.3186754,3.867202,Supporting cells,3
CAGCAGCGTATGTGTC-1-0,3.6527233,10.132692,Supporting cells,3
CAGCAGCGTTCCGCTT-1-0,0.10041384,3.1863961,Supporting cells,3
CAGCCAGCAATCGCAT-1-0,6.849727,8.8465,Glia/Schwann,3
CAGCCAGCACGGTGCT-1-0,-0.99781567,3.0772624,Supporting cells,3
CAGCCAGTCCTGCCAT-1-0,-2.9226787,3.3589404,Supporting cells,3
CAGCCAGTCGTTCAGA-1-0,3.446481,0.62011683,Glia/Schwann,3
CAGCGTGAGTATGTAG-1-0,6.4052014,9.327912,Glia/Schwann,3
CAGCGTGAGTGCACAG-1-0,-0.9135202,6.1903377,Supporting cells,3
CAGCGTGCACTAAACC-1-0,8.218979,1.7419467,Outer hair cells,3
CAGCGTGGTTGGGCCT-1-0,9.86201,5.183931,Supporting cells,3
CAGCGTGGTTTGGAGG-1-0,3.7269828,10.223716,Supporting cells,3
CAGCGTGTCCTCTGCA-1-0,2.539594,2.375538,Supporting cells,3
CAGGCCAAGGACCCAA-1-0,-0.6364529,7.5922813,Supporting cells,3
CAGGCCAAGTAGAATC-1-0,6.141417,7.471263,Glia/Schwann,3
CAGGCCAAGTGTACAA-1-0,1.034405,11.400434,Fibrocytes,3
CAGGCCACAAGAGTTA-1-0,5.1516438,5.2836237,Supporting cells,3
CAGGCCACAAGGCTTT-1-0,-4.9398985,5.4501657,Fibrocytes,3
CAGGGCTAGGACAGTC-1-0,2.713386,1.8745428,Supporting cells,3
CAGGGCTAGTTCCATG-1-0,-2.9922392,5.166249,Supporting cells,3
CAGGTATCATCCTCAC-1-0,-2.8241725,4.1307817,Supporting cells,3
CAGGTATGTACAATAG-1-0,-0.24716704,5.2438655,Supporting cells,3
CAGGTATGTACTCGTA-1-0,-1.3418663,4.427079,Supporting cells,3
CAGGTATTCCTATTTG-1-0,3.9465666,5.4690003,Supporting cells,3
CAGGTATTCGGACCAC-1-0,-2.2390256,3.0398693,Supporting cells,3
CAGTGCGCAACACAGG-1-0,8.7518635,4.1040535,Supporting cells,3
CAGTGCGGTCCGTTTC-1-0,-5.1783442,4.8289533,Fibrocytes,3
CAGTTAGGTCCTTAAG-1-0,-1.3890067,3.0770433,Supporting cells,3
CAGTTAGGTCGACTGC-1-0,11.650266,2.7098327,Spiral ganglion neurons,3
CAGTTCCAGGTAGTCG-1-0,-1.5345917,2.384488,Supporting cells,3
CAGTTCCGTAGAGATT-1-0,7.530879,9.305136,Glia/Schwann,3
CATAAGCTCTGGAAGG-1-0,0.11312371,2.4156,Supporting cells,3
CATACAGAGGTGCATG-1-0,0.8736167,10.613264,Fibrocytes,3
CATACAGAGTAGCATA-1-0,7.160053,3.9223154,Supporting cells,3
CATACAGCATGACACT-1-0,-1.4290253,2.3848662,Supporting cells,3
CATACAGGTCACAATC-1-0,2.512931,6.101843,Supporting cells,3
CATACAGGTGAGCTCC-1-0,-2.1097217,1.0500232,Supporting cells,3
CATACAGGTGTTCATG-1-0,-2.8652735,3.356216,Supporting cells,3
CATACAGTCGTGCATA-1-0,-1.5347028,-1.752815,Supporting cells,3
CATACAGTCTTGGAAC-1-0,4.5672708,5.0999193,Supporting cells,3
CATACCCAGCCAAGGT-1-0,4.6936283,4.8403754,Supporting cells,3
CATACCCGTGACTGAG-1-0,-2.8438318,5.518522,Supporting cells,3
CATACTTCAGTGTATC-1-0,0.797163,5.586521,Supporting cells,3
CATACTTTCCGGCTTT-1-0,-5.5140734,5.695585,Fibrocytes,3
CATAGACAGGTCCGAA-1-0,-0.6566893,9.221994,Supporting cells,3
CATAGACGTTATAGAG-1-0,5.6628,2.2433505,Supporting cells,3
CATCAAGAGTACTGGG-1-0,0.8421462,2.9533725,Supporting cells,3
CATCAAGTCGTAGCCG-1-0,0.6420889,12.473565,Fibrocytes,3
CATCCACAGGACGGAG-1-0,-0.45838407,7.3894086,Supporting cells,3
CATCCACGTACTGAGG-1-0,4.107208,6.7093954,Fibrocytes,3
CATCCACTCTTACGGA-1-0,8.684545,6.4000964,Supporting cells,3
CATCCCAAGAAGCCTG-1-0,4.59561,5.241723,Supporting cells,3
CATCCCAAGCACCGAA-1-0,-1.4280899,3.1376913,Supporting cells,3
CATCCCACAATAACGA-1-0,4.997891,6.229048,Supporting cells,3
CATCCCACAGCACAAG-1-0,1.8355947,7.5413413,Supporting cells,3
CATCCCATCGCAAGAG-1-0,5.358045,3.0898058,Supporting cells,3
CATCCGTTCCAAAGGG-1-0,-1.2934093,5.2940397,Supporting cells,3
CATCCGTTCCATCTCG-1-0,-1.6858586,4.7906322,Supporting cells,3
CATCCGTTCGGCTTCT-1-0,-1.17749,3.0881956,Supporting cells,3
CATCGCTAGAAGCGCT-1-0,7.9644175,1.3721316,Outer hair cells,3
CATCGCTCAACGCCCA-1-0,-3.3550355,6.0259356,Supporting cells,3
CATCGCTGTCCCTGAG-1-0,-0.952108,3.3794491,Supporting cells,3
CATCGCTTCCTTCTTC-1-0,3.6899467,5.9550757,Supporting cells,3
CATCGGGAGGGTGAGG-1-0,5.3925133,10.084156,Supporting cells,3
CATCGGGAGTAGTGCG-1-0,-1.3804597,5.6738033,Supporting cells,3
CATCGGGTCAATGCAC-1-0,4.151603,10.877114,Supporting cells,3
CATCGGGTCACTCCGT-1-0,4.493617,5.64888,Supporting cells,3
CATCGTCCAATAGGAT-1-0,-4.9033227,4.388826,Fibrocytes,3
CATGAGTCACTTTAGG-1-0,-3.5678403,3.336604,Fibrocytes,3
CATGAGTGTGACTGAG-1-0,-2.2565913,3.1262295,Supporting cells,3
CATGAGTTCTTCCTAA-1-0,-2.3834891,4.8035874,Supporting cells,3
CATGCAAGTCATGACT-1-0,3.8663168,7.448954,Supporting cells,3
CATGCAAGTCATTGCA-1-0,9.94115,3.2070932,Spiral ganglion neurons,3
CATGCAATCAGACCGC-1-0,5.4159546,1.647282,Supporting cells,3
CATGCAATCTTCGGAA-1-0,-6.5937886,4.5085907,Fibrocytes,3
CATGCCTCAGGTTTAC-1-0,0.013917814,3.6977088,Supporting cells,3
CATGCCTCATAGAATG-1-0,-2.116593,6.8442945,Supporting cells,3
CATGCGGCAAGACGAC-1-0,7.4306245,1.5083063,Outer hair cells,3
CATGCGGTCATTATCC-1-0,5.6256704,2.1712878,Supporting cells,3
CATGCTCAGCCTCCAG-1-0,4.3403163,9.863481,Supporting cells,3
CATGCTCTCCCTTGTG-1-0,3.212912,1.3971548,Glia/Schwann,3
CATGCTCTCTCGCCTA-1-0,3.8094368,9.8552,Supporting cells,3
CATGGATAGGTGATCG-1-0,2.9167576,9.409699,Supporting cells,3
CATGGATCACGATTCA-1-0,-1.264829,3.745132,Supporting cells,3
CATGGATGTCTCACAA-1-0,-0.069837414,5.010195,Supporting cells,3
CATGGATGTCTCTCCA-1-0,-2.7584689,1.3496122,Supporting cells,3
CATGGATTCGTACCTC-1-0,-1.2886865,3.5605156,Supporting cells,3
CATGGATTCTAGGAAA-1-0,0.78322625,8.343333,Supporting cells,3
CATGGTACATTCTCTA-1-0,-0.5075081,4.053098,Supporting cells,3
CATTCATTCAGCAATC-1-0,-2.7500284,3.1660964,Supporting cells,3
CATTCCGCATTGCCTC-1-0,-0.37475246,2.9011517,Supporting cells,3
CATTCCGTCTCCTACG-1-0,8.766789,6.04837,Supporting cells,3
CATTCTAAGACGCTCC-1-0,10.601549,2.918427,Spiral ganglion neurons,3
CATTCTAGTACAGTCT-1-0,6.0611153,-0.41618332,Inner hair cells,3
CATTCTAGTCTCTCTG-1-0,0.43566114,12.814855,Fibrocytes,3
CATTCTAGTTGCTAGT-1-0,-1.9030099,5.6912355,Supporting cells,3
CATTGAGGTTCAAGGG-1-0,0.59119004,11.807398,Fibrocytes,3
CATTGAGTCCCTTGTG-1-0,2.6213577,4.690186,Supporting cells,3
CATTGAGTCTAGGCAT-1-0,7.311515,9.129823,Glia/Schwann,3
CATTGCCCAAATGAGT-1-0,1.9815855,3.807663,Supporting cells,3
CATTGTTTCATGAGAA-1-0,7.0472364,2.351753,Outer hair cells,3
CATTGTTTCTCCCAAC-1-0,-2.3973503,4.2659864,Supporting cells,3
CATTTCAAGACCATGG-1-0,2.8826566,9.825219,Supporting cells,3
CATTTCAAGATCGACG-1-0,3.440051,3.19352,Supporting cells,3
CATTTCACAAGATCCT-1-0,-0.59253573,3.970542,Supporting cells,3
CATTTCAGTCTAACTG-1-0,-0.6101009,3.221986,Supporting cells,3
CATTTCATCGTAACCA-1-0,-1.55532,5.136695,Supporting cells,3
CATTTCATCTTCGGAA-1-0,1.7651463,4.9806256,Supporting cells,3
CCAAGCGGTAATGTGA-1-0,3.2420409,10.359923,Supporting cells,3
CCAAGCGGTTGTGGAG-1-0,5.7014337,4.0752335,Supporting cells,3
CCAATGAAGACGGAAA-1-0,5.7547035,2.225467,Supporting cells,3
CCAATGAAGCAAGCCA-1-0,-1.8577085,3.008893,Supporting cells,3
CCAATGACAACGACAG-1-0,7.573292,1.6927484,Outer hair cells,3
CCAATGAGTACTGACT-1-0,-0.86769354,2.6964033,Supporting cells,3
CCAATTTCAAGTATAG-1-0,-0.2793043,2.032903,Supporting cells,3
CCAATTTGTTATTCCT-1-0,-1.1781195,3.3129737,Supporting cells,3
CCACAAACACCAGCGT-1-0,2.9682896,4.5842953,Supporting cells,3
CCACAAACATGGCCCA-1-0,-1.8912064,1.8088374,Supporting cells,3
CCACACTTCATTCCTA-1-0,0.04261411,3.4984546,Supporting cells,3
CCACACTTCCGTTGAA-1-0,5.5956593,2.4726675,Supporting cells,3
CCACACTTCGACGTCG-1-0,5.763481,10.569446,Supporting cells,3
CCACACTTCTAGAACC-1-0,8.513438,1.3010708,Outer hair cells,3
CCACCATAGCCTAGGA-1-0,7.372476,9.210976,Glia/Schwann,3
CCACCATAGTAACGTA-1-0,-1.9659123,3.598584,Supporting cells,3
CCACCATCAGTTGCGC-1-0,-2.3920102,4.2854457,Supporting cells,3
CCACCATGTGCGTGCT-1-0,7.037747,2.4740944,Outer hair cells,3
CCACGAGCACATACTG-1-0,10.575084,9.450711,Glia/Schwann,3
CCACGAGGTCTTTATC-1-0,3.2569566,11.2229395,Supporting cells,3
CCACGAGGTGCCCACA-1-0,-5.067194,5.0042114,Fibrocytes,3
CCACGTTCAGCACACC-1-0,-2.0720265,3.5082023,Supporting cells,3
CCACGTTTCGGCTTCT-1-0,-2.529555,3.7442632,Supporting cells,3
CCACGTTTCTAGCAAC-1-0,2.4996192,6.810686,Fibrocytes,3
CCACTTGAGCAAATCA-1-0,-2.8606262,3.3885458,Supporting cells,3
CCACTTGGTGTCGATT-1-0,-0.2289301,4.1069493,Supporting cells,3
CCACTTGTCCCTGTTG-1-0,6.923284,-0.6036485,Inner hair cells,3
CCATAAGGTGTCGCTG-1-0,-4.2017603,4.815302,Fibrocytes,3
CCATAAGTCCCATGGG-1-0,-3.235905,8.609307,Supporting cells,3
CCATCACAGATCCCGC-1-0,6.7649508,2.5238628,Outer hair cells,3
CCATCACCAATACCCA-1-0,11.429603,2.8335557,Spiral ganglion neurons,3
CCATCACCACGTCGTG-1-0,-4.866353,4.8205433,Fibrocytes,3
CCATCACCACTAGTAC-1-0,-0.836065,4.178936,Supporting cells,3
CCATCACGTATCGTAC-1-0,-1.7955465,1.0742207,Supporting cells,3
CCATCACTCATAGGCT-1-0,1.143122,1.6204785,Supporting cells,3
CCATCACTCATTACTC-1-0,4.4650154,5.2348547,Supporting cells,3
CCCAACTCAGCAGACA-1-0,2.9158134,6.695293,Fibrocytes,3
CCCAACTGTATATGGA-1-0,3.9072115,10.2498455,Supporting cells,3
CCCAACTTCGTCCATC-1-0,1.7157521,4.908046,Supporting cells,3
CCCATTGAGCGTCAAG-1-0,-3.85412,5.0440907,Supporting cells,3
CCCATTGTCTTAGTTC-1-0,-2.4044468,-0.64439166,Supporting cells,3
CCCGGAAAGGTTGGTG-1-0,3.0589592,2.24992,Glia/Schwann,3
CCCGGAAAGTGTAGAT-1-0,-1.7992381,3.2940595,Supporting cells,3
CCCGGAACAACACACT-1-0,9.070828,1.2206044,Outer hair cells,3
CCCTAACAGACTTCCA-1-0,-0.34813565,3.6076312,Supporting cells,3
CCCTAACCACAAATGA-1-0,2.9566388,4.5556726,Supporting cells,3
CCCTAACCAGCGTTTA-1-0,-0.6809048,2.4397044,Supporting cells,3
CCCTAACGTGATGTAA-1-0,0.6816332,12.594493,Fibrocytes,3
CCCTCAACAAACCACT-1-0,9.205119,5.1472907,Supporting cells,3
CCCTCAAGTCTAATCG-1-0,3.2382193,1.2135783,Glia/Schwann,3
CCCTCAAGTGTCCGTG-1-0,4.9243217,5.6318073,Supporting cells,3
CCCTCAAGTTCGGTCG-1-0,8.698936,6.3130774,Supporting cells,3
CCCTCTCAGCTAGCCC-1-0,-2.0469882,3.255324,Supporting cells,3
CCCTCTCCAGATGCGA-1-0,-2.131172,-1.150144,Supporting cells,3
CCCTGATAGACCATTC-1-0,-5.678851,4.2381687,Fibrocytes,3
CCCTGATAGCTCATAC-1-0,7.656127,1.6651999,Outer hair cells,3
CCCTGATCACAGCCTG-1-0,-2.2929554,0.8132818,Supporting cells,3
CCCTGATGTTAGGCCC-1-0,-1.94377,3.031284,Supporting cells,3
CCCTGATTCATATGGC-1-0,4.6054387,5.353757,Supporting cells,3
CCCTGATTCGACCACG-1-0,5.7373238,1.1951522,Inner hair cells,3
CCCTTAGCAAGAGATT-1-0,-3.727674,5.3236976,Fibrocytes,3
CCCTTAGCAATCACGT-1-0,10.516136,9.25398,Glia/Schwann,3
CCCTTAGTCTCTGACC-1-0,12.281338,3.4919238,Spiral ganglion neurons,3
CCGAACGAGTACTCGT-1-0,-0.32325763,3.315288,Supporting cells,3
CCGATCTAGGGCAATC-1-0,4.299835,4.6503596,Supporting cells,3
CCGATCTGTCCTTTGC-1-0,5.962485,4.6045337,Supporting cells,3
CCGATGGCACAGTGAG-1-0,-1.9539531,1.3653531,Supporting cells,3
CCGATGGGTGCAATGG-1-0,2.616644,-0.19975235,Supporting cells,3
CCGATGGTCTGGTGGC-1-0,9.746576,3.5974414,Spiral ganglion neurons,3
CCGCAAGCAAGGCTTT-1-0,4.821391,6.3342085,Supporting cells,3
CCGCAAGGTGTTGCCG-1-0,2.139861,7.6954484,Supporting cells,3
CCGGACACATCTTCGC-1-0,3.2153313,1.2303219,Glia/Schwann,3
CCGGACATCGTTGTAG-1-0,10.312557,9.552614,Glia/Schwann,3
CCGGGTACACTCTCGT-1-0,4.5715537,8.794897,Supporting cells,3
CCGGGTACACTTGGCG-1-0,-1.9850188,3.4946096,Supporting cells,3
CCGGGTATCAGCCTCT-1-0,1.9136486,5.6155047,Supporting cells,3
CCGGGTATCTGAGAGG-1-0,0.6405368,13.693772,Fibrocytes,3
CCGGTAGAGCAGTCTT-1-0,2.1938806,2.9614172,Supporting cells,3
CCGGTAGAGCCAAGTG-1-0,2.9353986,4.1205826,Supporting cells,3
CCGGTAGAGCTGACCC-1-0,5.1931353,2.9496992,Supporting cells,3
CCGGTAGCAACTCGAT-1-0,3.2894654,4.94631,Supporting cells,3
CCGGTAGTCGTTCCTG-1-0,2.5546148,4.678478,Supporting cells,3
CCGGTGACAATAGTGA-1-0,-0.3808358,8.029883,Supporting cells,3
CCGGTGACATAGAGGC-1-0,-0.7727625,3.865999,Supporting cells,3
CCGGTGATCACGAGGA-1-0,-0.8625632,3.6178772,Supporting cells,3
CCGTAGGAGGTGGGTT-1-0,7.0454116,8.731486,Glia/Schwann,3
CCGTAGGCACTTTATC-1-0,-0.86397976,2.8002667,Supporting cells,3
CCGTAGGCAGTTAGAA-1-0,8.896559,1.411896,Outer hair cells,3
CCGTAGGTCGCTTGAA-1-0,-4.444966,5.6750226,Fibrocytes,3
CCGTGAGAGCCAGTAG-1-0,-1.2507648,3.902102,Supporting cells,3
CCGTGAGAGGTACCTT-1-0,-7.2884564,4.6613245,Fibrocytes,3
CCGTGAGCAAAGAACT-1-0,7.9289103,9.346412,Glia/Schwann,3
CCGTTCAGTCGTTATG-1-0,-2.5328782,7.1593466,Supporting cells,3
CCGTTCATCCTCCACA-1-0,-1.3731257,3.7281663,Supporting cells,3
CCGTTCATCTTTGCTA-1-0,2.181115,7.7271605,Supporting cells,3
CCTAACCAGAATCGTA-1-0,7.4371753,3.595606,Supporting cells,3
CCTAACCCACTTGAAC-1-0,-0.30029324,3.308073,Supporting cells,3
CCTAACCTCGTTCTCG-1-0,4.8595514,5.3627806,Supporting cells,3
CCTAACCTCTCTCAAT-1-0,2.8904521,10.734768,Supporting cells,3
CCTAAGAAGTATCCTG-1-0,-3.2915418,3.480893,Supporting cells,3
CCTAAGAGTGCAATGG-1-0,-0.49511653,4.0698657,Supporting cells,3
CCTACGTAGTCGGCAA-1-0,11.897979,2.8505964,Spiral ganglion neurons,3
CCTACGTCAGAGGTTG-1-0,-2.0591345,5.136331,Supporting cells,3
CCTACGTCAGCGTTGC-1-0,-1.0293127,4.6591563,Supporting cells,3
CCTACGTGTGTTAAAG-1-0,1.536899,3.9129488,Supporting cells,3
CCTACGTTCCAAAGGG-1-0,5.7448792,1.7071217,Inner hair cells,3
CCTACGTTCCAAGGGA-1-0,7.4448996,9.008254,Glia/Schwann,3
CCTATCGGTATCGCTA-1-0,9.254498,3.847206,Supporting cells,3
CCTCAACTCCACGTCT-1-0,6.2136555,2.6173432,Outer hair cells,3
CCTCACAAGCTAGAAT-1-0,2.542071,7.7866964,Supporting cells,3
CCTCACAAGTGATTCC-1-0,1.6029968,2.0535054,Supporting cells,3
CCTCAGTAGCACAAAT-1-0,8.495131,8.978057,Glia/Schwann,3
CCTCAGTCAAATTAGG-1-0,0.57801694,3.5158644,Supporting cells,3
CCTCAGTGTAACAAGT-1-0,2.8078177,9.673235,Supporting cells,3
CCTCAGTGTAGCGTAG-1-0,2.8910222,10.213737,Supporting cells,3
CCTCAGTTCGTAGCTA-1-0,3.6553507,2.7961845,Supporting cells,3
CCTCATGCATGCAGGA-1-0,3.0300791,10.87821,Supporting cells,3
CCTCATGGTCGGAACA-1-0,4.5272446,5.5755367,Supporting cells,3
CCTCATGTCAAAGGTA-1-0,-3.1319788,10.382479,Macrophages/Microglia,3
CCTCATGTCAGGAAGC-1-0,1.8367512,11.439698,Supporting cells,3
CCTCCAAAGTATGGAT-1-0,-2.0062742,4.50742,Supporting cells,3
CCTCCAACAACCGCTG-1-0,5.0412903,5.869692,Supporting cells,3
CCTCCAACACTGTGTA-1-0,0.3241709,0.2791136,Supporting cells,3
CCTCCAAGTACCTTCC-1-0,4.7677803,5.314396,Supporting cells,3
CCTCCAAGTGTTACTG-1-0,3.2929938,4.9592514,Supporting cells,3
CCTCCAATCCATTTGT-1-0,-1.725588,1.0054344,Supporting cells,3
CCTCCTCTCACCGACG-1-0,-2.7115238,3.00878,Supporting cells,3
CCTCTAGGTTATCTGG-1-0,1.1839937,3.7314558,Supporting cells,3
CCTCTAGGTTGACGGA-1-0,0.40075302,7.603377,Supporting cells,3
CCTCTAGTCTTCTGGC-1-0,-3.1071253,2.278867,Supporting cells,3
CCTCTCCCAAGCAGGT-1-0,8.80809,1.026927,Outer hair cells,3
CCTCTCCCAGATAAAC-1-0,7.691228,1.5394495,Outer hair cells,3
CCTCTCCGTATGGTTC-1-0,9.25518,3.6384282,Glia/Schwann,3
CCTCTCCGTTAGTTCG-1-0,8.63571,1.1582829,Outer hair cells,3
CCTCTCCTCTTCTTCC-1-0,1.8387775,6.315573,Supporting cells,3
CCTGCATAGTTCATGC-1-0,-0.9344391,1.4367803,Supporting cells,3
CCTGCATCAGTAACGG-1-0,-0.03712208,2.728279,Supporting cells,3
CCTGCATCATCAGTCA-1-0,3.1790555,6.7761445,Fibrocytes,3
CCTGCATTCAGCTCTC-1-0,0.77148163,12.702571,Fibrocytes,3
CCTGCATTCCGTTTCG-1-0,0.025372002,4.077449,Supporting cells,3
CCTGTTGCACAGCTTA-1-0,-0.9931741,4.383809,Supporting cells,3
CCTGTTGCAGTTAAAG-1-0,-0.5413207,1.4172707,Supporting cells,3
CCTGTTGCATCTTAGG-1-0,8.334768,9.366553,Glia/Schwann,3
CCTGTTGTCCTCAGAA-1-0,5.73276,1.2514771,Inner hair cells,3
CCTGTTGTCTGCTGAA-1-0,-0.961672,3.681797,Supporting cells,3
CCTTCAGAGATGAACT-1-0,0.120177686,4.0150757,Supporting cells,3
CCTTCAGGTCGCGGTT-1-0,4.616195,5.8051047,Supporting cells,3
CCTTCAGTCCAGCTCT-1-0,-1.4651732,4.2095532,Supporting cells,3
CCTTCAGTCTGCCTCA-1-0,-1.175228,2.472287,Supporting cells,3
CCTTGTGAGAACGCGT-1-0,5.6231117,7.631869,Glia/Schwann,3
CCTTGTGAGTTGAAGT-1-0,1.3506296,12.468387,Fibrocytes,3
CCTTGTGCACTGCGAC-1-0,0.9068062,10.939711,Fibrocytes,3
CCTTGTGCAGACAATA-1-0,5.433134,-0.16956586,Inner hair cells,3
CCTTGTGGTACGACTT-1-0,8.816674,3.4902933,Fibrocytes,3
CCTTTGGAGAGAGTGA-1-0,2.0125873,5.511852,Supporting cells,3
CCTTTGGGTAGGAAAG-1-0,-0.9378514,4.5830846,Supporting cells,3
CCTTTGGGTGTACGCC-1-0,-0.119809784,4.0162764,Supporting cells,3
CGAAGGACACTTTATC-1-0,3.475485,2.968415,Supporting cells,3
CGAAGGATCCTACGGG-1-0,6.297258,-0.4875707,Inner hair cells,3
CGAAGTTTCCGAGCTG-1-0,-0.07473983,8.4868355,Supporting cells,3
CGAAGTTTCCTGGTCT-1-0,0.5991769,1.7699946,Supporting cells,3
CGAATTGAGCTGTTAC-1-0,5.2031956,5.9303184,Supporting cells,3
CGAATTGTCAAGCTTG-1-0,-0.2977951,3.165958,Supporting cells,3
CGACAGCCAGTTAAAG-1-0,-2.6916463,3.1790068,Supporting cells,3
CGACAGCGTGACTCTA-1-0,4.8664904,6.5109725,Fibrocytes,3
CGACAGCTCCGACATA-1-0,4.5746737,10.9204645,Supporting cells,3
CGAGAAGAGTGAGTTA-1-0,0.6362985,1.3392353,Supporting cells,3
CGAGAAGTCACCTGGG-1-0,9.104272,3.532179,Supporting cells,3
CGAGGAAAGACATCAA-1-0,-1.0617532,1.3989428,Supporting cells,3
CGAGGAACAATCTCGA-1-0,0.17265348,6.0562024,Supporting cells,3
CGAGGCTAGATGAACT-1-0,-2.8944802,2.761041,Supporting cells,3
CGAGGCTAGTCATCGT-1-0,-0.77637523,4.2712955,Supporting cells,3
CGAGGCTGTTAAACAG-1-0,3.4409885,4.854507,Supporting cells,3
CGAGGCTTCATTTGCT-1-0,-3.312963,5.569886,Supporting cells,3
CGAGGCTTCGAACACT-1-0,-1.9411887,5.285294,Supporting cells,3
CGAGTGCAGTTCGCAT-1-0,-1.9539317,2.8169982,Supporting cells,3
CGAGTGCGTGTTTCTT-1-0,2.4091341,7.8209033,Supporting cells,3
CGAGTGCTCTTGGTCC-1-0,-1.6690925,4.3689446,Supporting cells,3
CGAGTTACACTGGCGT-1-0,4.8084793,7.511746,Supporting cells,3
CGAGTTACATTCCTAT-1-0,3.5614274,0.5026889,Glia/Schwann,3
CGATCGGAGTAACGAT-1-0,0.786255,11.514058,Fibrocytes,3
CGATCGGCAGCGACAA-1-0,1.7199584,7.8018146,Supporting cells,3
CGATCGGGTATCGAGG-1-0,0.6737746,12.162566,Fibrocytes,3
CGATCGGTCTTAAGGC-1-0,11.513744,2.753295,Spiral ganglion neurons,3
CGATCGGTCTTTGGAG-1-0,8.317036,1.3927819,Outer hair cells,3
CGATGCGAGGACAGTC-1-0,-2.461822,4.4647746,Supporting cells,3
CGATGCGCAATTGAAG-1-0,3.5312765,0.5457166,Glia/Schwann,3
CGATGCGCATCAACCA-1-0,10.690788,3.780185,Spiral ganglion neurons,3
CGATGCGGTTATCCAG-1-0,4.5563836,8.88607,Supporting cells,3
CGATGCGTCGCGGACT-1-0,-1.1448524,3.998574,Supporting cells,3
CGATGCGTCTATCGCC-1-0,-1.2215466,1.9385905,Supporting cells,3
CGATGGCCAGGACTTT-1-0,0.62471205,12.777634,Fibrocytes,3
CGCAGGTAGATTAGAC-1-0,8.785502,8.922439,Glia/Schwann,3
CGCAGGTCACGCACCA-1-0,-0.99690616,5.0084095,Supporting cells,3
CGCAGGTCACGCGTCA-1-0,-2.221604,0.20302656,Supporting cells,3
CGCAGGTCAGAGGGTT-1-0,-0.22108038,0.82303375,Supporting cells,3
CGCAGGTCAGATCACT-1-0,5.2754726,6.260024,Supporting cells,3
CGCAGGTGTGGTGATG-1-0,-1.0504067,3.7339866,Supporting cells,3
CGCAGGTTCTCCGAGG-1-0,-0.5500566,4.055911,Supporting cells,3
CGCATAACAAGGGCAT-1-0,2.7092466,5.3004103,Supporting cells,3
CGCATAATCCACTTTA-1-0,-2.6538155,2.0435846,Supporting cells,3
CGCATAATCTGAACGT-1-0,5.5921507,1.9496915,Supporting cells,3
CGCATGGCATATGAAG-1-0,0.32838714,3.1131315,Supporting cells,3
CGCATGGTCCCTCTAG-1-0,3.9815838,5.5782075,Fibrocytes,3
CGCCATTAGGATACAT-1-0,5.351719,3.4013553,Supporting cells,3
CGCCATTCAAACTGCT-1-0,4.487448,11.017333,Supporting cells,3
CGCCATTTCGGTAAGG-1-0,2.668153,1.4641825,Supporting cells,3
CGCGTGAAGCTAGAGC-1-0,-3.132507,6.7168145,Supporting cells,3
CGCGTGACAGGAGGAG-1-0,1.613648,4.8322086,Supporting cells,3
CGGAACCCATCCGAAT-1-0,12.269309,3.538084,Spiral ganglion neurons,3
CGGAACCGTTTGGAGG-1-0,4.996271,0.7687326,Inner hair cells,3
CGGAACCTCCTAAACG-1-0,6.561864,-0.47278094,Inner hair cells,3
CGGAATTAGGTGATCG-1-0,-0.2438643,4.0329137,Supporting cells,3
CGGAATTAGTCATCGT-1-0,4.452003,4.7435174,Supporting cells,3
CGGAATTCAAGAAACT-1-0,11.458306,2.8183372,Spiral ganglion neurons,3
CGGAATTCAATACCTG-1-0,-1.7047564,3.707481,Supporting cells,3
CGGAATTCACAGCTTA-1-0,3.634164,4.8644633,Supporting cells,3
CGGAATTTCCCAGGAC-1-0,5.16132,0.22732602,Inner hair cells,3
CGGAATTTCCCATGGG-1-0,-3.4109206,8.73965,Supporting cells,3
CGGACACAGGTGCTTT-1-0,11.679097,2.8287566,Spiral ganglion neurons,3
CGGAGAAAGACCTCCG-1-0,1.2854705,10.704121,Fibrocytes,3
CGGAGAAAGAGCATAT-1-0,5.9324703,1.6221188,Inner hair cells,3
CGGAGAAAGTAACGTA-1-0,-1.1199853,3.5846193,Supporting cells,3
CGGAGAACAAGATGGC-1-0,3.4675312,0.35157105,Glia/Schwann,3
CGGAGAACATTCGATG-1-0,-2.5426047,3.1371512,Supporting cells,3
CGGAGAATCGTTGTTT-1-0,11.780451,2.8526807,Spiral ganglion neurons,3
CGGAGAATCTTACCGC-1-0,0.20725904,1.9411103,Supporting cells,3
CGGCAGTGTACCGTCG-1-0,-0.27898002,3.605966,Supporting cells,3
CGGGACTAGGAAGTAG-1-0,-2.1086257,4.065286,Supporting cells,3
CGGGACTCAACAGCTT-1-0,-2.7085235,9.5911045,Macrophages/Microglia,3
CGGGCATAGACACACG-1-0,-2.2711396,0.0062650004,Supporting cells,3
CGGGCATAGTCACACT-1-0,5.837824,3.0273323,Supporting cells,3
CGGGTCACACCCTTAC-1-0,2.2276754,7.6983767,Supporting cells,3
CGGGTCATCTCCACTG-1-0,1.3164078,3.110583,Supporting cells,3
CGGGTGTGTGACGTCC-1-0,-1.0879489,2.327212,Supporting cells,3
CGGGTGTTCACTTCTA-1-0,5.862418,1.1166607,Inner hair cells,3
CGGGTGTTCTGCATAG-1-0,7.300511,8.469174,Glia/Schwann,3
CGGTCAGAGAAGTCCG-1-0,4.576362,9.257032,Supporting cells,3
CGGTCAGAGCACGATG-1-0,-2.0654845,4.9754634,Supporting cells,3
CGGTCAGCAGTCTTCC-1-0,0.9145491,3.9009368,Supporting cells,3
CGTAAGTAGTCGGGAT-1-0,6.19329,7.0126023,Glia/Schwann,3
CGTAAGTTCCTCAGGG-1-0,0.97780275,7.656193,Supporting cells,3
CGTAAGTTCTGGTGGC-1-0,4.701253,6.300131,Supporting cells,3
CGTAGTACAGTTGCGC-1-0,5.8531175,7.475409,Glia/Schwann,3
CGTCAAAAGATGCTAA-1-0,9.201009,3.326414,Supporting cells,3
CGTCAAATCTTCCGTG-1-0,9.904719,3.4998014,Spiral ganglion neurons,3
CGTCCATCAGGTACGA-1-0,1.998946,7.660112,Supporting cells,3
CGTCCATCATAATCGC-1-0,0.79962236,12.417659,Fibrocytes,3
CGTGAATTCAGTGATC-1-0,5.669711,1.7050285,Inner hair cells,3
CGTGATAGTCCCAAAT-1-0,3.1560638,1.5720886,Glia/Schwann,3
CGTGATAGTCGCAGTC-1-0,-2.7963085,9.957001,Macrophages/Microglia,3
CGTGTCTGTTGTAGCT-1-0,-1.4447742,0.6396637,Supporting cells,3
CGTGTCTTCCCATTCG-1-0,-5.68157,5.464951,Fibrocytes,3
CGTTCTGAGCTAATGA-1-0,-0.3305007,3.6085455,Supporting cells,3
CGTTCTGAGGAGGCAG-1-0,5.31397,3.7142584,Supporting cells,3
CGTTCTGCAGGGTCTC-1-0,0.8344565,3.9910214,Supporting cells,3
CTAACCCAGGGTGAGG-1-0,8.246698,1.376345,Outer hair cells,3
CTAACCCCAATTGCGT-1-0,6.4644775,6.2288036,Supporting cells,3
CTAACCCGTAGAAACT-1-0,-1.0836809,0.28847715,Supporting cells,3
CTAACCCGTGCGCTCA-1-0,-1.0156186,3.8054702,Supporting cells,3
CTAACCCTCGCTAATG-1-0,-0.44468457,2.0898376,Supporting cells,3
CTAACCCTCTCATAGG-1-0,4.4262285,8.688942,Supporting cells,3
CTAACTTAGTATGATG-1-0,3.9539225,5.6010523,Supporting cells,3
CTAACTTCAATGAAAC-1-0,3.6556132,10.58058,Supporting cells,3
CTAACTTCAGGATCTT-1-0,5.8221145,2.815791,Supporting cells,3
CTAACTTGTCAAGCGA-1-0,0.28925627,0.7404212,Supporting cells,3
CTAACTTGTTCAGCTA-1-0,4.4787946,7.1002445,Supporting cells,3
CTACAGAAGGTACCTT-1-0,9.239339,3.3989294,Supporting cells,3
CTACAGACAGGCCCTA-1-0,-3.1039631,10.282675,Macrophages/Microglia,3
CTACAGATCCATGCAA-1-0,2.7590172,-0.69594854,Supporting cells,3
CTACAGATCTCTCTAA-1-0,1.2024106,12.443282,Fibrocytes,3
CTACATTCAACCCGCA-1-0,-2.7769535,2.692687,Supporting cells,3
CTACATTGTTAAGACA-1-0,7.8762655,1.5665293,Outer hair cells,3
CTACATTTCCTACGAA-1-0,-3.2850654,10.91206,Macrophages/Microglia,3
CTACATTTCTACCAGA-1-0,-4.858973,4.8495016,Fibrocytes,3
CTACCCAAGCTCTATG-1-0,1.9458444,3.1162398,Supporting cells,3
CTACCCACATCAACCA-1-0,4.062646,4.168505,Supporting cells,3
CTACCCACATGGAGAC-1-0,6.7487125,2.6252067,Outer hair cells,3
CTACCCAGTGAGCTCC-1-0,5.7689533,2.8798077,Supporting cells,3
CTACCCATCTACGGTA-1-0,1.1407294,11.430883,Fibrocytes,3
CTACCTGAGTCAACAA-1-0,-0.87278396,3.7651207,Supporting cells,3
CTACCTGTCAATCAGC-1-0,6.2737827,-0.42424795,Inner hair cells,3
CTACGGGAGCTGGAGT-1-0,5.192972,6.425355,Supporting cells,3
CTACTATAGATCCGAG-1-0,2.9416177,9.225345,Supporting cells,3
CTACTATGTAGCGATG-1-0,-2.0941548,3.7519925,Supporting cells,3
CTACTATGTATCGAGG-1-0,-1.6568589,-0.90318745,Supporting cells,3
CTACTATGTCCTGTTC-1-0,-0.9140634,2.093041,Supporting cells,3
CTACTATTCGGCGATC-1-0,-1.3337613,3.0748553,Supporting cells,3
CTAGACACACGGCGTT-1-0,-3.0063434,6.655382,Supporting cells,3
CTAGACATCAATCTCT-1-0,3.4825149,0.62921214,Glia/Schwann,3
CTAGACATCCACATAG-1-0,-2.194048,1.8631753,Supporting cells,3
CTAGGTAAGAGTTGCG-1-0,-1.3228097,4.5421705,Supporting cells,3
CTAGGTAAGGAAAGGT-1-0,8.444873,6.4597564,Supporting cells,3
CTAGGTACAACCCTCT-1-0,0.90254045,3.0682878,Supporting cells,3
CTAGGTATCCGTCACT-1-0,2.951631,10.102122,Supporting cells,3
CTATAGGAGCGAGGAG-1-0,9.659234,3.776331,Spiral ganglion neurons,3
CTATAGGGTTGGCTAT-1-0,-1.5326786,3.4266813,Supporting cells,3
CTATAGGTCGGTAGGA-1-0,-1.2824751,4.160291,Supporting cells,3
CTATCCGCAATGTTGC-1-0,-2.505103,3.27668,Supporting cells,3
CTATCCGCAGTCACGC-1-0,-0.30053946,3.3445842,Supporting cells,3
CTATCCGGTGGTCTAT-1-0,-3.1791599,11.437558,Macrophages/Microglia,3
CTATCCGGTTAGTTCG-1-0,2.326494,5.1076345,Supporting cells,3
CTATCCGTCCATTTCA-1-0,9.231492,3.987837,Supporting cells,3
CTATCTAAGCAGATAT-1-0,4.1840816,3.902505,Supporting cells,3
CTATCTACATTCACCC-1-0,4.577261,5.1229014,Supporting cells,3
CTATCTAGTTCACGAT-1-0,0.3056002,1.5436292,Supporting cells,3
CTCAACCAGATCCCAT-1-0,5.432325,3.368174,Supporting cells,3
CTCAACCCATAAGCAA-1-0,-2.1822374,-0.72515357,Supporting cells,3
CTCAACCGTTATAGCC-1-0,2.9137585,5.0956955,Supporting cells,3
CTCAACCTCAGCTTGA-1-0,5.7666574,4.5856647,Supporting cells,3
CTCAAGACAACCTATG-1-0,3.1827812,5.8963614,Supporting cells,3
CTCAAGACAGGACAGT-1-0,2.3390117,7.045641,Supporting cells,3
CTCAAGATCACTCGAA-1-0,7.529018,9.016989,Glia/Schwann,3
CTCAATTGTCGGATTT-1-0,1.8523738,6.8895073,Supporting cells,3
CTCAATTTCTTTGCGC-1-0,6.68511,-0.16938125,Inner hair cells,3
CTCACTGCAAGCACCC-1-0,1.0164697,12.89142,Fibrocytes,3
CTCACTGCATCCGCGA-1-0,2.8081722,10.654673,Supporting cells,3
CTCACTGGTAGCGAGT-1-0,-2.238968,3.9076252,Supporting cells,3
CTCAGAAAGACGCCAA-1-0,-0.007423594,3.433675,Supporting cells,3
CTCAGAAGTAGACACG-1-0,-1.8388118,4.76698,Supporting cells,3
CTCAGAATCCGATTAG-1-0,-2.6835203,1.8286278,Supporting cells,3
CTCAGAATCCTAGAGT-1-0,-1.13288,4.0772476,Supporting cells,3
CTCAGAATCTCAACCC-1-0,-1.0201805,0.61037433,Supporting cells,3
CTCAGGGTCATCTACT-1-0,3.7055538,5.4853773,Supporting cells,3
CTCAGGGTCCGTCCTA-1-0,-3.0365086,4.2119093,Supporting cells,3
CTCAGGGTCTTGTGCC-1-0,3.166616,6.235929,Supporting cells,3
CTCAGTCAGAGAAGGT-1-0,6.1203294,9.861092,Supporting cells,3
CTCAGTCGTGGTCTGC-1-0,-0.060436595,8.292427,Supporting cells,3
CTCATCGGTATCGATC-1-0,4.36381,10.703258,Supporting cells,3
CTCATCGTCTCTGAGA-1-0,-2.5345087,2.9029777,Supporting cells,3
CTCATGCTCCCATGGG-1-0,-0.6280666,3.1527708,Supporting cells,3
CTCATTAAGTCGGCAA-1-0,-1.2848352,4.367869,Supporting cells,3
CTCCAACAGTTTCAGC-1-0,4.052954,10.374143,Supporting cells,3
CTCCAACCAAAGCAAT-1-0,10.173035,9.083129,Glia/Schwann,3
CTCCAACCACAGTCAT-1-0,-0.98979986,2.5968995,Supporting cells,3
CTCCAACCATATAGCC-1-0,-2.125702,4.459431,Supporting cells,3
CTCCAACGTAATGCTC-1-0,0.72885805,3.1503654,Supporting cells,3
CTCCAACGTGAATGAT-1-0,0.7739448,8.101842,Supporting cells,3
CTCCAACGTGTCGATT-1-0,-0.8420971,4.0330696,Supporting cells,3
CTCCACACACAGTCAT-1-0,0.5482181,12.994251,Fibrocytes,3
CTCCACAGTGCACGCT-1-0,10.810358,3.813277,Spiral ganglion neurons,3
CTCCATGAGTAAGAGG-1-0,-2.1475132,4.0179577,Supporting cells,3
CTCCATGCACTCACTC-1-0,0.35488904,2.9466262,Supporting cells,3
CTCCATGCAGAAGTTA-1-0,4.412464,4.853157,Supporting cells,3
CTCCATGGTCACAGTT-1-0,-1.4640391,2.2719533,Supporting cells,3
CTCCCAACACCCTATC-1-0,-1.3201611,3.343681,Supporting cells,3
CTCCCAATCGAAGAAT-1-0,7.0606112,10.618099,Glia/Schwann,3
CTCCCAATCGACGACC-1-0,-2.003077,9.924309,Macrophages/Microglia,3
CTCCCTCAGAGAATCT-1-0,9.074303,1.3743626,Outer hair cells,3
CTCCCTCAGTTGCGCC-1-0,-1.1209859,3.1934412,Supporting cells,3
CTCCCTCCATCCGAAT-1-0,5.4226522,6.0473804,Supporting cells,3
CTCCCTCGTTACGGAG-1-0,-1.5348132,4.5667644,Supporting cells,3
CTCCGATTCCAGCACG-1-0,-0.43881,2.2769246,Supporting cells,3
CTCCGATTCTTCTGTA-1-0,-0.10245764,8.118073,Supporting cells,3
CTCCTCCCACTACCGG-1-0,8.85294,3.7101667,Supporting cells,3
CTCCTCCGTACGGCAA-1-0,0.79982054,8.372713,Supporting cells,3
CTCCTCCGTCCAGTTA-1-0,1.0670646,4.42786,Supporting cells,3
CTCCTTTGTCGTTTCC-1-0,2.489965,7.590066,Supporting cells,3
CTCCTTTGTTCCTACC-1-0,-2.251673,3.399315,Supporting cells,3
CTCCTTTTCATTGGTG-1-0,-4.7867417,4.298635,Fibrocytes,3
CTCCTTTTCTCTGCTG-1-0,4.664725,9.25933,Supporting cells,3
CTCTCAGAGATGGTAT-1-0,3.679729,9.717359,Supporting cells,3
CTCTCGAAGCCAAGGT-1-0,0.028574513,3.5026162,Supporting cells,3
CTCTCGAAGTTGTAGA-1-0,-1.982415,4.5927033,Supporting cells,3
CTCTCGACAAACTCGT-1-0,3.7686756,8.396882,Supporting cells,3
CTCTCGATCCGATCTC-1-0,-3.43772,6.628669,Supporting cells,3
CTCTGGTCACGGCCAT-1-0,-0.97124445,3.170379,Supporting cells,3
CTCTGGTGTTCAGCTA-1-0,3.162218,6.8409853,Supporting cells,3
CTCTGGTGTTTCGTTT-1-0,5.123473,0.57674104,Inner hair cells,3
CTGAATGCACAACGTT-1-0,-2.4678543,0.4560667,Supporting cells,3
CTGAATGCACTACACA-1-0,5.114304,3.5386136,Supporting cells,3
CTGAATGTCAGGAAAT-1-0,2.3042688,9.898201,Supporting cells,3
CTGAATGTCCACTTTA-1-0,6.371825,-0.568629,Inner hair cells,3
CTGAATGTCCGGTAGC-1-0,-2.217452,10.288034,Macrophages/Microglia,3
CTGAATGTCGCCAGTG-1-0,-1.6341361,3.0504563,Supporting cells,3
CTGAGCGGTTCCGCTT-1-0,-0.05577994,2.808702,Supporting cells,3
CTGAGGCAGCCTCATA-1-0,6.1114817,0.528217,Inner hair cells,3
CTGAGGCTCACGACTA-1-0,-2.213784,3.7124004,Supporting cells,3
CTGAGGCTCATTCACT-1-0,-1.9766189,8.873419,Macrophages/Microglia,3
CTGAGGCTCATTCATC-1-0,-5.371322,4.787592,Fibrocytes,3
CTGAGGCTCTAAGAAG-1-0,3.298451,10.368871,Supporting cells,3
CTGATCCAGGTCGTGA-1-0,3.2301965,11.07934,Supporting cells,3
CTGATCCCACCAGACC-1-0,8.497894,1.09326,Outer hair cells,3
CTGATCCCACTCCTTG-1-0,9.336909,5.1138277,Supporting cells,3
CTGATCCGTACTCCGG-1-0,2.2837799,9.584294,Supporting cells,3
CTGATCCGTGCAATAA-1-0,-1.2280662,1.3546112,Supporting cells,3
CTGATCCGTTTGTTCT-1-0,-1.5420107,3.3062534,Supporting cells,3
CTGCAGGGTGATACAA-1-0,5.0628476,8.099166,Supporting cells,3
CTGCAGGGTTAAAGTG-1-0,2.4740853,12.906811,Fibrocytes,3
CTGCAGGGTTTACCTT-1-0,-2.2115886,1.355861,Supporting cells,3
CTGCATCCATACGCAT-1-0,-0.71951866,3.3862295,Supporting cells,3
CTGCCATAGAATAGTC-1-0,-1.922434,3.7925694,Supporting cells,3
CTGCCATCACCTGCTT-1-0,8.57412,8.281139,Glia/Schwann,3
CTGCCATCAGTAACGG-1-0,3.7862763,2.6410522,Supporting cells,3
CTGCCATGTACTGCCG-1-0,4.36035,6.4625416,Supporting cells,3
CTGCCATGTGATTCTG-1-0,-4.474095,4.702654,Fibrocytes,3
CTGCCATGTGCAGGAT-1-0,5.287662,5.8840466,Supporting cells,3
CTGCCTAAGCCTGTGC-1-0,2.196913,5.408489,Supporting cells,3
CTGCCTACAAGAGGTC-1-0,3.05146,1.6815923,Glia/Schwann,3
CTGCCTAGTACTCAAC-1-0,3.8109767,10.083124,Supporting cells,3
CTGCGAGAGAGGATGA-1-0,-5.0225334,5.089454,Fibrocytes,3
CTGCGAGTCAACACCA-1-0,3.677337,6.44958,Supporting cells,3
CTGCTCATCCTGTTAT-1-0,0.99281716,6.147139,Supporting cells,3
CTGCTCATCGCTGCGA-1-0,3.6144617,4.4661603,Supporting cells,3
CTGGACGCACCCTTGT-1-0,0.554544,2.9071686,Supporting cells,3
CTGGACGGTCTAGGCC-1-0,4.522408,10.596431,Supporting cells,3
CTGGACGGTTAGGCCC-1-0,-1.6920323,-1.5077957,Supporting cells,3
CTGGCAGAGAAGCGCT-1-0,0.2968137,5.7669053,Supporting cells,3
CTGGCAGAGACATCCT-1-0,-2.1324313,2.970876,Supporting cells,3
CTGGCAGCAAAGACTA-1-0,3.8703563,4.663619,Supporting cells,3
CTGGCAGCAGGCAATG-1-0,2.6639366,-0.50878376,Supporting cells,3
CTGGCAGTCCCAGGCA-1-0,3.2575693,7.438638,Supporting cells,3
CTGGTCTAGTAGAGTT-1-0,2.7805657,-0.737351,Supporting cells,3
CTGGTCTCATGATGCT-1-0,-2.0105212,4.570113,Supporting cells,3
CTGGTCTGTCAACCAT-1-0,3.972811,5.0662413,Supporting cells,3
CTGTACCAGTAACGTA-1-0,-2.0979102,0.40305117,Supporting cells,3
CTGTACCCAAATGAGT-1-0,2.762756,-0.7773359,Supporting cells,3
CTGTACCTCATTGCCC-1-0,5.181345,9.868095,Supporting cells,3
CTGTAGACACCCAAGC-1-0,7.319843,1.4703867,Outer hair cells,3
CTGTATTAGCGTATGG-1-0,-1.0132116,5.0422783,Supporting cells,3
CTGTATTAGCTTTCTT-1-0,8.6187105,9.402602,Glia/Schwann,3
CTGTATTCAGTTGTCA-1-0,5.4766126,8.224402,Supporting cells,3
CTGTATTTCGCTACGG-1-0,2.4769075,7.8000355,Supporting cells,3
CTGTCGTAGACTCATC-1-0,-1.1521893,4.264828,Supporting cells,3
CTGTGAAAGTCATTGC-1-0,-2.8494167,9.9867525,Macrophages/Microglia,3
CTGTGGGAGCCTCTCT-1-0,3.7315907,9.825959,Supporting cells,3
CTGTGGGCATAACAGA-1-0,-0.12100385,0.6097932,Supporting cells,3
CTGTGGGGTAAGCAAT-1-0,5.400947,0.36833462,Inner hair cells,3
CTGTGGGTCGGTAAGG-1-0,-0.6329942,3.9199102,Supporting cells,3
CTTACCGCACCCAACG-1-0,8.586147,6.4920883,Supporting cells,3
CTTACCGGTAGATCGG-1-0,-0.05263591,2.446011,Supporting cells,3
CTTACCGGTAGGACCA-1-0,7.9557776,1.6666169,Outer hair cells,3
CTTACCGGTCGATGCC-1-0,4.895555,6.2786827,Supporting cells,3
CTTAGGAAGGCGTTAG-1-0,-1.3175105,1.2452046,Supporting cells,3
CTTAGGAGTAGGATAT-1-0,-0.24888027,3.8887043,Supporting cells,3
CTTAGGAGTGAATATG-1-0,-1.1448673,0.611025,Supporting cells,3
CTTAGGATCATGGAGG-1-0,2.3700786,9.445823,Supporting cells,3
CTTAGGATCGGATACT-1-0,11.384343,2.8333654,Spiral ganglion neurons,3
CTTAGGATCTTCTAAC-1-0,-3.4410715,7.013046,Supporting cells,3
CTTCAATAGAATTTGG-1-0,5.7555404,0.3693098,Inner hair cells,3
CTTCAATGTCACAGTT-1-0,-2.2868683,1.2571684,Supporting cells,3
CTTCAATTCGATACGT-1-0,-6.0555153,4.4252057,Fibrocytes,3
CTTCCTTGTACATACC-1-0,3.93719,8.107697,Supporting cells,3
CTTCCTTGTTACGTAC-1-0,4.435742,6.296436,Supporting cells,3
CTTCGGTGTATAGGAT-1-0,0.28682825,3.9773352,Supporting cells,3
CTTCGGTGTGACTCGC-1-0,3.423211,6.6723127,Supporting cells,3
CTTCGGTTCTAGACCA-1-0,2.1575427,7.598288,Supporting cells,3
CTTCTAACATTGTCGA-1-0,3.5579145,7.690932,Supporting cells,3
CTTCTAAGTCGACTGC-1-0,4.829645,5.000741,Supporting cells,3
CTTCTAAGTTGAGTCT-1-0,-3.005798,10.170978,Macrophages/Microglia,3
CTTCTAATCCATTTCA-1-0,5.612385,10.534173,Supporting cells,3
CTTCTAATCTGCGGCA-1-0,-4.0573053,7.3168497,Supporting cells,3
CTTCTCTGTCCATACA-1-0,5.322566,2.740701,Supporting cells,3
CTTGAGAAGAGGCCAT-1-0,-1.1427408,3.3377662,Supporting cells,3
CTTGAGAAGTGGTTAA-1-0,-2.4189634,-0.03154091,Supporting cells,3
CTTGAGACAATCCTTT-1-0,-0.38436598,2.740895,Supporting cells,3
CTTGAGATCTCTTGCG-1-0,0.7919403,11.751866,Fibrocytes,3
CTTGATTTCACCTACC-1-0,0.8264053,12.362588,Fibrocytes,3
CTTTCAAAGACGGTCA-1-0,6.2933106,7.7897935,Glia/Schwann,3
CTTTCAAAGTAACGAT-1-0,-2.5190768,0.07367762,Supporting cells,3
CTTTCAAAGTCTTCGA-1-0,0.1306806,2.512497,Supporting cells,3
CTTTCAACAGGAGGAG-1-0,6.096247,7.204177,Glia/Schwann,3
CTTTCAACATTCACAG-1-0,-1.151413,3.6780665,Supporting cells,3
CTTTCAAGTCGAGATG-1-0,5.8177443,8.854652,Supporting cells,3
CTTTCAATCAGCCTTC-1-0,-1.0891286,2.6032507,Supporting cells,3
CTTTCGGCAGGCTTGC-1-0,7.702333,4.3699665,Supporting cells,3
CTTTCGGTCGAGCCTG-1-0,-2.2806215,4.795747,Supporting cells,3
GAAATGATCGTGCGAC-1-0,-0.18185121,2.929436,Supporting cells,3
GAACACTAGAATAACC-1-0,1.8776644,3.0102205,Supporting cells,3
GAACACTAGATTCGAA-1-0,-2.5359855,9.32987,Supporting cells,3
GAACACTCACCAACAT-1-0,3.7743137,7.475913,Supporting cells,3
GAACACTTCGCACTCT-1-0,-1.33931,4.3299174,Supporting cells,3
GAACGTTTCCTTCTTC-1-0,8.661353,8.484359,Glia/Schwann,3
GAACTGTAGTCAATCC-1-0,2.588699,4.427844,Supporting cells,3
GAACTGTCAACAGATA-1-0,-4.0823293,6.945788,Supporting cells,3
GAACTGTTCTATCGGA-1-0,-0.5393688,2.9493535,Supporting cells,3
GAAGAATTCGTGTTCC-1-0,5.072788,5.6973352,Supporting cells,3
GAAGCCCGTAGTACGG-1-0,8.0373,1.5215858,Outer hair cells,3
GAAGCCCGTGGTCTTA-1-0,6.0041747,3.9645035,Fibrocytes,3
GAAGCCCTCGACATTG-1-0,5.281306,3.535594,Supporting cells,3
GAAGCCCTCGTGCACG-1-0,3.6812735,5.613639,Fibrocytes,3
GAAGCGAAGCGAGGAG-1-0,-1.4668171,0.3377522,Supporting cells,3
GAAGCGAAGGTCTGGA-1-0,-0.4570041,1.8007963,Supporting cells,3
GAAGCGACAACGACTT-1-0,1.5530576,3.3245604,Supporting cells,3
GAAGCGATCTCGGCTT-1-0,10.13369,3.2425983,Spiral ganglion neurons,3
GAAGGACAGCTTGTGT-1-0,5.1908517,4.2767205,Supporting cells,3
GAAGGACAGGCCCAAA-1-0,6.789362,-0.16706993,Inner hair cells,3
GAAGGACAGTTGGACG-1-0,3.933161,8.2227545,Supporting cells,3
GAAGGACGTCCAGCCA-1-0,5.796207,3.089435,Supporting cells,3
GAAGGACTCACCTCAC-1-0,-2.209106,9.030104,Macrophages/Microglia,3
GAAGGGTAGCCTCTCT-1-0,3.634975,2.17556,Glia/Schwann,3
GAAGGGTCAGAATTCC-1-0,-1.77428,3.581886,Supporting cells,3
GAAGGGTCAGCATACT-1-0,-2.116275,3.3102074,Supporting cells,3
GAAGGGTGTATCAAGA-1-0,5.1898956,7.2898097,Fibrocytes,3
GAAGTAAGTTTATGCG-1-0,0.93664485,10.890221,Fibrocytes,3
GAATAGAAGCAAGCCA-1-0,2.8236458,9.911293,Supporting cells,3
GAATAGACATCGATCA-1-0,4.4775767,10.927103,Supporting cells,3
GAATAGATCGGATAAA-1-0,-0.23723084,7.0149794,Supporting cells,3
GAATCACAGGTGCTAG-1-0,12.296433,3.443933,Spiral ganglion neurons,3
GAATCACCAAATACGA-1-0,2.2647777,11.027422,Fibrocytes,3
GAATCACCATCGGAAG-1-0,11.538381,2.6920972,Spiral ganglion neurons,3
GAATCACTCTCCATAT-1-0,-2.2539358,2.3841462,Supporting cells,3
GAATCGTCACTGGATT-1-0,11.984493,3.5493753,Supporting cells,3
GACACGCCAAGCGATG-1-0,10.232706,3.335068,Spiral ganglion neurons,3
GACACGCCACCAATTG-1-0,-0.8015996,2.0480607,Supporting cells,3
GACACGCTCTCATTTG-1-0,0.7734382,0.97332954,Supporting cells,3
GACAGCCAGGTCATAA-1-0,-2.1416295,4.700903,Supporting cells,3
GACAGCCGTCGAACGA-1-0,8.797849,1.5240998,Outer hair cells,3
GACAGCCTCGCGGACT-1-0,-2.1028993,9.26393,Macrophages/Microglia,3
GACATCACATACCATG-1-0,-5.0461807,4.997642,Fibrocytes,3
GACATCAGTCCCTCAT-1-0,0.14636964,7.304103,Supporting cells,3
GACATCAGTGATGTAA-1-0,-1.4773725,0.12166042,Supporting cells,3
GACATCATCAGAATAG-1-0,0.7997441,3.4152298,Supporting cells,3
GACCAATAGTACGTCT-1-0,4.0645585,10.18648,Supporting cells,3
GACCAATCATTCATCT-1-0,-1.1159804,3.7556093,Supporting cells,3
GACCAATGTCCCTGTT-1-0,4.1337423,10.298271,Supporting cells,3
GACCCAGTCAGCTGAT-1-0,8.520579,8.94194,Glia/Schwann,3
GACCCAGTCCAAGGGA-1-0,3.623281,0.2563396,Glia/Schwann,3
GACCCTTAGTCGGCAA-1-0,5.277983,0.48281685,Inner hair cells,3
GACCCTTCACAAATAG-1-0,3.757533,6.5851455,Fibrocytes,3
GACCGTGGTACAATAG-1-0,5.2053194,3.7709002,Supporting cells,3
GACCGTGGTCTACAAC-1-0,5.16602,0.68397087,Inner hair cells,3
GACGCTGCATACTGAC-1-0,2.4156077,5.154155,Supporting cells,3
GACGCTGTCTTCGATT-1-0,4.924871,6.0112395,Supporting cells,3
GACGTTACACTGTCCT-1-0,10.354956,3.5291507,Spiral ganglion neurons,3
GACGTTAGTCGTTATG-1-0,-3.0705118,10.698272,Macrophages/Microglia,3
GACGTTAGTTGCTTGA-1-0,-3.631367,6.9643326,Supporting cells,3
GACGTTATCGCAGTTA-1-0,5.700511,10.314649,Supporting cells,3
GACTATGAGATAGTCA-1-0,2.7568662,13.38564,Fibrocytes,3
GACTATGAGGGCCTCT-1-0,-5.482327,4.211424,Fibrocytes,3
GACTATGAGTTGGGAC-1-0,3.7261827,3.6779137,Supporting cells,3
GACTATGTCTAAGCCA-1-0,0.71819663,11.599438,Fibrocytes,3
GACTCAATCATTCCTA-1-0,3.212599,6.000626,Supporting cells,3
GACTCAATCGACCCAG-1-0,2.9746068,4.8417234,Supporting cells,3
GACTCAATCGGTAGGA-1-0,-0.08767924,4.090688,Supporting cells,3
GACTCTCCATCTGTTT-1-0,5.462692,2.1856472,Supporting cells,3
GACTGATAGGGCCCTT-1-0,2.9490838,5.2094874,Supporting cells,3
GACTGATAGTTGAATG-1-0,4.5973253,4.9229455,Supporting cells,3
GACTTCCCACCAGCGT-1-0,-3.025339,2.9358163,Supporting cells,3
GAGAAATGTCGCGTTG-1-0,-1.3878947,3.8072357,Supporting cells,3
GAGACCCAGAGCCTGA-1-0,-3.13688,3.3058882,Supporting cells,3
GAGACCCCACCCTGTT-1-0,2.9366052,10.878054,Supporting cells,3
GAGACCCCAGCGTGAA-1-0,2.9852138,4.897601,Supporting cells,3
GAGACCCCAGCTGAAG-1-0,9.700971,3.2536442,Spiral ganglion neurons,3
GAGACTTAGGTTCCAT-1-0,-1.9248946,3.3727162,Supporting cells,3
GAGACTTGTACCGGAA-1-0,2.3884158,12.323164,Fibrocytes,3
GAGACTTTCCGTGTAA-1-0,5.917219,4.043605,Supporting cells,3
GAGAGGTAGGAAACGA-1-0,-1.4935936,1.7570114,Supporting cells,3
GAGAGGTCAAATAGCA-1-0,4.601348,4.409458,Supporting cells,3
GAGAGGTTCATGGCCG-1-0,-1.4936297,3.268097,Supporting cells,3
GAGATGGCAACCACGC-1-0,5.320437,4.3576574,Supporting cells,3
GAGATGGGTAAGGCCA-1-0,0.5057941,11.925249,Fibrocytes,3
GAGATGGGTTGCTGAT-1-0,-0.45896596,3.4570465,Supporting cells,3
GAGATGGTCCATTGTT-1-0,5.533739,4.6853604,Supporting cells,3
GAGATGGTCCTAACAG-1-0,0.124699004,2.1732523,Supporting cells,3
GAGCCTGAGTAGTCCT-1-0,-2.5041785,5.6655583,Supporting cells,3
GAGCCTGGTACACGTT-1-0,2.412458,6.392797,Fibrocytes,3
GAGCCTGGTTTCAGAC-1-0,-1.1901531,-0.9214182,Supporting cells,3
GAGCTGCCACCTCAGG-1-0,-2.2871325,-0.50846696,Supporting cells,3
GAGCTGCCAGGTAGTG-1-0,4.4767914,4.589339,Supporting cells,3
GAGGCAAAGTGCAAAT-1-0,-0.7826693,7.103237,Supporting cells,3
GAGGCAAGTAACATAG-1-0,-0.36005545,3.407465,Supporting cells,3
GAGGCAAGTGCTTCAA-1-0,2.6354575,5.491801,Supporting cells,3
GAGGCCTAGGTGATCG-1-0,9.559679,5.0608897,Supporting cells,3
GAGGCCTAGTACAGCG-1-0,-3.0550134,11.51315,Macrophages/Microglia,3
GAGGCCTAGTCTAGAA-1-0,6.9585285,3.8960845,Supporting cells,3
GAGGCCTCAGCAAGAC-1-0,-2.1217017,0.6387185,Supporting cells,3
GAGGCCTCAGTCACGC-1-0,-1.1626638,2.819751,Supporting cells,3
GAGGCCTGTCGAGCAA-1-0,-1.0472378,3.0377443,Supporting cells,3
GAGGCCTGTTGGGTAG-1-0,0.893923,11.511317,Fibrocytes,3
GAGGCCTTCCCGAGTG-1-0,-2.2751248,4.5868216,Supporting cells,3
GAGGCCTTCGGACGTC-1-0,4.846478,2.8194158,Supporting cells,3
GAGGGATCACGCGCAT-1-0,0.25837633,8.354726,Supporting cells,3
GAGGGTAAGGCTAACG-1-0,2.9866025,10.845757,Supporting cells,3
GAGGGTAAGTCAACAA-1-0,2.2528577,4.947458,Supporting cells,3
GAGGGTACAGGCTTGC-1-0,8.499939,8.785465,Glia/Schwann,3
GAGGGTACATCGCTGG-1-0,-1.5797254,8.732433,Supporting cells,3
GAGGGTAGTAACGTTC-1-0,5.675509,0.2836564,Inner hair cells,3
GAGGGTAGTGCCTACG-1-0,-4.4452147,4.8851624,Fibrocytes,3
GAGTCATAGAAGCTCG-1-0,0.5581444,3.0554755,Supporting cells,3
GAGTCATAGCCGTTGC-1-0,9.230968,0.9874031,Outer hair cells,3
GAGTCATAGGACGCAT-1-0,8.196914,9.071914,Glia/Schwann,3
GAGTCATAGGTCATTC-1-0,2.3622584,5.005593,Supporting cells,3
GAGTCATCACCGTCTT-1-0,5.995108,7.011358,Glia/Schwann,3
GAGTCATGTGGGTATG-1-0,7.5163903,6.1557393,Supporting cells,3
GAGTCATTCGTTACCC-1-0,3.6870453,6.5357285,Supporting cells,3
GAGTCTACAAGTATCC-1-0,2.7796707,5.02827,Fibrocytes,3
GAGTCTATCTCTTGCG-1-0,-0.5614358,2.7066092,Supporting cells,3
GAGTGAGGTAACAGTA-1-0,4.6740923,2.28096,Supporting cells,3
GAGTGAGTCTAGTTCT-1-0,4.488827,6.4684453,Supporting cells,3
GAGTGTTAGGATGGCT-1-0,6.645242,-0.35522944,Inner hair cells,3
GAGTGTTCAATTGGTC-1-0,0.80547327,10.549584,Supporting cells,3
GAGTGTTTCTTAATCC-1-0,-0.95782727,4.024758,Supporting cells,3
GAGTTACCACGCGCAT-1-0,7.4714484,3.4826615,Supporting cells,3
GAGTTGTAGACCAGAC-1-0,-2.3126564,-1.1993214,Supporting cells,3
GAGTTGTCAGAGGAAA-1-0,-1.0413011,3.876547,Supporting cells,3
GAGTTTGGTCCAGGTC-1-0,-2.1857848,4.239143,Supporting cells,3
GATAGCTGTTGCAACT-1-0,1.5198858,4.3827763,Supporting cells,3
GATAGCTTCAAAGAAC-1-0,1.6401105,9.408262,Supporting cells,3
GATAGCTTCCAACCAA-1-0,6.140965,-0.08211932,Inner hair cells,3
GATCACAGTCAATCTG-1-0,0.47352028,3.7868364,Supporting cells,3
GATCACAGTGCGCTCA-1-0,9.621571,3.3882751,Spiral ganglion neurons,3
GATCACATCGACGCTG-1-0,-0.3102042,3.4599667,Supporting cells,3
GATCAGTGTAGCGAGT-1-0,3.3961055,4.561121,Supporting cells,3
GATCAGTGTTCAAGTC-1-0,4.9477916,7.491022,Supporting cells,3
GATCATGCAAGCGATG-1-0,4.8638034,5.379799,Supporting cells,3
GATCATGCATGAAAGT-1-0,-2.355431,3.4157743,Supporting cells,3
GATCCCTCAGAGTCAG-1-0,-0.2809099,4.439913,Supporting cells,3
GATCCCTTCGTCTCAC-1-0,-2.0781615,4.4827175,Supporting cells,3
GATCGTAAGTCTCTGA-1-0,-0.9734155,3.0325065,Supporting cells,3
GATCGTAGTCCTTGTC-1-0,4.6060705,6.17037,Supporting cells,3
GATGACTCAGCAGTTT-1-0,11.799811,2.8010154,Spiral ganglion neurons,3
GATGACTGTCCGAAAG-1-0,-2.9232836,10.021256,Macrophages/Microglia,3
GATGACTGTGTATACC-1-0,0.34907147,4.1719112,Supporting cells,3
GATGACTTCCCTTCCC-1-0,0.40262884,12.984804,Fibrocytes,3
GATGAGGGTCATGCAT-1-0,-5.0617814,4.6683598,Fibrocytes,3
GATGATCAGCCATCCG-1-0,7.1542144,2.3451846,Outer hair cells,3
GATGATCCACTTCAGA-1-0,8.638651,6.53704,Supporting cells,3
GATGATCGTACTCAAC-1-0,4.1118317,10.002065,Supporting cells,3
GATGCTAAGCACTCCG-1-0,-2.111985,3.4066725,Supporting cells,3
GATGCTATCTGAGAAA-1-0,3.098416,11.081371,Supporting cells,3
GATGGAGTCCAATCCC-1-0,-1.4967959,6.9614005,Supporting cells,3
GATGTTGAGAAGTCCG-1-0,8.108073,9.009257,Glia/Schwann,3
GATGTTGGTGTATACC-1-0,3.3012958,5.329901,Supporting cells,3
GATTCGACACCAGTTA-1-0,-0.52549046,4.2213817,Supporting cells,3
GATTCGATCTTTGGAG-1-0,5.572184,6.5202675,Supporting cells,3
GATTCTTAGACGACTG-1-0,2.6947281,10.135451,Supporting cells,3
GATTCTTAGGCCGCTT-1-0,2.8802524,4.6164627,Supporting cells,3
GATTCTTAGGCTCTAT-1-0,3.2742696,5.969424,Supporting cells,3
GATTCTTAGTTGCCTA-1-0,5.189527,0.29055342,Inner hair cells,3
GATTCTTCACCATATG-1-0,-0.8307999,3.0014982,Supporting cells,3
GATTCTTCAGTTAGAA-1-0,-1.5110648,2.7660048,Supporting cells,3
GATTGGTGTCAACCAT-1-0,-0.34485367,2.9893086,Supporting cells,3
GATTTCTAGCCTTTCC-1-0,-2.2601104,9.004921,Macrophages/Microglia,3
GATTTCTCAAACGAGC-1-0,8.749328,6.4290223,Supporting cells,3
GATTTCTCAAGCCATT-1-0,3.7592723,6.0132556,Supporting cells,3
GATTTCTGTTTACCAG-1-0,3.1172383,10.161357,Supporting cells,3
GCAACATAGAGGGCGA-1-0,5.46878,3.0415206,Supporting cells,3
GCAACCGCACCTTCGT-1-0,4.601995,10.9597025,Supporting cells,3
GCAACCGTCGCTACGG-1-0,4.5036182,9.542517,Supporting cells,3
GCACATAAGAGAGGTA-1-0,0.58004504,11.711792,Fibrocytes,3
GCACATAAGCCAACCC-1-0,9.47899,3.5978653,Spiral ganglion neurons,3
GCACATATCATCTACT-1-0,-2.7845938,6.2009006,Supporting cells,3
GCACGTGCACTTGTCC-1-0,0.9620261,12.175427,Fibrocytes,3
GCACGTGGTGTCCATA-1-0,4.881691,4.168601,Supporting cells,3
GCACGTGTCTAGTACG-1-0,3.544311,9.393642,Supporting cells,3
GCACTAACACCGAATT-1-0,-5.2873645,4.76606,Fibrocytes,3
GCACTAAGTTATTCTC-1-0,5.7586017,2.9814472,Supporting cells,3
GCAGCCACACGCCACA-1-0,10.077996,8.942543,Glia/Schwann,3
GCAGCCACATCCTAAG-1-0,0.78810495,11.753887,Fibrocytes,3
GCAGCTGAGGTATTGA-1-0,3.0207486,5.157251,Supporting cells,3
GCAGCTGGTAGATCCT-1-0,-1.268438,4.093055,Supporting cells,3
GCAGCTGTCTGCTCTG-1-0,-2.2586381,4.7487717,Supporting cells,3
GCAGGCTAGGTTGCCC-1-0,0.88347733,11.210024,Fibrocytes,3
GCAGGCTCATAGGCGA-1-0,-0.7206474,0.6608365,Supporting cells,3
GCAGGCTGTACCGGCT-1-0,3.567629,7.3109527,Supporting cells,3
GCAGTTAAGTGCAGGT-1-0,9.256835,4.9354143,Supporting cells,3
GCAGTTATCGTAGGGA-1-0,5.2797008,5.1413274,Supporting cells,3
GCAGTTATCTCTCTTC-1-0,3.7859967,9.998541,Supporting cells,3
GCATCGGAGGAAACGA-1-0,2.8327012,5.1541004,Supporting cells,3
GCATCGGGTCTCGCGA-1-0,-0.43186876,1.1436511,Supporting cells,3
GCATCGGGTCTTCGAA-1-0,7.5762076,1.7201422,Outer hair cells,3
GCATCGGTCGGCTTGG-1-0,6.7242336,8.951639,Glia/Schwann,3
GCATCTCCAAACTAAG-1-0,-1.8690538,3.698542,Supporting cells,3
GCATCTCCATGACGGA-1-0,3.5094466,5.5465083,Supporting cells,3
GCATCTCGTATGAAAC-1-0,-2.576011,0.6017954,Supporting cells,3
GCATCTCGTGGTATGG-1-0,1.4823208,3.6247604,Supporting cells,3
GCATCTCGTTGAGTCT-1-0,1.9394618,6.1935177,Supporting cells,3
GCATCTCGTTTCACAG-1-0,2.151251,5.2933493,Supporting cells,3
GCATGATAGTCGTCTA-1-0,8.145692,1.509864,Outer hair cells,3
GCATGATCATCAGCGC-1-0,-2.6508203,3.815904,Supporting cells,3
GCATGATGTGTATCCA-1-0,-0.95735943,7.573893,Supporting cells,3
GCATGATGTTACCTGA-1-0,5.9624567,3.2190259,Supporting cells,3
GCATGATTCCACTGGG-1-0,-1.0199891,0.9584669,Supporting cells,3
GCATGATTCCGATAGT-1-0,1.3839262,7.356692,Supporting cells,3
GCATGATTCTTCTAAC-1-0,4.220818,-1.9219526,Supporting cells,3
GCATTAGCAAAGTGTA-1-0,-3.2527452,10.848644,Macrophages/Microglia,3
GCATTAGGTCTCGGGT-1-0,1.1647673,2.5963917,Supporting cells,3
GCCAACGTCCTTCAGC-1-0,8.799686,1.3444511,Outer hair cells,3
GCCAGCAAGACCAAAT-1-0,2.8710065,9.651093,Supporting cells,3
GCCAGCACAGAACATA-1-0,8.68281,0.63532925,Outer hair cells,3
GCCAGCAGTCGCATCG-1-0,10.313193,8.888244,Glia/Schwann,3
GCCAGCAGTTGCAAGG-1-0,-0.81567675,6.824148,Supporting cells,3
GCCAGCATCGTTCTAT-1-0,-5.3290677,4.3611465,Fibrocytes,3
GCCAGGTAGGGATCGT-1-0,-1.170041,3.2490816,Supporting cells,3
GCCAGGTCACAGTCCG-1-0,-2.2283115,1.8690381,Supporting cells,3
GCCAGTGAGCTCCACG-1-0,2.538126,9.847338,Supporting cells,3
GCCAGTGCACTATCGA-1-0,-0.79437643,4.4653053,Supporting cells,3
GCCAGTGGTCACTCTC-1-0,0.38776374,3.4958797,Supporting cells,3
GCCATGGAGGTACCTT-1-0,-0.80544937,3.6032822,Supporting cells,3
GCCATGGCATTGGCAT-1-0,3.1019552,10.7338505,Supporting cells,3
GCCATGGGTGCGAGTA-1-0,5.9214764,2.9968479,Supporting cells,3
GCCATGGTCGCTTGCT-1-0,5.2318115,1.3464254,Supporting cells,3
GCCATTCAGTGGATTA-1-0,-5.8120294,5.1900897,Fibrocytes,3
GCCATTCGTACCACGC-1-0,-2.543682,4.5145245,Supporting cells,3
GCCATTCGTCAAACGG-1-0,-2.8576853,5.4929733,Supporting cells,3
GCCATTCGTTGGTGTT-1-0,7.0695753,-1.0170201,Inner hair cells,3
GCCCAGACACGCAGTC-1-0,6.2394896,8.385293,Glia/Schwann,3
GCCCAGACATGACGTT-1-0,-1.0944695,3.9659472,Supporting cells,3
GCCCGAACAGGATGAC-1-0,3.0700407,6.5228205,Supporting cells,3
GCCCGAATCTGCGGCA-1-0,4.3324013,5.1341925,Supporting cells,3
GCCGATGAGATAGCTA-1-0,-1.7778177,5.8162265,Supporting cells,3
GCCGATGAGATGCAGC-1-0,-1.0964285,2.0937371,Supporting cells,3
GCCGATGCAATTGTGC-1-0,3.115413,1.4338305,Glia/Schwann,3
GCCGATGGTGGGAGAG-1-0,-1.2866265,5.522952,Supporting cells,3
GCCGATGTCCCAAGCG-1-0,-1.8254265,4.8521867,Supporting cells,3
GCCGTGACACCTATCC-1-0,3.607002,7.2441826,Supporting cells,3
GCCGTGATCAGCACCG-1-0,2.6801481,5.657727,Supporting cells,3
GCCTGTTCAAACACGG-1-0,3.5049167,6.121453,Supporting cells,3
GCCTGTTGTAACCCGC-1-0,3.202069,1.0725381,Glia/Schwann,3
GCCTGTTGTATTTCCT-1-0,-1.3910855,1.696547,Supporting cells,3
GCGAGAAAGACTTCGT-1-0,0.8094941,11.013709,Fibrocytes,3
GCGAGAATCGGTCGGT-1-0,0.7033978,6.0088415,Supporting cells,3
GCGGAAACATCCTCAC-1-0,-1.9972458,4.278516,Supporting cells,3
GCGGAAACATTCGATG-1-0,-1.8309591,3.5805523,Supporting cells,3
GCGGAAAGTATTTCGG-1-0,0.5569504,3.725014,Supporting cells,3
GCGGAAATCGATGCAT-1-0,3.7206402,5.75208,Supporting cells,3
GCGGAAATCGATTTCT-1-0,4.2509513,4.7710133,Supporting cells,3
GCGGATCGTGAATGTA-1-0,1.6722059,5.328212,Supporting cells,3
GCGGATCGTGGCACTC-1-0,-0.3753104,3.8277705,Supporting cells,3
GCGGATCTCCACTGGG-1-0,0.70107514,3.103451,Supporting cells,3
GCGGATCTCCGAGATT-1-0,10.391359,9.582988,Glia/Schwann,3
GCGTGCACACGCTGTG-1-0,5.409933,3.122181,Supporting cells,3
GCGTGCAGTACGACTT-1-0,2.7080462,9.848425,Supporting cells,3
GCGTGCAGTGAGAACC-1-0,-1.1769124,3.7154796,Supporting cells,3
GCGTTTCCAGTGTATC-1-0,-0.2109906,2.179706,Supporting cells,3
GCTACAACACACGGTC-1-0,-5.293098,4.2721844,Fibrocytes,3
GCTACAACACAGAAGC-1-0,-1.8516121,2.5724041,Supporting cells,3
GCTACAAGTACGCTAT-1-0,-2.6793115,5.192853,Supporting cells,3
GCTACAAGTAGCGATG-1-0,-4.901263,5.148114,Fibrocytes,3
GCTACAAGTCGGCACT-1-0,-1.3082204,4.749238,Supporting cells,3
GCTACAAGTCGTACAT-1-0,7.5227213,4.6208816,Supporting cells,3
GCTACAAGTTAACCTG-1-0,4.947456,5.452978,Supporting cells,3
GCTACAAGTTATCTTC-1-0,-3.1123521,6.622636,Supporting cells,3
GCTACAAGTTTGTGGT-1-0,0.5215847,8.018899,Supporting cells,3
GCTACAATCGATGGAG-1-0,-2.3723702,1.6045051,Supporting cells,3
GCTACCTGTATCGTGT-1-0,0.015731048,0.07735705,Supporting cells,3
GCTACCTGTCCAGGTC-1-0,0.75759625,4.766115,Supporting cells,3
GCTACCTTCGAAGGAC-1-0,7.5876527,9.361784,Glia/Schwann,3
GCTCAAACACCGGTCA-1-0,-2.9353395,2.5608003,Supporting cells,3
GCTCAAAGTCGCTCGA-1-0,-0.528879,5.969617,Supporting cells,3
GCTCAAATCACAACCA-1-0,3.165209,4.8725758,Supporting cells,3
GCTCAAATCAGCTGAT-1-0,-2.2915637,4.6550007,Supporting cells,3
GCTCAAATCTCCGTGT-1-0,5.6889014,1.7376372,Inner hair cells,3
GCTGAATGTAACCAGG-1-0,-1.318974,1.6945453,Supporting cells,3
GCTGCAGAGACTCTAC-1-0,-0.39607143,2.4726653,Supporting cells,3
GCTGCAGCAACATACC-1-0,2.048029,10.853221,Fibrocytes,3
GCTGCAGCAAGAGCTG-1-0,1.0184531,11.442735,Fibrocytes,3
GCTGGGTAGGCACTCC-1-0,-2.550039,4.880106,Supporting cells,3
GCTGGGTGTATTTCGG-1-0,3.0107214,4.6433644,Supporting cells,3
GCTGGGTGTTCGGCCA-1-0,1.2711247,4.9138823,Supporting cells,3
GCTTCACGTAGGAGTC-1-0,0.6686198,4.0295053,Supporting cells,3
GCTTCACTCAGTGATC-1-0,9.150558,3.7804332,Supporting cells,3
GCTTCACTCCGGTAGC-1-0,6.4599013,6.9886394,Glia/Schwann,3
GCTTGGGGTCGTGTTA-1-0,9.078469,9.059351,Glia/Schwann,3
GCTTTCGGTCTACAGT-1-0,4.702419,6.3385906,Supporting cells,3
GGAACCCAGCATCTTG-1-0,0.8731646,2.541971,Supporting cells,3
GGAACCCTCTCGCGTT-1-0,-0.5069839,3.8226056,Supporting cells,3
GGAAGTGAGTGGTTCT-1-0,5.507985,0.7121851,Inner hair cells,3
GGAATCTAGAACAGGA-1-0,-1.7200845,4.6032066,Supporting cells,3
GGAATCTAGATCGCCC-1-0,3.5794463,5.0870605,Supporting cells,3
GGAATCTCAATAGTGA-1-0,2.6285062,3.7536616,Supporting cells,3
GGAATCTCAGCGTACC-1-0,-5.41559,4.4568605,Fibrocytes,3
GGAATCTGTGAGCTCC-1-0,8.655489,4.7473187,Supporting cells,3
GGAATCTTCGAGCTGC-1-0,-1.7455275,5.371747,Supporting cells,3
GGAATCTTCGCCTTGT-1-0,-1.8608885,3.4771023,Supporting cells,3
GGAATGGAGTAGGATT-1-0,9.531477,3.5821247,Spiral ganglion neurons,3
GGAATGGGTCTGGTTA-1-0,5.062932,9.754299,Supporting cells,3
GGAATGGTCTTAGCTT-1-0,3.3869107,5.4238625,Supporting cells,3
GGACGTCCAACTTCTT-1-0,4.178074,4.0959578,Supporting cells,3
GGACGTCTCGTTATCT-1-0,-2.0264595,1.1775829,Supporting cells,3
GGAGAACCACCTCAGG-1-0,5.130205,7.6541634,Supporting cells,3
GGAGAACGTTACTCAG-1-0,5.306556,7.747788,Fibrocytes,3
GGAGAACTCCCGAGGT-1-0,6.039516,7.2947855,Glia/Schwann,3
GGAGATGTCACCCTGT-1-0,7.3024087,2.191955,Outer hair cells,3
GGAGCAAAGTGGTTGG-1-0,6.942573,-0.73933214,Inner hair cells,3
GGAGCAAGTACGGATG-1-0,6.48963,-0.7619476,Inner hair cells,3
GGAGCAATCCATAAGC-1-0,-2.8083797,2.9758573,Supporting cells,3
GGAGGTATCGGTCGAC-1-0,5.234005,3.3706086,Supporting cells,3
GGATGTTAGACAACAT-1-0,5.1209855,6.2101355,Supporting cells,3
GGATGTTAGGTCGACA-1-0,-0.3495516,0.49486095,Supporting cells,3
GGATGTTGTCGGCTAC-1-0,0.71868175,3.1122422,Supporting cells,3
GGATGTTGTTTACGAC-1-0,5.5551004,1.5495725,Inner hair cells,3
GGCAGTCAGCTGAGCA-1-0,2.7663608,10.206953,Supporting cells,3
GGCAGTCCAATGGCCC-1-0,1.7339449,3.2343898,Supporting cells,3
GGCAGTCCATCCCGTT-1-0,5.4508862,10.088789,Supporting cells,3
GGCAGTCCATCTTAGG-1-0,-0.9401423,1.9113264,Supporting cells,3
GGCAGTCGTATGGAAT-1-0,4.290689,4.908859,Supporting cells,3
GGCAGTCGTCAGTCTA-1-0,6.2496915,4.5212445,Supporting cells,3
GGCAGTCTCACTGCTC-1-0,2.149822,7.576261,Supporting cells,3
GGCAGTCTCGATACAC-1-0,0.24203478,13.216561,Fibrocytes,3
GGCGTCACAGTTTCAG-1-0,6.384727,-0.32426882,Inner hair cells,3
GGCGTCAGTTCACCGG-1-0,-3.2787044,11.179769,Macrophages/Microglia,3
GGCTGTGAGCCAAGGT-1-0,2.9041498,6.010438,Supporting cells,3
GGCTTGGAGCTAATGA-1-0,5.8742986,5.6985283,Supporting cells,3
GGCTTGGCACTATGTG-1-0,0.87762946,3.0808778,Supporting cells,3
GGCTTGGCAGCTTCCT-1-0,-1.8548889,3.805773,Supporting cells,3
GGCTTGGCATTGTGCA-1-0,-1.4847001,4.3124056,Supporting cells,3
GGCTTTCAGCCAAGGT-1-0,11.180822,2.9240198,Spiral ganglion neurons,3
GGCTTTCCAATAGTGA-1-0,-2.3632944,4.482185,Supporting cells,3
GGGAAGTAGGGAGAAT-1-0,3.4267585,4.698334,Supporting cells,3
GGGAAGTAGGTCCTGC-1-0,5.042707,0.029487884,Inner hair cells,3
GGGAAGTCAGTCAGAG-1-0,5.1372843,9.628325,Supporting cells,3
GGGAAGTTCCCTATTA-1-0,0.9036215,8.2463875,Supporting cells,3
GGGACAATCCGTGTGG-1-0,-2.380476,0.76143146,Supporting cells,3
GGGACAATCTAGTGTG-1-0,0.8961755,10.775685,Fibrocytes,3
GGGACCTAGGGCAATC-1-0,-5.682201,4.431409,Fibrocytes,3
GGGACCTCAAGTATAG-1-0,0.79585314,11.029845,Fibrocytes,3
GGGACCTGTATGCTAC-1-0,2.6083632,13.095745,Fibrocytes,3
GGGACCTTCGGAATGG-1-0,3.1797822,10.10955,Supporting cells,3
GGGACTCAGACCAAGC-1-0,0.17789774,3.9952424,Supporting cells,3
GGGACTCCACTGCACG-1-0,4.7640185,5.205203,Supporting cells,3
GGGACTCCAGTGCGCT-1-0,8.907802,3.802697,Supporting cells,3
GGGAGATAGACCAAGC-1-0,3.5490987,2.188001,Supporting cells,3
GGGAGATGTGTTCGTA-1-0,4.0309196,10.376773,Supporting cells,3
GGGAGATGTTTCGTAG-1-0,-1.2442433,4.0703773,Supporting cells,3
GGGAGATTCTCCGAGG-1-0,-1.597109,1.7988678,Supporting cells,3
GGGAGTAAGCACTCCG-1-0,-1.2771852,2.4908452,Supporting cells,3
GGGATCCAGCTGACAG-1-0,7.221964,9.219228,Glia/Schwann,3
GGGATGAAGCGATGGT-1-0,2.5463445,-0.22713771,Supporting cells,3
GGGATGAAGTGTAGTA-1-0,4.8454356,0.8338499,Supporting cells,3
GGGATGAGTAGCTTTG-1-0,3.963261,6.079646,Supporting cells,3
GGGCCATCAGCTCCTT-1-0,8.712914,6.3397956,Supporting cells,3
GGGCGTTGTGACACAG-1-0,6.0227666,-0.4023623,Inner hair cells,3
GGGCTACAGATGAACT-1-0,6.8725796,2.1663208,Outer hair cells,3
GGGCTACAGTCGTTAC-1-0,-1.6056207,3.9439294,Supporting cells,3
GGGCTCAAGTGATCGG-1-0,-1.8907677,5.2594824,Supporting cells,3
GGGCTCACATGGACAG-1-0,-2.152591,7.654522,Supporting cells,3
GGGCTCAGTGTTAAAG-1-0,3.2506998,10.564333,Supporting cells,3
GGGCTCATCCAGCTCT-1-0,-1.8596252,4.030762,Supporting cells,3
GGGCTCATCGCCGAGT-1-0,8.208092,1.3927002,Outer hair cells,3
GGGTAGAGTACAACGG-1-0,5.868405,5.9148827,Supporting cells,3
GGGTAGAGTAGTCCTA-1-0,5.773317,8.029491,Glia/Schwann,3
GGGTAGAGTATTGGCT-1-0,-2.7909658,7.032956,Supporting cells,3
GGGTATTAGCTGGAGT-1-0,8.867151,4.7618003,Supporting cells,3
GGGTATTAGTATCCTG-1-0,1.2848008,1.9480013,Supporting cells,3
GGGTATTCATTCACAG-1-0,1.8866384,4.600179,Supporting cells,3
GGGTATTGTTAAGAAC-1-0,1.052955,0.9831262,Supporting cells,3
GGGTATTTCGAGTCCG-1-0,0.9508458,12.414275,Fibrocytes,3
GGGTCACCAGGCGATA-1-0,3.62009,0.33176318,Glia/Schwann,3
GGGTCACGTAAGTAGT-1-0,-1.1378824,6.6696634,Supporting cells,3
GGGTCACGTCCAGCAC-1-0,-0.03015323,4.5398936,Supporting cells,3
GGGTCTGAGTGTCATC-1-0,4.293853,4.934748,Supporting cells,3
GGGTCTGCAACTCGTA-1-0,-1.9913911,5.2154617,Supporting cells,3
GGGTCTGGTCATCGGC-1-0,-0.6433272,4.047051,Supporting cells,3
GGGTCTGGTGCTTATG-1-0,7.0355654,3.614872,Supporting cells,3
GGGTGAAAGCAGGTCA-1-0,5.636484,4.338876,Supporting cells,3
GGGTGAACAACAGCCC-1-0,0.3004231,1.5433524,Supporting cells,3
GGGTGAACAAGAGGCT-1-0,1.7720375,5.255942,Supporting cells,3
GGGTGAAGTCGCGGTT-1-0,-1.3781837,0.6151359,Supporting cells,3
GGGTGAATCTGGTCAA-1-0,-1.6852336,3.3706589,Supporting cells,3
GGGTGTCAGGCATGGT-1-0,-1.7995832,4.3651543,Supporting cells,3
GGGTGTCGTAGGTTTC-1-0,3.0738144,6.2912493,Supporting cells,3
GGGTTATAGCTCAGAG-1-0,7.5748734,9.378652,Glia/Schwann,3
GGGTTATCAAGAGTGC-1-0,6.4527497,9.958299,Supporting cells,3
GGGTTATCAATCTCGA-1-0,0.53532165,12.247141,Fibrocytes,3
GGGTTATCATGAATAG-1-0,4.157248,9.414283,Supporting cells,3
GGGTTATCATGTAACC-1-0,5.460985,2.8700364,Supporting cells,3
GGGTTATGTTAGTCGT-1-0,8.58708,4.842585,Supporting cells,3
GGGTTTAGTACTGCCG-1-0,-0.28731218,8.263932,Supporting cells,3
GGTAACTCAGTAACCT-1-0,-2.20182,4.0182476,Supporting cells,3
GGTAACTGTCTTGGTA-1-0,1.702892,4.5922437,Supporting cells,3
GGTAATCCAACATACC-1-0,6.801973,-0.38342276,Inner hair cells,3
GGTAATCGTTAGCTAC-1-0,-2.3454099,2.5174034,Supporting cells,3
GGTAGAGAGGGTCAAC-1-0,6.228961,-0.40800107,Inner hair cells,3
GGTCACGGTGACACAG-1-0,-1.8763562,4.0994816,Supporting cells,3
GGTCTGGAGCATATGA-1-0,2.718686,-0.42013937,Glia/Schwann,3
GGTCTGGCACTTGAGT-1-0,9.601924,9.249823,Glia/Schwann,3
GGTCTGGGTGAAAGTT-1-0,0.54520607,7.8737917,Supporting cells,3
GGTGAAGAGGTCGTCC-1-0,2.897858,4.982501,Supporting cells,3
GGTGAAGCACTCTAGA-1-0,5.4076424,0.71042943,Inner hair cells,3
GGTGAAGTCGGCCTTT-1-0,-1.0191351,0.58415574,Supporting cells,3
GGTGATTAGATACGAT-1-0,-2.8988774,10.6194935,Macrophages/Microglia,3
GGTGGCTCAAGATGGC-1-0,3.287333,6.1267443,Supporting cells,3
GGTGGCTCAATTGGTC-1-0,3.5309525,7.909833,Supporting cells,3
GGTGGCTTCATTACTC-1-0,-0.81142175,3.365385,Supporting cells,3
GGTGGCTTCCGCACGA-1-0,4.237178,6.1033263,Supporting cells,3
GGTGTCGTCTACTATC-1-0,2.8734264,10.587685,Supporting cells,3
GGTGTTACAATAAGGT-1-0,0.8053143,3.4301283,Supporting cells,3
GGTGTTATCCTTATAC-1-0,11.994775,2.7734804,Spiral ganglion neurons,3
GGTTAACAGGACGCAT-1-0,6.069408,6.746531,Supporting cells,3
GGTTAACCAGAGAGGG-1-0,-1.3174278,4.023427,Supporting cells,3
GGTTAACCAGCTGTCG-1-0,0.6171405,3.2104068,Supporting cells,3
GGTTCTCCACTGGCCA-1-0,11.875928,2.8759344,Spiral ganglion neurons,3
GGTTGTACAGCGCGTT-1-0,-3.2573478,4.1687346,Supporting cells,3
GGTTGTAGTCTTGCGG-1-0,2.5883737,3.1046925,Supporting cells,3
GGTTGTATCAGCGCAC-1-0,1.6619304,4.231366,Supporting cells,3
GTAACACAGTACGAGC-1-0,4.6321855,6.819954,Supporting cells,3
GTAACACAGTTCCATG-1-0,-0.43846688,3.6548781,Supporting cells,3
GTAACACAGTTGGGAC-1-0,9.681711,9.037231,Glia/Schwann,3
GTAACCACAAGTGTCT-1-0,-1.7546558,5.0298204,Supporting cells,3
GTAACCAGTGAGAGGG-1-0,-0.77142954,5.2681966,Supporting cells,3
GTAACCATCAGCCTCT-1-0,-1.4848866,2.8041086,Supporting cells,3
GTAAGTCCACACGTGC-1-0,-0.45762023,4.1318955,Supporting cells,3
GTAAGTCCAGTCACGC-1-0,2.518183,5.460246,Supporting cells,3
GTAAGTCGTGGACCTC-1-0,4.6163526,6.4426713,Supporting cells,3
GTAAGTCTCCCTGTTG-1-0,-1.7426004,8.996728,Fibrocytes,3
GTAATCGCAGCAGAAC-1-0,10.091188,5.321277,Supporting cells,3
GTAATCGCATATTCGG-1-0,-5.820054,4.856727,Fibrocytes,3
GTAATCGGTGCCGTTG-1-0,3.333294,3.4436538,Supporting cells,3
GTAATGCAGCTATCCA-1-0,-0.03111811,8.282273,Supporting cells,3
GTAATGCTCACCTTGC-1-0,-1.8587089,3.8105035,Supporting cells,3
GTACAACCAGTTTGGT-1-0,9.914518,5.2209373,Supporting cells,3
GTACAACGTACCAGAG-1-0,2.2304106,9.182863,Supporting cells,3
GTACAGTGTCTGTGCG-1-0,-0.8461195,2.965385,Supporting cells,3
GTACAGTGTGCAATGG-1-0,3.237229,5.1112237,Supporting cells,3
GTACAGTTCCAGTTCC-1-0,1.5565168,13.251019,Fibrocytes,3
GTAGAAACAACACGTT-1-0,7.8453183,1.6365542,Outer hair cells,3
GTAGAAACAGTGTGCC-1-0,-2.0885158,3.017503,Supporting cells,3
GTAGAAAGTACTGACT-1-0,5.268194,7.761804,Supporting cells,3
GTAGAAATCCAAGCCG-1-0,8.848912,9.5450735,Glia/Schwann,3
GTAGAGGAGATGCCGA-1-0,1.1303066,1.0405439,Supporting cells,3
GTAGAGGTCAGAGCAG-1-0,8.867211,6.4411054,Supporting cells,3
GTAGATCCATTAAAGG-1-0,0.29605037,1.653988,Supporting cells,3
GTAGATCGTAACTGCT-1-0,3.5875666,0.87236106,Glia/Schwann,3
GTAGATCTCCACGAAT-1-0,-3.076575,10.470508,Macrophages/Microglia,3
GTAGATCTCTATTTCG-1-0,3.3816128,4.963767,Supporting cells,3
GTAGCTAAGGACATCG-1-0,5.3183327,5.968981,Supporting cells,3
GTAGCTAGTACTCCGG-1-0,-2.0847766,3.5236905,Supporting cells,3
GTAGGAGTCATACGGT-1-0,-2.3819294,11.269035,Macrophages/Microglia,3
GTAGGAGTCTACCCAC-1-0,-1.2392491,2.108697,Supporting cells,3
GTAGGTTAGGAGACCT-1-0,-3.2477741,7.0116925,Supporting cells,3
GTAGGTTAGGTAGTAT-1-0,9.9784,3.165312,Spiral ganglion neurons,3
GTAGGTTGTTTACGAC-1-0,3.5237343,1.5523403,Glia/Schwann,3
GTAGTACAGGTGCATG-1-0,6.8233743,4.0308475,Glia/Schwann,3
GTAGTACAGTGGATTA-1-0,1.0862784,7.954402,Supporting cells,3
GTAGTACCACGTATAC-1-0,8.703012,6.665693,Supporting cells,3
GTAGTACGTCTGTGGC-1-0,1.4340253,7.750961,Supporting cells,3
GTATTGGAGCAAGGAA-1-0,-2.462926,3.9924035,Supporting cells,3
GTATTTCCACGGTCTG-1-0,5.245588,3.98011,Supporting cells,3
GTATTTCTCATTGCTT-1-0,-1.2415286,3.197698,Supporting cells,3
GTCAAACCAAAGTATG-1-0,-4.7968416,4.843455,Fibrocytes,3
GTCAAACCAGAGGGTT-1-0,9.988955,3.4681334,Spiral ganglion neurons,3
GTCAAACCATTGCTGA-1-0,-1.9498305,5.620858,Supporting cells,3
GTCAAACGTGTTGATC-1-0,9.83974,3.5525005,Spiral ganglion neurons,3
GTCAAACTCAGTCCGG-1-0,-0.18012938,3.2158988,Supporting cells,3
GTCAAGTCATGATCTG-1-0,-0.78145015,7.9071264,Supporting cells,3
GTCAAGTCATTCAGCA-1-0,4.718803,5.367253,Supporting cells,3
GTCACGGAGGAACGAA-1-0,-1.4813055,1.349144,Supporting cells,3
GTCACGGGTCCACATA-1-0,3.4288821,0.9759708,Glia/Schwann,3
GTCACTCAGACGGAAA-1-0,7.1399665,6.074463,Supporting cells,3
GTCACTCTCGTCTACC-1-0,2.1554108,12.59657,Fibrocytes,3
GTCACTCTCTCTCGCA-1-0,-0.8145181,3.0405185,Supporting cells,3
GTCAGCGCAAGCTCTA-1-0,0.6679363,2.0952075,Supporting cells,3
GTCAGCGGTGCAACGA-1-0,2.5511103,5.1818876,Supporting cells,3
GTCAGCGTCACTCACC-1-0,0.5138305,3.2953465,Supporting cells,3
GTCAGCGTCGCTCCTA-1-0,8.808449,8.954055,Glia/Schwann,3
GTCATCCCACTAACGT-1-0,4.792194,5.9092216,Supporting cells,3
GTCATCCCAGAGGGTT-1-0,3.397507,3.1594996,Supporting cells,3
GTCATGACACAGAAGC-1-0,1.7191693,11.63353,Supporting cells,3
GTCATTTCAATCTGCA-1-0,8.270176,1.3259771,Outer hair cells,3
GTCATTTCACTACGGC-1-0,10.05684,2.995136,Spiral ganglion neurons,3
GTCATTTGTCTTGCGG-1-0,1.940945,4.515768,Supporting cells,3
GTCATTTGTGAGATTA-1-0,2.5577426,7.222459,Supporting cells,3
GTCCACTCACAAGCAG-1-0,7.2329803,2.116738,Outer hair cells,3
GTCCACTGTCCTCCAT-1-0,5.005592,5.7086153,Supporting cells,3
GTCCCATAGAATCGTA-1-0,5.085774,3.1897209,Supporting cells,3
GTCCCATCAGCTACAT-1-0,1.6914866,7.280785,Supporting cells,3
GTCCCATGTGCAGATG-1-0,3.415108,3.0338738,Supporting cells,3
GTCGAATAGGTAAGTT-1-0,-0.73659617,4.212099,Supporting cells,3
GTCGAATGTACGGGAT-1-0,-3.5921838,6.9895844,Supporting cells,3
GTCGCGACAAAGTATG-1-0,-1.6984204,7.1327662,Supporting cells,3
GTCGTAAAGTGCACTT-1-0,3.9349358,4.8962197,Supporting cells,3
GTCGTTCCACGACGTC-1-0,0.42124897,12.903831,Fibrocytes,3
GTCGTTCGTACTGAGG-1-0,-3.694471,6.7803864,Supporting cells,3
GTCGTTCGTGACAACG-1-0,9.23059,8.665039,Glia/Schwann,3
GTCTACCCAATACGCT-1-0,2.9831467,3.1147745,Supporting cells,3
GTCTACCGTGACCGAA-1-0,-2.3216515,4.3728867,Supporting cells,3
GTCTACCGTTGAATCC-1-0,-2.0354116,1.4199033,Supporting cells,3
GTCTAGACATAGATCC-1-0,-5.1173863,4.850971,Fibrocytes,3
GTCTCACTCATGAGAA-1-0,2.6457474,9.629813,Supporting cells,3
GTCTCACTCCGTTGGG-1-0,-1.8974576,4.257751,Supporting cells,3
GTCTGTCGTAAGAACT-1-0,0.93001026,11.02695,Fibrocytes,3
GTCTGTCTCCTAAACG-1-0,5.2781367,5.114675,Supporting cells,3
GTCTTTACATGGCTGC-1-0,-1.632597,4.2305803,Supporting cells,3
GTCTTTATCGGCCTTT-1-0,-1.3103936,3.4098089,Supporting cells,3
GTGACGCAGAGGCGGA-1-0,-2.1606283,2.8348606,Supporting cells,3
GTGACGCAGTGCTACT-1-0,5.7723575,5.0852633,Supporting cells,3
GTGACGCGTAGCGAGT-1-0,6.2584815,4.4640465,Supporting cells,3
GTGACGCTCGCCATAA-1-0,4.7872744,4.946086,Supporting cells,3
GTGAGCCAGAAATCCA-1-0,2.8617961,10.508476,Supporting cells,3
GTGAGCCTCTCTGAGA-1-0,-1.8133562,1.2968692,Supporting cells,3
GTGAGGACATCTTAGG-1-0,6.191879,2.2858381,Supporting cells,3
GTGAGGAGTACGACAG-1-0,5.498963,0.38230494,Inner hair cells,3
GTGAGGAGTTTGTGGT-1-0,-0.78097165,3.0320885,Supporting cells,3
GTGAGGATCAACTGAC-1-0,7.090372,1.5585014,Outer hair cells,3
GTGAGTTCAAGACCGA-1-0,3.0793517,4.469775,Supporting cells,3
GTGAGTTGTACTGCCG-1-0,3.045374,8.550646,Supporting cells,3
GTGAGTTGTATCGAAA-1-0,3.5490875,2.9633167,Supporting cells,3
GTGATGTTCGCGCCAA-1-0,8.667093,8.930088,Glia/Schwann,3
GTGCACGCACTTCCTG-1-0,3.294834,9.411572,Supporting cells,3
GTGCACGCAGCATGCC-1-0,4.7863326,7.4317575,Supporting cells,3
GTGCACGGTACACTCA-1-0,-2.4717605,2.6133294,Supporting cells,3
GTGCAGCGTTTCGTAG-1-0,-1.5177838,1.0589688,Supporting cells,3
GTGCAGCTCTGACCCT-1-0,0.36086324,2.1085217,Supporting cells,3
GTGCTGGCACACGTGC-1-0,3.433601,2.337294,Supporting cells,3
GTGCTGGTCGTAGCCG-1-0,-0.54715204,3.3405483,Supporting cells,3
GTGCTGGTCTCCTGTG-1-0,-2.7455585,2.8243382,Supporting cells,3
GTGCTTCCAATCCTAG-1-0,4.856175,4.45013,Supporting cells,3
GTGCTTCCATGGCCAC-1-0,-3.0160174,10.2927885,Macrophages/Microglia,3
GTGCTTCTCATCAGTG-1-0,-2.303574,1.7868379,Supporting cells,3
GTGCTTCTCCATTCAT-1-0,0.5695126,12.696019,Fibrocytes,3
GTGCTTCTCCTGTTAT-1-0,-1.5200201,3.6151047,Supporting cells,3
GTGGAAGTCGATTTCT-1-0,8.479629,6.3219333,Supporting cells,3
GTGGAAGTCGTGCATA-1-0,0.5144252,7.3153324,Supporting cells,3
GTGGAGAAGAGAGTGA-1-0,7.9317713,1.6965384,Outer hair cells,3
GTGGAGAGTTGGGACA-1-0,5.559913,5.9211473,Supporting cells,3
GTGGGAAAGCATAGGC-1-0,3.1200163,4.0004897,Supporting cells,3
GTGGGAACAGCGGTTC-1-0,3.9273412,6.551365,Supporting cells,3
GTGGGAATCGACCCAG-1-0,-0.62399954,0.8663445,Supporting cells,3
GTGGGAATCGTAGCCG-1-0,4.4612107,10.798438,Supporting cells,3
GTGGGAATCTGCGGAC-1-0,-2.9087625,2.3519409,Supporting cells,3
GTGGTTAAGCCTCCAG-1-0,4.584897,10.431131,Supporting cells,3
GTGGTTACAGCGGTTC-1-0,3.7946615,5.345245,Supporting cells,3
GTGGTTACATAGATCC-1-0,0.54209775,13.415847,Fibrocytes,3
GTGTCCTAGACCTCCG-1-0,1.15914,11.470362,Fibrocytes,3
GTGTCCTCAACAAGAT-1-0,-1.9588441,-0.48891184,Supporting cells,3
GTGTCCTGTCCTGGGT-1-0,-2.3781986,2.2249036,Supporting cells,3
GTGTCCTTCCTTTGAT-1-0,-1.7780087,0.7439809,Supporting cells,3
GTGTCCTTCTACACTT-1-0,2.7414136,10.590949,Supporting cells,3
GTGTGATAGGGAGGGT-1-0,5.515458,3.143631,Supporting cells,3
GTGTGATAGTTAGAAC-1-0,7.5885296,8.487716,Glia/Schwann,3
GTGTGATCAGTTGAAA-1-0,2.917488,9.878034,Supporting cells,3
GTGTGATTCACTTGGA-1-0,8.73123,8.279792,Glia/Schwann,3
GTGTGGCCAGTTTGGT-1-0,5.8344917,1.3100116,Inner hair cells,3
GTGTGGCTCCGATGCG-1-0,6.874225,1.868758,Outer hair cells,3
GTGTTAGGTTCAATCG-1-0,-2.6499636,2.399971,Supporting cells,3
GTTACAGAGTAGGCCA-1-0,-2.3983984,-0.7280157,Supporting cells,3
GTTACAGAGTTGAAGT-1-0,-1.389142,4.294337,Supporting cells,3
GTTACAGCACCGTGGT-1-0,-3.0365243,5.220767,Fibrocytes,3
GTTACAGCAGCGCTTG-1-0,-0.3783736,3.4572058,Supporting cells,3
GTTACAGCATTACGGT-1-0,-1.8440584,7.0452914,Supporting cells,3
GTTACAGTCACCATCC-1-0,6.2635226,4.8376784,Supporting cells,3
GTTACCCAGGAAAGTG-1-0,2.20699,6.9554896,Supporting cells,3
GTTACCCCAAATGCTC-1-0,1.1434146,4.050654,Supporting cells,3
GTTACCCCAGAACTTC-1-0,3.4225063,5.113044,Supporting cells,3
GTTACCCGTCAGGAGT-1-0,1.5151242,4.8611245,Supporting cells,3
GTTACGAAGCTAAACA-1-0,5.1619353,7.1985188,Supporting cells,3
GTTACGACAGCCTACG-1-0,4.6046925,3.7542677,Supporting cells,3
GTTACGAGTGGATCAG-1-0,4.3713126,5.57529,Supporting cells,3
GTTAGACCATCCGATA-1-0,-2.777469,4.012428,Supporting cells,3
GTTAGACGTGATCGTT-1-0,3.430484,9.236954,Supporting cells,3
GTTAGACTCCGCAGTG-1-0,9.630387,5.156967,Supporting cells,3
GTTAGTGTCCGAGGCT-1-0,-5.3854795,5.0541677,Fibrocytes,3
GTTATGGAGACCCGCT-1-0,4.2384863,8.199146,Supporting cells,3
GTTATGGAGCATTTGC-1-0,4.3249397,4.925503,Supporting cells,3
GTTATGGCAACCACAT-1-0,2.8726358,4.048778,Supporting cells,3
GTTATGGCAGCTGTTA-1-0,9.643035,3.6040506,Spiral ganglion neurons,3
GTTATGGCAGTAACCT-1-0,-4.6897154,4.948687,Fibrocytes,3
GTTATGGGTGCAAGAC-1-0,2.184399,2.664845,Supporting cells,3
GTTATGGTCATCTCTA-1-0,8.15802,4.8307934,Supporting cells,3
GTTATGGTCCCGTAAA-1-0,3.7401435,0.9926286,Glia/Schwann,3
GTTCATTTCGCCATAA-1-0,6.588694,-0.27956915,Inner hair cells,3
GTTCCGTAGCAGGGAG-1-0,3.72126,7.1772094,Supporting cells,3
GTTCCGTCAGGCAATG-1-0,-1.2720512,3.790813,Supporting cells,3
GTTCCGTCATAGACTC-1-0,-1.2841692,4.0709105,Supporting cells,3
GTTCCGTGTTAATCGC-1-0,-0.319265,2.9612064,Supporting cells,3
GTTCGCTAGACCAAGC-1-0,4.2398667,4.869889,Supporting cells,3
GTTCGCTAGGTCGTGA-1-0,-1.0010892,4.9034657,Supporting cells,3
GTTCGCTGTACGGCAA-1-0,8.592677,6.726498,Supporting cells,3
GTTCGCTTCCGATGCG-1-0,9.027669,4.0881863,Macrophages/Microglia,3
GTTCTATAGCCTTGAT-1-0,-1.8487266,2.040711,Supporting cells,3
GTTCTATGTTTGCAGT-1-0,-1.4432967,4.273069,Supporting cells,3
GTTCTATTCATAAGGA-1-0,-0.06818718,3.7492504,Supporting cells,3
GTTGAACAGGTTCTAC-1-0,0.5826692,12.511193,Fibrocytes,3
GTTGAACCACAGCATT-1-0,-1.649247,4.221329,Supporting cells,3
GTTGCGGAGCTACTGT-1-0,2.8748784,-0.44275737,Glia/Schwann,3
GTTGCGGCAAGAATGT-1-0,9.949198,3.4258413,Spiral ganglion neurons,3
GTTGCGGCACTGAGTT-1-0,-0.29973814,4.829788,Supporting cells,3
GTTGCGGGTCGTATGT-1-0,-1.8313873,4.2753963,Supporting cells,3
GTTGCGGTCCACGGGT-1-0,0.33290568,2.2600572,Supporting cells,3
GTTGCGGTCCCGAACG-1-0,4.5134,9.098096,Supporting cells,3
GTTGCGGTCGACGTCG-1-0,6.5248265,9.007969,Glia/Schwann,3
GTTGCTCAGGGTACAC-1-0,5.1617274,0.3865976,Inner hair cells,3
GTTGCTCAGTTCGGTT-1-0,3.5791306,10.949765,Supporting cells,3
GTTGCTCGTACCTTCC-1-0,7.2021646,4.6192713,Supporting cells,3
GTTGCTCGTATTTCCT-1-0,4.4105673,5.462233,Supporting cells,3
GTTGCTCGTCATCCCT-1-0,8.974097,4.8168454,Supporting cells,3
GTTGCTCTCATTATCC-1-0,-1.2878809,2.355104,Supporting cells,3
GTTGTCCCACACCTGG-1-0,2.3317041,4.183959,Supporting cells,3
GTTGTCCGTAATCAAG-1-0,9.772364,3.0923154,Spiral ganglion neurons,3
GTTGTCCGTGGACAGT-1-0,4.456405,11.017046,Supporting cells,3
GTTGTCCGTGTTAGCT-1-0,-2.5503793,4.2453847,Supporting cells,3
GTTGTCCGTTACACTG-1-0,7.8014226,1.5988768,Outer hair cells,3
GTTGTCCTCAAGTGGG-1-0,-1.719862,4.3034105,Supporting cells,3
GTTGTGAAGATGTTAG-1-0,0.6040179,12.299123,Fibrocytes,3
GTTGTGAAGGGTGAAA-1-0,2.6653237,-0.41008395,Supporting cells,3
GTTGTGACAGTTAGAA-1-0,5.7283707,-0.049464714,Inner hair cells,3
GTTGTGAGTAACGTTC-1-0,-0.8201129,3.0454752,Supporting cells,3
GTTGTGATCATCTCTA-1-0,-2.021572,4.86693,Supporting cells,3
GTTTACTAGCCTCAGC-1-0,-1.565606,4.209787,Supporting cells,3
GTTTACTCACTTACAG-1-0,0.3254366,3.2866836,Supporting cells,3
GTTTACTGTTAGTTCG-1-0,5.9119687,-0.39074692,Inner hair cells,3
TAACACGAGGCGATAC-1-0,-2.989757,2.3555284,Supporting cells,3
TAACACGCAAGAGAGA-1-0,-1.2172015,1.2477665,Supporting cells,3
TAACACGCAGCATCTA-1-0,3.676894,7.69085,Supporting cells,3
TAACACGTCCAGGACC-1-0,4.156993,10.285106,Supporting cells,3
TAACACGTCTAGAACC-1-0,-0.39029533,5.018461,Supporting cells,3
TAACCAGAGCCATATC-1-0,8.475523,8.974173,Glia/Schwann,3
TAACCAGAGTGCTAGG-1-0,-5.5692563,5.050258,Fibrocytes,3
TAACCAGTCTGCCCTA-1-0,4.3509727,9.051097,Supporting cells,3
TAACGACAGATTGATG-1-0,1.0864149,11.253035,Fibrocytes,3
TAACGACAGTAAGGGA-1-0,8.009987,4.9016414,Supporting cells,3
TAACGACCACACCGAC-1-0,6.4500804,-0.18793322,Inner hair cells,3
TAACGACGTTCAAGGG-1-0,0.49611267,11.389094,Fibrocytes,3
TAACTTCAGCGGGTTA-1-0,9.015499,4.8383756,Supporting cells,3
TAACTTCCATATCTCT-1-0,1.7751459,4.2441645,Supporting cells,3
TAACTTCTCTCTGCTG-1-0,7.055742,-0.9614732,Inner hair cells,3
TAAGCACAGGTCCTGC-1-0,-4.3130317,5.1505694,Fibrocytes,3
TAAGCACCAGTATGAA-1-0,0.11691084,1.747734,Supporting cells,3
TAAGCACGTCAACCAT-1-0,5.6762085,5.2241907,Supporting cells,3
TAAGCACGTGTCTTAG-1-0,-4.5482965,4.5015116,Fibrocytes,3
TAAGCACTCGGTAACT-1-0,6.823402,7.016312,Glia/Schwann,3
TAAGCACTCTGCTGAA-1-0,5.5057683,4.326886,Supporting cells,3
TAAGCCAAGCATTGTC-1-0,-1.803893,1.4528515,Supporting cells,3
TAAGCCAAGCCGCACT-1-0,11.663248,2.7366345,Spiral ganglion neurons,3
TAAGCCACAAGGTACG-1-0,11.885656,3.570204,Spiral ganglion neurons,3
TAAGCCACAAGTATCC-1-0,-0.32866865,2.9735343,Supporting cells,3
TAAGCCACAGCACGAA-1-0,-2.7861526,2.4328847,Supporting cells,3
TAAGCCAGTCCGGACT-1-0,-0.1823441,2.9679172,Supporting cells,3
TAAGTCGAGCATCAGG-1-0,-1.1484212,0.55665296,Supporting cells,3
TAAGTCGGTAGGCTCC-1-0,6.888825,9.0649805,Glia/Schwann,3
TAATCTCAGGTGTGAC-1-0,0.56616735,2.9322846,Supporting cells,3
TAATCTCAGGTTCTAC-1-0,5.603989,4.3989663,Supporting cells,3
TAATCTCCAGACAAGC-1-0,-0.27916664,3.448744,Supporting cells,3
TAATCTCGTATGGAAT-1-0,1.0250933,7.3301954,Supporting cells,3
TAATCTCGTTGCGTAT-1-0,2.4356854,12.6292305,Fibrocytes,3
TAATTCCCAGAGTTGG-1-0,-3.4807763,7.360509,Supporting cells,3
TACAACGAGACCGTTT-1-0,-2.294629,10.934903,Macrophages/Microglia,3
TACAACGAGATAGCTA-1-0,4.2453146,5.940625,Supporting cells,3
TACAACGCACCTCAGG-1-0,5.4389677,2.376691,Supporting cells,3
TACAACGCATAGATCC-1-0,2.9469001,10.34236,Supporting cells,3
TACAACGGTATGGAAT-1-0,-4.4992633,4.40228,Fibrocytes,3
TACAACGGTCGCTCGA-1-0,-0.39057717,2.034257,Supporting cells,3
TACACCCTCTAGACAC-1-0,6.3491526,6.8312345,Glia/Schwann,3
TACAGGTCAGAGTAAT-1-0,-3.1910574,3.452525,Supporting cells,3
TACAGGTTCATCCCGT-1-0,4.076705,6.116781,Supporting cells,3
TACAGGTTCATCGACA-1-0,-1.5700198,1.2109628,Supporting cells,3
TACATTCAGGTAGTAT-1-0,-1.3493217,2.4575417,Supporting cells,3
TACATTCCAGTTAGGG-1-0,6.1611047,2.7943046,Supporting cells,3
TACATTCGTGGTCTGC-1-0,-2.288498,3.0725694,Supporting cells,3
TACATTCTCGTGAGAG-1-0,-0.6383994,3.5880072,Supporting cells,3
TACCCACAGGAGGGTG-1-0,1.808865,5.4074807,Supporting cells,3
TACCCACCAAATAGCA-1-0,7.9066978,6.3236446,Supporting cells,3
TACCCACTCGCGCTGA-1-0,9.99112,9.119406,Glia/Schwann,3
TACCCGTAGCAGCCCT-1-0,-3.0737624,10.265675,Macrophages/Microglia,3
TACCCGTAGGAAAGGT-1-0,7.585712,7.9868574,Glia/Schwann,3
TACCCGTCAAGGCAAC-1-0,-2.3037088,0.73992145,Supporting cells,3
TACCCGTCAGAACTCT-1-0,3.1689184,5.718041,Supporting cells,3
TACCCGTGTATGGTTC-1-0,-1.6100519,1.6422491,Supporting cells,3
TACCCGTTCAAGATAG-1-0,-2.7024913,2.0974386,Supporting cells,3
TACCCGTTCTACTATC-1-0,6.8562403,-0.33124492,Inner hair cells,3
TACCGAAAGCACTTTG-1-0,-2.6553755,10.091639,Macrophages/Microglia,3
TACCGAAAGTAACCGG-1-0,-1.8495889,3.1054492,Supporting cells,3
TACCGAACACTAGAGG-1-0,4.631284,6.6517944,Supporting cells,3
TACCGGGAGCGATCGA-1-0,2.4409862,5.4763694,Supporting cells,3
TACCGGGAGGTACAGC-1-0,-1.8338693,4.0378556,Supporting cells,3
TACCGGGAGTTGCCTA-1-0,-2.3655615,3.321979,Supporting cells,3
TACCGGGCAATGACCT-1-0,5.1088505,6.3718987,Supporting cells,3
TACCGGGTCTTGATTC-1-0,4.4440403,8.960424,Supporting cells,3
TACCTCGTCCTCAGAA-1-0,2.7306242,6.046843,Supporting cells,3
TACCTCGTCTCGAGTA-1-0,-1.5633217,3.7473595,Supporting cells,3
TACCTGCAGTCTGCAT-1-0,11.965668,2.8653288,Spiral ganglion neurons,3
TACCTGCCAAAGGCGT-1-0,3.391077,0.6667998,Glia/Schwann,3
TACCTGCTCCTGTACC-1-0,0.61268336,12.815629,Fibrocytes,3
TACGGGCCAGATTAAG-1-0,-0.07552466,3.1337035,Supporting cells,3
TACGGGCGTGTCTTGA-1-0,-1.6817508,1.7892532,Supporting cells,3
TACGGTAAGCGACCCT-1-0,-2.2368777,4.240777,Supporting cells,3
TACGGTAAGCGTGTCC-1-0,-2.6341574,3.0250947,Supporting cells,3
TACGGTACAGTCAGAG-1-0,-1.4468939,4.0151167,Supporting cells,3
TACGGTAGTTGCGGAA-1-0,4.270511,3.7547822,Supporting cells,3
TACGGTATCCACCTCA-1-0,-0.9439981,3.2322726,Supporting cells,3
TACGTCCAGTATGGAT-1-0,-2.012564,1.6686076,Supporting cells,3
TACGTCCCAGGTGGAT-1-0,10.799878,3.7594774,Spiral ganglion neurons,3
TACTGCCAGAGCTGAC-1-0,1.2383568,1.8543124,Supporting cells,3
TACTGCCAGGGACAGG-1-0,0.2957742,3.1102917,Supporting cells,3
TACTGCCGTCTGTCAA-1-0,3.3535903,9.645575,Supporting cells,3
TACTTACAGAGATTCA-1-0,1.139338,10.93007,Fibrocytes,3
TACTTACAGTCACTGT-1-0,-1.1793993,0.09851909,Supporting cells,3
TACTTACGTGTACGCC-1-0,2.8921363,10.18511,Supporting cells,3
TACTTACTCCAGCACG-1-0,4.088922,9.368801,Supporting cells,3
TACTTACTCGAGCTGC-1-0,7.6718597,1.5549976,Outer hair cells,3
TACTTCAAGCCTGAGA-1-0,1.2199471,11.422105,Fibrocytes,3
TACTTCAAGCGAATGC-1-0,-2.2028577,0.8043234,Supporting cells,3
TACTTCACATCATTGG-1-0,-1.3074894,2.7271192,Supporting cells,3
TACTTGTGTAATTAGG-1-0,-1.1443863,4.227761,Supporting cells,3
TACTTGTGTTTAGAGA-1-0,3.7090328,6.206008,Supporting cells,3
TACTTGTTCAGGGATG-1-0,-1.1791463,0.36862072,Supporting cells,3
TAGACCAAGATAGCTA-1-0,3.6578586,6.2319,Supporting cells,3
TAGACCAAGCCGCTTG-1-0,1.747102,6.782859,Supporting cells,3
TAGACCAAGGTCCGAA-1-0,-0.92415696,-0.9176228,Supporting cells,3
TAGACCACACATTACG-1-0,-1.0788367,7.0417542,Supporting cells,3
TAGACCAGTGCCTTCT-1-0,2.4517505,4.231096,Supporting cells,3
TAGACTGAGAGGATGA-1-0,-1.6625812,3.807689,Supporting cells,3
TAGACTGCAGGGATAC-1-0,4.0946903,8.957637,Supporting cells,3
TAGACTGGTAGATTAG-1-0,1.6124809,6.3139405,Supporting cells,3
TAGACTGTCTCACTCG-1-0,6.124354,2.9277964,Supporting cells,3
TAGAGTCAGGAAGTGA-1-0,-1.4730343,2.172017,Supporting cells,3
TAGATCGAGCCGTTAT-1-0,5.095121,7.6108966,Supporting cells,3
TAGATCGAGCTACGTT-1-0,6.7521334,-0.24663423,Inner hair cells,3
TAGATCGAGGGAGGCA-1-0,-1.781052,0.66753685,Supporting cells,3
TAGATCGAGTTAGAAC-1-0,5.671772,1.8862045,Supporting cells,3
TAGATCGCATCCGGCA-1-0,1.8043803,7.394841,Supporting cells,3
TAGCACAAGAACAGGA-1-0,8.62704,1.1168146,Outer hair cells,3
TAGCACAGTCAACATC-1-0,1.9980124,7.6044393,Supporting cells,3
TAGCACATCCCGGTAG-1-0,-2.119468,-1.075272,Supporting cells,3
TAGGAGGAGCTGTCCG-1-0,4.2347035,6.401377,Supporting cells,3
TAGGAGGCAGAACTTC-1-0,0.64420813,6.855949,Supporting cells,3
TAGGGTTAGGGCTGAT-1-0,-0.022664482,3.051554,Supporting cells,3
TAGGGTTCAGATCACT-1-0,0.5477073,11.6548195,Fibrocytes,3
TAGGGTTGTCAAAGAT-1-0,0.7740485,10.880441,Fibrocytes,3
TAGGGTTGTTACCCTC-1-0,4.8081694,7.2347198,Supporting cells,3
TAGGGTTTCGAGAACG-1-0,8.764998,4.981743,Supporting cells,3
TAGGTACAGCCAGTAG-1-0,5.477369,2.299515,Supporting cells,3
TAGGTTGTCCCGTTCA-1-0,-1.4637961,5.2539115,Supporting cells,3
TAGTGCAAGGTCATAA-1-0,-1.4112768,6.367717,Supporting cells,3
TAGTGCAGTCGAGTGA-1-0,0.8336155,11.356792,Fibrocytes,3
TAGTGCAGTGAGCGAT-1-0,-2.0444348,3.5268266,Supporting cells,3
TAGTGCAGTGCGGCTT-1-0,6.8894253,9.069836,Glia/Schwann,3
TAGTGCATCGGACCAC-1-0,1.6691005,5.3014174,Supporting cells,3
TAGTGCATCTGGCCAG-1-0,4.836973,3.2086344,Supporting cells,3
TATACCTAGGACGCAT-1-0,3.591391,3.2777746,Supporting cells,3
TATACCTCAAATCCCA-1-0,-1.2940431,3.3496354,Supporting cells,3
TATACCTCAACTTCTT-1-0,8.379701,0.968433,Outer hair cells,3
TATACCTGTGGCCTCA-1-0,10.373047,9.518389,Glia/Schwann,3
TATATCCCACCGTCTT-1-0,-1.1729088,3.619006,Supporting cells,3
TATATCCGTGAGGAAA-1-0,0.60982287,3.3032045,Supporting cells,3
TATATCCGTTCAGCTA-1-0,3.7200503,8.055227,Supporting cells,3
TATATCCTCCAGGACC-1-0,-2.2085564,1.5910484,Supporting cells,3
TATATCCTCTACTCAT-1-0,-0.31197447,8.369665,Supporting cells,3
TATATCCTCTGGTTGA-1-0,4.525747,4.461162,Supporting cells,3
TATCAGGCACCAGCGT-1-0,6.18881,6.6003737,Supporting cells,3
TATCAGGCAGACCGCT-1-0,-1.2224807,7.1602316,Supporting cells,3
TATCAGGGTCCCGTGA-1-0,0.6592494,2.2029698,Supporting cells,3
TATCAGGGTGAACTAA-1-0,-2.3069112,2.9709885,Supporting cells,3
TATCAGGGTTGTGGCC-1-0,-0.30209118,3.1566043,Supporting cells,3
TATCAGGTCGTGTGGC-1-0,7.818377,1.8722935,Outer hair cells,3
TATCCTAAGGCTAGCA-1-0,-1.8090171,3.5297859,Supporting cells,3
TATCCTACACTTTAGG-1-0,4.14502,10.314783,Supporting cells,3
TATCCTAGTAAGCTCT-1-0,2.566362,7.6168995,Supporting cells,3
TATCCTATCCCATACC-1-0,9.831854,3.486639,Spiral ganglion neurons,3
TATCGCCAGACCAAGC-1-0,9.929464,5.2449393,Supporting cells,3
TATCGCCAGCGTGCTC-1-0,-0.88946605,4.020764,Supporting cells,3
TATCGCCAGTTCGGTT-1-0,4.0801272,5.007756,Supporting cells,3
TATCGCCCAATAGAGT-1-0,9.00519,3.7873409,Supporting cells,3
TATCGCCCAGCGTAGA-1-0,4.5164,4.7184677,Supporting cells,3
TATCGCCGTCCTGTCT-1-0,2.1233735,11.929026,Fibrocytes,3
TATCGCCTCGGCACTG-1-0,6.379227,2.3531191,Outer hair cells,3
TATCTGTAGACAGTCG-1-0,2.2214434,9.560931,Supporting cells,3
TATCTGTCACAATCTG-1-0,-3.2376063,10.674508,Macrophages/Microglia,3
TATCTGTTCACTTATC-1-0,7.310333,1.515259,Outer hair cells,3
TATCTGTTCCGCTTAC-1-0,4.896056,3.5822618,Supporting cells,3
TATCTGTTCGAAGAAT-1-0,-2.4221401,1.3347527,Supporting cells,3
TATCTTGGTCGCACAC-1-0,2.4023106,5.400918,Supporting cells,3
TATCTTGTCGCTCTCA-1-0,-1.9846816,5.0701237,Supporting cells,3
TATGTTCCAATTGAGA-1-0,0.7247151,11.11433,Fibrocytes,3
TATGTTCGTACAGCGA-1-0,4.1467724,5.1546316,Supporting cells,3
TATGTTCTCCAGTACA-1-0,-1.7444665,4.117327,Supporting cells,3
TATGTTCTCGTTCCTG-1-0,-0.66236615,2.806805,Supporting cells,3
TATTCCACATTGGATC-1-0,1.4122214,7.176935,Supporting cells,3
TATTCCAGTACGTGTT-1-0,2.9676921,10.30793,Supporting cells,3
TATTCCAGTCGAACAG-1-0,3.7122824,5.2530913,Supporting cells,3
TATTCCAGTGTTCGTA-1-0,4.2996974,9.172235,Supporting cells,3
TATTCCAGTTTAGTCG-1-0,4.165649,2.7739594,Supporting cells,3
TATTCCATCACATCAG-1-0,2.3594916,7.534524,Supporting cells,3
TATTGCTCACACACTA-1-0,0.2837156,3.1556017,Supporting cells,3
TATTGCTTCTGTTGGA-1-0,4.590429,6.1814137,Supporting cells,3
TATTGGGAGCGCGTTC-1-0,-1.9098474,4.3032794,Supporting cells,3
TATTGGGCAACTGATC-1-0,9.09606,1.0079267,Outer hair cells,3
TATTGGGCATAGAAAC-1-0,9.494929,3.7573023,Spiral ganglion neurons,3
TATTGGGTCACTCGAA-1-0,-1.7379875,1.5721146,Supporting cells,3
TATTTCGAGAATCCCT-1-0,-1.3232445,3.2391276,Supporting cells,3
TATTTCGCAGCAGACA-1-0,-2.7699459,4.187229,Supporting cells,3
TATTTCGGTACAAAGT-1-0,3.185461,4.889154,Supporting cells,3
TATTTCGTCACCGGTG-1-0,8.568998,6.607192,Supporting cells,3
TCAAGACTCTTAGCCC-1-0,4.1048856,10.027214,Supporting cells,3
TCAAGCAAGTAGCATA-1-0,4.713658,6.0063167,Supporting cells,3
TCAAGCAGTTCGGGTC-1-0,4.9113894,2.1916125,Supporting cells,3
TCAAGTGAGCAGTAAT-1-0,5.9520497,2.890376,Supporting cells,3
TCAAGTGCAGGATCTT-1-0,3.0596871,6.628705,Fibrocytes,3
TCAATCTAGATGCTGG-1-0,4.5674706,8.501295,Supporting cells,3
TCAATCTAGATTAGAC-1-0,5.9307203,5.307872,Supporting cells,3
TCAATCTAGTGCACAG-1-0,3.01901,10.733635,Supporting cells,3
TCAATCTCACCTTCGT-1-0,-3.3204427,6.709762,Supporting cells,3
TCAATTCGTAGCCCTG-1-0,4.945915,4.2899666,Supporting cells,3
TCAATTCGTCGGCACT-1-0,-2.2029233,4.4575,Supporting cells,3
TCAATTCGTGCTCGTG-1-0,9.5870285,4.893568,Supporting cells,3
TCACAAGAGAGAGCAA-1-0,-0.4891001,2.4605987,Supporting cells,3
TCACAAGCAGACATCT-1-0,-1.2914971,4.414614,Supporting cells,3
TCACAAGGTGCTAGCC-1-0,0.8515131,11.655409,Fibrocytes,3
TCACACCAGATACCAA-1-0,0.18798563,2.4196796,Supporting cells,3
TCACACCAGCGTATAA-1-0,-1.9624858,0.34996247,Supporting cells,3
TCACACCAGCTCCATA-1-0,0.044764765,0.5258846,Supporting cells,3
TCACACCCACAAGCCC-1-0,0.8810133,3.6558418,Supporting cells,3
TCACACCGTATTGAGA-1-0,3.106271,10.796465,Supporting cells,3
TCACACCTCGGTTAGT-1-0,-1.2877921,3.66712,Supporting cells,3
TCACACCTCTCATGCC-1-0,-0.69596535,4.545361,Supporting cells,3
TCACATTAGCCTCTTC-1-0,3.9046683,6.0375,Glia/Schwann,3
TCACGCTCAACCGTGC-1-0,3.7203467,6.5627103,Supporting cells,3
TCACGCTGTACTAAGA-1-0,6.0857244,5.1756883,Supporting cells,3
TCACGCTGTCATTGCA-1-0,-2.4113545,3.0452478,Supporting cells,3
TCACGCTGTGAAAGTT-1-0,2.8131263,2.860829,Glia/Schwann,3
TCACGCTTCAGACATC-1-0,9.791541,3.3125167,Spiral ganglion neurons,3
TCACGGGAGCTCATAC-1-0,4.8586564,1.3967758,Supporting cells,3
TCACGGGCAACCTAAC-1-0,0.1838045,2.8906043,Supporting cells,3
TCACGGGCACGTAACT-1-0,8.890291,6.703276,Supporting cells,3
TCACTATTCGATACGT-1-0,10.053484,9.27591,Glia/Schwann,3
TCAGCAAAGTGCTCAT-1-0,1.7013954,5.2319736,Supporting cells,3
TCAGCAACAGGATGAC-1-0,2.8449192,-0.63670313,Supporting cells,3
TCAGCAACATGTGCTA-1-0,-2.5406609,4.3817987,Supporting cells,3
TCAGCAACATTGACAC-1-0,8.140095,8.113818,Glia/Schwann,3
TCAGCAAGTAACTGCT-1-0,2.1548362,7.33712,Supporting cells,3
TCAGCAATCAGTCCGG-1-0,2.4759653,5.9504285,Supporting cells,3
TCAGCAATCCACGGAC-1-0,1.6786237,5.131389,Supporting cells,3
TCAGCAATCGAAGCAG-1-0,2.815428,5.6100564,Supporting cells,3
TCAGCCTAGGTGCAGT-1-0,-1.9654428,1.166494,Supporting cells,3
TCAGCCTAGTTGAATG-1-0,-2.3479712,4.4737487,Supporting cells,3
TCAGCCTCAGAAACCG-1-0,8.100002,7.916746,Glia/Schwann,3
TCAGGGCGTTAGCGGA-1-0,-6.0829597,5.2496924,Fibrocytes,3
TCAGGTAAGCCACAAG-1-0,4.1643643,3.4106283,Supporting cells,3
TCAGGTAAGGTCCCTG-1-0,3.5796974,2.656329,Supporting cells,3
TCAGGTACACTAGGCC-1-0,-3.6146069,6.7237062,Supporting cells,3
TCAGGTAGTACCTAAC-1-0,2.8260067,2.2129948,Glia/Schwann,3
TCAGTCCAGCAATTCC-1-0,6.8214,10.636557,Fibrocytes,3
TCAGTCCAGGAACGCT-1-0,-1.8658489,4.827764,Supporting cells,3
TCAGTCCTCCGATCTC-1-0,4.685002,10.9807625,Supporting cells,3
TCAGTCCTCGTGCGAC-1-0,-2.1879692,3.736212,Supporting cells,3
TCAGTGACAAGCAGGT-1-0,4.0291557,6.400669,Supporting cells,3
TCAGTGACATGACAAA-1-0,2.5450652,9.430398,Supporting cells,3
TCAGTGAGTAACACGG-1-0,0.33750498,8.229828,Supporting cells,3
TCAGTGAGTAGATGTA-1-0,5.7501955,1.3189613,Inner hair cells,3
TCAGTGATCACTGTTT-1-0,3.9950988,9.747729,Supporting cells,3
TCAGTTTTCCGGCTTT-1-0,-1.1616677,3.8219953,Supporting cells,3
TCAGTTTTCGCGATCG-1-0,4.471945,9.059317,Supporting cells,3
TCATACTCAACTTGCA-1-0,4.008359,10.212629,Supporting cells,3
TCATACTGTGGACTGA-1-0,8.110886,8.70937,Glia/Schwann,3
TCATACTTCATGGAGG-1-0,-1.5209852,0.740154,Supporting cells,3
TCATACTTCGAAGCCC-1-0,3.133994,10.419347,Supporting cells,3
TCATATCAGGTCGAGT-1-0,-2.1758187,4.5333996,Supporting cells,3
TCATATCGTCGTATGT-1-0,8.218331,9.355208,Glia/Schwann,3
TCATCATAGAGATCGC-1-0,1.0919588,3.6908102,Supporting cells,3
TCATCATAGGTACATA-1-0,2.3524857,7.4140434,Supporting cells,3
TCATCATAGTTTCTTC-1-0,0.24661718,2.3430007,Supporting cells,3
TCATCATCAGCAGGAT-1-0,9.639805,9.435024,Glia/Schwann,3
TCATCATGTCATTGCA-1-0,-4.8552923,4.917666,Fibrocytes,3
TCATCATTCCAGCACG-1-0,9.325688,3.7861705,Supporting cells,3
TCATCATTCGACCATA-1-0,-2.624929,-0.65310174,Supporting cells,3
TCATCCGGTGAGTTGG-1-0,-2.6516511,3.2219007,Supporting cells,3
TCATGAGTCTCTTAAC-1-0,0.3815072,1.6046292,Supporting cells,3
TCATGGAAGCGTGCCT-1-0,-1.5739244,4.5790615,Supporting cells,3
TCATGGATCCGTAATG-1-0,2.8858647,2.0314348,Supporting cells,3
TCATGTTGTCCGATCG-1-0,-3.2433383,11.167985,Macrophages/Microglia,3
TCATGTTTCAGTCCGG-1-0,-1.182026,1.8722737,Supporting cells,3
TCATGTTTCTCCGTGT-1-0,4.241185,-1.9013408,Supporting cells,3
TCATTACCAGATGCGA-1-0,2.4673254,2.9024596,Supporting cells,3
TCATTACGTTTACCTT-1-0,2.5044618,3.8620906,Supporting cells,3
TCATTCAAGTGATGGC-1-0,3.3712149,2.9230583,Supporting cells,3
TCATTCAGTGAGGCAT-1-0,-1.8052832,2.2129455,Supporting cells,3
TCATTGTAGAGAGCGG-1-0,6.014356,6.879778,Glia/Schwann,3
TCATTGTAGCATGTTC-1-0,2.628647,4.973854,Supporting cells,3
TCATTGTAGGATTTGA-1-0,-2.9864495,2.7424994,Supporting cells,3
TCATTGTCACCTGCAG-1-0,-1.8287935,4.121869,Supporting cells,3
TCATTGTTCGAACTCA-1-0,5.445463,5.9315763,Supporting cells,3
TCATTTGCACTGTCGG-1-0,5.936098,2.4986167,Supporting cells,3
TCATTTGCATGGAATA-1-0,0.41896895,0.5518802,Supporting cells,3
TCATTTGTCGCCTCTA-1-0,-1.1554543,3.3928268,Supporting cells,3
TCATTTGTCGGCTTGG-1-0,8.857899,6.5700216,Supporting cells,3
TCCACCAAGCGCTTCG-1-0,-1.8422762,1.8205944,Supporting cells,3
TCCACCAAGGGTGGGA-1-0,-2.5809581,4.258149,Supporting cells,3
TCCACCACAACTGCTA-1-0,5.084147,4.4055076,Supporting cells,3
TCCACCACAAGATTGA-1-0,1.5825368,10.403725,Fibrocytes,3
TCCACCACAGACGCTC-1-0,-2.434517,2.903967,Supporting cells,3
TCCACCACATCCTGTC-1-0,-0.93937343,1.1940577,Supporting cells,3
TCCACCAGTGGTCAAG-1-0,0.44094938,1.0773829,Supporting cells,3
TCCACCATCAAGAATG-1-0,1.0484731,2.458844,Supporting cells,3
TCCACCATCCCATGGG-1-0,-3.177733,8.561922,Supporting cells,3
TCCACGTAGCAGCCTC-1-0,9.992164,9.1845455,Glia/Schwann,3
TCCACGTCACATATGC-1-0,1.3506039,5.073654,Supporting cells,3
TCCACGTGTCCATACA-1-0,6.840434,8.820258,Glia/Schwann,3
TCCAGAAAGCCGTTAT-1-0,3.1842544,6.484272,Fibrocytes,3
TCCAGAACAAGACCTT-1-0,-0.49428204,3.111575,Supporting cells,3
TCCCAGTAGACGTCCC-1-0,-0.16388646,4.5553145,Supporting cells,3
TCCCAGTGTGTGTGGA-1-0,8.935192,3.4197612,Supporting cells,3
TCCCAGTGTTAAACCC-1-0,3.503913,10.204037,Supporting cells,3
TCCCATGAGCATAGGC-1-0,-2.4165595,1.2445399,Supporting cells,3
TCCCATGCACTTGACA-1-0,4.8816924,7.490231,Supporting cells,3
TCCCATGGTCACTTAG-1-0,-1.4876319,3.6309817,Supporting cells,3
TCCCATGTCGAAGGAC-1-0,-1.3774852,0.8765126,Supporting cells,3
TCCCATGTCGCATTAG-1-0,3.620175,0.57330847,Glia/Schwann,3
TCCGAAAAGATGTTGA-1-0,1.266969,4.8798504,Supporting cells,3
TCCGAAAAGCAAGCCA-1-0,5.0733037,3.158557,Supporting cells,3
TCCGAAACAGCGTATT-1-0,5.731481,1.3923968,Inner hair cells,3
TCCGAAAGTAATCAGA-1-0,1.9187686,7.607142,Supporting cells,3
TCCGAAATCGATAACC-1-0,3.1708066,1.4024805,Glia/Schwann,3
TCCGAAATCGGACGTC-1-0,7.0051904,9.30097,Glia/Schwann,3
TCCGATCAGGGTTTCT-1-0,-1.21763,4.478085,Supporting cells,3
TCCGATCCAAACTAGA-1-0,-1.7875854,2.672106,Supporting cells,3
TCCGATCTCTCTCGAC-1-0,2.2382412,4.95491,Supporting cells,3
TCCGATCTCTTCACAT-1-0,1.9091511,4.484716,Supporting cells,3
TCCGGGAAGTCTCGTA-1-0,3.3348505,1.1072593,Glia/Schwann,3
TCCGGGACAGCGGATA-1-0,-1.2529621,0.716977,Supporting cells,3
TCCGGGATCCCATGGG-1-0,-3.3201888,8.681666,Supporting cells,3
TCCGTGTCAGAGGTAC-1-0,3.7035933,8.872636,Supporting cells,3
TCCGTGTCATGGACAG-1-0,2.7749243,10.52611,Supporting cells,3
TCCGTGTGTCAGGTAG-1-0,5.132775,0.57800865,Inner hair cells,3
TCCTAATCAGGACTAG-1-0,6.84848,5.8346744,Supporting cells,3
TCCTAATTCATGCCCT-1-0,3.1760244,5.0657783,Supporting cells,3
TCCTAATTCTCTCTTC-1-0,-1.7197149,2.7802026,Supporting cells,3
TCCTCCCCAAGAATGT-1-0,-0.45421377,7.723262,Supporting cells,3
TCCTCCCCACATTCGA-1-0,3.2696319,11.213027,Supporting cells,3
TCCTCCCCAGCAATTC-1-0,-2.9821196,5.193819,Supporting cells,3
TCCTCCCGTCGTGATT-1-0,7.983747,6.318656,Supporting cells,3
TCCTCCCGTTATCTTC-1-0,-0.54315567,3.8242333,Supporting cells,3
TCCTCGACACACGGAA-1-0,-1.1592005,7.110664,Supporting cells,3
TCCTCGAGTGGGTTGA-1-0,8.904268,3.3752882,Supporting cells,3
TCCTCGAGTTTAAGGA-1-0,-0.52594346,2.4475284,Supporting cells,3
TCCTCGATCACAAGGG-1-0,5.6738987,1.1639674,Inner hair cells,3
TCCTCGATCCTTTGAT-1-0,-1.2532452,3.9560268,Supporting cells,3
TCCTCTTGTGTTTCTT-1-0,-1.8613408,3.1346033,Supporting cells,3
TCCTGCACAGAGATTA-1-0,1.7122813,2.8179083,Supporting cells,3
TCCTGCAGTTAAGGGC-1-0,-0.72270787,1.1294808,Supporting cells,3
TCCTTCTCAATCAAGA-1-0,-1.7986465,5.50552,Supporting cells,3
TCCTTCTCACCTGAAT-1-0,-2.1904101,2.380545,Supporting cells,3
TCCTTCTCATTGGGAG-1-0,7.2457895,7.40005,Glia/Schwann,3
TCCTTCTTCAACTGGT-1-0,-0.9250091,3.9880176,Supporting cells,3
TCCTTCTTCATGAAAG-1-0,5.7086344,0.5065772,Inner hair cells,3
TCCTTCTTCCTTCGAC-1-0,11.347034,2.7064893,Spiral ganglion neurons,3
TCCTTTCAGGGTTTCT-1-0,-1.2488343,4.076188,Supporting cells,3
TCCTTTCTCTTGCGCT-1-0,-0.23978823,3.073353,Supporting cells,3
TCGAACACAATTGAAG-1-0,5.40303,1.9781358,Supporting cells,3
TCGAAGTAGGAAACGA-1-0,3.5046701,0.5669847,Glia/Schwann,3
TCGAAGTCAACAAAGT-1-0,2.7187421,9.980689,Supporting cells,3
TCGAAGTGTTATAGAG-1-0,6.7424173,-0.4541203,Inner hair cells,3
TCGAAGTTCGACCCAG-1-0,-2.266092,3.893316,Supporting cells,3
TCGACCTCATCCGAAT-1-0,4.1625586,5.0046597,Supporting cells,3
TCGACCTCATCTCGTC-1-0,2.3176677,6.9296007,Supporting cells,3
TCGACGGAGCACGTCC-1-0,-4.681795,4.9907503,Fibrocytes,3
TCGACGGGTAGTAAGT-1-0,5.136685,2.668015,Supporting cells,3
TCGACGGTCATGCTAG-1-0,0.75758404,11.140995,Fibrocytes,3
TCGACGGTCGACATAC-1-0,3.4862626,9.873711,Supporting cells,3
TCGCACTGTGTTCATG-1-0,3.4757924,0.7717231,Glia/Schwann,3
TCGCAGGAGTTGGAGC-1-0,7.6699877,4.58131,Supporting cells,3
TCGCAGGCAATCTGCA-1-0,1.7609591,6.358584,Supporting cells,3
TCGCAGGCATGCGTGC-1-0,9.06408,6.496209,Supporting cells,3
TCGCAGGTCATAGGCT-1-0,-1.4270527,3.4306364,Supporting cells,3
TCGCAGGTCTGACGCG-1-0,5.474875,3.130926,Supporting cells,3
TCGCTCAAGGTGCCTC-1-0,6.62305,5.630023,Supporting cells,3
TCGCTCACAAGAGCTG-1-0,5.677605,1.6608928,Inner hair cells,3
TCGCTCACAAGAGTAT-1-0,0.90537506,8.21146,Supporting cells,3
TCGCTCACAATTGAAG-1-0,3.5423162,0.87928224,Glia/Schwann,3
TCGCTCAGTCAACGCC-1-0,-1.8450958,3.3108523,Supporting cells,3
TCGCTCAGTTCCGCTT-1-0,6.42202,2.225692,Outer hair cells,3
TCGCTCATCTTTCAGT-1-0,1.5491258,7.291543,Supporting cells,3
TCGCTTGGTGTCTTCC-1-0,4.9081745,2.7835069,Supporting cells,3
TCGCTTGTCAAACCTG-1-0,3.001843,1.3973539,Glia/Schwann,3
TCGGATACAGTGGGTA-1-0,6.5984077,6.1780105,Supporting cells,3
TCGGATAGTGAGCCAA-1-0,-1.6237813,4.566487,Supporting cells,3
TCGGATATCAAAGACA-1-0,10.885785,2.9141648,Spiral ganglion neurons,3
TCGGATATCCCTAGGG-1-0,-1.4328873,6.28513,Supporting cells,3
TCGGGACAGTTTCGAC-1-0,3.0207481,6.0138254,Fibrocytes,3
TCGGGACCAGGCATTT-1-0,-1.3526201,3.1170774,Supporting cells,3
TCGGGACGTGGTCCGT-1-0,4.7346234,1.7220986,Supporting cells,3
TCGGGACGTTCTCCTG-1-0,2.5444846,2.4287739,Glia/Schwann,3
TCGGGCAAGAGTATAC-1-0,-2.5440881,3.9040375,Supporting cells,3
TCGGGCATCTCATTAC-1-0,4.9029546,5.712641,Supporting cells,3
TCGGGTGCACACGTGC-1-0,4.62281,5.042378,Supporting cells,3
TCGGGTGCAGCGCTTG-1-0,-2.7471704,3.5028512,Supporting cells,3
TCGGGTGGTTACGCCG-1-0,12.129038,3.50153,Spiral ganglion neurons,3
TCGGGTGTCGTGCTCT-1-0,-0.77088886,4.629199,Supporting cells,3
TCGGTCTTCCGTCAAA-1-0,9.258407,8.777818,Glia/Schwann,3
TCGGTCTTCTGAGGCC-1-0,4.5211306,10.947277,Supporting cells,3
TCGGTCTTCTTCGACC-1-0,7.759018,1.6079046,Outer hair cells,3
TCGTAGAAGGAACTAT-1-0,-3.0851257,10.378778,Macrophages/Microglia,3
TCGTAGAAGGATTTAG-1-0,-5.500447,4.023918,Fibrocytes,3
TCGTAGACAGGATCTT-1-0,-3.1420434,3.4616995,Supporting cells,3
TCGTCCAGTGATGGCA-1-0,4.7552433,5.7766166,Supporting cells,3
TCGTCCATCTACGCGG-1-0,7.1615005,2.693696,Supporting cells,3
TCGTGCTCATGAATCC-1-0,5.751964,0.9050311,Inner hair cells,3
TCTAACTTCGCCGATG-1-0,1.0262785,1.7797925,Supporting cells,3
TCTACATGTCGCTTAA-1-0,4.284397,9.368721,Supporting cells,3
TCTACATTCCTTCGAC-1-0,-2.1377678,3.60329,Supporting cells,3
TCTACCGAGCGTGCCT-1-0,-0.9177238,4.973056,Supporting cells,3
TCTACCGAGCTATCCA-1-0,-1.2076205,2.854169,Supporting cells,3
TCTACCGGTGGTAATA-1-0,3.0102885,4.408127,Supporting cells,3
TCTATACCAAGCACCC-1-0,-0.7381707,4.1342845,Supporting cells,3
TCTATACCAATAGAGT-1-0,8.677997,6.3220882,Supporting cells,3
TCTATACTCCATAGGT-1-0,4.5140452,4.296629,Supporting cells,3
TCTATCAAGGTCCTGC-1-0,4.3893123,10.076825,Supporting cells,3
TCTATCACAATAGAGT-1-0,-4.72014,3.8840168,Fibrocytes,3
TCTATCAGTAGGTAGC-1-0,-3.4881155,6.696922,Supporting cells,3
TCTATCAGTGGAATGC-1-0,3.7827773,2.9103875,Supporting cells,3
TCTCACGCAAGAGGCT-1-0,0.63738936,12.370256,Fibrocytes,3
TCTCACGCAAGTGCAG-1-0,9.900858,9.121163,Glia/Schwann,3
TCTCACGCACTCATAG-1-0,1.8634965,0.47711998,Supporting cells,3
TCTCACGTCGCTTACC-1-0,-2.4481096,-0.6063221,Supporting cells,3
TCTCACGTCTCTGAGA-1-0,2.8692236,0.8129918,Glia/Schwann,3
TCTCAGCAGGAGTCTG-1-0,3.2453744,10.815011,Supporting cells,3
TCTCAGCAGTTACGGG-1-0,-2.4946482,2.268162,Supporting cells,3
TCTCAGCGTTGTTTGG-1-0,5.351774,7.064416,Fibrocytes,3
TCTCTGGTCAGTAGGG-1-0,3.1927323,10.881295,Supporting cells,3
TCTGCCAAGGGAGGAC-1-0,2.933282,9.646617,Supporting cells,3
TCTGCCAAGGTTCTAC-1-0,-1.7815048,4.5025296,Supporting cells,3
TCTGCCAGTACGTGTT-1-0,5.106531,9.579269,Supporting cells,3
TCTGCCAGTCGCACAC-1-0,5.0206456,5.9948974,Supporting cells,3
TCTGCCAGTGCAACGA-1-0,-2.0080361,4.3074975,Supporting cells,3
TCTGCCATCATTATCC-1-0,0.27718672,3.432075,Supporting cells,3
TCTGCCATCGACGCGT-1-0,4.5345345,5.6088605,Supporting cells,3
TCTGGCTCAGCAGTGA-1-0,-0.73774505,2.5908084,Supporting cells,3
TCTGGCTCATCGGTTA-1-0,7.732279,9.003586,Glia/Schwann,3
TCTGTCGCAAGAGTTA-1-0,-2.65824,3.2487252,Supporting cells,3
TCTGTCGGTATTCCGA-1-0,-2.27827,3.356555,Supporting cells,3
TCTGTCGTCAGGCGAA-1-0,5.0670543,7.3626127,Glia/Schwann,3
TCTTAGTAGCGACTTT-1-0,3.6302981,5.9587884,Supporting cells,3
TCTTCCTGTGCCTGCA-1-0,6.559469,2.805046,Supporting cells,3
TCTTCCTTCATGACAC-1-0,-0.754451,2.4964857,Supporting cells,3
TCTTGCGAGACCAGAC-1-0,0.27484187,5.6149116,Supporting cells,3
TCTTTGACACAGTACT-1-0,3.5612178,7.8275294,Supporting cells,3
TCTTTGAGTGCCCACA-1-0,-1.7723087,1.4513243,Supporting cells,3
TCTTTGAGTTGGACCC-1-0,-2.4327772,2.2479205,Supporting cells,3
TGAACGTCACTATCGA-1-0,-0.29609,3.0338078,Supporting cells,3
TGAACGTCAGACCTAT-1-0,6.985983,9.217167,Glia/Schwann,3
TGAACGTGTCGCACGT-1-0,-2.1007314,-0.8533684,Supporting cells,3
TGAACGTGTTAGGCCC-1-0,5.304991,7.327353,Supporting cells,3
TGAACGTTCCTCACCA-1-0,-2.3636422,2.1735318,Supporting cells,3
TGAATCGAGCATGGGT-1-0,-0.95035046,3.5108318,Supporting cells,3
TGAATCGCACATGGTT-1-0,8.077226,1.0306733,Outer hair cells,3
TGAATCGTCGTTGTGA-1-0,-0.90220493,4.338685,Supporting cells,3
TGAATGCAGGTAGTAT-1-0,3.6942856,5.574471,Supporting cells,3
TGAATGCAGTAGAGTT-1-0,3.311503,6.636323,Supporting cells,3
TGACAGTGTGAATGTA-1-0,3.7100697,6.856768,Supporting cells,3
TGACAGTTCAACGCTA-1-0,5.4401107,0.9463167,Inner hair cells,3
TGACCCTAGGGTATAT-1-0,3.3974996,8.150466,Supporting cells,3
TGACCCTAGGGTCACA-1-0,-2.3909395,1.7051048,Supporting cells,3
TGACCCTAGGTTAGTA-1-0,5.4375906,1.9786673,Supporting cells,3
TGACCCTGTCCAGCGT-1-0,-1.650263,4.122864,Supporting cells,3
TGACCCTGTCCTCATC-1-0,1.8308173,4.9691815,Supporting cells,3
TGACGCGCACTAGGCC-1-0,9.750446,0.8652607,Outer hair cells,3
TGACGCGGTTGGACTT-1-0,-2.3946674,3.221649,Supporting cells,3
TGACTCCAGTTCCAGT-1-0,3.7427015,8.950471,Supporting cells,3
TGACTCCCACGCTTAA-1-0,6.9965525,9.850063,Glia/Schwann,3
TGACTCCGTACGTGTT-1-0,-1.5535425,7.4685564,Supporting cells,3
TGACTCCTCCACTGAA-1-0,4.8012505,1.3698691,Supporting cells,3
TGAGACTAGGACTAAT-1-0,-0.28206563,2.7184157,Supporting cells,3
TGAGACTCAACGTAAA-1-0,1.5571382,1.8636683,Supporting cells,3
TGAGACTGTACCGGCT-1-0,-2.0246596,1.8428916,Supporting cells,3
TGAGACTGTCGAGCTC-1-0,3.287817,4.7139115,Supporting cells,3
TGAGCATGTCGAAGCA-1-0,4.5318155,5.113602,Supporting cells,3
TGAGCATGTCTCGACG-1-0,-1.6933696,3.5714793,Supporting cells,3
TGAGCATGTGAGAACC-1-0,5.690619,2.8989022,Supporting cells,3
TGAGCGCCAGCATTGT-1-0,5.5226912,2.9368334,Supporting cells,3
TGAGGAGCAAAGGCAC-1-0,4.8489,3.465688,Supporting cells,3
TGAGGAGGTTGTGCAT-1-0,4.655177,5.5048513,Supporting cells,3
TGAGGAGTCGTGGAAG-1-0,8.797001,9.459317,Glia/Schwann,3
TGAGGAGTCTGGAGAG-1-0,0.8910359,12.246408,Fibrocytes,3
TGAGGGAAGCAGAAAG-1-0,-2.0299907,2.3945568,Supporting cells,3
TGAGGGACATCGCCTT-1-0,7.221668,9.1041155,Glia/Schwann,3
TGAGGGAGTACCTGTA-1-0,3.7411022,4.45278,Supporting cells,3
TGAGGGATCTATCGCC-1-0,5.995442,5.641453,Supporting cells,3
TGAGGTTAGCAACTTC-1-0,3.68613,5.037826,Supporting cells,3
TGAGGTTAGGGAACAA-1-0,2.9606047,6.3356338,Fibrocytes,3
TGAGGTTGTAAGGAGA-1-0,-1.9408708,0.9140092,Supporting cells,3
TGAGGTTGTCAGGCAA-1-0,-1.1571069,8.579913,Supporting cells,3
TGAGGTTGTCCGGACT-1-0,2.250451,10.320539,Fibrocytes,3
TGAGGTTGTCGGAACA-1-0,-1.4879694,2.9647076,Supporting cells,3
TGAGTCACACTGGCCA-1-0,2.500513,11.060471,Fibrocytes,3
TGAGTCATCCGATAGT-1-0,5.3295946,7.3155923,Fibrocytes,3
TGATCAGAGGGTTGCA-1-0,-1.3078309,2.9598405,Supporting cells,3
TGATCAGCAAGCGCAA-1-0,2.0328336,5.729926,Supporting cells,3
TGATCAGCATGAGTAA-1-0,1.6747116,7.0864472,Supporting cells,3
TGATCAGGTACACTCA-1-0,3.557187,0.46530864,Glia/Schwann,3
TGATCAGTCTAGTGAC-1-0,-0.83372366,4.3184123,Supporting cells,3
TGATCTTCATGTCTAG-1-0,8.618709,4.8212333,Supporting cells,3
TGATGCAGTAGCTTTG-1-0,3.3600345,5.998222,Supporting cells,3
TGATGGTCAGCTGAAG-1-0,5.5716443,3.3220904,Supporting cells,3
TGATGGTCATGGAGAC-1-0,2.514447,3.4148726,Supporting cells,3
TGATGGTGTTACGATC-1-0,-4.8041334,5.652214,Fibrocytes,3
TGATGGTGTTGTTGAC-1-0,5.263155,7.470786,Glia/Schwann,3
TGATTCTAGCTTCTAG-1-0,9.675196,8.875841,Glia/Schwann,3
TGATTCTAGTGCCTCG-1-0,-4.0974755,4.8732586,Fibrocytes,3
TGATTCTGTTTAGTCG-1-0,3.2669902,11.1801405,Supporting cells,3
TGATTCTTCGCGGACT-1-0,11.590927,2.7692134,Spiral ganglion neurons,3
TGATTCTTCGTTCTAT-1-0,-0.3324646,0.24091186,Supporting cells,3
TGATTTCAGCGATGGT-1-0,-1.9778891,3.5505862,Supporting cells,3
TGATTTCCATAAGCGG-1-0,7.474417,1.814439,Outer hair cells,3
TGATTTCTCACGGTCG-1-0,-2.3447719,2.9321678,Supporting cells,3
TGATTTCTCCAACACA-1-0,-0.39939916,1.4964905,Supporting cells,3
TGCACGGAGCGAGTAC-1-0,4.48188,4.5761523,Supporting cells,3
TGCACGGAGGTTGCCC-1-0,10.085439,9.494611,Glia/Schwann,3
TGCACGGAGTCGCTAT-1-0,1.9026861,7.637563,Supporting cells,3
TGCACGGCACTGTGTA-1-0,6.7164736,2.2751513,Outer hair cells,3
TGCACGGGTGTCTAAC-1-0,9.391662,3.6681256,Spiral ganglion neurons,3
TGCACGGTCTGCTTTA-1-0,-2.131204,4.3182325,Supporting cells,3
TGCAGATCAGGCAATG-1-0,-0.33050963,1.5350542,Supporting cells,3
TGCAGATCATGGTACT-1-0,1.7469921,4.0805364,Supporting cells,3
TGCAGGCGTCATCTAG-1-0,2.8785634,9.58178,Supporting cells,3
TGCAGGCTCAAGTCTG-1-0,2.697873,3.9881089,Supporting cells,3
TGCAGGCTCGACATCA-1-0,5.2394094,8.105033,Supporting cells,3
TGCAGTAGTAATTGGA-1-0,5.712659,0.87481123,Inner hair cells,3
TGCAGTAGTGTTATCG-1-0,4.838941,6.481453,Supporting cells,3
TGCAGTAGTTTAAGGA-1-0,-0.70557624,4.1360226,Supporting cells,3
TGCAGTATCCACTGAA-1-0,5.553145,3.027362,Supporting cells,3
TGCATCCCAGCACCCA-1-0,0.099126525,5.0573716,Supporting cells,3
TGCATCCCAGTGTGCC-1-0,-1.565096,2.7613976,Supporting cells,3
TGCATCCGTCTTGCTC-1-0,4.487642,6.068662,Supporting cells,3
TGCATCCTCCCGTTGT-1-0,-1.8101652,2.296782,Supporting cells,3
TGCATGACAAGCGATG-1-0,4.0131073,3.863108,Supporting cells,3
TGCATGAGTAGAGCTG-1-0,2.7894764,-0.6670009,Outer hair cells,3
TGCATGAGTGGAAATT-1-0,2.1802044,2.8286147,Supporting cells,3
TGCCGAGCACGACGTC-1-0,9.726117,3.6638193,Spiral ganglion neurons,3
TGCCGAGCAGGTTACT-1-0,-1.1511288,7.7386503,Supporting cells,3
TGCCGAGCATCCTGTC-1-0,6.766951,3.7242706,Supporting cells,3
TGCGACGAGAGGGTGG-1-0,3.5599337,0.40380156,Glia/Schwann,3
TGCGACGGTTCTTGCC-1-0,5.1327734,2.2576435,Supporting cells,3
TGCGACGTCGTAGGGA-1-0,-0.022068772,2.8820474,Supporting cells,3
TGCGATACAGGAGGTT-1-0,4.152166,5.5218396,Supporting cells,3
TGCGATAGTCATGACT-1-0,-0.94711953,4.1647396,Supporting cells,3
TGCGATAGTTTCCCAC-1-0,-0.72737634,5.2593164,Supporting cells,3
TGCGGCAAGCTAGTTC-1-0,4.7578187,5.3391128,Supporting cells,3
TGCGGCACAAGCTACT-1-0,7.283413,9.039632,Glia/Schwann,3
TGCGGCACACGCGTGT-1-0,5.489838,3.77617,Supporting cells,3
TGCGGCACAGTCAGAG-1-0,7.3120184,9.0146885,Glia/Schwann,3
TGCGGCATCCAGCAAT-1-0,7.7307606,3.3383152,Supporting cells,3
TGCGGGTAGCTTCGTA-1-0,2.6130304,9.50913,Supporting cells,3
TGCGGGTAGTCCCGAC-1-0,10.153961,3.2055547,Spiral ganglion neurons,3
TGCGGGTCAGGCTACC-1-0,-0.67544085,0.2959605,Supporting cells,3
TGCGGGTGTGCTCTTC-1-0,8.489274,1.325954,Outer hair cells,3
TGCGGGTTCACAAGAA-1-0,-1.8842096,3.5093725,Supporting cells,3
TGCTCCAGTTTCCATT-1-0,5.6585646,7.630062,Supporting cells,3
TGCTGAACAAGGCCTC-1-0,8.935603,3.67359,Supporting cells,3
TGCTGAACATCGTCCT-1-0,6.298778,7.7007146,Glia/Schwann,3
TGCTGAAGTAGATGTA-1-0,2.5820928,3.239685,Supporting cells,3
TGCTGAAGTATTTCGG-1-0,3.5690563,0.4094067,Glia/Schwann,3
TGCTGAAGTCAGACGA-1-0,0.38690937,4.012663,Supporting cells,3
TGCTGAATCGTAGCTA-1-0,-2.5290053,0.48698744,Supporting cells,3
TGCTTCGCATAGGTAA-1-0,4.593434,9.503709,Supporting cells,3
TGCTTCGGTATCCCAA-1-0,3.5548913,0.43544576,Glia/Schwann,3
TGCTTCGGTTAACCTG-1-0,0.6814874,3.7845523,Supporting cells,3
TGCTTGCAGTGAATAC-1-0,8.663525,8.244436,Glia/Schwann,3
TGCTTGCGTCGTTATG-1-0,2.467218,5.849346,Supporting cells,3
TGGAACTGTAGAGATT-1-0,5.575329,5.234779,Supporting cells,3
TGGAACTGTCGTTGGC-1-0,-0.20589167,1.1698039,Supporting cells,3
TGGAGAGAGCTACTAC-1-0,8.849447,6.575688,Supporting cells,3
TGGAGAGCAACACAGG-1-0,4.728953,7.2512803,Supporting cells,3
TGGAGAGGTGACTCGC-1-0,4.169013,10.398105,Supporting cells,3
TGGAGGAAGTCGCTAT-1-0,4.1347475,10.497303,Supporting cells,3
TGGAGGACAAGACAAT-1-0,0.33446476,11.708387,Fibrocytes,3
TGGATCAGTAACACCT-1-0,-5.3109097,4.755795,Fibrocytes,3
TGGATCAGTGTGCTTA-1-0,2.681348,-0.5062284,Supporting cells,3
TGGATCAGTTGCTTGA-1-0,-1.2718381,3.7372954,Supporting cells,3
TGGATGTAGGATTTCC-1-0,-1.5566202,1.4170445,Supporting cells,3
TGGATGTAGGGTAATT-1-0,5.8067393,8.843824,Supporting cells,3
TGGATGTAGTGTACAA-1-0,10.235021,8.834834,Glia/Schwann,3
TGGATGTCATCACGGC-1-0,-2.2628348,2.8832254,Supporting cells,3
TGGATGTGTGGCGTAA-1-0,-0.8506688,4.5048156,Supporting cells,3
TGGATGTTCTATACTC-1-0,11.990735,2.804972,Spiral ganglion neurons,3
TGGCGTGCATTGTCGA-1-0,5.640465,2.8642223,Supporting cells,3
TGGGAAGAGCACGATG-1-0,3.249567,5.832615,Supporting cells,3
TGGGAAGAGTAAACAC-1-0,7.865239,1.5357275,Outer hair cells,3
TGGGAAGGTGGTGATG-1-0,1.5057489,3.8750124,Supporting cells,3
TGGGAAGGTTCCAGGC-1-0,6.693155,6.381959,Supporting cells,3
TGGGAGAAGTGTTGTC-1-0,9.923156,9.068517,Glia/Schwann,3
TGGGAGATCAGAGCAG-1-0,6.8422875,6.0028124,Supporting cells,3
TGGGATTCACGCAGTC-1-0,0.9200905,11.566438,Fibrocytes,3
TGGGATTCACGTCTCT-1-0,8.712941,6.557096,Supporting cells,3
TGGGATTCAGCAGAAC-1-0,-1.3261837,4.554295,Supporting cells,3
TGGGCGTAGCAACAAT-1-0,-1.9417585,4.1110845,Supporting cells,3
TGGGCGTAGTCTAGAA-1-0,0.85012394,11.800109,Fibrocytes,3
TGGGCGTCAGAGGCAT-1-0,8.117078,1.4946005,Outer hair cells,3
TGGGCGTGTAACATGA-1-0,5.21789,7.776083,Supporting cells,3
TGGGCGTGTAGCGATG-1-0,5.737441,7.3854117,Glia/Schwann,3
TGGGCTGAGATGAATC-1-0,2.766604,-0.6722025,Supporting cells,3
TGGGTTATCATTATCC-1-0,1.4317362,6.0973144,Supporting cells,3
TGGTACACACCCAATA-1-0,3.758517,5.3066854,Supporting cells,3
TGGTACACAGAGGCAT-1-0,0.16525877,5.58459,Supporting cells,3
TGGTACACATCTTCGC-1-0,4.1827593,5.163602,Supporting cells,3
TGGTACAGTCAGATTC-1-0,3.497791,5.563196,Supporting cells,3
TGGTACATCACCGGTG-1-0,0.9057891,12.084327,Fibrocytes,3
TGGTACATCACGGACC-1-0,4.718046,11.2235,Supporting cells,3
TGGTACATCCTTGGAA-1-0,6.735069,2.501295,Outer hair cells,3
TGGTAGTAGATCCGAG-1-0,-1.0548996,3.9234176,Supporting cells,3
TGGTAGTAGTCCCTAA-1-0,6.8839917,1.8756874,Outer hair cells,3
TGGTAGTCACTAAACC-1-0,6.0965686,6.3543644,Supporting cells,3
TGGTAGTGTCGACTTA-1-0,-2.0264418,4.625211,Supporting cells,3
TGGTGATAGCGTCTGC-1-0,2.9429557,9.189793,Supporting cells,3
TGGTGATCAGCTCCTT-1-0,-0.85676426,4.9990783,Supporting cells,3
TGGTGATGTGAGCTCC-1-0,2.0527458,5.4465694,Supporting cells,3
TGGTTAGAGCGACTAG-1-0,1.614913,7.538695,Supporting cells,3
TGGTTAGAGTGATGGC-1-0,2.0017729,5.078219,Supporting cells,3
TGTAACGCACGGATCC-1-0,-1.153928,4.487655,Supporting cells,3
TGTAACGCATCTATCT-1-0,5.483314,5.6659455,Supporting cells,3
TGTAACGGTCGCATGC-1-0,-2.0100973,4.8933363,Supporting cells,3
TGTAACGGTTGCGAAG-1-0,-2.1632607,2.7073548,Supporting cells,3
TGTAACGGTTTCGGCG-1-0,-2.206875,9.253635,Macrophages/Microglia,3
TGTAACGTCCACGGAC-1-0,0.5297332,3.4322844,Supporting cells,3
TGTAACGTCTCCGCAT-1-0,8.862937,3.4005258,Supporting cells,3
TGTAAGCAGAGAAGGT-1-0,1.7684993,11.272793,Supporting cells,3
TGTAAGCAGATACCAA-1-0,4.827008,2.7143106,Supporting cells,3
TGTAAGCCAAAGAACT-1-0,-3.0000136,2.9456527,Supporting cells,3
TGTAAGCCATCCTTGC-1-0,0.28724098,12.716438,Fibrocytes,3
TGTAAGCGTAGAGCTG-1-0,-2.0483754,0.9442291,Supporting cells,3
TGTACAGAGCACGGAT-1-0,-0.22926524,4.133054,Supporting cells,3
TGTACAGCATCTTCGC-1-0,6.138211,2.4846303,Supporting cells,3
TGTACAGGTCATCTAG-1-0,5.445676,2.5471063,Supporting cells,3
TGTACAGGTGTGAATA-1-0,7.0838895,7.3403754,Glia/Schwann,3
TGTACAGTCTAGGAAA-1-0,3.7654269,9.253525,Supporting cells,3
TGTCAGAAGGGTATAT-1-0,3.670169,9.435267,Supporting cells,3
TGTCAGACAATGAAAC-1-0,-1.3296659,5.2893357,Supporting cells,3
TGTCAGAGTAACAGTA-1-0,5.678111,1.0940229,Inner hair cells,3
TGTCAGAGTTGTGCAT-1-0,8.483008,9.227357,Glia/Schwann,3
TGTCAGATCGTAGTGT-1-0,5.291142,3.2769482,Supporting cells,3
TGTCCACAGCGTGTTT-1-0,7.5361867,6.424107,Supporting cells,3
TGTCCACAGGTAGTAT-1-0,3.436588,10.064734,Supporting cells,3
TGTCCTGCATGTCAGT-1-0,2.3579051,8.022208,Supporting cells,3
TGTCCTGGTGGAAGTC-1-0,5.437489,5.918791,Supporting cells,3
TGTGAGTGTTGCCAAT-1-0,0.40299964,3.7938209,Supporting cells,3
TGTGATGGTACGTACT-1-0,3.4702792,6.508944,Supporting cells,3
TGTGATGGTTTCAGAC-1-0,-0.8820383,3.3058705,Supporting cells,3
TGTGATGTCCAATCTT-1-0,-0.5086596,0.9550656,Supporting cells,3
TGTGCGGAGACCACGA-1-0,2.5665262,6.4706717,Supporting cells,3
TGTGCGGAGGGACAGG-1-0,-1.1838568,0.26554948,Supporting cells,3
TGTGCGGGTGGCTTGC-1-0,-0.7575962,4.573578,Supporting cells,3
TGTGCGGTCATTTGTC-1-0,8.565603,1.4208311,Outer hair cells,3
TGTGGCGAGTACCGGA-1-0,-2.8174443,1.7389816,Supporting cells,3
TGTGGCGAGTCCGTCG-1-0,7.215028,2.2487335,Outer hair cells,3
TGTGGCGAGTGAATAC-1-0,-2.0587008,3.8896248,Supporting cells,3
TGTGGCGGTACTAACC-1-0,11.516676,2.72857,Spiral ganglion neurons,3
TGTGGCGGTCAAGCCC-1-0,1.583993,4.415501,Supporting cells,3
TGTGGCGGTCTAGGCC-1-0,-0.44570497,0.5655127,Supporting cells,3
TGTGTGATCATGTCAG-1-0,2.8744662,9.976847,Supporting cells,3
TGTTACTAGAGGGCGA-1-0,-2.5155241,1.9111704,Supporting cells,3
TGTTACTAGGTCGCCT-1-0,6.5534835,0.0839518,Inner hair cells,3
TGTTCATTCTACTGAG-1-0,-3.2818596,6.9924293,Supporting cells,3
TGTTCCGAGTATTAGG-1-0,-1.2521561,0.9914567,Supporting cells,3
TGTTCCGGTCTGTCAA-1-0,-0.5839807,3.4166772,Supporting cells,3
TGTTCCGTCGAAACAA-1-0,-0.7322509,3.6327338,Supporting cells,3
TGTTCCGTCGATGGAG-1-0,4.160763,5.0293965,Supporting cells,3
TGTTCTACAAGCGGAT-1-0,0.051154453,3.6164207,Supporting cells,3
TGTTGAGAGCGCTGAA-1-0,4.4338007,6.9422755,Fibrocytes,3
TGTTGAGAGGGTACGT-1-0,5.7200565,2.9877884,Supporting cells,3
TGTTGAGTCCCATGGG-1-0,4.1179547,9.875735,Supporting cells,3
TGTTGGAAGATTACCC-1-0,-1.281032,5.171856,Supporting cells,3
TGTTGGAGTAGCCCTG-1-0,3.7690074,7.037189,Supporting cells,3
TGTTGGATCATTTCGT-1-0,-0.779612,6.862783,Supporting cells,3
TGTTTGTCAGGCGTTC-1-0,3.039221,5.2868824,Supporting cells,3
TGTTTGTCATCACAGT-1-0,7.191105,1.6451004,Outer hair cells,3
TGTTTGTTCAACCTTT-1-0,2.5914605,2.72185,Supporting cells,3
TGTTTGTTCCCATGGG-1-0,2.8928328,9.456898,Supporting cells,3
TTACAGGAGATGACCG-1-0,-0.31827226,1.7468481,Supporting cells,3
TTACAGGCAGATTAAG-1-0,9.240972,8.41101,Glia/Schwann,3
TTACAGGGTACCTTCC-1-0,-1.2061635,3.548265,Supporting cells,3
TTACCATCATGTACGT-1-0,6.880463,9.117737,Glia/Schwann,3
TTACCATGTGACGCCT-1-0,7.7786756,9.158655,Glia/Schwann,3
TTACCGCAGTTGGCTT-1-0,6.7901306,-0.3701508,Inner hair cells,3
TTACCGCGTGGCAACA-1-0,-2.2755053,3.3255708,Supporting cells,3
TTACCGCTCTACTCAT-1-0,6.6324153,2.6273358,Outer hair cells,3
TTACCGCTCTCCAAGA-1-0,-0.92624515,3.3169289,Supporting cells,3
TTACCGCTCTGTGCTC-1-0,3.9709437,5.181335,Supporting cells,3
TTACGCCTCTATACTC-1-0,2.9325223,5.640779,Supporting cells,3
TTACGTTAGAATGTTG-1-0,6.1508718,0.3103024,Inner hair cells,3
TTACTGTTCACGACTA-1-0,7.047398,-0.78163224,Inner hair cells,3
TTACTGTTCTTGGCTC-1-0,-1.6812434,2.8684506,Supporting cells,3
TTAGGCAAGCTGTGCC-1-0,1.9146628,4.809227,Supporting cells,3
TTAGGCAAGGCCTTCG-1-0,-0.6636582,2.337457,Supporting cells,3
TTAGGCAAGGTCACAG-1-0,2.4819615,3.3267877,Supporting cells,3
TTAGGCAGTCGCTCGA-1-0,3.866128,4.7706923,Supporting cells,3
TTAGGCAGTGGATCAG-1-0,-1.5037802,3.9944665,Supporting cells,3
TTAGGGTAGAGCAACC-1-0,3.0691903,10.34141,Supporting cells,3
TTAGTCTAGAGGCTGT-1-0,-0.37918305,0.56616205,Supporting cells,3
TTAGTCTAGCGGCTCT-1-0,-0.99090886,6.0288396,Supporting cells,3
TTAGTCTGTCAATCTG-1-0,-1.3575965,6.5917735,Supporting cells,3
TTAGTCTGTCGCTTAA-1-0,-0.48618507,3.9608812,Supporting cells,3
TTAGTCTTCCCGGTAG-1-0,2.459339,6.5947323,Supporting cells,3
TTATTGCGTATCACGT-1-0,3.6717744,9.858993,Supporting cells,3
TTATTGCGTCTCCCTA-1-0,4.612145,6.20162,Supporting cells,3
TTATTGCGTGGCAACA-1-0,5.605423,7.3174353,Supporting cells,3
TTATTGCTCGTGAGAG-1-0,1.0628395,2.5081868,Supporting cells,3
TTCAATCAGGCAGGGA-1-0,1.1119652,11.525372,Fibrocytes,3
TTCAATCCAGCACAAG-1-0,5.333192,1.2520189,Inner hair cells,3
TTCAATCTCATGCCCT-1-0,-0.8349766,7.920764,Supporting cells,3
TTCACGCCATTCAGCA-1-0,1.0099226,1.4985117,Supporting cells,3
TTCACGCTCCCTTGTG-1-0,0.8882078,4.629637,Supporting cells,3
TTCACGCTCTGCGGAC-1-0,4.126786,10.681989,Supporting cells,3
TTCAGGACACAACGAG-1-0,5.1537886,5.7462783,Supporting cells,3
TTCAGGACAGACTGCC-1-0,2.8868604,2.810553,Supporting cells,3
TTCAGGATCCCATTCG-1-0,5.1525445,5.749842,Supporting cells,3
TTCAGGATCCGTGTCT-1-0,2.1955142,3.4533255,Supporting cells,3
TTCATGTAGGTTGGAC-1-0,-2.3163056,3.9635556,Supporting cells,3
TTCATGTAGTCCTGCG-1-0,3.1841574,10.671686,Supporting cells,3
TTCATGTGTTGACTAC-1-0,4.4356775,7.8121867,Supporting cells,3
TTCATGTGTTTGGCTA-1-0,9.685631,8.716474,Glia/Schwann,3
TTCATTGGTACACGTT-1-0,2.8285701,10.241078,Supporting cells,3
TTCATTGGTCAATCTG-1-0,-2.707108,3.5949502,Supporting cells,3
TTCCAATAGAGGGCGA-1-0,9.156841,1.2622478,Outer hair cells,3
TTCCAATTCTCACCCA-1-0,6.405214,-0.5947523,Inner hair cells,3
TTCCACGCAATTCGTG-1-0,8.790763,6.4812703,Supporting cells,3
TTCCACGTCTCCCAAC-1-0,-2.2475808,5.080611,Supporting cells,3
TTCCGGTCACCAGTAT-1-0,4.5380177,10.184266,Supporting cells,3
TTCCGGTCATCCAACA-1-0,9.081414,1.3585975,Outer hair cells,3
TTCCGGTGTATCGTAC-1-0,1.9304793,5.9541335,Supporting cells,3
TTCCGGTTCTACTCAT-1-0,3.9420574,5.6020656,Supporting cells,3
TTCCGTGAGATGTTCC-1-0,-2.5127232,4.7234335,Supporting cells,3
TTCCGTGGTGGAACCA-1-0,8.654866,1.2136608,Outer hair cells,3
TTCCGTGTCAAGCCGC-1-0,-0.015437036,2.9010768,Supporting cells,3
TTCCGTGTCACTGATG-1-0,-6.4060974,4.827965,Fibrocytes,3
TTCCGTGTCTATACGG-1-0,5.015006,6.315127,Supporting cells,3
TTCCTAAAGATGGTCG-1-0,8.43035,1.5094492,Outer hair cells,3
TTCCTCTAGACTCTTG-1-0,0.88128155,13.26001,Fibrocytes,3
TTCCTCTAGGAGATAG-1-0,-2.0060236,7.1063285,Supporting cells,3
TTCCTCTAGGATTCAA-1-0,0.031924136,2.7721436,Supporting cells,3
TTCGATTAGAAATTCG-1-0,5.806244,-0.44287705,Inner hair cells,3
TTCGATTAGTTAGAAC-1-0,2.6466122,12.375292,Fibrocytes,3
TTCGATTCAATCACGT-1-0,2.6558292,-0.27603123,Supporting cells,3
TTCGATTTCCCGTGAG-1-0,-2.2858205,0.22982377,Supporting cells,3
TTCGATTTCGAGTGAG-1-0,2.5624096,3.59723,Supporting cells,3
TTCGCTGCAGGACATG-1-0,3.4862542,5.6567554,Supporting cells,3
TTCGGTCAGACTTCCA-1-0,6.494046,3.0018303,Supporting cells,3
TTCGGTCAGTAAGCAT-1-0,-1.9311439,5.087088,Supporting cells,3
TTCGGTCCAGCTGAAG-1-0,-2.0370245,3.9057872,Supporting cells,3
TTCTAACAGGGCAACT-1-0,1.116709,12.105091,Fibrocytes,3
TTCTAACAGTGGACTG-1-0,5.7533965,0.4801834,Inner hair cells,3
TTCTAACCAGTGACCC-1-0,2.764761,-0.7170948,Supporting cells,3
TTCTAACCATACATCG-1-0,-3.2177677,11.239174,Macrophages/Microglia,3
TTCTAACTCGCCTTTG-1-0,-1.8266076,3.1214695,Supporting cells,3
TTCTAGTAGGTCACTT-1-0,4.7478676,11.243507,Supporting cells,3
TTCTAGTGTGGTCTAT-1-0,-2.6245544,9.671958,Macrophages/Microglia,3
TTCTAGTGTTGCATAC-1-0,3.6018965,0.6089114,Glia/Schwann,3
TTCTCTCCAGCGTGAA-1-0,5.553705,0.25691244,Inner hair cells,3
TTCTCTCTCGTAGGAG-1-0,0.21024601,2.5913153,Supporting cells,3
TTCTTCCGTCTCTCTG-1-0,-1.9363797,2.8869479,Supporting cells,3
TTCTTCCGTTGTTTGG-1-0,-0.28819013,7.3218307,Supporting cells,3
TTCTTGAAGCTTCATG-1-0,-0.5940278,4.276102,Supporting cells,3
TTCTTGAAGTCGAATA-1-0,0.95175284,3.5506258,Supporting cells,3
TTGAACGAGAAAGCGA-1-0,-1.6424369,3.908755,Supporting cells,3
TTGAACGAGAGGATGA-1-0,-1.9573919,4.0894475,Supporting cells,3
TTGAACGTCAAGAATG-1-0,3.5969474,10.997188,Supporting cells,3
TTGAACGTCTCGCTTG-1-0,4.297659,3.6658103,Supporting cells,3
TTGACCCAGCTGTGCC-1-0,9.251694,6.815064,Supporting cells,3
TTGATGGAGAGGGTAA-1-0,2.9848118,10.816633,Supporting cells,3
TTGATGGAGGCATTTC-1-0,3.2578576,10.756261,Supporting cells,3
TTGATGGCAAAGTGTA-1-0,5.953874,2.987869,Supporting cells,3
TTGATGGGTCCTGAAT-1-0,-1.5813296,4.59731,Supporting cells,3
TTGATGGGTGGATGAC-1-0,-1.5954777,0.50015783,Supporting cells,3
TTGCATTTCGTTGTTT-1-0,-0.9129804,3.0213764,Supporting cells,3
TTGCATTTCTGTTCAT-1-0,-1.1210188,7.5507135,Supporting cells,3
TTGCCTGCAATCCTTT-1-0,9.825103,9.221544,Glia/Schwann,3
TTGCCTGCACGGAAGT-1-0,-0.6483111,4.80686,Supporting cells,3
TTGCCTGCAGCGACAA-1-0,5.811416,-0.46699306,Inner hair cells,3
TTGCCTGTCGTAGCTA-1-0,-3.1698182,11.4430065,Macrophages/Microglia,3
TTGCGTCAGCACCTGC-1-0,3.3939507,5.8755875,Supporting cells,3
TTGCGTCCACCATTCC-1-0,2.8713872,6.575457,Fibrocytes,3
TTGCGTCCACTCCTGT-1-0,4.7081785,6.522641,Supporting cells,3
TTGCGTCCAGGTGTTT-1-0,7.142138,1.5773431,Outer hair cells,3
TTGCGTCTCGACATTG-1-0,-2.3296592,3.301546,Supporting cells,3
TTGCGTCTCGGCATCG-1-0,3.1974156,11.003682,Supporting cells,3
TTGCTGCCACCTCGTT-1-0,-0.21710974,2.0838993,Supporting cells,3
TTGCTGCTCCATTGCC-1-0,-0.69490516,2.9689822,Supporting cells,3
TTGGATGGTTGCCGCA-1-0,-4.856332,4.8376007,Fibrocytes,3
TTGGGATAGGATGCGT-1-0,3.5558312,0.9089156,Glia/Schwann,3
TTGGGATCATCCTTGC-1-0,5.340193,7.2374096,Fibrocytes,3
TTGGGATGTAAGAACT-1-0,-6.64888,4.62679,Fibrocytes,3
TTGGGCGAGCACTCGC-1-0,-1.6732656,4.983581,Supporting cells,3
TTGGGTAAGAAGTATC-1-0,5.006353,0.50335,Inner hair cells,3
TTGGGTAAGAAGTCAT-1-0,5.8055763,3.550563,Supporting cells,3
TTGGGTACAGAATCGG-1-0,6.0272293,1.6509541,Inner hair cells,3
TTGGGTATCACTTTGT-1-0,2.1218216,4.5484004,Supporting cells,3
TTGGTTTAGTATTAGG-1-0,4.2315736,4.950521,Supporting cells,3
TTGGTTTCACATATCG-1-0,3.7722936,0.8387689,Glia/Schwann,3
TTGGTTTGTCCAGCAC-1-0,1.7056104,7.2225914,Supporting cells,3
TTGGTTTGTGCAGGAT-1-0,8.438095,8.918047,Glia/Schwann,3
TTGGTTTGTTGAAGTA-1-0,6.0537763,-0.5657158,Inner hair cells,3
TTGGTTTTCCTTATGT-1-0,-5.9628363,4.1769476,Fibrocytes,3
TTGTGGAAGAATAGTC-1-0,-5.3682027,4.9122157,Fibrocytes,3
TTGTGGATCGGAACTT-1-0,-2.2499962,4.3727536,Supporting cells,3
TTGTGTTAGCCGTTGC-1-0,6.6005793,-0.31959042,Inner hair cells,3
TTGTGTTAGCGTGCTC-1-0,8.242439,5.7502627,Supporting cells,3
TTGTGTTCACTACAGT-1-0,6.4328914,0.6002118,Inner hair cells,3
TTGTGTTTCGAACCTA-1-0,-2.0358071,-0.91213536,Supporting cells,3
TTGTTCACAAGTGGGT-1-0,-0.5524636,4.189567,Supporting cells,3
TTGTTCAGTATCACGT-1-0,3.534874,7.9803567,Supporting cells,3
TTGTTCAGTCTACGTA-1-0,3.0810888,4.7091494,Fibrocytes,3
TTGTTCATCCTCACGT-1-0,0.11321988,4.1807666,Supporting cells,3
TTGTTGTAGCACGGAT-1-0,6.3120117,3.9453788,Glia/Schwann,3
TTGTTGTAGGTGATCG-1-0,4.2827106,6.2667856,Supporting cells,3
TTGTTGTTCAGCCCAG-1-0,5.551949,1.8218117,Inner hair cells,3
TTGTTGTTCTTGTGCC-1-0,2.5269978,0.25617462,Supporting cells,3
TTGTTTGAGCATTTGC-1-0,-0.65480626,4.05665,Supporting cells,3
TTGTTTGGTGCGAGTA-1-0,2.6194866,2.3070514,Glia/Schwann,3
TTTACCAAGTTACGAA-1-0,-3.4959843,6.377803,Supporting cells,3
TTTACCACAACCAGAG-1-0,-0.12846547,1.8875226,Supporting cells,3
TTTACCAGTGAATTAG-1-0,-1.6981173,6.18623,Supporting cells,3
TTTACCATCAGCTTCC-1-0,5.0581903,8.91614,Supporting cells,3
TTTACGTCAAGCCTGC-1-0,0.9323373,1.0146362,Supporting cells,3
TTTACTGAGCGATGAC-1-0,2.3137848,6.7175345,Supporting cells,3
TTTACTGCATCGAGCC-1-0,0.4023071,7.045721,Supporting cells,3
TTTAGTCAGCTACAAA-1-0,11.275541,2.9596958,Spiral ganglion neurons,3
TTTAGTCCATGGCTGC-1-0,3.823178,7.6068206,Supporting cells,3
TTTAGTCGTGTCCAAT-1-0,0.7265599,10.623584,Supporting cells,3
TTTATGCAGGCGCTTC-1-0,-0.51965255,3.0129273,Supporting cells,3
TTTATGCCAGTAACAA-1-0,-2.0016484,5.0331755,Supporting cells,3
TTTATGCTCACGATCA-1-0,4.8582215,4.1070085,Supporting cells,3
TTTCACAAGGCGACAT-1-0,-0.73106,3.2481935,Supporting cells,3
TTTCACACAACAAGAT-1-0,-2.049425,2.734605,Supporting cells,3
TTTCACACAGACATCT-1-0,8.068901,5.2388306,Supporting cells,3
TTTCAGTAGTCCCTAA-1-0,0.7674472,0.99662423,Supporting cells,3
TTTCAGTTCCGTGTGG-1-0,-2.490439,4.3975244,Supporting cells,3
TTTCATGCAAGGACAC-1-0,-2.6034675,3.275017,Supporting cells,3
TTTCCTCAGATTCGCT-1-0,9.956959,3.3500328,Spiral ganglion neurons,3
TTTCCTCGTTCTTCAT-1-0,5.3522916,9.976304,Supporting cells,3
TTTCCTCTCAAGCCTA-1-0,6.9556007,2.5624852,Supporting cells,3
TTTCGATCAAAGCGTG-1-0,6.936561,-0.6258147,Inner hair cells,3
TTTCGATGTACAAGTA-1-0,-2.805645,6.6829443,Supporting cells,3
TTTCGATGTAGTTACC-1-0,4.3773484,5.540095,Supporting cells,3
TTTCGATTCATTCCTA-1-0,-0.27478832,7.946691,Supporting cells,3
TTTCGATTCCATTGGA-1-0,2.020114,3.5917203,Supporting cells,3
TTTGACTCACAGCATT-1-0,-6.7019544,4.072778,Fibrocytes,3
TTTGATCAGGTCATAA-1-0,1.1654611,12.439782,Fibrocytes,3
TTTGATCAGTCGGCAA-1-0,0.63755417,3.1640093,Supporting cells,3
TTTGATCTCGGTAAGG-1-0,4.463364,5.6201515,Supporting cells,3
TTTGGAGAGCAACTTC-1-0,-2.7915618,3.1925457,Supporting cells,3
TTTGGAGCAGAACTAA-1-0,2.4385977,3.393889,Supporting cells,3
TTTGGAGCATCCAACA-1-0,5.776149,4.9177494,Supporting cells,3
TTTGGAGGTGGGACAT-1-0,9.766535,0.8973629,Outer hair cells,3
TTTGGAGGTGTTAAAG-1-0,-2.1115584,1.8233945,Supporting cells,3
TTTGGTTAGAGTGACC-1-0,0.51366836,8.378751,Supporting cells,3
TTTGGTTGTAGACAGC-1-0,2.817829,10.6232195,Supporting cells,3
TTTGTTGAGGCCCGTT-1-0,-0.6001897,3.221028,Supporting cells,3
TTTGTTGCACGACAAG-1-0,2.5741057,10.008193,Supporting cells,3
TTTGTTGGTAAGCTCT-1-0,5.733861,2.6310725,Supporting cells,3
TTTGTTGTCATTATCC-1-0,4.9695663,0.7355475,Supporting cells,3
TTTGTTGTCGACCAAT-1-0,-2.042504,2.482142,Supporting cells,3
AAACCCAAGAGACAAG-1-1,3.3086638,8.681845,Supporting cells,12
AAACCCACAACGACAG-1-1,9.201441,1.1415642,Outer hair cells,12
AAACCCACAAGCGCTC-1-1,3.4649189,2.67935,Supporting cells,12
AAACCCACACGCGGTT-1-1,-0.6513856,7.212178,Supporting cells,12
AAACCCAGTAGCTAAA-1-1,6.6888084,6.8881993,Glia/Schwann,12
AAACCCAGTATCGTAC-1-1,0.75207174,13.521577,Fibrocytes,12
AAACCCATCATTTCGT-1-1,6.9899955,7.38923,Glia/Schwann,12
AAACCCATCTCACGAA-1-1,-0.16898161,2.7152958,Supporting cells,12
AAACCCATCTCCCATG-1-1,2.4537096,11.552051,Fibrocytes,12
AAACGAAAGAGCCCAA-1-1,6.934336,1.5064006,Outer hair cells,12
AAACGAAAGTAACAGT-1-1,-0.59314686,-0.063322246,Supporting cells,12
AAACGAACAATAAGGT-1-1,-0.42757514,2.5104623,Supporting cells,12
AAACGAACAATAGGAT-1-1,-1.5668612,1.1737902,Supporting cells,12
AAACGAACAGCTATTG-1-1,1.0058867,1.7804147,Supporting cells,12
AAACGAAGTTTGGAAA-1-1,-0.9529718,6.053663,Supporting cells,12
AAACGAATCGACTCCT-1-1,1.1094042,1.1250858,Supporting cells,12
AAACGAATCTTACGGA-1-1,2.7766764,3.9396498,Fibrocytes,12
AAACGCTAGAACGTGC-1-1,6.942746,-0.5642853,Inner hair cells,12
AAACGCTAGAGCATCG-1-1,3.3135612,4.1984754,Supporting cells,12
AAACGCTGTATCAGCT-1-1,-1.1625583,0.31420025,Supporting cells,12
AAACGCTGTGAATGAT-1-1,-3.4190717,4.674644,Supporting cells,12
AAACGCTTCAATCTTC-1-1,9.304216,9.6072235,Glia/Schwann,12
AAACGCTTCCGAGGCT-1-1,-1.1277118,8.787967,Supporting cells,12
AAAGAACAGAATCGAT-1-1,-1.3447579,-0.4350322,Supporting cells,12
AAAGAACAGAGGGTCT-1-1,-6.185858,5.072637,Fibrocytes,12
AAAGAACAGCCGAATG-1-1,2.477994,8.946263,Supporting cells,12
AAAGAACAGGGCAGAG-1-1,3.7391365,9.411605,Supporting cells,12
AAAGAACAGTTCCGTA-1-1,-0.6999106,0.3089394,Supporting cells,12
AAAGAACCAGCGTTTA-1-1,1.6885736,1.1597099,Supporting cells,12
AAAGAACTCCTATTGT-1-1,8.271866,8.638883,Glia/Schwann,12
AAAGGATAGTTCCGTA-1-1,-0.33720788,1.469287,Supporting cells,12
AAAGGATGTATGCTTG-1-1,1.5868531,11.041281,Supporting cells,12
AAAGGATGTCAGGTGA-1-1,-1.6258706,5.2641196,Supporting cells,12
AAAGGATGTGTCCCTT-1-1,5.7599034,0.8321946,Inner hair cells,12
AAAGGATTCATTCCTA-1-1,9.670565,9.600917,Glia/Schwann,12
AAAGGATTCCATAGAC-1-1,-1.5706244,-0.40008512,Supporting cells,12
AAAGGGCAGGACGGAG-1-1,1.0353591,2.9860384,Supporting cells,12
AAAGGGCCACTTTATC-1-1,3.4298832,6.039281,Supporting cells,12
AAAGGGCCAGCTCGGT-1-1,0.3452201,0.1585504,Supporting cells,12
AAAGGGCGTACATACC-1-1,1.9254347,3.8811007,Supporting cells,12
AAAGGGCGTAGTCCTA-1-1,-1.0598779,2.629069,Supporting cells,12
AAAGGGCTCACCGGTG-1-1,-0.18551022,6.882839,Supporting cells,12
AAAGGTATCTAGGCCG-1-1,5.616403,4.6164165,Supporting cells,12
AAAGGTATCTATCACT-1-1,4.5011,6.381447,Supporting cells,12
AAAGTCCCAATAGGGC-1-1,-2.0396733,-0.015528365,Supporting cells,12
AAAGTCCCAGATACTC-1-1,0.42010495,5.408379,Supporting cells,12
AAAGTCCGTGATTGGG-1-1,2.6702218,8.634982,Supporting cells,12
AAAGTCCTCCATAAGC-1-1,-1.1792355,1.0867265,Supporting cells,12
AAAGTCCTCCGCGGAT-1-1,-1.8471135,-0.13536501,Supporting cells,12
AAAGTCCTCTCTCGAC-1-1,-5.578302,3.7323284,Fibrocytes,12
AAAGTGAAGGGTAGCT-1-1,7.0281863,8.7985935,Glia/Schwann,12
AAAGTGAAGTCTCCTC-1-1,1.6188579,2.1584194,Supporting cells,12
AAAGTGACACACGGAA-1-1,3.428832,9.529545,Supporting cells,12
AAAGTGACAGCACACC-1-1,0.19754699,0.70485836,Supporting cells,12
AAAGTGACATAATCGC-1-1,2.2747917,4.5910883,Supporting cells,12
AAAGTGAGTCAGGCAA-1-1,8.055568,1.1452644,Outer hair cells,12
AAAGTGATCCAAGGGA-1-1,1.1392246,3.5864158,Supporting cells,12
AAAGTGATCCCTTGTG-1-1,-0.3547374,1.0486478,Supporting cells,12
AAAGTGATCGGAGATG-1-1,0.5383696,1.4043243,Supporting cells,12
AAAGTGATCTGCACCT-1-1,-2.345909,-0.75818294,Supporting cells,12
AAAGTGATCTGGCCTT-1-1,-1.3844261,4.2740006,Supporting cells,12
AAATGGAAGAAGTGTT-1-1,4.6667514,5.9374895,Supporting cells,12
AAATGGAAGGATACGC-1-1,7.2193823,1.2682915,Outer hair cells,12
AAATGGAAGTGCAACG-1-1,0.3152689,2.9144745,Supporting cells,12
AAATGGACAAGGTACG-1-1,-3.0203505,2.3557005,Supporting cells,12
AAATGGACACTGCACG-1-1,-1.0947206,5.451733,Supporting cells,12
AAATGGAGTACAAAGT-1-1,1.0708249,3.2996044,Supporting cells,12
AAATGGAGTCTTACTT-1-1,1.4054936,9.406134,Supporting cells,12
AAATGGAGTTGCAAGG-1-1,7.1686053,5.0929165,Supporting cells,12
AAATGGAGTTGCGTAT-1-1,-5.5474873,4.0544105,Fibrocytes,12
AACAAAGAGAGCCCAA-1-1,4.4605584,10.626522,Supporting cells,12
AACAAAGAGCTCAGAG-1-1,-0.08866521,7.05124,Supporting cells,12
AACAAAGAGGGTGAGG-1-1,10.444028,8.787667,Glia/Schwann,12
AACAAAGAGTCGCCAC-1-1,7.3881354,10.395495,Glia/Schwann,12
AACAAAGCAAAGGTTA-1-1,-0.2612619,6.833271,Supporting cells,12
AACAAAGCAACGACTT-1-1,5.1482525,1.1337912,Inner hair cells,12
AACAAAGGTACCGGAA-1-1,-0.4695096,1.6438192,Supporting cells,12
AACAAAGGTTAGTTCG-1-1,-0.20357709,6.2939286,Supporting cells,12
AACAAAGTCATCCCGT-1-1,-0.9550936,7.696625,Supporting cells,12
AACAAAGTCCGGTAGC-1-1,-1.2506545,4.5998907,Supporting cells,12
AACAACCAGAGATCGC-1-1,-1.6466687,1.4313252,Supporting cells,12
AACAACCAGTAGTGCG-1-1,0.407648,1.1743091,Supporting cells,12
AACAACCCAATAGAGT-1-1,-0.6600682,1.6775885,Supporting cells,12
AACAACCCACTACCCT-1-1,6.5199103,5.1044216,Supporting cells,12
AACAACCCATCTCAAG-1-1,-1.2195286,3.438493,Supporting cells,12
AACAACCCATGTACGT-1-1,-0.88457733,7.1226263,Supporting cells,12
AACAACCGTGCGGATA-1-1,0.358225,1.1893659,Supporting cells,12
AACAACCTCAATCAGC-1-1,-4.762268,4.659756,Fibrocytes,12
AACAACCTCATTGCGA-1-1,2.8224037,8.366198,Supporting cells,12
AACAACCTCGGTCTGG-1-1,9.553194,0.85017186,Outer hair cells,12
AACAAGAAGTTGCGCC-1-1,-2.2877338,7.7997785,Supporting cells,12
AACAAGACAACGCCCA-1-1,-2.563145,2.601822,Supporting cells,12
AACAAGACAAGCTCTA-1-1,-2.1906524,5.2854047,Supporting cells,12
AACAAGACAGCTGCCA-1-1,-6.3834167,4.9731627,Fibrocytes,12
AACAAGACATCAGTGT-1-1,5.0773463,9.287557,Supporting cells,12
AACAAGAGTAGAATAC-1-1,8.5838995,8.6898,Glia/Schwann,12
AACAAGAGTGCCCAGT-1-1,-7.2028646,4.440083,Fibrocytes,12
AACAAGAGTTACGGAG-1-1,6.6297092,1.6615566,Supporting cells,12
AACAAGAGTTGTAAAG-1-1,7.9026647,8.7780485,Glia/Schwann,12
AACAAGATCTCCCAAC-1-1,1.1896021,1.9213302,Supporting cells,12
AACAAGATCTCTAAGG-1-1,-0.7755906,-0.5062715,Supporting cells,12
AACACACAGCACCTGC-1-1,3.1784115,9.370913,Supporting cells,12
AACACACAGCGAACTG-1-1,7.4238367,7.8303165,Glia/Schwann,12
AACACACAGTTGGGAC-1-1,1.066114,1.5719005,Supporting cells,12
AACACACCAACGGGTA-1-1,5.591097,0.9531315,Inner hair cells,12
AACACACCAGGTGGAT-1-1,2.7565043,13.652262,Fibrocytes,12
AACACACGTACCGGCT-1-1,-1.3198605,6.3502674,Supporting cells,12
AACACACGTTGACGGA-1-1,0.22589724,1.9062207,Supporting cells,12
AACACACTCATCTACT-1-1,-1.4633875,-1.7397453,Supporting cells,12
AACAGGGCACCGTACG-1-1,1.6531129,2.1118667,Supporting cells,12
AACAGGGCAGCTCGGT-1-1,-4.0319753,5.7390122,Supporting cells,12
AACAGGGGTCCACACG-1-1,3.220828,8.753579,Supporting cells,12
AACAGGGTCGAGCCTG-1-1,3.2178013,9.623187,Supporting cells,12
AACAGGGTCGTGGGTC-1-1,-1.3424793,4.1595216,Supporting cells,12
AACAGGGTCTCCGATC-1-1,1.2158471,2.1440258,Supporting cells,12
AACCAACAGAATCGAT-1-1,-1.234614,8.074315,Supporting cells,12
AACCAACAGATAACAC-1-1,7.6338854,8.039301,Glia/Schwann,12
AACCAACAGTTCGGTT-1-1,3.9701333,7.330105,Supporting cells,12
AACCAACCACTGTGAT-1-1,-0.7818085,7.540326,Supporting cells,12
AACCAACCAGCTCATA-1-1,-1.1856927,2.3290331,Supporting cells,12
AACCAACGTCGATTCA-1-1,-1.6021085,2.355505,Supporting cells,12
AACCAACGTTGACTGT-1-1,-6.6376944,4.484738,Fibrocytes,12
AACCAACTCCACGAAT-1-1,8.89358,4.8896756,Supporting cells,12
AACCAACTCGGAATGG-1-1,0.2526116,1.6212907,Supporting cells,12
AACCACAAGCTAAACA-1-1,2.996269,9.927462,Supporting cells,12
AACCACACACACCTAA-1-1,4.6098304,2.2095797,Supporting cells,12
AACCACAGTCTACAGT-1-1,-0.8687092,1.4422201,Supporting cells,12
AACCACAGTCTATGAC-1-1,-2.3380895,2.793039,Supporting cells,12
AACCACAGTTGTAGCT-1-1,0.747261,5.349819,Supporting cells,12
AACCACATCATTATCC-1-1,2.6038532,4.398428,Supporting cells,12
AACCACATCCTCAGGG-1-1,8.901579,6.4514422,Supporting cells,12
AACCATGCATCTTAGG-1-1,6.4237757,4.9099836,Supporting cells,12
AACCATGCATGGCCCA-1-1,7.1155953,4.8821287,Supporting cells,12
AACCATGTCGAGTGGA-1-1,6.153578,6.595503,Glia/Schwann,12
AACCCAACAGCTGAGA-1-1,5.9476213,-0.46674296,Inner hair cells,12
AACCCAAGTCTAACGT-1-1,0.43760967,11.866347,Fibrocytes,12
AACCCAAGTCTCGACG-1-1,0.061212417,7.0514035,Supporting cells,12
AACCCAAGTTGGCCGT-1-1,0.43023965,11.4166155,Fibrocytes,12
AACCCAAGTTTCTATC-1-1,-6.9966407,5.3303704,Fibrocytes,12
AACCTGAAGACATACA-1-1,3.6978428,4.264976,Supporting cells,12
AACCTGAAGCATGCAG-1-1,-1.7405099,1.7921393,Supporting cells,12
AACCTGAAGCGCCCAT-1-1,3.056737,9.63178,Supporting cells,12
AACCTGACAGTCGCAC-1-1,-2.3840075,1.9907404,Supporting cells,12
AACCTGACATAGATGA-1-1,-3.117896,4.004275,Supporting cells,12
AACCTGACATTCACCC-1-1,-1.1134881,3.5228672,Supporting cells,12
AACCTGAGTAGCCCTG-1-1,9.0267315,8.689673,Glia/Schwann,12
AACCTGATCTGGGCAC-1-1,10.05512,8.873978,Glia/Schwann,12
AACCTTTGTACTGCCG-1-1,-0.4489468,3.1646988,Supporting cells,12
AACCTTTTCGTCGACG-1-1,-2.2458248,1.2276524,Supporting cells,12
AACGAAACAACAGATA-1-1,5.660253,1.9412956,Inner hair cells,12
AACGAAACACCGCTAG-1-1,-1.4165089,1.903019,Supporting cells,12
AACGAAACAGCGAGTA-1-1,5.9174657,9.050266,Supporting cells,12
AACGAAACATGTTCAG-1-1,-0.6919719,3.3869855,Supporting cells,12
AACGAAAGTCATAACC-1-1,9.093948,9.217501,Glia/Schwann,12
AACGAAAGTTCCACGG-1-1,2.1726906,10.083883,Supporting cells,12
AACGAAATCCATCTCG-1-1,-1.6406361,-1.7895845,Supporting cells,12
AACGAAATCGTTATCT-1-1,7.208468,5.7816596,Supporting cells,12
AACGAAATCTTCTAAC-1-1,-0.24641483,-0.16325928,Supporting cells,12
AACGGGAAGAATAGTC-1-1,10.16008,9.720967,Glia/Schwann,12
AACGGGACAAATCCCA-1-1,-2.8740344,2.0958397,Supporting cells,12
AACGGGACAGAGAGGG-1-1,3.3912587,3.8722842,Supporting cells,12
AACGGGATCATTGCCC-1-1,1.2036405,2.9434633,Supporting cells,12
AACGGGATCTTTCTAG-1-1,5.03542,0.89060795,Supporting cells,12
AACGTCAAGACGAGCT-1-1,-3.527775,2.4614406,Fibrocytes,12
AACGTCAAGACGTCGA-1-1,-1.3029504,-0.5360179,Supporting cells,12
AACGTCACAGCTGGTC-1-1,0.5356895,2.904095,Supporting cells,12
AACGTCACAGTCTCTC-1-1,6.846688,3.9133832,Supporting cells,12
AACGTCAGTACCTATG-1-1,2.548794,5.8446383,Supporting cells,12
AACGTCATCCTGCCAT-1-1,3.6425264,6.6225786,Supporting cells,12
AACGTCATCTGCGGCA-1-1,4.548726,9.491692,Supporting cells,12
AACTTCTAGAAATCCA-1-1,8.466646,0.73255026,Outer hair cells,12
AACTTCTCAAGCTCTA-1-1,9.027771,8.523037,Glia/Schwann,12
AACTTCTCACGAGGTA-1-1,3.2893565,4.122798,Supporting cells,12
AACTTCTGTAGAGATT-1-1,0.5095829,13.235862,Fibrocytes,12
AACTTCTGTAGGTGCA-1-1,0.756497,11.832946,Fibrocytes,12
AACTTCTGTCTACATG-1-1,0.97108084,1.6370143,Supporting cells,12
AACTTCTGTTCAACGT-1-1,0.68386936,10.000155,Supporting cells,12
AACTTCTTCAACACGT-1-1,10.244829,8.992972,Glia/Schwann,12
AACTTCTTCCCATGGG-1-1,-3.1159036,8.657383,Supporting cells,12
AACTTCTTCCCTTGGT-1-1,4.348614,4.567954,Supporting cells,12
AACTTCTTCGAGCTGC-1-1,0.7591407,11.293523,Fibrocytes,12
AAGAACACACGGGCTT-1-1,-7.426054,4.4051437,Fibrocytes,12
AAGAACATCTCGCAGG-1-1,3.4440274,10.953614,Supporting cells,12
AAGACAAAGATTGACA-1-1,3.415903,2.6835089,Supporting cells,12
AAGACAACAGTAGTGG-1-1,0.78100854,11.926479,Fibrocytes,12
AAGACTCAGCTAGAAT-1-1,8.503387,4.983505,Supporting cells,12
AAGACTCAGGATGAGA-1-1,-2.9096355,2.3871524,Supporting cells,12
AAGACTCGTCATCCCT-1-1,-3.0014544,11.672236,Macrophages/Microglia,12
AAGACTCTCACTCACC-1-1,-0.82224256,3.9847498,Supporting cells,12
AAGACTCTCAGTGGGA-1-1,0.27940637,5.2154994,Supporting cells,12
AAGACTCTCATTTACC-1-1,3.7214313,5.9211054,Supporting cells,12
AAGACTCTCCCATTCG-1-1,-0.5434821,1.7276901,Supporting cells,12
AAGACTCTCGGCTTCT-1-1,1.6258801,6.691729,Supporting cells,12
AAGATAGCAATTGTGC-1-1,-0.67745686,7.154282,Supporting cells,12
AAGATAGCACGATTCA-1-1,-0.029857824,7.1062984,Supporting cells,12
AAGATAGCACGTGAGA-1-1,-1.1665483,8.185483,Supporting cells,12
AAGATAGCACTGCGAC-1-1,4.254414,10.825436,Supporting cells,12
AAGATAGCATGAAGCG-1-1,0.5416493,4.255244,Supporting cells,12
AAGATAGGTCTTACAG-1-1,10.304448,8.788577,Glia/Schwann,12
AAGATAGTCGTTCCCA-1-1,-0.019026,7.1900835,Supporting cells,12
AAGATAGTCTTTGATC-1-1,-0.9212271,-0.20129904,Supporting cells,12
AAGCATCAGCATATGA-1-1,-0.9638773,2.1064134,Supporting cells,12
AAGCATCCATCACGGC-1-1,7.2226996,4.908961,Supporting cells,12
AAGCATCCATCCAATG-1-1,3.562529,2.7260509,Supporting cells,12
AAGCATCGTACCCGCA-1-1,-0.8592832,2.925592,Supporting cells,12
AAGCATCTCATCGACA-1-1,6.9367795,4.993775,Supporting cells,12
AAGCATCTCCCATTTA-1-1,5.199158,3.2459023,Supporting cells,12
AAGCATCTCGACGATT-1-1,-1.0635421,6.528624,Supporting cells,12
AAGCCATAGGTAACTA-1-1,-0.6515083,0.4879996,Supporting cells,12
AAGCCATCAAAGGCGT-1-1,-0.05053652,8.719836,Supporting cells,12
AAGCCATCAACCACAT-1-1,-1.0981826,3.2978046,Supporting cells,12
AAGCCATGTCATAGTC-1-1,6.575564,9.052815,Glia/Schwann,12
AAGCCATGTCGATTAC-1-1,-1.2797896,1.7806726,Supporting cells,12
AAGCCATTCGCGCCAA-1-1,5.499188,-0.32304835,Inner hair cells,12
AAGCGAGAGCTTGTTG-1-1,3.7929254,3.9999928,Supporting cells,12
AAGCGAGAGTGCTCAT-1-1,-3.8908596,5.0869794,Fibrocytes,12
AAGCGAGCACAACGTT-1-1,4.5705714,11.346025,Supporting cells,12
AAGCGAGCACTGGACC-1-1,-1.5394324,-0.67871046,Supporting cells,12
AAGCGAGGTGGATACG-1-1,0.96596074,6.1579213,Supporting cells,12
AAGCGAGTCGCCGAGT-1-1,-1.3485317,1.1742156,Supporting cells,12
AAGCGAGTCGTCGCTT-1-1,-0.6093,3.9389224,Supporting cells,12
AAGCGAGTCTAGAACC-1-1,2.7268643,11.809813,Fibrocytes,12
AAGCGTTAGATGTTCC-1-1,3.6797633,4.0103626,Supporting cells,12
AAGCGTTAGTACGTCT-1-1,4.8758397,9.173179,Supporting cells,12
AAGCGTTCAACCTAAC-1-1,1.1702815,13.260019,Fibrocytes,12
AAGCGTTCACAGTACT-1-1,0.30843344,1.8276259,Supporting cells,12
AAGCGTTGTCTTCTAT-1-1,2.3292387,9.505161,Supporting cells,12
AAGCGTTGTGTACGCC-1-1,-1.1717068,1.2181166,Supporting cells,12
AAGCGTTGTTACGCCG-1-1,2.9629414,9.708131,Supporting cells,12
AAGCGTTTCAAGCTGT-1-1,6.7135305,3.8992972,Supporting cells,12
AAGCGTTTCCATGATG-1-1,0.8601821,10.859684,Fibrocytes,12
AAGCGTTTCTCCCAAC-1-1,4.283101,10.461207,Supporting cells,12
AAGGAATCATCAGTCA-1-1,3.988617,8.985363,Supporting cells,12
AAGGAATGTGAGCTCC-1-1,0.597527,10.679736,Fibrocytes,12
AAGGAATTCCCGAGAC-1-1,1.15628,1.0716151,Supporting cells,12
AAGGAATTCTACTGCC-1-1,6.0410805,4.519263,Glia/Schwann,12
AAGGAATTCTCGCTTG-1-1,9.279745,8.638551,Glia/Schwann,12
AAGGTAAAGAACAGGA-1-1,0.1530699,6.6264377,Supporting cells,12
AAGGTAACATTCTGTT-1-1,-0.023301102,5.6802263,Supporting cells,12
AAGGTAAGTCAGTCTA-1-1,-0.909962,2.798351,Supporting cells,12
AAGGTAAGTGAGTAAT-1-1,-3.2873647,7.0946035,Supporting cells,12
AAGGTAATCGACGCTG-1-1,-0.4769701,1.5533895,Supporting cells,12
AAGGTAATCTCTGGTC-1-1,10.454447,5.5869617,Supporting cells,12
AAGTACCGTAGGGTAC-1-1,-0.05164801,5.42314,Supporting cells,12
AAGTACCTCAACCTTT-1-1,5.0960264,7.2689686,Fibrocytes,12
AAGTCGTAGCACTAGG-1-1,0.4467172,3.2282908,Supporting cells,12
AAGTCGTAGGATGGCT-1-1,-2.4430635,1.1291811,Supporting cells,12
AAGTCGTAGGTCACCC-1-1,3.9027412,8.887234,Supporting cells,12
AAGTCGTCACAATTCG-1-1,-2.359081,-1.4221767,Supporting cells,12
AAGTCGTCAGTAACAA-1-1,-5.0464406,5.548061,Fibrocytes,12
AAGTCGTTCGACATTG-1-1,-3.2762897,10.833799,Macrophages/Microglia,12
AAGTGAAAGACGAGCT-1-1,0.8806379,13.51117,Fibrocytes,12
AAGTGAAAGCCTCAGC-1-1,6.462529,7.3721213,Glia/Schwann,12
AAGTGAACATGAAAGT-1-1,-1.4703938,0.18587704,Supporting cells,12
AAGTGAACATGTACGT-1-1,-1.2601309,7.608587,Supporting cells,12
AAGTGAATCAACTTTC-1-1,0.71497256,6.74181,Supporting cells,12
AAGTTCGAGCTGTGCC-1-1,1.133885,2.9843214,Supporting cells,12
AAGTTCGAGTGTTCCA-1-1,4.5139523,5.7820873,Supporting cells,12
AAGTTCGCAGAGGCAT-1-1,4.903901,1.4032139,Supporting cells,12
AAGTTCGGTCTCAGAT-1-1,-0.93429357,1.3371688,Supporting cells,12
AAGTTCGTCTCCGCAT-1-1,5.3928423,1.0676512,Inner hair cells,12
AATAGAGAGCCTGAAG-1-1,6.2606297,4.180179,Supporting cells,12
AATAGAGAGGCCTAGA-1-1,-0.6787489,3.9347556,Supporting cells,12
AATAGAGAGTGGACTG-1-1,-0.5392542,3.8631124,Supporting cells,12
AATAGAGCAAGTGGAC-1-1,7.144861,5.7437143,Supporting cells,12
AATAGAGCACGTGAGA-1-1,8.245294,3.2328181,Supporting cells,12
AATAGAGCAGACGATG-1-1,-1.8326213,-0.17909013,Supporting cells,12
AATAGAGCAGCTGTTA-1-1,-0.41713828,3.8099484,Supporting cells,12
AATAGAGCATACGCAT-1-1,5.842289,6.5553803,Supporting cells,12
AATAGAGGTGGGTCAA-1-1,0.37594068,2.201157,Supporting cells,12
AATAGAGTCCAACTAG-1-1,3.547803,0.20933105,Glia/Schwann,12
AATCACGCAAGCAATA-1-1,-0.20842622,-1.1220559,Supporting cells,12
AATCACGCACAAAGTA-1-1,-0.11096233,5.4376144,Supporting cells,12
AATCACGGTAGGAAAG-1-1,-1.1113714,1.7336199,Supporting cells,12
AATCACGTCCTTGACC-1-1,3.6880538,2.4893157,Supporting cells,12
AATCACGTCGTCGATA-1-1,4.7784886,11.072473,Supporting cells,12
AATCGACAGATGGTCG-1-1,1.8608348,11.910223,Fibrocytes,12
AATCGACAGGAGAGTA-1-1,8.914318,8.686355,Glia/Schwann,12
AATCGACGTCTGTAAC-1-1,-2.5074487,3.4118693,Supporting cells,12
AATCGACGTGAATTGA-1-1,0.7429896,5.3855076,Supporting cells,12
AATCGACTCATCCTAT-1-1,10.14818,0.6879814,Outer hair cells,12
AATCGTGAGAGATCGC-1-1,-0.24566266,5.087776,Supporting cells,12
AATCGTGAGATTGATG-1-1,1.0098277,13.13494,Fibrocytes,12
AATCGTGAGCTGAGCA-1-1,-0.83276135,8.0141115,Supporting cells,12
AATCGTGCAACTTGGT-1-1,-0.07277581,1.2245979,Supporting cells,12
AATCGTGTCGGCTTGG-1-1,2.985149,4.918252,Supporting cells,12
AATGAAGCAGAAACCG-1-1,1.271896,10.68002,Fibrocytes,12
AATGAAGGTCAACGCC-1-1,1.1594864,1.6462177,Supporting cells,12
AATGAAGGTTATGTCG-1-1,-3.0690253,4.5098705,Supporting cells,12
AATGAAGTCCGCAGTG-1-1,0.96801776,1.0720916,Supporting cells,12
AATGACCAGCTACTAC-1-1,-0.7617775,8.148235,Supporting cells,12
AATGACCGTGGTTCTA-1-1,0.61583567,3.3871813,Supporting cells,12
AATGACCGTTGGCCGT-1-1,6.583829,8.875539,Glia/Schwann,12
AATGACCTCATTGCGA-1-1,0.62732047,1.4492285,Supporting cells,12
AATGACCTCCATTGTT-1-1,0.019374931,1.429356,Supporting cells,12
AATGACCTCTCCTGAC-1-1,-0.11075044,-0.9570654,Supporting cells,12
AATGCCAAGCAAACAT-1-1,-6.145212,4.1435304,Fibrocytes,12
AATGCCAAGGACTATA-1-1,-2.7249727,3.9962683,Supporting cells,12
AATGCCAAGTGCACTT-1-1,0.18858823,3.4868662,Supporting cells,12
AATGCCAGTCAGGTGA-1-1,0.9760146,5.921137,Supporting cells,12
AATGGAACACACCGAC-1-1,-1.1590774,0.9967952,Supporting cells,12
AATGGAACATACCGTA-1-1,5.255426,4.3670645,Supporting cells,12
AATGGAAGTCTTCATT-1-1,2.855127,4.579405,Supporting cells,12
AATGGAAGTGGTCAAG-1-1,7.2223315,5.1427903,Supporting cells,12
AATGGAATCCTTACCG-1-1,-0.004559977,5.6498904,Supporting cells,12
AATGGCTAGAAATGGG-1-1,5.7293835,8.4501,Supporting cells,12
AATGGCTCACTGAGTT-1-1,7.1029296,2.9392292,Supporting cells,12
AATGGCTGTCCAGTTA-1-1,-0.88976985,6.0124483,Supporting cells,12
AATGGCTGTGTCATCA-1-1,-0.3080596,1.2947044,Supporting cells,12
AATTCCTCACTCTGCT-1-1,-1.1247426,-1.7568573,Supporting cells,12
AATTCCTCAGGAGACT-1-1,3.3661609,8.878255,Supporting cells,12
AATTCCTCATCCGAAT-1-1,-6.6366973,4.2185616,Fibrocytes,12
AATTCCTGTACTCGCG-1-1,-3.8799348,6.8432508,Supporting cells,12
AATTCCTGTGACACGA-1-1,6.97243,4.8912125,Supporting cells,12
AATTCCTTCCTGCCAT-1-1,-1.7017572,1.7899157,Supporting cells,12
AATTTCCAGGGAGAAT-1-1,-1.6572273,-0.620322,Supporting cells,12
AATTTCCCATTCTCCG-1-1,0.3243474,6.706856,Supporting cells,12
AATTTCCGTCCTATAG-1-1,0.47168323,11.936845,Fibrocytes,12
ACAAAGAAGCTACGTT-1-1,0.05961459,5.5361876,Supporting cells,12
ACAAAGAAGTACGAGC-1-1,-1.8660039,1.0442778,Supporting cells,12
ACAAAGAGTTAACAGA-1-1,5.2523036,1.8714906,Supporting cells,12
ACAAAGATCCCAGGAC-1-1,0.6309367,11.399144,Fibrocytes,12
ACAAAGATCCTAGCGG-1-1,-0.37616378,1.9869031,Supporting cells,12
ACAACCAAGATGCTGG-1-1,-1.7280465,6.038408,Supporting cells,12
ACAACCAAGGCATCGA-1-1,0.088295914,6.414315,Supporting cells,12
ACAACCAAGGTAATCA-1-1,-2.2004397,9.076355,Supporting cells,12
ACAACCACAATCTCTT-1-1,-5.7529936,4.307419,Fibrocytes,12
ACAACCACAGCGAGTA-1-1,9.812382,5.290399,Supporting cells,12
ACAACCAGTGCAGGAT-1-1,-7.074232,4.671006,Fibrocytes,12
ACAAGCTAGGCACCAA-1-1,-1.5626825,0.33107153,Supporting cells,12
ACAAGCTAGTTGCGAG-1-1,1.3617585,7.3652296,Supporting cells,12
ACAAGCTCAAGGCCTC-1-1,0.6570806,11.793633,Fibrocytes,12
ACAAGCTCACATTACG-1-1,6.975538,2.4590235,Outer hair cells,12
ACAAGCTCAGGAACCA-1-1,-2.161772,-1.8542689,Supporting cells,12
ACAAGCTGTACAAGCG-1-1,-2.11957,1.7318337,Supporting cells,12
ACAAGCTGTCAGGTGA-1-1,3.1581888,9.449031,Supporting cells,12
ACACAGTAGACATCCT-1-1,9.665669,8.501118,Glia/Schwann,12
ACACAGTCAATGAAAC-1-1,9.757274,8.717407,Glia/Schwann,12
ACACCAAAGCAGCGAT-1-1,6.3878074,4.982446,Supporting cells,12
ACACCAACACAAGCCC-1-1,-1.1899229,8.299129,Supporting cells,12
ACACCAACAGCTATTG-1-1,-0.36766574,6.5924644,Supporting cells,12
ACACCAAGTACAGTTC-1-1,0.8296647,12.671253,Fibrocytes,12
ACACCAATCCCAATAG-1-1,0.7911734,6.5936785,Supporting cells,12
ACACCAATCTGAGGCC-1-1,2.4876578,3.9773676,Supporting cells,12
ACACCAATCTGATGGT-1-1,5.727271,0.94225067,Inner hair cells,12
ACACGCGAGATGTTGA-1-1,-0.66368693,1.9818624,Supporting cells,12
ACACGCGAGTCATTGC-1-1,-6.714994,4.357532,Fibrocytes,12
ACACGCGGTTGTGGCC-1-1,0.3934548,-0.43002784,Supporting cells,12
ACACTGAAGACCCTTA-1-1,1.0657222,10.038852,Supporting cells,12
ACACTGAAGGACGCTA-1-1,-0.24806295,0.5115044,Supporting cells,12
ACACTGACAGAGGGTT-1-1,0.25678092,4.4025607,Supporting cells,12
ACACTGACAGGACTTT-1-1,3.2029104,1.3081561,Glia/Schwann,12
ACACTGACATCGCTAA-1-1,5.3957124,2.2133136,Supporting cells,12
ACACTGAGTAGAGCTG-1-1,1.8668268,12.488882,Fibrocytes,12
ACACTGAGTGCACAAG-1-1,6.4966383,10.480973,Supporting cells,12
ACACTGAGTGGATCGA-1-1,-0.82499933,1.8335893,Supporting cells,12
ACACTGAGTTTGTGGT-1-1,4.1650324,4.197923,Supporting cells,12
ACACTGATCAAAGAAC-1-1,-0.8686752,5.746136,Supporting cells,12
ACACTGATCCCATGGG-1-1,-3.3336828,8.659901,Supporting cells,12
ACAGAAAAGCGATGGT-1-1,3.6837425,0.27185255,Glia/Schwann,12
ACAGAAAAGTTGAAAC-1-1,-1.3435357,2.5875642,Supporting cells,12
ACAGAAACACGCACCA-1-1,3.5241988,10.655087,Supporting cells,12
ACAGAAAGTCTGTCAA-1-1,-0.5007723,6.767178,Supporting cells,12
ACAGCCGAGTCCCGAC-1-1,6.430913,4.727409,Supporting cells,12
ACAGCCGTCTTCTAAC-1-1,0.76592064,13.448451,Fibrocytes,12
ACAGGGAAGGCGAAGG-1-1,1.3037381,8.4805765,Supporting cells,12
ACAGGGAAGTTAGTGA-1-1,0.92941856,0.6759111,Supporting cells,12
ACAGGGACAATCGTCA-1-1,2.4908702,9.171784,Supporting cells,12
ACAGGGAGTCGGCTAC-1-1,-2.4967701,3.670673,Supporting cells,12
ACAGGGATCAGCCTTC-1-1,2.7510843,13.687198,Fibrocytes,12
ACAGGGATCCCATGGG-1-1,-3.3977025,8.7429695,Supporting cells,12
ACAGGGATCGACGTCG-1-1,-1.3432486,-0.8502355,Supporting cells,12
ACATCCCAGAAGGCTC-1-1,-1.1984531,6.1173244,Supporting cells,12
ACATCCCAGTCTCCTC-1-1,6.333923,4.6551857,Supporting cells,12
ACATCCCGTCACAATC-1-1,-1.2781845,-1.0556084,Supporting cells,12
ACATCGACAAGAATAC-1-1,8.308747,8.822983,Glia/Schwann,12
ACATCGACAGCGACCT-1-1,4.49156,5.050595,Supporting cells,12
ACATCGAGTATGGAGC-1-1,-0.68721056,5.644921,Supporting cells,12
ACATGCAAGCCTAACT-1-1,4.4463296,3.6407564,Supporting cells,12
ACATGCAGTTTCAGAC-1-1,5.0395164,0.70598745,Inner hair cells,12
ACATTTCAGAGTCAAT-1-1,1.5401952,1.1392959,Supporting cells,12
ACATTTCAGTAAACAC-1-1,-1.856462,2.8474355,Supporting cells,12
ACATTTCCAGCTTCGG-1-1,4.985053,2.5387645,Supporting cells,12
ACATTTCCATGAAGGC-1-1,-1.2240682,4.166455,Supporting cells,12
ACATTTCGTAACCCTA-1-1,0.0999714,4.017466,Supporting cells,12
ACATTTCTCGGACTGC-1-1,7.3649917,8.907734,Glia/Schwann,12
ACCAAACAGCTTGTGT-1-1,1.3310733,12.9692135,Fibrocytes,12
ACCAAACAGGGAGAAT-1-1,-0.41508457,-0.88345397,Supporting cells,12
ACCAAACAGTGCCCGT-1-1,7.2502403,5.561075,Supporting cells,12
ACCAAACCAAATTGGA-1-1,1.1123251,7.891702,Supporting cells,12
ACCAAACCATGTACGT-1-1,-1.0792645,7.544406,Supporting cells,12
ACCAAACGTTAGGCCC-1-1,7.1285405,3.7367125,Supporting cells,12
ACCAAACTCAACCTTT-1-1,0.24971674,6.450422,Supporting cells,12
ACCAAACTCATCCTAT-1-1,-2.9692748,3.3943343,Supporting cells,12
ACCAAACTCCAACCAA-1-1,-5.2050233,4.7230277,Fibrocytes,12
ACCAAACTCCGCTAGG-1-1,-1.2102411,-0.6991533,Supporting cells,12
ACCAAACTCCGTGGCA-1-1,1.2407802,11.084767,Fibrocytes,12
ACCAACAAGAGTCAAT-1-1,2.8782434,9.203446,Supporting cells,12
ACCAACAAGGTATCTC-1-1,1.1794307,1.515807,Supporting cells,12
ACCAACAAGTCCGCGT-1-1,2.8096082,3.1981242,Supporting cells,12
ACCAACACAAAGACTA-1-1,-1.0966578,2.7302501,Supporting cells,12
ACCAACACAAGTTTGC-1-1,5.0322165,3.6226275,Supporting cells,12
ACCAACACATCGGAGA-1-1,-3.309303,5.6050053,Supporting cells,12
ACCAACAGTTCGGACC-1-1,2.6308937,10.473732,Supporting cells,12
ACCAACATCCGAAGGA-1-1,1.5007741,8.519468,Supporting cells,12
ACCAACATCGTCCATC-1-1,-0.7018629,3.8064377,Supporting cells,12
ACCACAAGTCCTGGTG-1-1,0.5675741,1.194841,Supporting cells,12
ACCACAAGTGTCACAT-1-1,-0.98967826,3.0976996,Supporting cells,12
ACCATTTAGAGTGAAG-1-1,8.932223,6.3971906,Supporting cells,12
ACCATTTAGTTTCGAC-1-1,3.8233006,11.217037,Supporting cells,12
ACCATTTCAAGCTACT-1-1,-2.5133,1.2717706,Supporting cells,12
ACCATTTTCCAACTAG-1-1,-6.577969,4.1721344,Fibrocytes,12
ACCATTTTCCATCGTC-1-1,1.3585929,0.76157093,Supporting cells,12
ACCATTTTCGTGCATA-1-1,-1.2951878,2.1710083,Supporting cells,12
ACCCAAAAGAGGATGA-1-1,-1.6829008,9.838453,Macrophages/Microglia,12
ACCCAAAAGCCTTTGA-1-1,-1.1636412,8.196799,Supporting cells,12
ACCCAAAAGCTAATGA-1-1,1.5821861,3.6263022,Supporting cells,12
ACCCAAAAGTGCAGGT-1-1,-1.9826969,-0.9847129,Supporting cells,12
ACCCAAACAGCTCTGG-1-1,1.6420695,1.7297239,Supporting cells,12
ACCCAAAGTCCTATAG-1-1,-2.1207266,1.2806625,Supporting cells,12
ACCCTCAAGCATGCAG-1-1,3.064025,3.211848,Supporting cells,12
ACCCTCACACCCTGTT-1-1,1.2624761,4.3820214,Supporting cells,12
ACCCTCACACGCCAGT-1-1,-0.32008183,6.5537324,Supporting cells,12
ACCCTCACACTGCGTG-1-1,7.9232163,1.6613734,Outer hair cells,12
ACCCTCACATCGATAC-1-1,0.24617636,4.741232,Supporting cells,12
ACCCTCATCCATCTGC-1-1,0.027859755,3.5548038,Supporting cells,12
ACCCTCATCTAGACAC-1-1,2.0379305,8.960708,Supporting cells,12
ACCCTCATCTGTTGGA-1-1,-3.7150896,5.3474655,Supporting cells,12
ACCCTTGAGAAGTATC-1-1,7.514806,5.081163,Supporting cells,12
ACCCTTGGTCAAGGCA-1-1,6.942908,5.009448,Supporting cells,12
ACCGTTCAGACTCATC-1-1,-2.4550729,2.9273543,Supporting cells,12
ACCGTTCAGCCTAACT-1-1,0.92224306,1.5821751,Supporting cells,12
ACCGTTCAGGATTTGA-1-1,4.9514923,6.709392,Supporting cells,12
ACCGTTCAGTATTCCG-1-1,-2.880053,0.70115227,Supporting cells,12
ACCGTTCCAAGTGGAC-1-1,2.182507,9.524865,Supporting cells,12
ACCGTTCTCCCGGTAG-1-1,-1.9392908,-0.6125384,Supporting cells,12
ACCTACCAGCGTTCAT-1-1,6.120785,6.032663,Supporting cells,12
ACCTACCAGGCATCAG-1-1,7.9210854,6.2472725,Supporting cells,12
ACCTACCCAAGTGCAG-1-1,8.295298,2.982871,Supporting cells,12
ACCTACCCATAAGCGG-1-1,4.8026166,5.8845644,Supporting cells,12
ACCTACCGTAAGCGGT-1-1,0.8284078,10.725594,Fibrocytes,12
ACCTACCTCTCCCAAC-1-1,4.4372606,4.132622,Supporting cells,12
ACCTGAAAGCGACCCT-1-1,1.1245075,11.671047,Fibrocytes,12
ACCTGAAAGGCTTTCA-1-1,-3.6604223,6.7325473,Supporting cells,12
ACCTGAAAGTCATAGA-1-1,0.24213678,1.5041233,Supporting cells,12
ACCTGAACAGTCGTTA-1-1,-0.83048165,4.2839947,Supporting cells,12
ACCTGAATCAACTGGT-1-1,-1.3005077,0.6480654,Supporting cells,12
ACCTGAATCATTGCGA-1-1,9.1749935,0.9377648,Outer hair cells,12
ACCTGAATCCGAGGCT-1-1,8.054498,8.751726,Glia/Schwann,12
ACCTGAATCTGCTCTG-1-1,0.40590158,1.4112808,Supporting cells,12
ACCTGTCAGCCTCGTG-1-1,10.193043,9.155886,Glia/Schwann,12
ACCTGTCCAAGAGATT-1-1,10.119185,8.776098,Glia/Schwann,12
ACCTGTCCACCAGCGT-1-1,8.496297,1.0389749,Outer hair cells,12
ACCTGTCGTACAGAAT-1-1,0.0016499113,1.9343696,Supporting cells,12
ACCTGTCGTGGATGAC-1-1,5.8014455,-0.14488435,Inner hair cells,12
ACCTGTCTCCGAGATT-1-1,-0.5066764,2.2481766,Supporting cells,12
ACCTGTCTCCTCACGT-1-1,6.321782,10.053744,Supporting cells,12
ACGATCAAGACCGCCT-1-1,-5.4276915,4.9369497,Fibrocytes,12
ACGATCACAGGACTTT-1-1,5.707582,6.362093,Supporting cells,12
ACGATCAGTCTCGACG-1-1,-0.6521074,4.054823,Supporting cells,12
ACGATCATCCCATGGG-1-1,-3.1914694,8.605304,Supporting cells,12
ACGATGTAGACTCCGC-1-1,2.5170445,9.127362,Supporting cells,12
ACGATGTAGTACAACA-1-1,-2.0702431,1.8935138,Supporting cells,12
ACGATGTGTCGCATTA-1-1,7.109867,10.4865675,Glia/Schwann,12
ACGATGTGTCTCCTGT-1-1,0.73662513,10.311582,Supporting cells,12
ACGATGTGTGATGAAT-1-1,-2.6733403,4.021597,Supporting cells,12
ACGATGTTCAGAGCAG-1-1,-4.999438,4.660562,Fibrocytes,12
ACGATGTTCGGTATGT-1-1,0.95649827,3.212131,Supporting cells,12
ACGATGTTCTTGGCTC-1-1,-0.60137296,5.3889155,Supporting cells,12
ACGCACGAGTCGAAAT-1-1,-1.1952875,8.412077,Supporting cells,12
ACGCACGCAGTTCACA-1-1,-4.0072656,5.6802087,Supporting cells,12
ACGCACGGTGAATTGA-1-1,1.9205217,9.715385,Supporting cells,12
ACGCACGTCATTGGTG-1-1,-2.1591911,2.3122442,Supporting cells,12
ACGGAAGAGAGGTGCT-1-1,5.6622458,2.7256694,Supporting cells,12
ACGGAAGAGTCACGAG-1-1,6.0516505,8.895675,Supporting cells,12
ACGGAAGAGTCTGTAC-1-1,2.4684765,7.693701,Supporting cells,12
ACGGAAGCAACCTATG-1-1,-2.4241745,-0.53265375,Supporting cells,12
ACGGAAGCACCTCAGG-1-1,1.22445,12.247722,Fibrocytes,12
ACGGAAGCAGAAACCG-1-1,7.1456842,10.118045,Glia/Schwann,12
ACGGAAGCAGGATTCT-1-1,-0.5515724,9.343896,Supporting cells,12
ACGGAAGCAGTCGCAC-1-1,0.27367675,4.822847,Supporting cells,12
ACGGAAGGTATGGTTC-1-1,1.2332714,2.806713,Supporting cells,12
ACGGAAGGTGACATCT-1-1,-5.381395,4.7910023,Fibrocytes,12
ACGGAAGGTTTAGACC-1-1,0.051473062,5.9936705,Supporting cells,12
ACGGGTCAGACCTCAT-1-1,1.5079924,1.7136987,Supporting cells,12
ACGGGTCCAACGGTAG-1-1,1.6293923,12.952587,Fibrocytes,12
ACGGGTCCATTGACTG-1-1,8.888656,8.603351,Glia/Schwann,12
ACGGGTCTCCATTTGT-1-1,10.046285,9.731027,Glia/Schwann,12
ACGGGTCTCTAAGCCA-1-1,-1.5779396,6.675871,Supporting cells,12
ACGGTCGAGAGCAAGA-1-1,9.333643,9.525511,Glia/Schwann,12
ACGGTCGAGTCACGAG-1-1,3.0012143,1.9844463,Supporting cells,12
ACGGTCGCAACGATTC-1-1,4.9885035,2.360646,Supporting cells,12
ACGGTCGCAGGTGACA-1-1,0.9724444,11.1878605,Fibrocytes,12
ACGGTCGCAGTGTGCC-1-1,7.095142,5.745192,Supporting cells,12
ACGGTCGTCCACGTGG-1-1,1.348039,13.225654,Fibrocytes,12
ACGGTTAAGAGCCTGA-1-1,0.65592825,1.3385371,Supporting cells,12
ACGGTTAAGCTAAATG-1-1,0.7491772,10.226547,Supporting cells,12
ACGGTTACAACCGCCA-1-1,3.1911561,9.807916,Supporting cells,12
ACGGTTACATGGCTAT-1-1,5.0607595,0.4328086,Inner hair cells,12
ACGGTTAGTATAATGG-1-1,4.6300235,11.31051,Supporting cells,12
ACGGTTAGTATGGTAA-1-1,-0.7585985,9.310128,Supporting cells,12
ACGGTTAGTCTGTGGC-1-1,1.1168693,13.540568,Fibrocytes,12
ACGGTTAGTTCACGAT-1-1,4.2704797,10.234433,Supporting cells,12
ACGGTTATCGCTCCTA-1-1,-7.3363624,4.675739,Fibrocytes,12
ACGTAACAGCTAGAGC-1-1,9.6888485,5.285206,Supporting cells,12
ACGTAACAGGCTTCCG-1-1,5.300017,9.921531,Supporting cells,12
ACGTAACAGGGTCTTT-1-1,2.0202966,5.921982,Supporting cells,12
ACGTAACAGTTGCCTA-1-1,-0.86381257,5.7901726,Supporting cells,12
ACGTACAAGTATGGAT-1-1,-1.3590196,2.7827203,Supporting cells,12
ACGTACACAGAAATCA-1-1,2.8128037,5.3132715,Supporting cells,12
ACGTACAGTATACGGG-1-1,-0.9866257,2.2601833,Supporting cells,12
ACGTACAGTGTATTGC-1-1,3.5137813,0.11920523,Glia/Schwann,12
ACGTACAGTTCAGCTA-1-1,0.07265126,7.1198874,Supporting cells,12
ACGTACATCAAGTAAG-1-1,6.477772,8.598018,Glia/Schwann,12
ACGTACATCAGTAGGG-1-1,-2.203454,-1.810733,Supporting cells,12
ACGTACATCATTCATC-1-1,-3.1169984,1.8407588,Supporting cells,12
ACGTACATCCTACGGG-1-1,4.486418,11.163671,Supporting cells,12
ACGTACATCGCCAACG-1-1,-6.4884715,4.1528363,Fibrocytes,12
ACGTACATCGGCATTA-1-1,0.9945555,3.438033,Supporting cells,12
ACGTAGTAGAGCCTGA-1-1,9.964974,5.4410424,Supporting cells,12
ACGTAGTAGTAACGTA-1-1,5.169898,4.216543,Supporting cells,12
ACGTAGTAGTCTGCAT-1-1,-1.4867985,3.4224057,Supporting cells,12
ACGTAGTAGTGGTGAC-1-1,7.012846,5.196439,Supporting cells,12
ACGTAGTGTAATTAGG-1-1,3.3918133,9.079012,Supporting cells,12
ACGTAGTGTCTGTCAA-1-1,-3.0045645,2.5910988,Supporting cells,12
ACGTAGTTCCGCTTAC-1-1,3.9637668,4.6115522,Supporting cells,12
ACGTCCTCAAACTCTG-1-1,5.080539,1.911873,Supporting cells,12
ACGTCCTCAGCGCGTT-1-1,2.348455,9.499337,Supporting cells,12
ACGTCCTCAGGAACCA-1-1,0.8315715,7.159492,Supporting cells,12
ACGTCCTCATGACACT-1-1,-0.3434739,6.734581,Supporting cells,12
ACGTCCTGTTTACTTC-1-1,2.5241425,3.6758208,Supporting cells,12
ACGTTCCAGACGCCAA-1-1,1.5133431,1.3380452,Supporting cells,12
ACGTTCCCAAGGGTCA-1-1,-2.8494322,3.194763,Supporting cells,12
ACGTTCCCATTGAGGG-1-1,-1.784109,3.2939067,Supporting cells,12
ACTACGAAGACTACCT-1-1,3.8015468,7.1175804,Fibrocytes,12
ACTACGAAGGACGGAG-1-1,2.6088932,3.3825698,Supporting cells,12
ACTACGACAAGAGATT-1-1,1.2471313,2.231669,Supporting cells,12
ACTACGACACTGAATC-1-1,0.88999313,5.501744,Supporting cells,12
ACTACGAGTAGCTGCC-1-1,7.282996,1.7456934,Outer hair cells,12
ACTACGAGTATCCTTT-1-1,0.634789,11.479105,Fibrocytes,12
ACTACGAGTGGTTTAC-1-1,0.12957497,0.73346215,Supporting cells,12
ACTATCTAGAAATTCG-1-1,3.7124343,7.9821672,Supporting cells,12
ACTATCTAGAGGATCC-1-1,0.28368047,2.39465,Supporting cells,12
ACTATCTAGCCTTCTC-1-1,3.548904,0.0996769,Glia/Schwann,12
ACTATCTAGGTGCGAT-1-1,0.8520287,5.3481545,Supporting cells,12
ACTATCTGTCGCAACC-1-1,1.246985,6.8347764,Supporting cells,12
ACTATCTGTCGTCAGC-1-1,1.5039482,2.1778939,Supporting cells,12
ACTATCTGTGCTGTCG-1-1,7.822341,9.431954,Glia/Schwann,12
ACTATCTGTTCTCACC-1-1,-0.74532974,1.5429877,Supporting cells,12
ACTATGGAGACATATG-1-1,-3.7686198,4.5600414,Fibrocytes,12
ACTATGGCAGAGAATT-1-1,-1.2921838,5.52698,Supporting cells,12
ACTATGGCATAACCCA-1-1,10.1575775,9.023426,Glia/Schwann,12
ACTATGGCATCACCAA-1-1,-7.073976,4.470562,Fibrocytes,12
ACTATGGGTGTATTCG-1-1,9.011308,9.66714,Glia/Schwann,12
ACTATTCAGCCTGCCA-1-1,-2.2380662,3.0021765,Supporting cells,12
ACTATTCAGCTGTTAC-1-1,0.9769718,3.3565342,Supporting cells,12
ACTATTCCATTACTCT-1-1,-0.16060442,7.136857,Supporting cells,12
ACTATTCTCATGCTAG-1-1,-1.0530758,3.800473,Supporting cells,12
ACTATTCTCTCCTGAC-1-1,-0.26127517,8.198601,Supporting cells,12
ACTATTCTCTGTCGCT-1-1,1.4759856,10.9536,Supporting cells,12
ACTCCCAAGTGCACAG-1-1,6.729758,7.3107505,Glia/Schwann,12
ACTCCCAAGTGGCAGT-1-1,6.8345704,4.886368,Supporting cells,12
ACTCCCACACCTGCTT-1-1,7.366154,4.9243755,Supporting cells,12
ACTCCCACAGCCGTTG-1-1,3.2321703,8.47208,Supporting cells,12
ACTCCCAGTTGGACCC-1-1,-0.23972373,5.611526,Supporting cells,12
ACTCCCATCCCTCTCC-1-1,0.41894126,2.398794,Supporting cells,12
ACTCTCGAGCAACTCT-1-1,1.1865805,2.7298837,Supporting cells,12
ACTCTCGAGCCTAGGA-1-1,8.798979,1.500226,Outer hair cells,12
ACTCTCGAGTCGCCCA-1-1,-1.5890598,4.301659,Supporting cells,12
ACTCTCGAGTGATAAC-1-1,1.4039289,1.0796623,Supporting cells,12
ACTCTCGCAAAGACGC-1-1,2.5068047,2.6164162,Supporting cells,12
ACTCTCGCACTGTCGG-1-1,3.6647592,5.224276,Supporting cells,12
ACTCTCGGTCAGGTGA-1-1,6.9152513,6.034675,Supporting cells,12
ACTCTCGGTGTATTGC-1-1,-0.11634327,0.7692903,Supporting cells,12
ACTCTCGGTGTTTCTT-1-1,0.83091444,10.488212,Supporting cells,12
ACTCTCGGTTCGTGCG-1-1,6.8983417,4.40276,Supporting cells,12
ACTCTCGTCCGAACGC-1-1,3.9783916,10.0854845,Supporting cells,12
ACTGATGAGTTGTACC-1-1,5.7288356,8.579397,Supporting cells,12
ACTGATGGTGGCAACA-1-1,10.237029,8.503599,Glia/Schwann,12
ACTGATGGTTCGGCCA-1-1,-0.30632317,1.1565013,Supporting cells,12
ACTGCAAAGGACACTG-1-1,-2.5401056,3.7739606,Supporting cells,12
ACTGCAACACTTCCTG-1-1,8.617927,0.7693627,Outer hair cells,12
ACTGCAACAGATTAAG-1-1,-2.245014,3.047955,Supporting cells,12
ACTGCAACAGGTAGTG-1-1,1.8413017,13.563755,Fibrocytes,12
ACTGCAACATGAATCC-1-1,6.6721177,4.961803,Supporting cells,12
ACTGCAATCCATACTT-1-1,7.951607,6.274512,Supporting cells,12
ACTGTCCAGGTCCGAA-1-1,2.5208359,3.0318391,Supporting cells,12
ACTGTCCCAAGTAGTA-1-1,-1.9736508,4.602574,Supporting cells,12
ACTGTCCCACGCGCAT-1-1,-0.5088262,1.3529495,Supporting cells,12
ACTGTCCCAGACAATA-1-1,0.0008702982,2.6361868,Supporting cells,12
ACTGTCCGTAGATGTA-1-1,5.6515007,2.1934311,Supporting cells,12
ACTGTCCGTCAAGCCC-1-1,-0.19268402,2.930103,Supporting cells,12
ACTGTCCGTCAGCGTC-1-1,-7.3154106,4.4956656,Fibrocytes,12
ACTGTCCTCAGTGTTG-1-1,0.9173154,0.36768886,Supporting cells,12
ACTGTCCTCGTTAGTG-1-1,2.946881,9.158073,Supporting cells,12
ACTGTCCTCTACGGGC-1-1,-5.8351383,4.3830695,Fibrocytes,12
ACTGTGACACGTCTCT-1-1,-2.3141043,-0.69283605,Supporting cells,12
ACTGTGACATCGAGCC-1-1,-3.6695464,7.341509,Supporting cells,12
ACTGTGATCCGTTGAA-1-1,2.9665992,9.076943,Supporting cells,12
ACTGTGATCTCCGAGG-1-1,8.376811,0.89543796,Outer hair cells,12
ACTTAGGCAACTGGTT-1-1,-5.3856463,4.391577,Fibrocytes,12
ACTTAGGCAATTGAGA-1-1,-1.0077395,7.2327886,Supporting cells,12
ACTTAGGCAGGAACCA-1-1,8.572292,8.687912,Glia/Schwann,12
ACTTAGGTCATCACTT-1-1,-2.823315,11.567777,Macrophages/Microglia,12
ACTTAGGTCCTCTAGC-1-1,8.660048,6.668269,Supporting cells,12
ACTTATCCACCGTCTT-1-1,-0.77660406,6.4495926,Supporting cells,12
ACTTCCGAGATTAGTG-1-1,8.292423,6.5593715,Supporting cells,12
ACTTCCGAGCTCCGAC-1-1,0.97009605,10.055362,Supporting cells,12
ACTTCCGAGCTGAAAT-1-1,-0.8266695,0.52118236,Supporting cells,12
ACTTCCGCAATAGGAT-1-1,-2.4038234,3.771241,Supporting cells,12
ACTTCCGCAGAAGTTA-1-1,-1.070875,3.5910685,Supporting cells,12
ACTTCCGGTGGAACAC-1-1,0.60213244,12.536751,Fibrocytes,12
ACTTCCGTCCAAATGC-1-1,6.9085574,8.133482,Glia/Schwann,12
ACTTCGCAGTATGGAT-1-1,-0.9001382,3.5104253,Supporting cells,12
ACTTCGCCATGACTTG-1-1,0.08116593,2.531659,Supporting cells,12
ACTTCGCGTGCCTATA-1-1,1.364789,1.6090863,Supporting cells,12
ACTTTCAAGAAACTAC-1-1,9.9404745,9.067661,Glia/Schwann,12
ACTTTCAAGAGTCAGC-1-1,7.6351676,3.4587674,Supporting cells,12
ACTTTCAGTCCTTGTC-1-1,9.119011,6.7133837,Supporting cells,12
ACTTTCATCCAAGCAT-1-1,-0.023014247,3.3427396,Supporting cells,12
ACTTTGTAGAGCCGTA-1-1,-1.6970553,-1.6215316,Supporting cells,12
ACTTTGTAGATGAAGG-1-1,8.816562,6.413929,Supporting cells,12
ACTTTGTCAAACCATC-1-1,-0.09685994,2.2254345,Supporting cells,12
ACTTTGTCAATCCAGT-1-1,1.3479819,1.2583934,Supporting cells,12
ACTTTGTCACCAGCCA-1-1,4.171206,6.844995,Supporting cells,12
ACTTTGTCACCCGTAG-1-1,4.6439238,9.702591,Supporting cells,12
ACTTTGTCACTAAACC-1-1,9.369486,9.449989,Glia/Schwann,12
ACTTTGTGTCTACGAT-1-1,2.7472982,4.873938,Supporting cells,12
ACTTTGTGTGAATATG-1-1,-1.8296901,-1.5168041,Supporting cells,12
ACTTTGTTCTACTTCA-1-1,8.068438,8.7381935,Glia/Schwann,12
ACTTTGTTCTGGCCAG-1-1,-2.1066267,0.40991247,Supporting cells,12
AGAAATGAGCTGGAGT-1-1,-1.0515722,-0.19622502,Supporting cells,12
AGAAATGCAACCCTAA-1-1,0.9949146,1.6700782,Supporting cells,12
AGAAATGCACGATTCA-1-1,0.7959046,14.4038515,Fibrocytes,12
AGAAATGCAGCATACT-1-1,2.0013525,9.142322,Supporting cells,12
AGAAATGCATGAGAAT-1-1,7.066799,8.916463,Glia/Schwann,12
AGAAATGCATGTACGT-1-1,2.0859513,12.144235,Fibrocytes,12
AGAAATGCATTGAGCT-1-1,5.7408094,8.748864,Supporting cells,12
AGAAATGGTGGCCTCA-1-1,-1.7769668,-0.028066527,Supporting cells,12
AGAAATGGTTGCGAAG-1-1,-1.2999878,6.4086823,Supporting cells,12
AGAAATGTCACGGAGA-1-1,-2.0416548,4.207481,Supporting cells,12
AGAACAAGTTATAGAG-1-1,0.69761807,11.598346,Fibrocytes,12
AGAACCTAGATGCAGC-1-1,6.344662,4.1262536,Supporting cells,12
AGAACCTAGTAGGAAG-1-1,0.8300127,3.896933,Supporting cells,12
AGAACCTCACTGCATA-1-1,1.0775781,1.9515257,Supporting cells,12
AGAACCTGTGGATCAG-1-1,7.9104877,1.9003965,Outer hair cells,12
AGAACCTTCATTCATC-1-1,8.670524,6.614906,Supporting cells,12
AGAAGCGAGGAGGGTG-1-1,-2.8841665,3.4597368,Supporting cells,12
AGAAGCGAGGTTCTAC-1-1,-0.7490723,6.6949415,Supporting cells,12
AGAAGCGAGTGACACG-1-1,0.1381471,3.0559723,Supporting cells,12
AGAAGCGCAACAGAGC-1-1,7.740918,6.275189,Supporting cells,12
AGAAGCGCAAGACCTT-1-1,9.48534,5.0823526,Supporting cells,12
AGAAGCGCAGCTGCCA-1-1,0.7716877,12.343969,Fibrocytes,12
AGAAGCGGTCTTGGTA-1-1,-2.2962415,5.125015,Supporting cells,12
AGAAGCGGTTTGGCTA-1-1,3.4265332,11.517268,Supporting cells,12
AGAAGCGTCAAGGACG-1-1,1.9006776,13.143164,Fibrocytes,12
AGAAGCGTCACCATAG-1-1,-1.5491474,-0.7380201,Supporting cells,12
AGAAGCGTCTGTAAGC-1-1,-0.7076158,-0.14227116,Supporting cells,12
AGAAGTAAGCACCGTC-1-1,6.653083,10.726713,Fibrocytes,12
AGAAGTAAGTCCCGGT-1-1,7.7013397,1.7687327,Outer hair cells,12
AGAAGTACAGGCTATT-1-1,8.422354,2.887533,Supporting cells,12
AGAAGTACAGGGCTTC-1-1,1.5273815,1.066147,Supporting cells,12
AGAAGTACATGGAACG-1-1,3.5780246,5.091721,Supporting cells,12
AGAAGTAGTACGCTAT-1-1,-2.4835856,3.8516917,Supporting cells,12
AGAAGTAGTGGATTTC-1-1,-4.3743815,5.163268,Fibrocytes,12
AGAAGTATCAAGCTTG-1-1,-1.550058,-0.6433129,Supporting cells,12
AGAAGTATCCTGTAGA-1-1,7.1964707,1.7526608,Outer hair cells,12
AGAAGTATCTGCCTGT-1-1,-6.367272,4.5734506,Fibrocytes,12
AGACAAAAGTAACAGT-1-1,-0.6150903,6.3064704,Supporting cells,12
AGACAAAGTGACGCCT-1-1,-2.9909701,3.691014,Supporting cells,12
AGACACTAGGCTAACG-1-1,-0.27272934,5.9207864,Supporting cells,12
AGACACTCACCAACAT-1-1,2.4671183,8.90617,Supporting cells,12
AGACACTGTAGAGTTA-1-1,7.4001226,1.000752,Outer hair cells,12
AGACACTGTGGGACAT-1-1,-0.7716075,2.4034321,Supporting cells,12
AGACACTTCAAACCCA-1-1,-1.3684939,-1.6897366,Supporting cells,12
AGACAGGAGTGCCGAA-1-1,-6.7479978,4.9266047,Fibrocytes,12
AGACAGGCAATTCGTG-1-1,-0.08154806,2.0429218,Supporting cells,12
AGACAGGCAGGTGGAT-1-1,-1.5861143,3.8352718,Supporting cells,12
AGACAGGCATCTAGAC-1-1,5.485214,8.578255,Supporting cells,12
AGACAGGGTCAATCTG-1-1,2.185065,5.986264,Supporting cells,12
AGACAGGTCGCTAAAC-1-1,0.6904789,7.7065315,Supporting cells,12
AGACCATAGGTCTACT-1-1,8.121518,3.1101096,Supporting cells,12
AGACCATAGTCGGCAA-1-1,-2.4482336,0.43392745,Supporting cells,12
AGACCATCACAGCTGC-1-1,0.6081856,13.000794,Fibrocytes,12
AGACCATCACGATTCA-1-1,-0.4973946,7.009983,Supporting cells,12
AGACCATCAGATTCGT-1-1,2.405811,6.546314,Supporting cells,12
AGACCATTCCCTGTTG-1-1,-6.2941704,4.663618,Fibrocytes,12
AGACCATTCGGCTTGG-1-1,7.1739683,9.074641,Glia/Schwann,12
AGACCATTCTGCTTAT-1-1,0.63030916,11.038775,Fibrocytes,12
AGACCCGCAAGCGCTC-1-1,8.417141,2.803501,Supporting cells,12
AGACCCGTCTCCACTG-1-1,-0.5277188,0.53541845,Supporting cells,12
AGACTCAAGAACCGCA-1-1,7.675354,7.989548,Glia/Schwann,12
AGACTCAAGCAAATCA-1-1,0.33340806,11.387794,Fibrocytes,12
AGACTCACATCAGCGC-1-1,4.935728,6.6090856,Supporting cells,12
AGACTCAGTAACATGA-1-1,0.515169,5.0577383,Supporting cells,12
AGACTCATCGAGATAA-1-1,1.031754,7.9225464,Supporting cells,12
AGACTCATCTGACCCT-1-1,1.4987621,7.2670116,Supporting cells,12
AGAGAATAGAGTCTGG-1-1,-0.36283886,3.0421662,Supporting cells,12
AGAGAATAGCTTACGT-1-1,-0.7940286,-1.4811426,Supporting cells,12
AGAGAATAGTCATCGT-1-1,-2.1683292,-0.58166534,Supporting cells,12
AGAGAATGTAGTGCGA-1-1,0.9091875,3.9346452,Supporting cells,12
AGAGAATGTCGAAGCA-1-1,10.116045,0.56126153,Outer hair cells,12
AGAGAATTCGGCACTG-1-1,4.3642826,9.013161,Supporting cells,12
AGAGAGCGTAGTGGCA-1-1,-6.637061,5.219002,Fibrocytes,12
AGAGAGCTCACCTCTG-1-1,-1.0477979,5.930817,Supporting cells,12
AGAGCAGAGACTAAGT-1-1,-6.15348,5.44711,Fibrocytes,12
AGAGCAGGTAGGAAAG-1-1,6.262907,9.876929,Supporting cells,12
AGAGCAGGTCAAAGTA-1-1,-1.8609637,1.1023141,Supporting cells,12
AGAGCCCAGGGACAGG-1-1,9.164201,6.759492,Supporting cells,12
AGAGCCCAGGTGGCTA-1-1,-0.112717725,6.49362,Supporting cells,12
AGAGCCCAGGTGGGTT-1-1,-1.0350369,0.44437486,Supporting cells,12
AGAGCCCAGTCGGCAA-1-1,1.2049246,1.297383,Supporting cells,12
AGAGCCCCACACGTGC-1-1,3.2224197,1.2190845,Glia/Schwann,12
AGAGCCCTCGACATCA-1-1,2.1416628,5.9749346,Supporting cells,12
AGAGCCCTCGAGTCTA-1-1,8.109262,8.84762,Glia/Schwann,12
AGATAGAAGAGCAACC-1-1,-1.332524,9.648543,Fibrocytes,12
AGATAGAAGCAGTCTT-1-1,5.424058,2.504299,Supporting cells,12
AGATAGAAGGCTGTAG-1-1,6.9354815,1.7802019,Outer hair cells,12
AGATAGACACTATCGA-1-1,1.209979,6.6123657,Supporting cells,12
AGATAGAGTATCATGC-1-1,-1.7356871,6.69378,Supporting cells,12
AGATAGAGTGTGCCTG-1-1,0.96769834,13.306686,Fibrocytes,12
AGATAGATCAAGGTGG-1-1,3.4748304,11.458149,Supporting cells,12
AGATAGATCAGACCTA-1-1,7.2786837,-1.2144393,Inner hair cells,12
AGATAGATCATGCTAG-1-1,-0.8022321,5.976254,Supporting cells,12
AGATAGATCGACGACC-1-1,0.50360084,13.428144,Fibrocytes,12
AGATAGATCTGCGGCA-1-1,5.9339952,9.097338,Supporting cells,12
AGATCCAAGCTGTACT-1-1,-3.0257843,3.7357125,Supporting cells,12
AGATCCAAGTCCTGTA-1-1,6.1512866,6.732813,Glia/Schwann,12
AGATCCAAGTGCCTCG-1-1,-2.106215,3.2618976,Supporting cells,12
AGATCCAGTGAGGAAA-1-1,1.6373514,2.2573316,Supporting cells,12
AGATCCAGTGTTAAAG-1-1,-2.520196,6.3489747,Supporting cells,12
AGATCGTAGCGTATAA-1-1,6.0214725,2.3856752,Supporting cells,12
AGATCGTAGGGTATAT-1-1,0.9370824,7.43711,Supporting cells,12
AGATCGTCACGCAGTC-1-1,2.8658533,13.388165,Fibrocytes,12
AGATCGTGTTAATGAG-1-1,-3.1994686,0.87027895,Fibrocytes,12
AGATCGTTCGGCTGTG-1-1,6.246156,1.3316768,Inner hair cells,12
AGATCGTTCTATCGGA-1-1,-0.93371373,2.431921,Supporting cells,12
AGATGAAAGCGCATCC-1-1,-2.6557717,11.567906,Macrophages/Microglia,12
AGATGAAAGTGCAGGT-1-1,-0.9530421,2.4121666,Supporting cells,12
AGATGAAGTTACCCAA-1-1,8.587195,6.1194634,Supporting cells,12
AGATGAATCAAGGCTT-1-1,-1.7276914,-0.5433489,Supporting cells,12
AGATGCTAGATCCGAG-1-1,-1.8323903,2.59483,Supporting cells,12
AGATGCTAGCAGCCCT-1-1,6.440416,7.3939524,Glia/Schwann,12
AGATGCTAGTCTCCTC-1-1,-3.792953,6.85485,Supporting cells,12
AGATGCTCATCCTGTC-1-1,9.544152,9.197315,Glia/Schwann,12
AGATGCTGTAGCTTGT-1-1,9.377891,9.482862,Glia/Schwann,12
AGATGCTGTTAAGACA-1-1,0.9739114,2.9136562,Supporting cells,12
AGATGCTGTTCAGTAC-1-1,6.4248486,1.8016967,Supporting cells,12
AGATGCTTCCAATCTT-1-1,-2.2767994,1.475741,Supporting cells,12
AGCATCACAACCGTGC-1-1,1.2930013,0.6090865,Supporting cells,12
AGCATCACATGGTACT-1-1,-0.34157106,1.7221196,Supporting cells,12
AGCATCAGTAAGGAGA-1-1,0.40050834,11.08387,Fibrocytes,12
AGCCAATAGACGGTCA-1-1,5.586729,10.303962,Supporting cells,12
AGCCAATAGCTGCGAA-1-1,0.9094216,13.914249,Fibrocytes,12
AGCCAATGTCTTACTT-1-1,2.1242306,3.7864273,Supporting cells,12
AGCCAATGTTCGTAAC-1-1,8.773226,8.767901,Glia/Schwann,12
AGCCAATTCGATTTCT-1-1,4.603274,11.076983,Supporting cells,12
AGCCACGAGCGTGAGT-1-1,-2.6085377,-0.5251124,Fibrocytes,12
AGCCACGAGGTAAAGG-1-1,0.09341963,6.2443066,Supporting cells,12
AGCCACGAGTTAACAG-1-1,2.4239593,7.732687,Supporting cells,12
AGCCACGCAGAAGCGT-1-1,-0.16275552,8.578372,Supporting cells,12
AGCCACGGTATTCCGA-1-1,-0.015536019,2.4745429,Supporting cells,12
AGCCACGGTGTCATGT-1-1,8.438031,6.9425335,Supporting cells,12
AGCCACGTCCATCTCG-1-1,-6.310667,4.1101165,Fibrocytes,12
AGCCAGCAGTGGACTG-1-1,6.7214947,8.92529,Glia/Schwann,12
AGCCAGCCACATATGC-1-1,7.9130206,3.6164508,Supporting cells,12
AGCCAGCCACGCAAAG-1-1,-0.29327413,6.2918825,Supporting cells,12
AGCCAGCCAGTATACC-1-1,6.740019,5.3470783,Supporting cells,12
AGCCAGCGTGTCTAAC-1-1,2.08748,3.2610216,Supporting cells,12
AGCCAGCGTTGCATGT-1-1,-3.6775649,6.657913,Supporting cells,12
AGCGATTAGCCAGTAG-1-1,8.430512,6.3638654,Supporting cells,12
AGCGATTAGTGTAGAT-1-1,-6.4081035,4.29637,Fibrocytes,12
AGCGATTCAATGCAAA-1-1,-1.1918683,1.8858207,Supporting cells,12
AGCGATTGTCCTGGTG-1-1,9.10636,6.772694,Supporting cells,12
AGCGATTGTTATCCAG-1-1,10.284697,8.632627,Glia/Schwann,12
AGCGATTTCCTTGAAG-1-1,-0.4230363,2.369132,Supporting cells,12
AGCGATTTCTTGGAAC-1-1,-0.10181939,4.1142535,Supporting cells,12
AGCGCCAAGATTACCC-1-1,-2.3950882,4.4363413,Supporting cells,12
AGCGCCACATTCTGTT-1-1,0.8955107,13.4276085,Fibrocytes,12
AGCGCCAGTCCAGCAC-1-1,-1.6188189,2.2815888,Supporting cells,12
AGCGCCAGTGGCAGAT-1-1,-1.8881472,4.0577164,Supporting cells,12
AGCGCCAGTGTCATGT-1-1,7.6066318,8.995411,Glia/Schwann,12
AGCGCTGCATAGGTAA-1-1,0.9853215,11.4615,Fibrocytes,12
AGCGCTGGTCGCAGTC-1-1,-0.20330666,-0.016064487,Supporting cells,12
AGCGCTGGTGGCGCTT-1-1,-0.654295,1.6995815,Supporting cells,12
AGCGCTGGTGGGTCAA-1-1,8.991643,9.440918,Glia/Schwann,12
AGCGCTGTCAACCTTT-1-1,-2.5153673,3.329034,Supporting cells,12
AGCGTATAGGGTGAAA-1-1,7.747946,1.5127573,Outer hair cells,12
AGCGTATAGTAAGCAT-1-1,7.7329917,6.2376065,Supporting cells,12
AGCGTATCATTGGATC-1-1,-1.0594977,8.020229,Supporting cells,12
AGCGTATGTGAGTGAC-1-1,5.6410675,2.8098905,Supporting cells,12
AGCGTATTCAGCCCAG-1-1,2.2929358,12.55524,Fibrocytes,12
AGCGTATTCCGCTGTT-1-1,0.7977135,10.587199,Fibrocytes,12
AGCGTCGAGCCAAGGT-1-1,2.0645924,7.470245,Supporting cells,12
AGCGTCGCAGGGAGAG-1-1,-1.3425786,2.9580412,Supporting cells,12
AGCGTCGGTCACCGAC-1-1,5.6793804,0.0012375072,Inner hair cells,12
AGCTACAAGTATGTAG-1-1,-1.8595864,2.2268534,Supporting cells,12
AGCTACAGTCCTCCTA-1-1,-3.0372622,11.585214,Macrophages/Microglia,12
AGCTACATCGTCAGAT-1-1,4.6272693,4.899974,Supporting cells,12
AGCTACATCTTACGGA-1-1,10.186842,9.561942,Glia/Schwann,12
AGCTCAAAGACTTCCA-1-1,-0.3285382,0.35560632,Supporting cells,12
AGCTCAAAGAGAGTGA-1-1,-0.39429447,7.036557,Supporting cells,12
AGCTCAAAGCGAATGC-1-1,2.904552,11.60481,Supporting cells,12
AGCTCAAAGGTGATCG-1-1,-2.2811875,1.3465874,Supporting cells,12
AGCTCAAGTACCCGCA-1-1,6.0229073,8.94389,Supporting cells,12
AGCTCAAGTCCGAAAG-1-1,-2.5793712,9.381401,Macrophages/Microglia,12
AGCTCAATCACTCGAA-1-1,6.4037924,10.36653,Supporting cells,12
AGCTTCCCATCTATCT-1-1,-2.4406793,6.4451847,Supporting cells,12
AGCTTCCCATTCACCC-1-1,-1.5246544,4.7308755,Supporting cells,12
AGCTTCCCATTGCCGG-1-1,3.6688747,1.9968728,Supporting cells,12
AGCTTCCGTTGGACCC-1-1,2.4430187,13.583154,Fibrocytes,12
AGCTTCCTCACCGACG-1-1,3.3900688,10.51233,Supporting cells,12
AGGAAATCAGCATACT-1-1,0.9402845,7.540924,Supporting cells,12
AGGAAATCATTAAGCC-1-1,3.9433484,7.6799226,Supporting cells,12
AGGAAATGTAGGCAGT-1-1,7.288782,4.913474,Supporting cells,12
AGGAAATGTGTATACC-1-1,-4.7555037,3.8425329,Fibrocytes,12
AGGAAATTCAGGTGTT-1-1,-0.5560402,3.2317758,Supporting cells,12
AGGAAATTCGTGCACG-1-1,-1.5236974,2.9365234,Supporting cells,12
AGGAATACACGCTGCA-1-1,-0.6490494,5.743213,Supporting cells,12
AGGAATACACGGGCTT-1-1,5.17563,8.382585,Supporting cells,12
AGGAATACACTTCTCG-1-1,0.55336875,13.365366,Fibrocytes,12
AGGAATACATGGAGAC-1-1,-0.7327226,6.704372,Supporting cells,12
AGGAATAGTAGGAGGG-1-1,-2.362752,-0.13076057,Supporting cells,12
AGGAATATCATTTGTC-1-1,6.638251,10.966664,Fibrocytes,12
AGGAATATCCAATGCA-1-1,0.55856544,4.959495,Supporting cells,12
AGGAATATCCGACGGT-1-1,2.2026305,3.053971,Supporting cells,12
AGGACGAAGACTCCGC-1-1,-6.8635488,4.4662223,Fibrocytes,12
AGGACGAAGAGTACCG-1-1,-0.9247828,0.17615409,Supporting cells,12
AGGACGAAGCGACTAG-1-1,2.0226243,9.384911,Supporting cells,12
AGGACGAAGCTATCCA-1-1,10.409741,9.121993,Glia/Schwann,12
AGGACGACAGTACTAC-1-1,10.022597,8.46791,Glia/Schwann,12
AGGACGAGTGTCACAT-1-1,1.3304467,5.753568,Supporting cells,12
AGGACGATCCATCTCG-1-1,1.755405,7.325347,Supporting cells,12
AGGACGATCGACCCAG-1-1,0.7930167,13.92699,Fibrocytes,12
AGGACGATCTACTATC-1-1,8.172135,6.311237,Supporting cells,12
AGGACTTAGTTGGACG-1-1,1.4513893,6.38548,Supporting cells,12
AGGACTTCATTGCAAC-1-1,7.007433,2.2722533,Outer hair cells,12
AGGACTTTCCATCTAT-1-1,6.7107,7.3053336,Glia/Schwann,12
AGGAGGTAGCGCTGCT-1-1,-0.7991837,7.7219357,Supporting cells,12
AGGAGGTGTATGTCTG-1-1,-4.7947936,3.729598,Fibrocytes,12
AGGAGGTTCCGCATAA-1-1,5.2502713,0.32176608,Inner hair cells,12
AGGAGGTTCGTGTGAT-1-1,-0.62943715,6.714738,Supporting cells,12
AGGATAAAGCACTCAT-1-1,2.6242485,5.0882125,Supporting cells,12
AGGATAAAGCCTATCA-1-1,0.8426631,12.820472,Fibrocytes,12
AGGATAAAGCCTCTGG-1-1,-3.358985,2.9246914,Supporting cells,12
AGGATAAAGGGCTAAC-1-1,0.76399255,5.195738,Supporting cells,12
AGGATAAAGGTAAGGA-1-1,7.797159,6.273169,Supporting cells,12
AGGATAAAGGTCGCCT-1-1,7.191178,6.1982646,Supporting cells,12
AGGATAAAGTTAACAG-1-1,-0.034466106,6.743819,Supporting cells,12
AGGATAAGTCACCCTT-1-1,6.271408,-0.69461143,Inner hair cells,12
AGGATAAGTTATGGTC-1-1,-0.47713086,1.8061509,Supporting cells,12
AGGATCTAGCCTCAGC-1-1,0.8460767,14.211144,Fibrocytes,12
AGGATCTAGGTATCTC-1-1,3.8290772,0.89635813,Glia/Schwann,12
AGGATCTCAGAGTAAT-1-1,-6.964814,4.130071,Fibrocytes,12
AGGATCTGTAATCAGA-1-1,4.437062,6.407364,Supporting cells,12
AGGATCTGTTCTTGTT-1-1,3.915913,3.5585747,Supporting cells,12
AGGATCTTCCACCCTA-1-1,6.344552,9.072418,Supporting cells,12
AGGATCTTCCGAAATC-1-1,2.5555987,8.504951,Supporting cells,12
AGGCATTCAATCGCAT-1-1,-1.1208835,8.114874,Supporting cells,12
AGGCATTCAATCTGCA-1-1,6.4061065,8.955806,Glia/Schwann,12
AGGCATTGTAAGAACT-1-1,-1.1786498,2.1592765,Supporting cells,12
AGGCATTGTATACAGA-1-1,-1.3043604,5.319898,Supporting cells,12
AGGCATTGTGCCAAGA-1-1,7.9908047,6.3598275,Supporting cells,12
AGGCATTTCAAGTGGG-1-1,1.535967,5.4828997,Supporting cells,12
AGGCCACAGCATTTCG-1-1,6.4333057,-0.81563115,Inner hair cells,12
AGGCCACGTAATTGGA-1-1,-0.8600172,7.5792527,Supporting cells,12
AGGCCACGTATGGTTC-1-1,-3.1066232,6.8283567,Supporting cells,12
AGGCCACTCAGCAATC-1-1,8.805918,9.464502,Glia/Schwann,12
AGGCCACTCTTTGCTA-1-1,2.8082566,3.6880515,Supporting cells,12
AGGCTGCAGACGGTTG-1-1,-0.8173477,3.3728058,Supporting cells,12
AGGCTGCAGCTCGTGC-1-1,1.0951198,3.7716203,Supporting cells,12
AGGCTGCCACTGGCCA-1-1,-1.9214686,-0.33179379,Supporting cells,12
AGGCTGCCAGACCGCT-1-1,8.296898,5.1062384,Glia/Schwann,12
AGGCTGCGTGTTTCTT-1-1,1.7262973,11.538202,Fibrocytes,12
AGGCTGCGTTAGGACG-1-1,-0.71965826,2.5821018,Supporting cells,12
AGGCTGCGTTCGATTG-1-1,0.9395385,3.9769819,Supporting cells,12
AGGCTGCTCGACCCAG-1-1,-0.22606103,7.659468,Supporting cells,12
AGGGAGTAGCACACCC-1-1,-1.809798,8.570551,Supporting cells,12
AGGGAGTAGTCTGTAC-1-1,0.76169485,12.795795,Fibrocytes,12
AGGGAGTGTGCAACGA-1-1,2.2536464,13.311692,Fibrocytes,12
AGGGAGTGTGGATCAG-1-1,-0.14386953,6.8851204,Supporting cells,12
AGGGAGTTCCACACCT-1-1,1.2144396,1.3790755,Supporting cells,12
AGGGAGTTCCCATGGG-1-1,-3.0359654,8.566466,Supporting cells,12
AGGGAGTTCGCTTTAT-1-1,0.38914448,1.9811532,Supporting cells,12
AGGGCCTAGGTCGTCC-1-1,-1.1945477,7.0881677,Supporting cells,12
AGGGCCTAGTGAGTTA-1-1,1.2173628,11.712201,Fibrocytes,12
AGGGCCTCATGTGACT-1-1,0.0015120872,1.2200443,Supporting cells,12
AGGGCCTGTACCCGCA-1-1,10.32506,3.0440118,Spiral ganglion neurons,12
AGGGCCTGTACTGAGG-1-1,9.1071205,8.480764,Glia/Schwann,12
AGGGCCTGTGACCGTC-1-1,0.83431625,10.218297,Supporting cells,12
AGGGCCTGTGAGCAGT-1-1,-1.038108,5.2464104,Supporting cells,12
AGGGCCTGTTGCGGCT-1-1,-1.5537043,5.314163,Supporting cells,12
AGGGCCTTCATTACTC-1-1,2.1936226,5.0210085,Supporting cells,12
AGGGCCTTCCCATGGG-1-1,-1.828972,7.8084173,Supporting cells,12
AGGGCCTTCCCATTTA-1-1,8.658741,0.9593055,Outer hair cells,12
AGGGCCTTCGTTCTCG-1-1,-0.13386063,5.820891,Supporting cells,12
AGGGCCTTCTGGGAGA-1-1,0.028106702,5.588498,Supporting cells,12
AGGGCTCAGGAGTCTG-1-1,4.770907,5.4957027,Supporting cells,12
AGGGCTCAGTGGTTCT-1-1,2.899222,8.689696,Supporting cells,12
AGGGCTCAGTTGCTCA-1-1,-1.0582682,5.0055776,Supporting cells,12
AGGGCTCAGTTTCGAC-1-1,7.682516,1.458638,Outer hair cells,12
AGGGCTCCAAGACGGT-1-1,-2.091191,0.120009005,Supporting cells,12
AGGGCTCCAATCAAGA-1-1,0.06123415,0.7894275,Supporting cells,12
AGGGCTCCACAATGCT-1-1,0.6749145,7.314048,Supporting cells,12
AGGGCTCCACAGCTGC-1-1,-0.20908716,6.5649476,Supporting cells,12
AGGGCTCCACCCTTGT-1-1,-2.623133,5.8947053,Supporting cells,12
AGGGCTCCATGAGGGT-1-1,5.646379,10.349138,Supporting cells,12
AGGGTCCAGGATACAT-1-1,2.8894706,8.538521,Supporting cells,12
AGGGTCCCACTCGATA-1-1,-0.38399786,7.2078843,Supporting cells,12
AGGGTCCCAGAACTTC-1-1,-3.018916,5.483069,Supporting cells,12
AGGGTCCCATCCAATG-1-1,0.43690345,4.926619,Supporting cells,12
AGGGTCCGTCGAACGA-1-1,1.3130169,1.414362,Supporting cells,12
AGGGTCCGTGGGTTGA-1-1,7.6092114,1.4864174,Outer hair cells,12
AGGGTCCTCTGGAGAG-1-1,0.8104314,0.46761933,Supporting cells,12
AGGGTGAAGCTAGATA-1-1,-1.7668458,-0.03249842,Supporting cells,12
AGGGTGAAGGGAGGCA-1-1,0.4716065,1.0581306,Supporting cells,12
AGGGTGACACCAGCTG-1-1,0.5825801,5.387943,Supporting cells,12
AGGGTGACACCCAAGC-1-1,5.486307,0.89844275,Inner hair cells,12
AGGGTGATCAGGACGA-1-1,-1.7199398,-0.35291025,Supporting cells,12
AGGGTGATCATTATCC-1-1,4.293081,8.857258,Supporting cells,12
AGGGTTTCAAGGCCTC-1-1,8.0653,3.159771,Supporting cells,12
AGGGTTTCACGTAGAG-1-1,-3.6464236,5.570748,Supporting cells,12
AGGGTTTGTCAACCTA-1-1,10.374352,9.136988,Glia/Schwann,12
AGGGTTTGTTTCGCTC-1-1,-0.6468307,6.8091426,Supporting cells,12
AGGGTTTTCACAAGAA-1-1,3.6712801,10.202405,Supporting cells,12
AGGGTTTTCTCATGGA-1-1,-0.050101623,6.785148,Supporting cells,12
AGGTAGGCAATTTCTC-1-1,2.1724014,6.868463,Fibrocytes,12
AGGTAGGGTGAATTGA-1-1,-2.6795318,1.9540218,Supporting cells,12
AGGTAGGGTTAAGCAA-1-1,3.0854743,9.492898,Supporting cells,12
AGGTAGGTCACCATCC-1-1,-6.005389,4.1444035,Fibrocytes,12
AGGTCATGTCATCTAG-1-1,0.52822113,11.992847,Fibrocytes,12
AGGTCTAAGAGTACCG-1-1,0.08360788,1.5581772,Supporting cells,12
AGGTCTAAGCGTATGG-1-1,-1.7807684,3.866298,Supporting cells,12
AGGTCTACACCTTCCA-1-1,-0.5363866,6.4097013,Supporting cells,12
AGGTCTACATGACTAC-1-1,1.492244,1.3824546,Supporting cells,12
AGGTCTAGTCATCACA-1-1,-2.233822,10.110331,Macrophages/Microglia,12
AGGTCTAGTGAGTTGG-1-1,5.8577,7.870808,Glia/Schwann,12
AGGTCTATCCTACTGC-1-1,2.2806833,3.7353444,Supporting cells,12
AGGTCTATCTTAGGAC-1-1,0.82045,10.627553,Fibrocytes,12
AGGTGTTCACTCTCGT-1-1,-1.7928768,0.34819183,Supporting cells,12
AGGTGTTCATGTTTGG-1-1,2.648069,7.822439,Supporting cells,12
AGGTGTTGTATGGAGC-1-1,-2.0264766,-0.61902714,Supporting cells,12
AGGTGTTGTCTGGTTA-1-1,3.9526968,11.346895,Supporting cells,12
AGGTGTTTCCTGGTCT-1-1,6.8413,8.218028,Glia/Schwann,12
AGGTTACAGACGGATC-1-1,-2.7382658,4.2072678,Supporting cells,12
AGGTTACCATGGGTTT-1-1,-1.4614499,2.1949115,Supporting cells,12
AGGTTACCATGTGGCC-1-1,-2.405548,9.372181,Macrophages/Microglia,12
AGGTTACGTCGTCGGT-1-1,-0.4451525,5.1718445,Supporting cells,12
AGGTTACGTGTCTTGA-1-1,-1.0679691,2.5710201,Supporting cells,12
AGGTTACTCCGAGTGC-1-1,9.719441,9.097518,Glia/Schwann,12
AGGTTGTAGGCTGTAG-1-1,3.5853558,5.379447,Supporting cells,12
AGGTTGTAGGTAGATT-1-1,-6.119883,4.128421,Fibrocytes,12
AGGTTGTCACAGACGA-1-1,-0.17473775,4.247333,Supporting cells,12
AGGTTGTCACGGCGTT-1-1,-7.2520547,4.4068427,Fibrocytes,12
AGGTTGTGTACCTTCC-1-1,-2.113244,0.21138509,Supporting cells,12
AGGTTGTGTATGAAAC-1-1,2.1921957,5.946749,Supporting cells,12
AGGTTGTGTTGCTCCT-1-1,7.1113677,5.0582848,Supporting cells,12
AGGTTGTTCTTGTGCC-1-1,-2.424583,-1.1412495,Supporting cells,12
AGTAACCAGGATAATC-1-1,1.407299,1.8308119,Supporting cells,12
AGTAACCAGGCCCAAA-1-1,-1.4647319,2.596432,Supporting cells,12
AGTAACCGTATTGGCT-1-1,-0.36509502,2.7557082,Supporting cells,12
AGTAACCGTCGGCCTA-1-1,0.57038933,0.063169025,Supporting cells,12
AGTAACCGTCTTTATC-1-1,-2.7343464,9.890909,Macrophages/Microglia,12
AGTACCACACGATTCA-1-1,-1.0809865,-0.52753764,Supporting cells,12
AGTACCAGTGTGACCC-1-1,-2.5302923,1.3987292,Supporting cells,12
AGTACCAGTTTGTTCT-1-1,5.1861105,2.7935908,Supporting cells,12
AGTACCATCCACACAA-1-1,4.6799636,8.055469,Supporting cells,12
AGTACTGAGCTACTGT-1-1,0.25455245,1.3996944,Supporting cells,12
AGTACTGCAACCACAT-1-1,-1.1896999,1.8530399,Supporting cells,12
AGTACTGCACAACGCC-1-1,-0.26911172,2.6254587,Supporting cells,12
AGTACTGGTACCATAC-1-1,-3.1282632,2.7028255,Supporting cells,12
AGTACTGTCAATCCAG-1-1,-1.0582904,1.5968246,Supporting cells,12
AGTACTGTCTAAGCGT-1-1,0.67220294,6.8441033,Supporting cells,12
AGTAGCTAGCCATCCG-1-1,-1.4810889,2.247819,Supporting cells,12
AGTAGCTAGGTAGGCT-1-1,6.8822355,5.9239006,Supporting cells,12
AGTAGCTCAAAGGATT-1-1,2.480527,7.9783,Supporting cells,12
AGTAGCTGTTCTGACA-1-1,3.6829333,10.818683,Supporting cells,12
AGTAGTCAGAAGATCT-1-1,7.6065464,3.4722576,Supporting cells,12
AGTAGTCAGCACGTCC-1-1,0.592247,1.3872398,Supporting cells,12
AGTAGTCCACTGTGAT-1-1,2.5939813,7.8264627,Supporting cells,12
AGTAGTCCATGGGCAA-1-1,9.760094,0.89756966,Outer hair cells,12
AGTAGTCGTAGTATAG-1-1,3.9483426,3.8188727,Supporting cells,12
AGTAGTCGTATGGTAA-1-1,-0.9728017,5.191127,Supporting cells,12
AGTAGTCTCATTACCT-1-1,2.3559177,3.0831866,Supporting cells,12
AGTAGTCTCGTTATCT-1-1,8.831303,6.2647524,Supporting cells,12
AGTCAACAGGCATGCA-1-1,2.419538,12.725313,Fibrocytes,12
AGTCAACGTAAGATAC-1-1,-0.013190205,1.8326125,Supporting cells,12
AGTCAACGTACGATCT-1-1,0.43356153,11.437628,Fibrocytes,12
AGTCAACGTACTCAAC-1-1,6.612268,4.212282,Supporting cells,12
AGTCAACGTAGGACCA-1-1,8.106524,6.3046665,Supporting cells,12
AGTCAACGTTCACCGG-1-1,5.780154,8.436322,Glia/Schwann,12
AGTCAACGTTTGGAGG-1-1,-2.0844264,-0.7175323,Supporting cells,12
AGTCAACTCTAGCATG-1-1,5.1990914,0.09010199,Inner hair cells,12
AGTCACAAGACGATAT-1-1,-2.001382,2.803393,Supporting cells,12
AGTCACAAGAGGCGTT-1-1,-1.4179668,3.2913477,Supporting cells,12
AGTCACAAGATCCTAC-1-1,1.7472268,7.919803,Supporting cells,12
AGTCACAAGCCTGTGC-1-1,1.1402658,8.016332,Supporting cells,12
AGTCACACAGCTGAGA-1-1,-1.2384167,7.1439276,Supporting cells,12
AGTCACAGTCAACACT-1-1,9.460169,1.005047,Outer hair cells,12
AGTCACAGTGAACTAA-1-1,5.8296766,1.4174365,Inner hair cells,12
AGTCACATCTCGCTCA-1-1,4.73419,9.551523,Supporting cells,12
AGTCATGAGAGCATTA-1-1,2.3084202,8.2645855,Supporting cells,12
AGTCATGAGGATCATA-1-1,0.47041094,4.265721,Supporting cells,12
AGTCATGAGTCGCCCA-1-1,-1.5193446,5.2983294,Supporting cells,12
AGTCATGCAGAAGTGC-1-1,6.0662427,6.088325,Glia/Schwann,12
AGTCATGCAGAGATTA-1-1,0.35399553,13.079171,Fibrocytes,12
AGTCATGCAGTGGTGA-1-1,3.638976,11.613931,Supporting cells,12
AGTCATGTCGATGCAT-1-1,1.3563764,10.704078,Supporting cells,12
AGTCATGTCTGTCTCG-1-1,-2.225023,3.6871119,Supporting cells,12
AGTCTCCAGTGGACTG-1-1,3.5594704,9.788228,Supporting cells,12
AGTCTCCCAGAGGCTA-1-1,6.758668,6.593675,Glia/Schwann,12
AGTCTCCCAGTCTGGC-1-1,-0.56594986,2.3705962,Supporting cells,12
AGTCTCCCATCCGAAT-1-1,-1.1884346,4.1404166,Supporting cells,12
AGTCTCCGTGAATGAT-1-1,3.7542522,5.0290313,Supporting cells,12
AGTCTCCTCAGGTGTT-1-1,5.122795,6.5696683,Supporting cells,12
AGTCTCCTCCAATGCA-1-1,8.308827,6.376954,Supporting cells,12
AGTGACTAGCCTCTCT-1-1,0.08541915,5.418667,Supporting cells,12
AGTGACTGTATTGGCT-1-1,0.6513057,7.155619,Supporting cells,12
AGTGACTGTGAGTAGC-1-1,0.58717847,11.288545,Fibrocytes,12
AGTGACTTCCCATGGG-1-1,-3.552895,8.810927,Supporting cells,12
AGTGACTTCCTATTTG-1-1,6.147983,9.41461,Supporting cells,12
AGTGACTTCGCTTAAG-1-1,-1.3556689,1.5224836,Supporting cells,12
AGTGATCAGCGAGTCA-1-1,5.9811053,8.288309,Supporting cells,12
AGTGATCCAACACGAG-1-1,-2.545538,11.732787,Macrophages/Microglia,12
AGTGATCCAATGCTCA-1-1,-1.0957634,7.2935805,Supporting cells,12
AGTGATCCACAAGTGG-1-1,-0.7841813,5.876875,Supporting cells,12
AGTGATCCAGTTTCGA-1-1,3.0632584,7.2594275,Fibrocytes,12
AGTGATCGTCCAGTTA-1-1,4.9150352,1.1129591,Supporting cells,12
AGTGATCGTGACTCGC-1-1,8.09185,3.3068428,Supporting cells,12
AGTGATCGTGTTCATG-1-1,7.3165,6.3578806,Supporting cells,12
AGTGCCGAGCACCAGA-1-1,-1.2363678,2.340892,Supporting cells,12
AGTGCCGCAGGACATG-1-1,3.5090199,10.556495,Supporting cells,12
AGTGCCGCATAACTCG-1-1,-2.100787,1.3265365,Supporting cells,12
AGTGCCGCATCGATGT-1-1,0.5346145,7.9703956,Supporting cells,12
AGTGCCGGTCAATCTG-1-1,-2.29694,-0.6952422,Supporting cells,12
AGTGCCGGTGTTAACC-1-1,4.6867013,9.159304,Supporting cells,12
AGTGCCGTCAACACGT-1-1,-1.0071381,1.4577087,Supporting cells,12
AGTGCCGTCACCTCGT-1-1,-2.3168297,0.5138666,Supporting cells,12
AGTGTTGCACTAGGCC-1-1,2.6707025,12.919285,Fibrocytes,12
AGTGTTGGTACCACGC-1-1,-0.5638918,7.0508175,Supporting cells,12
AGTGTTGGTCACTAGT-1-1,0.2517862,6.8257914,Supporting cells,12
AGTGTTGGTCCACTCT-1-1,0.121917926,0.90070206,Supporting cells,12
AGTGTTGTCGCCTCTA-1-1,6.9599795,10.427371,Glia/Schwann,12
AGTGTTGTCTCTGGTC-1-1,4.895068,5.611048,Supporting cells,12
AGTTAGCAGGTAGCCA-1-1,-5.5681443,4.016437,Fibrocytes,12
AGTTAGCAGTACGTCT-1-1,10.054276,8.553021,Glia/Schwann,12
AGTTAGCAGTCATCGT-1-1,1.2641449,10.636333,Fibrocytes,12
AGTTAGCCAAATAGCA-1-1,-5.140745,4.3298965,Fibrocytes,12
AGTTAGCCAAGTGGTG-1-1,3.430423,3.0910368,Supporting cells,12
AGTTAGCCACCAGTTA-1-1,3.8829856,9.78682,Supporting cells,12
AGTTAGCGTCATGCAT-1-1,4.420996,2.6302218,Supporting cells,12
AGTTAGCGTCCTACGG-1-1,7.346459,5.276358,Supporting cells,12
AGTTAGCTCAATCTTC-1-1,1.5446566,8.272174,Supporting cells,12
AGTTCCCAGACATATG-1-1,-2.049319,3.0956953,Supporting cells,12
AGTTCCCAGCCTTGAT-1-1,10.083944,5.369334,Supporting cells,12
AGTTCCCCATCAGCAT-1-1,-3.0267434,2.5252984,Supporting cells,12
AGTTCCCTCAGATTGC-1-1,10.462076,9.534487,Glia/Schwann,12
AGTTCGAAGGAGATAG-1-1,-1.8638608,-0.29376677,Supporting cells,12
AGTTCGAAGGATAATC-1-1,-1.4211822,9.1962385,Supporting cells,12
AGTTCGAAGTCTCGTA-1-1,-1.3938445,1.121338,Supporting cells,12
AGTTCGAGTGTCCCTT-1-1,-4.3838716,5.879785,Fibrocytes,12
AGTTCGAGTTAGCGGA-1-1,3.987327,4.4479294,Supporting cells,12
AGTTCGATCCATACTT-1-1,6.6910276,10.413321,Supporting cells,12
ATACCGAAGAATAGTC-1-1,-2.2850587,1.5614375,Supporting cells,12
ATACCGAAGACTGGGT-1-1,2.1005661,4.908372,Supporting cells,12
ATACCGAAGTCCGCGT-1-1,1.3810079,3.6937091,Supporting cells,12
ATACCGACACGGTGTC-1-1,0.586406,5.0933523,Supporting cells,12
ATACCGACAGAATGTA-1-1,5.624522,-0.22580259,Inner hair cells,12
ATACCGACAGGGATAC-1-1,-1.8493588,3.2854416,Supporting cells,12
ATACCGATCATTACTC-1-1,-0.90556765,-0.4174961,Supporting cells,12
ATACCGATCCCGTTGT-1-1,4.166514,10.0106535,Supporting cells,12
ATACCTTGTACTCCCT-1-1,-2.21709,3.4946425,Supporting cells,12
ATACCTTGTCTTCAAG-1-1,-1.3049268,-0.6630417,Supporting cells,12
ATACCTTGTGGTTCTA-1-1,-0.582524,0.9415923,Supporting cells,12
ATACCTTTCATCGCTC-1-1,-1.1242429,4.7544136,Supporting cells,12
ATACCTTTCTCAATCT-1-1,-0.26644853,4.904276,Supporting cells,12
ATACTTCAGAGAGCCT-1-1,-4.9400015,5.2611885,Fibrocytes,12
ATACTTCAGTCACTCA-1-1,2.9550817,8.448405,Supporting cells,12
ATACTTCAGTGCTCAT-1-1,1.1979878,12.409534,Fibrocytes,12
ATACTTCGTGTACATC-1-1,-0.34016326,7.651235,Supporting cells,12
ATACTTCTCGTGTTCC-1-1,4.3821573,8.012242,Supporting cells,12
ATACTTCTCTGGGTCG-1-1,7.3291984,5.075609,Supporting cells,12
ATACTTCTCTTCCTAA-1-1,-3.102838,4.516202,Supporting cells,12
ATACTTCTCTTGCAGA-1-1,-0.089171015,7.005367,Supporting cells,12
ATAGACCTCAAGCCAT-1-1,-2.7341068,3.68223,Supporting cells,12
ATAGACCTCCTCATAT-1-1,-0.53828984,6.643139,Supporting cells,12
ATAGACCTCGCCCAGA-1-1,2.6572723,2.631873,Supporting cells,12
ATAGACCTCGTAATGC-1-1,3.7838585,3.9441147,Supporting cells,12
ATAGACCTCTTGCGCT-1-1,-0.044460908,5.3357515,Supporting cells,12
ATAGAGAAGCTAATCC-1-1,-1.0524493,8.313053,Supporting cells,12
ATAGAGAAGGTACTGG-1-1,-1.4445935,-0.71543235,Supporting cells,12
ATAGAGAAGTACTCGT-1-1,-0.8290495,0.57150024,Supporting cells,12
ATAGAGACACTCCTGT-1-1,8.089496,1.1492267,Outer hair cells,12
ATAGAGACATATGGCT-1-1,-5.6910024,5.18378,Fibrocytes,12
ATAGAGAGTACGGGAT-1-1,9.734985,0.8901063,Outer hair cells,12
ATAGGCTAGAATACAC-1-1,5.820947,4.1658883,Supporting cells,12
ATAGGCTAGAGGGCGA-1-1,-1.2741641,5.887342,Supporting cells,12
ATAGGCTAGTAGCCAG-1-1,6.7364383,1.5726076,Outer hair cells,12
ATAGGCTAGTGAGTTA-1-1,7.0214405,8.888612,Glia/Schwann,12
ATAGGCTCAAGAAACT-1-1,-0.9567628,9.01262,Supporting cells,12
ATAGGCTCAGATACCT-1-1,-2.964008,1.8523599,Supporting cells,12
ATAGGCTCAGCTGTAT-1-1,6.738164,8.412609,Glia/Schwann,12
ATAGGCTGTAGAGACC-1-1,0.8481478,11.897543,Fibrocytes,12
ATAGGCTGTTAGGCTT-1-1,-1.1284169,6.7469783,Supporting cells,12
ATAGGCTTCAGGCGAA-1-1,-2.755642,7.277682,Supporting cells,12
ATATCCTAGATTAGTG-1-1,1.4330933,1.8207569,Supporting cells,12
ATATCCTAGGTGAGAA-1-1,-1.151915,2.5470955,Supporting cells,12
ATATCCTAGGTTGACG-1-1,7.505191,8.457724,Glia/Schwann,12
ATATCCTAGTCCCAAT-1-1,4.4022837,8.99034,Supporting cells,12
ATATCCTCACGCACCA-1-1,6.3157654,1.7958215,Supporting cells,12
ATATCCTCACTCAAGT-1-1,-2.3761902,3.0501888,Supporting cells,12
ATATCCTGTACTCCGG-1-1,-5.374272,4.1496053,Fibrocytes,12
ATATCCTGTGCCGTTG-1-1,-6.598773,5.1069865,Fibrocytes,12
ATATCCTTCCCTGTTG-1-1,1.8375322,11.653265,Fibrocytes,12
ATATCCTTCTCTCGCA-1-1,-5.4648924,3.8932948,Fibrocytes,12
ATCACAGAGAGTCTTC-1-1,-6.039833,5.6027,Fibrocytes,12
ATCACAGAGGCCTAAG-1-1,-0.2156703,5.2610106,Supporting cells,12
ATCACAGCACAGGATG-1-1,7.1104817,3.7191765,Supporting cells,12
ATCACAGGTGCCGGTT-1-1,-1.3483831,-0.97975177,Supporting cells,12
ATCACAGGTGTGAATA-1-1,5.969825,8.951992,Supporting cells,12
ATCACAGTCTCCGAAA-1-1,-1.0441154,8.785265,Supporting cells,12
ATCACGACACGACTAT-1-1,2.359654,3.7184105,Supporting cells,12
ATCACGACACGCTTAA-1-1,9.852304,9.603551,Glia/Schwann,12
ATCACGATCTTGTTAC-1-1,-2.610656,11.681941,Macrophages/Microglia,12
ATCACTTGTCCACACG-1-1,-6.3595567,4.6603827,Fibrocytes,12
ATCACTTTCATCGGGC-1-1,-0.016348047,1.3376137,Supporting cells,12
ATCACTTTCGGTCAGC-1-1,0.88842994,12.673847,Fibrocytes,12
ATCAGGTAGCACGATG-1-1,-2.128827,3.5810702,Supporting cells,12
ATCAGGTAGGATACAT-1-1,9.523426,0.9512573,Outer hair cells,12
ATCAGGTCATCGCTCT-1-1,4.85934,4.4405212,Supporting cells,12
ATCAGGTCATGGACAG-1-1,-1.5150234,0.40702122,Supporting cells,12
ATCAGGTGTACACTCA-1-1,-0.40010983,7.205025,Supporting cells,12
ATCAGGTGTACCTATG-1-1,-1.863953,3.1808772,Supporting cells,12
ATCAGGTGTAGGGAGG-1-1,-6.4030113,4.6023808,Fibrocytes,12
ATCAGGTTCACATACG-1-1,5.561094,0.10538109,Inner hair cells,12
ATCATTCAGCAGTCTT-1-1,-1.9211051,1.9064287,Supporting cells,12
ATCATTCAGCCTGACC-1-1,3.2871883,6.8310013,Fibrocytes,12
ATCATTCCACGCGCAT-1-1,-0.3627912,6.410071,Supporting cells,12
ATCATTCGTCGGCTAC-1-1,-2.4383988,2.9658914,Supporting cells,12
ATCCACCAGCAGCACA-1-1,4.6749444,2.5182426,Supporting cells,12
ATCCACCCACTGGCCA-1-1,-2.433056,0.85512304,Supporting cells,12
ATCCACCCACTGTCGG-1-1,10.258699,9.66329,Glia/Schwann,12
ATCCACCTCTATCCAT-1-1,-6.23172,4.1132884,Fibrocytes,12
ATCCATTAGGATCACG-1-1,-0.32284757,0.59698546,Supporting cells,12
ATCCATTAGGCACCAA-1-1,-0.97955954,7.4453764,Supporting cells,12
ATCCATTAGTCTTCCC-1-1,0.060349178,6.7778287,Supporting cells,12
ATCCATTCAGTTAAAG-1-1,1.4399177,0.96300393,Supporting cells,12
ATCCATTGTTAATGAG-1-1,7.5005226,4.8190985,Supporting cells,12
ATCCATTTCCTAAACG-1-1,-0.4627481,1.2423395,Supporting cells,12
ATCCATTTCGACGACC-1-1,8.011205,0.84933734,Outer hair cells,12
ATCCCTGCACATCATG-1-1,9.010732,5.0424376,Supporting cells,12
ATCCCTGCACATTCGA-1-1,0.2940807,4.3752255,Supporting cells,12
ATCCCTGCATAGCACT-1-1,6.359505,7.079306,Glia/Schwann,12
ATCCCTGCATCCTTCG-1-1,-0.11877943,1.6092412,Supporting cells,12
ATCCCTGGTCATTCCC-1-1,7.629062,5.3689785,Supporting cells,12
ATCCCTGGTGATCATC-1-1,9.80463,0.7654255,Outer hair cells,12
ATCCCTGGTGGTCTAT-1-1,-0.98707056,-0.55051845,Supporting cells,12
ATCCCTGTCTAAGCGT-1-1,8.450789,5.6204586,Supporting cells,12
ATCCGTCAGTGTGTTC-1-1,9.562565,9.666319,Glia/Schwann,12
ATCCGTCGTATCGTTG-1-1,2.08646,8.873268,Supporting cells,12
ATCCGTCTCGGCTTGG-1-1,9.176508,8.781688,Glia/Schwann,12
ATCCGTCTCGTCAACA-1-1,4.9754515,4.639259,Supporting cells,12
ATCCGTCTCTCTTAAC-1-1,0.69016767,1.4130814,Supporting cells,12
ATCCTATAGGCTCTAT-1-1,0.018703563,5.450576,Supporting cells,12
ATCCTATAGTGGAATT-1-1,6.3935537,6.825489,Glia/Schwann,12
ATCCTATCAACAAGAT-1-1,6.9589033,-1.0521606,Inner hair cells,12
ATCCTATCAGTTGTTG-1-1,-1.5989693,4.771997,Supporting cells,12
ATCCTATCATGCCATA-1-1,4.8939867,4.234375,Supporting cells,12
ATCGATGAGTAGGATT-1-1,-1.67883,2.6113212,Supporting cells,12
ATCGATGGTGCAATAA-1-1,1.1052232,3.837628,Supporting cells,12
ATCGATGTCACTTCTA-1-1,-0.7772168,1.4339733,Supporting cells,12
ATCGCCTAGCGCATCC-1-1,2.6112745,8.488868,Supporting cells,12
ATCGCCTAGGTAAAGG-1-1,-1.5047086,2.1824992,Supporting cells,12
ATCGCCTCATGTGCCG-1-1,0.80861753,3.772008,Supporting cells,12
ATCGCCTTCGTCAAAC-1-1,3.484358,6.502786,Supporting cells,12
ATCGCCTTCTCGTTTA-1-1,-3.5321915,3.3594952,Fibrocytes,12
ATCGCCTTCTGTCCCA-1-1,-0.27773377,5.5020175,Supporting cells,12
ATCGGATAGGTTGAGC-1-1,4.3730674,9.280973,Supporting cells,12
ATCGGATCATTGTGCA-1-1,2.5985923,7.7544394,Supporting cells,12
ATCGGATGTACTCGTA-1-1,1.646387,1.2147626,Supporting cells,12
ATCGGATGTCTATGAC-1-1,0.2110165,5.7218084,Supporting cells,12
ATCGGATGTGACTGAG-1-1,-0.82010937,3.2393603,Supporting cells,12
ATCGGATGTTACCTTT-1-1,8.419534,8.531189,Glia/Schwann,12
ATCGGATTCCGTCACT-1-1,4.5291095,9.081584,Supporting cells,12
ATCGGCGAGATGAAGG-1-1,9.186941,6.721009,Supporting cells,12
ATCGGCGCACCGTGCA-1-1,0.4892071,6.3198605,Supporting cells,12
ATCGGCGCAGCTATTG-1-1,-2.4325364,6.039181,Supporting cells,12
ATCGGCGCATGGGTTT-1-1,2.6885774,13.779733,Fibrocytes,12
ATCGGCGGTCCAGAAG-1-1,-6.220535,4.441421,Fibrocytes,12
ATCGGCGGTGGTATGG-1-1,0.47193572,12.431797,Fibrocytes,12
ATCGGCGGTTGAAGTA-1-1,-1.6458539,-0.22709222,Supporting cells,12
ATCGGCGTCTGTCGTC-1-1,2.7455564,7.976114,Supporting cells,12
ATCGGCGTCTTTCGAT-1-1,7.1026783,10.63866,Glia/Schwann,12
ATCGTAGAGACTCTAC-1-1,0.81171,11.08286,Fibrocytes,12
ATCGTAGAGATAGTCA-1-1,7.67597,7.7980423,Glia/Schwann,12
ATCGTAGCAGAATCGG-1-1,1.2794523,13.708862,Fibrocytes,12
ATCGTAGGTCTGTGGC-1-1,-4.519149,5.456602,Fibrocytes,12
ATCGTAGGTTCCCAAA-1-1,4.6411967,10.997423,Supporting cells,12
ATCGTAGGTTGTACGT-1-1,3.055259,4.1666536,Supporting cells,12
ATCGTAGGTTGTTTGG-1-1,-0.44501907,-0.20750421,Supporting cells,12
ATCGTCCAGCGAGTCA-1-1,-1.7585402,5.5734425,Supporting cells,12
ATCGTCCAGTAATTGG-1-1,2.0632932,3.1507335,Supporting cells,12
ATCGTCCCACATACTG-1-1,0.88248783,11.212253,Fibrocytes,12
ATCGTCCCACTAGGTT-1-1,-0.56558627,2.7483587,Supporting cells,12
ATCGTCCCAGAGAGGG-1-1,7.2563434,8.950972,Glia/Schwann,12
ATCGTCCCATGTACGT-1-1,-1.3419634,7.519329,Supporting cells,12
ATCGTCCGTATAGCTC-1-1,6.269501,10.670224,Supporting cells,12
ATCGTCCTCCTTACCG-1-1,-1.1359117,8.777116,Supporting cells,12
ATCGTCCTCGCCGTGA-1-1,6.64727,6.412712,Supporting cells,12
ATCGTCCTCGTTGTTT-1-1,3.402106,2.285631,Supporting cells,12
ATCGTGAGTACTAGCT-1-1,1.0591795,5.245997,Supporting cells,12
ATCGTGAGTCTGTCCT-1-1,6.657214,9.052245,Glia/Schwann,12
ATCGTGAGTGTTAACC-1-1,0.8782647,13.697564,Fibrocytes,12
ATCGTGATCCTACCGT-1-1,3.5277245,9.81198,Supporting cells,12
ATCGTGATCTGCCTGT-1-1,2.5250692,3.1413472,Supporting cells,12
ATCTCTAAGCAGGTCA-1-1,0.28248397,1.0153385,Supporting cells,12
ATCTCTAAGTTATGGA-1-1,4.8383923,3.7553258,Supporting cells,12
ATCTCTACACCTCTAC-1-1,1.1719089,13.677467,Fibrocytes,12
ATCTCTACACTAGGCC-1-1,-2.6203225,7.038109,Supporting cells,12
ATCTCTAGTCACTCTC-1-1,1.1682537,2.4056659,Supporting cells,12
ATCTCTATCATTGTGG-1-1,-1.4264245,6.3041697,Supporting cells,12
ATCTTCACAAGGAGTC-1-1,-1.3444694,3.8791385,Supporting cells,12
ATCTTCACATGGTGGA-1-1,-3.1651294,2.8139226,Supporting cells,12
ATCTTCAGTTGACTGT-1-1,5.21481,1.8953522,Supporting cells,12
ATCTTCATCGTCTCAC-1-1,-2.2314827,2.712762,Supporting cells,12
ATCTTCATCTACACAG-1-1,9.946425,0.81134087,Outer hair cells,12
ATGAAAGAGATTTGCC-1-1,-0.92155945,9.039227,Supporting cells,12
ATGAAAGAGCTCCATA-1-1,-0.0042684907,0.99538815,Supporting cells,12
ATGAAAGGTTGGCTAT-1-1,9.982271,9.192908,Glia/Schwann,12
ATGAAAGTCAATGCAC-1-1,5.5637546,-0.13405178,Inner hair cells,12
ATGAAAGTCACCGACG-1-1,7.7758203,6.6728573,Supporting cells,12
ATGACCAAGACGCATG-1-1,10.072511,8.953369,Glia/Schwann,12
ATGACCAAGCTTTGTG-1-1,1.2256869,12.719787,Fibrocytes,12
ATGACCACATAGCTGT-1-1,4.1588445,8.810536,Supporting cells,12
ATGACCAGTCATTGCA-1-1,-5.7170167,3.8827412,Fibrocytes,12
ATGACCATCACTTCTA-1-1,-0.98725384,8.788684,Supporting cells,12
ATGACCATCGGTTGTA-1-1,10.263078,8.812671,Glia/Schwann,12
ATGAGGGCAGATCCAT-1-1,-1.5142369,-0.35133892,Supporting cells,12
ATGAGGGCAGCTGTAT-1-1,-0.45737645,1.4000598,Supporting cells,12
ATGAGGGTCCCTAGGG-1-1,3.172796,7.5347347,Supporting cells,12
ATGAGTCGTTAGTTCG-1-1,3.4877713,10.884861,Supporting cells,12
ATGATCGAGCAGTACG-1-1,-0.6939911,3.22215,Supporting cells,12
ATGATCGCAAGACCTT-1-1,-0.5825319,-0.80479956,Supporting cells,12
ATGATCGCAGTTTCAG-1-1,0.96919125,2.7683034,Supporting cells,12
ATGATCGGTACCATAC-1-1,-0.40856132,6.049804,Supporting cells,12
ATGATCGTCGCATAGT-1-1,-1.3340055,5.3437757,Supporting cells,12
ATGCATGAGCCAGACA-1-1,7.8621836,5.0226464,Supporting cells,12
ATGCATGAGGGATGTC-1-1,6.6727076,8.999417,Glia/Schwann,12
ATGCATGAGTTCAACC-1-1,-5.088474,4.735924,Fibrocytes,12
ATGCATGCATTCAGGT-1-1,-0.63372976,4.5813704,Supporting cells,12
ATGCATGTCAACACCA-1-1,-2.4418445,-0.6668993,Supporting cells,12
ATGCATGTCCGTCCTA-1-1,0.81486285,5.224398,Supporting cells,12
ATGCATGTCTTCTCAA-1-1,2.441744,11.866148,Fibrocytes,12
ATGCCTCCATAACGGG-1-1,3.3719037,9.704704,Supporting cells,12
ATGCCTCCATGTGCTA-1-1,-0.8135653,7.3800135,Supporting cells,12
ATGCCTCGTAGCTCGC-1-1,-0.9874419,5.505256,Supporting cells,12
ATGCCTCGTCTCCCTA-1-1,2.9951448,9.751972,Supporting cells,12
ATGCGATAGACCCGCT-1-1,5.721772,4.83319,Supporting cells,12
ATGCGATAGGACGGAG-1-1,1.8486042,3.4149919,Supporting cells,12
ATGCGATAGGTGCATG-1-1,6.7560787,4.7026863,Supporting cells,12
ATGCGATAGTGCACTT-1-1,-0.7298912,0.051810034,Supporting cells,12
ATGCGATCATCGGAGA-1-1,7.0772567,1.4102865,Outer hair cells,12
ATGCGATGTACGGGAT-1-1,-0.14407071,2.0975323,Supporting cells,12
ATGCGATTCAGAACCT-1-1,6.8523564,1.5213372,Outer hair cells,12
ATGCGATTCCATTCAT-1-1,0.6584034,10.262163,Supporting cells,12
ATGGAGGCACGACAAG-1-1,1.1868393,2.3735151,Supporting cells,12
ATGGAGGGTATACAGA-1-1,1.5559536,1.9064361,Supporting cells,12
ATGGAGGGTCGTGTTA-1-1,7.060315,4.9142327,Supporting cells,12
ATGGAGGTCGAGATAA-1-1,-0.43996,5.391597,Supporting cells,12
ATGGAGGTCGTGTTCC-1-1,6.890049,6.041967,Supporting cells,12
ATGGAGGTCTGCAGCG-1-1,6.6775413,6.3752337,Glia/Schwann,12
ATGGATCAGAGAGCAA-1-1,-0.2572069,8.281117,Supporting cells,12
ATGGATCAGCAGCGAT-1-1,1.1119065,7.7182,Supporting cells,12
ATGGATCAGTAGGCCA-1-1,0.30823752,3.0506773,Supporting cells,12
ATGGATCCAAGAGAGA-1-1,4.170551,4.7685776,Supporting cells,12
ATGGATCCATGATCTG-1-1,7.9709525,7.9335647,Glia/Schwann,12
ATGGATCTCCCATGGG-1-1,-2.845464,8.467216,Supporting cells,12
ATGGGAGAGCAGCGAT-1-1,-2.1746693,-1.2926157,Supporting cells,12
ATGGGAGAGGTACTGG-1-1,-0.5911447,3.3556268,Supporting cells,12
ATGGGAGAGTGATTCC-1-1,-1.4216181,0.26046485,Supporting cells,12
ATGGGAGCAATACCTG-1-1,2.1534283,9.069219,Supporting cells,12
ATGGGAGGTATCAGCT-1-1,1.0166478,8.036343,Supporting cells,12
ATGGGAGTCTACACTT-1-1,0.7542398,11.46067,Fibrocytes,12
ATGGGAGTCTCCACTG-1-1,-3.198145,1.4085362,Supporting cells,12
ATGGGTTAGACCATAA-1-1,-1.224575,5.9650307,Supporting cells,12
ATGGGTTAGACTCTTG-1-1,-1.797482,3.0861044,Supporting cells,12
ATGGGTTCACTGGCGT-1-1,2.877167,11.744443,Supporting cells,12
ATGGGTTCAGGACATG-1-1,2.6370502,7.743429,Supporting cells,12
ATGGGTTCATCCTCAC-1-1,0.8905269,13.854386,Fibrocytes,12
ATGGGTTGTTTGACAC-1-1,9.555599,9.764396,Glia/Schwann,12
ATGGGTTTCACACCCT-1-1,4.0143366,5.9581556,Supporting cells,12
ATGGGTTTCTCGGCTT-1-1,5.965821,-0.4069713,Inner hair cells,12
ATGGGTTTCTTCGTAT-1-1,2.73379,8.448159,Supporting cells,12
ATGGTTGAGCTTTCCC-1-1,-0.29090285,2.397442,Supporting cells,12
ATGGTTGCAAGATTGA-1-1,-2.5534606,2.918843,Supporting cells,12
ATGGTTGCAGCGTTGC-1-1,1.6799828,10.956375,Fibrocytes,12
ATGTCCCAGAATCGTA-1-1,0.62019104,6.60802,Supporting cells,12
ATGTCCCAGTAACAGT-1-1,6.282505,8.857528,Glia/Schwann,12
ATGTCCCAGTGATAGT-1-1,1.264587,1.350045,Supporting cells,12
ATGTCCCCAGCTTTGA-1-1,7.526953,6.216528,Supporting cells,12
ATGTCCCGTTATAGAG-1-1,-2.2423275,0.6157843,Supporting cells,12
ATGTCCCTCAATCTCT-1-1,3.6205928,8.551812,Supporting cells,12
ATGTCTTCAAGCGCTC-1-1,4.2102304,10.17132,Supporting cells,12
ATGTCTTGTACTAACC-1-1,-1.7578675,1.4083093,Supporting cells,12
ATTACCTCACAATGCT-1-1,0.2762092,4.1926584,Supporting cells,12
ATTACCTCACCCTTAC-1-1,3.885715,11.543063,Supporting cells,12
ATTACCTCAGCTTTGA-1-1,0.9553383,2.820437,Supporting cells,12
ATTACCTCATTGCCGG-1-1,2.1198256,9.02566,Supporting cells,12
ATTACCTGTAAGGAGA-1-1,-3.1890547,1.7717237,Supporting cells,12
ATTACCTTCCACATAG-1-1,0.91972387,1.6854514,Supporting cells,12
ATTACTCAGTGTTGTC-1-1,6.277766,4.3805346,Glia/Schwann,12
ATTACTCCAAAGCACG-1-1,-1.0980902,1.3727282,Supporting cells,12
ATTACTCCAGCGACAA-1-1,-3.3178217,4.874725,Supporting cells,12
ATTACTCGTCCAAAGG-1-1,-0.64361507,4.0634794,Supporting cells,12
ATTACTCGTGGTCAAG-1-1,-0.45579007,2.5717127,Supporting cells,12
ATTACTCTCGAAGCCC-1-1,-0.8560256,-1.3331685,Supporting cells,12
ATTACTCTCGGAACTT-1-1,2.8072708,1.7680883,Glia/Schwann,12
ATTATCCCAGTGAGCA-1-1,3.2035525,6.6100965,Fibrocytes,12
ATTATCCGTCTCGACG-1-1,6.4955826,5.4786944,Supporting cells,12
ATTATCCTCGGTTGTA-1-1,2.8583221,13.171027,Fibrocytes,12
ATTCACTAGCCAAGCA-1-1,1.8274418,8.702122,Supporting cells,12
ATTCACTAGTAGACCG-1-1,0.93628955,0.9741517,Supporting cells,12
ATTCACTGTTGGCCTG-1-1,-0.39256346,2.1335282,Supporting cells,12
ATTCACTGTTTCCCAC-1-1,-0.638636,-0.07524475,Supporting cells,12
ATTCACTTCCCGAGAC-1-1,-0.4171101,6.5924654,Supporting cells,12
ATTCAGGAGTCGGGAT-1-1,0.65122175,1.7086318,Supporting cells,12
ATTCAGGAGTCTTCGA-1-1,-1.2201482,0.13186769,Supporting cells,12
ATTCAGGCAACAAGAT-1-1,-1.330207,4.4858575,Supporting cells,12
ATTCAGGCAAGCTGTT-1-1,0.29599115,5.3751974,Supporting cells,12
ATTCAGGCAGCGCTTG-1-1,1.1920325,6.761946,Supporting cells,12
ATTCAGGCATAATCCG-1-1,3.0207045,1.5684806,Glia/Schwann,12
ATTCAGGGTCATCCCT-1-1,-2.2865853,-1.6796118,Supporting cells,12
ATTCAGGTCACAAGGG-1-1,1.344758,2.000483,Supporting cells,12
ATTCAGGTCGCGCTGA-1-1,-2.3099134,2.9404354,Supporting cells,12
ATTCATCGTATGATCC-1-1,5.699482,8.877651,Supporting cells,12
ATTCATCTCATGTCAG-1-1,0.59269047,1.9449052,Supporting cells,12
ATTCATCTCCATGAGT-1-1,-1.6660933,-1.2647163,Supporting cells,12
ATTCCATAGTGGTCAG-1-1,1.8134204,3.838211,Supporting cells,12
ATTCCATCACAGTGAG-1-1,-0.6171375,6.6780763,Supporting cells,12
ATTCCATGTAACCCGC-1-1,-1.7298803,-1.4882305,Supporting cells,12
ATTCCCGAGAATAACC-1-1,10.484159,2.8892407,Spiral ganglion neurons,12
ATTCCCGCATCTCGTC-1-1,7.4318438,7.5385213,Glia/Schwann,12
ATTCCCGGTGCCGAAA-1-1,1.6187035,1.755528,Supporting cells,12
ATTCCCGGTTTCCATT-1-1,-2.8728864,2.4879134,Supporting cells,12
ATTCCCGTCAGTCATG-1-1,-0.17772518,6.6205463,Supporting cells,12
ATTCCCGTCCTCACGT-1-1,-2.35944,1.720148,Supporting cells,12
ATTCCTAGTGCGTCGT-1-1,-0.46054363,1.020699,Supporting cells,12
ATTCCTAGTTAAGACA-1-1,0.76942927,10.975447,Fibrocytes,12
ATTCCTATCGACGATT-1-1,6.4856153,9.171534,Supporting cells,12
ATTCCTATCTGTTGGA-1-1,-0.32146445,3.7948277,Supporting cells,12
ATTCGTTAGGACCCAA-1-1,0.6774937,2.3696969,Supporting cells,12
ATTCGTTGTAGCTGTT-1-1,4.7360153,5.9109025,Supporting cells,12
ATTCGTTGTGCCCAGT-1-1,0.5561833,2.1469944,Supporting cells,12
ATTCGTTTCAACTTTC-1-1,-1.4495455,-1.7171576,Supporting cells,12
ATTCGTTTCATACGGT-1-1,0.86474466,3.48663,Supporting cells,12
ATTCGTTTCGCATTAG-1-1,5.3937445,1.2862383,Inner hair cells,12
ATTCTACCAACACACT-1-1,1.1904658,0.6971511,Supporting cells,12
ATTCTACTCAACGAGG-1-1,-1.9430039,1.5755998,Supporting cells,12
ATTCTACTCCCTTTGG-1-1,-0.23361415,0.88724005,Supporting cells,12
ATTCTACTCCTAGAGT-1-1,-0.48786122,2.7843513,Supporting cells,12
ATTCTACTCTAGACAC-1-1,4.7275705,8.861869,Supporting cells,12
ATTCTTGAGCGACCCT-1-1,3.464337,6.454616,Fibrocytes,12
ATTCTTGAGCGGACAT-1-1,8.423033,5.0706058,Supporting cells,12
ATTCTTGCAGTGTATC-1-1,0.68356586,5.8882155,Supporting cells,12
ATTCTTGTCCCATGGG-1-1,-3.4070525,8.754162,Supporting cells,12
ATTCTTGTCCTGGTCT-1-1,2.1026196,11.506632,Fibrocytes,12
ATTCTTGTCGCTTAAG-1-1,-1.6824918,0.2218545,Supporting cells,12
ATTGGGTAGAAACCCG-1-1,-7.0387,4.237677,Fibrocytes,12
ATTGGGTAGAGTTGAT-1-1,4.9675965,4.2932673,Supporting cells,12
ATTGGGTAGTGCAGGT-1-1,1.0074843,3.5671344,Supporting cells,12
ATTGGGTCACCTTCGT-1-1,9.374078,9.059478,Glia/Schwann,12
ATTGGGTGTAGATCCT-1-1,0.5136552,3.530807,Supporting cells,12
ATTGGGTGTGGCTTAT-1-1,-2.0033243,3.0247695,Supporting cells,12
ATTGGGTGTTTCGCTC-1-1,-1.6138643,2.0255566,Supporting cells,12
ATTGGGTTCACTACTT-1-1,-0.10312482,8.325976,Supporting cells,12
ATTGGGTTCATGCCAA-1-1,-3.2405932,3.8027074,Supporting cells,12
ATTGGGTTCATTTGGG-1-1,-3.1133592,2.8245468,Supporting cells,12
ATTGTTCCATCGAAGG-1-1,-1.7451088,2.7596433,Supporting cells,12
ATTGTTCGTCGCACGT-1-1,-4.7255282,5.712359,Fibrocytes,12
ATTGTTCGTGAAAGTT-1-1,-0.28956792,1.6538957,Supporting cells,12
ATTGTTCGTTAACAGA-1-1,4.3197083,3.933243,Supporting cells,12
ATTGTTCGTTCCTAGA-1-1,-5.6334033,4.296595,Fibrocytes,12
ATTGTTCGTTGACTGT-1-1,0.74435806,1.5162834,Supporting cells,12
ATTGTTCTCGAGCCTG-1-1,0.8482395,13.161648,Fibrocytes,12
ATTGTTCTCTATGTGG-1-1,8.830193,8.783993,Glia/Schwann,12
ATTTACCAGGCCTAAG-1-1,4.6127324,1.909493,Supporting cells,12
ATTTACCCAAGAGTGC-1-1,-2.5602167,1.8679228,Supporting cells,12
ATTTACCCAAGGCAAC-1-1,8.3005295,1.2704408,Outer hair cells,12
ATTTACCCACCCAATA-1-1,-3.2799835,1.5201578,Fibrocytes,12
ATTTACCCATGTTCAG-1-1,6.081903,2.4793243,Inner hair cells,12
ATTTACCGTAGCGAGT-1-1,-2.06513,0.14374459,Supporting cells,12
ATTTCACAGCACAAAT-1-1,5.5710697,8.481916,Supporting cells,12
ATTTCACAGTACGTCT-1-1,2.2315717,8.619569,Supporting cells,12
ATTTCACCAATTGTGC-1-1,-0.50400513,1.7094802,Supporting cells,12
ATTTCACCATCATGAC-1-1,0.15314622,6.9396286,Supporting cells,12
ATTTCACGTAGTGCGA-1-1,-1.1266668,2.7865963,Supporting cells,12
ATTTCACGTGTTATCG-1-1,2.3734226,5.6457295,Supporting cells,12
ATTTCACGTTACGATC-1-1,-6.702533,4.5700517,Fibrocytes,12
ATTTCTGAGCTCATAC-1-1,4.994282,5.8817906,Supporting cells,12
ATTTCTGAGGAGAGGC-1-1,-2.831825,3.2330296,Supporting cells,12
ATTTCTGCACACACTA-1-1,9.084511,9.120927,Glia/Schwann,12
ATTTCTGGTTGGGCCT-1-1,6.076687,8.941013,Supporting cells,12
CAAAGAAAGCGATGAC-1-1,-1.4704477,3.3285184,Supporting cells,12
CAAAGAAAGGAACGTC-1-1,0.84762615,13.813045,Fibrocytes,12
CAAAGAAAGGCCTGCT-1-1,6.139955,3.8744302,Glia/Schwann,12
CAAAGAAGTTCGGGTC-1-1,8.196961,9.588063,Glia/Schwann,12
CAACAACAGTCCCGGT-1-1,0.4668109,6.5976815,Supporting cells,12
CAACAACCACGCTGTG-1-1,2.8373332,3.468539,Supporting cells,12
CAACAACGTCCGATCG-1-1,2.7331302,9.658486,Supporting cells,12
CAACAACGTGCGGCTT-1-1,2.729863,3.9368978,Fibrocytes,12
CAACAGTAGCAGATAT-1-1,-3.3860056,2.5554087,Supporting cells,12
CAACAGTAGCATAGGC-1-1,4.256839,2.6322982,Supporting cells,12
CAACAGTGTTGGGATG-1-1,-1.1482091,8.461836,Supporting cells,12
CAACAGTTCAGCAATC-1-1,-0.2041987,6.7570024,Supporting cells,12
CAACAGTTCCTGGTCT-1-1,-4.0052557,5.8009677,Supporting cells,12
CAACCAAAGTGGTTCT-1-1,1.6525016,8.707787,Supporting cells,12
CAACCAACATGCAGCC-1-1,-0.7640253,0.39028603,Supporting cells,12
CAACCAAGTCACAGAG-1-1,2.5407379,11.482439,Fibrocytes,12
CAACCAAGTGCCTAAT-1-1,-3.4384544,5.439175,Supporting cells,12
CAACCAAGTGTCGATT-1-1,9.746435,8.91469,Glia/Schwann,12
CAACCAAGTTGCCTAA-1-1,0.8212174,1.3404369,Supporting cells,12
CAACCAATCAATCAGC-1-1,0.8907308,3.9119444,Supporting cells,12
CAACCTCAGCTCCCTT-1-1,0.70975316,14.075004,Fibrocytes,12
CAACCTCCAAAGGCGT-1-1,7.4223614,5.189058,Supporting cells,12
CAACCTCCAGCGGTTC-1-1,2.6989796,11.456595,Fibrocytes,12
CAACCTCTCCGATGTA-1-1,-0.25633943,6.9777217,Supporting cells,12
CAACGATAGATACTGA-1-1,8.609865,8.896093,Glia/Schwann,12
CAACGATAGCCGATTT-1-1,-7.033648,4.607645,Fibrocytes,12
CAACGATCATGCCGAC-1-1,3.2240872,1.2114129,Glia/Schwann,12
CAACGATGTAATGATG-1-1,-0.10456391,2.1301835,Supporting cells,12
CAACGATTCCACGGAC-1-1,1.0902445,5.6959953,Supporting cells,12
CAACGATTCGCCGAGT-1-1,0.08728824,1.5712273,Supporting cells,12
CAACGGCAGAACCGCA-1-1,1.4209056,4.6819396,Supporting cells,12
CAACGGCCACCCAAGC-1-1,-1.2470809,4.9622135,Supporting cells,12
CAAGACTAGATTCGAA-1-1,0.88086337,10.61952,Supporting cells,12
CAAGACTAGGATGGCT-1-1,3.9399939,5.848561,Supporting cells,12
CAAGACTAGTTCTCTT-1-1,0.17576958,6.111964,Supporting cells,12
CAAGACTCAGAGAATT-1-1,6.3120794,8.672712,Glia/Schwann,12
CAAGACTCAGCTACCG-1-1,-2.5150275,2.9393332,Supporting cells,12
CAAGACTCATCGCTAA-1-1,9.995234,3.0517042,Spiral ganglion neurons,12
CAAGACTCATTCACAG-1-1,2.084413,11.922466,Fibrocytes,12
CAAGACTGTAGTACGG-1-1,-1.2150006,3.5256326,Supporting cells,12
CAAGACTGTTTCGACA-1-1,2.7527802,1.9807724,Supporting cells,12
CAAGACTTCCACGAAT-1-1,2.3784332,7.8463683,Supporting cells,12
CAAGAGGAGAGCCTGA-1-1,6.4203253,-0.46952996,Inner hair cells,12
CAAGAGGAGATTGACA-1-1,-0.27046695,1.0534625,Supporting cells,12
CAAGAGGGTTAGCGGA-1-1,6.1319103,7.1023564,Glia/Schwann,12
CAAGAGGTCAAGGACG-1-1,-2.437466,-0.48898813,Supporting cells,12
CAAGAGGTCATTTGGG-1-1,-3.418703,7.075871,Supporting cells,12
CAAGCTACAGGGAATC-1-1,9.671318,5.2029686,Supporting cells,12
CAAGCTACATGGATCT-1-1,-0.28628138,4.421985,Supporting cells,12
CAAGCTATCTATTGTC-1-1,-1.9355706,2.3645718,Supporting cells,12
CAAGGGAAGACTCAAA-1-1,-1.7902526,-0.32084796,Supporting cells,12
CAAGGGAAGATCACCT-1-1,0.04679728,5.6985855,Supporting cells,12
CAAGGGAAGATGCTGG-1-1,2.2789824,11.604977,Fibrocytes,12
CAAGGGAGTACTGCCG-1-1,-6.292467,5.0533323,Fibrocytes,12
CAAGGGAGTATGTGTC-1-1,3.7357776,10.084987,Supporting cells,12
CAAGGGAGTCGCACAC-1-1,6.5805883,8.533084,Glia/Schwann,12
CAAGGGAGTGGATGAC-1-1,0.79156,2.5768282,Supporting cells,12
CAAGGGATCCAACCAA-1-1,1.7253354,9.062491,Supporting cells,12
CAATACGCACTCCGAG-1-1,1.7861999,1.5976906,Supporting cells,12
CAATACGCATGCAGCC-1-1,-0.9788227,9.115843,Supporting cells,12
CAATACGGTCTTCCGT-1-1,1.4521036,8.451885,Supporting cells,12
CAATCGACAGACGGAT-1-1,0.80054224,0.7738242,Supporting cells,12
CAATCGATCACAACCA-1-1,-0.8875757,8.201799,Supporting cells,12
CAATCGATCCATTGGA-1-1,-2.0025177,2.3628147,Supporting cells,12
CAATCGATCGAGCTGC-1-1,2.1176298,7.2080503,Supporting cells,12
CAATGACAGCTGAGCA-1-1,0.4542159,1.6444939,Supporting cells,12
CAATGACCACTGCATA-1-1,-0.9054981,6.4552484,Supporting cells,12
CAATGACGTACCGTCG-1-1,-0.48626336,3.4262822,Supporting cells,12
CAATGACGTGAGAACC-1-1,1.9765595,11.29564,Fibrocytes,12
CAATGACGTTTCTTAC-1-1,-2.8138783,11.664521,Macrophages/Microglia,12
CAATGACTCAGATTGC-1-1,-1.8257322,1.2614607,Supporting cells,12
CAATGACTCAGGTAAA-1-1,-0.8644616,6.090283,Supporting cells,12
CAATGACTCCGCTTAC-1-1,-0.20180991,6.7957845,Supporting cells,12
CAATGACTCCTACGGG-1-1,3.4022465,3.1878383,Supporting cells,12
CAATGACTCGCTGTCT-1-1,2.4771743,7.8008695,Supporting cells,12
CAATGACTCTTGTGCC-1-1,9.213239,1.0942472,Outer hair cells,12
CAATTTCAGACCTTTG-1-1,0.7252686,14.180983,Fibrocytes,12
CAATTTCAGACTCTAC-1-1,3.057365,0.6193551,Glia/Schwann,12
CAATTTCTCAGGCGAA-1-1,-1.924054,1.2624278,Supporting cells,12
CAATTTCTCGTGCGAC-1-1,-2.0384595,1.3620793,Supporting cells,12
CACAACACAAAGGTTA-1-1,10.443451,2.8481307,Spiral ganglion neurons,12
CACAACACACGTATAC-1-1,-0.07090564,1.1983243,Supporting cells,12
CACAACACATTCTTCA-1-1,3.4543746,2.7203794,Supporting cells,12
CACAACAGTTGTCAGT-1-1,-3.5423923,2.0694783,Supporting cells,12
CACAACATCAGTAGGG-1-1,-2.6796412,3.4610336,Supporting cells,12
CACAACATCTCATTTG-1-1,-2.8044024,3.4706357,Supporting cells,12
CACAACATCTCGACCT-1-1,0.64156616,1.9683764,Supporting cells,12
CACACAAAGGTTAAAC-1-1,9.694507,9.411729,Glia/Schwann,12
CACACAAAGTAGGATT-1-1,7.0255814,6.01923,Supporting cells,12
CACACAATCGCCATAA-1-1,-1.5250599,7.802078,Supporting cells,12
CACACAATCTGCGGAC-1-1,-1.4454585,0.30669713,Supporting cells,12
CACAGATAGAACTTCC-1-1,1.368768,2.3406253,Supporting cells,12
CACAGATAGCTAGTTC-1-1,3.6655362,6.096035,Supporting cells,12
CACAGATAGGAGAATG-1-1,-5.3507667,3.9969873,Fibrocytes,12
CACAGATCAGGTTCAT-1-1,0.82812375,1.6740526,Supporting cells,12
CACAGATGTTAATGAG-1-1,-2.443637,1.9354538,Supporting cells,12
CACAGGCAGCGGTATG-1-1,0.2501797,4.084525,Supporting cells,12
CACAGGCAGCTGTTAC-1-1,-1.7089667,-0.44480592,Supporting cells,12
CACAGGCCAATTCTTC-1-1,-1.6353302,0.3919114,Supporting cells,12
CACAGGCTCGTTCCTG-1-1,4.7946057,1.6645856,Supporting cells,12
CACATGAAGATGCTAA-1-1,-5.7322826,4.2454796,Fibrocytes,12
CACATGAGTCTCAGAT-1-1,5.419221,0.26420665,Inner hair cells,12
CACATGAGTGAGCTCC-1-1,6.1016817,4.7848897,Supporting cells,12
CACATGAGTTTGAAAG-1-1,1.2513978,13.517316,Fibrocytes,12
CACATGATCGCATAGT-1-1,3.638525,6.938048,Fibrocytes,12
CACCAAAAGCCGTTAT-1-1,5.0841346,3.4058647,Supporting cells,12
CACCAAACACCGGTCA-1-1,0.8497722,13.562723,Fibrocytes,12
CACCAAAGTACCTATG-1-1,-2.1766505,4.2726398,Supporting cells,12
CACCGTTCAAAGAGTT-1-1,2.5356903,13.788959,Fibrocytes,12
CACCGTTGTACACGCC-1-1,0.424478,0.91016656,Supporting cells,12
CACCGTTGTACCTAAC-1-1,-0.87298733,-0.9834915,Supporting cells,12
CACCGTTGTTCGTGCG-1-1,-6.067803,5.186837,Fibrocytes,12
CACGAATAGAGCCGAT-1-1,-0.41621864,5.5555477,Supporting cells,12
CACGAATTCAAACGAA-1-1,-3.4998264,5.15586,Supporting cells,12
CACGAATTCAGACATC-1-1,1.3610741,2.0696504,Supporting cells,12
CACGAATTCAGGAACG-1-1,3.6788373,8.246723,Supporting cells,12
CACGTGGAGAGAAGGT-1-1,5.0449495,1.5445728,Supporting cells,12
CACGTGGAGTGGAAGA-1-1,7.342806,-1.0747848,Inner hair cells,12
CACGTGGCACGGCGTT-1-1,-1.0934825,8.666051,Supporting cells,12
CACGTGGGTACTCGTA-1-1,7.0058856,1.5903007,Outer hair cells,12
CACGTGGGTCTAGGCC-1-1,-2.4847682,3.8390226,Supporting cells,12
CACGTGGTCGCTAGCG-1-1,-1.575426,3.576495,Supporting cells,12
CACGTGGTCGCTCCTA-1-1,2.030858,8.82882,Supporting cells,12
CACGTGGTCGTTCTGC-1-1,0.71832055,14.218656,Fibrocytes,12
CACGTTCCAATCGCAT-1-1,1.3290361,10.609158,Supporting cells,12
CACGTTCCATGCCGGT-1-1,-0.8488872,9.110103,Supporting cells,12
CACGTTCGTCGAACGA-1-1,-3.3651245,6.853223,Supporting cells,12
CACGTTCGTGCAGTGA-1-1,6.200022,9.224468,Supporting cells,12
CACGTTCTCCCTATTA-1-1,2.0088818,13.287899,Fibrocytes,12
CACTAAGCAACAGCTT-1-1,-0.5176349,-0.1328326,Supporting cells,12
CACTAAGTCACTGCTC-1-1,0.0006637969,7.1276684,Supporting cells,12
CACTAAGTCAGCAGAG-1-1,-0.579398,5.925189,Supporting cells,12
CACTAAGTCCATTGGA-1-1,-0.96112,5.4458776,Supporting cells,12
CACTAAGTCCCATAGA-1-1,-1.234551,2.315105,Supporting cells,12
CACTGAAAGTAACCGG-1-1,1.4804415,6.3626404,Supporting cells,12
CACTGAAAGTATGGCG-1-1,7.0546327,1.4906055,Outer hair cells,12
CACTGAAGTTCGTTCC-1-1,4.561406,8.232568,Supporting cells,12
CACTGAATCGCATTAG-1-1,-0.64426523,-0.69820124,Supporting cells,12
CACTGAATCGGTGCAC-1-1,0.705981,13.744237,Fibrocytes,12
CACTGGGAGAATCCCT-1-1,8.995154,4.884703,Supporting cells,12
CACTGGGAGGAACGTC-1-1,-1.9025613,3.5238285,Supporting cells,12
CACTGGGCAACACACT-1-1,-0.73421293,4.717599,Supporting cells,12
CACTGGGGTGGACTGA-1-1,-2.4374013,4.077523,Supporting cells,12
CACTGGGGTTCCTAAG-1-1,1.1238277,4.092078,Supporting cells,12
CACTGTCAGCTTGTGT-1-1,5.351449,1.0132015,Inner hair cells,12
CACTGTCAGGCGCTTC-1-1,4.727333,2.3053873,Supporting cells,12
CACTGTCGTGTTATCG-1-1,7.4274626,4.90558,Supporting cells,12
CACTGTCTCGCAGTGC-1-1,-0.11557208,2.1891859,Supporting cells,12
CACTTCGAGCGTACAG-1-1,2.4751787,13.018215,Fibrocytes,12
CACTTCGCACGGCTAC-1-1,-0.35605654,1.2450291,Supporting cells,12
CACTTCGCACTGGAAG-1-1,7.208678,8.564099,Glia/Schwann,12
CACTTCGTCCTCGCAT-1-1,5.375744,2.5153213,Supporting cells,12
CAGAGCCAGGACAGCT-1-1,-5.3068175,4.9519434,Fibrocytes,12
CAGAGCCAGTGTAGAT-1-1,7.041285,2.8990526,Outer hair cells,12
CAGAGCCCACTACAGT-1-1,-1.8615499,2.463626,Supporting cells,12
CAGAGCCCATCTATCT-1-1,7.4612203,3.746215,Supporting cells,12
CAGAGCCTCGGTTCAA-1-1,2.5431116,13.0301695,Fibrocytes,12
CAGAGCCTCTCACCCA-1-1,10.187551,0.6570622,Outer hair cells,12
CAGAGCCTCTTTCCAA-1-1,-2.684733,3.2710521,Supporting cells,12
CAGATACAGGTTTGAA-1-1,0.87784785,10.26756,Supporting cells,12
CAGATACCAACCGTGC-1-1,0.84901166,13.692258,Fibrocytes,12
CAGATACCAAGCCATT-1-1,3.3569913,3.492528,Supporting cells,12
CAGATACCACGCGTGT-1-1,-0.9527812,7.882562,Supporting cells,12
CAGATACCATTGAAAG-1-1,-0.35319123,7.1003585,Supporting cells,12
CAGATACGTAAGTTGA-1-1,3.0899906,10.128433,Supporting cells,12
CAGATACGTAGTTACC-1-1,6.073157,5.1008053,Supporting cells,12
CAGATACTCGTGCACG-1-1,7.8798523,0.9959458,Outer hair cells,12
CAGATCAAGAATCGAT-1-1,-1.9098885,7.3590894,Supporting cells,12
CAGATCACAGATCCTA-1-1,-0.12979847,6.7008786,Supporting cells,12
CAGATCAGTCGTTTCC-1-1,-2.5422955,1.7395471,Supporting cells,12
CAGATCAGTTTCGACA-1-1,-2.8948658,0.51249033,Fibrocytes,12
CAGATCATCTGAGATC-1-1,0.7773188,0.46813294,Supporting cells,12
CAGATCATCTTTCAGT-1-1,8.485854,2.944337,Supporting cells,12
CAGATTGAGTCATACC-1-1,0.4600538,11.896003,Fibrocytes,12
CAGATTGCACCCAAGC-1-1,0.5639899,13.168584,Fibrocytes,12
CAGATTGGTCTTTCAT-1-1,-1.3871988,4.120646,Supporting cells,12
CAGATTGTCATGGTAC-1-1,7.99647,3.130392,Supporting cells,12
CAGATTGTCGCAGTCG-1-1,0.339669,3.274259,Supporting cells,12
CAGATTGTCTATCACT-1-1,0.70087606,2.381183,Supporting cells,12
CAGATTGTCTGTGCTC-1-1,5.369589,7.7066627,Glia/Schwann,12
CAGCAATAGGATGAGA-1-1,6.5584536,2.5709212,Outer hair cells,12
CAGCAATCAAATACAG-1-1,5.097436,6.67486,Supporting cells,12
CAGCAATGTATGCTAC-1-1,0.81549376,3.9997613,Supporting cells,12
CAGCAATGTCATATGC-1-1,1.3197132,2.3614275,Supporting cells,12
CAGCAATGTTACACAC-1-1,0.6633731,1.1482359,Supporting cells,12
CAGCAATGTTCAACGT-1-1,4.601731,4.4245853,Supporting cells,12
CAGCAATGTTGTAAAG-1-1,4.427102,10.864538,Supporting cells,12
CAGCAATTCCGTGCGA-1-1,3.023423,3.3781428,Supporting cells,12
CAGCAATTCGAGTGGA-1-1,-2.3676906,0.015712578,Supporting cells,12
CAGCACGAGCAGCAGT-1-1,5.2440796,0.15145747,Inner hair cells,12
CAGCACGGTCTCAGGC-1-1,3.5463738,2.633686,Supporting cells,12
CAGCACGGTGCTCTTC-1-1,5.438785,10.1550865,Supporting cells,12
CAGCACGGTGTGTACT-1-1,2.2087178,12.995905,Fibrocytes,12
CAGCACGTCCAGTGTA-1-1,6.8395762,1.6323868,Outer hair cells,12
CAGCAGCCACCCGTAG-1-1,8.194479,6.2718062,Supporting cells,12
CAGCAGCCAGTCGAGA-1-1,-0.73391974,7.0178595,Supporting cells,12
CAGCAGCGTCACCTTC-1-1,-1.585165,4.942599,Supporting cells,12
CAGCAGCTCGAGCACC-1-1,8.15254,8.995278,Glia/Schwann,12
CAGCAGCTCGTCGATA-1-1,1.3396556,5.983873,Supporting cells,12
CAGCCAGAGAGGGCGA-1-1,-0.2325793,1.2564175,Supporting cells,12
CAGCCAGAGATCGCTT-1-1,4.9951034,1.6574125,Supporting cells,12
CAGCCAGAGCTACTGT-1-1,-1.1475711,-0.94347376,Supporting cells,12
CAGCCAGCAGCGTACC-1-1,-0.9302392,4.3934503,Supporting cells,12
CAGCCAGGTCACTACA-1-1,2.507741,9.206606,Supporting cells,12
CAGCCAGGTGCGGTAA-1-1,-1.364565,2.731503,Supporting cells,12
CAGCCAGTCGGTCGAC-1-1,-0.30385154,-0.32691574,Supporting cells,12
CAGCGTGAGTACCATC-1-1,2.013614,9.139416,Supporting cells,12
CAGCGTGAGTTAGTAG-1-1,-0.8187564,6.3373265,Supporting cells,12
CAGCGTGCAAGGCAAC-1-1,-1.3637737,2.2297091,Supporting cells,12
CAGCGTGCATTCAGCA-1-1,-6.1971564,4.3948684,Fibrocytes,12
CAGCGTGGTAGACAGC-1-1,6.432091,10.184291,Supporting cells,12
CAGGCCAAGTCCCAAT-1-1,10.294364,9.427721,Glia/Schwann,12
CAGGCCACAACCCTCT-1-1,7.7072387,2.1146805,Outer hair cells,12
CAGGCCATCACTACGA-1-1,-1.5018038,3.7413046,Supporting cells,12
CAGGCCATCGGTGCAC-1-1,-1.105514,7.3759294,Supporting cells,12
CAGGCCATCTATGCCC-1-1,1.9022928,9.867174,Supporting cells,12
CAGGGCTGTCCCTGTT-1-1,-3.88218,7.5612803,Supporting cells,12
CAGGGCTGTGACTCTA-1-1,0.38986686,6.779363,Supporting cells,12
CAGGGCTTCCCTCATG-1-1,8.002948,6.864866,Supporting cells,12
CAGGGCTTCTAAGGAA-1-1,4.1778336,3.6427588,Supporting cells,12
CAGGTATAGCGAGTAC-1-1,-0.7137508,0.10095848,Supporting cells,12
CAGGTATAGCTAAGTA-1-1,-0.4336871,5.934091,Supporting cells,12
CAGGTATCAACCACGC-1-1,-0.09784552,4.9761434,Supporting cells,12
CAGGTATGTAGCGTTT-1-1,10.496713,2.869838,Spiral ganglion neurons,12
CAGGTATGTGAACTAA-1-1,-2.2904725,9.058923,Supporting cells,12
CAGGTATGTGAGAGGG-1-1,-5.0797477,4.6531925,Fibrocytes,12
CAGGTATTCTAGTGAC-1-1,7.173989,1.469073,Outer hair cells,12
CAGTGCGAGACTCAAA-1-1,-6.6618066,4.8528867,Fibrocytes,12
CAGTGCGAGCATCCCG-1-1,0.42457756,1.7388232,Supporting cells,12
CAGTGCGAGCGCTTCG-1-1,-0.3026787,0.6125778,Supporting cells,12
CAGTGCGCAACGATTC-1-1,-1.4023386,2.2228045,Supporting cells,12
CAGTGCGCATCGCTAA-1-1,-0.1115253,9.456866,Supporting cells,12
CAGTGCGGTAGCTTAC-1-1,7.1550083,8.978739,Glia/Schwann,12
CAGTTAGCAATCTAGC-1-1,7.1295643,7.4569745,Glia/Schwann,12
CAGTTAGCAGAAGCGT-1-1,2.118047,9.402329,Supporting cells,12
CAGTTAGCAGCGCTTG-1-1,6.720504,8.832655,Glia/Schwann,12
CAGTTAGGTGCCGTTG-1-1,-1.2222545,0.6108984,Supporting cells,12
CAGTTAGGTGTCCACG-1-1,-5.6980877,5.007208,Fibrocytes,12
CAGTTAGTCTACCACC-1-1,3.3962,4.981017,Supporting cells,12
CAGTTAGTCTGTAAGC-1-1,2.4757466,7.8296986,Supporting cells,12
CAGTTCCAGTGGAATT-1-1,5.288772,0.18622768,Inner hair cells,12
CAGTTCCCACTTCAAG-1-1,1.4530505,3.275152,Supporting cells,12
CAGTTCCGTCCAGCAC-1-1,0.043056134,5.714757,Supporting cells,12
CAGTTCCGTCGTTGGC-1-1,0.28434864,1.5142007,Supporting cells,12
CAGTTCCGTCTTCCGT-1-1,7.640673,1.1512884,Outer hair cells,12
CAGTTCCGTTAACAGA-1-1,9.153925,8.433801,Glia/Schwann,12
CAGTTCCTCCATAGAC-1-1,-2.069152,0.0044034235,Supporting cells,12
CAGTTCCTCGGTCTAA-1-1,-0.7742784,2.4950066,Supporting cells,12
CATAAGCCAGCATCTA-1-1,0.873165,10.35444,Supporting cells,12
CATAAGCGTTGGATCT-1-1,0.1342188,1.5131438,Supporting cells,12
CATAAGCTCATGAGGG-1-1,10.507488,8.918068,Glia/Schwann,12
CATACAGCATGTCAGT-1-1,1.5576519,3.4310484,Supporting cells,12
CATACAGGTCACCCTT-1-1,-2.412065,2.3046398,Supporting cells,12
CATACAGGTTGCCAAT-1-1,-0.21412446,4.2626486,Supporting cells,12
CATACAGTCCGTGCGA-1-1,0.51560265,9.852242,Supporting cells,12
CATACCCCACCGTGGT-1-1,0.89049494,2.0751028,Supporting cells,12
CATACCCCACTGAGTT-1-1,6.4640403,6.31439,Glia/Schwann,12
CATACCCTCGTAGGAG-1-1,6.5449095,8.282946,Glia/Schwann,12
CATACTTAGGAAAGAC-1-1,-6.576085,3.9247057,Fibrocytes,12
CATACTTAGGAAGTGA-1-1,-2.638093,2.440358,Supporting cells,12
CATACTTCAAGATTGA-1-1,-4.3844104,5.536717,Supporting cells,12
CATACTTGTGGCCACT-1-1,2.0014424,4.115402,Supporting cells,12
CATACTTGTTTACCTT-1-1,1.2862302,1.2204956,Supporting cells,12
CATACTTTCCCTCTAG-1-1,8.625943,0.7868341,Outer hair cells,12
CATACTTTCGCCGATG-1-1,1.1576388,13.8497925,Fibrocytes,12
CATAGACAGTCGAGGT-1-1,5.9955416,2.5380435,Supporting cells,12
CATAGACCATTGACTG-1-1,-0.8563473,4.1325107,Supporting cells,12
CATAGACTCATTATCC-1-1,-0.33351827,6.0618854,Supporting cells,12
CATAGACTCCACTTCG-1-1,0.79220575,13.271744,Fibrocytes,12
CATAGACTCCCAAGTA-1-1,6.423356,3.7882814,Supporting cells,12
CATCAAGAGATGCGAC-1-1,5.0396633,3.0772986,Supporting cells,12
CATCAAGTCAGGAAAT-1-1,2.0520117,11.5045,Fibrocytes,12
CATCCACAGAAGTCCG-1-1,-1.7434821,-1.9023454,Supporting cells,12
CATCCACAGCCACTCG-1-1,-1.0965911,6.4513607,Supporting cells,12
CATCCACAGGATACAT-1-1,0.60348845,3.7459364,Supporting cells,12
CATCCACAGTGGAAGA-1-1,-0.6686207,-0.200226,Supporting cells,12
CATCCACCAAATGAGT-1-1,-1.5203605,2.593443,Supporting cells,12
CATCCACCAAGACAAT-1-1,3.0422955,10.028307,Supporting cells,12
CATCCACCACCGCTGA-1-1,0.44887394,7.6930866,Supporting cells,12
CATCCACTCTAGACCA-1-1,-1.5751066,0.45454803,Supporting cells,12
CATCCCAAGACAGCTG-1-1,0.2648135,1.4880449,Supporting cells,12
CATCCCAAGCTGACAG-1-1,0.6435996,4.2650447,Supporting cells,12
CATCCCAAGCTTGTTG-1-1,4.6918497,7.0993896,Supporting cells,12
CATCCCAGTATCCTCC-1-1,0.16986719,6.187329,Supporting cells,12
CATCCCAGTCCCTGAG-1-1,10.031524,9.459408,Glia/Schwann,12
CATCCCATCAAAGCCT-1-1,0.7080761,6.489881,Supporting cells,12
CATCCCATCCTGTAGA-1-1,9.111164,1.154067,Outer hair cells,12
CATCCGTAGAATGTTG-1-1,1.3925517,11.084796,Fibrocytes,12
CATCCGTTCGCCTCTA-1-1,-1.8019433,-0.25788653,Supporting cells,12
CATCCGTTCGTGCGAC-1-1,-2.41403,0.12839909,Supporting cells,12
CATCCGTTCTGCTTTA-1-1,3.5596223,9.509077,Supporting cells,12
CATCGCTGTCTTGCTC-1-1,9.567817,5.1560907,Supporting cells,12
CATCGGGAGCCTCATA-1-1,-4.4774113,4.7850146,Fibrocytes,12
CATCGGGAGTTGGACG-1-1,0.255552,6.4537754,Supporting cells,12
CATCGGGGTATTGGCT-1-1,0.7163186,2.139063,Supporting cells,12
CATCGGGTCAAGTCGT-1-1,-2.53283,2.0972836,Supporting cells,12
CATCGTCAGGACTGGT-1-1,-0.9782996,3.6945145,Supporting cells,12
CATCGTCAGTAAGGGA-1-1,5.248573,8.13191,Supporting cells,12
CATCGTCCAATGACCT-1-1,6.7196164,4.1222606,Supporting cells,12
CATCGTCGTAAGCAAT-1-1,0.3492488,3.3538513,Supporting cells,12
CATCGTCTCCAATCTT-1-1,7.2228146,6.22591,Supporting cells,12
CATCGTCTCCGGCTTT-1-1,7.8432674,6.286058,Supporting cells,12
CATCGTCTCGGAGTAG-1-1,-3.294599,6.069956,Supporting cells,12
CATCGTCTCTGTCGCT-1-1,-4.838485,4.0562286,Fibrocytes,12
CATGAGTAGCCAGTAG-1-1,-2.6024635,4.367675,Supporting cells,12
CATGAGTCAAATAAGC-1-1,-4.1422877,5.507224,Fibrocytes,12
CATGAGTCACGTCGGT-1-1,0.21030226,7.0014925,Supporting cells,12
CATGAGTGTAACTGCT-1-1,-1.2296983,6.607822,Supporting cells,12
CATGAGTGTCCTCCTA-1-1,-1.8039834,0.12384266,Supporting cells,12
CATGAGTTCCGATAAC-1-1,1.2430071,5.936152,Supporting cells,12
CATGCAAAGTGTCATC-1-1,7.108751,4.8121896,Supporting cells,12
CATGCAACACTTGGGC-1-1,4.4327097,10.658568,Supporting cells,12
CATGCAACAGACCGCT-1-1,-0.28770816,2.1465926,Supporting cells,12
CATGCAAGTCTTGCTC-1-1,-0.8878172,6.002311,Supporting cells,12
CATGCAAGTGGGTATG-1-1,1.9010992,7.337238,Supporting cells,12
CATGCAAGTTCGGGTC-1-1,1.2110468,1.7074221,Supporting cells,12
CATGCAATCATTCGTT-1-1,-1.0152972,6.772792,Supporting cells,12
CATGCAATCCCTTTGG-1-1,1.8901788,8.993931,Supporting cells,12
CATGCAATCGGTAACT-1-1,2.0674326,3.4430828,Supporting cells,12
CATGCAATCTCATGCC-1-1,5.665365,2.5476992,Supporting cells,12
CATGCCTAGCTTTCTT-1-1,3.0013518,5.1066437,Supporting cells,12
CATGCCTCAAGAATGT-1-1,1.0968491,13.517368,Fibrocytes,12
CATGCCTCACCGTGCA-1-1,-1.5345473,5.591431,Supporting cells,12
CATGCCTCAGCTTCCT-1-1,-0.41711965,6.6099415,Supporting cells,12
CATGCCTGTTCTCTCG-1-1,-1.1342174,4.473937,Supporting cells,12
CATGCGGAGGCTATCT-1-1,-2.8734503,2.8334215,Supporting cells,12
CATGCGGAGTAAGGGA-1-1,1.2238559,3.9596474,Supporting cells,12
CATGCGGCAACGTTAC-1-1,1.4023093,4.125093,Supporting cells,12
CATGCGGGTTCAATCG-1-1,-2.1765485,0.49035934,Supporting cells,12
CATGCGGTCTAACACG-1-1,-0.9095844,3.4184687,Supporting cells,12
CATGCTCCACTTCAAG-1-1,-2.6320384,-0.5371065,Supporting cells,12
CATGCTCTCGGTGAAG-1-1,-0.33091852,7.003489,Supporting cells,12
CATGCTCTCTCAATCT-1-1,-0.44709423,6.8301005,Supporting cells,12
CATGGATAGGGACCAT-1-1,3.6993499,7.7738447,Supporting cells,12
CATGGATAGGTCCAGA-1-1,0.74315184,10.726059,Fibrocytes,12
CATGGATAGTCGCCAC-1-1,-2.0582778,2.9596045,Supporting cells,12
CATGGATAGTCTGGAG-1-1,-0.4902471,2.3898952,Supporting cells,12
CATGGATCAACGGTAG-1-1,2.7611606,10.417764,Supporting cells,12
CATGGATCAGCTGTCG-1-1,0.80485946,2.5578625,Supporting cells,12
CATGGATGTCAAGGCA-1-1,1.5941023,1.5089457,Supporting cells,12
CATGGATTCACTACGA-1-1,0.21428308,1.1789993,Supporting cells,12
CATGGTAAGATCCCGC-1-1,-2.3381085,0.5660914,Supporting cells,12
CATGGTAAGTCCCTAA-1-1,6.965902,4.8089347,Supporting cells,12
CATGGTAAGTTCTACG-1-1,5.3467636,6.3255024,Supporting cells,12
CATGGTAGTCTGTGCG-1-1,5.3814893,9.950783,Supporting cells,12
CATGGTAGTTATGGTC-1-1,10.361866,9.471382,Glia/Schwann,12
CATTCATAGACCTCAT-1-1,1.6390122,2.7153397,Supporting cells,12
CATTCATAGGATCACG-1-1,10.18596,9.756974,Glia/Schwann,12
CATTCATAGGTAACTA-1-1,10.191359,9.37935,Glia/Schwann,12
CATTCATAGTAGCATA-1-1,0.96866375,4.2511826,Supporting cells,12
CATTCATTCACTGTTT-1-1,-1.5466123,2.8372436,Supporting cells,12
CATTCATTCCTCTCTT-1-1,-2.9881318,4.917835,Supporting cells,12
CATTCCGGTGATAGTA-1-1,8.425508,6.367716,Supporting cells,12
CATTCCGGTTGCTTGA-1-1,4.9749837,1.6021297,Supporting cells,12
CATTCCGTCTGCGGAC-1-1,-0.86964685,6.0097437,Supporting cells,12
CATTCTAAGCCAAGTG-1-1,7.143395,1.1898174,Outer hair cells,12
CATTCTAGTTGAATCC-1-1,-3.813455,5.3859324,Supporting cells,12
CATTCTATCATGACAC-1-1,1.4084704,0.92827773,Supporting cells,12
CATTCTATCCGGTAAT-1-1,5.497797,4.484303,Supporting cells,12
CATTCTATCTACTGCC-1-1,2.8153188,8.4918165,Supporting cells,12
CATTGAGCACTTCAGA-1-1,4.6455803,3.9689686,Supporting cells,12
CATTGAGCAGATACTC-1-1,0.33992025,8.007548,Supporting cells,12
CATTGAGTCAACCGAT-1-1,2.022761,7.589015,Supporting cells,12
CATTGAGTCGTTAGAC-1-1,2.7417803,9.1190195,Supporting cells,12
CATTGAGTCTCGAGTA-1-1,5.86932,8.8583765,Supporting cells,12
CATTGCCAGGGAGGGT-1-1,3.1592104,3.9659991,Supporting cells,12
CATTGCCAGGTAGATT-1-1,-1.7320105,-2.004387,Supporting cells,12
CATTGCCGTACTCGAT-1-1,3.2211225,11.077355,Supporting cells,12
CATTGCCGTATCGTAC-1-1,5.781515,7.8882604,Supporting cells,12
CATTGTTAGCACTGGA-1-1,7.2898717,8.896495,Glia/Schwann,12
CATTGTTCAAACTGCT-1-1,0.42869422,1.405271,Supporting cells,12
CATTGTTGTATAGCTC-1-1,-1.4332343,4.5333467,Supporting cells,12
CATTGTTTCATAGACC-1-1,-1.5264564,6.656936,Supporting cells,12
CATTTCAAGAATAGTC-1-1,-6.526496,4.246796,Fibrocytes,12
CATTTCACAAGAGTTA-1-1,1.2718985,2.118978,Supporting cells,12
CATTTCACATGCACTA-1-1,-0.5367927,-0.0416293,Supporting cells,12
CATTTCAGTGTGGACA-1-1,7.5365033,8.651056,Glia/Schwann,12
CCAAGCGCACAATGCT-1-1,3.2800772,1.5965658,Glia/Schwann,12
CCAAGCGCAGAAGCTG-1-1,-2.5488653,1.7609267,Supporting cells,12
CCAAGCGCAGAGTCAG-1-1,7.010016,6.237121,Supporting cells,12
CCAAGCGCATATCTCT-1-1,-2.528889,2.6964774,Supporting cells,12
CCAAGCGGTTAGGGTG-1-1,-0.4591585,4.2553406,Supporting cells,12
CCAAGCGGTTCTCCCA-1-1,-0.42445186,6.5883493,Supporting cells,12
CCAAGCGGTTGTCAGT-1-1,3.7060547,8.805019,Supporting cells,12
CCAAGCGTCCCTCGTA-1-1,0.7882875,2.4421146,Supporting cells,12
CCAAGCGTCGGTAACT-1-1,-1.8039348,5.115189,Supporting cells,12
CCAAGCGTCTACTGCC-1-1,-0.33879262,3.2005222,Supporting cells,12
CCAATGAAGCACCTGC-1-1,-0.7752477,5.5910125,Supporting cells,12
CCAATGACAAGCTGTT-1-1,2.70018,7.7656093,Supporting cells,12
CCAATGACACGTATAC-1-1,1.0034513,3.1497755,Supporting cells,12
CCAATGACAGAAACCG-1-1,-7.4778314,4.633848,Fibrocytes,12
CCAATGAGTCCGAAAG-1-1,3.9669194,11.396392,Supporting cells,12
CCAATGATCGATTCCC-1-1,-0.73845404,6.787756,Supporting cells,12
CCAATTTAGCGTGAAC-1-1,-2.2629864,0.9589674,Supporting cells,12
CCAATTTAGTCGAAAT-1-1,-2.223746,-1.9800794,Supporting cells,12
CCAATTTCACATGGTT-1-1,-1.1524602,1.3635466,Supporting cells,12
CCAATTTCACCCTATC-1-1,6.24139,2.3524795,Supporting cells,12
CCAATTTCACTCACTC-1-1,-6.6909394,4.006931,Fibrocytes,12
CCACAAAAGAGTGTGC-1-1,6.0929775,7.437447,Glia/Schwann,12
CCACAAAAGGCCTAAG-1-1,5.6777043,8.408384,Supporting cells,12
CCACAAACAAGTGATA-1-1,0.81552315,13.820859,Fibrocytes,12
CCACAAACACAGCTTA-1-1,0.666341,1.0918207,Supporting cells,12
CCACAAACAGCAGTCC-1-1,4.7863955,9.974978,Supporting cells,12
CCACAAACATCCAATG-1-1,0.112376094,6.304347,Supporting cells,12
CCACAAATCCAAGGGA-1-1,7.0006347,10.624563,Glia/Schwann,12
CCACACTAGGCATTTC-1-1,10.081555,8.79298,Glia/Schwann,12
CCACACTAGTAATACG-1-1,-3.9778037,7.4300976,Supporting cells,12
CCACACTAGTATGACA-1-1,0.8272341,13.558934,Fibrocytes,12
CCACACTGTGAGGCAT-1-1,0.8485136,14.298981,Fibrocytes,12
CCACACTGTGCCGGTT-1-1,0.94913745,13.140679,Fibrocytes,12
CCACACTGTTCTCGCT-1-1,2.5556676,4.716143,Supporting cells,12
CCACCATAGAGGGTGG-1-1,-1.108495,8.018637,Supporting cells,12
CCACCATCAACGGCTC-1-1,1.1358786,12.170076,Fibrocytes,12
CCACCATCATCATTGG-1-1,4.0963593,10.493068,Supporting cells,12
CCACCATGTGAGGCAT-1-1,3.2126055,10.544795,Supporting cells,12
CCACCATGTTAAGACA-1-1,3.2950022,5.088144,Supporting cells,12
CCACCATTCAAACCCA-1-1,1.8903823,13.2214775,Fibrocytes,12
CCACCATTCAAGCTTG-1-1,8.92676,6.840036,Supporting cells,12
CCACGAGAGCATCCCG-1-1,-0.30155796,-1.118779,Supporting cells,12
CCACGAGAGCGTTCCG-1-1,2.0026186,9.120333,Supporting cells,12
CCACGAGCAGAACCGA-1-1,0.93807214,0.9258146,Supporting cells,12
CCACGAGGTATTGAGA-1-1,6.880717,4.0275884,Supporting cells,12
CCACGTTAGCAATAGT-1-1,4.651866,4.880049,Supporting cells,12
CCACGTTAGGACAACC-1-1,-0.2694627,-0.3193285,Supporting cells,12
CCACGTTCACGGCACT-1-1,-1.3105111,1.3738812,Supporting cells,12
CCACGTTGTACGTAGG-1-1,0.94710493,2.6006613,Supporting cells,12
CCACGTTTCACGAACT-1-1,8.898881,1.048603,Outer hair cells,12
CCACTTGAGTGCCGAA-1-1,7.473026,4.770525,Supporting cells,12
CCACTTGGTCTTGCTC-1-1,-0.94387966,2.3827074,Supporting cells,12
CCACTTGGTGAGCAGT-1-1,-1.3264159,0.7143308,Supporting cells,12
CCACTTGGTGGATTTC-1-1,2.4449449,7.8961725,Supporting cells,12
CCACTTGGTTCCACGG-1-1,8.278721,6.3377914,Supporting cells,12
CCACTTGGTTTCCAAG-1-1,-2.4148808,2.5084019,Supporting cells,12
CCACTTGTCCTACACC-1-1,5.9790525,8.946975,Supporting cells,12
CCACTTGTCGACCATA-1-1,0.8879539,7.968678,Supporting cells,12
CCATAAGAGTGCTCAT-1-1,-3.190616,3.5466259,Supporting cells,12
CCATAAGCAATTGAAG-1-1,1.4684184,1.4315927,Supporting cells,12
CCATAAGGTGCATGTT-1-1,7.290189,-1.2089977,Inner hair cells,12
CCATAAGTCGTCTCAC-1-1,-0.2168676,6.4263077,Supporting cells,12
CCATCACAGCTACAAA-1-1,8.972078,3.4460108,Supporting cells,12
CCATCACAGGGATCAC-1-1,1.4391595,8.602901,Supporting cells,12
CCATCACCAAGAATGT-1-1,9.461897,4.9945292,Supporting cells,12
CCATCACCAAGCTCTA-1-1,-2.7190456,11.757042,Macrophages/Microglia,12
CCATCACCACAGTCAT-1-1,2.9816163,2.450139,Supporting cells,12
CCATCACTCTGAGAGG-1-1,3.704276,1.886738,Supporting cells,12
CCCAACTAGACGTCGA-1-1,-1.6715599,9.321973,Macrophages/Microglia,12
CCCAACTAGGCGTTGA-1-1,8.557951,4.888097,Supporting cells,12
CCCAACTAGGTTAGTA-1-1,10.263892,5.35816,Supporting cells,12
CCCAACTAGTGAATAC-1-1,4.491285,10.710962,Supporting cells,12
CCCAACTCAAGGTTGG-1-1,-0.48674875,6.442486,Supporting cells,12
CCCAACTCAATGTCTG-1-1,4.546804,5.027534,Supporting cells,12
CCCAACTGTTGCCGCA-1-1,-1.0536587,0.1209286,Supporting cells,12
CCCAACTTCCGAAGGA-1-1,-1.390198,3.25315,Supporting cells,12
CCCAACTTCCGGCAAC-1-1,1.1328177,13.357159,Fibrocytes,12
CCCAACTTCGTTGCCT-1-1,-1.8913558,0.5156454,Supporting cells,12
CCCATTGAGATTTGCC-1-1,0.5455027,5.990121,Supporting cells,12
CCCATTGAGCCTGTGC-1-1,1.3657571,6.250819,Supporting cells,12
CCCATTGAGCTCGTGC-1-1,6.789306,2.0766666,Outer hair cells,12
CCCATTGCAATCGAAA-1-1,3.743126,8.114633,Supporting cells,12
CCCATTGCACAATTCG-1-1,4.8003964,2.7548325,Supporting cells,12
CCCATTGCAGGCCTGT-1-1,9.454591,9.284232,Glia/Schwann,12
CCCATTGCATCCGAGC-1-1,-0.012691594,5.877277,Supporting cells,12
CCCATTGTCACACCGG-1-1,9.455475,3.2643797,Supporting cells,12
CCCATTGTCAGTGGGA-1-1,-2.0893712,0.93117714,Supporting cells,12
CCCATTGTCTTCCTAA-1-1,0.8241648,1.8057661,Supporting cells,12
CCCGAAGAGCTGGTGA-1-1,-2.6686032,11.711176,Macrophages/Microglia,12
CCCGAAGCAGCAGTCC-1-1,8.194353,1.1376758,Outer hair cells,12
CCCGAAGCATGGGATG-1-1,9.477732,9.042908,Glia/Schwann,12
CCCGAAGTCCGTTGAA-1-1,3.3082044,6.4802613,Supporting cells,12
CCCGGAAAGCACACCC-1-1,6.510514,7.1373568,Glia/Schwann,12
CCCGGAAAGCCGCTTG-1-1,-2.461837,1.9255005,Supporting cells,12
CCCGGAACAAGTGACG-1-1,2.3200352,5.8097982,Supporting cells,12
CCCGGAACAGTCTCTC-1-1,0.525753,1.1606709,Supporting cells,12
CCCGGAACATTGGATC-1-1,-2.5414627,4.7256694,Supporting cells,12
CCCGGAAGTATAATGG-1-1,8.298746,3.0000262,Supporting cells,12
CCCGGAAGTCACATTG-1-1,4.2635255,2.6213048,Supporting cells,12
CCCGGAAGTCTAGGTT-1-1,7.0583115,4.3174887,Supporting cells,12
CCCTAACAGACGATAT-1-1,-1.1118292,3.9981406,Supporting cells,12
CCCTAACAGGGAACAA-1-1,0.99023896,13.823183,Fibrocytes,12
CCCTAACCAAGTATCC-1-1,9.8543005,8.648371,Glia/Schwann,12
CCCTAACCAAGTCGTT-1-1,-1.1128951,8.836522,Supporting cells,12
CCCTCAAAGTATTAGG-1-1,5.2535133,3.23761,Supporting cells,12
CCCTCAAGTGCATGAG-1-1,-0.50251466,5.2978168,Supporting cells,12
CCCTCAAGTGTCGCTG-1-1,3.612059,6.5763893,Fibrocytes,12
CCCTCAATCGGTATGT-1-1,-1.2328097,2.8573923,Supporting cells,12
CCCTCAATCTGGCCTT-1-1,-2.4922853,2.7942197,Supporting cells,12
CCCTCTCCAGCAGACA-1-1,-0.06327384,1.1869655,Supporting cells,12
CCCTCTCGTGGATCGA-1-1,0.7338231,0.9444581,Supporting cells,12
CCCTCTCGTTCCGGTG-1-1,0.8508563,10.5816765,Supporting cells,12
CCCTCTCTCGACGTCG-1-1,5.2473564,4.352479,Supporting cells,12
CCCTGATAGACCAACG-1-1,6.6925316,11.03376,Fibrocytes,12
CCCTGATCATCATGAC-1-1,-6.520074,4.176533,Fibrocytes,12
CCCTGATGTCATATGC-1-1,1.0695957,13.151505,Fibrocytes,12
CCCTGATGTGTGTCCG-1-1,3.9169505,3.8646638,Supporting cells,12
CCCTGATGTTTGAACC-1-1,1.2743424,1.9288764,Supporting cells,12
CCCTGATTCATGAAAG-1-1,2.3892455,5.622374,Supporting cells,12
CCCTGATTCCGTTGAA-1-1,0.7995938,2.6123726,Supporting cells,12
CCCTTAGAGGTACTGG-1-1,-2.2026954,5.895371,Supporting cells,12
CCCTTAGGTTCTAAGC-1-1,-2.64841,10.693466,Macrophages/Microglia,12
CCCTTAGTCACGAACT-1-1,10.604879,2.7794514,Spiral ganglion neurons,12
CCGAACGCAGCGATTT-1-1,-1.6527237,0.43430975,Supporting cells,12
CCGATCTAGCCTTGAT-1-1,-0.26401874,-0.8769259,Supporting cells,12
CCGATCTAGGGTTAGC-1-1,1.0193835,0.44393358,Supporting cells,12
CCGATCTAGTCACTCA-1-1,6.296089,-0.33720174,Inner hair cells,12
CCGATCTGTACCACGC-1-1,0.0858071,6.6220512,Supporting cells,12
CCGATCTGTACTGACT-1-1,-0.016578283,1.9586334,Supporting cells,12
CCGATCTGTGCGGATA-1-1,0.53431976,3.0145123,Supporting cells,12
CCGATCTTCAGGACGA-1-1,-2.510053,3.8728838,Supporting cells,12
CCGATGGAGCAAGTCG-1-1,-5.958282,4.444691,Fibrocytes,12
CCGATGGAGGTTACCT-1-1,5.8542905,4.6687956,Supporting cells,12
CCGATGGGTCCCTAAA-1-1,-2.205898,0.7111596,Supporting cells,12
CCGATGGGTCGAGTGA-1-1,0.43788633,8.051608,Supporting cells,12
CCGATGGGTTCGGTAT-1-1,0.5395958,5.899574,Supporting cells,12
CCGATGGTCCACACCT-1-1,5.002754,1.0329028,Inner hair cells,12
CCGATGGTCCACCCTA-1-1,-1.7400483,3.0930166,Supporting cells,12
CCGCAAGAGCCTGTGC-1-1,5.031682,9.210595,Supporting cells,12
CCGCAAGAGGGAGGTG-1-1,-0.94945717,3.0252135,Supporting cells,12
CCGCAAGCAAGCGCAA-1-1,-1.5351536,5.956599,Supporting cells,12
CCGCAAGCATTGCTTT-1-1,0.6579017,0.32901695,Supporting cells,12
CCGCAAGTCGCTTACC-1-1,-2.158146,2.76574,Supporting cells,12
CCGGACAAGTTGGGAC-1-1,-6.716286,4.265167,Fibrocytes,12
CCGGACACAAACTAAG-1-1,-5.3054595,4.1777525,Fibrocytes,12
CCGGACACATCTGCGG-1-1,5.013417,2.4567156,Supporting cells,12
CCGGACAGTCCTTAAG-1-1,3.7597432,8.75441,Supporting cells,12
CCGGACAGTGCAATGG-1-1,0.94747096,0.4825921,Supporting cells,12
CCGGACATCCAATCCC-1-1,8.301573,8.939071,Glia/Schwann,12
CCGGGTAAGCCTATTG-1-1,-1.4233848,3.7326198,Supporting cells,12
CCGGGTAAGCCTCAAT-1-1,9.938113,0.774542,Outer hair cells,12
CCGGGTAAGCGTGCTC-1-1,-0.09889205,7.6419687,Supporting cells,12
CCGGGTAAGTCCGCCA-1-1,0.43848506,11.159376,Fibrocytes,12
CCGGGTACACTGCACG-1-1,2.345935,12.67447,Fibrocytes,12
CCGGGTATCCTCACTG-1-1,5.5195913,10.389683,Supporting cells,12
CCGGTAGAGAAACCCG-1-1,3.2879264,9.468761,Supporting cells,12
CCGGTAGCAACTCCAA-1-1,2.4261878,7.7450686,Supporting cells,12
CCGGTAGCACACAGAG-1-1,-0.86596614,5.9748435,Supporting cells,12
CCGGTAGCACACGTGC-1-1,3.441722,2.993418,Supporting cells,12
CCGGTAGCATCGTGCG-1-1,-6.9183073,5.1830697,Fibrocytes,12
CCGGTAGGTACGTAGG-1-1,8.073467,0.88819796,Outer hair cells,12
CCGGTAGGTCAAAGTA-1-1,-2.898586,3.3797116,Supporting cells,12
CCGGTAGTCACCTCGT-1-1,0.27315605,7.325779,Supporting cells,12
CCGGTGAAGACTCCGC-1-1,2.2903671,7.627949,Supporting cells,12
CCGGTGAAGATCGCTT-1-1,3.101099,9.326595,Supporting cells,12
CCGGTGAAGGTCGCCT-1-1,-6.474703,4.6461015,Fibrocytes,12
CCGGTGACACTTGAGT-1-1,-0.8037416,4.128309,Supporting cells,12
CCGGTGACAGCAGTTT-1-1,-2.202687,4.827159,Supporting cells,12
CCGGTGACAGTTACCA-1-1,-0.80173004,1.8444349,Supporting cells,12
CCGGTGAGTCGCGTTG-1-1,0.86420226,3.156837,Supporting cells,12
CCGGTGAGTGCAATAA-1-1,0.36521515,6.0570006,Supporting cells,12
CCGTAGGAGAAGCCAC-1-1,1.5564699,8.153681,Supporting cells,12
CCGTAGGAGACGGAAA-1-1,7.8548203,8.086148,Glia/Schwann,12
CCGTAGGGTTCCTTGC-1-1,-0.2843016,0.7324739,Supporting cells,12
CCGTAGGTCACTTGGA-1-1,1.2764658,1.6963992,Supporting cells,12
CCGTAGGTCTAGGAAA-1-1,4.2145414,8.414351,Supporting cells,12
CCGTGAGAGATCCTAC-1-1,6.922306,6.0250845,Supporting cells,12
CCGTGAGAGCGGCTCT-1-1,-1.354578,5.5638,Supporting cells,12
CCGTGAGAGCTTCATG-1-1,-0.78264815,4.061769,Supporting cells,12
CCGTGAGCAGGTTACT-1-1,4.8548646,6.790636,Supporting cells,12
CCGTGAGGTGATTCTG-1-1,2.5036213,10.202179,Supporting cells,12
CCGTGAGGTTAGCTAC-1-1,7.4935393,3.5763335,Supporting cells,12
CCGTGAGTCATTCATC-1-1,-1.1615741,-1.704245,Supporting cells,12
CCGTGAGTCCAGCCTT-1-1,2.6967702,4.161936,Supporting cells,12
CCGTTCAAGCAAGCCA-1-1,1.054154,13.795181,Fibrocytes,12
CCGTTCAAGGAATTAC-1-1,-3.12125,4.3224134,Supporting cells,12
CCGTTCAGTGGCACTC-1-1,0.31993386,3.6217897,Supporting cells,12
CCGTTCAGTGGGTCAA-1-1,0.9559802,10.582845,Fibrocytes,12
CCGTTCAGTGTGCCTG-1-1,7.870506,8.870265,Glia/Schwann,12
CCGTTCAGTTGGCCTG-1-1,-1.1811967,2.0038707,Supporting cells,12
CCTAACCCACATACGT-1-1,0.23107691,1.5856231,Supporting cells,12
CCTAACCCATACCAGT-1-1,0.113747545,8.269906,Supporting cells,12
CCTAACCCATTAAGCC-1-1,-0.4931028,7.3956537,Supporting cells,12
CCTAACCGTACGAGCA-1-1,-3.0820563,11.65695,Macrophages/Microglia,12
CCTAACCGTCGCTTAA-1-1,3.573947,7.6741652,Supporting cells,12
CCTAACCTCCTGTACC-1-1,1.9731596,3.3943021,Supporting cells,12
CCTAACCTCTCAACCC-1-1,10.095458,5.578549,Supporting cells,12
CCTAAGAAGCCATTTG-1-1,-1.9577944,5.30845,Supporting cells,12
CCTAAGAGTCAACCAT-1-1,-0.029428137,2.6283598,Supporting cells,12
CCTAAGAGTTGCATCA-1-1,-0.87333107,-0.60857445,Supporting cells,12
CCTACGTAGCAATTCC-1-1,-1.5134324,2.6277213,Supporting cells,12
CCTACGTCACGATTCA-1-1,6.171002,4.065045,Supporting cells,12
CCTACGTTCGTGCAGC-1-1,3.4672704,9.47928,Supporting cells,12
CCTATCGAGCCTCAGC-1-1,-1.7374203,3.0709054,Supporting cells,12
CCTATCGAGCGTCTGC-1-1,-1.6090751,5.055581,Supporting cells,12
CCTATCGGTCAGCGTC-1-1,3.360833,5.168516,Supporting cells,12
CCTATCGTCAAGCCAT-1-1,-6.3908954,4.3520856,Fibrocytes,12
CCTATCGTCTATGCCC-1-1,1.6205847,1.3981113,Supporting cells,12
CCTCAACAGCTGAGTG-1-1,3.5327728,0.09606174,Glia/Schwann,12
CCTCAACAGGACACTG-1-1,7.9667354,5.186631,Supporting cells,12
CCTCAACAGTTGCCCG-1-1,-4.3660083,5.470103,Fibrocytes,12
CCTCAACTCCGATGTA-1-1,1.2763975,1.9727893,Supporting cells,12
CCTCAACTCCTGCTAC-1-1,2.084964,7.1675396,Supporting cells,12
CCTCACACAAATTAGG-1-1,7.896082,6.2575274,Supporting cells,12
CCTCACATCCCAAGCG-1-1,-4.939715,4.9020066,Fibrocytes,12
CCTCACATCTCCTGAC-1-1,3.0010755,10.130665,Supporting cells,12
CCTCAGTAGCAGCCCT-1-1,-0.7004695,1.4884013,Supporting cells,12
CCTCAGTAGGCCTAGA-1-1,-1.1865482,5.2109065,Supporting cells,12
CCTCAGTAGTTACGTC-1-1,-0.23902346,2.9775617,Supporting cells,12
CCTCAGTCAAGGATGC-1-1,2.3622735,6.1849227,Supporting cells,12
CCTCAGTGTAGCTTAC-1-1,-7.393421,4.6949196,Fibrocytes,12
CCTCAGTGTCACTTCC-1-1,-1.2540741,8.545916,Supporting cells,12
CCTCAGTGTTCGTGCG-1-1,-0.4562093,-1.3033152,Supporting cells,12
CCTCAGTGTTGGGACA-1-1,-0.75290394,7.407297,Supporting cells,12
CCTCATGAGATTCGAA-1-1,6.6115103,6.075189,Supporting cells,12
CCTCATGCAGTAACGG-1-1,-0.82157886,1.8620076,Supporting cells,12
CCTCATGGTATTCCTT-1-1,-0.40117913,0.966685,Supporting cells,12
CCTCCAAAGACATAAC-1-1,4.888113,7.246451,Supporting cells,12
CCTCCAAAGTCATTGC-1-1,0.2225322,13.494076,Fibrocytes,12
CCTCCAAGTCTTGAGT-1-1,0.67942655,8.347864,Supporting cells,12
CCTCCAATCTCCGAGG-1-1,0.92752844,8.133058,Supporting cells,12
CCTCCTCAGAGCATAT-1-1,-3.0407915,2.246639,Supporting cells,12
CCTCCTCCATCGCTGG-1-1,5.6650524,6.3186913,Supporting cells,12
CCTCCTCCATGGGATG-1-1,5.264753,4.6444087,Supporting cells,12
CCTCCTCGTGGAACCA-1-1,6.154238,8.77418,Supporting cells,12
CCTCCTCGTTTACGTG-1-1,4.6999316,11.098049,Supporting cells,12
CCTCCTCTCACTTATC-1-1,6.788993,3.9203455,Supporting cells,12
CCTCCTCTCGTTAGAC-1-1,6.99007,2.3129408,Outer hair cells,12
CCTCTAGAGACCCTTA-1-1,2.4544563,9.70824,Supporting cells,12
CCTCTAGAGTGGTTGG-1-1,-5.461724,5.182752,Fibrocytes,12
CCTCTAGCACCTGCAG-1-1,6.292025,6.4713917,Glia/Schwann,12
CCTCTAGCAGTTGCGC-1-1,-0.043683924,1.0327536,Supporting cells,12
CCTCTAGGTCTTACAG-1-1,8.898994,6.4520636,Supporting cells,12
CCTCTCCAGATGAATC-1-1,-6.468103,4.275267,Fibrocytes,12
CCTCTCCAGCAATTCC-1-1,7.7281384,6.1000915,Supporting cells,12
CCTCTCCAGGTAGACC-1-1,0.6432319,0.89671206,Supporting cells,12
CCTCTCCCAGACCAAG-1-1,6.870669,8.534216,Glia/Schwann,12
CCTCTCCCATATTCGG-1-1,2.9170594,10.8929615,Supporting cells,12
CCTCTCCCATGCACTA-1-1,2.2770202,12.490534,Fibrocytes,12
CCTCTCCGTATCAGGG-1-1,-2.6452332,9.690619,Macrophages/Microglia,12
CCTCTCCGTTTGTTGG-1-1,-1.885857,3.4056957,Supporting cells,12
CCTCTCCTCCTCTTTC-1-1,0.028196324,1.2219634,Supporting cells,12
CCTGCATAGGCAGGGA-1-1,4.5855575,9.058772,Supporting cells,12
CCTGCATAGTTACTCG-1-1,-0.025429878,6.4362693,Supporting cells,12
CCTGCATCAAATGCTC-1-1,3.133649,3.9541283,Supporting cells,12
CCTGCATCAATGAAAC-1-1,3.146537,1.5184116,Glia/Schwann,12
CCTGCATCACATTCTT-1-1,-2.796986,4.0077267,Supporting cells,12
CCTGCATCATATCTCT-1-1,-1.2142911,8.223901,Supporting cells,12
CCTGCATGTAACTGCT-1-1,1.7382783,3.460131,Supporting cells,12
CCTGCATGTCTTGCGG-1-1,6.948782,2.3592303,Outer hair cells,12
CCTGCATGTGGGAGAG-1-1,-0.8155923,2.7481835,Supporting cells,12
CCTGCATTCCTTCACG-1-1,-2.0588613,0.5541705,Supporting cells,12
CCTGTTGAGGGACAGG-1-1,8.240289,8.876116,Glia/Schwann,12
CCTGTTGAGGGTACAC-1-1,0.079991035,0.31648597,Supporting cells,12
CCTGTTGAGGTTCAGG-1-1,-0.2700354,2.9488475,Supporting cells,12
CCTGTTGCAAGAGAGA-1-1,-2.44647,-2.0276296,Supporting cells,12
CCTGTTGCACTTCCTG-1-1,0.49893683,1.9465159,Supporting cells,12
CCTGTTGGTACAAAGT-1-1,3.6645253,2.5843072,Fibrocytes,12
CCTGTTGGTTGACTGT-1-1,-0.4657742,4.005192,Supporting cells,12
CCTTCAGCAACACGTT-1-1,7.0515604,5.974096,Supporting cells,12
CCTTCAGCACCGCTGA-1-1,-2.9803405,4.2217374,Supporting cells,12
CCTTCAGCAGTCAGCC-1-1,-3.009311,3.8247054,Supporting cells,12
CCTTCAGGTTTCCAAG-1-1,7.661669,8.976539,Glia/Schwann,12
CCTTGTGAGGAGGGTG-1-1,6.758303,8.88063,Glia/Schwann,12
CCTTGTGAGGGAGGTG-1-1,0.5358792,12.05951,Fibrocytes,12
CCTTGTGCAATGACCT-1-1,-2.4711053,-1.374753,Supporting cells,12
CCTTGTGCACGGCGTT-1-1,0.52032375,4.4590297,Supporting cells,12
CCTTGTGTCAAGATAG-1-1,6.0981183,9.147803,Supporting cells,12
CCTTGTGTCGGATAAA-1-1,1.0324963,10.7287445,Fibrocytes,12
CCTTTGGAGAAACTCA-1-1,-2.8068254,11.7103815,Macrophages/Microglia,12
CCTTTGGAGGGCAATC-1-1,1.696024,12.638859,Fibrocytes,12
CCTTTGGAGTTTAGGA-1-1,1.9899771,3.7217865,Supporting cells,12
CCTTTGGCACACCGAC-1-1,0.6235908,10.373645,Supporting cells,12
CCTTTGGGTATTAAGG-1-1,-0.23505601,1.7080754,Supporting cells,12
CCTTTGGTCCACACCT-1-1,0.80944216,13.3218775,Fibrocytes,12
CCTTTGGTCGATTCCC-1-1,2.8565156,4.641568,Supporting cells,12
CGAAGGAGTAACATAG-1-1,6.6675334,5.9142675,Supporting cells,12
CGAAGGAGTTCGGGTC-1-1,-1.2184932,7.8424206,Supporting cells,12
CGAAGGATCCTCTCTT-1-1,9.338156,5.258931,Supporting cells,12
CGAAGTTCAAACGAGC-1-1,4.373719,10.643363,Supporting cells,12
CGAAGTTCAGTCGGAA-1-1,-2.2253957,-1.7049942,Supporting cells,12
CGAAGTTGTCGGTGAA-1-1,0.39717516,11.666561,Fibrocytes,12
CGAAGTTTCCTTGAAG-1-1,-0.9946971,6.0310597,Supporting cells,12
CGAATTGAGATGCCGA-1-1,0.30906197,4.177247,Supporting cells,12
CGAATTGAGGCACTCC-1-1,-1.4900329,3.523086,Supporting cells,12
CGAATTGCAATGGCCC-1-1,5.1994615,4.649083,Supporting cells,12
CGAATTGCACTGCGTG-1-1,-1.3872193,6.588089,Supporting cells,12
CGAATTGCAGCGACAA-1-1,1.828408,8.635886,Supporting cells,12
CGAATTGCATACATCG-1-1,-1.9019926,10.166886,Macrophages/Microglia,12
CGAATTGGTACTCGTA-1-1,7.7467017,6.224665,Supporting cells,12
CGAATTGGTACTTGTG-1-1,1.1284086,10.209506,Supporting cells,12
CGAATTGTCACCGACG-1-1,-1.7390355,1.7099929,Supporting cells,12
CGACAGCAGCACCGAA-1-1,0.019962912,2.1733196,Supporting cells,12
CGACAGCAGCTCGGCT-1-1,-3.1872702,5.939228,Supporting cells,12
CGACAGCAGTTGAATG-1-1,-1.8694063,2.1190932,Supporting cells,12
CGACAGCGTAGTCACT-1-1,-0.9123493,2.2751017,Supporting cells,12
CGACAGCTCACCCTGT-1-1,7.190294,5.1444454,Supporting cells,12
CGACAGCTCCGTGTGG-1-1,-2.6659625,3.548098,Supporting cells,12
CGACAGCTCGTAACTG-1-1,3.8715954,8.782117,Supporting cells,12
CGAGAAGCACCAATTG-1-1,4.4491796,4.093794,Supporting cells,12
CGAGAAGGTTCGTGCG-1-1,5.3649573,4.337215,Supporting cells,12
CGAGGAAAGCGCTTCG-1-1,8.44635,8.398416,Glia/Schwann,12
CGAGGAACAGTAGAGC-1-1,-2.560441,3.480785,Supporting cells,12
CGAGGAAGTACTCAAC-1-1,7.8353004,4.920053,Supporting cells,12
CGAGGAAGTATCCTTT-1-1,6.8131566,7.215378,Glia/Schwann,12
CGAGGAAGTCTGTAAC-1-1,-2.4955916,2.9680557,Supporting cells,12
CGAGGAATCTTGCGCT-1-1,-2.3160875,5.011387,Supporting cells,12
CGAGGAATCTTGTTAC-1-1,6.571842,9.097602,Glia/Schwann,12
CGAGGCTGTATGCGTT-1-1,-0.7460446,5.2726374,Supporting cells,12
CGAGGCTGTGCATTAC-1-1,3.2482898,9.293435,Supporting cells,12
CGAGGCTGTTCCTACC-1-1,-1.1851509,5.436819,Supporting cells,12
CGAGGCTTCCTCTCGA-1-1,2.1359854,5.0666046,Supporting cells,12
CGAGTGCAGACGCAGT-1-1,6.128552,-0.24365292,Inner hair cells,12
CGAGTGCAGCGTTACT-1-1,-2.2072113,-1.7204529,Supporting cells,12
CGAGTGCAGCTCACTA-1-1,8.544998,0.9481768,Outer hair cells,12
CGAGTGCAGTCCCGAC-1-1,-2.0331633,1.1741799,Supporting cells,12
CGAGTGCCATCCTATT-1-1,1.5332618,9.068777,Supporting cells,12
CGAGTTAAGTAGCCAG-1-1,2.6063912,3.5070493,Supporting cells,12
CGAGTTAAGTGTTCAC-1-1,-1.0946876,2.3212235,Supporting cells,12
CGAGTTACAAGCACCC-1-1,6.7090564,6.8243103,Glia/Schwann,12
CGAGTTACAGTGCGCT-1-1,-0.3667336,-0.4300103,Supporting cells,12
CGAGTTACAGTTGAAA-1-1,6.901781,10.861138,Fibrocytes,12
CGAGTTACATACAGCT-1-1,-6.705732,3.985476,Fibrocytes,12
CGAGTTAGTGGACAGT-1-1,-0.3477427,5.048291,Supporting cells,12
CGAGTTAGTTGATGTC-1-1,-5.3201966,3.9672968,Fibrocytes,12
CGAGTTATCCCATGGG-1-1,-3.4915144,8.817693,Supporting cells,12
CGATCGGAGCGTGAGT-1-1,-2.3540843,-1.166915,Fibrocytes,12
CGATCGGAGCTCGACC-1-1,0.44361407,11.2787,Fibrocytes,12
CGATCGGTCCAATGCA-1-1,-6.3265996,4.3269362,Fibrocytes,12
CGATCGGTCGCAGAGA-1-1,-1.1598058,2.6247485,Supporting cells,12
CGATGCGAGCTCGCAC-1-1,-1.9617563,-0.91198987,Supporting cells,12
CGATGCGGTTATGGTC-1-1,-0.28578964,-0.42582226,Supporting cells,12
CGATGCGGTTCAATCG-1-1,0.93067586,7.501114,Supporting cells,12
CGATGGCAGACTGGGT-1-1,8.055259,8.603752,Glia/Schwann,12
CGATGGCAGCCTGAGA-1-1,5.6534486,4.452206,Supporting cells,12
CGATGGCAGGAAAGAC-1-1,3.4380436,4.178833,Supporting cells,12
CGATGGCCACAAGCAG-1-1,6.656127,7.290522,Glia/Schwann,12
CGATGGCGTCCGGACT-1-1,0.6615838,10.310932,Supporting cells,12
CGATGGCGTTCTAAGC-1-1,2.289834,9.083789,Supporting cells,12
CGATGGCTCACTTATC-1-1,3.2916853,9.884122,Supporting cells,12
CGATGGCTCGTAGGAG-1-1,4.9687576,5.550308,Supporting cells,12
CGCAGGTAGAAAGTCT-1-1,-6.4931803,4.746112,Fibrocytes,12
CGCAGGTCAGCTACCG-1-1,2.8771455,3.450104,Supporting cells,12
CGCAGGTGTCTTGGTA-1-1,-0.80315816,4.103712,Supporting cells,12
CGCAGGTGTTAACAGA-1-1,-1.4487063,4.5661745,Supporting cells,12
CGCAGGTTCTCTTGCG-1-1,5.9758887,1.3410934,Inner hair cells,12
CGCAGGTTCTTCGGAA-1-1,-0.49781686,6.3126345,Supporting cells,12
CGCATAAAGTCCGCGT-1-1,8.754253,5.0865655,Supporting cells,12
CGCATAACATCCGGTG-1-1,10.337254,9.2251625,Glia/Schwann,12
CGCATAATCAGGTAAA-1-1,1.6283194,1.7975267,Supporting cells,12
CGCATAATCGCTGCGA-1-1,-0.084669225,0.98035836,Supporting cells,12
CGCATGGAGACATAAC-1-1,-2.1022553,-0.66305196,Supporting cells,12
CGCATGGGTCCGATCG-1-1,5.565786,-0.3143113,Inner hair cells,12
CGCATGGGTTTAGACC-1-1,0.0061606355,1.9023671,Supporting cells,12
CGCCAGACAACAAGAT-1-1,1.0201876,3.670426,Supporting cells,12
CGCCAGAGTGATAGTA-1-1,-0.5280351,5.9141326,Supporting cells,12
CGCCAGAGTGCCCGTA-1-1,2.6663365,4.1432014,Supporting cells,12
CGCCAGATCGTAACTG-1-1,0.47829628,13.900959,Fibrocytes,12
CGCCAGATCGTTGCCT-1-1,5.4495106,1.5093979,Inner hair cells,12
CGCCATTAGTCACGAG-1-1,1.6961151,7.806119,Supporting cells,12
CGCCATTCAAAGACTA-1-1,4.272741,2.9897945,Supporting cells,12
CGCCATTCACCAGCGT-1-1,0.7932042,11.491284,Fibrocytes,12
CGCCATTGTTCTGACA-1-1,-2.765606,2.4766352,Supporting cells,12
CGCCATTGTTGCTTGA-1-1,-1.4403474,1.4463831,Supporting cells,12
CGCGTGAAGAAGCGCT-1-1,2.4196928,3.5586262,Supporting cells,12
CGCGTGAAGAGCCTGA-1-1,9.443262,5.198077,Supporting cells,12
CGCGTGACAAGAGTGC-1-1,2.9168286,4.1660256,Supporting cells,12
CGCGTGACAATGGGTG-1-1,2.5700994,5.5199656,Supporting cells,12
CGCGTGACACACGTGC-1-1,-1.8284771,-0.044133183,Supporting cells,12
CGCGTGATCCGTAGGC-1-1,-0.3371891,5.342414,Supporting cells,12
CGCGTGATCTTCGGAA-1-1,10.000346,5.4237432,Supporting cells,12
CGGAACCAGAACGTGC-1-1,-0.23629244,2.708079,Supporting cells,12
CGGAACCAGGGATCTG-1-1,-0.27514437,4.5476923,Supporting cells,12
CGGAACCCACACCTTC-1-1,-1.5387893,-1.9878631,Supporting cells,12
CGGAACCGTCACTCTC-1-1,0.15848045,1.1554043,Supporting cells,12
CGGAACCGTGAGTAAT-1-1,-0.79559815,5.6872888,Supporting cells,12
CGGAACCTCGCGGTAC-1-1,2.5862536,9.249323,Supporting cells,12
CGGAATTCAGAGACTG-1-1,-3.3928168,6.3387337,Supporting cells,12
CGGAATTGTAACATCC-1-1,-0.90128344,1.4151039,Supporting cells,12
CGGAATTGTAGGGTAC-1-1,4.920101,3.01566,Supporting cells,12
CGGAATTTCTCGCTCA-1-1,10.5089,5.586543,Supporting cells,12
CGGAATTTCTTAGGAC-1-1,-6.6911845,4.311563,Fibrocytes,12
CGGAATTTCTTGGATG-1-1,1.2916507,2.2047281,Supporting cells,12
CGGACACAGCAAGCCA-1-1,0.203291,2.3494582,Supporting cells,12
CGGACACCAGTAGGAC-1-1,7.941334,3.6601586,Supporting cells,12
CGGACACGTCACCCTT-1-1,1.3899424,1.623584,Supporting cells,12
CGGACACGTTGCGGCT-1-1,3.1136951,4.7103653,Supporting cells,12
CGGACACTCCATTGGA-1-1,-1.6951418,5.22703,Supporting cells,12
CGGACACTCTAGAACC-1-1,5.0797157,6.6632957,Supporting cells,12
CGGAGAAAGACTTAAG-1-1,6.408313,3.991827,Supporting cells,12
CGGAGAACACTTCTCG-1-1,2.8131833,9.0677,Supporting cells,12
CGGAGAACAGGACATG-1-1,0.20861223,1.669825,Supporting cells,12
CGGAGAAGTGGCCCAT-1-1,-0.5619151,7.760692,Supporting cells,12
CGGAGAAGTGTCGATT-1-1,-1.7403367,2.5136924,Supporting cells,12
CGGCAGTCACCATATG-1-1,-5.110175,5.252533,Fibrocytes,12
CGGCAGTGTTGCTCAA-1-1,-1.6953623,0.9913776,Supporting cells,12
CGGCAGTTCTGGAGAG-1-1,4.0279193,2.2309713,Supporting cells,12
CGGGACTAGAACAAGG-1-1,-2.8476543,2.1534188,Supporting cells,12
CGGGACTAGAGGTTTA-1-1,-2.8710964,2.572844,Supporting cells,12
CGGGACTCAGAGAATT-1-1,9.806415,3.2850287,Spiral ganglion neurons,12
CGGGACTCATCAGCAT-1-1,2.3524153,9.12795,Supporting cells,12
CGGGACTGTCTCTCCA-1-1,6.3572383,5.41308,Glia/Schwann,12
CGGGACTGTTATGTCG-1-1,8.007338,1.3447148,Outer hair cells,12
CGGGCATAGAGTCAAT-1-1,1.838,9.708183,Supporting cells,12
CGGGCATCAAGGAGTC-1-1,4.2576237,5.9446473,Supporting cells,12
CGGGCATTCCCGTGAG-1-1,2.9247494,10.366418,Supporting cells,12
CGGGTCAAGACTAGAT-1-1,-1.5054691,9.304897,Supporting cells,12
CGGGTCACACAATCTG-1-1,-2.2522926,3.8277647,Supporting cells,12
CGGGTCACACGACAAG-1-1,-1.3156579,4.646581,Supporting cells,12
CGGGTCACATGCAGGA-1-1,-0.30144477,9.368131,Supporting cells,12
CGGGTCACATGGGCAA-1-1,4.6227474,1.9543926,Supporting cells,12
CGGGTCAGTAATCAGA-1-1,3.7442207,2.780899,Supporting cells,12
CGGGTCATCCTGTAGA-1-1,1.1268109,13.882774,Fibrocytes,12
CGGGTGTCAGTTTCAG-1-1,2.6288345,9.191102,Supporting cells,12
CGGGTGTTCAAGCCCG-1-1,8.822461,8.893211,Glia/Schwann,12
CGGGTGTTCCTCACCA-1-1,-1.41274,0.897524,Supporting cells,12
CGGTCAGCAAGATGTA-1-1,-0.14208168,-0.9274572,Supporting cells,12
CGGTCAGCACTAGGCC-1-1,0.047352236,5.2078347,Supporting cells,12
CGGTCAGGTGTTGACT-1-1,4.3158593,7.660555,Supporting cells,12
CGGTCAGTCATGGTAC-1-1,5.4868054,9.551736,Supporting cells,12
CGGTCAGTCCTCTCTT-1-1,-1.2506593,-0.45500353,Supporting cells,12
CGGTCAGTCGTTAGTG-1-1,-0.23921978,6.930037,Supporting cells,12
CGGTCAGTCTTCTGGC-1-1,-1.0829574,9.020632,Supporting cells,12
CGGTCAGTCTTGGCTC-1-1,0.8011169,12.532933,Fibrocytes,12
CGTAAGTAGGTGGCTA-1-1,4.2568293,4.236536,Supporting cells,12
CGTAAGTCAAGACTGG-1-1,-2.630957,1.9596481,Supporting cells,12
CGTAAGTCACACCGAC-1-1,1.7622621,10.423242,Supporting cells,12
CGTAAGTCATGGAGAC-1-1,1.075813,14.118411,Fibrocytes,12
CGTAAGTCATGTACGT-1-1,3.654334,10.371224,Supporting cells,12
CGTAAGTGTGAGTAAT-1-1,8.48722,8.682469,Glia/Schwann,12
CGTAAGTGTGGGATTG-1-1,-1.266638,4.207291,Supporting cells,12
CGTAAGTGTGTATTGC-1-1,4.449096,1.9533877,Supporting cells,12
CGTAAGTTCCTCTAGC-1-1,-1.0439421,7.8359914,Supporting cells,12
CGTAAGTTCTAGGCAT-1-1,-0.699393,5.6222796,Supporting cells,12
CGTAATGAGCGTTAGG-1-1,0.59999794,13.78478,Fibrocytes,12
CGTAATGAGTCGTTAC-1-1,5.554382,1.351078,Inner hair cells,12
CGTAATGAGTTGAAGT-1-1,-1.806775,6.338429,Supporting cells,12
CGTAATGCACTTGACA-1-1,-4.129468,7.49037,Supporting cells,12
CGTAATGCATGTCTAG-1-1,9.854347,8.512051,Glia/Schwann,12
CGTAATGGTTCCTAAG-1-1,4.9320955,6.326288,Fibrocytes,12
CGTAATGTCCTCACCA-1-1,0.31161436,4.2476673,Supporting cells,12
CGTAGTACACTCATAG-1-1,-1.8681908,-0.23414816,Supporting cells,12
CGTAGTACAGAGGAAA-1-1,-0.340934,2.331311,Supporting cells,12
CGTAGTACAGCTTTCC-1-1,-7.217866,4.1943593,Fibrocytes,12
CGTAGTATCTCAGTCC-1-1,0.29203728,7.995922,Supporting cells,12
CGTAGTATCTCTTAAC-1-1,-7.0903654,5.1638584,Fibrocytes,12
CGTCAAAAGCACTCTA-1-1,6.6888347,10.700181,Fibrocytes,12
CGTCAAAGTAGAATGT-1-1,3.522467,8.742212,Supporting cells,12
CGTCAAATCATCTGTT-1-1,2.3924222,9.80963,Supporting cells,12
CGTCAAATCGGCACTG-1-1,1.0165519,6.4770207,Supporting cells,12
CGTCCATCACTAACGT-1-1,-4.4274044,5.170538,Fibrocytes,12
CGTCCATCACTACACA-1-1,-0.9047666,2.1036277,Supporting cells,12
CGTCCATCAGCATTGT-1-1,0.91716725,2.0998414,Supporting cells,12
CGTCCATGTATGGGAC-1-1,-7.301444,4.4714804,Fibrocytes,12
CGTCCATGTCGTTATG-1-1,7.0035787,10.881089,Fibrocytes,12
CGTCCATGTTGCCGCA-1-1,9.045253,8.611846,Glia/Schwann,12
CGTCCATTCAGTAGGG-1-1,6.3193903,-0.81535363,Inner hair cells,12
CGTCCATTCATCTACT-1-1,-2.936075,11.596674,Macrophages/Microglia,12
CGTCCATTCGTTCTCG-1-1,-0.98836076,1.3786052,Supporting cells,12
CGTGAATAGGAAAGAC-1-1,-1.6786672,1.7965407,Supporting cells,12
CGTGAATAGTTTGGCT-1-1,0.99501115,9.692831,Supporting cells,12
CGTGAATCAACACTAC-1-1,1.1006147,12.807021,Fibrocytes,12
CGTGAATCATCGATGT-1-1,-0.83025134,7.047954,Supporting cells,12
CGTGAATGTCTGTGCG-1-1,-1.2207909,2.3378453,Supporting cells,12
CGTGAATTCCTCTCTT-1-1,3.416254,4.519695,Supporting cells,12
CGTGATAAGAGGCCAT-1-1,0.34320492,2.8645692,Supporting cells,12
CGTGATAAGGAGTACC-1-1,-2.7628825,2.9326403,Supporting cells,12
CGTGATAAGGTCGTGA-1-1,6.1003594,0.7858669,Inner hair cells,12
CGTGATACACTCTCGT-1-1,-0.35319352,4.7027125,Supporting cells,12
CGTGATATCGCCTCTA-1-1,8.492967,2.9313486,Supporting cells,12
CGTGCTTAGCGCACAA-1-1,0.8574396,10.54928,Fibrocytes,12
CGTGCTTAGTCTAGAA-1-1,0.95402014,13.514366,Fibrocytes,12
CGTGCTTCAAATCCCA-1-1,8.514685,6.4783916,Supporting cells,12
CGTGCTTCATTAGGAA-1-1,1.1060932,2.566404,Supporting cells,12
CGTGCTTGTAATCAGA-1-1,4.2503085,8.879116,Supporting cells,12
CGTGTCTAGAACCGCA-1-1,2.6317673,13.557776,Fibrocytes,12
CGTGTCTAGGTGGGTT-1-1,7.7869225,1.8497378,Outer hair cells,12
CGTTAGAAGCTGGCTC-1-1,1.2384017,8.417685,Supporting cells,12
CGTTAGACAAGTATCC-1-1,2.9187036,13.502169,Fibrocytes,12
CGTTAGACACCTGAAT-1-1,7.31152,1.3401188,Outer hair cells,12
CGTTAGACACGTCATA-1-1,1.0760428,2.3423615,Supporting cells,12
CGTTAGAGTCTTCAAG-1-1,-0.49185523,2.32147,Supporting cells,12
CGTTAGATCAAAGAAC-1-1,2.2312403,10.326439,Fibrocytes,12
CGTTCTGAGCAAACAT-1-1,-6.382859,5.01494,Fibrocytes,12
CGTTCTGAGGATACAT-1-1,-4.0757737,4.681631,Fibrocytes,12
CGTTCTGCAAACACCT-1-1,3.8163955,10.384319,Supporting cells,12
CGTTCTGGTGGAGAAA-1-1,6.5868974,9.185055,Glia/Schwann,12
CGTTGGGAGATGCCGA-1-1,-4.077156,4.230545,Fibrocytes,12
CGTTGGGAGGTTGACG-1-1,5.971502,0.043025427,Inner hair cells,12
CGTTGGGCACCCAACG-1-1,0.42013866,3.5379033,Supporting cells,12
CGTTGGGCAGCCGTCA-1-1,5.798498,4.7740946,Supporting cells,12
CGTTGGGTCTCCCATG-1-1,7.4093466,8.612482,Glia/Schwann,12
CGTTGGGTCTTTCAGT-1-1,-1.7821416,-0.7008425,Supporting cells,12
CTAACCCAGGCAATGC-1-1,-1.0176618,5.0571723,Supporting cells,12
CTAACCCAGGCCCGTT-1-1,5.10355,2.3125596,Supporting cells,12
CTAACCCAGTATAGGT-1-1,6.9481683,3.8718815,Supporting cells,12
CTAACCCAGTTAGAAC-1-1,-1.744718,-1.5827698,Supporting cells,12
CTAACCCCAATAGTAG-1-1,-0.7082507,4.55217,Supporting cells,12
CTAACCCCAATTTCCT-1-1,6.9622693,8.749542,Glia/Schwann,12
CTAACCCGTAGCTTGT-1-1,10.613256,2.791028,Spiral ganglion neurons,12
CTAACCCTCATCGACA-1-1,-4.5450892,5.4073963,Fibrocytes,12
CTAACCCTCCCAGGCA-1-1,8.235481,1.0341065,Outer hair cells,12
CTAACCCTCGTTAGAC-1-1,6.747833,8.204539,Glia/Schwann,12
CTAACCCTCTGGAAGG-1-1,0.563453,10.703544,Fibrocytes,12
CTAACTTGTCTTTCTA-1-1,4.8685746,2.0538478,Supporting cells,12
CTAACTTGTGAACTAA-1-1,7.2921333,1.508572,Outer hair cells,12
CTAAGTGAGTCACACT-1-1,6.733966,5.0587115,Supporting cells,12
CTAAGTGCACCAGGTC-1-1,0.36378822,4.728983,Supporting cells,12
CTAAGTGCAGAAGTTA-1-1,1.1791096,13.518531,Fibrocytes,12
CTAAGTGGTTTACCTT-1-1,0.72164863,11.171505,Fibrocytes,12
CTAAGTGTCCTCTGCA-1-1,-0.07272241,5.716469,Supporting cells,12
CTAAGTGTCTAGAACC-1-1,1.4715967,13.175671,Fibrocytes,12
CTACAGACAAATCCCA-1-1,-1.5013698,9.409684,Supporting cells,12
CTACAGAGTCCCAAAT-1-1,-0.013286179,-0.68546945,Supporting cells,12
CTACAGAGTGGTCTAT-1-1,-6.3852005,4.2492642,Fibrocytes,12
CTACAGATCCTCTAAT-1-1,7.02749,5.9849353,Supporting cells,12
CTACAGATCTCGGCTT-1-1,-1.0287691,3.7168987,Supporting cells,12
CTACAGATCTGGACTA-1-1,10.637011,9.463444,Glia/Schwann,12
CTACATTAGTTAGAAC-1-1,2.1149871,8.515112,Supporting cells,12
CTACATTGTTAGGACG-1-1,6.798329,7.7356057,Glia/Schwann,12
CTACATTTCAACTGGT-1-1,10.516302,9.129387,Glia/Schwann,12
CTACATTTCATCACAG-1-1,6.4955587,4.101484,Supporting cells,12
CTACCCAAGTTCGGTT-1-1,6.0021906,-0.533317,Inner hair cells,12
CTACCCACATCTCATT-1-1,1.5581383,0.7006202,Supporting cells,12
CTACCCAGTACACGTT-1-1,0.76456106,1.7276571,Supporting cells,12
CTACCCAGTACACTCA-1-1,0.7530701,10.6474,Fibrocytes,12
CTACCCAGTCATATGC-1-1,-2.2929933,0.08352698,Supporting cells,12
CTACCCAGTGTCCATA-1-1,1.4312932,2.5205576,Supporting cells,12
CTACCCATCACGAACT-1-1,0.28741744,6.401413,Supporting cells,12
CTACCCATCTCCACTG-1-1,1.004076,1.3519554,Supporting cells,12
CTACCTGAGCCATTCA-1-1,5.6863527,10.684998,Supporting cells,12
CTACCTGAGCCTCAAT-1-1,-2.392697,2.188298,Supporting cells,12
CTACCTGCACCTGCGA-1-1,-1.14102,2.9913292,Supporting cells,12
CTACCTGGTCTACAAC-1-1,-3.3984556,4.014431,Fibrocytes,12
CTACCTGGTGCGTCGT-1-1,10.565745,8.964606,Glia/Schwann,12
CTACGGGAGTCACTGT-1-1,-0.89630044,9.155999,Supporting cells,12
CTACGGGCAATGAAAC-1-1,1.4184104,1.2332482,Supporting cells,12
CTACGGGGTATCGTGT-1-1,5.3318872,10.181554,Supporting cells,12
CTACGGGGTCAGACGA-1-1,1.7808584,3.8488104,Fibrocytes,12
CTACGGGGTGAGACCA-1-1,4.7395635,4.561638,Supporting cells,12
CTACGGGGTGAGAGGG-1-1,2.477881,13.308685,Fibrocytes,12
CTACGGGGTTCGTACA-1-1,10.297519,5.4729013,Supporting cells,12
CTACGGGGTTGTGCAT-1-1,5.2015023,4.384328,Supporting cells,12
CTACGGGTCCTTATGT-1-1,1.3871766,1.6204275,Supporting cells,12
CTACTATAGAGCCCAA-1-1,3.2886012,8.538216,Supporting cells,12
CTACTATTCATTGTGG-1-1,-6.4251924,4.781237,Fibrocytes,12
CTAGACACAAGTACCT-1-1,-1.9221445,8.568666,Supporting cells,12
CTAGGTAAGGGTCTTT-1-1,-0.55753434,3.344425,Supporting cells,12
CTAGGTACATAATCCG-1-1,-2.529201,2.7464275,Supporting cells,12
CTAGGTAGTACCACGC-1-1,0.30317667,6.658747,Supporting cells,12
CTATAGGAGAGTAACT-1-1,3.2914884,3.9438403,Supporting cells,12
CTATAGGAGTCAGCCC-1-1,7.189812,9.9786625,Glia/Schwann,12
CTATAGGCACGCTGTG-1-1,-2.5902326,-0.6298349,Supporting cells,12
CTATAGGGTAAGTTGA-1-1,6.399549,4.2808156,Glia/Schwann,12
CTATAGGGTCACCGCA-1-1,-2.0785017,3.9381413,Supporting cells,12
CTATAGGTCGTACCTC-1-1,-1.8936812,-1.4979928,Supporting cells,12
CTATCCGAGATGTTCC-1-1,9.287352,8.874616,Glia/Schwann,12
CTATCCGAGGTCCAGA-1-1,7.4900484,4.9396696,Supporting cells,12
CTATCCGCAACCGCTG-1-1,6.1658797,10.138173,Supporting cells,12
CTATCCGCAATTTCCT-1-1,-1.4632602,1.4465107,Supporting cells,12
CTATCCGCACCTCTAC-1-1,-0.78721505,5.841159,Supporting cells,12
CTATCCGCAGAACTCT-1-1,-0.792123,5.988873,Supporting cells,12
CTATCCGCAGCTTCGG-1-1,-0.81171143,2.7937827,Supporting cells,12
CTATCCGGTAGATTAG-1-1,0.21114561,3.339929,Supporting cells,12
CTATCCGTCTATACTC-1-1,8.348384,8.413318,Glia/Schwann,12
CTATCTAAGAACAAGG-1-1,1.7824792,12.745524,Fibrocytes,12
CTATCTACAATCTGCA-1-1,1.4784209,13.225838,Fibrocytes,12
CTATCTACACGCTTAA-1-1,0.8776148,1.8951224,Supporting cells,12
CTATCTAGTAGCGAGT-1-1,-0.94279474,2.3592207,Supporting cells,12
CTATCTAGTTTACCAG-1-1,-1.9980884,2.5853224,Supporting cells,12
CTATCTAGTTTGAACC-1-1,4.846406,4.3117256,Supporting cells,12
CTATCTATCAACCTCC-1-1,0.5098332,0.09853943,Supporting cells,12
CTATCTATCTACCCAC-1-1,5.2466626,1.0223275,Inner hair cells,12
CTATCTATCTGCTTTA-1-1,0.7133755,3.508144,Supporting cells,12
CTCAACCCAAGCAATA-1-1,2.1103082,3.9290452,Supporting cells,12
CTCAACCTCCTACGGG-1-1,0.6683405,6.8048687,Supporting cells,12
CTCAAGAAGCTAGTTC-1-1,-3.0572462,3.6850421,Supporting cells,12
CTCAAGAAGTAGTCAA-1-1,-1.2273812,0.6492523,Supporting cells,12
CTCAAGAAGTGCCAGA-1-1,0.71917075,5.241724,Supporting cells,12
CTCAAGACAAATGGTA-1-1,-3.40085,2.1945252,Fibrocytes,12
CTCAAGACACGCAAAG-1-1,7.0721965,7.6634345,Glia/Schwann,12
CTCAAGACAGTTGTCA-1-1,1.2510942,2.3768847,Supporting cells,12
CTCAAGACATCACCAA-1-1,-2.8152828,10.112888,Macrophages/Microglia,12
CTCAATTAGACCTCCG-1-1,10.480347,9.428821,Glia/Schwann,12
CTCAATTCACTACAGT-1-1,3.6828651,3.1899607,Supporting cells,12
CTCAATTGTACCCACG-1-1,7.6085534,8.512591,Glia/Schwann,12
CTCAATTGTCTACATG-1-1,5.34692,5.731265,Supporting cells,12
CTCAATTTCCCATAAG-1-1,7.1646,5.198811,Supporting cells,12
CTCAATTTCGGTATGT-1-1,0.2808386,1.6793722,Supporting cells,12
CTCAATTTCTGAACGT-1-1,-2.8697643,2.2805402,Supporting cells,12
CTCACTGAGCAGTACG-1-1,1.145925,2.7054691,Supporting cells,12
CTCACTGAGGTAGCCA-1-1,0.10712251,1.382708,Supporting cells,12
CTCACTGAGTTGTCAC-1-1,0.7086112,12.832712,Fibrocytes,12
CTCACTGCAGCGTTTA-1-1,0.5002906,2.021116,Supporting cells,12
CTCACTGTCGTTCCCA-1-1,-1.5716518,-0.22236334,Supporting cells,12
CTCACTGTCTACCACC-1-1,0.89815855,14.350826,Fibrocytes,12
CTCAGAAAGAAACTGT-1-1,-0.49244642,7.722923,Supporting cells,12
CTCAGAAAGCATATGA-1-1,-1.1070546,8.297352,Supporting cells,12
CTCAGAAAGGCATGGT-1-1,4.6663675,3.0798392,Supporting cells,12
CTCAGAAAGGTTTACC-1-1,0.5766493,1.0016754,Supporting cells,12
CTCAGAACACAAGCCC-1-1,6.8901906,4.828935,Supporting cells,12
CTCAGAACACTGCACG-1-1,-0.8887922,1.816597,Supporting cells,12
CTCAGAACAGGAAGTC-1-1,3.7777853,4.7730036,Supporting cells,12
CTCAGAACATAACTCG-1-1,-1.1367171,1.9022508,Supporting cells,12
CTCAGAAGTAAGTTGA-1-1,9.359208,9.349321,Glia/Schwann,12
CTCAGAAGTAGCTCGC-1-1,3.7166572,8.825355,Supporting cells,12
CTCAGAAGTCCACTCT-1-1,-4.159658,6.725415,Fibrocytes,12
CTCAGAAGTCGTTGGC-1-1,3.9161093,5.0653486,Supporting cells,12
CTCAGAAGTCTTCAAG-1-1,-1.717862,0.28521892,Supporting cells,12
CTCAGAAGTTCGTTCC-1-1,-1.4707859,1.9070936,Supporting cells,12
CTCAGAATCAAACCCA-1-1,2.970154,1.4600252,Glia/Schwann,12
CTCAGAATCGCTAGCG-1-1,-4.846094,5.063119,Fibrocytes,12
CTCAGGGAGTTCTCTT-1-1,5.5065336,-0.28904042,Inner hair cells,12
CTCAGGGCACCTTCCA-1-1,1.6792909,3.4325655,Supporting cells,12
CTCAGGGTCACAAGGG-1-1,4.9038167,2.4676728,Supporting cells,12
CTCAGTCGTAACGATA-1-1,-0.49953878,2.2504497,Supporting cells,12
CTCAGTCGTTGCATGT-1-1,5.8513856,6.4186974,Supporting cells,12
CTCAGTCTCAACACGT-1-1,6.020245,7.800617,Supporting cells,12
CTCAGTCTCCTAGCTC-1-1,8.328498,8.652542,Glia/Schwann,12
CTCATCGCACTACCCT-1-1,0.6697445,1.295178,Supporting cells,12
CTCATCGCAGGTCCCA-1-1,6.8388057,10.963867,Fibrocytes,12
CTCATCGCAGTTACCA-1-1,0.99058187,11.917847,Fibrocytes,12
CTCATCGGTCGCGGTT-1-1,0.8525687,10.642908,Supporting cells,12
CTCATGCAGAGTCTTC-1-1,-1.5604796,-1.9390106,Supporting cells,12
CTCATGCAGGATTCCT-1-1,4.4256763,10.773702,Supporting cells,12
CTCATGCAGTACTGGG-1-1,-6.7421894,5.346075,Fibrocytes,12
CTCATGCCAATCGAAA-1-1,-6.3932176,4.34241,Fibrocytes,12
CTCATGCCACCAATTG-1-1,8.838952,6.2942877,Supporting cells,12
CTCATGCCACTTACAG-1-1,0.96685946,6.194102,Supporting cells,12
CTCATGCGTATGAGAT-1-1,-0.67888266,6.9380207,Supporting cells,12
CTCATGCGTCGCCACA-1-1,5.21862,7.830352,Fibrocytes,12
CTCATGCTCCATTGTT-1-1,-1.7367356,5.8991036,Supporting cells,12
CTCATTAAGAAAGCGA-1-1,0.8358408,14.339195,Fibrocytes,12
CTCATTAAGTGTAGTA-1-1,-0.72172445,5.71586,Supporting cells,12
CTCATTACAGGTTTAC-1-1,6.0652437,8.462084,Supporting cells,12
CTCCAACAGGACTGGT-1-1,6.7223544,8.817033,Glia/Schwann,12
CTCCAACAGTTACGGG-1-1,3.3942041,8.641245,Supporting cells,12
CTCCAACCAAGTCCAT-1-1,2.0878475,11.236345,Fibrocytes,12
CTCCAACGTGAAGCTG-1-1,7.9818234,3.4574695,Supporting cells,12
CTCCAACGTGGTTTAC-1-1,-1.1805294,3.6201186,Supporting cells,12
CTCCAACTCCTACCAC-1-1,8.793204,5.04333,Supporting cells,12
CTCCAACTCTTCGACC-1-1,8.880067,8.984463,Glia/Schwann,12
CTCCACAAGAACAAGG-1-1,5.64788,5.085849,Supporting cells,12
CTCCACAGTCACAATC-1-1,7.051566,1.4161227,Outer hair cells,12
CTCCATGAGATCCCGC-1-1,2.1197379,7.013461,Supporting cells,12
CTCCATGGTCTGCAAT-1-1,-5.887988,4.7623053,Fibrocytes,12
CTCCATGGTGCGTTTA-1-1,-0.33376485,2.4094574,Supporting cells,12
CTCCATGTCCTTTAGT-1-1,3.474321,2.8453443,Supporting cells,12
CTCCCAAGTTCTATCT-1-1,4.195864,9.132159,Supporting cells,12
CTCCCAATCCATTTAC-1-1,-1.1991587,1.8823096,Supporting cells,12
CTCCCAATCGTAGGGA-1-1,2.1275697,5.9689617,Supporting cells,12
CTCCCTCAGCATTGTC-1-1,7.1053386,3.7916663,Supporting cells,12
CTCCCTCAGCCTCTTC-1-1,1.9431514,2.5674877,Supporting cells,12
CTCCCTCCAGACATCT-1-1,0.8194809,2.1405606,Supporting cells,12
CTCCCTCCAGACCTAT-1-1,0.94720757,13.717102,Fibrocytes,12
CTCCCTCGTCGTGTTA-1-1,-2.0646806,-1.5263187,Supporting cells,12
CTCCCTCGTTCTCGCT-1-1,-6.1292973,4.55093,Fibrocytes,12
CTCCCTCGTTGCCTAA-1-1,5.999285,2.5904982,Outer hair cells,12
CTCCCTCTCGGCTCTT-1-1,6.4550514,4.413283,Glia/Schwann,12
CTCCCTCTCGTAACAC-1-1,7.4581876,8.172599,Glia/Schwann,12
CTCCGATAGACGAAGA-1-1,9.368232,9.40938,Glia/Schwann,12
CTCCGATAGCCACAAG-1-1,4.5710135,4.4886503,Supporting cells,12
CTCCGATAGGTTCATC-1-1,0.48490593,12.78664,Fibrocytes,12
CTCCGATAGTCTTCCC-1-1,-0.5976527,7.19436,Supporting cells,12
CTCCGATCAATGCAGG-1-1,-1.8756716,1.7228967,Supporting cells,12
CTCCGATCACTTCCTG-1-1,7.1886835,8.882271,Glia/Schwann,12
CTCCGATGTAATGTGA-1-1,1.4331867,12.448159,Fibrocytes,12
CTCCGATGTCAACGCC-1-1,0.34636632,5.0391407,Supporting cells,12
CTCCGATGTCAGGTGA-1-1,1.0820031,10.830692,Fibrocytes,12
CTCCGATGTCCATCTC-1-1,-0.3468835,6.1529336,Supporting cells,12
CTCCGATGTCTCAAGT-1-1,-0.07778394,7.470807,Supporting cells,12
CTCCGATTCAAAGCCT-1-1,-1.1924051,8.564807,Supporting cells,12
CTCCGATTCCGTGGTG-1-1,4.178233,8.467887,Supporting cells,12
CTCCGATTCGCTGTCT-1-1,9.129156,9.249215,Glia/Schwann,12
CTCCGATTCTCGACGG-1-1,7.0137815,10.120566,Glia/Schwann,12
CTCCTCCCAACGACTT-1-1,-4.041072,5.5789657,Supporting cells,12
CTCCTCCCACTCCGAG-1-1,0.9038168,10.884782,Fibrocytes,12
CTCCTCCGTTGCGGAA-1-1,3.3702502,3.1605198,Supporting cells,12
CTCCTCCTCATAAGGA-1-1,1.7719982,6.1903286,Supporting cells,12
CTCCTTTAGAAGGTAG-1-1,6.6488566,2.3221154,Fibrocytes,12
CTCCTTTAGATGCGAC-1-1,3.7805681,5.5718126,Supporting cells,12
CTCCTTTAGTGGCGAT-1-1,-3.292229,10.986612,Macrophages/Microglia,12
CTCCTTTTCCTACGAA-1-1,-4.3879247,4.6632795,Fibrocytes,12
CTCCTTTTCGTTCTCG-1-1,4.082451,8.799237,Supporting cells,12
CTCCTTTTCTCTCGCA-1-1,0.13125035,1.377895,Supporting cells,12
CTCGAGGAGTGCGTCC-1-1,-6.5649457,4.3621197,Fibrocytes,12
CTCGAGGAGTGGAAAG-1-1,-0.6184414,2.6647065,Supporting cells,12
CTCGAGGCACGGTAGA-1-1,0.5590187,1.5203608,Supporting cells,12
CTCGAGGGTCTTCAAG-1-1,1.4836504,1.075589,Supporting cells,12
CTCGAGGGTTCTTGCC-1-1,2.9516068,3.7002127,Supporting cells,12
CTCGAGGTCAATCTTC-1-1,8.21036,8.828367,Glia/Schwann,12
CTCGAGGTCCTCCACA-1-1,-7.031198,4.5572476,Fibrocytes,12
CTCGAGGTCTATTGTC-1-1,0.99847865,13.0210905,Fibrocytes,12
CTCTCAGCAAGCCATT-1-1,-2.8232994,10.800154,Macrophages/Microglia,12
CTCTCAGCATGGGAAC-1-1,-4.4386764,3.8466578,Fibrocytes,12
CTCTCAGGTACTTGTG-1-1,6.094384,2.8684962,Supporting cells,12
CTCTCAGGTTGTTTGG-1-1,-0.46463856,4.777951,Supporting cells,12
CTCTCAGTCACTGAAC-1-1,1.0625026,10.920373,Fibrocytes,12
CTCTCAGTCAGCGCGT-1-1,2.0832214,10.450739,Fibrocytes,12
CTCTCGACAATCTCGA-1-1,5.372948,3.8706696,Supporting cells,12
CTCTCGACAGGTTCGC-1-1,8.488069,2.90083,Supporting cells,12
CTCTCGAGTCTACGTA-1-1,-5.477612,4.606616,Fibrocytes,12
CTCTCGATCACCCTTG-1-1,-0.036442503,5.733873,Supporting cells,12
CTCTCGATCTCATAGG-1-1,9.08735,0.7680996,Outer hair cells,12
CTCTGGTAGAAACTAC-1-1,8.223636,3.1171365,Supporting cells,12
CTCTGGTAGCAGCCCT-1-1,3.684792,10.170927,Supporting cells,12
CTCTGGTAGCCGATCC-1-1,4.8841367,2.8833427,Supporting cells,12
CTCTGGTAGGTTCAGG-1-1,1.9019821,3.3397996,Supporting cells,12
CTCTGGTCAGAACTTC-1-1,-2.8406284,11.167669,Macrophages/Microglia,12
CTCTGGTTCAAGGCTT-1-1,6.181136,6.349082,Supporting cells,12
CTCTGGTTCGGTGAAG-1-1,5.416506,5.6767945,Supporting cells,12
CTGAATGAGCGGGTTA-1-1,3.9471948,11.327219,Supporting cells,12
CTGAATGGTACAAACA-1-1,3.262227,8.940413,Supporting cells,12
CTGAATGTCCTTCAGC-1-1,7.338859,4.5290008,Supporting cells,12
CTGAATGTCTACACAG-1-1,-1.2566671,1.6208669,Supporting cells,12
CTGAATGTCTCGACCT-1-1,4.1966786,5.884847,Supporting cells,12
CTGAGCGAGAGGTCGT-1-1,-3.242037,10.623926,Macrophages/Microglia,12
CTGAGCGAGTTCAACC-1-1,0.13351579,6.932667,Supporting cells,12
CTGAGCGCACATCCCT-1-1,1.1621951,6.5014253,Supporting cells,12
CTGAGCGCAGTCAGTT-1-1,-2.3338916,-1.899575,Supporting cells,12
CTGAGCGCATGCACTA-1-1,0.028489392,3.5799859,Supporting cells,12
CTGAGCGGTCTTAGTG-1-1,6.503433,1.823566,Supporting cells,12
CTGAGGCAGGAGTCTG-1-1,7.093916,1.8499141,Outer hair cells,12
CTGAGGCAGTGCCTCG-1-1,-1.3495045,3.3735294,Supporting cells,12
CTGAGGCCACCCTTGT-1-1,0.6229045,1.3456206,Supporting cells,12
CTGAGGCGTCAGTCCG-1-1,-1.4216654,4.705781,Supporting cells,12
CTGAGGCTCATGCGGC-1-1,0.47255042,3.1573722,Supporting cells,12
CTGATCCGTTGCATCA-1-1,0.04418341,6.8473573,Supporting cells,12
CTGCAGGCAAAGACTA-1-1,-6.6139235,4.5312595,Fibrocytes,12
CTGCAGGCAACCACAT-1-1,2.1996787,11.867747,Supporting cells,12
CTGCAGGCACCTCAGG-1-1,-5.859253,4.442132,Fibrocytes,12
CTGCAGGGTCGTACTA-1-1,-4.092931,5.44483,Supporting cells,12
CTGCAGGGTGTATACC-1-1,0.6106145,7.6574,Supporting cells,12
CTGCATCAGCGCCCAT-1-1,-2.30106,-0.9665825,Supporting cells,12
CTGCATCAGGAGGTTC-1-1,10.355973,5.4931273,Supporting cells,12
CTGCATCAGTAGAATC-1-1,-0.2667906,5.460124,Supporting cells,12
CTGCATCCAGCTGAGA-1-1,4.0609674,8.92047,Supporting cells,12
CTGCATCGTATCGGTT-1-1,2.0853467,2.9993873,Supporting cells,12
CTGCATCGTGCAAGAC-1-1,4.6908016,11.37514,Supporting cells,12
CTGCATCGTTGCTAGT-1-1,-0.4077101,5.038556,Supporting cells,12
CTGCATCTCTAGCCTC-1-1,-2.5415719,-1.7324791,Supporting cells,12
CTGCATCTCTTCCCAG-1-1,-0.63688385,6.299211,Supporting cells,12
CTGCCATAGAATCGAT-1-1,-0.9686999,-0.37829888,Supporting cells,12
CTGCCATAGCGTGAAC-1-1,5.190591,8.167443,Supporting cells,12
CTGCCATGTCAACACT-1-1,3.272229,3.417476,Supporting cells,12
CTGCCTAAGCCATATC-1-1,3.713301,10.173341,Supporting cells,12
CTGCCTAAGCCGATCC-1-1,2.472548,7.062788,Supporting cells,12
CTGCCTAAGCCGTTAT-1-1,4.2364697,-1.9784288,Supporting cells,12
CTGCCTACAAGAGGCT-1-1,6.8544326,4.914471,Supporting cells,12
CTGCCTACACCAGACC-1-1,-0.65694165,1.9365044,Supporting cells,12
CTGCCTAGTGAGCCAA-1-1,0.8824484,1.4883131,Supporting cells,12
CTGCCTATCACGTCCT-1-1,-0.46248198,7.784676,Supporting cells,12
CTGCGAGAGACCACGA-1-1,3.6820657,0.16671027,Glia/Schwann,12
CTGCGAGAGACTTCGT-1-1,7.2243443,7.385422,Glia/Schwann,12
CTGCGAGAGAGGATCC-1-1,2.788536,13.244693,Fibrocytes,12
CTGCGAGAGCGTTAGG-1-1,3.2009528,1.5607029,Glia/Schwann,12
CTGCGAGAGGTCATTC-1-1,2.1612732,8.915006,Supporting cells,12
CTGCGAGAGTAATACG-1-1,-7.2907233,4.536917,Fibrocytes,12
CTGCGAGAGTTAACGA-1-1,0.7112444,4.570999,Supporting cells,12
CTGCGAGGTCAAATCC-1-1,2.409243,5.7757926,Supporting cells,12
CTGCGAGGTCTCACGG-1-1,3.9742272,2.6667683,Supporting cells,12
CTGCGAGGTGCAAGAC-1-1,0.63743037,11.353936,Fibrocytes,12
CTGCGAGGTGCCTTTC-1-1,3.341334,8.62867,Supporting cells,12
CTGCGAGTCACCGACG-1-1,0.87666065,4.036077,Supporting cells,12
CTGCGAGTCATTGTTC-1-1,-1.1876659,6.111677,Supporting cells,12
CTGCGAGTCCTTGAAG-1-1,8.026491,1.3301666,Outer hair cells,12
CTGCTCAAGAGGCCAT-1-1,2.5999506,6.751094,Supporting cells,12
CTGCTCAGTCTACAAC-1-1,2.4865866,9.02027,Supporting cells,12
CTGCTCAGTCTCGGAC-1-1,0.38853186,4.254864,Supporting cells,12
CTGCTCATCGCATAGT-1-1,6.227067,9.601102,Supporting cells,12
CTGCTCATCTTGAGCA-1-1,9.29016,6.811166,Supporting cells,12
CTGGACGAGCGCGTTC-1-1,4.8174295,2.6300876,Supporting cells,12
CTGGACGAGTAAGACT-1-1,0.77115566,1.8211735,Supporting cells,12
CTGGACGCAAGACAAT-1-1,2.7163994,9.053551,Supporting cells,12
CTGGACGGTCTTACTT-1-1,0.69076025,10.691024,Fibrocytes,12
CTGGACGGTTCTTCAT-1-1,-6.52297,4.1030436,Fibrocytes,12
CTGGACGTCATGCGGC-1-1,-0.7259949,5.169653,Supporting cells,12
CTGGCAGCACAGTATC-1-1,-2.919196,6.538994,Supporting cells,12
CTGGCAGGTAATTGGA-1-1,-1.630786,1.7729498,Supporting cells,12
CTGGCAGGTTGCTCCT-1-1,-1.6155797,0.601242,Supporting cells,12
CTGGCAGGTTGCTTGA-1-1,0.8988773,4.260499,Supporting cells,12
CTGGTCTAGCTCCACG-1-1,-1.086208,5.135606,Supporting cells,12
CTGGTCTAGGACAACC-1-1,10.397778,9.097852,Glia/Schwann,12
CTGGTCTCAGCAATTC-1-1,0.943935,4.21863,Supporting cells,12
CTGGTCTCATCACAGT-1-1,-1.2980734,5.345537,Supporting cells,12
CTGGTCTCATGAGAAT-1-1,2.931428,10.539955,Supporting cells,12
CTGGTCTGTATACCTG-1-1,2.6913977,4.0539865,Supporting cells,12
CTGGTCTTCCAACCAA-1-1,10.021388,0.629413,Outer hair cells,12
CTGGTCTTCGTCAACA-1-1,-1.144269,6.3037004,Supporting cells,12
CTGTACCAGATCACCT-1-1,2.5937204,12.960905,Fibrocytes,12
CTGTACCAGTCCGTCG-1-1,-0.4362552,2.057105,Supporting cells,12
CTGTACCCAGCGCTTG-1-1,5.7967224,1.8351717,Inner hair cells,12
CTGTACCCAGTGGGTA-1-1,-1.6686593,1.4840375,Supporting cells,12
CTGTACCGTTACGTAC-1-1,-2.2471635,2.094016,Supporting cells,12
CTGTAGAAGGGCGAAG-1-1,-1.0752481,3.3326395,Supporting cells,12
CTGTAGAGTTAACAGA-1-1,1.0879759,1.188344,Supporting cells,12
CTGTAGATCTGGCTGG-1-1,-0.39176524,-0.27706772,Supporting cells,12
CTGTAGATCTTCACGC-1-1,10.377963,9.542612,Glia/Schwann,12
CTGTAGATCTTTCTAG-1-1,-0.38350785,2.4350219,Supporting cells,12
CTGTATTAGCGATGAC-1-1,9.178557,9.352564,Glia/Schwann,12
CTGTATTAGGCAGCTA-1-1,10.705193,2.7621138,Spiral ganglion neurons,12
CTGTATTCAGTTGCGC-1-1,-0.35745427,1.2589232,Supporting cells,12
CTGTATTGTTCCTAGA-1-1,0.10628895,0.26219246,Supporting cells,12
CTGTATTTCTGAGAAA-1-1,8.026566,6.373112,Supporting cells,12
CTGTCGTCAGGTAGTG-1-1,-1.7421165,3.466748,Supporting cells,12
CTGTCGTTCGCTAATG-1-1,3.8399248,6.0295353,Supporting cells,12
CTGTGAAAGATTACCC-1-1,-4.2589517,5.6608768,Supporting cells,12
CTGTGAACAGCTCATA-1-1,3.0961313,3.7591958,Supporting cells,12
CTGTGAACAGTCGCAC-1-1,6.713143,5.1089706,Supporting cells,12
CTGTGAATCACCATCC-1-1,2.2202375,6.5134964,Supporting cells,12
CTGTGAATCGTCCTCA-1-1,-7.0125866,4.4278564,Fibrocytes,12
CTGTGGGAGTTGTACC-1-1,3.512152,4.224422,Supporting cells,12
CTGTGGGCAATACGCT-1-1,3.5079606,2.8886015,Supporting cells,12
CTTACCGAGAGCATAT-1-1,1.6451592,7.1042423,Supporting cells,12
CTTACCGAGGATATGT-1-1,-2.3069847,2.5355203,Supporting cells,12
CTTACCGCACAATTCG-1-1,10.050834,9.436171,Glia/Schwann,12
CTTACCGCACCAGTTA-1-1,-1.7318895,0.5638036,Supporting cells,12
CTTACCGCATCAACCA-1-1,-1.8026118,3.2021515,Supporting cells,12
CTTACCGCATCAGCAT-1-1,2.642671,3.982665,Supporting cells,12
CTTACCGCATGCAGCC-1-1,-0.79198825,7.1436577,Supporting cells,12
CTTACCGGTCCTACAA-1-1,-3.3844771,6.112695,Supporting cells,12
CTTACCGGTGGTCAAG-1-1,0.7471121,10.590383,Supporting cells,12
CTTACCGTCATTCCTA-1-1,1.9687912,4.5991077,Supporting cells,12
CTTACCGTCCGCATAA-1-1,2.0891283,9.7605715,Supporting cells,12
CTTACCGTCGCCGTGA-1-1,6.9388003,2.4879832,Outer hair cells,12
CTTAGGAAGGAAGAAC-1-1,0.92635083,10.817695,Fibrocytes,12
CTTAGGACAGCGACCT-1-1,-0.7138853,5.191667,Supporting cells,12
CTTAGGAGTATCGATC-1-1,1.9016944,4.1078796,Supporting cells,12
CTTAGGATCCCATAAG-1-1,-0.20740922,-1.1326447,Supporting cells,12
CTTAGGATCTCTGACC-1-1,0.7385289,10.4384165,Supporting cells,12
CTTCAATAGAAGAGCA-1-1,-1.7985898,1.5506879,Supporting cells,12
CTTCAATAGACGGTTG-1-1,5.785581,11.133678,Fibrocytes,12
CTTCAATGTAACCCGC-1-1,2.6465948,13.085167,Fibrocytes,12
CTTCAATGTCGCTGCA-1-1,-4.902326,5.8040295,Fibrocytes,12
CTTCAATTCCACGTAA-1-1,3.233955,8.656061,Supporting cells,12
CTTCCGAAGCTCTGTA-1-1,0.91953194,7.372622,Supporting cells,12
CTTCCGAAGGCATGGT-1-1,4.2478695,4.609723,Supporting cells,12
CTTCCGACATCCAATG-1-1,-0.7171784,-0.65903795,Supporting cells,12
CTTCCTTCACAGCATT-1-1,-1.6127207,1.6924841,Supporting cells,12
CTTCCTTGTAGCTGTT-1-1,-7.2429185,4.3630652,Fibrocytes,12
CTTCCTTGTGAGTTTC-1-1,2.1193953,11.872217,Supporting cells,12
CTTCCTTGTGTTTGCA-1-1,-3.4239192,5.498803,Supporting cells,12
CTTCCTTTCAAGCGTT-1-1,-2.4946775,3.6196427,Supporting cells,12
CTTCCTTTCACGATCA-1-1,0.723327,2.9292467,Supporting cells,12
CTTCGGTCAAACTGCT-1-1,6.779379,6.964082,Supporting cells,12
CTTCGGTCAACCACGC-1-1,3.726053,3.878381,Supporting cells,12
CTTCGGTCAAGTACCT-1-1,9.877486,5.2007995,Supporting cells,12
CTTCGGTTCAACGCTA-1-1,2.1319482,3.1233308,Supporting cells,12
CTTCGGTTCCGCACGA-1-1,3.585001,7.95116,Supporting cells,12
CTTCGGTTCTGTGCTC-1-1,-1.7537744,3.4912052,Supporting cells,12
CTTCTAACACTACCCT-1-1,7.0151854,8.4970875,Glia/Schwann,12
CTTCTAACATGCCGAC-1-1,3.558992,6.9873285,Supporting cells,12
CTTCTAACATTGAAAG-1-1,-1.6631218,4.113808,Supporting cells,12
CTTCTAATCTCCGAAA-1-1,2.2035017,3.9793336,Supporting cells,12
CTTCTCTAGCCAGTAG-1-1,-0.2952526,6.82816,Supporting cells,12
CTTCTCTAGCTGAAGC-1-1,-1.2446339,2.4999804,Supporting cells,12
CTTCTCTGTAACTAAG-1-1,-1.0634762,9.077908,Supporting cells,12
CTTCTCTGTACTAAGA-1-1,-2.6388125,2.5292666,Supporting cells,12
CTTCTCTGTTGTTGTG-1-1,4.455704,8.490481,Supporting cells,12
CTTCTCTTCAAGTAAG-1-1,7.498038,5.3688307,Supporting cells,12
CTTGAGACACGACTAT-1-1,-1.3763169,3.7835956,Supporting cells,12
CTTGAGACATGGCCCA-1-1,-0.49739712,9.395936,Supporting cells,12
CTTGAGACATTGAAAG-1-1,7.3222256,1.3334484,Outer hair cells,12
CTTGAGATCAAACTGC-1-1,0.8751516,2.3195853,Supporting cells,12
CTTGAGATCAGCAATC-1-1,0.549769,0.3629634,Supporting cells,12
CTTGAGATCCTGTACC-1-1,0.26287717,4.8538985,Supporting cells,12
CTTGAGATCGACGCTG-1-1,-2.1068783,3.2720003,Supporting cells,12
CTTGAGATCGCCTATC-1-1,2.9813957,5.973026,Supporting cells,12
CTTGATTAGGCCATAG-1-1,-1.0724838,5.8673906,Supporting cells,12
CTTGATTCACAACGCC-1-1,-6.2111573,4.89414,Fibrocytes,12
CTTGATTCACTAACCA-1-1,2.5358448,11.893187,Fibrocytes,12
CTTGATTCAGCAATTC-1-1,6.7340627,4.2385,Supporting cells,12
CTTGATTGTGACTAAA-1-1,-0.6961706,-0.37375543,Supporting cells,12
CTTGATTGTGTCTTCC-1-1,0.9375437,1.5663795,Supporting cells,12
CTTGATTGTTCTCGTC-1-1,-2.4388068,0.6687073,Supporting cells,12
CTTGATTTCGAGCACC-1-1,8.028374,6.2495475,Supporting cells,12
CTTGATTTCTTCCCGA-1-1,-4.9382277,4.814225,Fibrocytes,12
CTTTCAAAGGCTTTCA-1-1,2.7613745,9.968472,Supporting cells,12
CTTTCAAAGTTTGCTG-1-1,-5.7269497,4.8104444,Fibrocytes,12
CTTTCAACAGCGCTTG-1-1,-6.1870313,4.4174886,Fibrocytes,12
CTTTCAAGTATGTCAC-1-1,-2.6949356,0.36572826,Supporting cells,12
CTTTCAAGTCCTCAGG-1-1,-1.5932324,2.8009384,Supporting cells,12
CTTTCAAGTGTCTTAG-1-1,2.2602983,10.900103,Fibrocytes,12
CTTTCAATCACGTAGT-1-1,-3.5098186,5.8979344,Supporting cells,12
CTTTCAATCAGAATAG-1-1,9.215636,3.4229324,Supporting cells,12
CTTTCAATCAGCGCAC-1-1,0.4135689,1.3898721,Supporting cells,12
CTTTCAATCGCCAGTG-1-1,1.1583495,13.092981,Fibrocytes,12
CTTTCGGCACAGTACT-1-1,-1.557308,4.985519,Supporting cells,12
CTTTCGGGTACACGTT-1-1,-1.6700623,3.59624,Supporting cells,12
CTTTCGGGTCTACTGA-1-1,-2.1750038,-0.3106923,Supporting cells,12
CTTTCGGTCAGCTTGA-1-1,4.0022755,9.119386,Supporting cells,12
CTTTCGGTCCACGTAA-1-1,-4.5250273,3.648499,Fibrocytes,12
CTTTCGGTCTGCACCT-1-1,1.4366271,6.3058705,Supporting cells,12
GAAACCTAGAAGCCAC-1-1,-2.5222452,10.282017,Macrophages/Microglia,12
GAAACCTAGGATTCAA-1-1,8.184757,6.5371757,Supporting cells,12
GAAACCTAGTTGCGCC-1-1,1.2979016,3.7702327,Supporting cells,12
GAAACCTCAGCGCGTT-1-1,-0.9433562,6.283124,Supporting cells,12
GAAACCTCATCGGATT-1-1,0.07227064,3.5438836,Supporting cells,12
GAAACCTGTAGAAACT-1-1,-0.4135459,5.98831,Supporting cells,12
GAAACCTGTAGAATGT-1-1,0.7209993,12.462315,Fibrocytes,12
GAAACCTGTAGACGGT-1-1,6.420777,9.105449,Supporting cells,12
GAAACCTGTATGTCAC-1-1,-1.4444284,2.378423,Supporting cells,12
GAAACCTTCCACATAG-1-1,-0.40218794,3.1954782,Supporting cells,12
GAAACCTTCCCATTCG-1-1,6.5071077,7.1653614,Glia/Schwann,12
GAAATGAAGAAACTGT-1-1,-0.38967794,6.499898,Supporting cells,12
GAAATGAAGAGCAACC-1-1,7.9156456,6.381349,Supporting cells,12
GAAATGAGTACCACGC-1-1,-1.0076612,8.236861,Supporting cells,12
GAAATGAGTGGCATCC-1-1,2.5637684,9.182695,Supporting cells,12
GAAATGATCTCAAAGC-1-1,4.205103,11.15208,Supporting cells,12
GAACACTAGAATACAC-1-1,5.98822,2.3771834,Supporting cells,12
GAACACTAGGGACAGG-1-1,1.4173889,8.738302,Supporting cells,12
GAACACTGTCTGCATA-1-1,-0.4251683,6.8157344,Supporting cells,12
GAACACTTCGTCACCT-1-1,0.9375192,10.455438,Supporting cells,12
GAACGTTAGAGAGCAA-1-1,7.3790307,7.669825,Glia/Schwann,12
GAACGTTAGATTAGTG-1-1,0.119609274,5.6612186,Supporting cells,12
GAACGTTAGGAATGTT-1-1,0.63253427,4.698313,Supporting cells,12
GAACGTTAGGGTGGGA-1-1,5.1848226,3.0648618,Supporting cells,12
GAACGTTAGTTCTACG-1-1,0.7308948,10.985996,Fibrocytes,12
GAACGTTCAAATCAGA-1-1,8.807857,8.384692,Glia/Schwann,12
GAACGTTCACGATTCA-1-1,-6.9204035,4.4628415,Fibrocytes,12
GAACGTTGTCATGCAT-1-1,6.4121404,6.2276163,Supporting cells,12
GAACTGTGTTCTTCAT-1-1,1.4975399,13.102956,Fibrocytes,12
GAACTGTTCTCATGGA-1-1,3.2215357,5.3297925,Supporting cells,12
GAAGAATAGAGTGTTA-1-1,7.865577,5.203373,Supporting cells,12
GAAGAATCAAGCGAGT-1-1,-0.35748968,5.313047,Supporting cells,12
GAAGAATCATTCATCT-1-1,2.5248654,5.5345516,Supporting cells,12
GAAGAATGTGACACAG-1-1,1.558611,6.3856277,Supporting cells,12
GAAGAATTCACTGGTA-1-1,0.70316046,2.462842,Supporting cells,12
GAAGAATTCTTGCGCT-1-1,0.014394122,6.881262,Supporting cells,12
GAAGCCCAGACCATAA-1-1,7.878565,5.7098107,Supporting cells,12
GAAGCCCCAATGGCCC-1-1,4.383852,4.815895,Supporting cells,12
GAAGCCCTCCCTCGTA-1-1,0.9784184,8.356323,Supporting cells,12
GAAGCCCTCCGCAACG-1-1,-0.38632694,6.4029627,Supporting cells,12
GAAGCGAAGGGATCAC-1-1,0.93963104,10.386261,Supporting cells,12
GAAGCGAAGTAGCATA-1-1,-0.16268879,5.909047,Supporting cells,12
GAAGCGACAACTCATG-1-1,-4.0656047,3.961228,Fibrocytes,12
GAAGCGATCAAGCCGC-1-1,0.94042957,1.7324154,Supporting cells,12
GAAGGACAGCTTCGTA-1-1,-5.1243386,5.4026203,Fibrocytes,12
GAAGGACAGGAGAATG-1-1,-0.5705789,6.144949,Supporting cells,12
GAAGGACAGGCTATCT-1-1,4.991118,0.6152845,Inner hair cells,12
GAAGGACCACCTGCTT-1-1,6.2642174,8.646934,Glia/Schwann,12
GAAGGACCAGAACGCA-1-1,0.5903709,11.27965,Fibrocytes,12
GAAGGACGTACGGATG-1-1,6.0295763,8.893202,Supporting cells,12
GAAGGACGTCGATTAC-1-1,2.9334464,8.786008,Supporting cells,12
GAAGGACTCGACCCAG-1-1,-2.1704054,-0.13472228,Supporting cells,12
GAAGGACTCTCCGAGG-1-1,-2.1504488,-1.9332463,Supporting cells,12
GAAGGGTGTACGTACT-1-1,5.6415753,-0.100321725,Inner hair cells,12
GAAGGGTTCACCTGGG-1-1,3.6310496,11.731778,Supporting cells,12
GAATAGAAGCACCGTC-1-1,4.342911,3.8296232,Supporting cells,12
GAATAGAAGCGCCTAC-1-1,-1.0989256,4.762116,Supporting cells,12
GAATAGACAAATTGCC-1-1,-1.2687716,3.5966418,Supporting cells,12
GAATAGACAAGATGGC-1-1,8.157257,8.929356,Glia/Schwann,12
GAATAGACACACCTGG-1-1,-0.47474062,6.297927,Supporting cells,12
GAATCACAGGCCACCT-1-1,5.9628606,-0.57186943,Inner hair cells,12
GAATCACAGTGAGGCT-1-1,5.520535,8.598615,Supporting cells,12
GAATCACGTAGCGTAG-1-1,-1.4468983,2.5490735,Supporting cells,12
GAATCACGTGAGCAGT-1-1,-2.0110548,-1.0447569,Supporting cells,12
GAATCACGTGCAGTGA-1-1,3.5086968,6.1452084,Supporting cells,12
GAATCACTCATTGTTC-1-1,-0.6145186,1.5721467,Supporting cells,12
GAATCGTAGGGATCAC-1-1,-0.04824399,0.37397346,Supporting cells,12
GAATCGTCATCTTAGG-1-1,6.7028313,-1.0285615,Inner hair cells,12
GAATCGTCATTGTGCA-1-1,1.5087222,1.5913224,Supporting cells,12
GAATCGTGTCACTTCC-1-1,-1.2523533,5.3104863,Supporting cells,12
GAATCGTTCTCACGAA-1-1,0.8981746,14.315683,Fibrocytes,12
GACACGCAGAGTTGAT-1-1,3.756021,9.903036,Supporting cells,12
GACACGCCAAGACAAT-1-1,-1.1565433,1.9980371,Supporting cells,12
GACACGCCACTAGGTT-1-1,6.8150682,2.5580277,Outer hair cells,12
GACACGCGTCTATGAC-1-1,-1.4540285,3.5667403,Supporting cells,12
GACACGCGTGTGACCC-1-1,5.8070436,6.790256,Supporting cells,12
GACACGCTCAACCCGG-1-1,-1.3188498,3.381107,Supporting cells,12
GACAGCCAGAGAGTGA-1-1,-2.1313627,0.23453121,Supporting cells,12
GACAGCCCAACGCATT-1-1,1.556658,1.5586494,Supporting cells,12
GACAGCCCAGACTGCC-1-1,0.6548541,4.03283,Supporting cells,12
GACAGCCCATAGATCC-1-1,-0.5273,-0.80331737,Supporting cells,12
GACATCAAGCGAGAAA-1-1,8.667932,8.602969,Glia/Schwann,12
GACATCAAGTCATAGA-1-1,-0.74703795,-0.72760075,Supporting cells,12
GACATCACACAGCCAC-1-1,-2.7629123,11.526279,Macrophages/Microglia,12
GACATCAGTGTCCCTT-1-1,3.0622983,6.7291517,Supporting cells,12
GACATCAGTTGTGGAG-1-1,0.07138054,4.1727004,Supporting cells,12
GACATCATCATAGGCT-1-1,3.8733964,7.61866,Supporting cells,12
GACCAATAGGCCTGAA-1-1,10.758496,2.9435275,Spiral ganglion neurons,12
GACCAATAGGTGAGCT-1-1,3.5109599,1.9547225,Supporting cells,12
GACCAATAGTGGACTG-1-1,1.0360259,13.658823,Fibrocytes,12
GACCAATGTAAGGTCG-1-1,-4.3210053,5.1489763,Supporting cells,12
GACCAATGTACAACGG-1-1,0.7465198,14.249876,Fibrocytes,12
GACCAATGTGTAGCAG-1-1,6.8264327,1.9154446,Outer hair cells,12
GACCAATGTTAAGACA-1-1,2.02687,9.002806,Supporting cells,12
GACCAATTCCTTATGT-1-1,1.3198727,7.8734593,Supporting cells,12
GACCCAGAGAAACTCA-1-1,-0.37980017,1.6426209,Supporting cells,12
GACCCAGAGCGTGTTT-1-1,5.9118013,1.4905132,Inner hair cells,12
GACCCAGAGTATAACG-1-1,3.0853062,4.299638,Fibrocytes,12
GACCCAGCAAATCAGA-1-1,1.9472132,11.031354,Fibrocytes,12
GACCCAGCATCTCAAG-1-1,-2.7137713,4.02605,Supporting cells,12
GACCCAGCATGTTACG-1-1,5.2204366,2.5870285,Supporting cells,12
GACCCAGTCAACCCGG-1-1,5.159339,9.617276,Supporting cells,12
GACCCAGTCTGGTTGA-1-1,-0.7281342,6.789526,Supporting cells,12
GACCCTTCAACCGTGC-1-1,0.94693834,13.62336,Fibrocytes,12
GACCCTTCAAGCGATG-1-1,-1.2939823,1.9697914,Supporting cells,12
GACCCTTTCCTGGGTG-1-1,-1.6985283,9.091266,Supporting cells,12
GACCGTGAGTGACCTT-1-1,6.62024,7.0224524,Glia/Schwann,12
GACCGTGCAAATGCGG-1-1,4.365788,3.8283565,Supporting cells,12
GACCGTGCACTGCACG-1-1,11.750177,2.6196313,Spiral ganglion neurons,12
GACCGTGCAGATACTC-1-1,7.5710173,1.5766436,Outer hair cells,12
GACCGTGGTTTCACTT-1-1,3.084773,1.8354154,Supporting cells,12
GACCGTGTCACCACAA-1-1,-2.1695516,0.24889842,Supporting cells,12
GACCGTGTCACCTCGT-1-1,2.5852578,7.824102,Supporting cells,12
GACCGTGTCTACAGGT-1-1,6.8708873,5.1578035,Supporting cells,12
GACCTTCAGCACCAGA-1-1,2.390657,5.4542727,Supporting cells,12
GACCTTCAGCGTTAGG-1-1,-0.58393455,1.120866,Supporting cells,12
GACCTTCCAACGGTAG-1-1,-0.8799315,5.3793817,Supporting cells,12
GACCTTCCAAGAGCTG-1-1,-0.51582617,8.032119,Supporting cells,12
GACGCTGAGCGATGGT-1-1,1.6363145,8.739874,Supporting cells,12
GACGCTGGTCCGGACT-1-1,9.595529,0.91120046,Outer hair cells,12
GACGCTGGTGATACTC-1-1,1.2386739,13.687159,Fibrocytes,12
GACGCTGTCTAGATCG-1-1,-1.7912385,0.8575838,Supporting cells,12
GACGTTATCATCACAG-1-1,-0.28316152,5.634069,Supporting cells,12
GACGTTATCCTCGCAT-1-1,2.4601314,8.565347,Supporting cells,12
GACGTTATCGTAGTCA-1-1,2.6247787,4.064234,Supporting cells,12
GACTATGAGCGGTAAC-1-1,6.0664115,9.1454,Supporting cells,12
GACTATGAGCTGACCC-1-1,5.553516,-0.38673082,Inner hair cells,12
GACTATGAGGCATCTT-1-1,9.193624,9.451061,Glia/Schwann,12
GACTATGCAATTTCTC-1-1,-1.4866343,4.1114316,Supporting cells,12
GACTATGCATGCCGAC-1-1,-2.352097,-1.7040442,Supporting cells,12
GACTCAAAGGGATCAC-1-1,3.2208626,6.549134,Fibrocytes,12
GACTCAAGTAACTAAG-1-1,6.4182644,1.9461446,Outer hair cells,12
GACTCAAGTATGGGAC-1-1,-0.5766741,1.4552132,Supporting cells,12
GACTCAAGTCATTCCC-1-1,5.961123,0.6603431,Inner hair cells,12
GACTCAATCCACGGAC-1-1,-1.5276377,1.6603712,Supporting cells,12
GACTCAATCCATTGGA-1-1,3.6173103,4.2906346,Supporting cells,12
GACTCAATCGGTTGTA-1-1,-1.0799829,5.984975,Supporting cells,12
GACTCAATCTTACACT-1-1,0.1727397,0.50491273,Supporting cells,12
GACTCAATCTTCTGTA-1-1,4.519251,2.6889882,Supporting cells,12
GACTCTCAGCTACTGT-1-1,0.8372669,1.6923873,Supporting cells,12
GACTCTCAGGTACATA-1-1,3.019114,5.20419,Supporting cells,12
GACTCTCCAATTAGGA-1-1,2.820931,3.9827676,Supporting cells,12
GACTCTCGTCAAATCC-1-1,-2.151088,2.3161368,Supporting cells,12
GACTCTCTCCGTTTCG-1-1,4.6935143,2.5141025,Supporting cells,12
GACTCTCTCTGAGCAT-1-1,3.5429485,7.483273,Supporting cells,12
GACTCTCTCTTCGTAT-1-1,-3.3116915,1.7724912,Supporting cells,12
GACTGATCAAGTGGGT-1-1,6.703614,8.653335,Glia/Schwann,12
GACTGATGTGATACTC-1-1,-2.1483362,5.019642,Supporting cells,12
GACTGATTCAAAGCCT-1-1,6.992779,1.5260962,Outer hair cells,12
GACTTCCCAAACACGG-1-1,0.0013461026,6.1559353,Supporting cells,12
GACTTCCCAGGGTCTC-1-1,1.0017632,10.59943,Fibrocytes,12
GACTTCCGTAAGTCAA-1-1,6.298154,4.075965,Glia/Schwann,12
GACTTCCTCAGGAAGC-1-1,-1.5247886,-1.9692794,Supporting cells,12
GACTTCCTCGAGATAA-1-1,2.625648,13.339144,Fibrocytes,12
GAGAAATAGACCATTC-1-1,1.8510464,11.195226,Supporting cells,12
GAGAAATAGATTGCGG-1-1,-1.2270317,2.7773886,Supporting cells,12
GAGAAATAGCAGGTCA-1-1,7.3991637,3.7126267,Supporting cells,12
GAGAAATGTAGTCGGA-1-1,1.8164676,8.58713,Supporting cells,12
GAGAAATGTGTAGCAG-1-1,3.6826344,11.243999,Supporting cells,12
GAGAAATTCCTATTGT-1-1,2.8629491,3.4081638,Supporting cells,12
GAGACCCAGCTCGCAC-1-1,-3.076505,5.657641,Supporting cells,12
GAGACCCAGGTCCAGA-1-1,1.4763963,5.831097,Supporting cells,12
GAGACCCAGTCAACAA-1-1,-0.5772421,0.03899258,Supporting cells,12
GAGACCCCATGTACGT-1-1,-1.6042433,1.51695,Supporting cells,12
GAGACCCGTAGACGGT-1-1,8.924943,5.4341817,Supporting cells,12
GAGACCCGTGTCCATA-1-1,-1.3883592,2.1591387,Supporting cells,12
GAGACCCGTTTGCCGG-1-1,6.9400787,5.1041675,Supporting cells,12
GAGACTTAGCGCCCAT-1-1,-0.0493124,7.5156317,Supporting cells,12
GAGACTTTCTACCTTA-1-1,0.5030619,5.805081,Supporting cells,12
GAGACTTTCTCATTTG-1-1,0.2558384,5.021676,Supporting cells,12
GAGAGGTAGGCCTTCG-1-1,-0.627777,0.76827043,Supporting cells,12
GAGAGGTCAAATGAGT-1-1,5.559125,2.4764254,Supporting cells,12
GAGAGGTCAGGCACAA-1-1,1.2243236,10.131582,Supporting cells,12
GAGAGGTGTAGGAAAG-1-1,2.9915714,5.7163877,Supporting cells,12
GAGAGGTGTGAAAGTT-1-1,-1.6607733,5.5631695,Supporting cells,12
GAGAGGTTCGTCCTCA-1-1,0.902619,12.245483,Fibrocytes,12
GAGAGGTTCTATTCGT-1-1,0.81901187,13.906504,Fibrocytes,12
GAGATGGAGAAAGCGA-1-1,-2.421763,4.390219,Supporting cells,12
GAGATGGAGCCTATTG-1-1,-3.274998,2.6939692,Supporting cells,12
GAGATGGAGGAATGTT-1-1,3.8684988,5.0488443,Supporting cells,12
GAGATGGAGGCTCTAT-1-1,0.5371983,6.711802,Supporting cells,12
GAGATGGCAAGCTGTT-1-1,-0.888949,5.531182,Supporting cells,12
GAGATGGCAAGTGGGT-1-1,7.5234494,3.629903,Supporting cells,12
GAGATGGCATGGTACT-1-1,-2.0702941,-0.869683,Supporting cells,12
GAGATGGGTTCTCCCA-1-1,7.4899054,8.804598,Glia/Schwann,12
GAGATGGTCCAACTGA-1-1,-2.6324704,-0.92798674,Supporting cells,12
GAGCCTGCAGCACACC-1-1,-2.9770122,4.133502,Supporting cells,12
GAGCCTGCAGTTCTAG-1-1,1.1437451,10.742503,Fibrocytes,12
GAGCCTGCATGGAACG-1-1,-1.9299822,2.3811176,Supporting cells,12
GAGCCTGGTGACTCGC-1-1,9.948804,9.241968,Glia/Schwann,12
GAGCCTGGTGAGGAAA-1-1,0.639468,1.9822726,Supporting cells,12
GAGCCTGGTTAGGCCC-1-1,-0.870137,-0.94914,Supporting cells,12
GAGCCTGGTTCGGGTC-1-1,1.4716376,0.9810451,Supporting cells,12
GAGCTGCAGCAATTAG-1-1,-1.2301285,2.7123315,Supporting cells,12
GAGCTGCAGTAGCCAG-1-1,-0.8203396,1.3155707,Supporting cells,12
GAGCTGCGTGATCGTT-1-1,8.159248,4.916604,Supporting cells,12
GAGGCAAAGGGTCTTT-1-1,9.86081,9.3830385,Glia/Schwann,12
GAGGCAACAAGAAACT-1-1,0.7671922,10.681394,Fibrocytes,12
GAGGCAACAGCTGCCA-1-1,9.155001,6.6753907,Supporting cells,12
GAGGCAACATGTGGTT-1-1,-1.5957694,2.469739,Supporting cells,12
GAGGCAAGTACGAAAT-1-1,-1.224282,0.22016545,Supporting cells,12
GAGGCAATCATTACCT-1-1,-6.7066107,5.175878,Fibrocytes,12
GAGGCAATCCATTCGC-1-1,0.74748844,10.175972,Supporting cells,12
GAGGCAATCGTCAAAC-1-1,0.846385,10.557857,Fibrocytes,12
GAGGCAATCTACTTCA-1-1,6.268996,6.9107256,Supporting cells,12
GAGGCAATCTAGTGAC-1-1,1.3874736,1.2534512,Supporting cells,12
GAGGCCTCACCTGATA-1-1,3.4954617,4.4531293,Supporting cells,12
GAGGCCTGTGTCATCA-1-1,-0.7771702,2.0710285,Supporting cells,12
GAGGCCTGTTGACTAC-1-1,4.693193,2.8930109,Supporting cells,12
GAGGGATCAGAGGACT-1-1,-1.662637,5.2011533,Supporting cells,12
GAGGGATCAGGTCAGA-1-1,-7.3038907,4.324238,Fibrocytes,12
GAGGGTAAGAGAGTTT-1-1,0.019448103,1.3064859,Supporting cells,12
GAGGGTAAGATCCAAA-1-1,8.205625,5.699443,Supporting cells,12
GAGGGTAAGTCATAGA-1-1,0.40363705,2.3468344,Supporting cells,12
GAGGGTAGTAACTAAG-1-1,-0.6546748,7.8867373,Supporting cells,12
GAGGGTAGTCGAAACG-1-1,7.0688925,6.0837255,Supporting cells,12
GAGGGTATCTCTAAGG-1-1,-2.993093,3.8110301,Supporting cells,12
GAGTCATAGGTCGCCT-1-1,0.15436272,4.1363225,Supporting cells,12
GAGTCATCAAATGCTC-1-1,8.475828,5.060736,Supporting cells,12
GAGTCATCATAGGCGA-1-1,-1.4574878,2.5618272,Supporting cells,12
GAGTCATGTCGAGCAA-1-1,-0.68305904,3.3052895,Supporting cells,12
GAGTCTAAGCAGCACA-1-1,1.2821934,9.820206,Supporting cells,12
GAGTCTACACCAGTAT-1-1,-2.102387,1.2241931,Supporting cells,12
GAGTCTACATCATTTC-1-1,-1.2736509,1.6358278,Supporting cells,12
GAGTCTAGTCGAAACG-1-1,5.0353436,9.14226,Supporting cells,12
GAGTCTAGTTGCCATA-1-1,5.8788757,9.157678,Supporting cells,12
GAGTCTATCGAATCCA-1-1,7.09334,1.3165448,Outer hair cells,12
GAGTCTATCTCAAAGC-1-1,-0.74388415,0.24934956,Supporting cells,12
GAGTGAGAGACTACGG-1-1,6.1987224,8.71938,Supporting cells,12
GAGTGAGGTCACAATC-1-1,1.4018527,1.1405114,Supporting cells,12
GAGTGAGTCAGACCTA-1-1,0.78935033,4.106228,Supporting cells,12
GAGTGAGTCGCCATAA-1-1,2.7801723,13.142459,Fibrocytes,12
GAGTGTTAGAATCGAT-1-1,-1.2558029,2.1601377,Supporting cells,12
GAGTGTTAGGTAGTAT-1-1,-1.4780598,4.968828,Supporting cells,12
GAGTGTTGTACAGAAT-1-1,9.726629,8.915439,Glia/Schwann,12
GAGTGTTGTTGCTCGG-1-1,5.9154954,7.0533237,Supporting cells,12
GAGTGTTTCACTCGAA-1-1,-1.1108286,3.3313553,Supporting cells,12
GAGTTACCACAGCATT-1-1,-1.2038192,8.36433,Supporting cells,12
GAGTTACCAGACGCTC-1-1,-6.307196,4.089507,Fibrocytes,12
GAGTTACGTGACTGAG-1-1,-1.5297984,3.3543947,Supporting cells,12
GAGTTGTAGAAGCCTG-1-1,-0.44046563,6.651204,Supporting cells,12
GAGTTGTAGTCGGCAA-1-1,9.975069,5.279138,Supporting cells,12
GAGTTGTAGTCTCGTA-1-1,0.35392907,5.3389344,Supporting cells,12
GAGTTGTCACTCCCTA-1-1,0.07402822,2.823819,Supporting cells,12
GAGTTGTGTACAAAGT-1-1,4.010292,3.7690568,Supporting cells,12
GAGTTGTGTGAGACCA-1-1,6.4241824,5.2919364,Supporting cells,12
GAGTTTGAGCATGATA-1-1,2.6588085,3.534295,Supporting cells,12
GAGTTTGAGTCATCGT-1-1,2.9799948,10.141654,Supporting cells,12
GAGTTTGCAATAGAGT-1-1,0.061436385,1.9445783,Supporting cells,12
GAGTTTGCAGACACCC-1-1,6.477848,2.697098,Supporting cells,12
GAGTTTGGTAGTACGG-1-1,6.945546,1.4338652,Outer hair cells,12
GAGTTTGGTTCAATCG-1-1,1.5998828,2.28657,Supporting cells,12
GAGTTTGTCGCATTAG-1-1,-1.3879071,-1.4729178,Supporting cells,12
GATAGAAAGGAACATT-1-1,8.505864,8.947299,Glia/Schwann,12
GATAGAATCGCCAGAC-1-1,-1.6682554,0.4305264,Supporting cells,12
GATAGCTAGCAAATGT-1-1,2.5802712,0.09943861,Supporting cells,12
GATAGCTCAGGTGTGA-1-1,9.516004,8.978007,Glia/Schwann,12
GATAGCTGTAATCAGA-1-1,-4.798632,4.1923203,Fibrocytes,12
GATAGCTGTGCCTTCT-1-1,0.012457407,3.9409103,Supporting cells,12
GATAGCTTCCGAAGGA-1-1,2.0949838,6.842594,Supporting cells,12
GATCACAAGAGTCCGA-1-1,9.561247,9.245846,Glia/Schwann,12
GATCACAAGCTGACAG-1-1,0.8785432,10.251752,Supporting cells,12
GATCACAAGTTGTAGA-1-1,-2.2332077,8.950074,Supporting cells,12
GATCACACACCTGCTT-1-1,-5.6199903,4.552252,Fibrocytes,12
GATCACATCTAGAGCT-1-1,6.920797,3.9418933,Supporting cells,12
GATCAGTGTCTGTGCG-1-1,3.6995113,9.848798,Supporting cells,12
GATCAGTGTTCGGTTA-1-1,-0.8446688,3.269586,Supporting cells,12
GATCAGTTCGGTGAAG-1-1,6.432196,7.605793,Glia/Schwann,12
GATCATGAGGTGCATG-1-1,-2.2144117,9.0020275,Macrophages/Microglia,12
GATCATGCACATGAAA-1-1,2.8253005,6.508336,Supporting cells,12
GATCATGTCCGATAAC-1-1,-0.5904094,6.186734,Supporting cells,12
GATCCCTAGACCTTTG-1-1,-2.108957,5.3047476,Supporting cells,12
GATCCCTAGAGGTCGT-1-1,-1.0376261,0.5869225,Supporting cells,12
GATCCCTCACAGCCTG-1-1,-2.723313,1.6573465,Supporting cells,12
GATCCCTCAGAATCGG-1-1,3.041964,3.6390145,Supporting cells,12
GATCCCTCAGGAATCG-1-1,7.031733,7.622299,Glia/Schwann,12
GATCCCTTCAGACTGT-1-1,-1.2637709,6.2248816,Supporting cells,12
GATCCCTTCTTACCGC-1-1,-0.6852801,2.0503566,Supporting cells,12
GATCGTACACGTCATA-1-1,2.9076788,6.4388413,Supporting cells,12
GATCGTACAGTAACAA-1-1,-0.9199156,2.4508162,Supporting cells,12
GATCGTAGTGACTATC-1-1,1.0085595,12.453332,Fibrocytes,12
GATCGTATCACTTCTA-1-1,-2.5328467,3.3719563,Supporting cells,12
GATCGTATCCACTTCG-1-1,0.16488399,2.7003996,Supporting cells,12
GATCGTATCTGAGAGG-1-1,-1.1622857,-1.143966,Supporting cells,12
GATGACTAGAGCAGAA-1-1,6.0870767,8.764028,Supporting cells,12
GATGACTAGCTCCGAC-1-1,4.195416,4.418667,Supporting cells,12
GATGACTAGTAAATGC-1-1,1.392465,4.1644645,Supporting cells,12
GATGACTGTTGCCGAC-1-1,0.5543572,13.523159,Fibrocytes,12
GATGACTTCCAATCCC-1-1,-2.3205218,1.8456728,Supporting cells,12
GATGACTTCTGTAAGC-1-1,0.20103166,-0.6533555,Supporting cells,12
GATGAGGCACGCGGTT-1-1,0.9390858,13.849081,Fibrocytes,12
GATGAGGTCAGCAGAG-1-1,-1.1619369,4.2627087,Supporting cells,12
GATGATCAGTGCCCGT-1-1,0.8547658,14.204217,Fibrocytes,12
GATGATCCAACACACT-1-1,2.461489,8.973618,Supporting cells,12
GATGCTAAGAGGTCAC-1-1,7.7171683,5.4680843,Supporting cells,12
GATGCTACATCGGTTA-1-1,1.5360365,8.519054,Supporting cells,12
GATGCTAGTAACGATA-1-1,4.252008,10.220211,Supporting cells,12
GATGCTAGTGAATGAT-1-1,2.3995392,12.476773,Fibrocytes,12
GATGCTATCCTCTTTC-1-1,4.8088818,2.142833,Supporting cells,12
GATGCTATCGATGCAT-1-1,-7.0804057,4.5341845,Fibrocytes,12
GATGCTATCGCAGTCG-1-1,5.527337,5.348798,Supporting cells,12
GATGCTATCGCTACGG-1-1,-2.1245544,4.3261757,Supporting cells,12
GATGCTATCGGCATAT-1-1,6.0958524,7.112815,Glia/Schwann,12
GATGGAGAGGCGAAGG-1-1,-2.1251228,2.8480196,Supporting cells,12
GATGGAGAGTGGTGAC-1-1,0.96590054,12.2505045,Fibrocytes,12
GATGGAGCAAGGCGTA-1-1,5.8916373,2.1003036,Supporting cells,12
GATGGAGCAGTTGGTT-1-1,0.9910206,3.9288557,Supporting cells,12
GATGGAGGTACGATTC-1-1,6.1561885,9.588127,Supporting cells,12
GATGGAGGTCGTTGGC-1-1,-0.87890124,4.6226983,Supporting cells,12
GATGGAGGTTCTCCTG-1-1,8.671753,6.1776676,Supporting cells,12
GATGGAGTCAACGCTA-1-1,8.660434,0.6771221,Outer hair cells,12
GATGGAGTCCTACGGG-1-1,-1.2600242,3.0314121,Supporting cells,12
GATGTTGCACAAGCCC-1-1,4.071933,6.0951953,Supporting cells,12
GATGTTGCACGTTCGG-1-1,0.9439101,12.641669,Fibrocytes,12
GATGTTGCACTTGGCG-1-1,6.924479,4.9547505,Supporting cells,12
GATGTTGGTGCTCGTG-1-1,-1.1714271,6.105047,Supporting cells,12
GATGTTGTCGTAACTG-1-1,-2.0131838,8.989494,Macrophages/Microglia,12
GATTCGAAGGCGAACT-1-1,2.7808137,3.7318366,Fibrocytes,12
GATTCGACAGTCCCGA-1-1,-1.5700498,-1.9576025,Supporting cells,12
GATTCGACATAAGCAA-1-1,3.908755,10.214329,Supporting cells,12
GATTCGAGTGCCTACG-1-1,3.1726089,4.039091,Supporting cells,12
GATTCGATCTTTGCGC-1-1,0.21536215,2.3961644,Supporting cells,12
GATTCTTAGCGATGGT-1-1,-0.6150711,4.9214435,Supporting cells,12
GATTCTTAGCGTGAGT-1-1,-2.3184915,-1.3595111,Supporting cells,12
GATTCTTAGCGTTCAT-1-1,7.3687296,4.915158,Supporting cells,12
GATTCTTCAAGACAAT-1-1,-4.3784046,4.804607,Fibrocytes,12
GATTCTTCACAAAGCG-1-1,0.82553893,2.8666337,Supporting cells,12
GATTCTTCACAACATC-1-1,0.06904573,3.7919662,Supporting cells,12
GATTCTTCAGGGAGAG-1-1,0.20191927,4.224343,Supporting cells,12
GATTCTTTCGCGTCGA-1-1,-2.3378448,0.6957681,Supporting cells,12
GATTGGTCAGAGGCAT-1-1,4.953403,9.233209,Supporting cells,12
GATTGGTGTAACAGTA-1-1,-0.040345445,5.667552,Supporting cells,12
GATTGGTGTCCAGCAC-1-1,-3.937196,6.911082,Supporting cells,12
GATTGGTTCGGAGCAA-1-1,3.1921215,6.90317,Fibrocytes,12
GATTTCTAGCACGTCC-1-1,7.0985436,2.5653703,Outer hair cells,12
GATTTCTCAAACGGCA-1-1,-3.3615777,6.1868777,Supporting cells,12
GATTTCTCAGACGCTC-1-1,0.5381909,11.776193,Fibrocytes,12
GATTTCTTCCATTGCC-1-1,2.4633853,3.4103832,Supporting cells,12
GATTTCTTCTCACGAA-1-1,0.46978465,4.546437,Supporting cells,12
GCAACCGCAATGCAAA-1-1,4.779064,4.1625514,Supporting cells,12
GCAACCGCACCGCTAG-1-1,3.632851,3.2850149,Supporting cells,12
GCAACCGCAGACGATG-1-1,6.4360566,3.9604442,Supporting cells,12
GCACATACACCCTTGT-1-1,5.5857773,6.910176,Supporting cells,12
GCACATAGTACCGTGC-1-1,6.484585,-0.8869275,Inner hair cells,12
GCACATATCGTAACTG-1-1,4.0262427,10.890315,Supporting cells,12
GCACGGTAGCCAGTAG-1-1,-0.67721903,2.703695,Supporting cells,12
GCACGGTAGCCGCTTG-1-1,6.293924,4.0056868,Supporting cells,12
GCACGGTCAAACTGCT-1-1,3.2784657,8.63274,Supporting cells,12
GCACGGTGTTGCCTAA-1-1,0.18946962,1.9363767,Supporting cells,12
GCACGTGAGGTCGTAG-1-1,2.2836561,4.2519746,Supporting cells,12
GCACGTGCATCCAACA-1-1,0.9480661,1.2642219,Supporting cells,12
GCACGTGGTCAACATC-1-1,0.7538649,11.913606,Fibrocytes,12
GCACGTGTCCGCAACG-1-1,6.682369,2.38084,Outer hair cells,12
GCACGTGTCTCGCAGG-1-1,3.9206557,5.697273,Supporting cells,12
GCACTAAAGTATTCCG-1-1,7.906374,4.900648,Supporting cells,12
GCACTAAGTTGACTAC-1-1,10.236876,8.792734,Glia/Schwann,12
GCACTAAGTTGTACGT-1-1,0.6484701,13.682627,Fibrocytes,12
GCACTAATCATACGAC-1-1,-3.3841388,4.7585964,Supporting cells,12
GCAGCCAAGAGGTCGT-1-1,4.1982465,6.560022,Supporting cells,12
GCAGCCAAGTCCCGAC-1-1,-6.6143312,4.551156,Fibrocytes,12
GCAGCCACAACGATTC-1-1,-0.6984698,5.420578,Supporting cells,12
GCAGCCACACAGTCGC-1-1,1.4301207,11.235854,Fibrocytes,12
GCAGCCACAGGGTCTC-1-1,-1.7470374,3.560534,Supporting cells,12
GCAGCCAGTTATGTCG-1-1,-1.8747113,10.144325,Macrophages/Microglia,12
GCAGCCATCATTCGTT-1-1,5.7053666,-0.37543157,Inner hair cells,12
GCAGCCATCGTAGTCA-1-1,0.9224737,2.639817,Supporting cells,12
GCAGCCATCTTAATCC-1-1,4.3809333,10.456105,Supporting cells,12
GCAGCTGAGAGAGGGC-1-1,5.540919,4.2491517,Supporting cells,12
GCAGCTGAGTCTACCA-1-1,5.4931545,1.8196766,Inner hair cells,12
GCAGCTGCAACACACT-1-1,3.615913,1.9255385,Supporting cells,12
GCAGCTGCACTGAGTT-1-1,-3.7619967,6.572728,Supporting cells,12
GCAGCTGTCCGTTGGG-1-1,-0.3020341,6.445331,Supporting cells,12
GCAGCTGTCGGCTCTT-1-1,-3.4542758,5.8520503,Supporting cells,12
GCAGGCTAGTCCCAAT-1-1,-1.70268,2.4484842,Supporting cells,12
GCAGGCTCATGTTACG-1-1,-0.40742883,7.004744,Supporting cells,12
GCAGGCTGTCACTTAG-1-1,-0.7527564,1.8678759,Supporting cells,12
GCAGGCTGTTAGAAGT-1-1,-0.07644805,6.379105,Supporting cells,12
GCAGGCTTCTAAACGC-1-1,1.0362732,14.158052,Fibrocytes,12
GCAGGCTTCTCAAAGC-1-1,6.704773,5.2503386,Supporting cells,12
GCAGTTAAGCGTCAAG-1-1,0.7339408,2.580296,Supporting cells,12
GCAGTTAAGTAGACAT-1-1,-1.3176461,2.0814848,Supporting cells,12
GCAGTTACACAACGTT-1-1,-0.5181565,2.9036846,Supporting cells,12
GCAGTTAGTGGGACAT-1-1,5.8665605,1.3232456,Inner hair cells,12
GCAGTTAGTTCCGTTC-1-1,8.936518,0.7115373,Outer hair cells,12
GCAGTTATCCGGACGT-1-1,-1.0511099,5.431675,Supporting cells,12
GCAGTTATCCTGATAG-1-1,-1.7248267,2.6089299,Supporting cells,12
GCAGTTATCTCTCTAA-1-1,5.03937,0.6969535,Inner hair cells,12
GCAGTTATCTTGTGCC-1-1,-2.2741067,0.23425208,Supporting cells,12
GCATCGGAGATAACAC-1-1,-2.1641028,7.618364,Supporting cells,12
GCATCGGAGGTCATTC-1-1,-1.6528269,1.4987565,Supporting cells,12
GCATCGGGTCACTCGG-1-1,-1.2615792,4.879087,Supporting cells,12
GCATCGGGTGGCGCTT-1-1,-0.17964213,2.6484952,Supporting cells,12
GCATCGGGTTGTGGAG-1-1,0.6653528,11.827436,Fibrocytes,12
GCATCGGTCGATTGGT-1-1,5.204886,0.24911189,Inner hair cells,12
GCATCGGTCTAAGCCA-1-1,0.226742,0.784481,Supporting cells,12
GCATCGGTCTAGCCTC-1-1,-3.2196553,3.1652415,Fibrocytes,12
GCATCTCCACAGAAGC-1-1,1.5168715,4.6013894,Supporting cells,12
GCATCTCCAGATGCGA-1-1,-1.1797148,1.4738512,Supporting cells,12
GCATCTCGTCACCGCA-1-1,-2.2019389,10.234114,Macrophages/Microglia,12
GCATCTCGTGGTCCGT-1-1,5.1401653,1.94197,Inner hair cells,12
GCATCTCGTTTCACAG-1-1,-0.38426584,5.1602325,Supporting cells,12
GCATCTCTCCCTCTCC-1-1,1.1740324,8.779641,Supporting cells,12
GCATCTCTCTGGTCAA-1-1,9.779734,5.0858893,Supporting cells,12
GCATGATGTCTCTCTG-1-1,-0.8059674,2.9546351,Supporting cells,12
GCATGATTCCGTAATG-1-1,6.7546883,3.9361029,Supporting cells,12
GCATTAGCACGGAAGT-1-1,-2.4334626,2.9590206,Supporting cells,12
GCATTAGCATGTGCCG-1-1,2.6213717,3.2312658,Supporting cells,12
GCATTAGTCTGTACAG-1-1,9.978543,9.6335125,Glia/Schwann,12
GCCAACGAGAGGTTTA-1-1,2.977177,9.815374,Supporting cells,12
GCCAACGGTATCTTCT-1-1,2.0959442,3.572332,Supporting cells,12
GCCAACGGTCCAGCGT-1-1,5.5464787,4.6321144,Supporting cells,12
GCCAACGGTGATAGAT-1-1,0.8237726,1.0787632,Supporting cells,12
GCCAACGGTGTGAATA-1-1,10.033967,0.62459224,Outer hair cells,12
GCCAACGTCTTACCGC-1-1,4.8408985,9.272545,Supporting cells,12
GCCAACGTCTTCCACG-1-1,7.1432643,7.601802,Glia/Schwann,12
GCCAGCAAGGGAGAAT-1-1,0.023221167,2.148031,Supporting cells,12
GCCAGCACAATTGCTG-1-1,8.380882,0.6735505,Outer hair cells,12
GCCAGCACAGCGACAA-1-1,-3.3039086,11.175172,Macrophages/Microglia,12
GCCAGCACATCGAGCC-1-1,4.0756917,7.077029,Supporting cells,12
GCCAGCAGTTGTGTTG-1-1,-2.0196908,3.6047935,Supporting cells,12
GCCAGGTAGACCAGCA-1-1,0.8931377,2.6070318,Supporting cells,12
GCCAGGTAGGACATCG-1-1,5.9464817,8.9053135,Supporting cells,12
GCCAGGTAGTGTCATC-1-1,-0.9571647,4.9585195,Supporting cells,12
GCCAGGTAGTTCCGGC-1-1,-1.5964564,2.1187992,Supporting cells,12
GCCAGGTGTCTTCAAG-1-1,9.843701,9.0745125,Glia/Schwann,12
GCCAGGTGTGAGGATC-1-1,-0.46431586,6.327899,Supporting cells,12
GCCAGGTTCAGACATC-1-1,1.7473419,12.137207,Fibrocytes,12
GCCAGTGAGGAAGTGA-1-1,9.126361,8.868973,Glia/Schwann,12
GCCAGTGAGGGAGGTG-1-1,-2.511072,1.8152075,Supporting cells,12
GCCAGTGCACAACCGC-1-1,-0.9807749,8.6277895,Supporting cells,12
GCCAGTGCACATCATG-1-1,-1.1105831,7.77873,Supporting cells,12
GCCAGTGCAGTGTGGA-1-1,-2.305575,2.4475398,Supporting cells,12
GCCAGTGGTCTGTCAA-1-1,9.912,0.7494152,Outer hair cells,12
GCCAGTGTCTACTTCA-1-1,3.4083393,3.1019585,Supporting cells,12
GCCATGGAGCATTTGC-1-1,2.1508563,9.301403,Supporting cells,12
GCCATGGCAACCAACT-1-1,0.93960273,12.429323,Fibrocytes,12
GCCATGGCAATAAGGT-1-1,0.5772405,10.9453945,Fibrocytes,12
GCCATGGCACATATCG-1-1,1.0598533,2.067857,Supporting cells,12
GCCATGGGTCGAGCTC-1-1,1.4696076,13.748055,Fibrocytes,12
GCCATGGGTTTCGTGA-1-1,6.784663,2.6185741,Outer hair cells,12
GCCATGGTCCTATTTG-1-1,-1.0415204,0.19773276,Supporting cells,12
GCCATGGTCGTAACTG-1-1,3.479179,3.2964559,Supporting cells,12
GCCATTCAGCATCTTG-1-1,-2.0615335,4.8256364,Supporting cells,12
GCCATTCCAATGTGGG-1-1,0.96244574,10.2244215,Supporting cells,12
GCCATTCTCACTTTGT-1-1,-0.6694914,2.9038885,Supporting cells,12
GCCATTCTCGAAACAA-1-1,1.5694593,1.7344091,Supporting cells,12
GCCCAGAAGAAGCCTG-1-1,-0.82550657,6.3732176,Supporting cells,12
GCCCAGAAGAGGGTGG-1-1,1.2109668,12.225146,Fibrocytes,12
GCCCAGACAAACGAGC-1-1,8.075278,3.2551603,Supporting cells,12
GCCCAGACAAATGAGT-1-1,4.0988126,1.9314281,Outer hair cells,12
GCCCAGACACACGGTC-1-1,1.0212437,10.355128,Supporting cells,12
GCCCAGACAGGCACAA-1-1,0.5377615,6.3605022,Supporting cells,12
GCCCAGACAGTATGAA-1-1,-1.3469162,1.5682049,Supporting cells,12
GCCCAGATCTGCCCTA-1-1,9.776206,0.82992244,Outer hair cells,12
GCCCGAAAGAGAGCCT-1-1,6.6748166,5.1645503,Supporting cells,12
GCCCGAACATAATCGC-1-1,-0.50852877,4.1774516,Supporting cells,12
GCCCGAACATAGGTAA-1-1,-0.32267416,6.96048,Supporting cells,12
GCCCGAAGTCACTCAA-1-1,7.717546,5.3132734,Supporting cells,12
GCCCGAAGTCTTCGAA-1-1,1.9756575,7.9297233,Supporting cells,12
GCCCGAAGTTCAGCTA-1-1,-0.10708235,4.658229,Supporting cells,12
GCCCGAATCCCATAAG-1-1,8.610385,6.288472,Supporting cells,12
GCCCGAATCCCTCTCC-1-1,-1.9032878,-0.7116636,Supporting cells,12
GCCCGAATCTGCATGA-1-1,6.097795,8.959867,Supporting cells,12
GCCGATGAGACGCTCC-1-1,9.759598,0.90874994,Outer hair cells,12
GCCGATGAGCCTCAAT-1-1,0.53690493,6.113185,Supporting cells,12
GCCGATGCACCTGTCT-1-1,5.376677,10.071577,Supporting cells,12
GCCGATGCATACTGTG-1-1,7.8121734,3.4321404,Supporting cells,12
GCCGATGCATGAGATA-1-1,-2.3618453,1.0754485,Supporting cells,12
GCCGATGGTCGTGATT-1-1,4.023567,7.103698,Supporting cells,12
GCCGTGAAGCGACTTT-1-1,7.542044,3.7856166,Supporting cells,12
GCCGTGAAGCTGAAGC-1-1,-0.10455641,0.22957988,Supporting cells,12
GCCGTGAAGTCGGCCT-1-1,-1.8123984,3.0643966,Supporting cells,12
GCCGTGACAAGGTCGA-1-1,6.5380325,9.021487,Glia/Schwann,12
GCCGTGACACACTGGC-1-1,1.9179053,4.816625,Supporting cells,12
GCCGTGAGTACCACGC-1-1,-3.9415302,5.5939183,Supporting cells,12
GCCGTGAGTGTGTACT-1-1,4.927274,1.588505,Supporting cells,12
GCCTGTTCAAACGGCA-1-1,2.4042954,6.2855735,Supporting cells,12
GCCTGTTCATCTAGAC-1-1,9.593544,5.4148555,Supporting cells,12
GCCTGTTGTATGCTAC-1-1,0.038045507,2.5130339,Supporting cells,12
GCCTGTTGTGGCGTAA-1-1,2.7873635,1.973017,Glia/Schwann,12
GCCTGTTTCACCTGGG-1-1,6.5177226,1.8293705,Supporting cells,12
GCCTGTTTCCGTGTAA-1-1,2.0435178,6.1510305,Supporting cells,12
GCCTGTTTCTTCCCGA-1-1,8.726832,1.5470859,Outer hair cells,12
GCGAGAAAGCGACTAG-1-1,10.369074,5.515815,Supporting cells,12
GCGAGAAAGCTATCTG-1-1,6.9868474,10.678752,Glia/Schwann,12
GCGAGAAAGGAAAGAC-1-1,3.208761,1.212535,Glia/Schwann,12
GCGAGAAAGGCCTTCG-1-1,6.829051,10.357836,Glia/Schwann,12
GCGAGAACATCCGATA-1-1,10.049558,0.6725557,Outer hair cells,12
GCGAGAAGTTAAGTCC-1-1,1.273473,4.9144974,Supporting cells,12
GCGAGAATCATGCCCT-1-1,-2.205272,6.335063,Supporting cells,12
GCGATCGAGCCTCACG-1-1,-0.10999051,3.0392156,Supporting cells,12
GCGATCGCAAGCGAAC-1-1,-2.0547462,1.2683096,Supporting cells,12
GCGATCGCACTAAACC-1-1,0.5314935,0.5470765,Supporting cells,12
GCGATCGCATCTCAAG-1-1,-1.7901996,2.9916897,Supporting cells,12
GCGATCGCATTACGGT-1-1,-0.65554273,6.537926,Supporting cells,12
GCGATCGGTATCGCAT-1-1,3.434725,3.9223561,Supporting cells,12
GCGGAAAAGAAGCTCG-1-1,7.991203,3.734268,Supporting cells,12
GCGGAAAAGCGAAACC-1-1,-0.81149924,0.19037168,Supporting cells,12
GCGGAAAAGCTAAACA-1-1,9.26485,5.2941732,Supporting cells,12
GCGGAAAAGTGAATAC-1-1,1.1352327,10.804824,Fibrocytes,12
GCGGAAACAAGCTGTT-1-1,5.089669,4.5863667,Supporting cells,12
GCGGAAACAAGTGGTG-1-1,-2.4475021,-0.19642521,Supporting cells,12
GCGGAAATCCGCGATG-1-1,8.078789,8.833634,Glia/Schwann,12
GCGGAAATCTGGGCCA-1-1,-2.3940055,10.601626,Macrophages/Microglia,12
GCGGATCAGATGCTGG-1-1,-0.3581895,5.810658,Supporting cells,12
GCGGATCCATACCATG-1-1,5.743861,6.9639554,Glia/Schwann,12
GCGGATCTCACGTCCT-1-1,-0.63383627,6.66023,Supporting cells,12
GCGTGCAAGCGTGAAC-1-1,7.100884,2.3015018,Outer hair cells,12
GCGTGCACATGTGGCC-1-1,5.9637218,4.510379,Supporting cells,12
GCGTGCAGTACAGTCT-1-1,1.6272677,1.673164,Supporting cells,12
GCGTGCAGTCTGTTAG-1-1,-1.9172437,3.6675918,Supporting cells,12
GCGTGCAGTGTATTGC-1-1,2.5587468,11.817395,Fibrocytes,12
GCGTGCATCCCATGGG-1-1,-3.388774,8.7267685,Supporting cells,12
GCGTGCATCGCAATTG-1-1,-1.5769721,1.3600872,Supporting cells,12
GCGTTTCAGTGACACG-1-1,4.6098685,11.0377655,Supporting cells,12
GCGTTTCCACCTGCGA-1-1,-0.65430504,5.70542,Supporting cells,12
GCGTTTCCATCGGAAG-1-1,3.6855543,10.273149,Supporting cells,12
GCGTTTCGTATTGCCA-1-1,-2.1471586,-0.9973696,Supporting cells,12
GCGTTTCGTCACTCTC-1-1,-6.3656106,4.716751,Fibrocytes,12
GCGTTTCGTCTCGCGA-1-1,-5.5177145,4.497212,Fibrocytes,12
GCGTTTCGTGCCCTTT-1-1,-1.6140807,8.147807,Supporting cells,12
GCGTTTCTCAGTAGGG-1-1,6.0176783,-0.33012414,Inner hair cells,12
GCGTTTCTCATCAGTG-1-1,0.5415649,0.6025854,Supporting cells,12
GCGTTTCTCGAGAACG-1-1,0.6957598,4.1696186,Supporting cells,12
GCGTTTCTCGCAAGAG-1-1,4.497181,10.692852,Supporting cells,12
GCTACAACAACCACAT-1-1,-3.0896857,4.143995,Supporting cells,12
GCTACAACAGAGATTA-1-1,1.1110133,2.8958068,Supporting cells,12
GCTACAAGTGGCTGCT-1-1,0.55729556,11.571083,Fibrocytes,12
GCTACAATCCACTTTA-1-1,-0.11615986,1.1292536,Supporting cells,12
GCTACAATCGCTTACC-1-1,-0.48938018,1.9936082,Supporting cells,12
GCTACCTAGCGTCTGC-1-1,6.1473193,9.075904,Supporting cells,12
GCTACCTCACACCTAA-1-1,-2.897014,10.525071,Macrophages/Microglia,12
GCTACCTCACATAGCT-1-1,7.573756,1.1675392,Outer hair cells,12
GCTACCTCATACACCA-1-1,-3.7049432,6.603191,Supporting cells,12
GCTACCTGTCCTCCAT-1-1,-0.5933206,7.0520954,Supporting cells,12
GCTACCTTCAACTCTT-1-1,2.2105937,5.0212007,Supporting cells,12
GCTACCTTCATATGGC-1-1,3.5535865,4.603518,Supporting cells,12
GCTACCTTCGTCTACC-1-1,8.553141,5.0970473,Supporting cells,12
GCTCAAAAGACCACGA-1-1,9.139298,6.7183094,Supporting cells,12
GCTCAAAAGCTAAGTA-1-1,-1.6453015,-0.18550323,Supporting cells,12
GCTCAAAAGGGCTAAC-1-1,-1.0642799,8.47099,Supporting cells,12
GCTCAAAAGTGCGTCC-1-1,0.18162984,3.4221823,Supporting cells,12
GCTCAAAAGTTGTCGT-1-1,3.757942,9.774947,Supporting cells,12
GCTCAAACAAGACGGT-1-1,-1.1256398,1.5743439,Supporting cells,12
GCTCAAACAGTGTATC-1-1,2.0187712,5.0054703,Supporting cells,12
GCTCAAAGTCCCGCAA-1-1,-0.08528786,6.029816,Supporting cells,12
GCTCAAAGTTCCGCAG-1-1,-4.1609726,5.373972,Supporting cells,12
GCTGAATAGACTACCT-1-1,5.3504286,4.595356,Supporting cells,12
GCTGAATAGCCTTTGA-1-1,7.6580114,4.7314563,Supporting cells,12
GCTGAATCACCGTGGT-1-1,1.0410777,6.1656656,Supporting cells,12
GCTGAATGTAGCACAG-1-1,6.484239,-0.95680016,Inner hair cells,12
GCTGAATTCTAGTGTG-1-1,9.552758,8.445133,Glia/Schwann,12
GCTGCAGAGAGCAACC-1-1,-1.5898988,-0.16105102,Supporting cells,12
GCTGCAGAGCACTCTA-1-1,-6.0143313,4.990659,Fibrocytes,12
GCTGCAGAGCCTGAGA-1-1,2.0445018,3.0539966,Supporting cells,12
GCTGCAGAGCGTTACT-1-1,6.871792,8.766021,Glia/Schwann,12
GCTGCAGGTCAGGCAA-1-1,-2.1395757,-1.0905135,Supporting cells,12
GCTGCAGGTCTAATCG-1-1,-0.2516873,1.139674,Supporting cells,12
GCTGGGTAGACCAGCA-1-1,0.9635916,0.85760367,Supporting cells,12
GCTGGGTCAGAGACTG-1-1,-6.625682,5.0783186,Fibrocytes,12
GCTGGGTCATCGCTGG-1-1,2.4486554,8.563612,Supporting cells,12
GCTGGGTTCATACAGC-1-1,-1.9479711,0.33269218,Supporting cells,12
GCTTCACAGAAATTGC-1-1,7.53433,2.1300514,Outer hair cells,12
GCTTCACAGACATATG-1-1,3.0428145,1.6675762,Glia/Schwann,12
GCTTCACAGTTGTCAC-1-1,5.6099057,0.359717,Inner hair cells,12
GCTTCACCACCGGAAA-1-1,-2.5505507,9.953565,Macrophages/Microglia,12
GCTTCACGTCAAAGCG-1-1,3.698676,11.653201,Supporting cells,12
GCTTCACGTGAGACCA-1-1,2.5706232,9.276326,Supporting cells,12
GCTTCACGTGTTGCCG-1-1,1.1978716,8.085382,Supporting cells,12
GCTTCACTCATGGATC-1-1,0.06283716,5.528447,Supporting cells,12
GCTTCACTCTCGAACA-1-1,2.6111157,13.198863,Fibrocytes,12
GCTTGGGAGCCATTGT-1-1,1.2657247,1.8644593,Supporting cells,12
GCTTGGGAGCCGCTTG-1-1,-2.2112505,-0.40863916,Supporting cells,12
GCTTGGGAGCTAGAAT-1-1,0.038402602,1.3770201,Supporting cells,12
GCTTGGGAGTAAACAC-1-1,10.368582,9.590468,Glia/Schwann,12
GCTTGGGCACACCTAA-1-1,-2.0217533,0.060585115,Supporting cells,12
GCTTGGGTCATTGCGA-1-1,-2.037719,0.7726731,Supporting cells,12
GCTTGGGTCTGGTGGC-1-1,-1.3970991,-0.5052711,Supporting cells,12
GCTTTCGAGATTGATG-1-1,8.225695,2.022716,Outer hair cells,12
GCTTTCGCACAACATC-1-1,0.8078401,12.641611,Fibrocytes,12
GCTTTCGCATCATCCC-1-1,1.1929388,4.5985684,Supporting cells,12
GCTTTCGTCATGCAGT-1-1,-0.23285548,5.148654,Supporting cells,12
GCTTTCGTCGCTGTTC-1-1,-6.0980043,5.4230247,Fibrocytes,12
GGAACCCAGCCTGAGA-1-1,1.3334358,8.120387,Supporting cells,12
GGAACCCAGGACCCAA-1-1,2.1080804,8.939571,Supporting cells,12
GGAACCCCAACGTATC-1-1,9.69519,9.247692,Glia/Schwann,12
GGAACCCCACATGGTT-1-1,-1.3863897,3.0650399,Supporting cells,12
GGAACCCCATCGCTCT-1-1,0.36638528,5.055123,Supporting cells,12
GGAAGTGAGCAGCGAT-1-1,-1.9534436,-1.7249414,Supporting cells,12
GGAAGTGCACATAGCT-1-1,0.05149802,3.9821484,Supporting cells,12
GGAAGTGTCAGCCTTC-1-1,4.748606,2.9602568,Supporting cells,12
GGAAGTGTCATTGCCC-1-1,-0.4558809,3.3465924,Supporting cells,12
GGAAGTGTCGACGACC-1-1,0.465628,11.929155,Fibrocytes,12
GGAATCTAGAAGCGCT-1-1,-5.3183527,4.755485,Fibrocytes,12
GGAATCTAGCTTACGT-1-1,-6.3018217,4.4572363,Fibrocytes,12
GGAATCTGTACTTGTG-1-1,2.2645228,4.123722,Supporting cells,12
GGAATCTGTCGCACAC-1-1,10.024643,9.304613,Glia/Schwann,12
GGAATCTTCAAGAATG-1-1,2.6745038,4.0736685,Supporting cells,12
GGAATCTTCTTGCAAG-1-1,-0.41950554,5.9533763,Supporting cells,12
GGAATGGAGAAGTCCG-1-1,6.183616,1.9503537,Supporting cells,12
GGAATGGAGCGTGAGT-1-1,-1.7808586,-1.125078,Supporting cells,12
GGAATGGCACGTTCGG-1-1,-4.8110313,4.594745,Fibrocytes,12
GGAATGGGTACGCTAT-1-1,-0.008447815,5.57729,Supporting cells,12
GGACGTCCACGACGTC-1-1,0.76695645,0.75679845,Supporting cells,12
GGACGTCGTTCTCGTC-1-1,6.7335525,8.158277,Glia/Schwann,12
GGACGTCTCAACGAGG-1-1,5.351281,0.813547,Inner hair cells,12
GGACGTCTCGCTGTCT-1-1,6.3313227,5.8937373,Supporting cells,12
GGACGTCTCTCGAGTA-1-1,-0.9288262,-1.1724964,Supporting cells,12
GGAGAACAGAAGGATG-1-1,2.659794,7.579479,Supporting cells,12
GGAGAACAGCGCCTAC-1-1,1.6223229,2.9497337,Supporting cells,12
GGAGAACCAGCAGTGA-1-1,-7.2756915,5.0946217,Fibrocytes,12
GGAGAACCATCACGGC-1-1,5.631161,6.7736773,Supporting cells,12
GGAGAACGTCTTCCGT-1-1,6.141286,0.053049773,Inner hair cells,12
GGAGAACGTGGAATGC-1-1,5.485157,10.129401,Supporting cells,12
GGAGAACGTGGTCTCG-1-1,8.979444,6.7447805,Supporting cells,12
GGAGATGCAATGAAAC-1-1,-1.293551,5.1693635,Supporting cells,12
GGAGATGCACTGTCCT-1-1,9.763391,0.8146602,Outer hair cells,12
GGAGATGCAGAGGCTA-1-1,0.5649613,13.37007,Fibrocytes,12
GGAGATGGTAATCAGA-1-1,-5.9365454,4.6184697,Fibrocytes,12
GGAGATGTCGGTGTTA-1-1,5.324884,4.4752803,Fibrocytes,12
GGAGATGTCGTTATCT-1-1,-0.23501079,8.202488,Supporting cells,12
GGAGATGTCTCGCCTA-1-1,5.530896,6.2076845,Supporting cells,12
GGAGCAAAGAGAGAAC-1-1,-5.2821355,4.4321985,Fibrocytes,12
GGAGCAAAGCCATTGT-1-1,1.0931513,0.4720549,Supporting cells,12
GGAGCAACATACGCAT-1-1,4.151888,4.0423737,Supporting cells,12
GGAGCAATCCGTGGGT-1-1,2.3259857,7.5054708,Supporting cells,12
GGAGGATAGCTGTTCA-1-1,7.8614407,3.3120718,Supporting cells,12
GGAGGATGTTGCCATA-1-1,-0.29049665,4.449849,Supporting cells,12
GGAGGTAAGCCTCGTG-1-1,3.731063,7.9541936,Supporting cells,12
GGAGGTAAGTCAGAGC-1-1,0.55266434,10.950974,Fibrocytes,12
GGAGGTAGTGTTACTG-1-1,6.4872866,5.117248,Supporting cells,12
GGAGGTATCCCGTTCA-1-1,6.365876,-0.8003174,Inner hair cells,12
GGAGGTATCGCCTAGG-1-1,-2.2298186,2.8998792,Supporting cells,12
GGAGGTATCTCTTGCG-1-1,-0.6980432,7.035057,Supporting cells,12
GGATCTAAGCCGTTAT-1-1,4.4843946,6.261001,Supporting cells,12
GGATCTACAGCTTCGG-1-1,4.205628,9.0979595,Supporting cells,12
GGATCTAGTACAATAG-1-1,-1.0873941,3.293184,Supporting cells,12
GGATCTAGTCCAACGC-1-1,8.136662,3.1385663,Supporting cells,12
GGATCTAGTGATGTAA-1-1,2.2931426,12.695535,Fibrocytes,12
GGATCTATCCAAGAGG-1-1,-2.3210173,4.880629,Supporting cells,12
GGATCTATCCACGTAA-1-1,5.2619796,6.07227,Supporting cells,12
GGATCTATCGTGGAAG-1-1,-0.44234753,3.745817,Supporting cells,12
GGATCTATCTCATTAC-1-1,7.0375733,4.669175,Supporting cells,12
GGATGTTAGACCAGCA-1-1,-0.7264867,4.8287125,Supporting cells,12
GGATGTTAGCACTAAA-1-1,9.011764,4.8062344,Supporting cells,12
GGATGTTAGTGATAAC-1-1,7.1962333,8.747935,Glia/Schwann,12
GGATGTTCAGGCTCTG-1-1,10.390282,9.253287,Glia/Schwann,12
GGATGTTGTTGTGGCC-1-1,2.6586642,4.491757,Supporting cells,12
GGCACGTAGTGGACTG-1-1,8.961581,0.9233228,Outer hair cells,12
GGCACGTCAGCTCGGT-1-1,8.40585,9.377755,Glia/Schwann,12
GGCACGTCAGGGTCTC-1-1,-3.9921968,6.79255,Supporting cells,12
GGCACGTCATGTGCTA-1-1,-1.7372302,2.0449219,Supporting cells,12
GGCACGTGTCTACACA-1-1,1.4030871,8.777763,Supporting cells,12
GGCACGTTCCGCAACG-1-1,7.90626,9.007726,Glia/Schwann,12
GGCACGTTCTGCGTCT-1-1,4.110227,2.4539473,Supporting cells,12
GGCAGTCCATGGTACT-1-1,-4.83261,4.6724653,Fibrocytes,12
GGCAGTCGTCCAGTTA-1-1,-0.10092853,7.142762,Supporting cells,12
GGCAGTCTCCCTCAAC-1-1,-0.17826872,5.4944224,Supporting cells,12
GGCGTCAAGAACCGCA-1-1,5.932709,-0.120194115,Inner hair cells,12
GGCGTCAAGCCATTGT-1-1,-0.9919692,8.728163,Supporting cells,12
GGCGTCACAGCCGGTT-1-1,4.831085,6.6142554,Supporting cells,12
GGCGTCACATCGGCCA-1-1,7.8334823,3.682001,Supporting cells,12
GGCGTCACATGATCTG-1-1,2.9964435,4.1941643,Fibrocytes,12
GGCGTCAGTATTGACC-1-1,-1.3232067,0.88016444,Supporting cells,12
GGCGTCAGTTCTCTCG-1-1,-2.511147,10.783734,Macrophages/Microglia,12
GGCGTCATCATGACAC-1-1,5.0951385,0.9145372,Inner hair cells,12
GGCTGTGAGCCTGCCA-1-1,1.2800333,7.682989,Supporting cells,12
GGCTGTGCACCCAATA-1-1,-1.0555851,3.1894727,Supporting cells,12
GGCTGTGGTACACTCA-1-1,-2.8123622,1.5846944,Supporting cells,12
GGCTGTGTCAAGGACG-1-1,7.115828,3.77773,Supporting cells,12
GGCTGTGTCACTTTGT-1-1,-1.8335809,6.250887,Supporting cells,12
GGCTTGGAGCGCTTCG-1-1,-1.8914628,-0.052319773,Supporting cells,12
GGCTTGGAGTTTCGGT-1-1,-1.2735835,2.324939,Supporting cells,12
GGCTTGGCACGGGCTT-1-1,7.8920674,6.185115,Supporting cells,12
GGCTTTCGTACCAGAG-1-1,4.284078,6.8186736,Supporting cells,12
GGCTTTCGTAGATCCT-1-1,3.5191207,4.0321965,Supporting cells,12
GGCTTTCGTGGTCCCA-1-1,5.642762,8.542954,Supporting cells,12
GGCTTTCTCACTGGGC-1-1,-1.5588818,4.1729817,Supporting cells,12
GGGAAGTAGAATTCAG-1-1,1.3470954,7.7385764,Supporting cells,12
GGGAAGTAGACCAACG-1-1,7.1788,5.8879137,Supporting cells,12
GGGAAGTCACTTCAGA-1-1,3.792803,7.248306,Supporting cells,12
GGGAAGTCATAGATGA-1-1,-1.3356526,1.8513318,Supporting cells,12
GGGAAGTGTACCAATC-1-1,2.7738023,4.136226,Supporting cells,12
GGGAAGTGTTGCTCAA-1-1,2.6617353,9.457766,Supporting cells,12
GGGAAGTTCACACCGG-1-1,0.16813031,0.10536725,Supporting cells,12
GGGACAAAGAACCGCA-1-1,-2.32043,9.129788,Supporting cells,12
GGGACAACAACGTAAA-1-1,-0.4103294,5.7964735,Supporting cells,12
GGGACAAGTACAGTTC-1-1,-0.88122016,0.80772793,Supporting cells,12
GGGACCTAGGGACAGG-1-1,3.3633869,9.82815,Supporting cells,12
GGGACCTCAGGTACGA-1-1,5.527054,6.2942805,Supporting cells,12
GGGACTCAGCATACTC-1-1,1.8896232,12.268509,Fibrocytes,12
GGGACTCCAATGGCAG-1-1,-1.7553483,2.179178,Supporting cells,12
GGGACTCCAGGATTCT-1-1,-1.9244152,-0.53303635,Supporting cells,12
GGGACTCGTAGGTAGC-1-1,8.8444805,6.4892635,Supporting cells,12
GGGACTCTCTCAAAGC-1-1,7.485494,1.3133281,Outer hair cells,12
GGGAGATAGGAGAGGC-1-1,-0.3872744,0.6505863,Supporting cells,12
GGGAGATAGGGATCGT-1-1,-1.1541241,6.1742306,Supporting cells,12
GGGAGATGTGTGGTCC-1-1,7.1980705,3.7069874,Supporting cells,12
GGGAGATGTTCCGCGA-1-1,-0.6138216,5.8695736,Supporting cells,12
GGGAGATGTTTCTTAC-1-1,1.0485221,11.247448,Fibrocytes,12
GGGAGATTCCGACGGT-1-1,3.330708,1.2560246,Glia/Schwann,12
GGGAGATTCCTGTAGA-1-1,-6.2878246,4.6684537,Fibrocytes,12
GGGAGATTCTGGCTGG-1-1,0.71199095,1.6057376,Supporting cells,12
GGGAGTAAGCTCGCAC-1-1,-0.46011212,2.398602,Supporting cells,12
GGGAGTAAGGTAAACT-1-1,1.8517375,3.0011084,Supporting cells,12
GGGAGTATCGCTGTCT-1-1,-0.15247121,4.7852116,Supporting cells,12
GGGATCCCACCCTGAG-1-1,4.4061227,4.034172,Supporting cells,12
GGGATCCCATACTTTC-1-1,7.426919,4.9129095,Supporting cells,12
GGGATCCGTGACAGCA-1-1,3.2070312,2.8066232,Supporting cells,12
GGGATCCGTGATACCT-1-1,0.50464356,7.4407396,Supporting cells,12
GGGATCCTCAAGCCCG-1-1,4.213117,9.003388,Supporting cells,12
GGGATCCTCCGAACGC-1-1,7.0245204,3.4434528,Supporting cells,12
GGGATCCTCCGATGTA-1-1,-3.229661,3.12916,Supporting cells,12
GGGATCCTCCGGCAAC-1-1,0.12154321,8.02157,Supporting cells,12
GGGATCCTCGCCTAGG-1-1,-1.9995373,7.7657013,Supporting cells,12
GGGATGAAGCGTGTCC-1-1,5.45435,-0.051586572,Inner hair cells,12
GGGATGACAGTCAGTT-1-1,-1.88339,2.1357799,Supporting cells,12
GGGATGACATCAGTCA-1-1,0.012795942,1.7709647,Supporting cells,12
GGGATGAGTAGGATAT-1-1,-1.6577488,0.93992525,Supporting cells,12
GGGATGAGTATGGGAC-1-1,-0.25177756,7.057667,Supporting cells,12
GGGATGATCGAGATAA-1-1,-2.180392,4.2591863,Supporting cells,12
GGGCCATCACTGCACG-1-1,2.5857828,7.675828,Supporting cells,12
GGGCCATCAGACCAGA-1-1,-0.43783155,5.799721,Supporting cells,12
GGGCCATGTCTACGAT-1-1,1.7484592,1.3965389,Supporting cells,12
GGGCCATTCGCTACGG-1-1,2.2905455,12.241231,Fibrocytes,12
GGGCGTTAGCCTTTCC-1-1,-0.26594588,1.3137616,Supporting cells,12
GGGCGTTAGGCTGGAT-1-1,-0.56001294,4.5194187,Supporting cells,12
GGGCGTTAGTCTAGAA-1-1,0.15092617,5.531829,Supporting cells,12
GGGCGTTCAATCGCGC-1-1,-2.712203,9.759677,Macrophages/Microglia,12
GGGCGTTCACTCCGGA-1-1,-1.7571954,4.711625,Supporting cells,12
GGGCGTTCAGTTGTCA-1-1,2.7692938,9.142964,Supporting cells,12
GGGCGTTCATATCTGG-1-1,-6.24355,5.154534,Fibrocytes,12
GGGCGTTGTACCCGCA-1-1,3.0514548,2.3528893,Supporting cells,12
GGGCGTTGTCATACCA-1-1,2.2130084,9.038149,Supporting cells,12
GGGCGTTGTCATGGCC-1-1,0.88390374,13.256502,Fibrocytes,12
GGGCGTTTCCCATAGA-1-1,-0.09026442,5.386942,Supporting cells,12
GGGCGTTTCCGCGGAT-1-1,-0.9838849,9.086141,Supporting cells,12
GGGCGTTTCTTACTGT-1-1,5.240084,4.7957864,Supporting cells,12
GGGCTACAGGATTACA-1-1,-0.93360764,5.504997,Supporting cells,12
GGGCTACAGTCACGAG-1-1,2.080435,9.162184,Supporting cells,12
GGGCTCAAGCGAGGAG-1-1,-2.7810545,1.6690882,Supporting cells,12
GGGCTCAAGTGCCTCG-1-1,5.6389537,5.6050406,Supporting cells,12
GGGCTCACATACATCG-1-1,-6.9544835,4.3729615,Fibrocytes,12
GGGCTCATCATTACCT-1-1,1.1388721,6.080555,Supporting cells,12
GGGCTCATCTTACCAT-1-1,2.589076,7.4477196,Supporting cells,12
GGGTAGAAGAATTGCA-1-1,4.7729173,5.9620094,Supporting cells,12
GGGTAGAAGTCATACC-1-1,4.8043017,1.8090839,Supporting cells,12
GGGTAGACACTAACCA-1-1,-1.955652,-0.3927308,Supporting cells,12
GGGTAGACATTCTCCG-1-1,-1.4352942,0.44375393,Supporting cells,12
GGGTAGAGTCTGTAAC-1-1,-6.4994316,4.7247376,Fibrocytes,12
GGGTAGATCAGCAGAG-1-1,2.519311,0.16449268,Supporting cells,12
GGGTATTAGCGTGTCC-1-1,3.3159478,10.791279,Supporting cells,12
GGGTATTAGGATACCG-1-1,0.67617285,11.288078,Fibrocytes,12
GGGTATTAGGCCTGCT-1-1,-1.7056551,3.0252666,Supporting cells,12
GGGTATTAGGTGCTTT-1-1,-0.7640546,6.166173,Supporting cells,12
GGGTATTCAAGTGACG-1-1,-5.0186386,4.4721947,Fibrocytes,12
GGGTATTGTGGTATGG-1-1,1.0088046,1.8116727,Supporting cells,12
GGGTATTTCCGTGCGA-1-1,-0.43176556,6.320926,Supporting cells,12
GGGTCACAGCTTCTAG-1-1,-5.4574547,5.485028,Fibrocytes,12
GGGTCACCAAGGCGTA-1-1,-1.3399493,0.64914,Supporting cells,12
GGGTCACCACACACTA-1-1,-0.45263284,1.9394447,Supporting cells,12
GGGTCACCATAAGATG-1-1,-2.061929,8.2520895,Supporting cells,12
GGGTCACGTTTAGACC-1-1,-3.165112,2.9537418,Supporting cells,12
GGGTCACTCACAGAGG-1-1,-2.503899,2.467385,Supporting cells,12
GGGTCTGAGTATCTGC-1-1,-0.8461164,2.5011563,Supporting cells,12
GGGTCTGCACTGCGTG-1-1,1.1324041,1.2854679,Supporting cells,12
GGGTCTGGTGAACTAA-1-1,0.52567255,3.2655213,Supporting cells,12
GGGTCTGGTTTCTTAC-1-1,6.30363,2.2670286,Outer hair cells,12
GGGTGAAAGAGAGAAC-1-1,-0.7582943,1.1733001,Supporting cells,12
GGGTGAAGTAGCACAG-1-1,4.699384,2.6135736,Supporting cells,12
GGGTGAAGTCATAAAG-1-1,5.83646,-0.47989923,Inner hair cells,12
GGGTGAATCAACCTTT-1-1,1.0198585,8.1703,Supporting cells,12
GGGTGAATCAGCAATC-1-1,9.666929,9.545225,Glia/Schwann,12
GGGTGAATCGCGGACT-1-1,-0.189876,3.4329357,Supporting cells,12
GGGTGTCAGGTTAAAC-1-1,-5.3761373,4.316586,Fibrocytes,12
GGGTGTCCACACCTAA-1-1,-0.90837276,2.8373904,Supporting cells,12
GGGTGTCGTCTGTGTA-1-1,0.45660618,11.022846,Fibrocytes,12
GGGTGTCGTGCCTTTC-1-1,1.8003122,12.139185,Fibrocytes,12
GGGTGTCTCAACTACG-1-1,-1.8579139,-0.6721781,Supporting cells,12
GGGTTATAGGATGCGT-1-1,0.35267875,5.9403057,Supporting cells,12
GGGTTATCAACAGTGG-1-1,8.099317,8.95528,Glia/Schwann,12
GGGTTATCACATTACG-1-1,-1.2900051,0.19425726,Supporting cells,12
GGGTTATGTACCGTGC-1-1,3.747352,4.8534446,Supporting cells,12
GGGTTATGTCAACACT-1-1,7.1947823,7.619116,Glia/Schwann,12
GGGTTATTCTTTCGAT-1-1,-6.25441,3.8678439,Fibrocytes,12
GGGTTTAAGAGCAAGA-1-1,-2.15457,4.635743,Supporting cells,12
GGGTTTAAGTCTAACC-1-1,7.257991,-1.1794926,Inner hair cells,12
GGGTTTACAAACTCTG-1-1,0.63466084,4.4315014,Supporting cells,12
GGGTTTAGTGGAGAAA-1-1,8.429379,6.4813123,Supporting cells,12
GGGTTTAGTTCAAGTC-1-1,0.6985628,1.5103655,Supporting cells,12
GGGTTTATCAGCCTTC-1-1,8.87597,6.484704,Supporting cells,12
GGGTTTATCGGCCTTT-1-1,2.1320987,12.055264,Fibrocytes,12
GGTAACTAGAGAACCC-1-1,0.9379338,1.6216459,Supporting cells,12
GGTAACTCAATTTCGG-1-1,9.151755,8.546872,Glia/Schwann,12
GGTAACTCACCAGCGT-1-1,-4.537031,5.549918,Fibrocytes,12
GGTAACTGTATCACCA-1-1,7.541076,1.2896563,Outer hair cells,12
GGTAACTGTGTGATGG-1-1,4.7143235,6.3323274,Supporting cells,12
GGTAATCCACAAGTTC-1-1,-0.29875457,7.013086,Supporting cells,12
GGTAATCGTACTGACT-1-1,2.1902788,2.8697536,Supporting cells,12
GGTAATCGTCAACCAT-1-1,0.71428794,6.695047,Supporting cells,12
GGTAATCGTGGCGTAA-1-1,0.69035155,0.42930108,Supporting cells,12
GGTAATCTCGGTCTAA-1-1,-0.8292781,1.8167677,Supporting cells,12
GGTAGAGAGTGCTCGC-1-1,-3.249367,3.5682187,Supporting cells,12
GGTAGAGCATGCGGTC-1-1,-1.3285137,-0.22487055,Supporting cells,12
GGTAGAGGTCAAACGG-1-1,4.117513,8.906157,Supporting cells,12
GGTCACGCACTGGCCA-1-1,0.9886076,9.77159,Supporting cells,12
GGTCACGCAGCGGTTC-1-1,-2.7265577,6.30294,Supporting cells,12
GGTCACGGTACACTCA-1-1,9.19701,4.9167023,Supporting cells,12
GGTCACGGTCACCTTC-1-1,0.47744662,2.7514014,Supporting cells,12
GGTCACGGTCCTGAAT-1-1,-7.189179,5.39978,Fibrocytes,12
GGTCACGGTGACCTGC-1-1,5.33123,9.604679,Supporting cells,12
GGTCACGGTGTGGACA-1-1,6.51383,5.7249246,Supporting cells,12
GGTCACGTCCGGTAAT-1-1,-6.2466407,4.246206,Fibrocytes,12
GGTCTGGAGTAACAGT-1-1,1.2732588,2.035753,Supporting cells,12
GGTCTGGAGTATGAGT-1-1,0.6122174,12.836326,Fibrocytes,12
GGTCTGGAGTTAACAG-1-1,0.53056246,10.80694,Fibrocytes,12
GGTCTGGGTCTGGTTA-1-1,-6.40546,4.356276,Fibrocytes,12
GGTCTGGGTCTTCCGT-1-1,3.5394487,2.762713,Supporting cells,12
GGTCTGGGTTGTGTAC-1-1,6.0122724,10.774593,Fibrocytes,12
GGTCTGGTCTCGAACA-1-1,0.54527617,5.069892,Supporting cells,12
GGTCTGGTCTGGCCAG-1-1,2.316626,12.035656,Fibrocytes,12
GGTGAAGAGCATGCAG-1-1,3.242721,11.355424,Supporting cells,12
GGTGAAGAGCGGGTAT-1-1,-3.6781383,5.414902,Supporting cells,12
GGTGAAGAGGATGAGA-1-1,0.87240076,3.6707358,Supporting cells,12
GGTGAAGCATGTGCCG-1-1,1.3836743,2.6520262,Supporting cells,12
GGTGATTAGCGGTAAC-1-1,-2.531051,-1.1868337,Supporting cells,12
GGTGATTCATTGCCGG-1-1,9.037077,6.5647593,Supporting cells,12
GGTGATTGTGGTCTCG-1-1,-0.13346441,-0.24239038,Supporting cells,12
GGTGATTTCATCGACA-1-1,-0.37656817,-0.9457577,Supporting cells,12
GGTGATTTCTGAGCAT-1-1,-0.27105162,6.968925,Supporting cells,12
GGTGGCTAGATAGGGA-1-1,-1.2732378,4.4372644,Supporting cells,12
GGTGGCTAGCTCTGTA-1-1,5.7550054,-0.37054226,Inner hair cells,12
GGTGGCTCACTTGGGC-1-1,4.66373,4.0787807,Supporting cells,12
GGTGGCTCATCAGCTA-1-1,-1.5467527,-1.8370509,Supporting cells,12
GGTGGCTGTGGCTTAT-1-1,-0.9632091,6.390764,Supporting cells,12
GGTGGCTTCAAGTAAG-1-1,0.7254929,2.2816622,Supporting cells,12
GGTGGCTTCACTTATC-1-1,9.810729,5.073112,Supporting cells,12
GGTGGCTTCGGTAAGG-1-1,0.53739667,7.8625603,Supporting cells,12
GGTGTCGAGGTCCGAA-1-1,-2.9475768,1.5735255,Supporting cells,12
GGTGTCGCAAACGTGG-1-1,6.5495863,6.65248,Glia/Schwann,12
GGTGTCGGTGGCCACT-1-1,-3.0363643,2.3858676,Supporting cells,12
GGTGTCGGTTACGCCG-1-1,7.17644,4.966211,Supporting cells,12
GGTGTCGGTTCTCCCA-1-1,10.02856,0.7445004,Outer hair cells,12
GGTGTCGTCAAGAGGC-1-1,0.5198939,2.3068159,Supporting cells,12
GGTGTCGTCAATCTTC-1-1,4.8088317,10.389136,Supporting cells,12
GGTGTTAGTCCTATAG-1-1,-1.8045182,3.8307836,Supporting cells,12
GGTGTTATCCGCCTAT-1-1,-1.9492939,0.67830366,Supporting cells,12
GGTGTTATCGCCGATG-1-1,1.0731372,1.5393062,Supporting cells,12
GGTTAACAGCGTATAA-1-1,9.938207,9.038348,Glia/Schwann,12
GGTTAACCAAAGCACG-1-1,-0.22348434,1.1628195,Supporting cells,12
GGTTAACCAATTGAGA-1-1,-2.6323824,9.880569,Macrophages/Microglia,12
GGTTAACCATGGGAAC-1-1,8.384585,9.090598,Glia/Schwann,12
GGTTAACTCTGAACGT-1-1,-2.0500739,0.59448886,Supporting cells,12
GGTTCTCAGTTCGGTT-1-1,6.7574034,4.731423,Supporting cells,12
GGTTCTCGTTATGACC-1-1,0.6675233,7.949804,Supporting cells,12
GGTTGTACATATTCGG-1-1,-0.24075155,4.7944636,Supporting cells,12
GGTTGTATCGACCCAG-1-1,-2.4464507,1.8595052,Supporting cells,12
GGTTGTATCGACGACC-1-1,5.6283636,-0.18454602,Inner hair cells,12
GGTTGTATCGTTAGTG-1-1,4.151195,6.7799835,Supporting cells,12
GGTTGTATCTGCTTAT-1-1,5.9947147,3.9226944,Supporting cells,12
GTAACACAGATTGGGC-1-1,3.4261847,4.203848,Supporting cells,12
GTAACACAGCGAAACC-1-1,-0.6434039,1.5838273,Supporting cells,12
GTAACACAGCTAGTTC-1-1,6.907736,9.107037,Glia/Schwann,12
GTAACACAGTGAGCCA-1-1,-0.12655057,0.028825635,Supporting cells,12
GTAACACCAGGAATCG-1-1,0.34227687,13.147072,Fibrocytes,12
GTAACACCATAATGCC-1-1,-1.0700798,5.379991,Supporting cells,12
GTAACACGTGCTCCGA-1-1,3.3014781,10.672484,Supporting cells,12
GTAACACTCCACACAA-1-1,-1.1936767,7.6953535,Supporting cells,12
GTAACCAAGAGTCTTC-1-1,-6.870269,4.257434,Fibrocytes,12
GTAACCAAGGCAGCTA-1-1,3.4019628,1.0810374,Glia/Schwann,12
GTAACCAAGTAAGAGG-1-1,-0.20608631,4.2536798,Supporting cells,12
GTAACCAGTAGCTTTG-1-1,7.41943,6.2876763,Supporting cells,12
GTAACCATCATCTGTT-1-1,0.930331,10.718846,Fibrocytes,12
GTAACCATCCATTTAC-1-1,7.1621995,10.759674,Glia/Schwann,12
GTAAGTCAGCGTATAA-1-1,7.0758157,5.2325215,Supporting cells,12
GTAAGTCCAAAGGGTC-1-1,-1.9445374,4.8562856,Supporting cells,12
GTAAGTCGTCACCACG-1-1,3.753726,9.978476,Supporting cells,12
GTAAGTCGTCTCACGG-1-1,2.3575351,9.56303,Supporting cells,12
GTAAGTCTCATGAGAA-1-1,2.8787687,10.141183,Supporting cells,12
GTAAGTCTCCATTTAC-1-1,1.2740488,1.6475145,Supporting cells,12
GTAATCGCAAGCGGAT-1-1,-0.51230854,-1.2003205,Supporting cells,12
GTAATCGCAGACATCT-1-1,7.4554734,4.7582464,Supporting cells,12
GTAATCGGTATTTCTC-1-1,-0.035236176,4.2133474,Supporting cells,12
GTAATCGGTCCCGCAA-1-1,0.59496284,3.7800183,Supporting cells,12
GTAATCGGTTACTCAG-1-1,0.7261803,1.0685269,Supporting cells,12
GTAATCGTCCCTATTA-1-1,2.6325753,13.743231,Fibrocytes,12
GTAATGCAGAACGCGT-1-1,-0.48207268,3.6833377,Supporting cells,12
GTAATGCAGAATTGCA-1-1,-2.4736319,2.4922419,Supporting cells,12
GTAATGCCAACAGATA-1-1,-0.49474874,4.6782346,Supporting cells,12
GTAATGCCAAGCTGCC-1-1,0.79415,12.399749,Fibrocytes,12
GTAATGCCAGCCTATA-1-1,6.8135285,5.654641,Supporting cells,12
GTAATGCCATGACTTG-1-1,1.8767358,5.766649,Supporting cells,12
GTAATGCGTAACACGG-1-1,0.046744682,2.514052,Supporting cells,12
GTAATGCGTCCAGCAC-1-1,0.080832444,-0.8511724,Supporting cells,12
GTAATGCGTTACCTGA-1-1,5.2979193,3.3764637,Supporting cells,12
GTACAACAGCCATCCG-1-1,-1.0822722,8.808815,Supporting cells,12
GTACAACAGGGTTGCA-1-1,0.2776657,7.186375,Supporting cells,12
GTACAACCAGCCGTCA-1-1,9.220826,6.749459,Supporting cells,12
GTACAACCAGGTGTTT-1-1,-0.24076463,1.8708297,Supporting cells,12
GTACAACGTCGACGCT-1-1,-0.23328131,1.6785029,Supporting cells,12
GTACAACTCATGCCCT-1-1,-3.5479977,6.4990396,Supporting cells,12
GTACAACTCTGGCCAG-1-1,-0.5751044,7.094406,Supporting cells,12
GTACAGTCAACATACC-1-1,-3.9823232,6.983516,Supporting cells,12
GTACAGTCACAAATAG-1-1,6.1078787,8.672078,Supporting cells,12
GTACAGTCAGGGACTA-1-1,0.9726199,14.231894,Fibrocytes,12
GTACAGTTCAGTGATC-1-1,3.23088,5.783397,Supporting cells,12
GTAGAAAAGACGGTTG-1-1,-2.536497,1.8376439,Supporting cells,12
GTAGAAAAGGGAGGAC-1-1,5.225212,2.7853272,Supporting cells,12
GTAGAAACAGTTGAAA-1-1,5.724116,8.609704,Supporting cells,12
GTAGAAAGTACCTTCC-1-1,-0.51674443,3.7924902,Supporting cells,12
GTAGAAAGTACGAAAT-1-1,5.8019977,-0.02220752,Inner hair cells,12
GTAGAAAGTTTGGGTT-1-1,4.6727834,6.020064,Supporting cells,12
GTAGAAATCTGGAGAG-1-1,1.0707244,11.541451,Fibrocytes,12
GTAGAGGAGCATGTTC-1-1,1.4808507,2.070332,Supporting cells,12
GTAGAGGAGCTGCCTG-1-1,3.894266,10.909904,Supporting cells,12
GTAGAGGAGCTTTCTT-1-1,9.280448,3.3244584,Supporting cells,12
GTAGAGGAGGACAGCT-1-1,1.6253841,1.1071885,Supporting cells,12
GTAGAGGCAAGATGTA-1-1,-1.6882551,0.6984958,Supporting cells,12
GTAGAGGCAGCGACAA-1-1,-0.08372785,1.3901927,Supporting cells,12
GTAGAGGCAGCTGTAT-1-1,0.88725406,12.442837,Fibrocytes,12
GTAGAGGTCAGCGCGT-1-1,-0.08299446,-0.3824186,Supporting cells,12
GTAGAGGTCTGACCCT-1-1,-0.017303031,6.7597375,Supporting cells,12
GTAGATCAGGCACTCC-1-1,8.846698,5.3404436,Supporting cells,12
GTAGATCCAACCGGAA-1-1,-1.5225528,4.413551,Supporting cells,12
GTAGATCCAAGGCTTT-1-1,-2.591145,3.2576,Supporting cells,12
GTAGATCGTCTCTCCA-1-1,8.9590435,0.6563569,Outer hair cells,12
GTAGATCGTGACTGTT-1-1,0.9348739,13.396373,Fibrocytes,12
GTAGATCTCAAGATAG-1-1,2.3845696,9.444215,Supporting cells,12
GTAGATCTCCTTCTAA-1-1,-0.43980053,-0.20284696,Supporting cells,12
GTAGCTAAGAGATCGC-1-1,3.687932,4.029655,Supporting cells,12
GTAGCTAAGGAAACGA-1-1,-3.098757,10.343449,Macrophages/Microglia,12
GTAGCTACATCCGCGA-1-1,2.240622,3.0749032,Supporting cells,12
GTAGCTACATGGATCT-1-1,-2.475772,11.327775,Macrophages/Microglia,12
GTAGCTAGTTGTCTAG-1-1,0.41368952,11.736147,Fibrocytes,12
GTAGCTATCTCGTTTA-1-1,5.1098013,3.7167192,Supporting cells,12
GTAGGAGCACACGGTC-1-1,-1.2283281,6.091028,Supporting cells,12
GTAGGAGGTTGCTAGT-1-1,6.7354264,3.6632192,Glia/Schwann,12
GTAGGAGTCATCGGGC-1-1,0.9395294,11.265389,Fibrocytes,12
GTAGGAGTCGTGCGAC-1-1,-0.71795386,3.3115337,Supporting cells,12
GTAGGTTCAAATGATG-1-1,4.024993,5.315038,Supporting cells,12
GTAGTACAGACGCCAA-1-1,-0.7244873,7.5566974,Supporting cells,12
GTAGTACAGGTGATAT-1-1,-3.9867306,7.2952414,Supporting cells,12
GTAGTACCACCCTATC-1-1,2.5265038,13.659515,Fibrocytes,12
GTAGTACGTCGACTGC-1-1,8.007404,6.355879,Supporting cells,12
GTAGTACTCCCTAGGG-1-1,-0.6669038,2.8640342,Supporting cells,12
GTATTGGAGGAGGGTG-1-1,0.4167214,6.5605464,Supporting cells,12
GTATTGGAGTACGAGC-1-1,6.8770876,4.891659,Supporting cells,12
GTATTGGAGTCACTGT-1-1,7.7460055,4.8141503,Supporting cells,12
GTATTGGCATGTTTGG-1-1,8.827199,6.532663,Supporting cells,12
GTATTGGGTACGATCT-1-1,1.5077189,1.7499735,Supporting cells,12
GTATTGGGTGACTCGC-1-1,7.562801,3.5027163,Supporting cells,12
GTATTGGGTGTACAGG-1-1,6.946507,2.5055416,Outer hair cells,12
GTATTTCAGACCTGGA-1-1,-0.66843575,5.067653,Supporting cells,12
GTATTTCAGATCCCGC-1-1,7.13777,1.7155656,Outer hair cells,12
GTATTTCAGCAATTAG-1-1,7.474583,5.282994,Supporting cells,12
GTATTTCAGTAGTCTC-1-1,-2.9427736,6.5110884,Supporting cells,12
GTATTTCCAACTGCTA-1-1,1.8935511,10.858402,Fibrocytes,12
GTATTTCGTACGGTTT-1-1,-2.4008238,4.559316,Supporting cells,12
GTATTTCTCCAACACA-1-1,0.039642725,5.0923057,Supporting cells,12
GTATTTCTCCGCTTAC-1-1,0.65864426,10.788868,Fibrocytes,12
GTATTTCTCGGTAAGG-1-1,-0.6181711,1.2485744,Supporting cells,12
GTCAAACCAAAGCGTG-1-1,3.7266867,4.2761073,Supporting cells,12
GTCAAACCAGAGGCAT-1-1,-2.4018826,-0.38829798,Supporting cells,12
GTCAAACGTCGAACAG-1-1,3.1824439,3.810674,Supporting cells,12
GTCAAACTCATCTACT-1-1,6.0027795,-0.45882067,Inner hair cells,12
GTCAAACTCTACCAGA-1-1,-2.7757785,3.7152443,Supporting cells,12
GTCAAGTAGGGATGTC-1-1,0.8830146,1.5537895,Supporting cells,12
GTCAAGTAGGTAAGGA-1-1,2.951602,9.2137,Supporting cells,12
GTCAAGTCAACAGCTT-1-1,1.1766183,1.1476864,Supporting cells,12
GTCAAGTGTACAATAG-1-1,7.048341,1.440826,Outer hair cells,12
GTCAAGTGTGAGTCAG-1-1,5.4571967,4.807752,Supporting cells,12
GTCAAGTTCGACGCTG-1-1,6.9695597,5.936979,Supporting cells,12
GTCAAGTTCTAGTACG-1-1,-0.54299235,2.050665,Supporting cells,12
GTCACGGAGCGACTAG-1-1,4.640752,6.8285046,Supporting cells,12
GTCACGGAGTCAATCC-1-1,-6.1944275,4.700589,Fibrocytes,12
GTCACGGCAGGAATCG-1-1,-1.1872666,4.985845,Supporting cells,12
GTCACGGGTGCCTACG-1-1,2.9352803,13.658122,Fibrocytes,12
GTCACTCAGATAGTCA-1-1,-2.861887,3.1729949,Supporting cells,12
GTCACTCAGCAAATCA-1-1,3.2614458,8.703088,Supporting cells,12
GTCACTCAGCGAGTAC-1-1,-6.300638,4.1942434,Fibrocytes,12
GTCACTCAGCTTCATG-1-1,0.07563861,1.8200094,Supporting cells,12
GTCACTCAGTCAGCGA-1-1,1.475062,10.505096,Supporting cells,12
GTCACTCCATACCGTA-1-1,2.7774894,12.166504,Fibrocytes,12
GTCACTCCATCTCCCA-1-1,2.6809447,2.1357558,Supporting cells,12
GTCACTCGTACTTCCC-1-1,5.7561393,2.7747853,Supporting cells,12
GTCACTCTCGGCACTG-1-1,6.7038445,8.722438,Glia/Schwann,12
GTCACTCTCTCATGGA-1-1,7.328995,4.906425,Supporting cells,12
GTCAGCGGTACCCGAC-1-1,2.7268405,10.553709,Supporting cells,12
GTCAGCGGTTCGAACT-1-1,-0.20374852,-0.82930726,Supporting cells,12
GTCAGCGGTTGAGGAC-1-1,-2.2942083,2.975257,Supporting cells,12
GTCATCCGTGAGGATC-1-1,-1.3980341,5.244437,Supporting cells,12
GTCATCCGTTCCTAGA-1-1,9.707145,0.9298663,Outer hair cells,12
GTCATCCTCCCATGGG-1-1,-3.0195765,8.424283,Supporting cells,12
GTCATGAAGGCTGGAT-1-1,0.8571684,10.527071,Fibrocytes,12
GTCATGAAGTTTGGCT-1-1,2.8173294,13.610704,Fibrocytes,12
GTCATGAGTAGCTTGT-1-1,10.010271,9.346492,Glia/Schwann,12
GTCATGAGTCACGACC-1-1,3.0204694,9.657405,Supporting cells,12
GTCATGAGTCAGCTTA-1-1,-2.5288043,9.615025,Macrophages/Microglia,12
GTCATGAGTGCCGGTT-1-1,-3.1358347,6.1430964,Supporting cells,12
GTCATTTAGATTGACA-1-1,-5.8931623,4.5643992,Fibrocytes,12
GTCATTTCAAGGAGTC-1-1,4.3156095,4.6036143,Fibrocytes,12
GTCATTTCATAACTCG-1-1,5.9814973,8.918728,Supporting cells,12
GTCATTTGTCCCGCAA-1-1,3.6744897,1.9951277,Supporting cells,12
GTCATTTTCTGGGCGT-1-1,0.07331944,2.1626203,Supporting cells,12
GTCCACTAGATACCAA-1-1,-0.21189956,6.3842235,Supporting cells,12
GTCCACTAGCACCCAC-1-1,-0.6824209,7.428235,Supporting cells,12
GTCCACTAGCTGAAAT-1-1,-1.1345949,2.0100915,Supporting cells,12
GTCCACTAGTCATGGG-1-1,0.35259345,1.9481413,Supporting cells,12
GTCCACTCAGCGGTCT-1-1,9.049677,1.2218747,Outer hair cells,12
GTCCACTTCCCTCGTA-1-1,-5.537649,4.664477,Fibrocytes,12
GTCCACTTCTCCTGTG-1-1,6.6509304,-0.6265291,Inner hair cells,12
GTCCCATAGTAGGAAG-1-1,1.2208645,3.1348946,Supporting cells,12
GTCCCATCAGCTCTGG-1-1,7.575001,8.922656,Glia/Schwann,12
GTCCCATCATGTGGCC-1-1,0.63850677,13.741231,Fibrocytes,12
GTCCCATGTGAGCTCC-1-1,-2.353941,3.8532443,Supporting cells,12
GTCCCATGTTTGGGTT-1-1,-0.7103931,-0.3657701,Supporting cells,12
GTCCCATTCAAGTCGT-1-1,-0.70051956,4.8810377,Supporting cells,12
GTCCCATTCTTCACGC-1-1,0.39307144,5.6700606,Supporting cells,12
GTCCCATTCTTTCGAT-1-1,4.1275735,0.9047278,Glia/Schwann,12
GTCCTCACAGAAATCA-1-1,-2.2188413,8.853101,Supporting cells,12
GTCCTCAGTAGAATGT-1-1,8.219816,3.0212572,Supporting cells,12
GTCCTCAGTGCTCTTC-1-1,5.6569796,8.615183,Supporting cells,12
GTCCTCATCACTTATC-1-1,1.6383939,3.5037627,Supporting cells,12
GTCCTCATCCACGGGT-1-1,-0.6393417,1.5198388,Supporting cells,12
GTCGAATAGAAGGTAG-1-1,9.01597,4.9742064,Supporting cells,12
GTCGAATAGCACTAAA-1-1,-0.13434239,2.458787,Supporting cells,12
GTCGAATCAAATGGAT-1-1,0.19128208,1.4382598,Supporting cells,12
GTCGAATCATAGACTC-1-1,7.2985344,9.942726,Glia/Schwann,12
GTCGAATGTGCTGATT-1-1,1.2199264,0.7920865,Supporting cells,12
GTCGAATGTTCTAAGC-1-1,1.5013758,2.7155225,Supporting cells,12
GTCGCGACACATATCG-1-1,-0.65597683,-0.5775613,Supporting cells,12
GTCGCGAGTGAAAGTT-1-1,5.6136117,5.9301004,Supporting cells,12
GTCGCGATCCAACACA-1-1,-1.5572467,-0.00029446033,Supporting cells,12
GTCGTAAAGAACGTGC-1-1,4.25249,11.387883,Supporting cells,12
GTCGTAACAGAGGTAC-1-1,-0.9142604,2.2707431,Supporting cells,12
GTCGTTCAGATGAAGG-1-1,-1.6016918,0.16586308,Supporting cells,12
GTCGTTCAGGTTCTTG-1-1,-1.872437,3.0252848,Supporting cells,12
GTCGTTCGTCATACCA-1-1,0.921756,9.950429,Supporting cells,12
GTCGTTCGTCGAACGA-1-1,-0.67386174,6.880728,Supporting cells,12
GTCGTTCTCCGCTAGG-1-1,7.511739,5.98253,Supporting cells,12
GTCGTTCTCGATTGAC-1-1,7.4625645,6.1688185,Supporting cells,12
GTCGTTCTCGTAGCCG-1-1,9.507125,8.961046,Glia/Schwann,12
GTCTACCAGAGCTTTC-1-1,1.2728537,13.214514,Fibrocytes,12
GTCTACCCAGCGTGAA-1-1,-6.4985824,4.5993323,Fibrocytes,12
GTCTACCCAGCTGTAT-1-1,3.643673,6.87729,Supporting cells,12
GTCTACCTCCCGAACG-1-1,-0.0013702187,2.1434543,Supporting cells,12
GTCTACCTCCCTCTCC-1-1,3.4938512,9.647158,Supporting cells,12
GTCTACCTCTAAGCCA-1-1,6.437855,4.6675534,Supporting cells,12
GTCTAGAAGGGCCTCT-1-1,6.8507338,2.0998707,Outer hair cells,12
GTCTAGAAGGTCCAGA-1-1,9.8990135,5.2752056,Supporting cells,12
GTCTAGAAGTACTGGG-1-1,1.146913,12.5917225,Fibrocytes,12
GTCTAGACAAAGGTTA-1-1,2.8248785,4.456608,Supporting cells,12
GTCTAGACATAGAATG-1-1,6.3920465,2.8103063,Supporting cells,12
GTCTAGAGTCTGTGTA-1-1,1.8561623,11.812726,Fibrocytes,12
GTCTAGAGTTAGGGTG-1-1,-0.8166167,-0.16013539,Supporting cells,12
GTCTAGATCTTAGCTT-1-1,4.504847,2.3338919,Supporting cells,12
GTCTCACAGACCATAA-1-1,9.777387,9.635069,Glia/Schwann,12
GTCTCACGTCATATGC-1-1,3.1934855,1.3701292,Glia/Schwann,12
GTCTCACGTTCAGTAC-1-1,0.5523247,13.149034,Fibrocytes,12
GTCTCACTCGTCAAAC-1-1,8.663309,9.011985,Glia/Schwann,12
GTCTGTCAGCGCTTCG-1-1,10.315529,9.637441,Glia/Schwann,12
GTCTGTCGTAGTTAGA-1-1,-0.8637541,7.0786276,Supporting cells,12
GTCTTTACATCGATGT-1-1,3.9739594,10.680579,Supporting cells,12
GTCTTTACATCGGCCA-1-1,-0.54701835,9.26632,Supporting cells,12
GTCTTTAGTCGCACGT-1-1,1.7783448,3.9094858,Supporting cells,12
GTCTTTATCCGGACTG-1-1,4.20393,2.9690752,Supporting cells,12
GTCTTTATCGAACCAT-1-1,-1.2091169,-0.032629482,Supporting cells,12
GTCTTTATCTAGTGAC-1-1,8.14534,9.828152,Glia/Schwann,12
GTGACGCAGCTGACAG-1-1,0.06752488,4.459223,Supporting cells,12
GTGACGCAGCTGCGAA-1-1,-2.632069,2.3132222,Supporting cells,12
GTGACGCCAAGCGCTC-1-1,-3.4977586,4.5974627,Supporting cells,12
GTGACGCCAGCTTCCT-1-1,4.3095064,4.0289817,Supporting cells,12
GTGACGCCATCGGCCA-1-1,5.9207273,-0.013267311,Inner hair cells,12
GTGACGCGTGAGATCG-1-1,6.980258,3.8041651,Supporting cells,12
GTGACGCGTGATAGAT-1-1,0.63048154,0.8205032,Supporting cells,12
GTGACGCTCAGACAAA-1-1,1.6172241,8.67612,Supporting cells,12
GTGACGCTCATCCTAT-1-1,5.189974,10.04094,Supporting cells,12
GTGACGCTCATGCCCT-1-1,-5.3767896,4.621228,Fibrocytes,12
GTGACGCTCCGTTGGG-1-1,7.112982,-1.1121553,Inner hair cells,12
GTGACGCTCTTTGCGC-1-1,-0.006010203,3.1060562,Supporting cells,12
GTGAGCCAGAGAACCC-1-1,-1.4093409,8.964133,Supporting cells,12
GTGAGCCAGCCTTTCC-1-1,-2.3043478,-0.10532737,Supporting cells,12
GTGAGCCAGGATTTCC-1-1,2.197294,12.268564,Fibrocytes,12
GTGAGCCAGTCTCGTA-1-1,6.7653637,-0.7184832,Inner hair cells,12
GTGAGCCCAAGTATCC-1-1,-6.7445493,5.2789903,Fibrocytes,12
GTGAGCCCACAATGTC-1-1,2.456575,9.821927,Supporting cells,12
GTGAGCCCACGACCTG-1-1,-1.4864348,3.2913268,Supporting cells,12
GTGAGCCCACTCCCTA-1-1,-1.7822251,2.2006083,Supporting cells,12
GTGAGCCGTCATCGCG-1-1,4.1107693,2.2093413,Supporting cells,12
GTGAGCCTCACAATGC-1-1,0.56982404,11.235737,Fibrocytes,12
GTGAGCCTCGTCTCAC-1-1,1.0794572,5.5039997,Supporting cells,12
GTGAGCCTCTCTAGGA-1-1,-7.237894,4.8219953,Fibrocytes,12
GTGAGCCTCTGCCCTA-1-1,2.745569,8.783878,Supporting cells,12
GTGAGCCTCTGTCGCT-1-1,-6.660999,4.1912627,Fibrocytes,12
GTGAGGAAGAGACAAG-1-1,-1.6965121,9.366351,Macrophages/Microglia,12
GTGAGGAGTGGCAACA-1-1,4.0008516,8.668661,Supporting cells,12
GTGAGGATCAGACCTA-1-1,7.3361816,2.3847785,Outer hair cells,12
GTGAGGATCTCCCATG-1-1,8.061436,5.4548407,Supporting cells,12
GTGAGTTAGGTAGTAT-1-1,1.5853008,1.6846186,Supporting cells,12
GTGAGTTAGTTGTACC-1-1,0.8057204,3.4548514,Supporting cells,12
GTGAGTTGTGGACTGA-1-1,7.273755,5.6420064,Supporting cells,12
GTGAGTTTCCACACAA-1-1,4.837748,1.031659,Supporting cells,12
GTGAGTTTCTATCACT-1-1,-0.45045534,0.36127782,Supporting cells,12
GTGATGTAGGCGAACT-1-1,-1.0234731,2.4133964,Supporting cells,12
GTGATGTCAACGCATT-1-1,4.469181,4.534095,Supporting cells,12
GTGATGTCACGCTTAA-1-1,1.4400599,12.503965,Fibrocytes,12
GTGATGTGTTGTGGCC-1-1,5.5423303,7.2611995,Supporting cells,12
GTGATGTTCGCCTTTG-1-1,-1.7309984,6.232033,Supporting cells,12
GTGCACGAGACGCCCT-1-1,1.4246612,12.656933,Fibrocytes,12
GTGCACGAGAGAGTTT-1-1,0.5565874,7.6566515,Supporting cells,12
GTGCACGAGCATCAGG-1-1,2.3750448,11.140197,Supporting cells,12
GTGCACGAGCCGCTTG-1-1,4.8565354,9.269968,Supporting cells,12
GTGCACGAGCTAGCCC-1-1,-0.105020866,2.783679,Supporting cells,12
GTGCACGTCGCAGTTA-1-1,0.59751034,2.2458084,Supporting cells,12
GTGCAGCAGGTCATTC-1-1,5.0209394,3.958297,Supporting cells,12
GTGCAGCCAGGATTCT-1-1,3.5891855,10.949792,Supporting cells,12
GTGCAGCGTAGAGATT-1-1,6.078745,-0.5181064,Inner hair cells,12
GTGCAGCGTGGTCCGT-1-1,-2.3004134,-0.3880479,Supporting cells,12
GTGCAGCGTGTTAGCT-1-1,-0.13383962,8.2681,Supporting cells,12
GTGCAGCGTTAACAGA-1-1,2.2230136,9.094674,Supporting cells,12
GTGCGTGCAAAGGAGA-1-1,8.972992,1.363662,Outer hair cells,12
GTGCGTGCAAATCAAG-1-1,4.580939,4.3262515,Supporting cells,12
GTGCGTGTCGGTGTAT-1-1,9.503758,9.700487,Glia/Schwann,12
GTGCTGGAGCATTTCG-1-1,2.1965866,3.4943082,Supporting cells,12
GTGCTGGAGTGCCAGA-1-1,2.112093,4.632434,Supporting cells,12
GTGCTGGGTCGCGTCA-1-1,3.4988747,6.0043674,Supporting cells,12
GTGCTTCAGAATCGAT-1-1,0.43169728,1.6288253,Supporting cells,12
GTGCTTCCAGGCTTGC-1-1,-2.3236642,2.5681257,Supporting cells,12
GTGCTTCTCCTGTTGC-1-1,0.84021246,3.1673238,Supporting cells,12
GTGGAAGAGATCGGTG-1-1,3.9596398,9.671484,Supporting cells,12
GTGGAAGAGTTTGTCG-1-1,1.4380056,0.9771503,Supporting cells,12
GTGGAAGCACGACCTG-1-1,0.59477705,12.19563,Fibrocytes,12
GTGGAAGCATAATGAG-1-1,5.8119774,5.530268,Supporting cells,12
GTGGAAGCATGTGGCC-1-1,-2.014691,1.3703034,Supporting cells,12
GTGGAAGGTCTCACAA-1-1,5.543238,1.5704739,Inner hair cells,12
GTGGAAGGTGGATCAG-1-1,-1.0502169,0.6949728,Supporting cells,12
GTGGAAGGTGGCGTAA-1-1,3.6325123,11.694654,Supporting cells,12
GTGGAAGGTTTCGTAG-1-1,-1.6409074,3.646375,Supporting cells,12
GTGGAAGTCCAAGCAT-1-1,1.1943121,2.7167068,Supporting cells,12
GTGGAAGTCGCGATCG-1-1,2.9803886,4.076556,Supporting cells,12
GTGGAGAAGAACTCCT-1-1,-2.0851402,2.7160096,Supporting cells,12
GTGGAGAAGATTAGCA-1-1,0.8251395,4.3211813,Supporting cells,12
GTGGAGACAATGGCAG-1-1,-2.285225,1.4755188,Supporting cells,12
GTGGAGACACTCTAGA-1-1,-6.351097,3.9501984,Fibrocytes,12
GTGGAGACATGAAGCG-1-1,5.7191043,3.460617,Supporting cells,12
GTGGAGAGTCACAGTT-1-1,-0.52022016,4.107096,Supporting cells,12
GTGGCGTAGCAAGTGC-1-1,-4.8521333,4.381184,Fibrocytes,12
GTGGCGTCACAGTCAT-1-1,-2.0345378,0.31565654,Supporting cells,12
GTGGCGTCAGTGGCTC-1-1,0.74556243,12.236732,Fibrocytes,12
GTGGCGTGTGTATTGC-1-1,5.867376,8.79227,Supporting cells,12
GTGGCGTGTTAAGACA-1-1,-1.8793684,1.7413071,Supporting cells,12
GTGGGAAAGAACTGAT-1-1,-0.103326365,3.8599346,Supporting cells,12
GTGGGAAAGCGCACAA-1-1,1.289357,1.766648,Supporting cells,12
GTGGGAAAGGACATCG-1-1,0.88010794,8.075098,Supporting cells,12
GTGGGAAGTAATCAGA-1-1,-2.821656,2.5775795,Supporting cells,12
GTGGGAAGTAATGATG-1-1,7.8510923,6.180733,Supporting cells,12
GTGGGAAGTGCCTTTC-1-1,1.1159368,12.996552,Fibrocytes,12
GTGGGAAGTGTATCCA-1-1,0.84909177,12.286256,Fibrocytes,12
GTGGGAATCTCAGTCC-1-1,3.687297,5.910607,Supporting cells,12
GTGGGAATCTTCCTAA-1-1,6.812333,4.0266495,Supporting cells,12
GTGGTTACACTGAATC-1-1,-0.6065916,1.6133757,Supporting cells,12
GTGGTTATCAATGCAC-1-1,1.8106166,8.389911,Supporting cells,12
GTGGTTATCGGCATAT-1-1,8.331999,2.999437,Supporting cells,12
GTGGTTATCTAACGGT-1-1,-1.4836619,2.8048344,Supporting cells,12
GTGGTTATCTTCCCGA-1-1,10.348456,9.190468,Glia/Schwann,12
GTGTAACAGAACAAGG-1-1,0.7287469,11.144758,Fibrocytes,12
GTGTAACAGACTACGG-1-1,-1.7567701,1.705795,Supporting cells,12
GTGTAACAGATGGTAT-1-1,0.22474103,0.80175954,Supporting cells,12
GTGTAACAGGACGCAT-1-1,7.404936,6.1911287,Supporting cells,12
GTGTAACCAAACTAGA-1-1,0.028295008,6.881036,Supporting cells,12
GTGTAACCACAAATGA-1-1,9.87433,9.645141,Glia/Schwann,12
GTGTAACCACTGTCCT-1-1,9.561566,8.508127,Glia/Schwann,12
GTGTAACGTATCCCTC-1-1,6.541533,3.9423213,Supporting cells,12
GTGTAACGTCTTGGTA-1-1,1.6273581,4.436592,Supporting cells,12
GTGTAACGTGCATTTG-1-1,5.5183644,1.1020314,Inner hair cells,12
GTGTAACTCCAAATGC-1-1,0.7414089,13.250911,Fibrocytes,12
GTGTCCTAGTGGAAAG-1-1,-1.4884282,3.8039331,Supporting cells,12
GTGTCCTAGTTGCTCA-1-1,7.6865273,9.803344,Glia/Schwann,12
GTGTCCTCAAGAGAGA-1-1,0.85474825,2.0202205,Supporting cells,12
GTGTCCTGTACTGTTG-1-1,0.3543393,2.0917666,Supporting cells,12
GTGTCCTGTCAACACT-1-1,2.0825865,11.586069,Supporting cells,12
GTGTCCTTCGGTCGAC-1-1,-0.30886704,6.321074,Supporting cells,12
GTGTGATAGCCAGAGT-1-1,4.8325953,6.2884574,Supporting cells,12
GTGTGATCAACCTAAC-1-1,7.6112075,6.1328974,Supporting cells,12
GTGTGATCAATAACGA-1-1,0.12984443,2.8440764,Supporting cells,12
GTGTGATCAGAGTCAG-1-1,-0.109464906,1.0165442,Supporting cells,12
GTGTGATCAGCAGATG-1-1,-2.175837,-1.2991338,Supporting cells,12
GTGTGATCAGTGTACT-1-1,7.2908983,4.8651605,Supporting cells,12
GTGTGATGTCCAGCGT-1-1,4.077439,10.573798,Supporting cells,12
GTGTGATTCCAGCTCT-1-1,-2.4817734,-0.6904781,Supporting cells,12
GTGTGGCAGTCAGCCC-1-1,0.942041,14.196985,Fibrocytes,12
GTGTGGCCACGTGAGA-1-1,-0.86585164,4.094662,Supporting cells,12
GTGTGGCCAGGGTTGA-1-1,-2.4025478,0.93908185,Supporting cells,12
GTGTGGCGTAACAAGT-1-1,4.145593,4.267527,Supporting cells,12
GTGTGGCGTCGTGGAA-1-1,-5.899877,4.099068,Fibrocytes,12
GTGTGGCGTCTACAGT-1-1,1.0599879,12.839071,Fibrocytes,12
GTGTGGCTCATTATCC-1-1,2.2894537,11.282132,Fibrocytes,12
GTGTGGCTCCTGCCAT-1-1,6.9374866,3.9293892,Supporting cells,12
GTGTGGCTCTCCCTAG-1-1,7.144131,5.1137958,Supporting cells,12
GTGTTAGAGAGTCTGG-1-1,-0.98883224,6.0339093,Supporting cells,12
GTGTTAGAGATCCTAC-1-1,3.4124315,9.235211,Supporting cells,12
GTGTTAGAGCCTTGAT-1-1,-2.972686,3.6334195,Supporting cells,12
GTGTTAGCACTACCCT-1-1,5.2242217,0.11162843,Inner hair cells,12
GTGTTCCAGCATCCCG-1-1,6.761382,7.4582305,Glia/Schwann,12
GTGTTCCCAAGCACCC-1-1,0.27820447,2.0076556,Supporting cells,12
GTGTTCCCAAGCAGGT-1-1,-5.6657248,4.3190975,Fibrocytes,12
GTGTTCCCAGTCGCTG-1-1,-0.22516464,6.269488,Supporting cells,12
GTGTTCCCATAGATGA-1-1,1.978293,4.794329,Supporting cells,12
GTTACAGAGGTTTACC-1-1,-0.12741923,6.799871,Supporting cells,12
GTTACAGAGTGCAAAT-1-1,1.4298048,0.9468814,Supporting cells,12
GTTACAGCAACTGAAA-1-1,5.727934,6.170966,Supporting cells,12
GTTACAGCACCGTCTT-1-1,1.3214138,12.941002,Fibrocytes,12
GTTACAGCACGGCTAC-1-1,7.1234303,10.698434,Glia/Schwann,12
GTTACAGCACTAGGTT-1-1,0.27718255,3.257913,Supporting cells,12
GTTACAGTCACTGATG-1-1,7.7712107,1.9052712,Outer hair cells,12
GTTACAGTCATGCATG-1-1,2.3756793,11.933191,Fibrocytes,12
GTTACCCAGGAGGTTC-1-1,9.053992,8.56795,Glia/Schwann,12
GTTACCCGTCTCTCAC-1-1,5.1611257,0.5155054,Inner hair cells,12
GTTACCCTCGGTATGT-1-1,7.0305243,5.908882,Supporting cells,12
GTTACGAAGCCATTGT-1-1,-1.6736956,-1.8351595,Supporting cells,12
GTTACGACAAGGGTCA-1-1,-2.5090883,2.5003722,Supporting cells,12
GTTAGACAGGCCCGTT-1-1,9.340134,4.9287195,Supporting cells,12
GTTAGACAGTCTGGAG-1-1,0.4082473,4.547261,Supporting cells,12
GTTAGACCAGTCGTTA-1-1,-2.1540282,-1.4778506,Supporting cells,12
GTTAGACCATGTGCTA-1-1,-0.7954409,5.9140186,Supporting cells,12
GTTAGACGTGAATGTA-1-1,-1.619214,5.939729,Supporting cells,12
GTTAGTGAGCGGACAT-1-1,2.5631604,13.68943,Fibrocytes,12
GTTAGTGAGTGCACTT-1-1,6.598048,7.2225103,Glia/Schwann,12
GTTAGTGTCACTGTCC-1-1,-0.9324176,6.9238753,Supporting cells,12
GTTAGTGTCCGTGTAA-1-1,0.08164739,4.3802123,Supporting cells,12
GTTAGTGTCTCTCTTC-1-1,-4.059128,5.003681,Fibrocytes,12
GTTAGTGTCTCTGACC-1-1,-0.15331836,1.2451026,Supporting cells,12
GTTATGGAGTCACAGG-1-1,0.52548,0.25268403,Supporting cells,12
GTTATGGCAGATACTC-1-1,7.394377,2.3351529,Outer hair cells,12
GTTATGGGTCACAGTT-1-1,7.9361115,5.530611,Supporting cells,12
GTTATGGGTGAGCCAA-1-1,0.4164759,7.043771,Supporting cells,12
GTTATGGGTTGCCAAT-1-1,-1.5922356,0.853422,Supporting cells,12
GTTATGGTCACCATGA-1-1,4.2529297,3.3454356,Supporting cells,12
GTTATGGTCAGACCCG-1-1,3.6930454,1.8968395,Supporting cells,12
GTTATGGTCTGAGAGG-1-1,7.2751546,5.1625705,Supporting cells,12
GTTCATTAGGGAGGAC-1-1,7.757381,1.1242604,Outer hair cells,12
GTTCATTTCAATGTCG-1-1,-0.1581896,2.4362934,Supporting cells,12
GTTCATTTCACTTGTT-1-1,2.4816349,12.370235,Fibrocytes,12
GTTCATTTCCGATTAG-1-1,-0.21335167,6.8469243,Supporting cells,12
GTTCCGTCACTTGGCG-1-1,6.3073573,10.971321,Fibrocytes,12
GTTCCGTGTTAAACCC-1-1,-2.771331,4.833197,Supporting cells,12
GTTCCGTTCATGGGAG-1-1,0.09702238,1.0911375,Supporting cells,12
GTTCCGTTCGACACCG-1-1,-2.1369414,2.8034585,Supporting cells,12
GTTCCGTTCGCGAAGA-1-1,2.1259902,10.030928,Fibrocytes,12
GTTCGCTGTAGCTGTT-1-1,-2.6123395,11.742294,Macrophages/Microglia,12
GTTCGCTGTCAGACGA-1-1,-6.6185203,5.3754416,Fibrocytes,12
GTTCGCTGTGGCTACC-1-1,1.2594987,2.7344763,Supporting cells,12
GTTCTATAGAAGTGTT-1-1,-1.37215,2.8875859,Supporting cells,12
GTTCTATCAATTGAGA-1-1,-3.0872347,2.5163367,Supporting cells,12
GTTCTATCAGGAATAT-1-1,0.8488193,6.0499444,Supporting cells,12
GTTCTATCATGGGCAA-1-1,0.7284537,0.59769416,Supporting cells,12
GTTGAACAGGACGCAT-1-1,-1.4243712,4.9576015,Supporting cells,12
GTTGAACAGTCTTCGA-1-1,-1.6636083,3.1030774,Supporting cells,12
GTTGAACGTCTACGTA-1-1,-1.5876168,-0.81862444,Supporting cells,12
GTTGAACGTTTGGCTA-1-1,4.034144,2.418072,Supporting cells,12
GTTGCGGAGCTACGTT-1-1,6.7695,3.515447,Supporting cells,12
GTTGCGGAGGCTCTCG-1-1,-1.8840625,5.0594354,Supporting cells,12
GTTGCGGAGTCATGGG-1-1,5.9418125,2.7905617,Supporting cells,12
GTTGCGGCAGTAACCT-1-1,-0.81474143,-1.5967981,Supporting cells,12
GTTGCGGTCGTTAGAC-1-1,-0.6988716,4.1403837,Supporting cells,12
GTTGCGGTCTAAGGAA-1-1,7.5057983,3.4619253,Supporting cells,12
GTTGCTCAGCCGAACA-1-1,9.412392,8.669936,Glia/Schwann,12
GTTGCTCAGCCTCCAG-1-1,3.0223117,5.549274,Supporting cells,12
GTTGCTCCAACCCTAA-1-1,-4.9768267,5.2653074,Fibrocytes,12
GTTGCTCCAGCCTATA-1-1,-1.0087607,-0.23677105,Supporting cells,12
GTTGCTCCATGCCATA-1-1,0.81113046,13.523392,Fibrocytes,12
GTTGCTCGTAAGTTGA-1-1,7.24534,5.045534,Supporting cells,12
GTTGCTCGTTCTAACG-1-1,3.9141862,2.971717,Supporting cells,12
GTTGTAGCACTTTAGG-1-1,-0.9447367,3.8545315,Supporting cells,12
GTTGTAGGTCCCTCAT-1-1,3.7453527,10.024532,Supporting cells,12
GTTGTAGGTGAATATG-1-1,0.4159446,3.6007898,Supporting cells,12
GTTGTCCAGGCCTTGC-1-1,1.1111465,2.0953217,Supporting cells,12
GTTGTCCCAACACAAA-1-1,0.0242557,3.3516178,Supporting cells,12
GTTGTCCCAGACTGCC-1-1,7.8552566,6.4714146,Supporting cells,12
GTTGTCCGTGGCTCTG-1-1,1.8857589,10.666108,Fibrocytes,12
GTTGTCCGTTAAACCC-1-1,1.6383017,11.0416975,Supporting cells,12
GTTGTCCTCTCGTTTA-1-1,-3.7571738,5.396026,Fibrocytes,12
GTTGTGACAACCAGAG-1-1,4.4030724,8.546068,Supporting cells,12
GTTTACTAGGTCGACA-1-1,0.6572614,10.930679,Fibrocytes,12
GTTTACTCATCGAGCC-1-1,10.086546,0.5205372,Outer hair cells,12
GTTTACTCATGGCGCT-1-1,3.7904112,9.885556,Supporting cells,12
GTTTACTGTTGAGTCT-1-1,-0.039105777,4.567106,Supporting cells,12
GTTTACTGTTGTCTAG-1-1,-2.6061618,2.1439943,Supporting cells,12
GTTTACTGTTTCCCAC-1-1,-3.1476667,2.4662173,Supporting cells,12
GTTTGGACAGAGCCCT-1-1,-4.8677983,5.3478513,Fibrocytes,12
GTTTGGATCAAGTGGG-1-1,-0.96224314,5.4210296,Supporting cells,12
GTTTGGATCCTGGTCT-1-1,1.2166152,13.031046,Fibrocytes,12
TAACACGAGCACCCAC-1-1,1.254923,1.4840009,Supporting cells,12
TAACACGAGCCAGACA-1-1,0.63460964,4.116474,Supporting cells,12
TAACACGCAACTGAAA-1-1,4.714215,6.7688346,Supporting cells,12
TAACACGCACAAGCCC-1-1,-0.5198488,6.9711127,Supporting cells,12
TAACACGCAGAGTTCT-1-1,6.6512146,2.2065234,Fibrocytes,12
TAACACGTCTCAATCT-1-1,3.3149335,6.436833,Supporting cells,12
TAACCAGAGAATCGTA-1-1,8.315371,3.0451725,Supporting cells,12
TAACCAGCAAGTGCAG-1-1,-3.4298613,6.202563,Supporting cells,12
TAACCAGCACAGCCTG-1-1,0.56146353,12.25063,Fibrocytes,12
TAACCAGGTTGTGTAC-1-1,3.4627833,4.0186753,Supporting cells,12
TAACCAGTCCGCACTT-1-1,-0.3758314,6.330194,Supporting cells,12
TAACGACAGACGGTTG-1-1,1.400982,1.5040684,Supporting cells,12
TAACGACAGTTTCGAC-1-1,6.758787,1.5212884,Outer hair cells,12
TAACGACCACACCAGC-1-1,-0.1980215,3.1644697,Supporting cells,12
TAACGACCACATAACC-1-1,2.9861798,8.906653,Supporting cells,12
TAACGACCATATGGCT-1-1,5.5370793,2.15331,Inner hair cells,12
TAACGACGTCGGATTT-1-1,2.7157288,13.04425,Fibrocytes,12
TAACGACGTGTTACTG-1-1,-0.69897157,0.48878518,Supporting cells,12
TAACGACGTTCTGAGT-1-1,0.8202324,13.885434,Fibrocytes,12
TAACGACGTTGGTACT-1-1,8.996754,6.7661567,Supporting cells,12
TAACGACTCTCCTGAC-1-1,0.14839832,1.968016,Supporting cells,12
TAACTTCAGCGCACAA-1-1,6.920548,3.8539586,Supporting cells,12
TAACTTCCACAAAGTA-1-1,1.1113312,0.58929664,Supporting cells,12
TAACTTCCACAAGCCC-1-1,-3.3924012,3.6338146,Fibrocytes,12
TAACTTCCATCGATAC-1-1,-0.47308245,-0.5076127,Supporting cells,12
TAACTTCGTCCGAAGA-1-1,5.97306,9.573091,Supporting cells,12
TAACTTCGTTAAGCAA-1-1,2.5551214,13.72535,Fibrocytes,12
TAACTTCTCAACTTTC-1-1,8.603491,2.7873712,Supporting cells,12
TAACTTCTCTCGAGTA-1-1,1.2236999,7.9981484,Supporting cells,12
TAAGCACAGACATCAA-1-1,6.1918187,7.336994,Glia/Schwann,12
TAAGCACAGCACGATG-1-1,-2.9356744,10.51298,Macrophages/Microglia,12
TAAGCACAGCGTTCCG-1-1,0.79950446,8.337887,Supporting cells,12
TAAGCACCATACAGAA-1-1,-2.2743962,-2.0926647,Supporting cells,12
TAAGCACGTGTTATCG-1-1,4.282674,2.421977,Supporting cells,12
TAAGCACGTTGTTGTG-1-1,-1.4796339,0.72712135,Supporting cells,12
TAAGCACTCGGCTCTT-1-1,-2.594672,3.1760163,Supporting cells,12
TAAGCACTCTTGCAAG-1-1,7.4528966,4.7874665,Supporting cells,12
TAAGCCAAGCAATAAC-1-1,3.1634116,3.8173804,Supporting cells,12
TAAGCCAAGGTCCAGA-1-1,-0.40407968,5.9199624,Supporting cells,12
TAAGCCACAGAAGCGT-1-1,9.262778,1.1079712,Outer hair cells,12
TAAGCCACAGTTCCAA-1-1,6.39719,8.684178,Glia/Schwann,12
TAAGCCAGTAGTGATA-1-1,9.605645,5.2509923,Supporting cells,12
TAAGCCAGTGACACAG-1-1,3.35496,4.680902,Supporting cells,12
TAAGCCATCATGCCGG-1-1,-0.48380426,0.41730115,Supporting cells,12
TAAGCCATCGTAACAC-1-1,-0.5748391,9.28122,Supporting cells,12
TAAGCCATCTGGGAGA-1-1,0.31969398,3.5262578,Supporting cells,12
TAAGCGTAGCGAAACC-1-1,5.281848,9.964159,Supporting cells,12
TAAGCGTCACATCATG-1-1,7.8392553,6.2845693,Supporting cells,12
TAAGCGTGTCACGTGC-1-1,0.67629975,0.62591594,Supporting cells,12
TAAGCGTGTTAGGCTT-1-1,0.45447412,11.578354,Fibrocytes,12
TAAGCGTGTTGCGAAG-1-1,6.5865283,7.1409984,Glia/Schwann,12
TAAGCGTTCAATCGGT-1-1,6.4415092,8.709525,Glia/Schwann,12
TAAGCGTTCTGCATGA-1-1,-6.523116,4.5240197,Fibrocytes,12
TAAGTCGAGCCTATTG-1-1,1.7186816,3.1493306,Supporting cells,12
TAAGTCGAGCTGAGCA-1-1,-2.8445094,6.508993,Supporting cells,12
TAAGTCGAGTAGTCCT-1-1,3.770407,7.028491,Supporting cells,12
TAAGTCGAGTCACACT-1-1,4.6390963,10.0185375,Supporting cells,12
TAAGTCGCAAAGCACG-1-1,0.63641447,4.7549314,Supporting cells,12
TAAGTCGCAATTCGTG-1-1,-3.0538301,10.995868,Macrophages/Microglia,12
TAAGTCGCAGAAGTTA-1-1,-2.2184193,1.9264003,Supporting cells,12
TAAGTCGGTACTCGCG-1-1,2.612171,9.715036,Supporting cells,12
TAAGTCGGTCGGTACC-1-1,5.7570486,2.6702936,Supporting cells,12
TAAGTCGGTTGCATCA-1-1,-0.60949206,3.1110947,Supporting cells,12
TAAGTCGTCATTTGTC-1-1,-0.6628472,1.3294594,Supporting cells,12
TAAGTCGTCGTGCGAC-1-1,-6.2450366,4.586184,Fibrocytes,12
TAAGTCGTCTACACTT-1-1,-2.0914464,1.444059,Supporting cells,12
TAATCTCAGCCATGCC-1-1,-1.1968884,1.8834609,Supporting cells,12
TAATCTCAGTGGAAGA-1-1,5.0993156,4.593221,Supporting cells,12
TAATCTCCAAGGGCAT-1-1,3.605798,10.141874,Supporting cells,12
TAATCTCCAATAGGAT-1-1,-0.20735139,0.46623355,Supporting cells,12
TAATCTCGTTGCGGCT-1-1,-1.8844091,2.3742826,Supporting cells,12
TAATCTCTCGCAGTCG-1-1,10.7828865,2.8005843,Spiral ganglion neurons,12
TAATCTCTCGGCATTA-1-1,7.7511992,3.3551567,Supporting cells,12
TAATCTCTCTTAGTTC-1-1,-2.506066,9.694679,Macrophages/Microglia,12
TAATTCCAGCACCCAC-1-1,10.005242,8.940547,Glia/Schwann,12
TAATTCCAGGTAAACT-1-1,8.079478,6.4311085,Supporting cells,12
TAATTCCCATCTGTTT-1-1,-1.307433,2.0135815,Supporting cells,12
TAATTCCGTATGGGAC-1-1,-0.5411949,9.122897,Supporting cells,12
TAATTCCTCAACCGAT-1-1,1.1016723,11.800759,Fibrocytes,12
TAATTCCTCGCGAAGA-1-1,-0.8556928,2.5583663,Supporting cells,12
TACAACGAGTGAGGTC-1-1,9.088423,8.288197,Glia/Schwann,12
TACAACGAGTGCACTT-1-1,-1.4438239,5.774089,Supporting cells,12
TACAACGCACGCCACA-1-1,7.0826955,6.6487093,Glia/Schwann,12
TACAACGCATGGATCT-1-1,-2.2829833,11.189159,Macrophages/Microglia,12
TACAACGGTGGTCTCG-1-1,0.40625682,5.579897,Supporting cells,12
TACAACGTCCATTTGT-1-1,4.376742,11.11069,Supporting cells,12
TACACCCAGTATAGAC-1-1,1.5540491,5.2490816,Supporting cells,12
TACACCCCACAGCTTA-1-1,0.8903913,11.153858,Fibrocytes,12
TACACCCCATGCCATA-1-1,-1.11154,8.619825,Supporting cells,12
TACACCCGTTGGGAAC-1-1,6.746016,3.905369,Supporting cells,12
TACACCCTCATTCGTT-1-1,0.62004036,2.1200352,Supporting cells,12
TACACCCTCCATAAGC-1-1,0.6101181,3.201903,Supporting cells,12
TACACCCTCGCAACAT-1-1,6.6758184,1.5895473,Supporting cells,12
TACAGGTCACTCAAGT-1-1,7.7911425,9.103679,Glia/Schwann,12
TACAGGTGTGACATCT-1-1,6.6074533,5.596049,Supporting cells,12
TACAGGTGTTAGAGAT-1-1,-0.9134793,9.046137,Supporting cells,12
TACAGGTTCAACACCA-1-1,11.504685,3.0211236,Spiral ganglion neurons,12
TACATTCAGACCAAAT-1-1,8.7661,0.7498122,Outer hair cells,12
TACATTCAGAGCAACC-1-1,-1.6602968,1.3339835,Supporting cells,12
TACATTCAGCTAGAAT-1-1,5.3816266,0.28869528,Inner hair cells,12
TACATTCAGTCATAGA-1-1,7.3640547,1.3115944,Outer hair cells,12
TACATTCCATACTGAC-1-1,-0.21052584,7.172597,Supporting cells,12
TACATTCGTATTAAGG-1-1,-0.52977186,0.91332954,Supporting cells,12
TACATTCGTGTCTTGA-1-1,0.89138764,12.90219,Fibrocytes,12
TACATTCGTTGCTTGA-1-1,1.0707133,11.28058,Fibrocytes,12
TACATTCGTTGGACTT-1-1,10.151069,9.296819,Glia/Schwann,12
TACATTCTCCGTGGGT-1-1,3.5319624,0.23963237,Glia/Schwann,12
TACCCACAGCGAATGC-1-1,7.2166367,2.318114,Outer hair cells,12
TACCCACAGGTCCCTG-1-1,-1.7675757,3.1654062,Supporting cells,12
TACCCACGTCGGCTAC-1-1,4.3833737,2.1225986,Supporting cells,12
TACCCACGTTCTATCT-1-1,3.4685893,2.8369277,Supporting cells,12
TACCCACTCCCTCTCC-1-1,4.0765224,10.860319,Supporting cells,12
TACCCACTCGCACGAC-1-1,1.5771227,8.8134365,Supporting cells,12
TACCCGTAGGAAGTCC-1-1,5.972624,9.194223,Supporting cells,12
TACCCGTCAAATGCTC-1-1,9.496672,5.2558694,Supporting cells,12
TACCCGTCACCAGGTC-1-1,2.3065557,13.5623045,Fibrocytes,12
TACCCGTCACCCTCTA-1-1,0.5007656,0.98442155,Supporting cells,12
TACCCGTCACTAACCA-1-1,4.566916,5.2828565,Supporting cells,12
TACCCGTGTACTCCGG-1-1,0.71958566,10.737311,Fibrocytes,12
TACCCGTGTGCCTTCT-1-1,7.398115,1.1001544,Outer hair cells,12
TACCCGTTCAACGAGG-1-1,9.014882,8.859101,Glia/Schwann,12
TACCCGTTCGACACCG-1-1,0.9979562,3.3022397,Supporting cells,12
TACCCGTTCGCAGAGA-1-1,7.299769,1.4542192,Outer hair cells,12
TACCCGTTCTGTCGCT-1-1,5.4467735,6.1492624,Supporting cells,12
TACCGAAAGAGCATCG-1-1,0.7370677,3.2960074,Supporting cells,12
TACCGAAAGCTGTCCG-1-1,2.0996451,7.6846952,Supporting cells,12
TACCGAAAGTCCGCCA-1-1,4.1043835,10.28919,Supporting cells,12
TACCGAAAGTGCAAAT-1-1,-0.9756808,2.2763805,Supporting cells,12
TACCGAATCAACTCTT-1-1,-6.778619,5.0630856,Fibrocytes,12
TACCGAATCTCTTAAC-1-1,3.0729952,10.1801405,Supporting cells,12
TACCGAATCTTGGATG-1-1,1.2848666,13.51471,Fibrocytes,12
TACCGGGCAAGTTCGT-1-1,-0.6640382,4.8477497,Supporting cells,12
TACCGGGGTCGAATGG-1-1,3.4848664,11.700945,Supporting cells,12
TACCGGGGTGTGTTTG-1-1,0.35466096,3.7762585,Supporting cells,12
TACCGGGTCCTGTACC-1-1,0.42525774,4.653284,Supporting cells,12
TACCGGGTCTCGTCAC-1-1,-1.3074447,-0.41734394,Supporting cells,12
TACCTCGAGTCATGAA-1-1,-2.6863928,0.9127297,Supporting cells,12
TACCTCGCAATGCAAA-1-1,8.296447,4.8338137,Supporting cells,12
TACCTGCAGCTAAATG-1-1,-0.9370842,6.1259007,Supporting cells,12
TACCTGCCAAGAATAC-1-1,2.5313463,13.1761055,Fibrocytes,12
TACCTGCGTGCCTGAC-1-1,0.053771738,5.9397864,Supporting cells,12
TACCTGCTCCGAAATC-1-1,-4.4700565,4.4685545,Fibrocytes,12
TACCTGCTCGACGATT-1-1,2.2349913,3.744607,Fibrocytes,12
TACCTGCTCTGGGCGT-1-1,-2.321374,3.0940573,Supporting cells,12
TACCTGCTCTTCTAAC-1-1,-0.4993287,3.9091358,Supporting cells,12
TACGCTCAGATTAGAC-1-1,-2.003533,4.234713,Supporting cells,12
TACGCTCAGCTGCCAC-1-1,8.831306,0.926322,Outer hair cells,12
TACGCTCAGGGATCTG-1-1,2.5820203,9.099182,Supporting cells,12
TACGCTCGTACGAGTG-1-1,-1.5123581,5.4999957,Supporting cells,12
TACGCTCGTATAATGG-1-1,-0.9792927,2.8103366,Supporting cells,12
TACGGGCCAAGCTGCC-1-1,0.8045231,1.0755278,Supporting cells,12
TACGGGCCAGCTGTAT-1-1,3.661363,3.8665464,Supporting cells,12
TACGGGCCATTGAAGA-1-1,-1.3793072,-0.14027335,Supporting cells,12
TACGGGCTCACGAACT-1-1,-1.1825349,4.322397,Supporting cells,12
TACGGGCTCGCCTATC-1-1,-2.3893774,-1.2665101,Supporting cells,12
TACGGGCTCGCCTTGT-1-1,-0.03272281,5.0840597,Supporting cells,12
TACGGGCTCTGGTGCG-1-1,-2.9784021,3.6936717,Supporting cells,12
TACGGTACACCAACAT-1-1,2.2612584,11.645319,Fibrocytes,12
TACGGTACACCCTGTT-1-1,4.2071033,3.5281065,Supporting cells,12
TACGGTACATCATCTT-1-1,8.2167225,9.839671,Glia/Schwann,12
TACGGTATCAGGACAG-1-1,3.6046567,6.7124662,Fibrocytes,12
TACGGTATCATCACAG-1-1,0.43399188,11.491614,Fibrocytes,12
TACGGTATCCGGCAAC-1-1,8.658231,8.663477,Glia/Schwann,12
TACGGTATCGTTGTGA-1-1,9.860317,0.77657354,Outer hair cells,12
TACGTCCAGCGATGAC-1-1,1.1437341,14.1945,Fibrocytes,12
TACGTCCTCCACGGGT-1-1,3.4833112,9.120166,Supporting cells,12
TACGTCCTCGCAAGAG-1-1,5.8522463,6.6314487,Supporting cells,12
TACTGCCAGCTAGATA-1-1,8.005839,2.2024894,Outer hair cells,12
TACTGCCCAGAAATCA-1-1,0.9533591,8.084984,Supporting cells,12
TACTGCCGTACGAGCA-1-1,-0.863501,2.6572566,Supporting cells,12
TACTGCCGTCTACACA-1-1,2.5301554,11.710994,Fibrocytes,12
TACTGCCGTGCGCTCA-1-1,-1.355347,9.466752,Supporting cells,12
TACTTACGTCGTACTA-1-1,0.04222059,8.464748,Supporting cells,12
TACTTACTCGGAGTAG-1-1,8.72568,0.687745,Outer hair cells,12
TACTTACTCGTGCATA-1-1,-2.5730414,1.37082,Supporting cells,12
TACTTACTCTCGTTTA-1-1,0.5113548,6.5831537,Supporting cells,12
TACTTCACATGACACT-1-1,-3.4016078,6.5353065,Supporting cells,12
TACTTCAGTAGAATGT-1-1,-1.7462772,3.9326715,Supporting cells,12
TACTTCAGTCATGCAT-1-1,7.3548083,5.012686,Supporting cells,12
TACTTCAGTCGTGATT-1-1,-3.0684106,2.3138409,Supporting cells,12
TACTTCAGTTGGGAAC-1-1,-2.19315,-1.90658,Supporting cells,12
TACTTCATCCATTCAT-1-1,1.7924562,4.9769173,Supporting cells,12
TACTTGTGTACTCGAT-1-1,0.016496908,4.472568,Supporting cells,12
TACTTGTGTTCTTAGG-1-1,-2.3804991,4.3106813,Supporting cells,12
TACTTGTTCAAGCTGT-1-1,3.0246928,3.4019706,Supporting cells,12
TACTTGTTCACGGGCT-1-1,4.9157004,7.847899,Supporting cells,12
TACTTGTTCCAAAGGG-1-1,-2.1543343,-0.7110443,Supporting cells,12
TACTTGTTCCAGTTCC-1-1,-1.4109088,8.571841,Supporting cells,12
TAGACCAAGCAAGGAA-1-1,-0.5072011,7.226524,Supporting cells,12
TAGACCACAAAGGAGA-1-1,0.06947997,1.6609354,Supporting cells,12
TAGACCACAAGTGACG-1-1,0.47059038,4.898696,Supporting cells,12
TAGACCACACCAATTG-1-1,7.316261,6.4045053,Supporting cells,12
TAGACCACATGCCGGT-1-1,7.6693096,1.5010496,Outer hair cells,12
TAGACCACATGGAGAC-1-1,0.08757143,5.026561,Supporting cells,12
TAGACCACATGGCCCA-1-1,6.4367743,6.905158,Glia/Schwann,12
TAGACCAGTGACCGTC-1-1,-0.61726266,1.1143205,Supporting cells,12
TAGACCAGTTCTTGCC-1-1,-0.5619309,5.834986,Supporting cells,12
TAGACTGCAAGTCCCG-1-1,0.099175975,1.5518684,Supporting cells,12
TAGACTGCACAGTGAG-1-1,2.955286,1.6967965,Supporting cells,12
TAGACTGGTACGATCT-1-1,8.322079,3.043118,Supporting cells,12
TAGACTGGTATGTCAC-1-1,-1.9011263,3.3092062,Supporting cells,12
TAGACTGGTTCGAGCC-1-1,3.5604951,7.997627,Supporting cells,12
TAGACTGTCCCGAGGT-1-1,6.628965,6.7412834,Glia/Schwann,12
TAGACTGTCCGTGGGT-1-1,1.777889,8.237428,Supporting cells,12
TAGACTGTCTTGGTCC-1-1,0.09182971,0.7615335,Supporting cells,12
TAGAGTCAGAGAGTTT-1-1,4.8062925,4.753851,Fibrocytes,12
TAGAGTCAGAGCCATG-1-1,-1.9741038,2.9718401,Supporting cells,12
TAGAGTCAGCGAGTCA-1-1,7.4595914,7.7860355,Glia/Schwann,12
TAGAGTCCATCATTGG-1-1,-1.5857517,5.564058,Supporting cells,12
TAGATCGCACACTTAG-1-1,2.53758,11.300459,Fibrocytes,12
TAGATCGCATAGTCGT-1-1,8.434034,1.046579,Outer hair cells,12
TAGATCGGTAGTCGGA-1-1,-1.2039837,1.2089272,Supporting cells,12
TAGATCGTCCTACGGG-1-1,-1.1005021,4.8288374,Supporting cells,12
TAGATCGTCGGAGATG-1-1,7.1852875,10.533537,Glia/Schwann,12
TAGCACAAGATCCTAC-1-1,2.2316096,12.008676,Fibrocytes,12
TAGCACAAGGCACCAA-1-1,2.6652703,13.490254,Fibrocytes,12
TAGCACAAGTGCACCC-1-1,8.553939,4.4443803,Supporting cells,12
TAGCACACACACTGGC-1-1,-6.391727,4.080541,Fibrocytes,12
TAGCACACACCGTGAC-1-1,-2.9516277,5.7281246,Supporting cells,12
TAGCACACATTGGGAG-1-1,1.3874997,3.387236,Supporting cells,12
TAGCACAGTATGAAGT-1-1,0.87109447,11.436499,Fibrocytes,12
TAGCACAGTCTCGACG-1-1,0.64241046,8.066801,Supporting cells,12
TAGCACATCACATACG-1-1,-1.4161037,1.8568829,Supporting cells,12
TAGCACATCGCACGGT-1-1,2.0966852,4.348592,Supporting cells,12
TAGCACATCTGGTGGC-1-1,-1.4731361,-0.66710657,Supporting cells,12
TAGGAGGAGGCATCGA-1-1,2.7887166,13.570265,Fibrocytes,12
TAGGAGGCAAACAGGC-1-1,6.932228,2.5519187,Outer hair cells,12
TAGGAGGCACCTGCGA-1-1,-2.7932067,2.6914158,Supporting cells,12
TAGGAGGCACGACAAG-1-1,10.171251,8.930496,Glia/Schwann,12
TAGGAGGGTAGCTTAC-1-1,7.817575,6.3992796,Supporting cells,12
TAGGAGGGTTAACAGA-1-1,-0.75495756,3.6462977,Supporting cells,12
TAGGGTTAGTGATCGG-1-1,3.6856446,11.629008,Supporting cells,12
TAGGGTTTCCCTCTTT-1-1,1.0893204,14.090001,Fibrocytes,12
TAGGTACAGGAAGTAG-1-1,4.513247,4.524379,Supporting cells,12
TAGGTACAGTAGAGTT-1-1,6.5708,4.655027,Supporting cells,12
TAGGTACCAAGAATGT-1-1,0.5003534,13.934321,Fibrocytes,12
TAGGTACCAGACCAGA-1-1,1.8877507,6.873743,Supporting cells,12
TAGGTACCATCCTTCG-1-1,-4.509586,3.8611648,Fibrocytes,12
TAGGTACCATGGACAG-1-1,4.326397,10.661148,Supporting cells,12
TAGGTACTCACAGAGG-1-1,0.6099639,6.862905,Supporting cells,12
TAGGTTGGTCAGTCCG-1-1,5.488862,1.1557143,Inner hair cells,12
TAGGTTGTCACGGTCG-1-1,8.45745,3.0159614,Supporting cells,12
TAGGTTGTCATGCTAG-1-1,7.5512004,4.8971667,Supporting cells,12
TAGGTTGTCTGGAGAG-1-1,5.910982,11.126008,Fibrocytes,12
TAGTGCAGTACCTTCC-1-1,4.864524,4.397462,Supporting cells,12
TAGTGCAGTGTTAACC-1-1,-6.008515,4.6668973,Fibrocytes,12
TAGTGCAGTTATCCAG-1-1,5.060856,2.325738,Supporting cells,12
TAGTGCATCCGCAAAT-1-1,1.705879,4.457646,Supporting cells,12
TAGTGCATCTGTCAGA-1-1,1.7607182,6.0392656,Supporting cells,12
TATACCTAGTTGCGCC-1-1,-2.352867,-0.56692165,Supporting cells,12
TATACCTCACGACTAT-1-1,10.462898,8.882744,Glia/Schwann,12
TATACCTCAGACACCC-1-1,-2.2184446,-1.0760086,Supporting cells,12
TATACCTCAGTCAACT-1-1,0.71667045,6.0131187,Supporting cells,12
TATACCTGTATGAAAC-1-1,4.8047247,2.669187,Supporting cells,12
TATACCTGTGACAGGT-1-1,0.67743444,1.8541241,Supporting cells,12
TATATCCAGTACCGGA-1-1,0.5441881,10.169888,Supporting cells,12
TATATCCAGTTTGGCT-1-1,0.26953807,6.4614763,Supporting cells,12
TATATCCTCACGATCA-1-1,4.7911415,6.659443,Supporting cells,12
TATATCCTCTAGTGAC-1-1,2.589089,4.7190633,Supporting cells,12
TATATCCTCTCATAGG-1-1,0.36609164,1.3136464,Supporting cells,12
TATCAGGCACCCTAAA-1-1,5.8398814,8.370192,Supporting cells,12
TATCAGGCAGTCGGTC-1-1,5.0338407,4.132107,Supporting cells,12
TATCAGGGTGGACTGA-1-1,-2.0112505,-0.38164866,Supporting cells,12
TATCAGGGTTATGACC-1-1,5.6870556,8.119533,Glia/Schwann,12
TATCAGGGTTGGGAAC-1-1,0.39999652,2.6224923,Supporting cells,12
TATCAGGTCTCTCGAC-1-1,9.649568,5.1056104,Supporting cells,12
TATCCTAAGGCCACTC-1-1,2.839043,13.626618,Fibrocytes,12
TATCCTACAGAAGCTG-1-1,1.4531915,6.5241175,Supporting cells,12
TATCCTAGTATTTCTC-1-1,0.7674196,4.317945,Supporting cells,12
TATCCTAGTGAGGCAT-1-1,1.1296015,1.9603418,Supporting cells,12
TATCCTATCACCGCTT-1-1,0.71721584,10.401758,Supporting cells,12
TATCCTATCCTCAGAA-1-1,2.4103472,3.6492403,Fibrocytes,12
TATCGCCAGCAACAAT-1-1,-1.5608,2.209644,Supporting cells,12
TATCGCCAGTGACACG-1-1,7.9810734,8.064986,Glia/Schwann,12
TATCGCCCACCTGAAT-1-1,3.7044063,6.505269,Supporting cells,12
TATCGCCCAGGTCAGA-1-1,-4.1106815,7.6017156,Supporting cells,12
TATCGCCCAGTGTACT-1-1,4.3160667,2.3855813,Supporting cells,12
TATCGCCGTACAGTTC-1-1,-0.438725,5.1369176,Supporting cells,12
TATCGCCTCACGGACC-1-1,1.2141861,14.1726675,Fibrocytes,12
TATCGCCTCGATACTG-1-1,5.460111,6.6577635,Supporting cells,12
TATCTGTAGATGTAGT-1-1,8.595097,6.2884064,Supporting cells,12
TATCTGTCAAAGCACG-1-1,4.872861,4.136522,Supporting cells,12
TATCTGTCAGCAGACA-1-1,1.2051442,1.7967892,Supporting cells,12
TATCTGTCAGTAGGAC-1-1,-0.8230399,5.6246963,Supporting cells,12
TATCTGTCAGTTGAAA-1-1,-2.4460714,-1.627066,Supporting cells,12
TATCTGTTCCCATAAG-1-1,3.9463875,7.6109076,Supporting cells,12
TATCTGTTCCCATGGG-1-1,-3.1655118,8.606178,Supporting cells,12
TATCTGTTCTGAGGCC-1-1,0.9789824,10.290488,Supporting cells,12
TATCTTGAGAAACTCA-1-1,-1.1527169,8.083352,Supporting cells,12
TATCTTGAGTCTTCGA-1-1,8.574471,8.908973,Glia/Schwann,12
TATCTTGCATTAGGAA-1-1,-1.2969697,5.877549,Supporting cells,12
TATCTTGTCCACGGAC-1-1,1.333936,2.3511603,Supporting cells,12
TATCTTGTCCGATAAC-1-1,2.4814043,4.224087,Supporting cells,12
TATGTTCAGAGAGAAC-1-1,-3.3432689,3.3795743,Supporting cells,12
TATGTTCAGTCGCCCA-1-1,2.006042,9.772911,Supporting cells,12
TATGTTCCATGTACGT-1-1,-3.1814609,8.590315,Supporting cells,12
TATGTTCGTACTCGAT-1-1,-6.379001,4.271609,Fibrocytes,12
TATGTTCGTCCGACGT-1-1,-0.6923792,3.0875041,Supporting cells,12
TATGTTCGTTCGAGCC-1-1,0.40692547,4.6982946,Supporting cells,12
TATTCCACAAGATGGC-1-1,3.606691,0.2322343,Glia/Schwann,12
TATTCCACATTGCAAC-1-1,0.90084845,7.4909616,Supporting cells,12
TATTCCATCGCTCATC-1-1,0.089682296,0.9110698,Supporting cells,12
TATTCCATCTTTCAGT-1-1,4.2810264,3.2495363,Supporting cells,12
TATTGCTAGAAACCAT-1-1,0.36817685,5.077735,Supporting cells,12
TATTGCTAGGCTCCCA-1-1,0.22982074,6.5549984,Supporting cells,12
TATTGCTAGTAGGTTA-1-1,7.822379,4.9522743,Supporting cells,12
TATTGCTCATCTCCCA-1-1,0.41925064,1.4340277,Supporting cells,12
TATTGCTGTGAGCAGT-1-1,-1.8635776,-0.64014274,Supporting cells,12
TATTGCTTCCTGCCAT-1-1,1.087345,1.0343586,Supporting cells,12
TATTGCTTCTAGTACG-1-1,-0.8138566,6.5322165,Supporting cells,12
TATTGGGAGAACTTCC-1-1,-6.000123,5.240162,Fibrocytes,12
TATTGGGCAATCGCAT-1-1,-6.911294,4.7964954,Fibrocytes,12
TATTGGGCAGAGTGTG-1-1,2.1531942,8.780325,Supporting cells,12
TATTGGGGTCGGAACA-1-1,7.9714413,4.8234873,Supporting cells,12
TATTGGGGTGAGCAGT-1-1,9.459239,9.049311,Glia/Schwann,12
TATTGGGTCTGTGCGG-1-1,3.6742082,4.088934,Supporting cells,12
TATTTCGAGAGGCTGT-1-1,-0.3082082,2.0681229,Supporting cells,12
TATTTCGAGCATCCTA-1-1,-3.346831,5.0103583,Supporting cells,12
TATTTCGGTGGAGAAA-1-1,-2.2454903,-1.940442,Supporting cells,12
TCAAGACAGTCAAGCG-1-1,4.9592705,8.816951,Supporting cells,12
TCAAGACTCGAGCCTG-1-1,-3.5383835,6.0610876,Supporting cells,12
TCAAGACTCGTCTAAG-1-1,3.6708772,4.7099977,Supporting cells,12
TCAAGCAAGGATATGT-1-1,-1.2236482,1.0741615,Supporting cells,12
TCAAGCAAGGGTTAGC-1-1,-1.290065,2.7387202,Supporting cells,12
TCAAGCAAGTCTACCA-1-1,0.67566264,10.394822,Supporting cells,12
TCAAGCACATCCGAAT-1-1,-1.8114978,1.6630824,Supporting cells,12
TCAAGCAGTCATAGTC-1-1,3.21461,4.2538342,Supporting cells,12
TCAAGCATCCTGTAGA-1-1,-1.9459567,5.213617,Supporting cells,12
TCAAGCATCGAGTTGT-1-1,0.68556803,2.0354586,Supporting cells,12
TCAAGTGAGAGTGACC-1-1,-6.8454127,3.9948514,Fibrocytes,12
TCAAGTGAGCGCTGCT-1-1,7.047979,-1.1704648,Inner hair cells,12
TCAAGTGAGTATAGGT-1-1,2.6308074,4.2592087,Supporting cells,12
TCAAGTGCAGTTACCA-1-1,-0.30328467,2.9909282,Supporting cells,12
TCAAGTGGTTCTTGCC-1-1,6.1377897,4.0679107,Glia/Schwann,12
TCAATCTCACACACGC-1-1,2.5096986,3.3908732,Supporting cells,12
TCAATCTCAGGACTTT-1-1,7.5299897,3.9148202,Supporting cells,12
TCAATCTCATACCAGT-1-1,-0.8223806,1.2343487,Supporting cells,12
TCAATTCCAATCTCGA-1-1,-2.0426657,-0.8629892,Supporting cells,12
TCAATTCCACACGGAA-1-1,-2.262327,1.4615455,Supporting cells,12
TCAATTCCACGGTCTG-1-1,0.2589756,6.124706,Supporting cells,12
TCAATTCCATGACAGG-1-1,2.1764226,11.947801,Supporting cells,12
TCACAAGAGGATTCCT-1-1,-2.0902696,-1.0279682,Supporting cells,12
TCACAAGCAACATCGT-1-1,-0.77895343,4.662102,Supporting cells,12
TCACAAGGTGATGGCA-1-1,-1.23735,1.2600727,Supporting cells,12
TCACAAGTCGCGTGCA-1-1,3.051287,5.2287006,Supporting cells,12
TCACACCCAAGAGATT-1-1,-0.26451322,-0.13065107,Supporting cells,12
TCACATTAGACGTCGA-1-1,5.1172786,9.899131,Supporting cells,12
TCACATTAGTTTCGGT-1-1,-1.0553037,8.999106,Supporting cells,12
TCACATTCAAGAGTAT-1-1,6.175751,8.919386,Supporting cells,12
TCACATTCACACGTGC-1-1,3.3129265,9.617041,Supporting cells,12
TCACATTCAGAGAGGG-1-1,1.6412641,11.309904,Fibrocytes,12
TCACATTCATCGTGGC-1-1,5.338389,5.744492,Supporting cells,12
TCACATTGTATTAAGG-1-1,3.338086,6.532142,Supporting cells,12
TCACATTGTCAGACGA-1-1,-2.272112,-0.35340267,Supporting cells,12
TCACATTTCTGGGATT-1-1,8.835231,0.5893087,Outer hair cells,12
TCACGCTAGCCACTCG-1-1,0.06637248,2.4981148,Supporting cells,12
TCACGCTAGCCGCACT-1-1,6.3326,10.026863,Supporting cells,12
TCACGCTCAGATTTCG-1-1,0.26472947,2.0744762,Supporting cells,12
TCACGCTGTCATCCGG-1-1,7.665574,3.38749,Supporting cells,12
TCACGCTGTGTTCAGT-1-1,-0.50758713,5.6954064,Supporting cells,12
TCACGCTGTTGCCTAA-1-1,-1.8425863,5.466198,Supporting cells,12
TCACGCTTCTTAGCCC-1-1,-5.8367357,4.5699315,Fibrocytes,12
TCACGGGAGCGAGAAA-1-1,2.5923278,13.61112,Fibrocytes,12
TCACGGGAGGAACTCG-1-1,0.89944935,12.843252,Fibrocytes,12
TCACGGGAGGTAGCCA-1-1,-4.2922516,5.3566937,Fibrocytes,12
TCACGGGCATCTCCCA-1-1,0.43965515,2.91321,Supporting cells,12
TCACGGGTCTCATAGG-1-1,5.842706,6.537824,Glia/Schwann,12
TCACGGGTCTTAGCTT-1-1,-1.7412091,9.891831,Supporting cells,12
TCACTATCAAGCGCTC-1-1,1.6582361,6.8064775,Supporting cells,12
TCACTATCAAGTGGCA-1-1,-1.8517231,0.18790755,Supporting cells,12
TCACTATCAGAGGAAA-1-1,-2.088354,1.1542643,Supporting cells,12
TCACTATCATGAGTAA-1-1,1.5499432,1.2484962,Supporting cells,12
TCACTATGTTCCGGTG-1-1,-0.66229045,9.406833,Supporting cells,12
TCACTATTCTTCGTGC-1-1,1.6065998,1.2160962,Supporting cells,12
TCACTCGAGGAGAATG-1-1,7.070396,5.250158,Supporting cells,12
TCACTCGCAAACCACT-1-1,2.8066642,8.075185,Supporting cells,12
TCACTCGCAGATAAAC-1-1,10.050608,5.43389,Supporting cells,12
TCACTCGGTCATCCGG-1-1,7.1915913,9.007177,Glia/Schwann,12
TCACTCGGTTTCACAG-1-1,9.926793,9.066434,Glia/Schwann,12
TCACTCGTCTGTGCGG-1-1,-1.9786004,0.118046306,Supporting cells,12
TCAGCAAAGGAGAGGC-1-1,5.142727,9.903001,Supporting cells,12
TCAGCAACACCCTAAA-1-1,-0.94731086,2.5528214,Supporting cells,12
TCAGCAAGTCGTACAT-1-1,6.8376985,8.827729,Glia/Schwann,12
TCAGCAAGTTACACAC-1-1,-7.1423187,5.30991,Fibrocytes,12
TCAGCAATCTTAAGGC-1-1,6.2836175,1.7269849,Supporting cells,12
TCAGCCTAGTTGCATC-1-1,-1.8258655,-0.3336637,Supporting cells,12
TCAGCCTCACGCTGTG-1-1,-6.887264,5.329132,Fibrocytes,12
TCAGCCTTCACTGTCC-1-1,-1.7211819,2.062162,Supporting cells,12
TCAGCCTTCCATCGTC-1-1,5.6984153,2.7270586,Supporting cells,12
TCAGCCTTCCATTCAT-1-1,0.74447596,4.862329,Supporting cells,12
TCAGGGCCAGTCAGCC-1-1,-0.6782327,1.1855614,Supporting cells,12
TCAGGGCGTAATTAGG-1-1,-0.007270866,1.4293272,Supporting cells,12
TCAGGTAAGCATGAAT-1-1,-2.09583,3.3293912,Supporting cells,12
TCAGGTAAGTTATGGA-1-1,-2.7645597,4.384733,Supporting cells,12
TCAGGTACAAAGGCAC-1-1,1.3811826,3.2806396,Supporting cells,12
TCAGGTACAAGCAATA-1-1,-2.4467928,0.99526995,Supporting cells,12
TCAGGTACACCGTGGT-1-1,4.829023,10.482788,Supporting cells,12
TCAGGTAGTTCTGACA-1-1,0.84057033,1.4713109,Supporting cells,12
TCAGTCCAGCATAGGC-1-1,2.280496,3.2975636,Supporting cells,12
TCAGTCCCAATACGCT-1-1,4.5242896,2.6602635,Supporting cells,12
TCAGTCCCAATCGAAA-1-1,3.2503154,8.273811,Supporting cells,12
TCAGTCCCATCGTGCG-1-1,-3.1363554,10.328026,Macrophages/Microglia,12
TCAGTCCCATCTAGAC-1-1,-6.1658382,5.0913105,Fibrocytes,12
TCAGTCCGTAGAGGAA-1-1,-6.7565026,4.114568,Fibrocytes,12
TCAGTCCGTGGCTCTG-1-1,-0.69964117,1.9255322,Supporting cells,12
TCAGTCCGTTGGGCCT-1-1,0.81499445,3.8653696,Supporting cells,12
TCAGTCCTCCAAGCCG-1-1,-4.4272366,5.1646476,Fibrocytes,12
TCAGTCCTCCAGCTCT-1-1,0.26484138,7.681004,Supporting cells,12
TCAGTCCTCCTAGAGT-1-1,0.73528713,12.422554,Fibrocytes,12
TCAGTCCTCGATGCAT-1-1,-1.4074715,8.195913,Supporting cells,12
TCAGTCCTCGATGGAG-1-1,5.201602,7.8453083,Supporting cells,12
TCAGTCCTCTCCAATT-1-1,1.0139279,13.883999,Fibrocytes,12
TCAGTGAAGCCAAGGT-1-1,-0.9522205,1.5174764,Supporting cells,12
TCAGTGATCAGTCATG-1-1,1.7014393,2.6839373,Supporting cells,12
TCAGTGATCTACGGGC-1-1,-2.900989,1.8585147,Supporting cells,12
TCAGTGATCTCCAATT-1-1,-0.99736637,1.5898566,Supporting cells,12
TCAGTTTCAGTTAAAG-1-1,2.8261368,5.807996,Fibrocytes,12
TCAGTTTCATCCGGCA-1-1,-1.1139289,8.872563,Supporting cells,12
TCAGTTTGTACAGGTG-1-1,2.1521513,2.953326,Supporting cells,12
TCAGTTTGTTTCGGCG-1-1,-6.297719,4.375686,Fibrocytes,12
TCAGTTTTCCTTTAGT-1-1,-2.6029055,1.093773,Supporting cells,12
TCAGTTTTCGAGATAA-1-1,-0.0013488475,7.2700157,Supporting cells,12
TCATACTAGAAGCTCG-1-1,-0.7124785,4.6029625,Supporting cells,12
TCATACTAGATAACAC-1-1,7.433545,8.905329,Glia/Schwann,12
TCATACTAGGTCCAGA-1-1,2.5013676,13.044387,Fibrocytes,12
TCATACTAGTGCGCTC-1-1,-0.4262473,4.674147,Supporting cells,12
TCATACTCAACAGCCC-1-1,-1.1097118,8.992995,Supporting cells,12
TCATACTCATGGGAAC-1-1,8.185342,7.209217,Supporting cells,12
TCATACTGTGCCCGTA-1-1,6.2072287,9.51757,Supporting cells,12
TCATACTTCCATGCAA-1-1,3.107093,1.8083417,Glia/Schwann,12
TCATATCAGCTAAACA-1-1,9.27284,1.193743,Outer hair cells,12
TCATATCAGGTGCATG-1-1,2.0780632,6.266561,Supporting cells,12
TCATATCCATCTCGTC-1-1,8.371473,2.9117293,Supporting cells,12
TCATATCTCATGGAGG-1-1,0.8107716,13.972615,Fibrocytes,12
TCATCATAGGCACCAA-1-1,3.7046597,4.6734457,Supporting cells,12
TCATCATCAGCTTCCT-1-1,-1.6038593,5.7244754,Supporting cells,12
TCATCCGCATTGGGAG-1-1,-2.5108428,3.5286083,Supporting cells,12
TCATCCGGTCTAACTG-1-1,-2.4262202,2.1015139,Supporting cells,12
TCATGAGAGACCCTTA-1-1,2.2075665,5.8087335,Supporting cells,12
TCATGAGAGAGCCGAT-1-1,10.114473,9.711491,Glia/Schwann,12
TCATGAGAGGAAGAAC-1-1,-3.7513034,5.530846,Supporting cells,12
TCATGAGAGGAGAGTA-1-1,-1.3826681,-0.6512033,Supporting cells,12
TCATGAGGTGCTCTCT-1-1,0.9842846,13.960017,Fibrocytes,12
TCATGAGGTGTAGCAG-1-1,-1.4115806,2.8172073,Supporting cells,12
TCATGAGTCCGTGTAA-1-1,-0.3889118,-0.6290935,Supporting cells,12
TCATGAGTCGCCTTGT-1-1,1.682477,3.740692,Supporting cells,12
TCATGAGTCGGACCAC-1-1,3.3554723,11.371847,Supporting cells,12
TCATGCCAGATACTGA-1-1,3.2194579,4.5555115,Supporting cells,12
TCATGCCAGCTAATGA-1-1,3.331093,1.165385,Glia/Schwann,12
TCATGCCGTACGAGTG-1-1,4.8075476,3.4560628,Supporting cells,12
TCATGCCGTTGTGTAC-1-1,4.1004934,3.9088333,Supporting cells,12
TCATGCCTCCGGACTG-1-1,-6.2923617,4.668481,Fibrocytes,12
TCATGCCTCGTAGCCG-1-1,-0.9286851,6.506612,Supporting cells,12
TCATGGACAAAGACTA-1-1,-0.59274125,5.6908736,Supporting cells,12
TCATGGACAGAGTTCT-1-1,7.2524385,3.526566,Supporting cells,12
TCATGGAGTCGTTTCC-1-1,8.057661,4.675671,Supporting cells,12
TCATGGAGTCTGTAAC-1-1,-2.2822497,-2.0322614,Supporting cells,12
TCATGGAGTTGGACTT-1-1,0.17682932,0.50905067,Supporting cells,12
TCATGGATCACATTGG-1-1,-1.0485647,6.2397537,Supporting cells,12
TCATGTTAGTGCAACG-1-1,-0.18426779,2.1501477,Supporting cells,12
TCATGTTCAAATTGCC-1-1,0.4625691,10.984313,Fibrocytes,12
TCATGTTCACTACCCT-1-1,-1.2391461,1.9957454,Supporting cells,12
TCATGTTGTACCGGAA-1-1,2.0265033,7.1169405,Supporting cells,12
TCATGTTGTATAGGAT-1-1,-2.0647812,2.4345248,Supporting cells,12
TCATGTTTCCACATAG-1-1,-0.8003566,1.5662323,Supporting cells,12
TCATTACAGGAACTCG-1-1,0.83101064,11.018587,Fibrocytes,12
TCATTACTCGGAAACG-1-1,9.104832,9.745858,Glia/Schwann,12
TCATTACTCTGAACGT-1-1,-0.13950352,7.0893207,Supporting cells,12
TCATTCAAGAGCCTGA-1-1,10.452313,9.069954,Glia/Schwann,12
TCATTCAAGATCCAAA-1-1,-1.1769694,8.869316,Supporting cells,12
TCATTCACAGCACAGA-1-1,-0.5008623,1.252499,Supporting cells,12
TCATTCATCCGATTAG-1-1,2.5721474,8.962381,Supporting cells,12
TCATTGTAGGATATAC-1-1,-1.8555498,-0.019829163,Supporting cells,12
TCATTGTCAACGGCTC-1-1,6.856505,-0.948622,Inner hair cells,12
TCATTGTCAGAGTCTT-1-1,6.458828,7.8768067,Glia/Schwann,12
TCATTGTGTGACACAG-1-1,-0.935041,3.9477758,Supporting cells,12
TCATTGTGTGGCTGCT-1-1,5.7592826,2.239087,Fibrocytes,12
TCATTGTTCATTGCGA-1-1,-0.18904422,0.08253976,Supporting cells,12
TCATTTGAGACTGGGT-1-1,7.318531,6.9932947,Glia/Schwann,12
TCATTTGAGAGGATCC-1-1,8.9460535,0.8206018,Outer hair cells,12
TCATTTGAGCAACCAG-1-1,-0.9408993,9.049439,Supporting cells,12
TCATTTGCAGCGACCT-1-1,1.2309742,12.546347,Fibrocytes,12
TCATTTGCAGCGTGCT-1-1,-1.2857722,2.7152534,Supporting cells,12
TCATTTGCATACTTTC-1-1,10.30377,9.824471,Glia/Schwann,12
TCATTTGGTAGACAGC-1-1,7.6553288,5.0960116,Supporting cells,12
TCATTTGGTCCGATCG-1-1,-0.36386037,6.870705,Supporting cells,12
TCATTTGGTTCGCGTG-1-1,-1.2786953,-0.91091293,Supporting cells,12
TCATTTGTCGCATGAT-1-1,2.3899815,8.260528,Supporting cells,12
TCATTTGTCTCATGCC-1-1,1.1899865,0.644093,Supporting cells,12
TCATTTGTCTGAATGC-1-1,-2.8154721,6.182111,Supporting cells,12
TCCACCAAGCATACTC-1-1,1.0520872,1.4897903,Supporting cells,12
TCCACCAAGGGTGAGG-1-1,6.5243735,-0.9522362,Inner hair cells,12
TCCACCAAGTAGACAT-1-1,5.1670504,0.43366426,Inner hair cells,12
TCCACCACACAGCGCT-1-1,6.8572817,8.081467,Glia/Schwann,12
TCCACCACATGGCTGC-1-1,0.6619002,11.410257,Fibrocytes,12
TCCACCAGTCGTTGCG-1-1,2.5201864,12.491301,Fibrocytes,12
TCCACCAGTTCTCCCA-1-1,0.15184557,6.8324127,Supporting cells,12
TCCACCATCAAAGAAC-1-1,-1.5545313,-1.2313695,Supporting cells,12
TCCACGTAGCATGAAT-1-1,0.28861475,0.17281826,Supporting cells,12
TCCACGTAGCTCCATA-1-1,3.1685405,3.7782362,Supporting cells,12
TCCACGTAGGCTCCCA-1-1,8.3316345,7.020459,Supporting cells,12
TCCACGTAGTGAACAT-1-1,0.6495109,11.772742,Fibrocytes,12
TCCACGTCAAGACGGT-1-1,-4.1993856,5.1032624,Fibrocytes,12
TCCACGTCAGCAGTCC-1-1,3.6230776,3.2298236,Supporting cells,12
TCCACGTGTATCATGC-1-1,-1.8848848,-1.7199178,Supporting cells,12
TCCACGTTCACGTCCT-1-1,7.1500845,9.731218,Glia/Schwann,12
TCCACGTTCCGCAACG-1-1,0.546018,12.966492,Fibrocytes,12
TCCACGTTCCGTAATG-1-1,0.54732466,10.997887,Fibrocytes,12
TCCACGTTCGCACGAC-1-1,10.292524,3.1438344,Spiral ganglion neurons,12
TCCACGTTCTTCGGAA-1-1,-0.23770748,2.441037,Supporting cells,12
TCCAGAACATACTGTG-1-1,2.385731,13.387452,Fibrocytes,12
TCCAGAAGTAAGGCCA-1-1,2.0480068,3.8274822,Supporting cells,12
TCCAGAAGTGAACGGT-1-1,-1.0627676,-1.7140697,Supporting cells,12
TCCAGAATCCAACTAG-1-1,-0.8957303,-0.7257843,Supporting cells,12
TCCAGAATCGAGCTGC-1-1,-0.050780218,6.1196694,Supporting cells,12
TCCAGAATCGCAATTG-1-1,-3.592142,6.2870092,Supporting cells,12
TCCATCGAGGTGCTAG-1-1,-0.62327397,6.256212,Supporting cells,12
TCCATCGCACTTTAGG-1-1,9.019441,0.9076451,Outer hair cells,12
TCCATCGCAGCTCATA-1-1,1.1141196,13.632515,Fibrocytes,12
TCCATCGTCATCCCGT-1-1,3.863803,1.8825521,Supporting cells,12
TCCATGCAGTGAGTGC-1-1,5.0698314,9.557647,Supporting cells,12
TCCATGCCAAGCCATT-1-1,-0.9522274,7.2227955,Supporting cells,12
TCCATGCCACCAATTG-1-1,1.2783916,13.562408,Fibrocytes,12
TCCATGCCAGGCTATT-1-1,-2.6266413,4.93605,Supporting cells,12
TCCATGCTCAAACCCA-1-1,10.475869,9.317949,Glia/Schwann,12
TCCATGCTCTAGTACG-1-1,0.61770767,11.225762,Fibrocytes,12
TCCCACACAATTAGGA-1-1,0.22424327,6.5506015,Supporting cells,12
TCCCACACATCCGTGG-1-1,7.538346,5.062298,Supporting cells,12
TCCCACAGTAAGACCG-1-1,8.357148,6.294738,Supporting cells,12
TCCCACAGTTGGATCT-1-1,0.01109521,1.5370517,Supporting cells,12
TCCCACATCCATCCGT-1-1,-3.0875654,4.0057116,Supporting cells,12
TCCCACATCGCGCCAA-1-1,0.9881047,6.5899663,Supporting cells,12
TCCCACATCGGCCCAA-1-1,-0.84685886,2.241443,Supporting cells,12
TCCCAGTAGGGTCAAC-1-1,8.747588,6.590313,Supporting cells,12
TCCCAGTCACAGCCAC-1-1,6.105728,9.133237,Supporting cells,12
TCCCAGTGTACCTAGT-1-1,-0.025455313,7.197556,Supporting cells,12
TCCCAGTTCGTCACCT-1-1,-0.24481036,2.2568784,Supporting cells,12
TCCCATGAGACGATAT-1-1,4.785806,11.301114,Supporting cells,12
TCCCATGAGTTCGCAT-1-1,0.538197,10.113189,Supporting cells,12
TCCCATGCAAGGGTCA-1-1,0.29719064,5.4676595,Supporting cells,12
TCCCATGCACGCCAGT-1-1,-0.5597295,6.8122334,Supporting cells,12
TCCCATGGTCGTGCCA-1-1,-6.3061967,4.4928637,Fibrocytes,12
TCCCATGGTGTGCCTG-1-1,5.578495,3.285514,Supporting cells,12
TCCCATGTCAAGTAAG-1-1,-0.29826316,7.298737,Supporting cells,12
TCCCATGTCATCGCAA-1-1,-0.20126376,7.008207,Supporting cells,12
TCCCATGTCCCTCAAC-1-1,0.63255095,10.256332,Supporting cells,12
TCCCATGTCGAGCTGC-1-1,7.2835145,5.1543036,Supporting cells,12
TCCGAAAAGAAGCCTG-1-1,1.2891543,3.3177977,Supporting cells,12
TCCGAAAAGAGCAGAA-1-1,1.4171274,7.2951765,Supporting cells,12
TCCGAAAAGAGGCGTT-1-1,-1.1703584,6.1940265,Supporting cells,12
TCCGAAAAGGAGGTTC-1-1,1.7759718,4.254063,Supporting cells,12
TCCGAAAAGGTTGACG-1-1,-2.336476,-1.3165839,Supporting cells,12
TCCGAAACATGGATCT-1-1,5.487437,0.2607962,Inner hair cells,12
TCCGAAAGTACATACC-1-1,3.2466977,6.711859,Supporting cells,12
TCCGAAAGTCGTTATG-1-1,3.9019086,7.7098117,Supporting cells,12
TCCGAAAGTGAACTAA-1-1,8.048173,8.703955,Glia/Schwann,12
TCCGAAAGTGGTTTGT-1-1,7.059318,4.9049916,Supporting cells,12
TCCGAAATCCCGAGGT-1-1,-0.13610035,1.9791269,Supporting cells,12
TCCGAAATCCTGGTCT-1-1,-0.30541775,0.6901685,Supporting cells,12
TCCGAAATCGGTTCAA-1-1,5.772202,2.7921672,Supporting cells,12
TCCGATCAGTGAGTGC-1-1,2.0536716,9.431797,Supporting cells,12
TCCGATCCAATCTGCA-1-1,-0.6182176,-0.66109425,Supporting cells,12
TCCGATCGTGCATACT-1-1,4.4276175,7.0598936,Supporting cells,12
TCCGATCTCAGCAGAG-1-1,0.16188757,3.9903607,Supporting cells,12
TCCGGGAAGTTACGTC-1-1,-2.4455085,-1.0100641,Supporting cells,12
TCCGGGACACTCACTC-1-1,-2.0238369,-2.09283,Supporting cells,12
TCCGGGACATCCGCGA-1-1,-0.6534577,9.235303,Supporting cells,12
TCCGGGATCCAACACA-1-1,-0.848433,6.032756,Supporting cells,12
TCCGGGATCCTCAGGG-1-1,1.1949344,3.8502378,Supporting cells,12
TCCGTGTCATACGCAT-1-1,-2.7327638,11.852052,Macrophages/Microglia,12
TCCTAATAGCTCTTCC-1-1,-1.7343165,1.6116362,Supporting cells,12
TCCTAATCACACCTGG-1-1,10.088549,8.634613,Glia/Schwann,12
TCCTAATCACGACAGA-1-1,3.0509663,1.3101966,Glia/Schwann,12
TCCTAATCAGACAAGC-1-1,-7.082813,5.137623,Fibrocytes,12
TCCTAATCAGTGTATC-1-1,-3.267563,5.886185,Supporting cells,12
TCCTAATGTAACATAG-1-1,3.5410838,6.50999,Fibrocytes,12
TCCTAATGTACCCACG-1-1,-0.4876922,7.0487804,Supporting cells,12
TCCTAATGTACGACTT-1-1,-1.8993866,4.2044215,Supporting cells,12
TCCTAATTCAGTGGGA-1-1,7.3931737,4.972586,Supporting cells,12
TCCTAATTCTTTCAGT-1-1,-0.28107372,2.407375,Supporting cells,12
TCCTCCCCACACCTTC-1-1,-2.3636773,0.9255689,Supporting cells,12
TCCTCCCCAGGATTCT-1-1,9.649603,8.620578,Glia/Schwann,12
TCCTCCCGTCTCGCGA-1-1,0.6573986,2.5780754,Supporting cells,12
TCCTCCCTCTACGGGC-1-1,7.5521283,3.5981085,Supporting cells,12
TCCTCCCTCTTCTTCC-1-1,5.3702555,8.106546,Supporting cells,12
TCCTCGAAGCTGACCC-1-1,3.207343,5.3887396,Fibrocytes,12
TCCTCGAAGGGCGAGA-1-1,3.3609295,9.280265,Supporting cells,12
TCCTCGACACATTCGA-1-1,0.5856512,12.645231,Fibrocytes,12
TCCTCGAGTACACGTT-1-1,5.79577,8.637074,Supporting cells,12
TCCTCGATCCTACCAC-1-1,0.19814739,1.3600459,Supporting cells,12
TCCTCGATCCTATTGT-1-1,0.65917057,13.53697,Fibrocytes,12
TCCTCGATCTCCCATG-1-1,1.3217819,3.41337,Supporting cells,12
TCCTCTTCAAACCGGA-1-1,7.0797276,7.2542033,Glia/Schwann,12
TCCTCTTTCCCAGGCA-1-1,8.205155,0.8968791,Outer hair cells,12
TCCTCTTTCGCAAGAG-1-1,-2.1888971,1.2697645,Supporting cells,12
TCCTGCAAGATTAGAC-1-1,0.9193986,3.7663827,Supporting cells,12
TCCTGCAAGTAACGAT-1-1,4.2492213,5.115038,Supporting cells,12
TCCTGCAAGTTAGTAG-1-1,0.13727628,7.848104,Supporting cells,12
TCCTGCACAATTGAGA-1-1,0.321507,1.6213561,Supporting cells,12
TCCTGCACAGAGTTCT-1-1,3.9726338,2.6361597,Supporting cells,12
TCCTGCACAGCGTAGA-1-1,4.930686,4.0565343,Supporting cells,12
TCCTGCAGTTGGCCGT-1-1,-0.19513212,2.5741217,Supporting cells,12
TCCTGCATCACTCGAA-1-1,-3.6451213,6.380276,Supporting cells,12
TCCTTCTAGGTGATAT-1-1,-1.9350969,4.17549,Supporting cells,12
TCCTTCTCATAATCCG-1-1,-1.2623414,1.079026,Supporting cells,12
TCCTTCTGTGAACCGA-1-1,3.2692354,3.1450264,Supporting cells,12
TCCTTCTTCACCCTTG-1-1,0.43856475,1.0505003,Supporting cells,12
TCCTTCTTCTGTTGGA-1-1,-2.429418,11.293174,Macrophages/Microglia,12
TCCTTTCAGTATGCAA-1-1,-0.46594986,5.636004,Supporting cells,12
TCCTTTCCACGGTGCT-1-1,4.056376,9.289422,Supporting cells,12
TCCTTTCCAGAAACCG-1-1,1.5715153,7.8298664,Supporting cells,12
TCCTTTCCAGCCCAGT-1-1,6.7211866,8.665059,Glia/Schwann,12
TCCTTTCCAGGAAGTC-1-1,9.502842,1.0403547,Outer hair cells,12
TCCTTTCCATCATTGG-1-1,8.5458,6.4386406,Supporting cells,12
TCCTTTCGTGGCTAGA-1-1,3.0706334,5.9816103,Supporting cells,12
TCCTTTCGTTAGAAGT-1-1,-1.0073774,2.5609012,Supporting cells,12
TCCTTTCTCCAAATGC-1-1,-0.24047756,-1.040526,Supporting cells,12
TCGAACAAGGATCACG-1-1,1.0658393,1.6672509,Supporting cells,12
TCGAACACACATGACT-1-1,-0.4152268,7.21251,Supporting cells,12
TCGAACACACTTGAAC-1-1,3.0576801,1.6817139,Glia/Schwann,12
TCGAACACATTCAGCA-1-1,-0.508937,-0.7349978,Supporting cells,12
TCGAACAGTGACCGTC-1-1,2.4704654,9.6268,Supporting cells,12
TCGAACATCGACCTAA-1-1,-3.2064142,6.3789797,Supporting cells,12
TCGAAGTAGACGCCCT-1-1,0.036975533,1.6596382,Supporting cells,12
TCGAAGTAGCGGGTAT-1-1,-6.7404428,3.9542794,Fibrocytes,12
TCGAAGTAGGTACATA-1-1,7.210487,8.167105,Glia/Schwann,12
TCGAAGTAGTGAGTGC-1-1,-3.4970891,7.004236,Supporting cells,12
TCGAAGTCAGATTAAG-1-1,0.60969406,1.3604413,Supporting cells,12
TCGAAGTTCCGGCAGT-1-1,6.642693,1.660588,Supporting cells,12
TCGACCTCAGCCCACA-1-1,2.629668,7.921381,Supporting cells,12
TCGACCTGTCCAAATC-1-1,7.3787155,5.36862,Supporting cells,12
TCGACCTGTTGCTAGT-1-1,0.49447915,12.055224,Fibrocytes,12
TCGACCTTCTACTGCC-1-1,0.10326868,4.9822965,Supporting cells,12
TCGACGGAGGCTAACG-1-1,-0.53239393,5.668842,Supporting cells,12
TCGACGGGTACTCCCT-1-1,6.3995814,5.026451,Supporting cells,12
TCGACGGGTCGATGCC-1-1,9.181923,6.667988,Supporting cells,12
TCGACGGTCGAGAATA-1-1,0.50096077,0.62108696,Supporting cells,12
TCGACGGTCTGCACCT-1-1,-0.67373836,1.4790949,Supporting cells,12
TCGATTTAGTGATCGG-1-1,2.4576368,9.326085,Supporting cells,12
TCGATTTAGTGATGGC-1-1,7.312668,4.8611493,Supporting cells,12
TCGATTTGTGAGTCAG-1-1,-2.1099157,-0.33384496,Supporting cells,12
TCGATTTGTGGCTTGC-1-1,0.5196526,3.7118819,Supporting cells,12
TCGATTTGTTCTGACA-1-1,9.971965,9.049424,Glia/Schwann,12
TCGATTTTCTCCTGCA-1-1,0.94602346,13.863752,Fibrocytes,12
TCGCACTCACAACCGC-1-1,7.6697807,3.6108618,Supporting cells,12
TCGCACTCACAGTGTT-1-1,-1.7292311,2.324187,Supporting cells,12
TCGCACTCAGAGGAAA-1-1,-0.16085736,8.164427,Supporting cells,12
TCGCAGGAGTCATGAA-1-1,0.8577711,12.104189,Fibrocytes,12
TCGCAGGCAAGCGAGT-1-1,6.1031175,6.712609,Glia/Schwann,12
TCGCAGGCATCCTTGC-1-1,0.8444777,3.9885116,Supporting cells,12
TCGCAGGTCTTCGTGC-1-1,1.5569963,12.955532,Fibrocytes,12
TCGCTCAAGCGTTCCG-1-1,-2.8543866,1.3524055,Supporting cells,12
TCGCTCAAGGCGTCCT-1-1,-0.96608406,5.9122143,Supporting cells,12
TCGCTCAAGGCTGAAC-1-1,1.0952451,0.77688974,Supporting cells,12
TCGCTCAGTACGGCAA-1-1,8.394616,6.468082,Supporting cells,12
TCGCTTGAGAGCAGAA-1-1,4.1709075,2.7619298,Supporting cells,12
TCGCTTGAGCACCCAC-1-1,-0.88385236,6.3932896,Supporting cells,12
TCGCTTGAGGTCTGGA-1-1,-0.42991084,5.8836727,Supporting cells,12
TCGCTTGGTTGGGTTT-1-1,-2.5515056,11.440204,Macrophages/Microglia,12
TCGCTTGTCGGTGAAG-1-1,-0.23592359,8.601117,Supporting cells,12
TCGGATAAGAAATCCA-1-1,-2.3595994,3.680611,Supporting cells,12
TCGGATAAGGAGAATG-1-1,4.6128016,2.0964565,Supporting cells,12
TCGGATACAAGGCAAC-1-1,-0.24239238,4.737141,Supporting cells,12
TCGGATACATCGTGCG-1-1,-0.9731727,5.608992,Supporting cells,12
TCGGATAGTCGACGCT-1-1,-6.837394,4.893663,Fibrocytes,12
TCGGATAGTTCGCGTG-1-1,2.972389,1.5001348,Glia/Schwann,12
TCGGATAGTTGGCCGT-1-1,7.1783905,9.214998,Glia/Schwann,12
TCGGGACAGACCAGAC-1-1,3.0933797,9.2566,Supporting cells,12
TCGGGACCAACCGACC-1-1,4.3602777,3.8234506,Glia/Schwann,12
TCGGGACCACGATTCA-1-1,0.4093434,8.361996,Supporting cells,12
TCGGGACCAGATAAAC-1-1,-3.0562172,2.061027,Supporting cells,12
TCGGGACGTATGAGGC-1-1,-1.322399,4.797081,Supporting cells,12
TCGGGCAAGCTCACTA-1-1,-2.5344243,1.3840733,Supporting cells,12
TCGGGCACAGCAGACA-1-1,4.4719925,2.637869,Supporting cells,12
TCGGGCACATCCAACA-1-1,7.0689263,2.5398679,Outer hair cells,12
TCGGGCAGTAATGTGA-1-1,2.6206124,9.615343,Supporting cells,12
TCGGGCAGTCTAGGCC-1-1,-4.7443237,4.0769715,Fibrocytes,12
TCGGGCAGTGCAATGG-1-1,-2.5192413,2.2875292,Supporting cells,12
TCGGGTGAGCGACTAG-1-1,1.264881,8.668119,Supporting cells,12
TCGGGTGAGGTTCACT-1-1,1.0757565,10.437555,Supporting cells,12
TCGGGTGGTATGGAGC-1-1,2.798543,4.803413,Fibrocytes,12
TCGGGTGGTCCAGCAC-1-1,5.2366138,7.052047,Supporting cells,12
TCGGGTGGTCCTCCTA-1-1,4.489513,10.949839,Supporting cells,12
TCGGTCTAGAAGTCTA-1-1,6.3989105,6.3314586,Supporting cells,12
TCGGTCTAGTGGGAAA-1-1,-1.2492533,1.7459905,Supporting cells,12
TCGGTCTCATGTAACC-1-1,-0.5458135,5.666444,Supporting cells,12
TCGGTCTGTCACTGAT-1-1,0.4140112,5.8363137,Supporting cells,12
TCGGTCTGTCATGCAT-1-1,-0.8742675,-1.6870693,Supporting cells,12
TCGGTCTTCTAGTCAG-1-1,0.21118456,6.1967406,Supporting cells,12
TCGTAGAAGCTTTCCC-1-1,10.717973,2.6562402,Spiral ganglion neurons,12
TCGTAGAAGTTCCAGT-1-1,0.6790901,12.399349,Fibrocytes,12
TCGTAGAGTTCGGCCA-1-1,1.2140474,7.615312,Supporting cells,12
TCGTCCAAGGGATCGT-1-1,6.121472,7.9125977,Supporting cells,12
TCGTCCAGTAACATGA-1-1,-0.12826869,1.4702736,Supporting cells,12
TCGTCCAGTACAGTCT-1-1,10.386735,2.9398143,Spiral ganglion neurons,12
TCGTCCAGTGATTCTG-1-1,-4.9991393,5.2610397,Fibrocytes,12
TCGTGCTAGAGTTCGG-1-1,3.2791986,3.514678,Supporting cells,12
TCGTGCTGTGGTACAG-1-1,-2.182965,5.243364,Supporting cells,12
TCGTGGGAGTAGGATT-1-1,3.9992988,10.336792,Supporting cells,12
TCGTGGGCAAATCGGG-1-1,4.065724,8.627651,Supporting cells,12
TCGTGGGCACTGTTCC-1-1,-2.1660762,-1.5207584,Supporting cells,12
TCGTGGGGTTAAAGTG-1-1,1.9357592,3.3750958,Supporting cells,12
TCGTGGGTCAACACGT-1-1,-1.3999016,0.90108085,Supporting cells,12
TCGTGGGTCTCGTCAC-1-1,9.502775,8.626895,Glia/Schwann,12
TCTAACTCAGGCACTC-1-1,7.119048,3.8713791,Supporting cells,12
TCTAACTCAGTGGCTC-1-1,0.21394722,6.314755,Supporting cells,12
TCTAACTCAGTTGGTT-1-1,-2.1492677,3.3212237,Supporting cells,12
TCTAACTGTCGGCTAC-1-1,-1.8690125,4.687277,Supporting cells,12
TCTAACTGTCTGCCTT-1-1,1.172323,12.424753,Fibrocytes,12
TCTAACTGTGCATACT-1-1,5.5462155,6.0293927,Supporting cells,12
TCTAACTTCTCCCATG-1-1,0.44581163,4.8906364,Supporting cells,12
TCTACATCAGGCCTGT-1-1,-0.6000889,6.8509364,Supporting cells,12
TCTACATGTCTCTCAC-1-1,-4.5609846,5.6835666,Fibrocytes,12
TCTACATGTGTAAACA-1-1,-0.35213286,1.9750292,Supporting cells,12
TCTACATTCTTCGATT-1-1,1.3430773,12.200144,Fibrocytes,12
TCTACCGAGACCAACG-1-1,-1.2361083,1.6140993,Supporting cells,12
TCTACCGAGATCCCAT-1-1,0.81843865,3.351659,Supporting cells,12
TCTACCGAGCCTTTGA-1-1,-2.9356985,4.0294466,Supporting cells,12
TCTACCGCAACAGCCC-1-1,0.9137863,11.844108,Fibrocytes,12
TCTACCGCACGGTGAA-1-1,0.33904505,1.6985328,Supporting cells,12
TCTACCGCAGCAGTCC-1-1,6.2588134,6.812784,Glia/Schwann,12
TCTACCGCATGAATCC-1-1,7.2410445,-1.1149881,Inner hair cells,12
TCTACCGGTAGAGTTA-1-1,6.3797793,1.951422,Supporting cells,12
TCTACCGGTATCTCGA-1-1,-5.1428714,5.814705,Fibrocytes,12
TCTACCGGTCTTTATC-1-1,10.43237,9.540606,Glia/Schwann,12
TCTACCGGTGAATTGA-1-1,1.0821571,11.30759,Fibrocytes,12
TCTACCGGTGCATGAG-1-1,6.9893847,6.1382494,Supporting cells,12
TCTATACAGGAACTCG-1-1,-1.5154581,3.362673,Supporting cells,12
TCTATACAGTGAGTTA-1-1,1.0752428,3.2515392,Supporting cells,12
TCTATACCACCCAATA-1-1,4.5113993,4.0504317,Supporting cells,12
TCTATACCATTGCTGA-1-1,6.341741,6.175797,Supporting cells,12
TCTATACGTAGATGTA-1-1,-1.5626688,2.4633553,Supporting cells,12
TCTATACGTCACCGCA-1-1,-0.98152524,2.5334055,Supporting cells,12
TCTATACGTGTTGACT-1-1,-1.2022816,1.1125417,Supporting cells,12
TCTATACTCCGGTAGC-1-1,0.6689737,4.6005206,Supporting cells,12
TCTATACTCCGTTGAA-1-1,1.7389053,4.009712,Supporting cells,12
TCTATACTCGCATTGA-1-1,4.0170803,2.7212405,Supporting cells,12
TCTATCAAGAAACCAT-1-1,-0.012588448,5.468117,Supporting cells,12
TCTATCAAGACGACTG-1-1,6.3737173,8.730252,Supporting cells,12
TCTATCAAGGGCGAGA-1-1,6.2125998,9.734056,Supporting cells,12
TCTATCATCCCTTTGG-1-1,-2.3891668,6.52325,Supporting cells,12
TCTCACGCAGTCGCAC-1-1,-1.9172039,2.9127934,Supporting cells,12
TCTCACGGTACCGTGC-1-1,-4.773366,5.519246,Fibrocytes,12
TCTCACGGTACGGCAA-1-1,6.406441,10.704754,Fibrocytes,12
TCTCACGGTCCGATCG-1-1,-6.3648095,4.052054,Fibrocytes,12
TCTCACGTCAAGCTGT-1-1,3.949964,3.5349069,Supporting cells,12
TCTCACGTCACTTGGA-1-1,1.2744566,2.2598581,Supporting cells,12
TCTCACGTCCTACACC-1-1,10.1576,9.6489525,Glia/Schwann,12
TCTCACGTCCTTCACG-1-1,7.2626753,4.8151736,Supporting cells,12
TCTCAGCAGTCTAGAA-1-1,2.883514,13.618018,Fibrocytes,12
TCTCAGCTCATCACTT-1-1,2.7394447,3.7024338,Supporting cells,12
TCTCCGAAGAGGGTAA-1-1,2.3386846,4.7515855,Supporting cells,12
TCTCCGAAGGATACAT-1-1,7.5055037,6.096915,Supporting cells,12
TCTCCGACAACGAGGT-1-1,4.840044,9.308285,Supporting cells,12
TCTCCGACAACTTGCA-1-1,9.064982,4.9657426,Supporting cells,12
TCTCCGATCCGTGACG-1-1,8.795551,4.90971,Supporting cells,12
TCTCCGATCGATGCAT-1-1,1.3198978,6.362165,Supporting cells,12
TCTCCGATCGATTCCC-1-1,7.364629,9.484741,Glia/Schwann,12
TCTCCGATCGGCACTG-1-1,-1.6220194,3.159133,Supporting cells,12
TCTCTGGAGATGACCG-1-1,-0.3486389,-0.18068713,Supporting cells,12
TCTCTGGAGCATAGGC-1-1,8.016679,8.554107,Glia/Schwann,12
TCTCTGGCATAGACTC-1-1,-1.0299752,5.7179985,Supporting cells,12
TCTCTGGGTGGCTCTG-1-1,-6.1634083,4.2288184,Fibrocytes,12
TCTCTGGTCGGTGTTA-1-1,-2.1751833,9.231423,Macrophages/Microglia,12
TCTGCCAAGGACATCG-1-1,2.1850107,0.7799142,Supporting cells,12
TCTGCCACAAGGTCAG-1-1,2.7833638,9.208045,Supporting cells,12
TCTGCCACACTCCGAG-1-1,3.0269108,10.045597,Supporting cells,12
TCTGCCAGTAACATAG-1-1,-1.6486006,4.9398274,Supporting cells,12
TCTGGCTCAACCGCCA-1-1,1.0574371,1.524976,Supporting cells,12
TCTGGCTTCGAACACT-1-1,3.3414521,4.209515,Fibrocytes,12
TCTGGCTTCGCATTGA-1-1,6.869784,8.729494,Glia/Schwann,12
TCTGTCGCACAGTACT-1-1,10.091313,9.2914,Glia/Schwann,12
TCTGTCGGTAGTTACC-1-1,2.6383288,6.439455,Supporting cells,12
TCTGTCGTCTTTACAC-1-1,0.108457044,0.8538652,Supporting cells,12
TCTTAGTCAAAGCTCT-1-1,7.0525084,4.3867807,Supporting cells,12
TCTTAGTCAGCTTCCT-1-1,6.422525,2.3169765,Fibrocytes,12
TCTTAGTCAGTTGTTG-1-1,3.03108,8.676057,Supporting cells,12
TCTTAGTCATGGAATA-1-1,10.487641,9.370481,Glia/Schwann,12
TCTTAGTGTACAAACA-1-1,0.49759737,2.016203,Supporting cells,12
TCTTAGTTCAAGCCGC-1-1,-1.0792563,2.1376824,Supporting cells,12
TCTTCCTAGGTACTGG-1-1,5.2950377,6.54347,Supporting cells,12
TCTTCCTGTACTGGGA-1-1,2.3349376,8.895256,Supporting cells,12
TCTTCCTTCATTGTTC-1-1,-0.74395066,6.733261,Supporting cells,12
TCTTCCTTCCTGTACC-1-1,10.328795,5.4752192,Supporting cells,12
TCTTCCTTCTATCCAT-1-1,5.785908,6.7687354,Glia/Schwann,12
TCTTGCGCACTCTCGT-1-1,-7.019095,5.1487527,Fibrocytes,12
TCTTGCGCAGAGTTCT-1-1,0.34268746,1.2958374,Supporting cells,12
TCTTGCGGTCCTTAAG-1-1,-0.0024419124,2.0606444,Supporting cells,12
TCTTGCGGTGTCATCA-1-1,4.6691804,4.2003155,Supporting cells,12
TCTTGCGTCACCCTCA-1-1,-3.941917,6.708405,Supporting cells,12
TCTTGCGTCATTTCCA-1-1,8.960476,6.5886874,Supporting cells,12
TCTTGCGTCGTAACCA-1-1,-1.8926185,4.150009,Supporting cells,12
TCTTTGAAGGTTCACT-1-1,0.533591,6.562026,Supporting cells,12
TCTTTGACAATACAGA-1-1,-1.7308525,2.3038476,Supporting cells,12
TCTTTGACAGCCTATA-1-1,5.230055,2.4520183,Supporting cells,12
TCTTTGACAGCTGTAT-1-1,0.02507864,1.4981916,Supporting cells,12
TCTTTGACAGCTGTTA-1-1,-3.3767097,3.397426,Fibrocytes,12
TCTTTGACATACTGTG-1-1,4.3523283,10.515287,Supporting cells,12
TCTTTGATCACTGGGC-1-1,-1.6560072,5.166753,Supporting cells,12
TCTTTGATCCACTGAA-1-1,5.2758703,0.102330685,Inner hair cells,12
TCTTTGATCCCATGGG-1-1,-3.412037,8.733021,Supporting cells,12
TCTTTGATCGCATTGA-1-1,0.59091175,11.75737,Fibrocytes,12
TGAACGTAGACCATAA-1-1,4.4634104,9.001133,Supporting cells,12
TGAACGTCAGTTTCGA-1-1,-0.13760366,3.9934685,Supporting cells,12
TGAACGTGTGCATGAG-1-1,-1.3299607,5.372591,Supporting cells,12
TGAACGTGTTGCATTG-1-1,-0.08894923,1.4961752,Supporting cells,12
TGAACGTTCCTGATAG-1-1,5.65363,10.559864,Supporting cells,12
TGAATCGAGCATCAGG-1-1,5.796158,5.092753,Supporting cells,12
TGAATCGAGTAACCTC-1-1,3.2670212,4.4361324,Fibrocytes,12
TGAATCGGTCTGTGAT-1-1,3.7991216,3.5736825,Supporting cells,12
TGAATCGGTGCTCTTC-1-1,1.3739493,2.455138,Supporting cells,12
TGAATCGTCACCGGGT-1-1,-1.0600542,8.196734,Supporting cells,12
TGAATCGTCCTTGACC-1-1,2.8973985,4.91427,Supporting cells,12
TGAATGCAGCGTGTCC-1-1,-1.0492462,5.4371476,Supporting cells,12
TGAATGCCAAAGGTTA-1-1,-3.9803782,6.9358826,Supporting cells,12
TGAATGCGTAGATCGG-1-1,8.311816,0.69916403,Outer hair cells,12
TGAATGCTCCGGCAGT-1-1,-1.2683167,8.394607,Supporting cells,12
TGAATGCTCCTAGCTC-1-1,4.934246,4.3366456,Supporting cells,12
TGACAGTAGGTTCAGG-1-1,5.075415,1.4139423,Inner hair cells,12
TGACAGTCAACTGATC-1-1,7.817315,4.8608866,Supporting cells,12
TGACAGTCAGATTTCG-1-1,-0.96889645,3.863158,Supporting cells,12
TGACAGTCATAACAGA-1-1,6.3461294,1.5229629,Supporting cells,12
TGACAGTCATCGCCTT-1-1,5.7008924,1.3874108,Inner hair cells,12
TGACAGTGTCTTGCGG-1-1,-0.67359036,1.7856305,Supporting cells,12
TGACCCTAGATGGTAT-1-1,6.6361756,10.976315,Fibrocytes,12
TGACCCTCACAAATCC-1-1,1.1231217,13.158225,Fibrocytes,12
TGACCCTTCCATACTT-1-1,6.059453,8.295896,Supporting cells,12
TGACCCTTCGCTTGCT-1-1,-0.23667869,2.4651186,Supporting cells,12
TGACGCGAGAAATTGC-1-1,6.3476176,2.7609422,Supporting cells,12
TGACGCGAGAGCCGTA-1-1,0.20472349,5.7700996,Supporting cells,12
TGACGCGCAACAAGAT-1-1,-0.5788985,3.4740403,Supporting cells,12
TGACGCGCACAAGCAG-1-1,1.4607116,3.0103047,Supporting cells,12
TGACGCGCATAAGCGG-1-1,0.2738557,0.7622742,Supporting cells,12
TGACTCCCATTGAGCT-1-1,6.621373,3.8417935,Supporting cells,12
TGACTCCGTAGAGATT-1-1,8.1371565,3.1533453,Supporting cells,12
TGACTCCGTATCCCTC-1-1,1.2862245,13.763208,Fibrocytes,12
TGACTCCGTCGCATGC-1-1,-0.6854924,6.7954235,Supporting cells,12
TGACTCCTCATTTCGT-1-1,4.70649,1.5613606,Supporting cells,12
TGACTCCTCTGCGAGC-1-1,-2.213407,3.3994336,Supporting cells,12
TGACTCCTCTGGCCAG-1-1,0.17070138,4.903529,Supporting cells,12
TGAGACTAGTAGCTCT-1-1,-0.91631657,1.8419886,Supporting cells,12
TGAGACTCAAACGTGG-1-1,-1.6198621,1.4510686,Supporting cells,12
TGAGACTCAACCACAT-1-1,-0.38040859,5.3291197,Supporting cells,12
TGAGACTCACATAACC-1-1,0.99145573,1.7085928,Supporting cells,12
TGAGACTCATCGATCA-1-1,0.7576246,0.7576229,Supporting cells,12
TGAGACTCATTGGATC-1-1,3.0182204,3.948925,Supporting cells,12
TGAGACTGTACAAAGT-1-1,0.5061196,7.653395,Supporting cells,12
TGAGACTGTAGGTGCA-1-1,1.4106785,3.0074244,Supporting cells,12
TGAGACTGTATCCTCC-1-1,0.20823668,6.9597573,Supporting cells,12
TGAGACTTCGGTGTAT-1-1,1.1173698,14.0227785,Fibrocytes,12
TGAGCATAGCCTCTGG-1-1,-0.7110016,7.9409075,Supporting cells,12
TGAGCATAGCGTTACT-1-1,9.499676,9.684354,Glia/Schwann,12
TGAGCATCACATGTTG-1-1,-0.31360236,2.575209,Supporting cells,12
TGAGCATTCGCATTAG-1-1,1.3413557,8.007571,Supporting cells,12
TGAGCATTCTGAGTCA-1-1,-1.4082109,0.12993105,Supporting cells,12
TGAGCATTCTGCTAGA-1-1,-1.158222,0.8312798,Supporting cells,12
TGAGCGCCAGATGCGA-1-1,1.2201945,7.527995,Supporting cells,12
TGAGCGCCATCACAGT-1-1,1.5247675,1.1082395,Supporting cells,12
TGAGCGCTCAACTACG-1-1,5.8797417,1.6311437,Supporting cells,12
TGAGGAGAGCGAGTCA-1-1,2.9119,1.744628,Supporting cells,12
TGAGGAGCACCATAAC-1-1,0.9993987,2.3067672,Supporting cells,12
TGAGGAGGTCTCGCGA-1-1,4.6189237,10.897467,Supporting cells,12
TGAGGAGTCTGCATGA-1-1,6.6428957,4.221483,Supporting cells,12
TGAGGGAAGAAATTCG-1-1,8.549367,1.4478595,Outer hair cells,12
TGAGGGAAGGGCAAGG-1-1,-1.6195892,4.976455,Supporting cells,12
TGAGGGAAGTGCTCAT-1-1,-6.254713,4.762926,Fibrocytes,12
TGAGGGACAGCAATTC-1-1,10.034114,0.6136288,Outer hair cells,12
TGAGGGACAGTCTACA-1-1,7.5923324,4.975777,Supporting cells,12
TGAGGGAGTACTGCCG-1-1,-3.085101,10.189778,Macrophages/Microglia,12
TGAGGGAGTTTCGTAG-1-1,5.5544505,11.053124,Fibrocytes,12
TGAGGTTTCGAGTCTA-1-1,4.8661532,2.4445388,Supporting cells,12
TGAGGTTTCGCTATTT-1-1,5.112627,7.0150747,Supporting cells,12
TGAGGTTTCGCTTGCT-1-1,-1.9092675,6.6779356,Supporting cells,12
TGAGTCAAGCGATGAC-1-1,-0.96278596,3.8692555,Supporting cells,12
TGAGTCAAGGCTTAAA-1-1,1.6244854,7.3117924,Supporting cells,12
TGAGTCACACGCACCA-1-1,10.598478,9.356633,Glia/Schwann,12
TGAGTCACAGGTCAGA-1-1,-0.65108573,2.0915353,Supporting cells,12
TGAGTCAGTCCCGCAA-1-1,-1.0117438,8.3320055,Supporting cells,12
TGAGTCAGTTGCTCGG-1-1,3.369641,1.122139,Glia/Schwann,12
TGATCAGAGATCACTC-1-1,2.5893028,5.160789,Supporting cells,12
TGATCAGAGATGAATC-1-1,-1.6911421,0.024689183,Supporting cells,12
TGATCAGCAACAGAGC-1-1,3.7849388,7.1795144,Supporting cells,12
TGATCAGGTAGGACTG-1-1,6.6257024,5.071704,Supporting cells,12
TGATCAGTCGTAACTG-1-1,-0.8145167,6.51926,Supporting cells,12
TGATCAGTCTAGGAAA-1-1,-1.3942661,5.3540335,Supporting cells,12
TGATCTTCATGGGTTT-1-1,6.4977694,9.607356,Glia/Schwann,12
TGATCTTGTACCGTCG-1-1,-2.151307,4.440966,Supporting cells,12
TGATCTTTCAAGCCTA-1-1,2.2962322,7.1802673,Supporting cells,12
TGATCTTTCTCGCTCA-1-1,6.130563,9.04396,Glia/Schwann,12
TGATGCAAGAACGCGT-1-1,-0.4030649,-0.9863908,Supporting cells,12
TGATGCAAGTAGGGTC-1-1,3.2692099,1.2180545,Glia/Schwann,12
TGATGCATCACCGCTT-1-1,-1.3777659,2.130508,Supporting cells,12
TGATGGTAGAAGAGCA-1-1,4.6874857,6.089064,Supporting cells,12
TGATGGTAGACCAACG-1-1,9.012179,8.807032,Glia/Schwann,12
TGATGGTCACCGTGGT-1-1,1.5883368,1.4857131,Supporting cells,12
TGATGGTGTCGATTTG-1-1,1.3075912,1.3022591,Supporting cells,12
TGATGGTGTGAGACCA-1-1,-0.7230598,0.10719347,Supporting cells,12
TGATGGTTCGCGAAGA-1-1,7.9640846,7.9346147,Glia/Schwann,12
TGATTCTCAAGTTGGG-1-1,-0.23381694,6.61813,Supporting cells,12
TGATTCTGTAATTAGG-1-1,0.27711946,0.0068130014,Supporting cells,12
TGATTCTGTTACGTAC-1-1,5.3017006,3.2706723,Supporting cells,12
TGATTCTTCCACACAA-1-1,8.450719,6.4955153,Supporting cells,12
TGATTCTTCCCTGGTT-1-1,2.0971959,8.633196,Supporting cells,12
TGATTTCAGAGGGTCT-1-1,0.47685102,11.49815,Fibrocytes,12
TGATTTCAGGGTGGGA-1-1,6.2679133,7.1068125,Glia/Schwann,12
TGATTTCAGTTACGGG-1-1,-1.5611207,-1.1698842,Supporting cells,12
TGATTTCCACAATGCT-1-1,-0.35548973,6.858308,Supporting cells,12
TGATTTCGTAACTTCG-1-1,6.0991974,5.098581,Supporting cells,12
TGATTTCGTTACCTGA-1-1,-1.644373,3.4123654,Supporting cells,12
TGCACGGAGCTAAATG-1-1,0.81986177,1.7859987,Supporting cells,12
TGCACGGAGTAGAATC-1-1,2.3524854,10.008621,Supporting cells,12
TGCACGGCAAATCAGA-1-1,1.605838,1.249728,Supporting cells,12
TGCACGGCAAATCGGG-1-1,-2.2205393,-1.3144618,Supporting cells,12
TGCACGGCAGAGATTA-1-1,-6.684795,4.5383196,Fibrocytes,12
TGCACGGCAGAGGTTG-1-1,6.3073506,8.973793,Glia/Schwann,12
TGCACGGGTCGGCCTA-1-1,-2.2184942,3.5100453,Supporting cells,12
TGCACGGTCCCAGCGA-1-1,2.1476738,5.191055,Supporting cells,12
TGCACGGTCGGTAACT-1-1,1.0105293,13.501143,Fibrocytes,12
TGCACGGTCTCAAAGC-1-1,0.725473,10.434172,Supporting cells,12
TGCAGATAGACCAGAC-1-1,6.8194914,8.567695,Glia/Schwann,12
TGCAGATAGAGTGTTA-1-1,1.8224487,10.276402,Fibrocytes,12
TGCAGATAGTCTTCGA-1-1,7.7035103,1.5665157,Outer hair cells,12
TGCAGATGTAAGAACT-1-1,6.831269,8.832918,Glia/Schwann,12
TGCAGATTCCGATGCG-1-1,7.6779613,6.98197,Supporting cells,12
TGCAGATTCCTGCCAT-1-1,0.31183076,1.1835334,Supporting cells,12
TGCAGGCAGAATAGTC-1-1,-6.2908697,4.811936,Fibrocytes,12
TGCAGGCAGACATAAC-1-1,8.53549,8.506584,Glia/Schwann,12
TGCAGGCAGTGGAAAG-1-1,-2.3959432,0.8808826,Supporting cells,12
TGCAGGCAGTTTGAGA-1-1,3.1011765,9.624479,Supporting cells,12
TGCAGGCCAAATCAAG-1-1,3.4259496,4.327627,Supporting cells,12
TGCAGGCCAAGGAGTC-1-1,4.6900206,4.389155,Supporting cells,12
TGCAGGCCAATTGAGA-1-1,-1.1957339,8.369752,Supporting cells,12
TGCAGGCCATCCGCGA-1-1,-1.9546589,3.2608483,Supporting cells,12
TGCAGGCGTCTTCGAA-1-1,-2.4646418,9.499567,Macrophages/Microglia,12
TGCAGGCTCAACTGGT-1-1,2.2881203,9.070074,Supporting cells,12
TGCAGGCTCGGAGTGA-1-1,0.015956787,5.4452205,Supporting cells,12
TGCAGGCTCTGCACCT-1-1,1.1945351,14.022518,Fibrocytes,12
TGCAGTAAGAGGCGTT-1-1,-2.5162768,4.7545238,Supporting cells,12
TGCAGTAAGATGGTAT-1-1,-2.9996622,1.4169377,Supporting cells,12
TGCAGTAAGCGCTTCG-1-1,3.6510696,11.653718,Supporting cells,12
TGCAGTAAGGCAATGC-1-1,0.8285212,10.50226,Supporting cells,12
TGCAGTACACGGTCTG-1-1,0.8431004,12.727587,Fibrocytes,12
TGCAGTACATCGCTCT-1-1,2.4051852,3.5192084,Supporting cells,12
TGCAGTAGTAGTGATA-1-1,2.7292802,13.600691,Fibrocytes,12
TGCAGTAGTGAACGGT-1-1,5.467788,10.201613,Supporting cells,12
TGCAGTATCACGTAGT-1-1,1.0748174,0.67708606,Supporting cells,12
TGCATCCCACCCGTAG-1-1,3.5722387,0.25000054,Glia/Schwann,12
TGCATCCCACTGGCCA-1-1,4.3112106,2.609063,Supporting cells,12
TGCATCCCAGTGTGGA-1-1,8.431394,6.398841,Supporting cells,12
TGCATCCCATCGTGGC-1-1,-1.4528261,-1.8448318,Supporting cells,12
TGCATCCGTTTGAACC-1-1,1.1932726,1.6461068,Supporting cells,12
TGCATCCTCTTCCAGC-1-1,1.338775,13.348528,Fibrocytes,12
TGCATGAAGCACGATG-1-1,-3.0806437,2.0549629,Supporting cells,12
TGCATGAAGTGCAAAT-1-1,0.22535081,5.5147777,Supporting cells,12
TGCATGACAAGTGGCA-1-1,1.0722961,7.172022,Supporting cells,12
TGCATGACACTGTTCC-1-1,-2.3817902,2.909996,Supporting cells,12
TGCATGACAGAAGCTG-1-1,3.6826973,8.617794,Supporting cells,12
TGCATGACAGGTCTCG-1-1,9.884391,8.983947,Glia/Schwann,12
TGCATGACATGTCTAG-1-1,8.437341,5.245414,Supporting cells,12
TGCATGATCAAGCCAT-1-1,-0.5648218,6.131291,Supporting cells,12
TGCATGATCTTCTGGC-1-1,3.3675597,0.9244412,Glia/Schwann,12
TGCCGAGAGAATAACC-1-1,-1.5455949,2.1435916,Supporting cells,12
TGCCGAGAGGTTCACT-1-1,1.1246282,13.767146,Fibrocytes,12
TGCCGAGAGTTAGTGA-1-1,-1.9520985,-1.4531265,Supporting cells,12
TGCCGAGCAATAACCC-1-1,4.223632,3.8424563,Supporting cells,12
TGCCGAGCACCGGCTA-1-1,7.6798306,5.7092667,Supporting cells,12
TGCCGAGGTAACAGTA-1-1,0.3151025,3.8311243,Supporting cells,12
TGCCGAGTCATCGTAG-1-1,1.2951816,1.6293012,Supporting cells,12
TGCGACGCAAGTGCAG-1-1,-1.7441552,2.034923,Supporting cells,12
TGCGACGCATGACAAA-1-1,-3.0614915,8.511668,Supporting cells,12
TGCGACGGTCTGTGAT-1-1,-2.7256582,3.3330524,Supporting cells,12
TGCGACGGTGGTTCTA-1-1,4.933413,6.2783203,Supporting cells,12
TGCGACGTCCCGTTGT-1-1,2.4366317,9.452146,Supporting cells,12
TGCGACGTCGCCGTGA-1-1,-5.9588284,4.261522,Fibrocytes,12
TGCGATAAGCTCGAAG-1-1,-6.590569,3.8587935,Fibrocytes,12
TGCGATAAGGAACGAA-1-1,8.014567,1.2103137,Outer hair cells,12
TGCGATACAACGGGTA-1-1,2.3966587,7.52993,Supporting cells,12
TGCGATACAATAAGGT-1-1,9.267804,8.88482,Glia/Schwann,12
TGCGATATCAAGAATG-1-1,1.7288804,1.7367141,Supporting cells,12
TGCGATATCCCAAGTA-1-1,-2.5250251,1.4292911,Supporting cells,12
TGCGGCAAGTCGCTAT-1-1,7.909393,1.418288,Outer hair cells,12
TGCGGCAGTAACGGTG-1-1,0.44445127,4.0119724,Supporting cells,12
TGCGGCAGTGAGCTCC-1-1,2.8022718,13.705071,Fibrocytes,12
TGCGGCATCAGATGCT-1-1,3.3689625,4.9867973,Supporting cells,12
TGCGGCATCGCAGTCG-1-1,-7.1031995,4.146592,Fibrocytes,12
TGCGGCATCGGTTGTA-1-1,1.3320348,6.364589,Supporting cells,12
TGCGGGTGTAGCGTTT-1-1,8.19294,6.307561,Supporting cells,12
TGCTCCAAGACGTCCC-1-1,-1.4825324,9.1883135,Supporting cells,12
TGCTCCAAGCCGAACA-1-1,7.490441,6.6406064,Supporting cells,12
TGCTCCAAGTGAGTTA-1-1,0.21755305,5.778614,Supporting cells,12
TGCTCCACACGCGTCA-1-1,2.3480492,10.890895,Fibrocytes,12
TGCTCCACAGATTAAG-1-1,-4.191021,5.6764145,Fibrocytes,12
TGCTCCACAGGAATAT-1-1,0.7130668,13.796239,Fibrocytes,12
TGCTCCAGTACTCAAC-1-1,10.110913,5.4185963,Supporting cells,12
TGCTCCAGTCCACTTC-1-1,-2.0157707,2.1130304,Supporting cells,12
TGCTCCAGTGCCTACG-1-1,-5.9632177,3.934327,Fibrocytes,12
TGCTCCAGTGGTATGG-1-1,4.96577,8.7420435,Supporting cells,12
TGCTCCAGTTATCTGG-1-1,2.9337142,1.5582982,Glia/Schwann,12
TGCTCCATCCCAGTGG-1-1,8.939145,6.624832,Supporting cells,12
TGCTCGTAGAATCGCG-1-1,-1.6841218,1.590517,Supporting cells,12
TGCTCGTAGATTAGTG-1-1,6.709273,8.422491,Glia/Schwann,12
TGCTCGTAGGTGAGAA-1-1,-1.3302852,2.3266459,Supporting cells,12
TGCTCGTGTACTCGCG-1-1,-0.5467905,0.7244293,Supporting cells,12
TGCTCGTGTGAGTTTC-1-1,-0.6330726,1.8863027,Supporting cells,12
TGCTCGTTCTCATTAC-1-1,6.9891143,-1.040982,Inner hair cells,12
TGCTGAAAGGATTCCT-1-1,-1.9674841,3.293282,Supporting cells,12
TGCTGAACACAGTGAG-1-1,8.4196825,8.690751,Glia/Schwann,12
TGCTGAACAGACGATG-1-1,-0.57584345,7.2853913,Supporting cells,12
TGCTGAACATCCGTTC-1-1,3.197786,3.586394,Supporting cells,12
TGCTGAAGTGTATTGC-1-1,5.207405,1.0620798,Inner hair cells,12
TGCTGAATCATTTACC-1-1,-2.3497336,2.77614,Supporting cells,12
TGCTTCGAGGAGATAG-1-1,2.7772343,3.7105966,Supporting cells,12
TGCTTCGAGGCCCAAA-1-1,4.947802,6.442696,Supporting cells,12
TGCTTCGAGTGCAGCA-1-1,-1.8052868,1.8911866,Supporting cells,12
TGCTTCGCAATAGTCC-1-1,0.47609383,1.8418777,Supporting cells,12
TGCTTCGCATACATCG-1-1,0.8761921,12.439588,Fibrocytes,12
TGCTTCGGTTCGGGTC-1-1,2.5106251,2.8696218,Supporting cells,12
TGCTTCGTCAGCTGAT-1-1,-1.5152566,1.6240358,Supporting cells,12
TGCTTGCGTACAAGTA-1-1,8.158565,5.109332,Supporting cells,12
TGCTTGCGTGACCGAA-1-1,9.865026,0.7611776,Outer hair cells,12
TGCTTGCGTTCGAAGG-1-1,0.9560028,1.5928615,Supporting cells,12
TGCTTGCTCGAATCCA-1-1,0.6144663,6.941967,Supporting cells,12
TGGAACTAGAACAAGG-1-1,7.9444575,6.3628397,Supporting cells,12
TGGAACTAGATCGACG-1-1,2.857387,9.130338,Supporting cells,12
TGGAACTGTGGGAGAG-1-1,0.79449856,12.199677,Fibrocytes,12
TGGAACTTCAAGTGGG-1-1,4.849571,9.229816,Supporting cells,12
TGGAACTTCCGTGTAA-1-1,2.3169744,9.152221,Supporting cells,12
TGGAACTTCGCCAGTG-1-1,2.612021,12.822013,Fibrocytes,12
TGGAACTTCTGTTCAT-1-1,-0.567695,5.5557528,Supporting cells,12
TGGAGAGAGAAGGATG-1-1,2.012778,11.814996,Fibrocytes,12
TGGAGAGAGGTGAGCT-1-1,1.5393852,4.856397,Supporting cells,12
TGGAGAGCACGTCTCT-1-1,2.8518724,9.485169,Supporting cells,12
TGGAGAGGTACTGAGG-1-1,3.3005722,6.358216,Supporting cells,12
TGGAGAGTCCCGGTAG-1-1,3.1881201,5.405595,Fibrocytes,12
TGGAGGAAGGAAGTCC-1-1,9.507861,5.041805,Supporting cells,12
TGGAGGACAAATGGAT-1-1,0.66714007,12.534718,Fibrocytes,12
TGGAGGACACGGTGTC-1-1,-4.0673594,5.6707582,Supporting cells,12
TGGAGGACAGTCAGTT-1-1,0.41158557,7.284668,Supporting cells,12
TGGAGGACAGTTTGGT-1-1,-4.8678236,5.0714746,Fibrocytes,12
TGGAGGAGTGTTACTG-1-1,0.45443106,1.9632127,Supporting cells,12
TGGATCAAGATTGACA-1-1,-0.94484633,-0.5787552,Supporting cells,12
TGGATCAAGGTTCCGC-1-1,0.7223414,2.451778,Supporting cells,12
TGGATCACAATCCAGT-1-1,-7.161742,4.233813,Fibrocytes,12
TGGATCAGTACTCAAC-1-1,8.487861,2.8401527,Supporting cells,12
TGGATGTAGAAGTATC-1-1,-2.7822437,6.8438115,Supporting cells,12
TGGATGTAGAGTCTGG-1-1,0.43856215,11.147733,Fibrocytes,12
TGGATGTAGATCGCCC-1-1,4.0288854,10.069996,Supporting cells,12
TGGATGTGTGCCTATA-1-1,10.503106,9.481762,Glia/Schwann,12
TGGATGTGTTTGTTCT-1-1,-2.1064115,4.768182,Supporting cells,12
TGGATGTTCCGTCACT-1-1,7.181957,3.7624362,Supporting cells,12
TGGCGTGAGGACAGTC-1-1,2.7850537,9.445347,Supporting cells,12
TGGCGTGAGTCGAATA-1-1,5.1047816,0.6868312,Inner hair cells,12
TGGCGTGCAACTACGT-1-1,9.497531,8.733714,Glia/Schwann,12
TGGCGTGCAGAATCGG-1-1,1.5773978,12.979733,Fibrocytes,12
TGGCGTGGTAGTTACC-1-1,1.5944439,2.6218214,Supporting cells,12
TGGGAAGAGAGTGTTA-1-1,0.47696888,0.814945,Supporting cells,12
TGGGAAGCAATGAAAC-1-1,4.2704325,8.536047,Supporting cells,12
TGGGAGAGTCAATGGG-1-1,0.08845959,1.1134318,Supporting cells,12
TGGGAGATCTTTCAGT-1-1,-2.5874932,1.8654642,Supporting cells,12
TGGGATTAGCGCCTCA-1-1,-1.0082895,1.2762734,Supporting cells,12
TGGGATTAGGCCTAGA-1-1,-0.6742332,8.93424,Supporting cells,12
TGGGATTCAAGACGAC-1-1,6.0100894,8.714857,Supporting cells,12
TGGGATTCAAGTTTGC-1-1,0.8197123,13.696197,Fibrocytes,12
TGGGATTCAGGTTCCG-1-1,-2.3089306,-0.023595685,Supporting cells,12
TGGGATTCATGGTGGA-1-1,0.66808456,1.9708525,Supporting cells,12
TGGGATTGTCTGGTTA-1-1,0.9360817,7.424429,Supporting cells,12
TGGGATTTCAGCGTCG-1-1,5.666409,10.5487585,Supporting cells,12
TGGGATTTCCAATGCA-1-1,3.3554692,11.142509,Supporting cells,12
TGGGATTTCCCGAATA-1-1,-1.0028304,-0.37499884,Supporting cells,12
TGGGCGTAGCTCGAAG-1-1,-0.2896081,5.64587,Supporting cells,12
TGGGCGTAGTAGCTCT-1-1,-1.2033257,6.2240877,Supporting cells,12
TGGGCGTCATACCAGT-1-1,-0.38962138,1.3678076,Supporting cells,12
TGGGCTGAGAGATTCA-1-1,-7.052597,4.4228625,Fibrocytes,12
TGGGCTGAGTTTGAGA-1-1,-2.1876037,1.5332707,Supporting cells,12
TGGGCTGCAATGGCAG-1-1,-0.1282376,4.538855,Supporting cells,12
TGGGCTGCACCCAAGC-1-1,10.424482,8.956195,Glia/Schwann,12
TGGGCTGGTAAGACCG-1-1,0.54552335,11.264725,Fibrocytes,12
TGGGCTGGTTCCGCAG-1-1,8.706891,8.680575,Glia/Schwann,12
TGGGCTGGTTCGTTCC-1-1,0.3988685,14.077751,Fibrocytes,12
TGGGCTGTCCGCACGA-1-1,-0.57831967,-1.2998793,Supporting cells,12
TGGGCTGTCTAGAACC-1-1,-4.211576,5.409614,Fibrocytes,12
TGGGTTAAGACTTCCA-1-1,0.929354,14.11625,Fibrocytes,12
TGGGTTAAGCATACTC-1-1,2.2795854,7.3749137,Supporting cells,12
TGGGTTATCCGTGACG-1-1,0.70864636,3.7568002,Supporting cells,12
TGGGTTATCTTACGTT-1-1,6.096365,-0.41658202,Inner hair cells,12
TGGTACAAGAAGAGCA-1-1,-0.4527975,6.658688,Supporting cells,12
TGGTACAAGACGCATG-1-1,-1.6242807,0.11007533,Supporting cells,12
TGGTACAAGCCTCATA-1-1,-0.5170917,0.21294448,Supporting cells,12
TGGTACAAGGGTCTTT-1-1,3.1408887,4.0863247,Supporting cells,12
TGGTACAAGTAACGAT-1-1,4.7242937,5.9532413,Supporting cells,12
TGGTACAAGTCTTCGA-1-1,-0.8411019,2.0719392,Supporting cells,12
TGGTACACACAATCTG-1-1,2.7653992,4.502722,Supporting cells,12
TGGTAGTAGGTGCTTT-1-1,2.4934022,13.703727,Fibrocytes,12
TGGTAGTCAGACCTGC-1-1,2.5615206,12.79836,Fibrocytes,12
TGGTAGTCATCCTGTC-1-1,1.111508,14.077294,Fibrocytes,12
TGGTAGTCATCTATCT-1-1,-0.25450486,2.3585174,Supporting cells,12
TGGTGATAGCACTTTG-1-1,0.31615403,0.9470259,Supporting cells,12
TGGTGATGTTTAGAGA-1-1,7.535517,9.349201,Glia/Schwann,12
TGGTTAGCACGGTCTG-1-1,7.164192,4.7979813,Supporting cells,12
TGTAACGAGAGTGTGC-1-1,-0.81924665,5.7679467,Supporting cells,12
TGTAACGCAGCTTCCT-1-1,-0.540193,6.6358776,Supporting cells,12
TGTAACGTCCTAGAGT-1-1,-1.6395817,4.836136,Supporting cells,12
TGTAACGTCCTTACCG-1-1,1.70408,3.4059472,Supporting cells,12
TGTAAGCCAGCAGACA-1-1,5.870619,7.253141,Glia/Schwann,12
TGTAAGCTCAGAGCAG-1-1,-1.778568,2.5795045,Supporting cells,12
TGTAAGCTCTTTGATC-1-1,6.608558,1.545136,Supporting cells,12
TGTACAGAGGGCAACT-1-1,7.6200957,1.3969362,Outer hair cells,12
TGTACAGCAGTCGGTC-1-1,3.5828156,9.854028,Supporting cells,12
TGTACAGCATTCTGTT-1-1,6.5954814,7.4317813,Glia/Schwann,12
TGTACAGCATTGCCGG-1-1,2.9772763,1.8388959,Supporting cells,12
TGTACAGGTAACGGTG-1-1,10.185656,0.6685637,Outer hair cells,12
TGTACAGGTACATTGC-1-1,0.6690985,10.816911,Fibrocytes,12
TGTACAGGTTCCATTT-1-1,-0.31080228,-0.23843741,Supporting cells,12
TGTACAGTCCATGATG-1-1,-3.5398095,6.076089,Supporting cells,12
TGTACAGTCCGACGGT-1-1,2.1952224,10.941506,Fibrocytes,12
TGTAGACCACTTCAGA-1-1,1.1435007,2.5822136,Supporting cells,12
TGTAGACGTCATGGCC-1-1,9.155665,6.7576456,Supporting cells,12
TGTAGACGTCCTGTCT-1-1,6.142899,10.267197,Supporting cells,12
TGTAGACGTTACACTG-1-1,1.3748244,13.594168,Fibrocytes,12
TGTAGACTCAGTGTTG-1-1,0.7311239,11.336987,Fibrocytes,12
TGTCAGAAGACGCCAA-1-1,-0.7212584,4.385495,Supporting cells,12
TGTCAGAAGACTTCCA-1-1,-3.0146656,2.8796716,Fibrocytes,12
TGTCAGACAACGACTT-1-1,3.0751922,4.1435184,Fibrocytes,12
TGTCAGACATGGGCAA-1-1,4.2348375,3.2806504,Supporting cells,12
TGTCAGAGTTGGCTAT-1-1,0.9262936,13.553488,Fibrocytes,12
TGTCAGATCATCTCTA-1-1,2.7935307,10.150263,Supporting cells,12
TGTCCACAGTCTAGAA-1-1,-0.78969175,3.3397188,Supporting cells,12
TGTCCACAGTGTTCAC-1-1,8.433165,1.0488039,Outer hair cells,12
TGTCCACCAATTTCGG-1-1,0.7535595,9.812411,Supporting cells,12
TGTCCCATCCTTCTAA-1-1,-0.026247073,7.7743616,Supporting cells,12
TGTCCTGAGACGGTTG-1-1,2.195856,4.2829456,Supporting cells,12
TGTCCTGAGATAGTCA-1-1,0.19451211,4.7372236,Supporting cells,12
TGTCCTGAGGAAAGTG-1-1,1.0758195,3.4671865,Supporting cells,12
TGTCCTGAGGCTTTCA-1-1,-0.9714558,5.1602182,Supporting cells,12
TGTCCTGCAAGCACAG-1-1,7.7114434,4.651023,Supporting cells,12
TGTCCTGCACATATGC-1-1,0.6000786,4.8615847,Supporting cells,12
TGTCCTGCACCGCTAG-1-1,-4.474124,5.0961003,Fibrocytes,12
TGTCCTGCACCGTGAC-1-1,2.866426,10.423386,Supporting cells,12
TGTGAGTCAGCACACC-1-1,10.259854,9.009598,Glia/Schwann,12
TGTGAGTCATGTGACT-1-1,5.1566186,9.760415,Supporting cells,12
TGTGATGCACACCGCA-1-1,1.0771996,13.379514,Fibrocytes,12
TGTGATGCACTATCCC-1-1,0.06967767,7.1626625,Supporting cells,12
TGTGATGCAGACACCC-1-1,-3.383023,2.2207177,Supporting cells,12
TGTGATGCAGCATCTA-1-1,1.800006,13.048567,Fibrocytes,12
TGTGATGCATCATGAC-1-1,2.747576,10.299336,Supporting cells,12
TGTGCGGAGGTGAGAA-1-1,1.6352483,5.9211884,Supporting cells,12
TGTGCGGAGTGTAGAT-1-1,1.9041842,6.1338825,Supporting cells,12
TGTGCGGCATCCGCGA-1-1,1.0297831,3.7597516,Supporting cells,12
TGTGCGGCATTACTCT-1-1,6.5556245,4.368336,Glia/Schwann,12
TGTGCGGGTCAACCAT-1-1,0.22726731,1.6825489,Supporting cells,12
TGTGCGGTCCGACGGT-1-1,-3.0133564,4.0599275,Supporting cells,12
TGTGCGGTCGCTTGAA-1-1,7.7607455,5.355091,Supporting cells,12
TGTGCGGTCGGAAGGT-1-1,3.2352881,6.3619113,Fibrocytes,12
TGTGGCGAGAGAGCAA-1-1,-1.8795682,3.656362,Supporting cells,12
TGTGGCGTCACTTCTA-1-1,10.114007,9.695473,Glia/Schwann,12
TGTGGCGTCGCTACGG-1-1,2.893722,9.902715,Supporting cells,12
TGTGTGACAAAGGTTA-1-1,2.2116344,6.49718,Supporting cells,12
TGTGTGACATCATCTT-1-1,3.4147003,8.844478,Supporting cells,12
TGTGTGAGTGCTGCAC-1-1,-0.15559116,6.0694113,Supporting cells,12
TGTTACTCAAATGCTC-1-1,9.979837,8.941931,Glia/Schwann,12
TGTTACTCACACGGAA-1-1,3.1471987,4.4509234,Supporting cells,12
TGTTACTCACATGGTT-1-1,-1.7144936,-0.6095724,Supporting cells,12
TGTTACTCACCCTAAA-1-1,0.6784072,6.82418,Supporting cells,12
TGTTACTCACGGTAGA-1-1,0.5263867,7.007642,Supporting cells,12
TGTTACTCACTAACCA-1-1,-2.3822706,3.4433222,Supporting cells,12
TGTTACTCAGCGCGTT-1-1,-2.233266,0.4676471,Supporting cells,12
TGTTACTCATGCAGCC-1-1,0.6077043,10.330852,Fibrocytes,12
TGTTACTGTTCATCTT-1-1,-4.6857753,5.083692,Fibrocytes,12
TGTTACTTCAGTGATC-1-1,7.2648635,6.1655498,Supporting cells,12
TGTTACTTCGACCAAT-1-1,6.4152107,3.8075974,Supporting cells,12
TGTTACTTCTGCGGAC-1-1,-1.932155,-1.8645229,Supporting cells,12
TGTTACTTCTGGTTGA-1-1,0.050445843,1.5274423,Supporting cells,12
TGTTCATAGGCGAACT-1-1,-1.9041129,3.9014773,Supporting cells,12
TGTTCATAGTTCCATG-1-1,7.4584565,1.460178,Outer hair cells,12
TGTTCATCAAGTTCCA-1-1,0.8406691,8.160889,Supporting cells,12
TGTTCATCACCAGTAT-1-1,3.5536888,11.173136,Supporting cells,12
TGTTCATGTCAGCTTA-1-1,2.1251793,7.438883,Supporting cells,12
TGTTCCGGTGAGATTA-1-1,-1.5240409,6.2644334,Supporting cells,12
TGTTCCGTCCAGCCTT-1-1,3.022213,5.5935187,Supporting cells,12
TGTTCCGTCGCGCCAA-1-1,-1.4348457,5.3923573,Supporting cells,12
TGTTCTAAGCCGATTT-1-1,-1.0717362,6.335588,Supporting cells,12
TGTTCTAAGTCGCGAA-1-1,9.041526,1.2320218,Outer hair cells,12
TGTTCTACAAGACCTT-1-1,-0.106383845,5.802663,Supporting cells,12
TGTTCTACATATCGGT-1-1,7.716899,7.7234445,Glia/Schwann,12
TGTTGAGCAACTTGGT-1-1,-1.6018091,-1.7630273,Supporting cells,12
TGTTGAGGTGTCTTCC-1-1,7.288003,3.9108691,Supporting cells,12
TGTTGAGTCCCGAGTG-1-1,8.634019,5.1950946,Supporting cells,12
TGTTGAGTCCCTATTA-1-1,-2.4935644,10.460524,Macrophages/Microglia,12
TGTTGGAAGAGGGCGA-1-1,-0.043699823,3.045006,Supporting cells,12
TGTTGGAAGCTAAATG-1-1,4.100256,5.1785307,Supporting cells,12
TGTTGGATCCCGTGTT-1-1,-0.526855,7.0335145,Supporting cells,12
TGTTTGTAGATACATG-1-1,7.8552547,7.015508,Supporting cells,12
TGTTTGTAGCTGTCCG-1-1,-1.3164706,9.415123,Supporting cells,12
TGTTTGTCACACCTAA-1-1,-2.479196,3.4452543,Supporting cells,12
TGTTTGTCAGGGATAC-1-1,0.56250435,2.1139708,Supporting cells,12
TGTTTGTTCGGCTATA-1-1,1.7949481,5.2888184,Supporting cells,12
TGTTTGTTCTCATTTG-1-1,7.032383,10.870665,Glia/Schwann,12
TTAATCCAGCGGGTAT-1-1,-1.8563663,1.3376473,Supporting cells,12
TTAATCCAGCTACTGT-1-1,2.036133,9.038794,Supporting cells,12
TTAATCCAGCTGTGCC-1-1,-4.386235,5.525027,Fibrocytes,12
TTAATCCCAGAAACCG-1-1,7.648637,1.0689231,Outer hair cells,12
TTAATCCCATGTTCAG-1-1,5.610197,8.741447,Supporting cells,12
TTAATCCGTAAGACCG-1-1,-0.62372667,3.1310089,Supporting cells,12
TTAATCCGTACAGAAT-1-1,1.2884732,12.781737,Fibrocytes,12
TTAATCCGTGCTGATT-1-1,0.26839504,5.377678,Supporting cells,12
TTAATCCTCGAGAGAC-1-1,-1.9929695,3.2688167,Supporting cells,12
TTACAGGCATCAGCGC-1-1,-1.164837,-0.5217695,Supporting cells,12
TTACAGGCATGCGGTC-1-1,6.999082,9.178026,Glia/Schwann,12
TTACAGGGTGGCTAGA-1-1,3.144785,5.8358436,Supporting cells,12
TTACCATGTACGGTTT-1-1,-0.7535846,4.3146553,Supporting cells,12
TTACCATGTCCAGCGT-1-1,2.894871,3.9065895,Supporting cells,12
TTACCGCAGGAATTAC-1-1,1.108241,13.142153,Fibrocytes,12
TTACCGCCAATTGCAC-1-1,-0.08446551,1.755004,Supporting cells,12
TTACCGCCATACATCG-1-1,-0.41724524,-1.2834005,Supporting cells,12
TTACGCCAGGTCCCGT-1-1,-2.4156759,0.5473658,Supporting cells,12
TTACGCCCACACGGAA-1-1,0.37673724,11.14487,Fibrocytes,12
TTACGCCGTCATGGCC-1-1,-2.3095417,-0.9853993,Supporting cells,12
TTACGCCTCACCTTAT-1-1,7.677856,9.067448,Glia/Schwann,12
TTACGCCTCCTCACGT-1-1,1.5012791,1.5982387,Supporting cells,12
TTACGCCTCGCTTGAA-1-1,3.4178026,0.8774425,Glia/Schwann,12
TTACGTTAGATAACGT-1-1,-1.9942482,-0.7543351,Supporting cells,12
TTACGTTGTCTGTCCT-1-1,6.846888,3.8178012,Supporting cells,12
TTACTGTAGAGTCTGG-1-1,-0.2997145,5.756355,Supporting cells,12
TTACTGTAGCCTAGGA-1-1,8.799894,0.8807721,Outer hair cells,12
TTACTGTAGTATGCAA-1-1,2.213227,7.951295,Supporting cells,12
TTACTGTGTGGTCCGT-1-1,1.5272876,2.6222954,Supporting cells,12
TTACTGTTCGTAGAGG-1-1,6.214741,4.101691,Supporting cells,12
TTAGGCACAGTGGCTC-1-1,9.154726,9.413303,Glia/Schwann,12
TTAGGCAGTAGCGCTC-1-1,0.26300743,7.1131077,Supporting cells,12
TTAGGCAGTCGCATTA-1-1,-1.1275715,3.5079887,Supporting cells,12
TTAGGCAGTGCCGAAA-1-1,-2.2563353,8.984511,Macrophages/Microglia,12
TTAGGCATCTACCAGA-1-1,-1.7152952,3.5138307,Supporting cells,12
TTAGGGTAGAGGATCC-1-1,6.060775,2.6104996,Supporting cells,12
TTAGGGTCAATCGAAA-1-1,-2.7825277,1.9481316,Supporting cells,12
TTAGGGTTCCCTCTCC-1-1,8.937175,0.7947839,Outer hair cells,12
TTAGGGTTCGTAACCA-1-1,8.560003,5.163677,Supporting cells,12
TTAGTCTCACCTGCTT-1-1,0.7911421,2.1139367,Supporting cells,12
TTAGTCTGTCAACACT-1-1,7.460033,7.446731,Glia/Schwann,12
TTAGTCTGTTTCGATG-1-1,1.6218686,8.831212,Supporting cells,12
TTAGTCTTCACCGGTG-1-1,0.17982039,3.0549653,Supporting cells,12
TTATTGCAGGGCCCTT-1-1,0.7028802,11.83258,Fibrocytes,12
TTATTGCCAGTGTATC-1-1,-1.1595896,8.586464,Supporting cells,12
TTATTGCTCCCGTTCA-1-1,0.101958945,1.2159499,Supporting cells,12
TTATTGCTCCGATCGG-1-1,8.405381,0.6838276,Outer hair cells,12
TTCAATCAGACTCCGC-1-1,-1.2650999,0.21799548,Supporting cells,12
TTCAATCAGCACACCC-1-1,3.4068506,4.6695504,Fibrocytes,12
TTCAATCAGGACGCAT-1-1,1.1288025,10.160932,Supporting cells,12
TTCAATCAGGGCTTCC-1-1,6.5152555,6.9881063,Glia/Schwann,12
TTCAATCAGGTGCTGA-1-1,-1.0591439,4.895201,Supporting cells,12
TTCAATCAGTATCCTG-1-1,9.849414,8.457972,Glia/Schwann,12
TTCAATCCACAAGCCC-1-1,1.1194022,11.0693245,Fibrocytes,12
TTCAATCCACGGCACT-1-1,8.657218,4.8457336,Supporting cells,12
TTCAATCCAGACCATT-1-1,2.8760424,1.9669901,Supporting cells,12
TTCAATCGTTTGGAGG-1-1,-5.179603,5.460076,Fibrocytes,12
TTCAATCTCCTACAAG-1-1,-6.6899476,4.5223327,Fibrocytes,12
TTCACCGAGAAGCGAA-1-1,-0.16060877,1.6879493,Supporting cells,12
TTCACCGAGAGCCATG-1-1,5.7749195,1.3568611,Inner hair cells,12
TTCACCGAGATGATTG-1-1,7.520432,4.7499676,Supporting cells,12
TTCACCGAGGAACGTC-1-1,5.0711765,9.457825,Supporting cells,12
TTCACCGTCCTGATAG-1-1,-5.4302297,4.108734,Fibrocytes,12
TTCACGCAGAGATGCC-1-1,4.830653,3.885775,Supporting cells,12
TTCACGCAGAGCCGTA-1-1,-2.3503873,3.6281943,Supporting cells,12
TTCACGCAGTGGTGGT-1-1,5.6929946,5.5808315,Supporting cells,12
TTCAGGAAGACGGTTG-1-1,-3.0999663,11.472732,Macrophages/Microglia,12
TTCAGGAAGGCACCAA-1-1,7.452876,6.252964,Supporting cells,12
TTCAGGACAAACGGCA-1-1,2.3635616,9.952184,Supporting cells,12
TTCAGGACATCATTTC-1-1,6.8714037,1.4058712,Outer hair cells,12
TTCAGGAGTACTGAGG-1-1,2.4924774,10.098994,Supporting cells,12
TTCAGGAGTCAGTCCG-1-1,0.8215366,11.832197,Fibrocytes,12
TTCAGGATCGGTCTGG-1-1,5.8369164,6.0314097,Supporting cells,12
TTCAGGATCTTAGCAG-1-1,5.192231,0.33673355,Inner hair cells,12
TTCATGTAGGAGTACC-1-1,-0.11352749,7.4172645,Supporting cells,12
TTCATGTCAAAGGCAC-1-1,1.6795238,1.2815928,Supporting cells,12
TTCATGTCAGAAGCGT-1-1,-1.2403009,2.3719003,Supporting cells,12
TTCATGTCAGCGGTCT-1-1,-1.8327161,0.12380115,Supporting cells,12
TTCATGTCAGTGAGCA-1-1,0.5336886,4.775593,Supporting cells,12
TTCATGTGTTCGCGTG-1-1,9.442715,8.6131935,Glia/Schwann,12
TTCATGTTCGAGTGGA-1-1,-1.3588697,0.2532165,Supporting cells,12
TTCATGTTCGCACTCT-1-1,1.6741271,1.6269058,Supporting cells,12
TTCATGTTCGCTTGCT-1-1,0.45664486,13.535433,Fibrocytes,12
TTCATTGAGAGGTATT-1-1,-1.0031849,8.996641,Supporting cells,12
TTCATTGAGTAGTCCT-1-1,5.2730412,5.6786704,Supporting cells,12
TTCATTGGTTAGGAGC-1-1,-4.8866143,4.5614033,Fibrocytes,12
TTCATTGGTTGGTGTT-1-1,7.1477275,1.290535,Outer hair cells,12
TTCCAATGTATCTTCT-1-1,-1.8984034,-0.6398617,Supporting cells,12
TTCCAATGTGACCGTC-1-1,-2.409607,4.2334247,Supporting cells,12
TTCCAATGTTAAGAAC-1-1,7.337201,5.107647,Supporting cells,12
TTCCAATTCACCCTTG-1-1,8.302646,4.857981,Supporting cells,12
TTCCACGAGCTCGTGC-1-1,3.161643,11.394384,Supporting cells,12
TTCCACGAGGAATGTT-1-1,0.81911165,5.8895135,Supporting cells,12
TTCCACGAGGCCCACT-1-1,9.306514,4.9559674,Supporting cells,12
TTCCACGAGTAGGTTA-1-1,7.9042444,6.1083045,Supporting cells,12
TTCCACGAGTGATAGT-1-1,0.47713584,11.187251,Fibrocytes,12
TTCCACGCAATAACCC-1-1,3.0579224,2.8110218,Supporting cells,12
TTCCACGTCTTGGCTC-1-1,-1.8494395,1.6654779,Supporting cells,12
TTCCGGTAGTCACTGT-1-1,5.2207236,9.718762,Supporting cells,12
TTCCGGTCACACCAGC-1-1,-1.7202065,-1.4740542,Supporting cells,12
TTCCGGTCAGACTCTA-1-1,0.5093471,13.5609255,Fibrocytes,12
TTCCGGTGTCCAAGAG-1-1,-1.4560695,4.5294952,Supporting cells,12
TTCCGGTGTGAATTGA-1-1,-0.78445077,2.9241948,Supporting cells,12
TTCCGTGAGAAGCCTG-1-1,-7.0768924,4.3299356,Fibrocytes,12
TTCCGTGAGACCATGG-1-1,0.38841116,4.7357483,Supporting cells,12
TTCCGTGAGCAGAAAG-1-1,-2.0946853,-2.044003,Supporting cells,12
TTCCGTGAGGGAGGCA-1-1,8.847866,6.5858717,Supporting cells,12
TTCCGTGGTGGATGAC-1-1,0.6180489,10.540312,Fibrocytes,12
TTCCGTGTCAGTGTTG-1-1,3.796714,4.3973265,Supporting cells,12
TTCCGTGTCCATTGTT-1-1,5.7215667,1.9027199,Supporting cells,12
TTCCGTGTCCGTCAAA-1-1,-1.042672,2.2017887,Supporting cells,12
TTCCTAACAAGTTCGT-1-1,-0.91435456,4.403341,Supporting cells,12
TTCCTAACACGACGCT-1-1,-0.6640117,1.7341912,Supporting cells,12
TTCCTAACATGCCGAC-1-1,0.9607239,3.2617457,Supporting cells,12
TTCCTAAGTTCTCAGA-1-1,-1.9553668,1.1567775,Supporting cells,12
TTCCTAATCCGTTGAA-1-1,6.023459,4.717679,Supporting cells,12
TTCCTCTAGTCTGTAC-1-1,-0.24643078,1.680529,Supporting cells,12
TTCCTCTCAAAGAGTT-1-1,1.296129,13.306483,Fibrocytes,12
TTCCTCTTCATTACCT-1-1,9.379899,9.748378,Glia/Schwann,12
TTCCTCTTCGCAGATT-1-1,9.824953,8.945472,Glia/Schwann,12
TTCCTCTTCTGTCGTC-1-1,-1.3651809,2.4990396,Supporting cells,12
TTCCTTCAGCATGATA-1-1,-0.49290413,2.3479836,Supporting cells,12
TTCCTTCAGGCCTAAG-1-1,-2.6888883,0.58254737,Supporting cells,12
TTCCTTCAGTGATGGC-1-1,7.1404643,7.3863683,Glia/Schwann,12
TTCCTTCCACATAACC-1-1,6.46901,-0.92928565,Inner hair cells,12
TTCCTTCCACTACTTT-1-1,-4.1077833,7.221828,Supporting cells,12
TTCCTTCCAGGTATGG-1-1,6.4939227,1.7902247,Supporting cells,12
TTCCTTCGTGGTACAG-1-1,1.0529668,3.96117,Supporting cells,12
TTCCTTCGTTTCAGAC-1-1,-2.815734,0.5461033,Supporting cells,12
TTCGATTAGAGGTGCT-1-1,-1.279713,5.736153,Supporting cells,12
TTCGATTAGCGTGTTT-1-1,4.090524,5.8891983,Supporting cells,12
TTCGATTCACACCTTC-1-1,-1.1116989,8.452205,Supporting cells,12
TTCGATTCAGTAGATA-1-1,6.0813046,4.5380177,Supporting cells,12
TTCGATTGTCACTACA-1-1,-0.97086614,9.0702715,Supporting cells,12
TTCGATTGTCGAACGA-1-1,3.2859313,3.314189,Supporting cells,12
TTCGATTTCACCTGGG-1-1,7.391122,9.126272,Glia/Schwann,12
TTCGATTTCAGGTGTT-1-1,-0.46340343,5.8956776,Supporting cells,12
TTCGATTTCCACGTGG-1-1,2.958815,3.6410484,Supporting cells,12
TTCGATTTCCGAGGCT-1-1,-0.65669334,1.0220822,Supporting cells,12
TTCGCTGAGACTTCGT-1-1,-4.20615,5.4638076,Fibrocytes,12
TTCGCTGAGATTTGCC-1-1,5.5329456,0.7271319,Inner hair cells,12
TTCGCTGAGGAAGTCC-1-1,-1.5437583,1.9998372,Supporting cells,12
TTCGCTGCAAATAAGC-1-1,-5.725476,5.101216,Fibrocytes,12
TTCGCTGCATGTCGTA-1-1,8.312177,6.4049964,Supporting cells,12
TTCGCTGTCAGCCTCT-1-1,3.0350535,10.082962,Supporting cells,12
TTCGCTGTCTCGAACA-1-1,-6.213327,4.8298125,Fibrocytes,12
TTCGGTCCAGGTCAAG-1-1,6.135017,1.8956994,Supporting cells,12
TTCGGTCGTAGATGTA-1-1,0.1893611,3.8183968,Supporting cells,12
TTCGGTCGTGTTAAAG-1-1,0.6341865,1.2137606,Supporting cells,12
TTCGGTCTCACCGCTT-1-1,0.9398118,13.876804,Fibrocytes,12
TTCTAACAGATGATTG-1-1,7.1041636,8.923061,Glia/Schwann,12
TTCTAACAGCTCGACC-1-1,-0.99212795,3.5960166,Supporting cells,12
TTCTAACGTTCTTGCC-1-1,6.942175,8.271043,Glia/Schwann,12
TTCTAACTCAGCGCGT-1-1,2.3972173,4.4335794,Supporting cells,12
TTCTAACTCCACACCT-1-1,-0.4414841,6.517585,Supporting cells,12
TTCTAACTCGATTGGT-1-1,1.0112575,2.9242332,Supporting cells,12
TTCTAACTCGTACCTC-1-1,-0.5713411,4.855178,Supporting cells,12
TTCTAGTAGCATACTC-1-1,8.847613,4.8591285,Supporting cells,12
TTCTAGTGTCCAAGAG-1-1,1.9330484,8.774418,Supporting cells,12
TTCTAGTTCACATCAG-1-1,6.8110228,7.154678,Glia/Schwann,12
TTCTAGTTCAGTGCGC-1-1,-0.23394933,2.1496558,Supporting cells,12
TTCTCTCAGGTGCAGT-1-1,7.6727824,6.2136655,Supporting cells,12
TTCTCTCCAATTGGTC-1-1,5.8745813,-0.45538175,Inner hair cells,12
TTCTCTCCAGTCTCTC-1-1,1.3000791,10.656656,Supporting cells,12
TTCTCTCTCCAACCGG-1-1,0.7194614,8.202089,Supporting cells,12
TTCTCTCTCCGATGCG-1-1,6.946479,10.937367,Fibrocytes,12
TTCTCTCTCGTCCTCA-1-1,1.9294322,9.124062,Supporting cells,12
TTCTGTAAGGCATGGT-1-1,4.5455728,11.184615,Supporting cells,12
TTCTGTACACACTGGC-1-1,7.9615684,6.026814,Supporting cells,12
TTCTGTAGTGAGACCA-1-1,-0.43902135,3.804369,Supporting cells,12
TTCTGTAGTTCCGCAG-1-1,6.5134115,10.320086,Supporting cells,12
TTCTGTATCCATTCAT-1-1,-0.6121323,2.0479944,Supporting cells,12
TTCTTCCCAACTAGAA-1-1,0.676452,12.0069475,Fibrocytes,12
TTCTTCCCATTCTTCA-1-1,0.66666883,2.9867013,Supporting cells,12
TTCTTGAAGAGAGAAC-1-1,-2.4217222,-1.8937664,Supporting cells,12
TTCTTGAAGCTAAATG-1-1,-2.6263294,5.2592297,Supporting cells,12
TTCTTGAAGGGTGAAA-1-1,10.268534,9.016326,Glia/Schwann,12
TTCTTGAAGTCGGCCT-1-1,7.145635,7.6013436,Glia/Schwann,12
TTCTTGACACGCGTGT-1-1,-1.1276459,7.843702,Supporting cells,12
TTCTTGACAGTATACC-1-1,-6.8090796,4.246573,Fibrocytes,12
TTCTTGACAGTGTATC-1-1,-0.65215373,9.153796,Supporting cells,12
TTGAACGCAACGGTAG-1-1,2.4626312,9.03336,Supporting cells,12
TTGAACGCAAGCTGTT-1-1,-0.76873,9.05886,Supporting cells,12
TTGACCCAGATGAAGG-1-1,-1.0136052,1.6843983,Supporting cells,12
TTGACCCAGTCTGTAC-1-1,6.8202214,1.5011046,Supporting cells,12
TTGACCCCAATAGTCC-1-1,3.9542384,8.8524275,Supporting cells,12
TTGACCCGTGTTACAC-1-1,1.4527346,12.424691,Fibrocytes,12
TTGACCCTCCAAATGC-1-1,0.09088831,2.5239558,Supporting cells,12
TTGAGTGAGGCGAACT-1-1,6.376658,3.242802,Supporting cells,12
TTGAGTGAGGTAAGTT-1-1,8.797366,6.527723,Supporting cells,12
TTGAGTGCACCCTAGG-1-1,10.04255,8.954661,Glia/Schwann,12
TTGAGTGCATGCTGCG-1-1,7.7147098,4.91321,Supporting cells,12
TTGAGTGTCGCCAATA-1-1,9.00744,9.491713,Glia/Schwann,12
TTGATGGCAACGAGGT-1-1,-5.249678,4.1838193,Fibrocytes,12
TTGATGGCACATTACG-1-1,-5.757764,5.209262,Fibrocytes,12
TTGATGGCATCTCGTC-1-1,-1.041483,4.609752,Supporting cells,12
TTGATGGCATTGTGCA-1-1,-0.8740343,6.602855,Supporting cells,12
TTGATGGGTGGACTAG-1-1,2.62931,11.9041605,Fibrocytes,12
TTGATGGTCGATTGAC-1-1,1.3593386,1.2193469,Supporting cells,12
TTGCATTAGAGCATTA-1-1,5.219812,1.4660882,Inner hair cells,12
TTGCATTCACCCTTGT-1-1,6.6146526,4.818424,Supporting cells,12
TTGCATTCATGACGGA-1-1,-6.6711493,4.1719036,Fibrocytes,12
TTGCATTGTTCAAAGA-1-1,4.8267627,10.031939,Supporting cells,12
TTGCATTGTTGGGTAG-1-1,6.962135,6.1369414,Supporting cells,12
TTGCCTGAGCTCGTGC-1-1,0.5561202,6.751966,Supporting cells,12
TTGCCTGAGGCATCTT-1-1,-2.30727,11.160964,Macrophages/Microglia,12
TTGCCTGCAATTGCTG-1-1,-0.9289877,2.918328,Supporting cells,12
TTGCCTGCATGATCTG-1-1,6.9818163,4.1301565,Supporting cells,12
TTGCCTGGTCCTCCAT-1-1,-4.6742196,5.0331726,Fibrocytes,12
TTGCGTCCACTTCCTG-1-1,-1.3206493,0.7195095,Supporting cells,12
TTGCGTCCATCTCAAG-1-1,0.7341939,11.124945,Fibrocytes,12
TTGCGTCGTCCCTGAG-1-1,-1.5491917,4.391159,Supporting cells,12
TTGCGTCTCGTGGCGT-1-1,5.2624903,0.43939736,Inner hair cells,12
TTGCTGCAGAAGCGCT-1-1,4.792066,7.970836,Supporting cells,12
TTGCTGCCACCTGATA-1-1,-2.3159509,-0.3401554,Supporting cells,12
TTGCTGCCAGAACATA-1-1,0.20097084,5.10845,Supporting cells,12
TTGCTGCGTGAAGCTG-1-1,-2.4253395,9.230292,Supporting cells,12
TTGCTGCGTTAAGAAC-1-1,10.248331,9.652298,Glia/Schwann,12
TTGCTGCTCAAGATAG-1-1,-0.6272056,4.99828,Supporting cells,12
TTGCTGCTCCGAGAAG-1-1,-4.023385,2.646552,Fibrocytes,12
TTGCTGCTCGGAAGGT-1-1,0.86516607,2.4710057,Supporting cells,12
TTGCTGCTCTAGAGCT-1-1,-2.1508706,4.1990185,Supporting cells,12
TTGGATGAGGATTACA-1-1,-1.4761876,-0.34759444,Supporting cells,12
TTGGATGGTGTCCGGT-1-1,0.50449336,1.5194193,Supporting cells,12
TTGGATGTCGGTCTAA-1-1,-1.4526135,3.4219322,Supporting cells,12
TTGGGATCACAAGTTC-1-1,7.3550186,5.959036,Supporting cells,12
TTGGGATGTACTAAGA-1-1,0.80551535,11.565675,Fibrocytes,12
TTGGGATGTAGCTGCC-1-1,-1.1955129,6.796135,Supporting cells,12
TTGGGATGTGTGGTCC-1-1,5.8625784,2.8918464,Supporting cells,12
TTGGGATTCAGCTTCC-1-1,-0.8894095,3.5719001,Supporting cells,12
TTGGGATTCTCGTGAA-1-1,6.3135753,9.585735,Supporting cells,12
TTGGGCGAGCGCAATG-1-1,6.07191,2.5376458,Supporting cells,12
TTGGGCGGTTGCTGAT-1-1,-0.9747827,0.11111424,Supporting cells,12
TTGGGCGTCCGACGGT-1-1,-0.44653186,6.1249332,Supporting cells,12
TTGGGCGTCCTCTCTT-1-1,0.26640525,1.5363426,Supporting cells,12
TTGGGCGTCGAAGCCC-1-1,1.2818557,1.5467604,Supporting cells,12
TTGGGTAAGGCATCAG-1-1,7.5391803,6.109976,Glia/Schwann,12
TTGGGTAGTCTAGGTT-1-1,0.63572365,13.552229,Fibrocytes,12
TTGGGTAGTGGCTGCT-1-1,0.6481955,13.898396,Fibrocytes,12
TTGGGTAGTGGTCCGT-1-1,0.77426684,1.5645491,Supporting cells,12
TTGGGTATCCCATGGG-1-1,-3.3046353,8.691963,Supporting cells,12
TTGGTTTAGGTTCCAT-1-1,7.3839903,8.275335,Glia/Schwann,12
TTGGTTTAGTTGCCTA-1-1,-3.2943766,5.324281,Supporting cells,12
TTGGTTTCAGACAAGC-1-1,2.2194135,13.077598,Fibrocytes,12
TTGGTTTGTACGACAG-1-1,3.4131277,6.1110954,Supporting cells,12
TTGGTTTGTAGCTGTT-1-1,3.7222142,9.649388,Supporting cells,12
TTGGTTTGTCGAATTC-1-1,10.112647,5.4414887,Supporting cells,12
TTGGTTTGTTTACGTG-1-1,-5.9793773,4.542805,Fibrocytes,12
TTGGTTTGTTTCCCAC-1-1,6.857834,6.0844965,Supporting cells,12
TTGTGGAAGAGACAAG-1-1,-2.311182,3.480537,Supporting cells,12
TTGTGGAAGAGGCGTT-1-1,-1.2788146,5.7867246,Supporting cells,12
TTGTGGAAGCCACTCG-1-1,1.7429109,4.4124794,Supporting cells,12
TTGTGGAAGTGTAGAT-1-1,-3.18351,3.8888679,Supporting cells,12
TTGTGGAAGTTGCATC-1-1,-0.7724711,4.410047,Supporting cells,12
TTGTGGAGTACAAACA-1-1,1.5832132,6.745669,Supporting cells,12
TTGTGGAGTGCCCACA-1-1,5.5438085,10.302628,Supporting cells,12
TTGTGTTAGTCTGGAG-1-1,3.7851868,11.161274,Supporting cells,12
TTGTGTTCAAATGGTA-1-1,0.6222204,6.917608,Supporting cells,12
TTGTGTTCAAGCGCTC-1-1,6.82393,7.191146,Glia/Schwann,12
TTGTGTTCAGCAGTAG-1-1,-1.0296302,5.739586,Supporting cells,12
TTGTGTTCATGAGTAA-1-1,1.248814,7.5787683,Supporting cells,12
TTGTGTTGTGATAGTA-1-1,-0.0004237213,2.7307978,Supporting cells,12
TTGTTCAAGCTAGAAT-1-1,-0.863996,-0.2959817,Supporting cells,12
TTGTTCAAGGAATCGC-1-1,-7.3011107,4.9826894,Fibrocytes,12
TTGTTCACAACGTAAA-1-1,0.62195677,2.2324553,Supporting cells,12
TTGTTCACAGACCTGC-1-1,7.165525,7.743639,Glia/Schwann,12
TTGTTCATCGAGATAA-1-1,7.105503,1.1692004,Outer hair cells,12
TTGTTCATCTCGGGAC-1-1,1.4745541,1.4140222,Supporting cells,12
TTGTTGTAGTAGGATT-1-1,-2.3624852,-1.0700679,Supporting cells,12
TTGTTGTGTACACGCC-1-1,-2.6595228,0.6257563,Supporting cells,12
TTGTTGTTCATGTCAG-1-1,-1.1212964,0.95365775,Supporting cells,12
TTGTTGTTCGAGCCAC-1-1,5.648015,3.2542534,Supporting cells,12
TTGTTGTTCTGCCTGT-1-1,-1.1921287,-1.154428,Supporting cells,12
TTGTTTGAGTGCACAG-1-1,-0.6799804,0.81482506,Supporting cells,12
TTGTTTGCACATGTTG-1-1,-2.5847366,3.6819043,Supporting cells,12
TTGTTTGCATGAAGGC-1-1,10.019982,9.621136,Glia/Schwann,12
TTGTTTGGTATGCTAC-1-1,1.9530523,8.809124,Supporting cells,12
TTGTTTGTCTACGCAA-1-1,5.7124543,0.62207955,Inner hair cells,12
TTTACCAAGATTACCC-1-1,4.3841743,5.847016,Supporting cells,12
TTTACCAAGGGCCAAT-1-1,7.030427,7.45659,Glia/Schwann,12
TTTACCAAGTCCCAAT-1-1,6.556645,1.6985496,Supporting cells,12
TTTACCACAAGACGGT-1-1,-0.30784243,5.4908485,Supporting cells,12
TTTACCACAGGACGAT-1-1,-1.5628675,0.16006465,Supporting cells,12
TTTACCACATAATGAG-1-1,5.957052,8.774917,Supporting cells,12
TTTACCATCCTACAAG-1-1,1.2111702,1.8303413,Supporting cells,12
TTTACGTAGCCGTTAT-1-1,5.955892,3.9428809,Supporting cells,12
TTTACGTAGCCTGACC-1-1,4.845066,11.486203,Supporting cells,12
TTTACGTAGGATACGC-1-1,0.6774784,1.6261282,Supporting cells,12
TTTACGTAGGCTGTAG-1-1,-0.5129999,-0.30850682,Supporting cells,12
TTTACGTAGGTCTACT-1-1,3.7893672,4.1488214,Supporting cells,12
TTTACGTCACCGTACG-1-1,-3.5738044,5.772495,Supporting cells,12
TTTACGTGTATCTTCT-1-1,-1.7543782,3.6605878,Supporting cells,12
TTTACGTGTCAGACTT-1-1,0.72023463,11.823753,Fibrocytes,12
TTTACGTTCATTTGTC-1-1,10.182912,0.60100913,Outer hair cells,12
TTTACGTTCCGTGTCT-1-1,5.2695546,4.04019,Supporting cells,12
TTTACTGAGCTTACGT-1-1,-2.2235775,8.70977,Supporting cells,12
TTTACTGAGGAGCAAA-1-1,7.880957,1.5990888,Outer hair cells,12
TTTACTGCAAAGCACG-1-1,-1.0915565,6.340462,Supporting cells,12
TTTACTGCAACTTGCA-1-1,8.256802,8.695825,Glia/Schwann,12
TTTACTGCAGGTCCCA-1-1,0.22813554,5.4434285,Supporting cells,12
TTTACTGCAGTAACGG-1-1,-0.07049235,0.91890085,Supporting cells,12
TTTACTGGTGAATGAT-1-1,0.7434463,5.6766453,Supporting cells,12
TTTAGTCAGAGGTTAT-1-1,-3.3695917,6.8957663,Supporting cells,12
TTTAGTCAGCATCAAA-1-1,-1.1813235,5.6198487,Supporting cells,12
TTTAGTCCAATCTAGC-1-1,8.568563,3.5470684,Supporting cells,12
TTTAGTCGTGGGTCAA-1-1,1.1623988,0.9475554,Supporting cells,12
TTTAGTCGTTGTCCCT-1-1,-0.033870537,4.3619013,Supporting cells,12
TTTATGCAGAGAGTGA-1-1,1.4702774,8.666621,Supporting cells,12
TTTATGCAGTGACACG-1-1,11.636586,2.6854804,Spiral ganglion neurons,12
TTTATGCCAACATCGT-1-1,-3.3342445,11.082154,Macrophages/Microglia,12
TTTATGCCAATCAAGA-1-1,5.4753523,1.2023548,Inner hair cells,12
TTTATGCCAATTCGTG-1-1,-0.7035126,3.4673095,Supporting cells,12
TTTATGCCACAGTCCG-1-1,0.07230263,6.042026,Supporting cells,12
TTTATGCCATTGAAAG-1-1,7.825316,0.83273184,Outer hair cells,12
TTTATGCGTCAGCTTA-1-1,8.101101,1.271822,Outer hair cells,12
TTTCACAAGAAGCTGC-1-1,-0.42227405,2.3009984,Supporting cells,12
TTTCACAAGTGCCTCG-1-1,4.749561,4.318863,Supporting cells,12
TTTCACACAACAGCCC-1-1,2.740126,13.650848,Fibrocytes,12
TTTCACACAGCCCACA-1-1,-6.884463,5.2770333,Fibrocytes,12
TTTCACATCAACTGGT-1-1,3.793085,2.5578651,Supporting cells,12
TTTCAGTAGACTGGGT-1-1,-1.1359873,1.2445006,Supporting cells,12
TTTCAGTAGCAAGTGC-1-1,-5.9193254,4.584819,Fibrocytes,12
TTTCAGTCATCGGTTA-1-1,-1.0240804,4.8943715,Supporting cells,12
TTTCAGTCATTATGCG-1-1,1.7189593,2.7385242,Supporting cells,12
TTTCAGTGTAACTAAG-1-1,7.1403217,-1.0283767,Inner hair cells,12
TTTCAGTTCCCGTGTT-1-1,0.42195085,6.1410265,Supporting cells,12
TTTCATGAGCGATGCA-1-1,5.391111,4.4267297,Supporting cells,12
TTTCATGCATCGATGT-1-1,2.7660172,4.723843,Fibrocytes,12
TTTCATGCATCGGTTA-1-1,-2.4807281,0.40923613,Supporting cells,12
TTTCATGGTCTAGTGT-1-1,4.9748173,8.923922,Supporting cells,12
TTTCATGTCTGTGTGA-1-1,0.43465155,3.0815876,Supporting cells,12
TTTCCTCAGGTTCTTG-1-1,4.099745,5.133726,Supporting cells,12
TTTCCTCCACGTAGTT-1-1,6.7206206,3.6549664,Outer hair cells,12
TTTCCTCGTCTACGTA-1-1,-2.409197,9.040099,Supporting cells,12
TTTCCTCGTCTATGAC-1-1,9.820871,9.540486,Glia/Schwann,12
TTTCCTCTCACATTGG-1-1,-2.5543053,-1.4885219,Supporting cells,12
TTTCGATAGGAGAGGC-1-1,3.5911138,11.5719795,Supporting cells,12
TTTCGATCACGAGGTA-1-1,2.5629084,7.7547393,Supporting cells,12
TTTCGATCAGCACACC-1-1,9.459271,9.77416,Glia/Schwann,12
TTTCGATGTAGATCGG-1-1,2.6322718,3.142516,Supporting cells,12
TTTGACTAGAACAAGG-1-1,-0.3616997,2.377464,Supporting cells,12
TTTGACTGTTATAGAG-1-1,1.6093247,1.3229192,Supporting cells,12
TTTGACTTCGAACCTA-1-1,-1.7381117,5.5259485,Supporting cells,12
TTTGACTTCGCGATCG-1-1,6.2179313,9.01911,Supporting cells,12
TTTGACTTCGCTGTTC-1-1,-0.08454375,3.805526,Supporting cells,12
TTTGATCCAGTCACGC-1-1,4.546158,11.314097,Supporting cells,12
TTTGATCCAGTCCGTG-1-1,-2.4509642,4.7843075,Supporting cells,12
TTTGGAGAGACGGTCA-1-1,-1.8933529,1.3515116,Supporting cells,12
TTTGGAGAGTGCTACT-1-1,0.087535076,6.2305512,Supporting cells,12
TTTGGAGAGTGTACCT-1-1,9.331684,0.9674019,Outer hair cells,12
TTTGGAGTCCCATGGG-1-1,-3.4469082,8.731845,Supporting cells,12
TTTGGTTAGCTATCTG-1-1,-5.923836,3.9011786,Fibrocytes,12
TTTGGTTCACCGTGGT-1-1,1.3644096,12.7095585,Fibrocytes,12
TTTGGTTCAGGCCTGT-1-1,0.54629165,11.552586,Fibrocytes,12
TTTGGTTCATTCAGGT-1-1,3.9450834,4.3754716,Supporting cells,12
TTTGGTTGTAAGACCG-1-1,5.4757886,2.3350036,Supporting cells,12
TTTGGTTGTACTCGAT-1-1,-6.5894213,4.4196672,Fibrocytes,12
TTTGGTTGTCCCTAAA-1-1,-1.6076407,1.8210584,Supporting cells,12
TTTGGTTGTCCGAAGA-1-1,1.2036614,1.3671743,Supporting cells,12
TTTGTTGAGGCCACCT-1-1,5.627218,10.361185,Supporting cells,12
TTTGTTGCAATTCGTG-1-1,1.6723183,9.0749445,Supporting cells,12
TTTGTTGTCTGAGCAT-1-1,2.3202064,4.5998406,Supporting cells,12
AAACCCAAGCATGCGA-1-2,-2.7362938,4.476246,Supporting cells,24
AAACCCACACCTGCTT-1-2,-1.1221563,6.0122714,Supporting cells,24
AAACCCAGTGTTACTG-1-2,3.5870113,7.058363,Supporting cells,24
AAACGAAAGGCTTAAA-1-2,-2.9222143,4.925059,Supporting cells,24
AAACGAAAGTGGAAGA-1-2,8.834208,5.491483,Supporting cells,24
AAACGAACAAGAAACT-1-2,-1.6050807,3.1095085,Supporting cells,24
AAACGAAGTATTCCGA-1-2,2.0465107,3.7959754,Supporting cells,24
AAACGCTCAGAGGAAA-1-2,-1.7690675,5.283965,Supporting cells,24
AAACGCTGTCAAACGG-1-2,3.35045,8.827697,Supporting cells,24
AAAGAACCAAATAGCA-1-2,0.35682282,12.87011,Fibrocytes,24
AAAGAACCATGCCGCA-1-2,0.53394014,13.860407,Fibrocytes,24
AAAGGATCACAGTCGC-1-2,2.6120553,3.72459,Supporting cells,24
AAAGGATCAGAGGGTT-1-2,2.9107795,9.678306,Supporting cells,24
AAAGGATCATCGGAGA-1-2,2.49796,12.715327,Fibrocytes,24
AAAGGATGTCCCGGTA-1-2,0.028435288,3.5075476,Supporting cells,24
AAAGGATTCGTGCACG-1-2,-6.5825453,5.283351,Fibrocytes,24
AAAGGGCGTTTCCCAC-1-2,5.4532084,4.563405,Supporting cells,24
AAAGGGCTCGCACGGT-1-2,8.730218,9.078517,Glia/Schwann,24
AAAGGGCTCTAGCCAA-1-2,6.537076,-1.0900309,Inner hair cells,24
AAAGGTACACTAAACC-1-2,4.8245897,7.6922326,Supporting cells,24
AAAGTCCAGTAATACG-1-2,8.595345,6.4139123,Supporting cells,24
AAAGTCCTCCCAATAG-1-2,2.5230408,11.634642,Fibrocytes,24
AAAGTCCTCTATCCAT-1-2,5.753154,4.709373,Supporting cells,24
AAAGTGAAGATGCTGG-1-2,4.463756,2.286004,Supporting cells,24
AAAGTGACAGCTCATA-1-2,0.029117065,4.1872973,Supporting cells,24
AAATGGAAGAGGGTAA-1-2,7.2907586,8.135243,Glia/Schwann,24
AAATGGATCCACACAA-1-2,3.879421,4.782787,Supporting cells,24
AACAAAGGTCAAATCC-1-2,-1.8866917,8.880678,Supporting cells,24
AACAACCAGAGGATCC-1-2,-2.4028978,4.6249213,Supporting cells,24
AACAACCAGCGGATCA-1-2,-1.6873949,2.6602566,Supporting cells,24
AACAACCAGTCTTGGT-1-2,6.3722367,-0.8129069,Inner hair cells,24
AACAACCGTCTGTTAG-1-2,0.43527147,4.3937817,Supporting cells,24
AACAACCTCCAGTGTA-1-2,4.978509,9.642536,Supporting cells,24
AACAACCTCCTCTGCA-1-2,1.0794553,9.614936,Supporting cells,24
AACAAGACAATCTGCA-1-2,1.8590904,5.6393104,Fibrocytes,24
AACAAGACAGCGGTTC-1-2,-1.8071465,4.654121,Supporting cells,24
AACAAGACATCTCATT-1-2,6.7228007,2.7842848,Outer hair cells,24
AACAAGATCAATGTCG-1-2,0.34391922,6.311623,Supporting cells,24
AACAAGATCAGGAAGC-1-2,8.878048,4.9415154,Supporting cells,24
AACACACCAGTGTACT-1-2,-2.4137409,4.0623417,Supporting cells,24
AACACACTCGGTCATA-1-2,-0.009603158,1.5324969,Supporting cells,24
AACACACTCTAGACAC-1-2,-1.3465358,5.103604,Supporting cells,24
AACACACTCTCCGTGT-1-2,6.4151006,6.5830593,Glia/Schwann,24
AACAGGGAGGTCATTC-1-2,1.5407248,4.982567,Supporting cells,24
AACAGGGCACTCCGAG-1-2,0.40384516,2.5418553,Supporting cells,24
AACAGGGGTCCTGAAT-1-2,0.36418217,6.907513,Supporting cells,24
AACCAACCAATTCGTG-1-2,0.8231907,3.9543617,Supporting cells,24
AACCAACGTATACCCA-1-2,6.079035,7.652358,Glia/Schwann,24
AACCACACAAAGGCGT-1-2,-2.2484386,2.4300065,Supporting cells,24
AACCACACAGGGCTTC-1-2,-5.2852683,5.6793747,Fibrocytes,24
AACCATGGTGCTATTG-1-2,-2.7970731,6.249739,Supporting cells,24
AACCATGGTTAGAGAT-1-2,5.029452,12.08428,Supporting cells,24
AACCCAACAAGTGTCT-1-2,0.95703155,3.7521496,Supporting cells,24
AACCCAACATTGAAGA-1-2,5.138289,7.4359717,Supporting cells,24
AACCCAAGTCTGCGCA-1-2,-1.2512957,2.5680056,Supporting cells,24
AACCTGAAGAGAACCC-1-2,5.3678594,7.8181243,Glia/Schwann,24
AACCTGACACTTGACA-1-2,0.07270651,3.0922997,Supporting cells,24
AACCTGACAGCACACC-1-2,1.7186332,2.4310753,Supporting cells,24
AACCTGAGTTGTATGC-1-2,0.4649203,13.952772,Fibrocytes,24
AACCTGATCAAGGTGG-1-2,2.2419815,6.709949,Supporting cells,24
AACCTTTCATCCTGTC-1-2,8.35973,8.911168,Glia/Schwann,24
AACCTTTCATGTACGT-1-2,1.9757981,6.620899,Supporting cells,24
AACCTTTTCGTTCCCA-1-2,5.403088,12.578669,Supporting cells,24
AACCTTTTCTCATTGT-1-2,0.998367,11.871599,Fibrocytes,24
AACGAAACAAAGTGTA-1-2,6.770732,7.591838,Glia/Schwann,24
AACGAAATCAACGAGG-1-2,5.3297668,12.566378,Supporting cells,24
AACGGGACACTTGAGT-1-2,5.7627406,10.805115,Supporting cells,24
AACGTCACAGACTCTA-1-2,4.2732654,10.133577,Supporting cells,24
AACGTCACAGATTCGT-1-2,5.429346,7.183433,Supporting cells,24
AACGTCAGTCAGGTGA-1-2,8.17386,9.297708,Glia/Schwann,24
AACTTCTCAGTCGTTA-1-2,-1.2680416,3.9365683,Supporting cells,24
AACTTCTCATGTCTAG-1-2,2.4462473,4.2383842,Supporting cells,24
AAGAACAAGGAAGTCC-1-2,-1.5550603,4.8826947,Supporting cells,24
AAGACAAAGTAGACCG-1-2,5.5801477,2.3663542,Supporting cells,24
AAGACAACAGGCTATT-1-2,-0.5929204,4.9223766,Supporting cells,24
AAGACAACATAGACTC-1-2,-2.7941687,2.3825753,Supporting cells,24
AAGACTCAGCCTAACT-1-2,6.4153905,7.415523,Glia/Schwann,24
AAGACTCGTTCTCACC-1-2,0.42242151,4.7132077,Supporting cells,24
AAGATAGAGGGTACAC-1-2,2.8215816,3.9217663,Supporting cells,24
AAGATAGAGTACCATC-1-2,0.6763832,3.280563,Supporting cells,24
AAGATAGAGTGTTGTC-1-2,-3.7164898,3.9063835,Fibrocytes,24
AAGATAGCAATAACCC-1-2,-0.7272404,1.4342548,Supporting cells,24
AAGATAGCAGCACCCA-1-2,5.098215,6.186112,Supporting cells,24
AAGATAGCATCTGGGC-1-2,-6.0643334,4.194835,Fibrocytes,24
AAGCATCAGACCAAGC-1-2,8.226594,8.928408,Glia/Schwann,24
AAGCATCAGCATGTTC-1-2,-3.153736,10.41027,Macrophages/Microglia,24
AAGCATCCAAGAGGCT-1-2,5.663464,7.772003,Glia/Schwann,24
AAGCATCTCATGCGGC-1-2,5.020047,4.2863984,Supporting cells,24
AAGCATCTCGCAGTCG-1-2,3.7575133,6.3721027,Supporting cells,24
AAGCATCTCTACACTT-1-2,1.3830553,5.4425936,Supporting cells,24
AAGCCATCACGTCGTG-1-2,2.9773123,11.400455,Supporting cells,24
AAGCCATGTTGCTGAT-1-2,0.3556723,3.075714,Supporting cells,24
AAGCCATTCCGTTGGG-1-2,-5.7296443,4.9623675,Fibrocytes,24
AAGCGAGAGGTAGCCA-1-2,2.9333344,6.1216908,Supporting cells,24
AAGCGAGCACGAGGAT-1-2,-7.032553,5.107023,Fibrocytes,24
AAGCGAGGTGCCGTTG-1-2,-7.2973785,5.0797353,Fibrocytes,24
AAGCGTTTCCACCTCA-1-2,2.9181478,4.3737683,Supporting cells,24
AAGCGTTTCGTAGTGT-1-2,1.1835951,5.984732,Supporting cells,24
AAGGAATAGATAACGT-1-2,6.2771945,2.924497,Supporting cells,24
AAGGAATCAACGTTAC-1-2,9.810116,5.1640415,Supporting cells,24
AAGGAATCACTGGACC-1-2,10.608387,2.7935483,Spiral ganglion neurons,24
AAGGAATGTCAAACGG-1-2,7.413132,8.770204,Glia/Schwann,24
AAGGAATTCAAGCTGT-1-2,6.692764,5.1929607,Supporting cells,24
AAGGTAACAACAACAA-1-2,1.1075366,3.623182,Supporting cells,24
AAGGTAACAAGAAATC-1-2,5.3646626,7.293039,Fibrocytes,24
AAGGTAATCACCATGA-1-2,8.454667,9.30005,Glia/Schwann,24
AAGGTAATCCTACCAC-1-2,0.7917957,3.738524,Supporting cells,24
AAGTACCCAATTCACG-1-2,-3.5582275,7.082272,Supporting cells,24
AAGTACCCAGTCGGTC-1-2,-2.0060663,10.281739,Macrophages/Microglia,24
AAGTACCGTCATCCCT-1-2,-0.97347754,3.4139447,Supporting cells,24
AAGTACCGTCATGCAT-1-2,6.3776374,3.9098961,Supporting cells,24
AAGTCGTCAATACCCA-1-2,-3.4642155,4.9546156,Supporting cells,24
AAGTCGTTCTTAGCAG-1-2,7.1398983,8.9322605,Glia/Schwann,24
AAGTCGTTCTTCGGTC-1-2,2.1553488,4.743851,Supporting cells,24
AAGTGAAAGAGCTTTC-1-2,-0.6139682,2.6125288,Supporting cells,24
AAGTGAACAGCCGGTT-1-2,-1.8933936,3.7310114,Supporting cells,24
AAGTTCGAGACTCGAG-1-2,-6.6395125,5.0560822,Fibrocytes,24
AAGTTCGGTACGAGTG-1-2,9.033328,5.049474,Supporting cells,24
AATAGAGAGTCATGGG-1-2,-0.18215337,4.9287443,Supporting cells,24
AATAGAGAGTTCCGGC-1-2,7.314419,-1.1818188,Inner hair cells,24
AATAGAGCACATGTTG-1-2,0.41236803,3.866829,Supporting cells,24
AATAGAGTCGAGATAA-1-2,-2.4177938,9.267056,Macrophages/Microglia,24
AATCACGAGGTACCTT-1-2,-4.430394,5.8042064,Fibrocytes,24
AATCACGCAGCAAGAC-1-2,0.32653898,5.9681897,Supporting cells,24
AATCACGCATGCCATA-1-2,2.3696787,4.3902597,Fibrocytes,24
AATCACGTCTAGACAC-1-2,1.9967201,6.6464057,Fibrocytes,24
AATCACGTCTAGGCAT-1-2,1.2049319,9.614032,Supporting cells,24
AATCACGTCTCCATAT-1-2,2.8739436,4.5926375,Supporting cells,24
AATCGACAGGAGTACC-1-2,0.99768907,6.403967,Supporting cells,24
AATCGACCAGCTGTAT-1-2,-1.5115895,4.0220995,Supporting cells,24
AATCGACTCGTTCTCG-1-2,4.9223638,8.903204,Supporting cells,24
AATCGTGGTGTGTCCG-1-2,5.757757,7.3522086,Glia/Schwann,24
AATGAAGCAAGATGGC-1-2,-4.8687077,4.8242054,Fibrocytes,24
AATGAAGCAAGGTTGG-1-2,5.311321,6.662096,Supporting cells,24
AATGACCAGACATATG-1-2,7.2921696,4.665491,Supporting cells,24
AATGACCAGGATATAC-1-2,7.158045,3.5864525,Supporting cells,24
AATGACCAGGTTCTAC-1-2,-1.9505256,2.3138742,Supporting cells,24
AATGACCCAAGTTCGT-1-2,2.1482499,5.6830273,Supporting cells,24
AATGACCCACGAGAAC-1-2,4.2490673,-1.9765415,Supporting cells,24
AATGACCGTCCAATCA-1-2,2.072246,3.4454505,Supporting cells,24
AATGACCGTTCGTACA-1-2,5.5448008,4.2834554,Supporting cells,24
AATGACCTCCACACCT-1-2,-0.65852654,3.0825045,Supporting cells,24
AATGGAAAGTTTGGCT-1-2,-5.298458,4.6820607,Fibrocytes,24
AATGGAACAGCAGATG-1-2,-2.2609537,4.4455705,Supporting cells,24
AATGGAACAGGTCCCA-1-2,-1.7193704,2.8086412,Supporting cells,24
AATGGAATCTCTTCAA-1-2,1.9481647,4.266334,Supporting cells,24
AATGGCTAGCGTCAAG-1-2,4.678909,6.2342367,Supporting cells,24
AATGGCTGTCCATACA-1-2,4.9913783,5.4239306,Supporting cells,24
AATGGCTGTCTTCAAG-1-2,7.130415,-1.2164038,Inner hair cells,24
AATGGCTGTGAGTTGG-1-2,7.540951,3.5812469,Supporting cells,24
AATGGCTGTTATGACC-1-2,9.411233,9.326751,Glia/Schwann,24
AATGGCTTCCGATAGT-1-2,3.6654198,7.395821,Fibrocytes,24
AATTCCTAGGCTCCCA-1-2,3.4479177,6.140455,Supporting cells,24
AATTCCTAGGGATGTC-1-2,0.5902733,1.6380484,Supporting cells,24
AATTCCTAGTTCGGTT-1-2,4.9030323,5.99579,Supporting cells,24
AATTCCTGTACAGAGC-1-2,0.5112926,4.5616417,Supporting cells,24
ACAAAGAAGTTGAAAC-1-2,3.7839077,7.789497,Supporting cells,24
ACAACCACAAGACGGT-1-2,-0.8418187,4.535323,Supporting cells,24
ACAACCAGTCTCGACG-1-2,1.3422804,11.492622,Fibrocytes,24
ACAACCAGTTAAGTCC-1-2,1.0856694,8.391458,Supporting cells,24
ACAACCAGTTCATCGA-1-2,0.8094348,5.121,Supporting cells,24
ACAACCATCCATACTT-1-2,2.444181,12.237375,Fibrocytes,24
ACAAGCTAGACTCTTG-1-2,6.213787,2.194788,Supporting cells,24
ACAAGCTAGGCGCTTC-1-2,9.107419,9.08917,Glia/Schwann,24
ACAAGCTAGTGCAGCA-1-2,0.70368797,11.997012,Fibrocytes,24
ACAAGCTTCACTGGTA-1-2,-2.726895,3.2589118,Supporting cells,24
ACAAGCTTCCTCGATC-1-2,-4.162701,5.4544435,Fibrocytes,24
ACAAGCTTCGCTACAA-1-2,-0.5983035,5.189421,Supporting cells,24
ACACAGTGTACCTGTA-1-2,8.963203,4.683532,Supporting cells,24
ACACAGTTCGGCTCTT-1-2,2.0667913,6.0346165,Supporting cells,24
ACACCAACAGAGTAAT-1-2,3.4113097,6.311029,Supporting cells,24
ACACCAAGTCGAGTGA-1-2,-0.10807588,6.198091,Supporting cells,24
ACACCAATCGCAGTGC-1-2,0.69618464,4.0795374,Supporting cells,24
ACACGCGGTGTGGACA-1-2,-0.17015709,4.617037,Supporting cells,24
ACACGCGTCTCGACGG-1-2,-1.250951,2.7877395,Supporting cells,24
ACACTGAAGGCAGCTA-1-2,-0.40228552,5.9413643,Supporting cells,24
ACAGAAACATGCCGGT-1-2,6.84279,4.9399285,Supporting cells,24
ACAGCCGCAGCAGATG-1-2,-2.1269245,-1.1853478,Supporting cells,24
ACAGCCGGTATCGCAT-1-2,1.1225283,11.283729,Fibrocytes,24
ACAGCCGTCCGCACTT-1-2,3.319096,4.013093,Supporting cells,24
ACAGGGAAGCGAGTAC-1-2,-1.4528931,-0.22820903,Supporting cells,24
ACAGGGACAGCACAAG-1-2,0.5825596,3.9835556,Supporting cells,24
ACAGGGACATTGTCGA-1-2,0.49024647,11.793389,Fibrocytes,24
ACAGGGATCAATCTCT-1-2,1.6088012,5.229571,Supporting cells,24
ACATCCCGTGCACGCT-1-2,5.1901855,5.453727,Supporting cells,24
ACATCCCTCAGACTGT-1-2,-3.256446,2.7279947,Supporting cells,24
ACATCCCTCGGCATTA-1-2,-0.7610807,7.3221364,Supporting cells,24
ACATCCCTCGTAGGGA-1-2,-0.7215024,5.188931,Supporting cells,24
ACATCGAAGTCGCGAA-1-2,4.0686502,2.8775022,Glia/Schwann,24
ACATCGATCCGCAAAT-1-2,-5.128024,5.1672845,Fibrocytes,24
ACATCGATCGATACTG-1-2,1.5319554,1.9105108,Supporting cells,24
ACATCGATCTCAAAGC-1-2,-1.7869515,2.8707523,Supporting cells,24
ACATGCACACTCCGGA-1-2,-0.91443104,5.2359157,Supporting cells,24
ACATGCACAGTCTACA-1-2,1.0041347,0.8795832,Supporting cells,24
ACATTTCCAACCGACC-1-2,-0.8178696,3.5015707,Supporting cells,24
ACATTTCGTGACTCGC-1-2,-5.849872,5.0975747,Fibrocytes,24
ACATTTCTCACTGTTT-1-2,-2.2081347,10.540926,Macrophages/Microglia,24
ACCAAACAGACCAACG-1-2,4.685599,6.032839,Supporting cells,24
ACCAACACAAGATGGC-1-2,4.0219865,3.9876854,Supporting cells,24
ACCAACAGTAGGACCA-1-2,4.5805345,4.306307,Supporting cells,24
ACCAACAGTGCTCTCT-1-2,-0.35435137,2.8143752,Supporting cells,24
ACCAACAGTGGACCTC-1-2,4.41344,6.0238295,Supporting cells,24
ACCACAAAGATTGGGC-1-2,0.14838116,3.125443,Supporting cells,24
ACCACAAAGCTCGAAG-1-2,0.27079937,4.317474,Supporting cells,24
ACCACAACAAGTGTCT-1-2,0.5340591,3.3408792,Supporting cells,24
ACCACAACAGGAGGAG-1-2,0.77306014,8.139426,Supporting cells,24
ACCATTTAGCCTCTCT-1-2,6.1724033,0.071079984,Inner hair cells,24
ACCATTTAGCTCTGTA-1-2,8.499343,9.117441,Glia/Schwann,24
ACCATTTTCCTCCACA-1-2,8.578033,6.870287,Supporting cells,24
ACCCAAACACGAGAAC-1-2,9.157368,3.9602056,Supporting cells,24
ACCCAAAGTGCCGAAA-1-2,9.122999,8.888914,Glia/Schwann,24
ACCCTCACAGCGTGAA-1-2,-1.0180641,5.211315,Supporting cells,24
ACCCTCAGTCCCGCAA-1-2,0.30699876,0.9635299,Supporting cells,24
ACCCTTGGTGTTCATG-1-2,8.118475,9.221794,Glia/Schwann,24
ACCCTTGTCTACGCGG-1-2,1.4571532,6.1922574,Supporting cells,24
ACCGTTCAGCTGTACT-1-2,6.8438435,2.2185297,Outer hair cells,24
ACCGTTCAGTACTGTC-1-2,2.0636826,5.020558,Supporting cells,24
ACCGTTCGTACTCCCT-1-2,1.7115422,3.0040624,Supporting cells,24
ACCGTTCTCGCTACAA-1-2,-0.45451793,2.0476985,Supporting cells,24
ACCTACCAGATACCAA-1-2,-1.4271356,3.7795992,Supporting cells,24
ACCTACCAGATGGTAT-1-2,6.820697,8.078364,Glia/Schwann,24
ACCTACCAGGCATTTC-1-2,-0.808348,-0.82880145,Supporting cells,24
ACCTACCAGTTTCGGT-1-2,8.269046,4.7818785,Supporting cells,24
ACCTACCGTACAGAAT-1-2,-3.8918154,7.500688,Supporting cells,24
ACCTACCGTCGTACTA-1-2,4.6099973,6.765409,Supporting cells,24
ACCTACCGTTTCACTT-1-2,6.4421124,7.4291377,Glia/Schwann,24
ACCTGAAGTCGCTCGA-1-2,-1.3714811,4.3405595,Supporting cells,24
ACCTGAAGTTGACGGA-1-2,6.176149,10.9828615,Fibrocytes,24
ACCTGAATCCGCGATG-1-2,-1.3687204,5.8051143,Supporting cells,24
ACCTGAATCTCATTGT-1-2,1.010542,7.860576,Supporting cells,24
ACCTGTCGTAGATTGA-1-2,3.2899084,4.7362385,Supporting cells,24
ACCTGTCGTCACTAGT-1-2,-6.929997,4.8407946,Fibrocytes,24
ACGATCAAGGTTTACC-1-2,9.2661915,5.7477736,Supporting cells,24
ACGATCAGTAGAGGAA-1-2,-0.47069576,6.0808015,Supporting cells,24
ACGATCAGTAGGAGGG-1-2,3.374723,8.747687,Supporting cells,24
ACGATCAGTGAGTTTC-1-2,-1.7523533,1.0192819,Supporting cells,24
ACGATCAGTGTGTTTG-1-2,-2.2956457,-2.0188067,Supporting cells,24
ACGATCATCGGCATCG-1-2,10.077866,5.248006,Supporting cells,24
ACGATCATCTTAAGGC-1-2,-1.3406581,5.974142,Supporting cells,24
ACGATGTAGCGTCAAG-1-2,-5.4433203,4.6344786,Fibrocytes,24
ACGATGTAGTAAGACT-1-2,8.168868,5.359186,Supporting cells,24
ACGATGTCAAGCCATT-1-2,0.21570456,0.64764714,Supporting cells,24
ACGCACGTCAAAGGTA-1-2,5.86345,1.0546913,Inner hair cells,24
ACGGAAGAGGCGACAT-1-2,4.382014,7.2666283,Supporting cells,24
ACGGAAGAGTACAGCG-1-2,0.37220916,6.14806,Supporting cells,24
ACGGAAGGTTCCGGTG-1-2,5.086571,6.0407815,Supporting cells,24
ACGGAAGGTTGGACTT-1-2,-2.140848,4.306033,Supporting cells,24
ACGGAAGTCGGCATAT-1-2,1.1591684,4.2599235,Supporting cells,24
ACGGAAGTCTGCTTTA-1-2,-1.3992031,5.569894,Supporting cells,24
ACGGGTCAGGAGCTGT-1-2,8.770308,6.4523325,Supporting cells,24
ACGGGTCCACATTCGA-1-2,1.71397,2.5149512,Supporting cells,24
ACGGGTCTCCGCTGTT-1-2,0.3947701,4.4640684,Supporting cells,24
ACGGGTCTCGAGAAGC-1-2,-0.09277959,4.3856816,Supporting cells,24
ACGGTCGGTTGGGACA-1-2,-0.93516535,3.358882,Supporting cells,24
ACGGTCGTCGCAATGT-1-2,5.63775,10.507119,Supporting cells,24
ACGGTTAGTCCATACA-1-2,7.115741,6.1185937,Supporting cells,24
ACGGTTATCGAGATAA-1-2,7.6007867,7.8402424,Glia/Schwann,24
ACGGTTATCTACGCGG-1-2,2.1437705,5.6901455,Supporting cells,24
ACGTAACAGACGTCCC-1-2,8.869602,3.4585798,Supporting cells,24
ACGTAACGTCCCGTGA-1-2,-5.809252,5.0849867,Fibrocytes,24
ACGTAACTCAAACCTG-1-2,5.3863006,9.876208,Supporting cells,24
ACGTAACTCAGACCCG-1-2,6.259046,6.837848,Glia/Schwann,24
ACGTAACTCCCGTGAG-1-2,-1.3825184,5.569142,Supporting cells,24
ACGTAACTCTTGATTC-1-2,6.147204,5.7383733,Supporting cells,24
ACGTACACAAATAGCA-1-2,10.8123,3.7535775,Spiral ganglion neurons,24
ACGTACACAACAAAGT-1-2,3.3608716,5.0353236,Supporting cells,24
ACGTACACACGACGAA-1-2,5.1039605,4.2145004,Supporting cells,24
ACGTACACAGCAGACA-1-2,-1.473075,4.9756465,Supporting cells,24
ACGTACACAGTGTGCC-1-2,-0.8909852,6.309698,Supporting cells,24
ACGTCCTCACGTACTA-1-2,3.6899116,7.096217,Supporting cells,24
ACGTTCCAGGCTCACC-1-2,-0.13514675,3.1796873,Supporting cells,24
ACGTTCCTCTCTCGAC-1-2,6.4183774,9.292697,Supporting cells,24
ACTACGAAGGTGATAT-1-2,-2.199476,3.1957016,Supporting cells,24
ACTACGACATTGCTTT-1-2,1.1074439,5.260616,Supporting cells,24
ACTACGAGTCTAACGT-1-2,6.175648,4.1749024,Glia/Schwann,24
ACTACGATCGTAACCA-1-2,-0.8294955,4.0219,Supporting cells,24
ACTATCTAGCTGTACT-1-2,1.2033387,12.8038435,Fibrocytes,24
ACTATCTCAGTTTCGA-1-2,0.17125902,0.6191044,Supporting cells,24
ACTATCTGTAGTCACT-1-2,5.520647,4.0928564,Supporting cells,24
ACTATCTTCACTTGTT-1-2,0.6108547,2.8219464,Supporting cells,24
ACTATCTTCGCTACGG-1-2,-1.2716682,5.9010577,Supporting cells,24
ACTATGGAGATGCCGA-1-2,-2.8179188,6.665989,Supporting cells,24
ACTATGGCAACGGGTA-1-2,-2.5180461,3.525433,Supporting cells,24
ACTATGGGTAGCTGCC-1-2,-1.4431047,-1.8346353,Supporting cells,24
ACTATTCAGAAATTGC-1-2,-0.40706593,1.9584087,Supporting cells,24
ACTATTCAGAGCCATG-1-2,-1.6833037,1.9669034,Supporting cells,24
ACTATTCAGCGCCTCA-1-2,-0.37918377,5.2292356,Supporting cells,24
ACTATTCAGTACGAGC-1-2,-3.6136966,5.321851,Supporting cells,24
ACTATTCGTGTGTACT-1-2,1.7743144,4.993467,Supporting cells,24
ACTCCCAAGCAACAAT-1-2,-6.2078385,4.949286,Fibrocytes,24
ACTCCCAGTAGCTGAG-1-2,-4.419009,5.0654035,Fibrocytes,24
ACTCCCAGTTATAGCC-1-2,0.41590127,13.873043,Fibrocytes,24
ACTCCCATCTGCGGCA-1-2,5.049998,12.281105,Supporting cells,24
ACTCTCGAGAGCATCG-1-2,-2.258923,5.155509,Supporting cells,24
ACTCTCGCAGCAGTAG-1-2,-1.8604627,8.795669,Supporting cells,24
ACTCTCGGTAACCAGG-1-2,-3.3757112,3.121284,Supporting cells,24
ACTGATGCACGTCGGT-1-2,-4.8233547,5.247557,Fibrocytes,24
ACTGATGCAGCTCATA-1-2,0.3512057,2.4969256,Supporting cells,24
ACTGATGTCGGTCAGC-1-2,-0.29085186,8.329032,Supporting cells,24
ACTGCAACAATTGTGC-1-2,1.0760112,2.0417352,Supporting cells,24
ACTGTCCAGTCAGGGT-1-2,6.5240445,5.627692,Fibrocytes,24
ACTGTCCCACAATGCT-1-2,4.6570654,5.993816,Supporting cells,24
ACTGTCCTCTGTCTCG-1-2,8.829773,6.3504853,Supporting cells,24
ACTGTGACAAAGCAAT-1-2,5.5448694,6.514392,Supporting cells,24
ACTGTGAGTAGTCTTG-1-2,5.6031737,3.1755059,Supporting cells,24
ACTGTGATCTGATGGT-1-2,7.912268,8.86494,Glia/Schwann,24
ACTTAGGAGCATAGGC-1-2,0.4396086,12.367862,Fibrocytes,24
ACTTAGGAGGAGACCT-1-2,5.2852697,7.841729,Supporting cells,24
ACTTAGGCACCCTGTT-1-2,5.0119076,4.0084243,Supporting cells,24
ACTTAGGTCGCACGAC-1-2,1.7173207,6.396547,Supporting cells,24
ACTTATCAGGGCAGGA-1-2,-1.3744595,6.022032,Supporting cells,24
ACTTATCCAATTCTTC-1-2,5.557426,10.25091,Supporting cells,24
ACTTATCGTTATGACC-1-2,7.647707,3.3739772,Supporting cells,24
ACTTCCGAGCAAACAT-1-2,-0.89736134,2.8226206,Supporting cells,24
ACTTCCGGTTGGGAAC-1-2,0.36270064,2.0047028,Supporting cells,24
ACTTCCGTCACCTGGG-1-2,-5.717793,4.8322744,Fibrocytes,24
ACTTCGCAGTACGTCT-1-2,-2.0656729,3.4586735,Supporting cells,24
ACTTCGCGTCACAGTT-1-2,-0.6037225,3.5208826,Supporting cells,24
ACTTCGCGTTTGAAAG-1-2,5.61603,3.8308096,Supporting cells,24
ACTTTCACATGCGGTC-1-2,-1.0824431,2.435527,Supporting cells,24
ACTTTCAGTAAGGCTG-1-2,-2.0086212,-0.5273126,Supporting cells,24
ACTTTCATCCAATCTT-1-2,-1.6530489,5.537249,Supporting cells,24
ACTTTGTAGTACTCGT-1-2,2.4220536,5.963857,Fibrocytes,24
ACTTTGTAGTGGTCAG-1-2,4.2124534,5.235843,Supporting cells,24
ACTTTGTTCGTCGCTT-1-2,7.6024046,7.3600254,Supporting cells,24
AGAAATGAGGTTCTAC-1-2,2.4168985,4.617533,Fibrocytes,24
AGAAATGTCAGGAGAC-1-2,-3.5817769,7.384333,Supporting cells,24
AGAACAACACCATAAC-1-2,0.2932477,5.7678533,Supporting cells,24
AGAACAAGTTCTCTCG-1-2,2.2397528,5.460615,Supporting cells,24
AGAACAATCGGCTATA-1-2,2.8088176,5.0182395,Supporting cells,24
AGAACCTGTAGGTCAG-1-2,6.834427,-1.0399091,Inner hair cells,24
AGAACCTTCATTGAGC-1-2,-2.7742085,4.252824,Supporting cells,24
AGAAGCGAGCGGTAAC-1-2,1.390519,4.4468555,Supporting cells,24
AGAAGCGAGTTACGTC-1-2,3.9740589,4.735933,Supporting cells,24
AGAAGCGCAGGCATGA-1-2,-1.6015716,5.765982,Supporting cells,24
AGAAGCGTCCGCTGTT-1-2,3.0668638,5.949734,Supporting cells,24
AGAAGTAAGCGGTAGT-1-2,4.813482,2.1155837,Supporting cells,24
AGAAGTACAACCCGCA-1-2,7.5293217,3.891889,Supporting cells,24
AGAAGTAGTCGCATGC-1-2,3.831452,8.981384,Supporting cells,24
AGACAAAAGCAGAAAG-1-2,10.443931,3.5340285,Spiral ganglion neurons,24
AGACAAATCATGGCCG-1-2,4.6125917,8.055579,Supporting cells,24
AGACAGGCAGCTACAT-1-2,-3.550637,7.40459,Supporting cells,24
AGACAGGGTCCTACGG-1-2,8.429789,9.085441,Glia/Schwann,24
AGACCATAGCCGTTGC-1-2,7.5851746,3.432459,Supporting cells,24
AGACCATAGGTTTACC-1-2,6.04973,2.7430549,Supporting cells,24
AGACCCGAGGTAGCAC-1-2,5.9778275,5.2291737,Supporting cells,24
AGACCCGGTAAGATCA-1-2,4.4453983,6.316992,Supporting cells,24
AGACCCGTCCTGGTCT-1-2,5.42356,3.8496623,Supporting cells,24
AGACTCATCACCTCGT-1-2,-0.6165636,3.1164184,Supporting cells,24
AGAGAATCACATGACT-1-2,4.5015483,6.535021,Supporting cells,24
AGAGAATGTATGGTTC-1-2,-6.3924603,5.513528,Fibrocytes,24
AGAGAATGTGTGGACA-1-2,-1.4030669,5.8835645,Supporting cells,24
AGAGAATGTTACCCAA-1-2,4.177688,5.487696,Supporting cells,24
AGAGAGCGTGCCCTTT-1-2,5.3164735,2.0043278,Supporting cells,24
AGAGCAGAGGCTCTAT-1-2,-1.1823794,3.3093293,Supporting cells,24
AGAGCAGAGTCATGCT-1-2,-2.8304183,10.317201,Macrophages/Microglia,24
AGAGCAGCAAAGGGCT-1-2,1.2236739,3.933624,Supporting cells,24
AGAGCAGCAATTGAGA-1-2,-0.65885156,2.9758906,Supporting cells,24
AGAGCAGTCCCGTAAA-1-2,0.46298727,13.422188,Fibrocytes,24
AGAGCAGTCTGTAACG-1-2,0.37142494,2.8597944,Supporting cells,24
AGAGCAGTCTTGGAAC-1-2,-2.034624,0.59134465,Supporting cells,24
AGAGCCCAGGAACGAA-1-2,5.2450953,1.8384126,Supporting cells,24
AGAGCCCAGTGTAGTA-1-2,-4.159174,5.4543552,Fibrocytes,24
AGAGCCCCACAGCCAC-1-2,-1.3162804,2.945115,Supporting cells,24
AGAGCCCCAGGTTCGC-1-2,3.1889484,3.7865791,Supporting cells,24
AGAGCCCTCGAGTCCG-1-2,-6.7514915,4.9860315,Fibrocytes,24
AGATAGAAGCCTCTCT-1-2,5.8169823,7.4896593,Supporting cells,24
AGATAGAAGTTGCGCC-1-2,-1.125201,4.421969,Supporting cells,24
AGATAGATCACCATCC-1-2,2.4053533,4.561425,Supporting cells,24
AGATAGATCGGACGTC-1-2,2.0428374,7.471506,Supporting cells,24
AGATCCACACATTCGA-1-2,-1.1807535,6.2668467,Supporting cells,24
AGATCCATCTCAAAGC-1-2,0.10297452,2.4392152,Supporting cells,24
AGATCGTAGCACGATG-1-2,-0.6676305,1.3398817,Supporting cells,24
AGATCGTCATATACCG-1-2,5.5474043,1.5608833,Supporting cells,24
AGATCGTCATTCTCCG-1-2,1.5422075,3.2402601,Supporting cells,24
AGATCGTGTGTGACCC-1-2,-1.81764,-1.4462482,Supporting cells,24
AGATCGTTCCTCAGAA-1-2,3.5592787,9.253716,Supporting cells,24
AGATCGTTCTATCGCC-1-2,3.341974,5.8587027,Supporting cells,24
AGATGCTAGCGATGGT-1-2,2.968575,6.436861,Supporting cells,24
AGATGCTGTCAGCGTC-1-2,-2.709024,4.03172,Supporting cells,24
AGATGCTGTGTTCGAT-1-2,6.393973,10.255497,Supporting cells,24
AGATGCTGTTAAGTCC-1-2,-2.6919312,10.07975,Macrophages/Microglia,24
AGATGCTGTTTGGGAG-1-2,5.246867,2.610587,Supporting cells,24
AGCCAATAGGTTGGAC-1-2,-3.175468,2.6098454,Supporting cells,24
AGCCAATCATCTGGGC-1-2,0.6903223,14.086381,Fibrocytes,24
AGCCAATTCGCATTAG-1-2,0.34692898,6.8846354,Supporting cells,24
AGCCAATTCTCAGGCG-1-2,-0.6175167,5.7975583,Supporting cells,24
AGCCACGAGAAAGCGA-1-2,-0.3462067,3.4381638,Supporting cells,24
AGCCACGAGAGCCTGA-1-2,-0.66134256,4.012479,Supporting cells,24
AGCCACGAGGTTGGAC-1-2,-0.5026814,4.0231385,Supporting cells,24
AGCCACGCATGGAGAC-1-2,-1.5453259,8.682172,Supporting cells,24
AGCCACGTCTTCCACG-1-2,-0.12346,4.5919156,Supporting cells,24
AGCCAGCAGGGAGATA-1-2,8.137402,4.830973,Supporting cells,24
AGCCAGCCACATAACC-1-2,2.5600338,5.1036854,Supporting cells,24
AGCCAGCCAGCTATAC-1-2,0.07150829,3.7216895,Supporting cells,24
AGCCAGCCAGTTCCAA-1-2,2.3107333,11.911063,Fibrocytes,24
AGCCAGCTCACGAGGA-1-2,5.319907,6.1331124,Supporting cells,24
AGCCAGCTCGATACAC-1-2,8.7355,4.9386773,Supporting cells,24
AGCGATTAGAATTGTG-1-2,-6.8426347,5.1823483,Fibrocytes,24
AGCGATTAGCACTTTG-1-2,4.1617064,5.385625,Supporting cells,24
AGCGATTCACCGTACG-1-2,-0.64198816,3.703333,Supporting cells,24
AGCGATTGTCGAATGG-1-2,1.9297328,7.520289,Supporting cells,24
AGCGATTGTCTCCTGT-1-2,-4.6456213,5.5647535,Fibrocytes,24
AGCGATTTCCGTAGTA-1-2,0.07770731,2.4537053,Supporting cells,24
AGCGCCAAGAAGTCTA-1-2,4.7697053,5.9584985,Supporting cells,24
AGCGCCAAGACGGAAA-1-2,3.709868,0.22032268,Glia/Schwann,24
AGCGCCAAGGACCCAA-1-2,-1.4221263,3.5931215,Supporting cells,24
AGCGCTGCAGACCATT-1-2,-1.658685,3.5274758,Supporting cells,24
AGCGCTGGTCACTTAG-1-2,-3.9686892,5.6017776,Supporting cells,24
AGCGCTGGTCTAGGCC-1-2,1.867882,6.147126,Supporting cells,24
AGCGCTGTCGGCTGGT-1-2,5.620791,4.164607,Supporting cells,24
AGCGTCGCACTCATAG-1-2,8.212115,9.2600765,Glia/Schwann,24
AGCGTCGGTCACCGCA-1-2,-0.3832347,1.9878045,Supporting cells,24
AGCGTCGGTTCGCGTG-1-2,4.5637,9.772697,Supporting cells,24
AGCGTCGGTTGTTGAC-1-2,-0.9657951,3.464865,Supporting cells,24
AGCTACAAGTACGTCT-1-2,-0.42566204,1.6580198,Supporting cells,24
AGCTACAGTTTCGTAG-1-2,2.287214,12.857189,Fibrocytes,24
AGCTCAAAGATCGACG-1-2,4.243563,5.761656,Supporting cells,24
AGCTCAAGTCTACTGA-1-2,4.397362,5.0407553,Supporting cells,24
AGCTCAATCCGAAATC-1-2,5.376761,9.9074,Supporting cells,24
AGCTCAATCTAACGGT-1-2,7.215099,3.729854,Supporting cells,24
AGCTTCCAGCTGAAAT-1-2,1.3741914,1.2448822,Supporting cells,24
AGCTTCCCAAATAGCA-1-2,9.3727045,3.6151981,Spiral ganglion neurons,24
AGGAAATAGCACAAAT-1-2,10.021099,5.140557,Supporting cells,24
AGGAAATAGCGCCATC-1-2,4.5581455,6.49469,Supporting cells,24
AGGAAATCATTCACCC-1-2,-1.3676183,5.794881,Supporting cells,24
AGGAATAAGATGGGCT-1-2,2.446792,4.112113,Fibrocytes,24
AGGAATAAGCGCCTAC-1-2,3.2996333,0.7209964,Glia/Schwann,24
AGGACGAGTACCATAC-1-2,5.904682,0.42294055,Inner hair cells,24
AGGACGAGTTCCTAAG-1-2,-0.1885132,5.013677,Supporting cells,24
AGGACGATCGGAATTC-1-2,-0.38904452,4.5610414,Supporting cells,24
AGGACTTCAAGTAGTA-1-2,8.970939,9.001734,Glia/Schwann,24
AGGACTTCACAAACGG-1-2,2.5551975,6.920747,Supporting cells,24
AGGACTTCACATAGCT-1-2,-2.1894991,3.602132,Supporting cells,24
AGGACTTCATGTGCCG-1-2,-4.172126,5.503846,Fibrocytes,24
AGGACTTGTCCTACAA-1-2,3.2919824,6.8631105,Fibrocytes,24
AGGAGGTTCCACGTCT-1-2,2.620107,5.5347123,Supporting cells,24
AGGAGGTTCCTGTACC-1-2,8.208884,3.0471447,Supporting cells,24
AGGATAAAGAGGGCGA-1-2,1.5119263,7.253252,Supporting cells,24
AGGATAACAGCGCTTG-1-2,4.8302617,8.151687,Supporting cells,24
AGGATAAGTCGACGCT-1-2,3.7938445,6.123429,Supporting cells,24
AGGATAATCGAGCACC-1-2,6.3297424,-0.740102,Inner hair cells,24
AGGATCTCACTCCACT-1-2,-4.1354833,4.572624,Fibrocytes,24
AGGATCTGTAGAGGAA-1-2,5.277533,9.638716,Supporting cells,24
AGGATCTTCGAGCCTG-1-2,1.1831862,7.6228194,Supporting cells,24
AGGCATTAGGTCACCC-1-2,3.0624774,4.840787,Supporting cells,24
AGGCATTAGTGCTAGG-1-2,4.3701396,9.515027,Supporting cells,24
AGGCATTCAACAAGTA-1-2,-2.164981,1.6876082,Supporting cells,24
AGGCATTGTGGCTTAT-1-2,8.4525175,8.632654,Glia/Schwann,24
AGGCATTGTTCCACAA-1-2,9.107378,6.6053114,Supporting cells,24
AGGCCACAGCAGCGAT-1-2,2.3576474,7.6968737,Supporting cells,24
AGGCCACAGTCCCGAC-1-2,2.6603906,5.688155,Supporting cells,24
AGGCTGCAGGTGGTTG-1-2,-0.554482,2.9616416,Supporting cells,24
AGGCTGCAGTACCCTA-1-2,-0.94274884,3.1985834,Supporting cells,24
AGGCTGCGTACTGCGC-1-2,1.6210047,5.2911634,Supporting cells,24
AGGCTGCTCCTCGATC-1-2,-1.5716202,4.3513207,Supporting cells,24
AGGGAGTCAATGGCAG-1-2,-0.97255284,3.304235,Supporting cells,24
AGGGAGTCACATAGCT-1-2,2.4635823,6.717027,Supporting cells,24
AGGGAGTTCGAGCACC-1-2,1.0815403,6.148263,Supporting cells,24
AGGGCCTAGGAGTACC-1-2,5.721693,10.652548,Supporting cells,24
AGGGCCTAGGTCCGAA-1-2,-5.5059342,4.8976474,Fibrocytes,24
AGGGCCTTCCTAGCGG-1-2,-1.7450689,3.8461182,Supporting cells,24
AGGGCTCAGTGGCGAT-1-2,-4.973916,5.7411046,Fibrocytes,24
AGGGCTCGTGAGGAAA-1-2,2.5988197,6.973284,Supporting cells,24
AGGGCTCGTGGCTACC-1-2,1.7804613,4.9816628,Supporting cells,24
AGGGCTCTCCATATGG-1-2,-2.862307,9.885414,Macrophages/Microglia,24
AGGGTCCCACAGTCCG-1-2,-1.2593614,3.101145,Supporting cells,24
AGGGTCCCACCAAAGG-1-2,7.5669904,5.183583,Supporting cells,24
AGGGTCCTCTAACGCA-1-2,-0.6456254,0.15886565,Supporting cells,24
AGGGTTTAGCGACATG-1-2,0.019062458,3.7001789,Supporting cells,24
AGGGTTTAGGACGCTA-1-2,-5.3880105,4.9517355,Fibrocytes,24
AGGTAGGAGAGCTTTC-1-2,3.2158136,6.2952065,Supporting cells,24
AGGTAGGAGGAGGCAG-1-2,-0.7031773,4.9656544,Supporting cells,24
AGGTAGGAGGGTACAC-1-2,-1.8280833,2.9344268,Supporting cells,24
AGGTAGGCATGCGGTC-1-2,0.30542752,4.3573303,Supporting cells,24
AGGTAGGGTCATCCGG-1-2,-1.3306272,1.1512121,Supporting cells,24
AGGTAGGGTCTGGTTA-1-2,4.924918,1.7899755,Supporting cells,24
AGGTAGGGTCTTCATT-1-2,6.711119,7.244021,Glia/Schwann,24
AGGTAGGTCCGATCTC-1-2,9.630823,5.1586056,Supporting cells,24
AGGTCATCAGCTGGTC-1-2,4.327946,8.883821,Supporting cells,24
AGGTCATGTAAGTTGA-1-2,5.0227017,9.882242,Supporting cells,24
AGGTCATGTCGCGTTG-1-2,-0.49678937,3.4344888,Supporting cells,24
AGGTCATGTGGTCTAT-1-2,-3.8032227,6.68093,Supporting cells,24
AGGTCATTCAAGCTTG-1-2,-2.3084912,11.2074175,Macrophages/Microglia,24
AGGTCATTCGACACCG-1-2,-2.582335,2.3750374,Supporting cells,24
AGGTCTAAGGGCAGTT-1-2,0.33266062,3.1003165,Supporting cells,24
AGGTCTACACTCATAG-1-2,1.0785861,7.210067,Supporting cells,24
AGGTCTACATCCGGCA-1-2,4.4139414,9.766626,Supporting cells,24
AGGTCTAGTGAAGCGT-1-2,1.2896297,13.2513485,Fibrocytes,24
AGGTCTAGTGTCGCTG-1-2,0.99605477,9.920564,Fibrocytes,24
AGGTCTATCCGAGGCT-1-2,-2.0524583,3.456958,Supporting cells,24
AGGTGTTAGGGTAGCT-1-2,-3.7958305,5.4832177,Fibrocytes,24
AGGTGTTCAGCATTGT-1-2,5.7957244,6.739213,Supporting cells,24
AGGTGTTCAGTAACGG-1-2,6.9699144,10.638756,Fibrocytes,24
AGGTGTTCATAGATCC-1-2,6.700563,6.6643476,Glia/Schwann,24
AGGTGTTTCAGCATTG-1-2,-2.3262572,3.779062,Supporting cells,24
AGGTGTTTCTTTGCGC-1-2,5.1704636,2.8397045,Supporting cells,24
AGGTTACAGGTCGCCT-1-2,-0.9454131,5.398836,Supporting cells,24
AGGTTACCACAGCCTG-1-2,8.622605,1.248646,Outer hair cells,24
AGGTTACCAGCTGCCA-1-2,-2.337999,1.0767843,Supporting cells,24
AGGTTGTCAATAGGGC-1-2,-0.32262546,3.4645367,Supporting cells,24
AGGTTGTGTCTCGGAC-1-2,1.0373051,2.518889,Supporting cells,24
AGTAACCAGATACTGA-1-2,4.8894205,7.639016,Supporting cells,24
AGTAACCAGATAGTCA-1-2,-2.544963,1.9291239,Supporting cells,24
AGTAACCAGGTTCTTG-1-2,-1.9899004,1.894323,Supporting cells,24
AGTAACCCAAGTGGAC-1-2,3.0864,9.95257,Supporting cells,24
AGTAACCGTGAGGATC-1-2,8.658294,0.6868098,Outer hair cells,24
AGTAACCGTGTCCATA-1-2,4.3095922,9.421118,Supporting cells,24
AGTAACCTCATATGGC-1-2,-2.557637,1.3231512,Supporting cells,24
AGTAACCTCCCGATCT-1-2,4.6659126,4.576747,Supporting cells,24
AGTACCAAGACGCAGT-1-2,5.5549297,6.1028986,Supporting cells,24
AGTACCAAGGAAAGAC-1-2,1.589428,7.1530924,Supporting cells,24
AGTACCACAGTGACCC-1-2,4.8838477,9.352963,Supporting cells,24
AGTACCACATAACGGG-1-2,6.1713066,4.0423174,Supporting cells,24
AGTACCATCGCTTGAA-1-2,-5.818961,4.885292,Fibrocytes,24
AGTACTGAGAGATGCC-1-2,-6.099761,5.2372375,Fibrocytes,24
AGTACTGCATAATGCC-1-2,-1.4874483,2.4494853,Supporting cells,24
AGTACTGCATTGGGAG-1-2,2.2876947,7.90962,Supporting cells,24
AGTAGCTAGACCAGAC-1-2,-3.8871448,7.521272,Supporting cells,24
AGTAGCTAGCAGGTCA-1-2,5.142781,12.370065,Supporting cells,24
AGTAGCTAGCATGCAG-1-2,0.7034735,1.5599911,Supporting cells,24
AGTAGCTCAGGGTTGA-1-2,1.4264184,4.6185336,Supporting cells,24
AGTAGCTCAGTAGGAC-1-2,-0.29281196,3.1209445,Supporting cells,24
AGTAGTCCAACAGTGG-1-2,0.52789724,2.609048,Supporting cells,24
AGTAGTCCAGTTGGTT-1-2,-1.0713354,4.5641737,Supporting cells,24
AGTAGTCGTAACACCT-1-2,4.9271226,2.9489694,Supporting cells,24
AGTAGTCGTACTCGCG-1-2,-0.55701077,5.417148,Supporting cells,24
AGTAGTCTCTTTCAGT-1-2,0.026409788,4.368121,Supporting cells,24
AGTCACAAGCTCGAAG-1-2,0.34034982,2.0495303,Supporting cells,24
AGTCACATCTATCCAT-1-2,-1.1685432,3.0276744,Supporting cells,24
AGTCATGAGATTAGTG-1-2,1.9093423,5.9657474,Supporting cells,24
AGTCATGCAAGTGCAG-1-2,-1.8644303,9.698479,Macrophages/Microglia,24
AGTCATGCAGGCTTGC-1-2,3.4233432,8.954619,Supporting cells,24
AGTCATGCAGGTCTCG-1-2,4.533315,7.7466326,Supporting cells,24
AGTCATGTCATCGGGC-1-2,1.8999883,7.7638297,Supporting cells,24
AGTCTCCAGGCCACTC-1-2,5.1793,8.572936,Supporting cells,24
AGTCTCCGTATGAGGC-1-2,3.1381419,6.4994407,Fibrocytes,24
AGTCTCCGTTCCTAAG-1-2,-0.71094733,5.2251143,Supporting cells,24
AGTCTCCGTTCGGCTG-1-2,-0.30742207,2.3332157,Supporting cells,24
AGTCTCCTCACCTGGG-1-2,-2.5555978,6.132747,Supporting cells,24
AGTCTCCTCCCTTGGT-1-2,-1.3321369,1.3695158,Supporting cells,24
AGTGACTAGGCTTTCA-1-2,5.888819,7.483585,Glia/Schwann,24
AGTGACTAGGTTAGTA-1-2,-1.4995638,5.648848,Supporting cells,24
AGTGACTCAGAATGTA-1-2,-0.13834235,3.6326833,Supporting cells,24
AGTGATCAGCGGTAAC-1-2,4.6253963,4.849472,Supporting cells,24
AGTGATCAGGGCCCTT-1-2,5.2743554,12.590759,Supporting cells,24
AGTGATCCATGAGTAA-1-2,4.160514,4.616176,Supporting cells,24
AGTGCCGAGCCGTTGC-1-2,-1.609367,0.029369857,Supporting cells,24
AGTGCCGCATGAGTAA-1-2,0.543781,9.291826,Supporting cells,24
AGTTAGCAGTGCTACT-1-2,6.074116,7.2724643,Glia/Schwann,24
AGTTAGCCATCATCCC-1-2,8.975394,8.932682,Glia/Schwann,24
AGTTAGCGTGACATCT-1-2,3.5778894,9.3264265,Supporting cells,24
AGTTAGCGTTGCCGAC-1-2,-0.58625865,1.662995,Supporting cells,24
AGTTAGCGTTGGGACA-1-2,5.8229547,3.5408936,Supporting cells,24
AGTTAGCTCGAACCTA-1-2,3.603688,3.952509,Supporting cells,24
AGTTAGCTCTTCTTCC-1-2,9.350329,3.2847345,Supporting cells,24
AGTTCCCGTCACTACA-1-2,0.07390751,4.7269053,Supporting cells,24
AGTTCCCTCTCTGCTG-1-2,8.889747,4.361207,Glia/Schwann,24
AGTTCCCTCTTCTAAC-1-2,0.20513402,4.908833,Supporting cells,24
AGTTCGAAGTCATAGA-1-2,-2.1076229,0.20432092,Supporting cells,24
AGTTCGAGTCACTAGT-1-2,6.9024787,7.5182424,Glia/Schwann,24
AGTTCGAGTGATGGCA-1-2,0.7562661,12.082335,Fibrocytes,24
ATACCGACATCTCATT-1-2,-1.7825817,3.078215,Supporting cells,24
ATACCGATCCGTATAG-1-2,3.2152896,3.6949036,Supporting cells,24
ATACCTTCACTGGAAG-1-2,-5.1655307,4.9277296,Fibrocytes,24
ATACCTTTCTGGTGCG-1-2,0.30645064,2.8951576,Supporting cells,24
ATACTTCGTCCTCAGG-1-2,-1.0234284,4.2776628,Supporting cells,24
ATACTTCTCCGACAGC-1-2,5.821237,6.2677326,Supporting cells,24
ATAGACCAGATTCGAA-1-2,2.8466406,5.903504,Fibrocytes,24
ATAGACCCAATTAGGA-1-2,-3.1772585,4.5942445,Supporting cells,24
ATAGACCGTCTGCCTT-1-2,1.5384401,2.6478958,Supporting cells,24
ATAGAGAGTCAAAGAT-1-2,8.720663,9.258038,Glia/Schwann,24
ATAGGCTCAGTTGGTT-1-2,4.4873886,2.3183422,Supporting cells,24
ATAGGCTCATGCCGAC-1-2,4.296112,4.041826,Supporting cells,24
ATAGGCTCATGTGCCG-1-2,1.7286136,5.8580914,Supporting cells,24
ATAGGCTGTCGACTTA-1-2,6.850529,2.5767534,Outer hair cells,24
ATATCCTAGCGAACTG-1-2,0.17979358,1.9194164,Supporting cells,24
ATATCCTGTGAGCAGT-1-2,0.7810859,12.068206,Fibrocytes,24
ATATCCTTCATGAAAG-1-2,5.419086,6.107558,Supporting cells,24
ATATCCTTCTGGGCAC-1-2,-3.1923013,2.9808605,Supporting cells,24
ATCACAGTCGATTTCT-1-2,3.3820515,8.940071,Supporting cells,24
ATCACGAAGTACGAGC-1-2,4.2545204,6.347057,Supporting cells,24
ATCACTTCAGTGGTGA-1-2,2.1361744,5.2410927,Supporting cells,24
ATCACTTGTCAAGGCA-1-2,-5.9918847,5.0547824,Fibrocytes,24
ATCACTTGTCTACGTA-1-2,-1.9965773,0.9460939,Supporting cells,24
ATCACTTTCCCTTCCC-1-2,1.2543917,5.148454,Supporting cells,24
ATCACTTTCGCTGTTC-1-2,0.8212943,8.237222,Supporting cells,24
ATCATTCCAGAACTAA-1-2,0.92131025,1.2172068,Supporting cells,24
ATCATTCCAGGTGGAT-1-2,8.618348,9.237354,Glia/Schwann,24
ATCATTCTCAAAGAAC-1-2,0.30434263,2.4166472,Supporting cells,24
ATCATTCTCAAGAATG-1-2,-6.1522217,4.6945186,Fibrocytes,24
ATCATTCTCTTAATCC-1-2,1.5013549,4.3100643,Supporting cells,24
ATCCACCGTACTGGGA-1-2,11.845555,2.8061485,Spiral ganglion neurons,24
ATCCACCGTCAAACGG-1-2,0.557651,3.6059868,Supporting cells,24
ATCCATTAGCGCCGTT-1-2,6.335695,7.687373,Glia/Schwann,24
ATCCATTCAGCACAGA-1-2,5.3426566,12.595774,Supporting cells,24
ATCCATTCAGCATCTA-1-2,6.5646977,7.5708694,Glia/Schwann,24
ATCCATTTCCTTCACG-1-2,2.6356173,11.610386,Fibrocytes,24
ATCCATTTCGTTGTTT-1-2,3.8040595,0.81427586,Glia/Schwann,24
ATCCATTTCTACGCAA-1-2,9.18642,6.805616,Supporting cells,24
ATCCCTGCAGGAATCG-1-2,0.6505053,3.886216,Supporting cells,24
ATCCCTGGTCCGAAGA-1-2,-3.5069554,4.500541,Fibrocytes,24
ATCCCTGGTGGTCCGT-1-2,5.151875,12.384179,Supporting cells,24
ATCCGTCAGAAACACT-1-2,1.3936538,13.171591,Fibrocytes,24
ATCCGTCAGGCCCGTT-1-2,2.555938,5.0447445,Supporting cells,24
ATCCGTCGTAGAGATT-1-2,4.815664,6.109872,Supporting cells,24
ATCCTATAGGATTCAA-1-2,6.1355677,7.7912455,Glia/Schwann,24
ATCCTATCAGTGGCTC-1-2,-1.8783818,-1.7532264,Supporting cells,24
ATCCTATGTTTGATCG-1-2,-1.9502708,2.5578277,Supporting cells,24
ATCGATGAGCATGGGT-1-2,7.1901383,9.151357,Glia/Schwann,24
ATCGATGCAGTGGCTC-1-2,-5.56766,4.553224,Fibrocytes,24
ATCGCCTAGGCCCACT-1-2,0.9879261,1.0328261,Supporting cells,24
ATCGCCTAGTCGCGAA-1-2,-4.8784356,5.459347,Fibrocytes,24
ATCGGATCATTAGGCT-1-2,-1.3334284,0.23806505,Supporting cells,24
ATCGGATGTTCGAACT-1-2,4.812029,6.7970214,Supporting cells,24
ATCGGATTCCACTGGG-1-2,-1.8427484,10.060811,Macrophages/Microglia,24
ATCGGCGCATCCCACT-1-2,3.9780304,6.8088036,Supporting cells,24
ATCGGCGGTCAAAGCG-1-2,5.621221,10.388135,Supporting cells,24
ATCGGCGTCTAGGCCG-1-2,-1.0177287,2.5322552,Supporting cells,24
ATCGTAGAGGGCCAAT-1-2,-0.22926722,3.4755397,Supporting cells,24
ATCGTAGCACATTGTG-1-2,-2.023738,4.5141287,Supporting cells,24
ATCGTAGCATCATGAC-1-2,-0.9015894,2.7966642,Supporting cells,24
ATCGTAGGTCCCTGAG-1-2,-1.6559273,3.686621,Supporting cells,24
ATCGTAGTCATATGGC-1-2,0.5440527,13.868559,Fibrocytes,24
ATCGTCCAGACGGATC-1-2,0.05695016,1.7972162,Supporting cells,24
ATCGTCCCAGTATACC-1-2,5.733109,6.82079,Supporting cells,24
ATCGTCCGTATCCTTT-1-2,1.3862003,2.335917,Supporting cells,24
ATCGTGACACAACCGC-1-2,9.85674,8.691596,Glia/Schwann,24
ATCGTGACATCCAATG-1-2,2.0107002,7.6526804,Supporting cells,24
ATCGTGAGTTGGCTAT-1-2,-3.120297,5.7288833,Supporting cells,24
ATCGTGATCTGGGATT-1-2,2.3682947,5.146674,Supporting cells,24
ATCTCTATCCTTCACG-1-2,0.13075626,3.0540001,Supporting cells,24
ATCTCTATCGCCGTGA-1-2,1.9269438,4.2272277,Supporting cells,24
ATCTCTATCGTCACCT-1-2,6.025551,7.4593043,Glia/Schwann,24
ATCTTCAAGTTCCAGT-1-2,7.575421,2.147148,Outer hair cells,24
ATCTTCATCCATAGAC-1-2,-1.7114848,4.90619,Supporting cells,24
ATCTTCATCGAGTCCG-1-2,-6.777507,5.465806,Fibrocytes,24
ATGAAAGAGTTCTCTT-1-2,-1.6943425,3.5236325,Supporting cells,24
ATGAAAGCACTTCATT-1-2,-0.10325806,3.166593,Supporting cells,24
ATGAAAGCAGACAATA-1-2,-4.9474645,5.102299,Fibrocytes,24
ATGAAAGCAGAGAAAG-1-2,-0.90434027,-0.10509642,Supporting cells,24
ATGAAAGTCTTCACGC-1-2,3.4051304,10.1226845,Supporting cells,24
ATGACCACAGAACATA-1-2,0.36931786,11.8986025,Fibrocytes,24
ATGAGGGAGCGCCTCA-1-2,2.846724,3.84445,Supporting cells,24
ATGAGGGAGGGCCCTT-1-2,0.6850491,3.710125,Supporting cells,24
ATGAGGGCACACCTAA-1-2,-1.1410525,3.3705463,Supporting cells,24
ATGAGTCAGCTCGGCT-1-2,8.633028,4.9954176,Supporting cells,24
ATGAGTCAGGTCCGAA-1-2,-0.5417231,3.9063883,Supporting cells,24
ATGAGTCGTCAGACTT-1-2,6.393003,9.010474,Glia/Schwann,24
ATGAGTCGTGCATGTT-1-2,11.694075,2.672774,Spiral ganglion neurons,24
ATGAGTCTCACCTGTC-1-2,5.020266,12.192633,Supporting cells,24
ATGAGTCTCTCTTAAC-1-2,7.850178,3.481273,Supporting cells,24
ATGCATGCAGCAGACA-1-2,8.076291,6.3834286,Supporting cells,24
ATGCCTCGTAATGCTC-1-2,-2.0165126,1.3780229,Supporting cells,24
ATGCCTCGTCTAGGTT-1-2,5.6776557,3.0788183,Supporting cells,24
ATGCCTCTCCTAAGTG-1-2,-1.333515,5.539302,Supporting cells,24
ATGCGATAGAAGGCTC-1-2,5.472298,12.670983,Supporting cells,24
ATGCGATCACGCCACA-1-2,8.735694,8.795845,Glia/Schwann,24
ATGCGATCACGTACTA-1-2,0.53618336,13.091739,Fibrocytes,24
ATGCGATGTTGCCATA-1-2,-0.56701607,1.2956154,Supporting cells,24
ATGGAGGAGTATCTGC-1-2,-0.39194387,2.372631,Supporting cells,24
ATGGAGGCAAAGCACG-1-2,-0.31926724,5.406423,Supporting cells,24
ATGGAGGCAGTTGTCA-1-2,-2.5429971,4.894138,Supporting cells,24
ATGGAGGGTTTGTTGG-1-2,-0.55459654,4.831665,Supporting cells,24
ATGGATCCACTGGACC-1-2,4.9804053,1.776043,Supporting cells,24
ATGGGAGTCGAACGGA-1-2,5.4335065,7.5466623,Supporting cells,24
ATGGGTTAGCGGGTTA-1-2,5.814562,10.597503,Supporting cells,24
ATGGGTTCAAAGAGTT-1-2,2.3457396,11.6336775,Fibrocytes,24
ATGGGTTCACTCCACT-1-2,-2.5402524,3.7853487,Supporting cells,24
ATGGGTTTCAGATTGC-1-2,1.236518,2.4929464,Supporting cells,24
ATGGGTTTCCGAGTGC-1-2,4.952651,1.8472371,Supporting cells,24
ATGGGTTTCGTGGTAT-1-2,5.438552,12.485862,Supporting cells,24
ATGGTTGAGAGCAGTC-1-2,-0.8249988,5.3358326,Supporting cells,24
ATGGTTGAGTTTCGGT-1-2,-3.1156666,4.1523814,Supporting cells,24
ATGGTTGCAAGCGGAT-1-2,4.6867375,10.96479,Supporting cells,24
ATGGTTGCACAACGAG-1-2,-3.343109,6.207111,Supporting cells,24
ATGGTTGGTGCAACGA-1-2,-0.33578676,6.2927976,Supporting cells,24
ATGGTTGTCACATCAG-1-2,-5.1819053,4.635206,Fibrocytes,24
ATGTCCCGTGGACCTC-1-2,5.422124,5.379269,Supporting cells,24
ATGTCTTCATAGAATG-1-2,0.010012089,2.6858146,Supporting cells,24
ATGTCTTGTATCACGT-1-2,-1.8528825,4.993328,Supporting cells,24
ATGTCTTTCTGGACTA-1-2,5.1671214,6.741064,Supporting cells,24
ATTACCTCAGCACAAG-1-2,4.3521843,4.8188787,Supporting cells,24
ATTACCTGTGTTCAGT-1-2,-1.4821864,3.6663818,Supporting cells,24
ATTACCTTCCATCGTC-1-2,9.114122,4.955912,Supporting cells,24
ATTACTCAGATTACCC-1-2,6.3389125,4.84061,Supporting cells,24
ATTACTCCATCTCGTC-1-2,-2.5377853,6.809731,Supporting cells,24
ATTACTCTCGGTGTTA-1-2,4.739714,5.2901616,Supporting cells,24
ATTATCCAGAATAACC-1-2,5.8233366,10.825872,Supporting cells,24
ATTATCCAGAGTACCG-1-2,0.22231907,4.8995614,Supporting cells,24
ATTATCCCAATGTCTG-1-2,-6.5040274,4.936235,Fibrocytes,24
ATTATCCCACTCAAGT-1-2,2.524602,7.150182,Supporting cells,24
ATTATCCTCGATAACC-1-2,2.1256363,7.1278133,Supporting cells,24
ATTCACTAGAAACCCG-1-2,-0.21623659,2.7197058,Supporting cells,24
ATTCACTCACTACTTT-1-2,-1.9329531,3.6389618,Supporting cells,24
ATTCACTGTATCCCTC-1-2,4.7753906,2.3634717,Supporting cells,24
ATTCAGGCAAAGTATG-1-2,-2.3295608,10.229354,Macrophages/Microglia,24
ATTCAGGCAAGCGAGT-1-2,3.7378228,8.99601,Supporting cells,24
ATTCAGGGTGTGGACA-1-2,-6.6482134,4.700997,Fibrocytes,24
ATTCAGGGTTCCCACT-1-2,-0.2959787,4.4520946,Supporting cells,24
ATTCATCCATCAGCAT-1-2,2.301665,5.898605,Fibrocytes,24
ATTCATCGTGCTCGTG-1-2,-5.9676437,4.4516935,Fibrocytes,24
ATTCCATCATTCGGGC-1-2,9.405053,5.3164244,Supporting cells,24
ATTCCATGTACGATCT-1-2,2.0323417,6.31592,Supporting cells,24
ATTCCCGCACGTATAC-1-2,0.8628944,13.087718,Fibrocytes,24
ATTCCTACAAATGCGG-1-2,1.1890949,2.8709266,Supporting cells,24
ATTCCTACACAGGATG-1-2,2.339461,10.689744,Supporting cells,24
ATTCCTACAGTCAGCC-1-2,11.30608,2.907624,Spiral ganglion neurons,24
ATTCGTTAGAGCAGTC-1-2,-1.5349406,3.99076,Supporting cells,24
ATTCGTTAGAGCCTGA-1-2,-0.6313292,3.3076627,Supporting cells,24
ATTCGTTTCTCATGCC-1-2,-0.15350796,1.2242892,Supporting cells,24
ATTCTACAGTAAGACT-1-2,2.418982,5.9323416,Supporting cells,24
ATTCTACAGTCAGCGA-1-2,-3.6156652,2.978193,Fibrocytes,24
ATTCTACTCTGGGCCA-1-2,6.100379,9.273271,Supporting cells,24
ATTCTTGAGTCAATCC-1-2,2.1115866,2.717812,Supporting cells,24
ATTCTTGCATGATCTG-1-2,9.274842,9.103373,Glia/Schwann,24
ATTCTTGGTTAAGAAC-1-2,7.340998,8.815884,Glia/Schwann,24
ATTCTTGGTTTGCCGG-1-2,0.39636156,3.407271,Supporting cells,24
ATTGTTCCACCCTAAA-1-2,4.509482,6.1813416,Supporting cells,24
ATTGTTCCAGCGACAA-1-2,-0.3350405,7.6075783,Supporting cells,24
ATTGTTCGTCCGGCAT-1-2,0.60746527,13.069879,Fibrocytes,24
ATTTACCTCCTGTAGA-1-2,0.61519355,14.05372,Fibrocytes,24
ATTTACCTCTCAATCT-1-2,-2.9925022,2.0109262,Supporting cells,24
ATTTCACCAAACACCT-1-2,-2.2190835,2.6068025,Supporting cells,24
ATTTCTGAGACCAACG-1-2,0.3178645,2.5339777,Supporting cells,24
ATTTCTGCACGGTAGA-1-2,1.041363,3.842443,Supporting cells,24
ATTTCTGGTACGAGTG-1-2,3.3639598,4.857793,Supporting cells,24
ATTTCTGTCTTACTGT-1-2,2.461021,13.1878195,Fibrocytes,24
CAAAGAAGTCATCCCT-1-2,-0.053852677,5.192692,Supporting cells,24
CAAAGAATCTAGTGTG-1-2,6.7444196,-1.0205828,Inner hair cells,24
CAACAACAGCCTCTGG-1-2,-2.9891098,3.7804382,Supporting cells,24
CAACAACAGCTGACAG-1-2,-2.5793066,2.1802118,Supporting cells,24
CAACAACAGTGGTTGG-1-2,-1.8478829,4.2535005,Supporting cells,24
CAACAACAGTTTAGGA-1-2,5.653266,10.821964,Supporting cells,24
CAACAACGTCATAAAG-1-2,1.3039706,0.91408056,Supporting cells,24
CAACAACTCCCTTGGT-1-2,5.1433396,7.843037,Supporting cells,24
CAACAACTCGTGCTCT-1-2,-4.838043,4.4588923,Fibrocytes,24
CAACAGTGTAACATCC-1-2,5.7873373,7.745932,Glia/Schwann,24
CAACAGTTCAAGGCTT-1-2,-1.4180223,3.9584227,Supporting cells,24
CAACCAAAGAAGTCCG-1-2,-1.7541729,6.0518727,Supporting cells,24
CAACCAACAAGACGAC-1-2,5.185786,4.033491,Supporting cells,24
CAACCAACAAGTGGTG-1-2,2.217542,7.1310015,Supporting cells,24
CAACCAACAATCGCAT-1-2,2.3546793,5.066707,Fibrocytes,24
CAACCTCAGCTCAGAG-1-2,6.242348,3.9343722,Supporting cells,24
CAACCTCTCGAGAGAC-1-2,6.0768695,6.5799356,Supporting cells,24
CAACGATAGCAGTAAT-1-2,2.9615834,5.279777,Supporting cells,24
CAACGATAGGCACTAG-1-2,0.6521087,3.028877,Supporting cells,24
CAACGATCAGCTGTCG-1-2,-2.6489177,4.6759057,Supporting cells,24
CAACGATTCAGATGCT-1-2,0.0007266379,3.558237,Supporting cells,24
CAACGATTCTCACGAA-1-2,-0.4545579,0.13177386,Supporting cells,24
CAACGGCAGTTGCCCG-1-2,-4.5476375,4.36439,Fibrocytes,24
CAACGGCCAACAGATA-1-2,-1.1223692,5.103257,Supporting cells,24
CAACGGCTCTCCGAGG-1-2,-5.464599,5.5344343,Fibrocytes,24
CAAGACTGTGTCCACG-1-2,3.524695,8.893298,Supporting cells,24
CAAGACTTCCCGAATA-1-2,-2.6808176,3.852124,Supporting cells,24
CAAGAGGAGTGGCCTC-1-2,3.167849,6.9198666,Fibrocytes,24
CAAGAGGCAAGACCGA-1-2,0.24902819,1.7287161,Supporting cells,24
CAAGAGGCACGTCGTG-1-2,0.0984596,3.9031944,Supporting cells,24
CAAGAGGGTTCGAACT-1-2,2.876867,2.1113386,Fibrocytes,24
CAAGAGGTCGTCGATA-1-2,0.20376986,3.5019546,Supporting cells,24
CAAGCTACAAGTGGGT-1-2,-2.5324295,3.574814,Supporting cells,24
CAAGCTACACGTGAGA-1-2,7.3928385,5.1465926,Supporting cells,24
CAAGGGAGTCCACACG-1-2,6.520218,10.637482,Supporting cells,24
CAAGGGAGTTCTCAGA-1-2,2.79469,4.3336043,Supporting cells,24
CAATACGAGCGGTATG-1-2,-1.5493851,-1.391105,Supporting cells,24
CAATACGCAGAGCGTA-1-2,-0.45264634,2.5195944,Supporting cells,24
CAATACGTCCATGATG-1-2,-0.0023182943,3.6125333,Supporting cells,24
CAATACGTCGCAACAT-1-2,0.6881656,1.9195435,Supporting cells,24
CAATACGTCGCGGTAC-1-2,-1.7437813,5.5912447,Supporting cells,24
CAATCGACACAAGTGG-1-2,9.582969,8.6898985,Glia/Schwann,24
CAATCGACAGTTGTTG-1-2,6.8337765,9.785984,Glia/Schwann,24
CAATCGACATCGTGCG-1-2,3.733541,9.05546,Supporting cells,24
CAATCGAGTAGCTGTT-1-2,2.154884,5.9408455,Supporting cells,24
CAATGACGTAAGCTCT-1-2,8.603989,8.901786,Glia/Schwann,24
CAATTTCAGACAACTA-1-2,3.7301123,0.40252015,Glia/Schwann,24
CAATTTCCACAAATGA-1-2,4.241831,-1.9536737,Supporting cells,24
CAATTTCCATAGAAAC-1-2,0.30874914,5.1061654,Supporting cells,24
CAATTTCTCAAGCCTA-1-2,4.250857,8.888702,Supporting cells,24
CAATTTCTCATCGGGC-1-2,-1.581272,3.4477181,Supporting cells,24
CAATTTCTCTTCTCAA-1-2,9.5404415,9.038805,Glia/Schwann,24
CACAACACACGTCTCT-1-2,1.8502488,5.3532696,Supporting cells,24
CACAACACATACCACA-1-2,0.3715495,2.4010973,Supporting cells,24
CACAACACATTGCCGG-1-2,5.3394437,4.305,Supporting cells,24
CACAACATCACTGTTT-1-2,0.52301604,3.875316,Supporting cells,24
CACAACATCTAGTGAC-1-2,-2.5240412,1.951406,Supporting cells,24
CACACAAAGAGATTCA-1-2,0.5542557,12.556534,Fibrocytes,24
CACACAAGTGAGACCA-1-2,2.2710352,12.853929,Fibrocytes,24
CACACAAGTGGACAGT-1-2,1.4551558,5.543179,Supporting cells,24
CACACAATCCCGAATA-1-2,-5.870496,5.092165,Fibrocytes,24
CACAGATGTTCTCTAT-1-2,8.02558,8.214298,Glia/Schwann,24
CACAGATTCTCATAGG-1-2,4.31392,6.719541,Supporting cells,24
CACAGGCAGCCGTAAG-1-2,0.45466104,13.539594,Fibrocytes,24
CACATGAAGTTCGCAT-1-2,-1.4403238,3.3308516,Supporting cells,24
CACCAAACATAATGAG-1-2,4.0563073,7.944068,Supporting cells,24
CACCAAAGTTACCTTT-1-2,2.756293,8.645259,Supporting cells,24
CACCAAATCAGCCTCT-1-2,1.5113204,5.861183,Supporting cells,24
CACCAAATCTGCAGCG-1-2,7.88191,4.8093743,Supporting cells,24
CACCGTTAGAGCCTGA-1-2,0.33811912,6.0341163,Supporting cells,24
CACCGTTAGCACTCCG-1-2,1.676438,12.779685,Fibrocytes,24
CACCGTTCATAATGAG-1-2,-1.394644,6.073577,Supporting cells,24
CACCGTTTCATAGAGA-1-2,0.31610698,5.731549,Supporting cells,24
CACGAATAGCCAACCC-1-2,8.071965,6.3708344,Supporting cells,24
CACGAATCAGCAATTC-1-2,5.1976695,5.3689537,Supporting cells,24
CACGAATGTTGCCAAT-1-2,0.08291968,3.2493644,Supporting cells,24
CACGAATTCCTTCTTC-1-2,0.8899045,12.230865,Fibrocytes,24
CACGAATTCTAGAACC-1-2,-0.9808109,3.0435302,Supporting cells,24
CACGGGTTCAAGAGTA-1-2,-5.0687604,5.2963595,Fibrocytes,24
CACGGGTTCTAACGGT-1-2,-4.573614,4.951186,Fibrocytes,24
CACGTGGCAAACCATC-1-2,9.128975,8.948569,Glia/Schwann,24
CACGTGGGTGAGTGAC-1-2,2.049583,7.4745526,Supporting cells,24
CACGTGGTCAGTCACA-1-2,5.508793,4.468838,Supporting cells,24
CACGTGGTCCACTTTA-1-2,8.484192,4.972068,Supporting cells,24
CACGTTCAGCGACCCT-1-2,8.760314,8.444447,Glia/Schwann,24
CACGTTCCACCATATG-1-2,2.667061,6.1036777,Supporting cells,24
CACGTTCCAGGATTCT-1-2,1.8627985,5.102718,Supporting cells,24
CACGTTCTCGCATTAG-1-2,-1.3089387,3.6277251,Supporting cells,24
CACTAAGCAAATAGCA-1-2,0.7737905,1.8513227,Supporting cells,24
CACTAAGGTACTAAGA-1-2,4.6161747,4.616645,Supporting cells,24
CACTAAGGTTCGTAAC-1-2,5.9857216,6.5560513,Glia/Schwann,24
CACTAAGTCTGTAACG-1-2,1.1547598,1.5375534,Supporting cells,24
CACTGAAAGTATTAGG-1-2,7.4962063,7.2502804,Supporting cells,24
CACTGAAAGTTAGAAC-1-2,4.405399,6.306686,Supporting cells,24
CACTGAACATGACGAG-1-2,-3.755822,5.5848207,Supporting cells,24
CACTGAAGTCAGGCAA-1-2,-1.8039469,5.24977,Supporting cells,24
CACTGGGAGTCTAACC-1-2,2.044561,7.4141684,Supporting cells,24
CACTGGGAGTCTTCCC-1-2,3.1061459,10.233561,Supporting cells,24
CACTGGGCAACGAGGT-1-2,-1.4826939,3.7426581,Supporting cells,24
CACTGGGTCGGTTAGT-1-2,6.729679,8.265052,Glia/Schwann,24
CACTGTCCACTCATAG-1-2,7.244559,5.0918703,Supporting cells,24
CACTGTCTCCAAGCTA-1-2,8.325873,6.213115,Supporting cells,24
CACTTCGAGAAATCCA-1-2,-1.8737725,2.7979474,Supporting cells,24
CACTTCGAGAGTCAAT-1-2,3.401807,6.0269446,Supporting cells,24
CACTTCGGTTAAGTCC-1-2,-0.16212943,5.3521814,Supporting cells,24
CACTTCGTCACGACTA-1-2,-1.3913704,5.0165687,Supporting cells,24
CACTTCGTCCGCACGA-1-2,0.21525705,3.6296396,Supporting cells,24
CAGAGCCAGCGTATGG-1-2,3.8349054,3.996003,Supporting cells,24
CAGAGCCTCAGAATAG-1-2,6.202268,8.966371,Glia/Schwann,24
CAGATACCATCGGAAG-1-2,4.268963,4.145457,Supporting cells,24
CAGATCACATAACGGG-1-2,0.19192716,2.8732483,Supporting cells,24
CAGATCAGTCAACCAT-1-2,-5.8440843,5.2893457,Fibrocytes,24
CAGATCATCACGGACC-1-2,4.3890553,2.4124942,Supporting cells,24
CAGATTGCATCGTCCT-1-2,0.27468628,3.6369932,Supporting cells,24
CAGATTGGTATCGTAC-1-2,4.803252,12.137985,Supporting cells,24
CAGATTGGTGATACAA-1-2,9.684299,8.750537,Glia/Schwann,24
CAGATTGGTGCTCCGA-1-2,0.7668578,8.027982,Supporting cells,24
CAGATTGGTTGCCTAA-1-2,5.1958637,9.636539,Supporting cells,24
CAGATTGTCCTACCAC-1-2,1.2716521,2.5576699,Supporting cells,24
CAGCAATAGGGCCTCT-1-2,-5.1518016,4.674275,Fibrocytes,24
CAGCAATCAAGCGATG-1-2,-5.7397656,4.5647535,Fibrocytes,24
CAGCAATCAATAACGA-1-2,1.0257568,11.199707,Fibrocytes,24
CAGCAATCAGCCCACA-1-2,-0.082591936,6.0462947,Supporting cells,24
CAGCACGAGAGTCAAT-1-2,-1.7629619,-1.1731489,Supporting cells,24
CAGCACGGTGTTTACG-1-2,-2.3734345,9.014256,Macrophages/Microglia,24
CAGCACGTCATAGCAC-1-2,1.4736551,7.4192667,Supporting cells,24
CAGCAGCCATTAAGCC-1-2,3.2926064,9.738641,Supporting cells,24
CAGCAGCGTCAAATCC-1-2,1.371844,5.028711,Supporting cells,24
CAGCAGCGTTGGGAAC-1-2,6.796588,4.9692645,Supporting cells,24
CAGCAGCTCAGGAACG-1-2,7.046931,-1.0878294,Inner hair cells,24
CAGCCAGCAACGATCT-1-2,6.596269,8.256467,Glia/Schwann,24
CAGCCAGCATCGATGT-1-2,-1.6578772,1.7126756,Supporting cells,24
CAGCCAGGTGTTCGAT-1-2,-0.28651872,2.9689605,Supporting cells,24
CAGCGTGGTCGGCCTA-1-2,-1.7530082,10.098254,Macrophages/Microglia,24
CAGCGTGGTTTCGCTC-1-2,-1.5013932,3.810674,Supporting cells,24
CAGGCCAAGTATGGCG-1-2,-1.743496,2.9103682,Supporting cells,24
CAGGCCAGTATCGCAT-1-2,-0.43728572,4.0031505,Supporting cells,24
CAGGCCATCACAATGC-1-2,5.686156,5.4693027,Supporting cells,24
CAGGGCTTCCTATTTG-1-2,-0.7341478,6.0545325,Supporting cells,24
CAGGGCTTCGACACCG-1-2,0.34489003,4.4461527,Supporting cells,24
CAGGTATAGCATATGA-1-2,3.440725,5.4039702,Supporting cells,24
CAGGTATCAACAAGAT-1-2,-0.76753914,3.8509302,Supporting cells,24
CAGGTATGTTGCTCCT-1-2,-4.9386497,4.7829156,Fibrocytes,24
CAGGTATTCTCAGTCC-1-2,-2.281896,3.2927713,Supporting cells,24
CAGTGCGTCCTCTCTT-1-2,0.69347185,2.934118,Supporting cells,24
CAGTTAGAGAAGGCTC-1-2,8.163204,4.697074,Supporting cells,24
CAGTTAGTCCACCCTA-1-2,-2.5488575,4.546861,Supporting cells,24
CAGTTAGTCCTTCAGC-1-2,0.71406543,0.8929208,Supporting cells,24
CAGTTAGTCCTTCTTC-1-2,0.57473,13.772858,Fibrocytes,24
CAGTTCCAGCACAAAT-1-2,1.0290909,3.81723,Supporting cells,24
CAGTTCCGTTCATCGA-1-2,-2.628029,4.4910173,Supporting cells,24
CATAAGCGTAGTGGCA-1-2,1.5488378,2.5463927,Supporting cells,24
CATAAGCGTGCGTTTA-1-2,-1.3325646,2.780868,Supporting cells,24
CATACAGAGATGGCGT-1-2,1.3114922,5.6598773,Supporting cells,24
CATACCCAGTGCTCAT-1-2,1.7079096,1.8636936,Supporting cells,24
CATACCCCAACATACC-1-2,-2.890782,6.0048685,Supporting cells,24
CATACCCGTCCTGGGT-1-2,7.538361,7.5699534,Glia/Schwann,24
CATACTTAGACGCTCC-1-2,-0.13595045,3.6698687,Supporting cells,24
CATACTTAGTATAGAC-1-2,-2.9700744,3.8744075,Supporting cells,24
CATACTTGTCAAACGG-1-2,7.364126,5.3741245,Supporting cells,24
CATAGACTCATGTCAG-1-2,3.4079325,4.6287546,Fibrocytes,24
CATCAAGAGGAGAGTA-1-2,-1.4940219,0.6544592,Supporting cells,24
CATCAAGAGTAGGTTA-1-2,3.6775367,7.1121607,Supporting cells,24
CATCAAGCAATCCAGT-1-2,4.5389314,5.0998945,Supporting cells,24
CATCAAGGTATCTCGA-1-2,-0.5694666,4.8163495,Supporting cells,24
CATCAAGGTCACCACG-1-2,0.35223886,4.0236278,Supporting cells,24
CATCCACAGACTGTTC-1-2,-6.9452915,4.8472424,Fibrocytes,24
CATCCACCATGTCAGT-1-2,5.6252666,-0.44919202,Inner hair cells,24
CATCCACTCATTGGTG-1-2,-1.0731364,4.8268585,Supporting cells,24
CATCCACTCCAATCTT-1-2,0.16464922,6.135569,Supporting cells,24
CATCCCACAGGTCTCG-1-2,1.0203344,2.3274155,Supporting cells,24
CATCCCAGTCTAGGCC-1-2,9.887486,0.5886386,Outer hair cells,24
CATCCCAGTTGTAGCT-1-2,7.907138,8.686656,Glia/Schwann,24
CATCCGTCAAAGGTTA-1-2,-3.4554358,6.158619,Supporting cells,24
CATCCGTCAGCCATTA-1-2,1.3256127,1.6795325,Supporting cells,24
CATCCGTCAGTTCACA-1-2,2.0538576,5.275686,Fibrocytes,24
CATCCGTCATCGAAGG-1-2,4.312177,2.1707976,Supporting cells,24
CATCCGTGTCCAGCAC-1-2,0.3832446,4.1134787,Supporting cells,24
CATCCGTGTGGACCTC-1-2,4.33706,4.143283,Supporting cells,24
CATCGCTCAACTTCTT-1-2,0.06909121,7.826807,Supporting cells,24
CATCGCTCATATGCGT-1-2,2.190911,7.1879625,Supporting cells,24
CATCGCTCATCGAACT-1-2,0.281699,4.0844884,Supporting cells,24
CATCGCTTCAACGTGT-1-2,2.6531174,8.56204,Supporting cells,24
CATCGGGGTGTTGACT-1-2,-1.7650114,9.956595,Macrophages/Microglia,24
CATCGTCAGTGGATAT-1-2,5.299736,9.689231,Supporting cells,24
CATCGTCCAGACCGCT-1-2,2.1561131,3.5089567,Supporting cells,24
CATCGTCCAGGCCCTA-1-2,4.298016,10.317401,Supporting cells,24
CATCGTCGTCGAATGG-1-2,-0.113469884,6.1546235,Supporting cells,24
CATCGTCTCAAGGCTT-1-2,-2.6090949,3.6883135,Supporting cells,24
CATGAGTCAGTAACCT-1-2,3.0544415,3.982815,Supporting cells,24
CATGAGTGTATTGACC-1-2,-0.88092315,5.2250457,Supporting cells,24
CATGCAAAGTTAGTGA-1-2,1.8769933,4.233447,Supporting cells,24
CATGCAACAATAGTCC-1-2,2.5031543,7.6227427,Supporting cells,24
CATGCAAGTAGCGTAG-1-2,1.8524427,6.2943645,Supporting cells,24
CATGCAAGTAGGAGTC-1-2,-0.9293737,3.8382785,Supporting cells,24
CATGCAAGTGGTCTTA-1-2,-3.1322103,10.212431,Macrophages/Microglia,24
CATGCCTGTCACTGAT-1-2,0.61317384,3.7223425,Supporting cells,24
CATGCCTGTCGGCTAC-1-2,5.405679,5.822945,Supporting cells,24
CATGCCTTCGGAGCAA-1-2,-1.2795601,4.245494,Supporting cells,24
CATGCCTTCTTACCGC-1-2,2.5198996,4.905189,Supporting cells,24
CATGCGGAGGTGCCAA-1-2,7.640476,9.390747,Glia/Schwann,24
CATGCGGCAAACTAAG-1-2,-2.543939,1.7285368,Supporting cells,24
CATGCGGGTGAGATTA-1-2,-4.435369,4.7756743,Fibrocytes,24
CATGCGGGTGTTCCAA-1-2,-1.886599,6.483048,Supporting cells,24
CATGCGGTCATTTACC-1-2,4.752893,7.3745823,Supporting cells,24
CATGCGGTCTTCCCGA-1-2,-1.7981153,1.745154,Supporting cells,24
CATGCTCAGTTGAAGT-1-2,8.7561,3.200073,Supporting cells,24
CATGCTCGTGCACAAG-1-2,5.1777287,4.044785,Supporting cells,24
CATGCTCGTGTTATCG-1-2,-1.6510439,3.9761481,Supporting cells,24
CATGCTCTCCCGAGTG-1-2,-4.0063624,4.1008162,Fibrocytes,24
CATGCTCTCCTCTCGA-1-2,-1.2363406,3.7159038,Supporting cells,24
CATGGTAAGACCAGCA-1-2,-1.1406535,2.8230984,Supporting cells,24
CATGGTAAGTTCATCG-1-2,-1.5160376,4.577367,Supporting cells,24
CATTCATCACAGCATT-1-2,4.820686,4.6530967,Supporting cells,24
CATTCATCACTTCATT-1-2,5.679073,7.245843,Glia/Schwann,24
CATTCATGTACTGCCG-1-2,-0.84550184,3.1341872,Supporting cells,24
CATTCCGAGCGGTATG-1-2,-1.4531057,2.6011112,Supporting cells,24
CATTCCGAGTATGGAT-1-2,0.13935417,4.4637785,Supporting cells,24
CATTCCGGTAGATCCT-1-2,-4.165071,4.862231,Fibrocytes,24
CATTCCGGTATGCGTT-1-2,-0.13781677,8.060061,Supporting cells,24
CATTCCGTCCCTCTTT-1-2,-1.7899971,4.5489254,Supporting cells,24
CATTCCGTCGGCCCAA-1-2,-1.8690393,4.976379,Supporting cells,24
CATTCTAAGGATTTAG-1-2,0.06258575,1.5531213,Supporting cells,24
CATTCTACATCAGCTA-1-2,7.287058,9.096129,Glia/Schwann,24
CATTCTAGTCGAAGCA-1-2,-0.68607795,6.701951,Supporting cells,24
CATTCTAGTCTGTAAC-1-2,1.7631735,7.7650266,Supporting cells,24
CATTCTAGTTAGAGTA-1-2,6.797379,6.9557734,Glia/Schwann,24
CATTGAGCAACCTAAC-1-2,1.9668496,6.431158,Supporting cells,24
CATTGAGGTCTACATG-1-2,-5.973323,5.2546268,Fibrocytes,24
CATTGAGTCAGCACCG-1-2,3.4899771,5.9015827,Supporting cells,24
CATTGAGTCCGTACGG-1-2,3.6832242,9.761834,Supporting cells,24
CATTGAGTCTGAGATC-1-2,6.5176997,6.566447,Glia/Schwann,24
CATTGCCAGACGAAGA-1-2,-6.1864076,4.643553,Fibrocytes,24
CATTGCCAGATGCTTC-1-2,7.7055416,5.4639335,Supporting cells,24
CATTGCCGTAGACGGT-1-2,0.58553654,3.589389,Supporting cells,24
CATTGCCGTCTCTCAC-1-2,5.230664,2.5587814,Supporting cells,24
CATTGTTCATCATCTT-1-2,-0.8410013,4.0585814,Supporting cells,24
CATTGTTCATTGACCA-1-2,5.0257063,6.308841,Supporting cells,24
CATTGTTTCACCATGA-1-2,5.8936563,4.445011,Supporting cells,24
CATTGTTTCTCGCGTT-1-2,-0.5316366,0.18738723,Supporting cells,24
CATTTCAGTTGGATCT-1-2,-0.99423057,3.3240137,Supporting cells,24
CATTTCATCACGAGGA-1-2,0.7829063,1.035835,Supporting cells,24
CCAAGCGAGGGTGAAA-1-2,-3.174187,6.487111,Supporting cells,24
CCAAGCGTCACTCCGT-1-2,4.7872114,6.659284,Supporting cells,24
CCAAGCGTCAGCCTCT-1-2,-1.8017583,3.7887647,Supporting cells,24
CCAAGCGTCCCTATTA-1-2,0.59661674,2.0973392,Supporting cells,24
CCAATGAAGGCCTTGC-1-2,3.8183315,6.285879,Supporting cells,24
CCAATGAAGGGCTTCC-1-2,3.16724,4.66837,Supporting cells,24
CCAATGAAGTAACCGG-1-2,4.5921555,4.970809,Supporting cells,24
CCAATGACAATAGAGT-1-2,5.5420694,6.992736,Supporting cells,24
CCAATGACATCCGTTC-1-2,0.34902135,8.252511,Supporting cells,24
CCAATGAGTATACCTG-1-2,-1.09573,2.8119946,Supporting cells,24
CCAATGATCCAGCTCT-1-2,-3.594736,7.076896,Supporting cells,24
CCAATGATCGTCGATA-1-2,5.8881607,1.6349626,Inner hair cells,24
CCAATTTAGGGACACT-1-2,-0.34788167,4.103569,Supporting cells,24
CCACAAAAGTCGCTAT-1-2,-6.095811,5.090825,Fibrocytes,24
CCACACTCAATTCTTC-1-2,0.5036014,2.9186103,Supporting cells,24
CCACACTTCCTCAGGG-1-2,7.6068172,3.442399,Supporting cells,24
CCACACTTCTCTGGTC-1-2,7.9229016,4.945884,Supporting cells,24
CCACACTTCTTTGCTA-1-2,7.7954774,8.53854,Glia/Schwann,24
CCACCATAGGAATCGC-1-2,5.9869366,6.434173,Glia/Schwann,24
CCACCATAGGGAGGTG-1-2,3.3603654,7.342968,Fibrocytes,24
CCACCATGTATTCCGA-1-2,8.692222,4.8478847,Supporting cells,24
CCACCATTCCACATAG-1-2,7.3012404,9.301273,Glia/Schwann,24
CCACGAGAGAGGCGGA-1-2,3.5782385,6.176302,Supporting cells,24
CCACGAGCACCTCTGT-1-2,4.104436,5.4965553,Supporting cells,24
CCACGTTTCCTTCTAA-1-2,-1.4570425,0.85892403,Supporting cells,24
CCACTTGAGATCCGAG-1-2,8.461053,8.632222,Glia/Schwann,24
CCACTTGAGATGCTGG-1-2,-0.11526603,2.9053462,Supporting cells,24
CCACTTGCAGCGATTT-1-2,4.7649517,6.8051414,Supporting cells,24
CCACTTGCAGCTGCCA-1-2,-5.417938,5.026333,Fibrocytes,24
CCACTTGCAGTGCGCT-1-2,-2.5781884,3.954174,Supporting cells,24
CCATAAGAGGTAAGTT-1-2,-5.4682226,4.616952,Fibrocytes,24
CCATAAGCAGGAACCA-1-2,5.341354,12.4703665,Supporting cells,24
CCATAAGCATGTGCTA-1-2,0.29318893,3.6398478,Supporting cells,24
CCATAAGTCAACTGGT-1-2,-0.4760364,3.4129686,Supporting cells,24
CCATCACTCAGCCTTC-1-2,1.5523564,1.1734045,Supporting cells,24
CCCAACTAGTAGTCCT-1-2,2.1638358,7.5615673,Supporting cells,24
CCCAACTCAGCGTTTA-1-2,1.9227216,6.5906897,Supporting cells,24
CCCAACTCATGCTGCG-1-2,-2.898863,2.73375,Supporting cells,24
CCCATTGAGTAGACCG-1-2,6.417284,7.0502496,Glia/Schwann,24
CCCGAAGCAGAGTGTG-1-2,-4.0027666,5.2453403,Fibrocytes,24
CCCGAAGGTGATAGAT-1-2,1.7365773,4.3331027,Supporting cells,24
CCCGAAGGTTTGTTCT-1-2,-5.7114387,4.8354993,Fibrocytes,24
CCCGAAGTCTTTGCTA-1-2,1.998081,3.9771247,Fibrocytes,24
CCCGGAAAGGTTGAGC-1-2,-1.7450229,5.6138577,Supporting cells,24
CCCGGAACAAAGAACT-1-2,-2.3149133,4.6166444,Supporting cells,24
CCCGGAACAGAAACCG-1-2,-0.22433816,3.9672549,Supporting cells,24
CCCTAACCAACGGTAG-1-2,8.067416,9.06054,Glia/Schwann,24
CCCTAACCAAGGTCGA-1-2,-0.8308626,6.1629906,Supporting cells,24
CCCTAACGTAGCCCTG-1-2,3.7059214,8.763093,Supporting cells,24
CCCTAACGTCGTCAGC-1-2,1.1773784,3.546356,Supporting cells,24
CCCTAACTCTTGGCTC-1-2,-2.0125818,2.3269413,Supporting cells,24
CCCTCAAAGAATCGTA-1-2,6.4643264,9.196862,Glia/Schwann,24
CCCTCAACACAAATCC-1-2,0.0050894455,2.686435,Supporting cells,24
CCCTCAACACGTTGGC-1-2,9.642861,8.752635,Glia/Schwann,24
CCCTCAAGTATCGTGT-1-2,6.246265,3.7266877,Glia/Schwann,24
CCCTCAAGTCAGCTTA-1-2,-5.2140036,4.6602135,Fibrocytes,24
CCCTCTCAGCCTCACG-1-2,-1.688293,5.527559,Supporting cells,24
CCCTCTCGTGTATTCG-1-2,5.78143,10.7161255,Supporting cells,24
CCCTCTCGTTGCTCCT-1-2,7.6163597,3.5540957,Supporting cells,24
CCCTGATAGCAAGGAA-1-2,-0.5078317,3.7114763,Supporting cells,24
CCCTGATAGCATCAAA-1-2,7.60757,8.973314,Glia/Schwann,24
CCCTGATTCATGCAGT-1-2,9.395402,9.090864,Glia/Schwann,24
CCCTTAGAGAGGGCGA-1-2,4.1650214,7.2670197,Fibrocytes,24
CCCTTAGGTATGGAAT-1-2,8.169361,9.05906,Glia/Schwann,24
CCCTTAGTCCATTTCA-1-2,-4.0891895,5.599127,Fibrocytes,24
CCGAACGAGCTAAATG-1-2,-2.7454941,6.52268,Supporting cells,24
CCGAACGAGTCATGAA-1-2,1.3748182,4.627582,Supporting cells,24
CCGAACGCACAGCCAC-1-2,-0.17347257,8.681897,Supporting cells,24
CCGAACGCACCCAACG-1-2,1.2360443,6.6819663,Supporting cells,24
CCGAACGCAGGGAGAG-1-2,9.744915,8.707792,Glia/Schwann,24
CCGATCTCAGCGACCT-1-2,5.000879,4.994258,Supporting cells,24
CCGATCTCAGCGTAGA-1-2,5.71019,6.98779,Glia/Schwann,24
CCGATCTCAGCTAACT-1-2,8.2008915,9.105216,Glia/Schwann,24
CCGATCTGTGACCGTC-1-2,-1.968586,5.165982,Supporting cells,24
CCGATCTTCGATTTCT-1-2,-2.194647,1.5199577,Supporting cells,24
CCGATGGAGAAGGATG-1-2,3.1554754,3.1098824,Fibrocytes,24
CCGATGGTCGTTCCTG-1-2,-1.2382627,2.9042237,Supporting cells,24
CCGCAAGCAAATCGTC-1-2,4.4097896,9.548358,Supporting cells,24
CCGCAAGTCGCGCTGA-1-2,2.415522,9.357333,Supporting cells,24
CCGGACAAGCATTTCG-1-2,1.4139082,5.4166746,Supporting cells,24
CCGGACAAGCTAAACA-1-2,-3.1873724,10.573919,Macrophages/Microglia,24
CCGGGTAAGAGGTATT-1-2,4.8599114,8.900311,Supporting cells,24
CCGGGTAAGCACTCTA-1-2,-0.7126931,3.3429284,Supporting cells,24
CCGGGTAAGTATGATG-1-2,2.928149,7.966277,Supporting cells,24
CCGGGTAAGTTCCGGC-1-2,-3.2438455,10.953886,Macrophages/Microglia,24
CCGGGTACAGGCAATG-1-2,2.2264154,7.838469,Supporting cells,24
CCGGGTATCTGGTGGC-1-2,6.884326,6.0850563,Supporting cells,24
CCGGTAGCAGAACCGA-1-2,-1.8862658,3.2452052,Supporting cells,24
CCGGTAGTCCAGCAAT-1-2,7.734006,5.39007,Supporting cells,24
CCGGTGATCCGTGACG-1-2,0.39403102,7.6521792,Supporting cells,24
CCGTAGGCAGGCACAA-1-2,1.4975027,5.4135904,Fibrocytes,24
CCGTAGGGTAGCTTTG-1-2,0.43660954,12.297161,Fibrocytes,24
CCGTAGGGTCGTGCCA-1-2,3.6758852,5.216863,Supporting cells,24
CCGTAGGTCCTCTAGC-1-2,0.5746002,3.6993132,Supporting cells,24
CCGTGAGCAGACATCT-1-2,0.48390833,6.051458,Supporting cells,24
CCGTGAGCATAGAATG-1-2,-1.3279206,2.9493034,Supporting cells,24
CCGTGAGGTCCATACA-1-2,7.5788426,5.867402,Supporting cells,24
CCGTGAGTCTCAGGCG-1-2,5.5941367,5.5379496,Supporting cells,24
CCGTTCAAGATACTGA-1-2,-0.47750485,4.594014,Supporting cells,24
CCGTTCAAGGACAACC-1-2,-1.2933656,5.9136825,Supporting cells,24
CCGTTCACATCACCAA-1-2,5.0746756,6.522593,Supporting cells,24
CCGTTCAGTGGAATGC-1-2,0.42869142,13.872797,Fibrocytes,24
CCGTTCAGTTGGCCTG-1-2,3.3257782,6.389587,Supporting cells,24
CCGTTCATCGAGGCAA-1-2,0.9960438,3.5083535,Supporting cells,24
CCGTTCATCGTAACAC-1-2,6.4836774,9.103322,Glia/Schwann,24
CCGTTCATCTACTCAT-1-2,0.2514382,6.7371984,Supporting cells,24
CCGTTCATCTTCGTGC-1-2,5.489248,10.313271,Supporting cells,24
CCTAACCCATGGCTAT-1-2,5.754542,7.49016,Supporting cells,24
CCTAACCTCTACCTTA-1-2,-1.6609175,3.2399154,Supporting cells,24
CCTAAGACACCTGCAG-1-2,-5.714892,4.8836637,Fibrocytes,24
CCTAAGACAGGTACGA-1-2,-5.6859937,4.799069,Fibrocytes,24
CCTACGTAGAGCATCG-1-2,0.7251286,10.944458,Fibrocytes,24
CCTACGTAGGAACTAT-1-2,-1.3848633,3.7404773,Supporting cells,24
CCTACGTCAACTGGTT-1-2,-0.9559117,6.2918625,Supporting cells,24
CCTACGTGTAATGTGA-1-2,4.9498825,12.213149,Supporting cells,24
CCTACGTTCCGTTGAA-1-2,-1.6529694,4.9554887,Supporting cells,24
CCTACGTTCGAGGCAA-1-2,-2.5580287,1.0656888,Supporting cells,24
CCTACGTTCTTCCAGC-1-2,0.62644696,13.398134,Fibrocytes,24
CCTATCGCACCAGCTG-1-2,-0.5867117,1.6421041,Supporting cells,24
CCTATCGCATTAAGCC-1-2,6.106611,6.6199346,Glia/Schwann,24
CCTATCGGTAAGTCAA-1-2,-5.023748,4.785769,Fibrocytes,24
CCTATCGGTATGTCAC-1-2,-0.22171989,8.104463,Supporting cells,24
CCTATCGGTTCTGAGT-1-2,5.186419,6.0636272,Supporting cells,24
CCTCAACAGCTGAAAT-1-2,1.1572932,3.3322856,Supporting cells,24
CCTCAACGTTGTTGAC-1-2,-2.3440185,2.7696707,Supporting cells,24
CCTCACACAACCGTGC-1-2,5.558891,5.1274247,Supporting cells,24
CCTCACACATAATCGC-1-2,4.679872,5.3412085,Supporting cells,24
CCTCACAGTGAGGCAT-1-2,1.1691644,12.165855,Fibrocytes,24
CCTCACATCACGGACC-1-2,0.72411233,9.510102,Supporting cells,24
CCTCACATCCCAGGCA-1-2,10.593872,2.7672756,Spiral ganglion neurons,24
CCTCATGTCATTCCTA-1-2,12.195532,3.5534947,Spiral ganglion neurons,24
CCTCATGTCCAGTGTA-1-2,0.035484593,1.2203958,Supporting cells,24
CCTCCAAAGACGAGCT-1-2,4.804334,4.139893,Supporting cells,24
CCTCCAAAGTCATGAA-1-2,0.074874505,5.3985267,Supporting cells,24
CCTCCAACACGGCTAC-1-2,-0.1773953,2.230401,Supporting cells,24
CCTCCTCGTAGAGACC-1-2,-0.8043622,4.9375677,Supporting cells,24
CCTCCTCGTGTTACAC-1-2,8.970446,5.0624695,Supporting cells,24
CCTCCTCTCCGATCGG-1-2,-4.075259,5.8934064,Supporting cells,24
CCTCTAGAGAGGTTAT-1-2,6.494897,5.3275733,Supporting cells,24
CCTCTAGCAATACCTG-1-2,3.5989792,0.9293479,Glia/Schwann,24
CCTCTAGCACACCAGC-1-2,-0.8850351,9.381095,Inner hair cells,24
CCTCTAGCACATGAAA-1-2,-3.6634681,7.483911,Supporting cells,24
CCTCTCCGTGGATTTC-1-2,-5.680984,5.592033,Fibrocytes,24
CCTCTCCTCAAGAAAC-1-2,3.596064,2.6511164,Supporting cells,24
CCTGCATAGTTAACGA-1-2,2.6189277,4.5841393,Supporting cells,24
CCTGCATTCCGCAACG-1-2,0.07948401,3.9363387,Supporting cells,24
CCTGTTGAGGAGGCAG-1-2,-2.4405327,0.40168086,Supporting cells,24
CCTGTTGAGGTAAACT-1-2,2.5668888,4.0028667,Fibrocytes,24
CCTGTTGTCAGGAAAT-1-2,-3.5320115,5.336713,Supporting cells,24
CCTGTTGTCTAGCATG-1-2,-1.4411691,3.6888645,Supporting cells,24
CCTTCAGAGAGCCGTA-1-2,-2.570676,1.646597,Supporting cells,24
CCTTCAGCAGCCGTCA-1-2,0.6013239,10.544084,Supporting cells,24
CCTTCAGGTGCTATTG-1-2,-1.4677439,4.6301064,Supporting cells,24
CCTTCAGGTTGTCATG-1-2,-0.14905798,1.5438706,Supporting cells,24
CCTTCAGTCAGACCTA-1-2,2.4031472,3.8682954,Fibrocytes,24
CCTTCAGTCGGACCAC-1-2,5.0554123,6.12825,Supporting cells,24
CCTTGTGAGATGTAGT-1-2,-0.88205254,3.1158743,Supporting cells,24
CCTTGTGAGGTGGTTG-1-2,-3.3164883,2.7921033,Supporting cells,24
CCTTGTGTCGTCGCTT-1-2,-2.3766627,3.6765647,Supporting cells,24
CCTTTGGAGCAATAGT-1-2,0.057426374,2.671629,Supporting cells,24
CCTTTGGTCAAAGACA-1-2,4.495108,5.167458,Supporting cells,24
CCTTTGGTCCTGGGAC-1-2,0.8292042,2.616504,Supporting cells,24
CCTTTGGTCTGCCCTA-1-2,0.9215171,10.547207,Fibrocytes,24
CGAAGGAAGGAAAGAC-1-2,-0.59186256,2.1761763,Supporting cells,24
CGAAGGAAGTTAACGA-1-2,7.4472246,9.438963,Glia/Schwann,24
CGAAGGATCACCTACC-1-2,7.6420856,9.032062,Glia/Schwann,24
CGAAGTTAGCCTAGGA-1-2,0.75833124,11.996509,Fibrocytes,24
CGAAGTTAGGAGCTGT-1-2,1.4323579,1.4859588,Supporting cells,24
CGAAGTTCAAATCAGA-1-2,0.71643007,2.8394542,Supporting cells,24
CGAATTGAGATGGTCG-1-2,-5.9381437,4.608063,Fibrocytes,24
CGAATTGTCGCTTGCT-1-2,5.6382236,6.7427154,Glia/Schwann,24
CGACAGCAGTGAGCCA-1-2,8.291789,9.109922,Glia/Schwann,24
CGACAGCCATACAGAA-1-2,0.76871574,2.1110046,Supporting cells,24
CGAGAAGCACAGTGTT-1-2,-3.5875952,5.335218,Supporting cells,24
CGAGAAGCAGAGTTCT-1-2,-1.6328679,1.3594229,Supporting cells,24
CGAGAAGTCACTCGAA-1-2,-1.1962883,5.2607236,Supporting cells,24
CGAGAAGTCCTACACC-1-2,3.2273855,10.060487,Supporting cells,24
CGAGGAAAGCATCAAA-1-2,-0.61830527,2.8302138,Supporting cells,24
CGAGGAAAGGCCATAG-1-2,0.6903216,2.8478842,Supporting cells,24
CGAGGAACACCTATCC-1-2,5.6735153,6.8415346,Supporting cells,24
CGAGGAACATCGGATT-1-2,3.1185277,2.1909041,Supporting cells,24
CGAGGCTAGGAGTCTG-1-2,3.0293481,4.6298094,Supporting cells,24
CGAGGCTAGGCTGTAG-1-2,10.791172,3.1483998,Spiral ganglion neurons,24
CGAGGCTAGTATGGCG-1-2,1.3114111,11.860324,Fibrocytes,24
CGAGGCTTCGCGTTTC-1-2,3.4219356,11.119575,Supporting cells,24
CGAGTGCGTAGCGCTC-1-2,-0.032321833,8.135888,Supporting cells,24
CGAGTGCGTCGCTGCA-1-2,-2.0364184,5.8907127,Supporting cells,24
CGAGTTACATCCTGTC-1-2,0.8746008,7.2864494,Supporting cells,24
CGAGTTATCTCTCTTC-1-2,-5.9237447,5.386372,Fibrocytes,24
CGATCGGTCAACCGAT-1-2,9.736226,8.470214,Glia/Schwann,24
CGATCGGTCATCTGTT-1-2,9.277444,8.891513,Glia/Schwann,24
CGATCGGTCCTGCCAT-1-2,-0.7388165,3.0607007,Supporting cells,24
CGATCGGTCCTTCACG-1-2,-5.2610564,4.3364854,Fibrocytes,24
CGATGCGCACGTAACT-1-2,8.272658,9.292061,Glia/Schwann,24
CGATGCGGTCATGACT-1-2,-1.598008,4.6302357,Supporting cells,24
CGATGCGGTCTGCGCA-1-2,-1.5426474,4.6444683,Supporting cells,24
CGATGGCAGAAACTAC-1-2,1.6551174,6.919033,Supporting cells,24
CGATGGCAGGATCATA-1-2,-4.521559,4.5235257,Fibrocytes,24
CGATGGCCAGGTGTGA-1-2,-1.2833347,2.4995277,Supporting cells,24
CGATGGCTCAGATGCT-1-2,3.270605,9.405799,Supporting cells,24
CGATGGCTCTGCGGAC-1-2,-6.8265595,5.532722,Fibrocytes,24
CGCAGGTGTGGCTGCT-1-2,8.389066,8.753443,Glia/Schwann,24
CGCATAACAGCTGGTC-1-2,-2.8000712,3.1665833,Supporting cells,24
CGCATAACATTAGGCT-1-2,4.710806,5.278082,Supporting cells,24
CGCATAAGTCTCAAGT-1-2,3.3831565,5.719311,Supporting cells,24
CGCATAAGTGCACATT-1-2,7.8869386,4.979214,Supporting cells,24
CGCATGGTCCCTAGGG-1-2,1.8388114,9.882094,Supporting cells,24
CGCCAGAAGAACTCCT-1-2,1.0971311,7.49576,Supporting cells,24
CGCCAGAAGAATCGAT-1-2,-1.2422029,2.3076298,Supporting cells,24
CGCCAGAAGTTGCCCG-1-2,3.2184107,5.145301,Supporting cells,24
CGCCAGACATCCGATA-1-2,-0.73046607,4.953905,Supporting cells,24
CGCCAGATCATCAGTG-1-2,0.70471555,0.9343328,Supporting cells,24
CGCCATTCAGCGAGTA-1-2,4.7152863,7.1884484,Supporting cells,24
CGCCATTGTAAGATCA-1-2,0.130211,1.9505646,Supporting cells,24
CGCCATTGTAGTCTGT-1-2,-0.40647352,9.408822,Supporting cells,24
CGCGTGAAGAGCCCAA-1-2,2.8542953,5.018633,Supporting cells,24
CGCGTGAGTGCCAAGA-1-2,6.7274766,7.2250094,Glia/Schwann,24
CGGAACCTCACTTATC-1-2,-0.6477476,4.25924,Supporting cells,24
CGGAACCTCCACTGGG-1-2,-0.81726557,6.155262,Supporting cells,24
CGGAACCTCGAGCTGC-1-2,0.041241195,3.413973,Supporting cells,24
CGGAATTCAAAGGGTC-1-2,-4.273512,5.046656,Fibrocytes,24
CGGAATTCAACACGAG-1-2,0.48167184,6.432262,Supporting cells,24
CGGAATTCAACCAGAG-1-2,2.4309905,5.3273067,Supporting cells,24
CGGAATTCAATATCCG-1-2,-0.0765741,2.6042645,Supporting cells,24
CGGAATTCACAACGCC-1-2,4.842696,6.163564,Supporting cells,24
CGGAATTCACTGGAAG-1-2,5.604642,6.037783,Supporting cells,24
CGGAATTGTACTCGAT-1-2,4.1175313,5.4913588,Supporting cells,24
CGGAATTGTCTCTCTG-1-2,-5.8799253,5.1669903,Fibrocytes,24
CGGAATTGTTCCCAAA-1-2,-1.8316549,3.5315526,Supporting cells,24
CGGAATTTCCATACAG-1-2,-0.59465474,4.985271,Supporting cells,24
CGGACACCAATTCTTC-1-2,5.2127724,12.432282,Supporting cells,24
CGGACACCACTGGACC-1-2,-2.1515646,3.5023036,Supporting cells,24
CGGACACGTAGCTCGC-1-2,-0.45722538,5.102169,Supporting cells,24
CGGACACGTGGCGCTT-1-2,3.0920935,6.5639563,Fibrocytes,24
CGGACACTCAAACTGC-1-2,0.6679172,13.554317,Fibrocytes,24
CGGACACTCTGATGGT-1-2,-2.5472307,1.8375261,Supporting cells,24
CGGAGAAAGAGGTTTA-1-2,-4.8041983,4.4668446,Fibrocytes,24
CGGAGAACAAGGTCTT-1-2,5.3767166,6.1565256,Supporting cells,24
CGGAGAAGTTCCGTTC-1-2,-0.75421727,2.503458,Supporting cells,24
CGGAGAATCGAGAATA-1-2,4.9326286,9.006983,Supporting cells,24
CGGCAGTAGGTAAAGG-1-2,5.3273854,9.685327,Supporting cells,24
CGGCAGTCAAGGGCAT-1-2,0.7281779,4.079243,Supporting cells,24
CGGCAGTCAGGTTCAT-1-2,-2.2781892,0.23351985,Supporting cells,24
CGGCAGTTCGCATTAG-1-2,2.282262,7.859603,Supporting cells,24
CGGGACTAGAAGTCAT-1-2,0.74963796,2.7566748,Supporting cells,24
CGGGACTAGGTGCCAA-1-2,4.5704565,4.29595,Supporting cells,24
CGGGACTGTAGTCGGA-1-2,-1.3074349,5.120202,Supporting cells,24
CGGGACTGTCATCCCT-1-2,0.9313696,8.167107,Supporting cells,24
CGGGACTTCATGGTAC-1-2,0.58196616,1.7428193,Supporting cells,24
CGGGCATGTCCAACGC-1-2,0.3409286,12.804731,Fibrocytes,24
CGGGCATGTTGGCTAT-1-2,10.273967,0.54611135,Outer hair cells,24
CGGGTCAAGTGGTTGG-1-2,-2.4771304,1.33352,Supporting cells,24
CGGGTCACAAATGCGG-1-2,5.3007126,6.6187086,Supporting cells,24
CGGGTCAGTTGGGATG-1-2,-3.2818034,5.4148655,Supporting cells,24
CGGGTGTCACACGGTC-1-2,3.0641158,7.8724,Supporting cells,24
CGGTCAGAGCTCATAC-1-2,0.10967155,2.8321486,Supporting cells,24
CGGTCAGAGTCACTCA-1-2,-0.7638843,5.9457793,Supporting cells,24
CGGTCAGCAGATCATC-1-2,1.3358285,12.669211,Fibrocytes,24
CGGTCAGCATCAGTGT-1-2,1.5038553,4.2902393,Supporting cells,24
CGGTCAGTCCTGTAAG-1-2,-1.2099086,2.4434571,Supporting cells,24
CGGTCAGTCGAGTACT-1-2,-6.8971343,5.061315,Fibrocytes,24
CGGTCAGTCGCTACAA-1-2,1.7359865,6.569174,Supporting cells,24
CGTAAGTAGGTCCCGT-1-2,-3.8789194,5.414674,Fibrocytes,24
CGTAAGTCAAGGCTTT-1-2,2.2795699,9.6535425,Supporting cells,24
CGTAAGTGTCCAACGC-1-2,7.3557143,7.6715517,Glia/Schwann,24
CGTAAGTTCACTGTTT-1-2,1.8873258,9.038716,Supporting cells,24
CGTAAGTTCATTCCTA-1-2,-0.6224647,-1.0375562,Supporting cells,24
CGTAAGTTCGATAACC-1-2,-1.3448908,5.335457,Supporting cells,24
CGTAAGTTCTAGATCG-1-2,8.026627,6.353582,Supporting cells,24
CGTAATGCAAGGTACG-1-2,0.74810785,1.6783445,Supporting cells,24
CGTAATGCATCGGTTA-1-2,5.2687335,5.752788,Supporting cells,24
CGTAATGGTAGTCGGA-1-2,6.3802724,7.750606,Glia/Schwann,24
CGTAATGGTCGTCAGC-1-2,-1.4994693,5.2023234,Supporting cells,24
CGTAATGTCGGCTATA-1-2,0.52360106,13.838602,Fibrocytes,24
CGTAGTAAGCTCCGAC-1-2,-4.790692,4.7975636,Fibrocytes,24
CGTAGTAAGGTGCCTC-1-2,-3.8187568,7.265581,Supporting cells,24
CGTAGTACATAAGCAA-1-2,-1.1923484,4.0918665,Supporting cells,24
CGTAGTAGTTCTCTAT-1-2,2.085334,3.0618293,Supporting cells,24
CGTAGTATCTGCGGAC-1-2,0.22269477,4.5743084,Supporting cells,24
CGTCAAATCGTCAACA-1-2,-2.0065072,3.4618561,Supporting cells,24
CGTCCATCAGCATTGT-1-2,-0.80197227,4.3472285,Supporting cells,24
CGTCCATGTTAAAGTG-1-2,-2.1998053,2.6787436,Supporting cells,24
CGTCCATTCCTCAGGG-1-2,0.116123535,5.020486,Supporting cells,24
CGTGAATCAATAGTGA-1-2,5.2156262,1.5071641,Supporting cells,24
CGTGATACAAACGAGC-1-2,-1.8307004,5.1494308,Supporting cells,24
CGTGATACAGACGGAT-1-2,4.9781127,7.296852,Supporting cells,24
CGTGCTTAGTCACGCC-1-2,5.4599376,7.537078,Glia/Schwann,24
CGTGCTTCACAAACGG-1-2,-1.5134509,2.5181756,Supporting cells,24
CGTGCTTGTACAATAG-1-2,-2.1612387,3.523166,Supporting cells,24
CGTGCTTTCGCTTACC-1-2,2.9647937,5.5180287,Supporting cells,24
CGTGTCTCAACTTCTT-1-2,-1.3962004,4.734457,Supporting cells,24
CGTGTCTCAGCCCACA-1-2,1.0772794,7.181731,Supporting cells,24
CGTGTCTCAGTTGAAA-1-2,3.7610166,0.10203876,Glia/Schwann,24
CGTTAGACAATGAGCG-1-2,-2.2256427,-2.1225367,Supporting cells,24
CGTTAGAGTCTTACTT-1-2,2.1679757,3.1527822,Supporting cells,24
CGTTAGATCTGTGCTC-1-2,0.7830413,3.6122842,Supporting cells,24
CGTTCTGAGTACAGCG-1-2,-0.51489836,1.4485636,Supporting cells,24
CGTTCTGCAACTCCCT-1-2,5.2863398,6.5593348,Supporting cells,24
CGTTCTGGTCGTTGCG-1-2,-0.5979378,3.494743,Supporting cells,24
CGTTCTGGTGTCCATA-1-2,-2.4958546,2.9534423,Supporting cells,24
CGTTCTGTCCGATCGG-1-2,1.2750517,4.881685,Supporting cells,24
CGTTGGGAGAATTTGG-1-2,-1.394221,4.622348,Supporting cells,24
CGTTGGGAGCGATGCA-1-2,0.963603,4.7360334,Supporting cells,24
CGTTGGGCAAGCACAG-1-2,7.184192,5.4188337,Supporting cells,24
CGTTGGGCAGAGCCCT-1-2,6.850376,8.962689,Glia/Schwann,24
CGTTGGGGTAGAGACC-1-2,-1.2008197,5.108377,Supporting cells,24
CTAACCCAGACTACCT-1-2,2.7924685,10.81125,Supporting cells,24
CTAACCCCAATTAGGA-1-2,1.7034464,7.494273,Supporting cells,24
CTAACCCTCGTCAACA-1-2,-1.4389457,6.528038,Supporting cells,24
CTAACCCTCTGAGGCC-1-2,-4.040944,5.490383,Supporting cells,24
CTAACTTCACTCACTC-1-2,-1.6529646,5.2451158,Supporting cells,24
CTAAGTGCAAGTGCTT-1-2,8.138585,4.0718718,Supporting cells,24
CTAAGTGCACCAATTG-1-2,7.6783,9.375105,Glia/Schwann,24
CTAAGTGTCTATCCAT-1-2,-6.1174707,5.2443542,Fibrocytes,24
CTACAGACAGCCTATA-1-2,4.2112355,10.239211,Supporting cells,24
CTACAGATCTCGGTAA-1-2,4.8665814,2.6016688,Supporting cells,24
CTACATTAGGCTTAGG-1-2,-3.56872,7.3749847,Supporting cells,24
CTACATTAGTCGTTAC-1-2,-2.0109599,4.895136,Supporting cells,24
CTACATTCACTTCTCG-1-2,-3.4969778,6.36459,Supporting cells,24
CTACATTGTCTTGCTC-1-2,-1.5466614,-0.16147625,Supporting cells,24
CTACCCAAGGAAAGTG-1-2,-1.3098111,-0.16474879,Supporting cells,24
CTACCCACAACTACGT-1-2,4.842085,9.844707,Supporting cells,24
CTACCCACAATTCGTG-1-2,5.8707952,5.4232025,Supporting cells,24
CTACCCAGTAGAGCTG-1-2,-1.9727734,4.6225452,Supporting cells,24
CTACGGGTCCGTTTCG-1-2,4.743296,5.6302447,Supporting cells,24
CTACTATAGCGGTAGT-1-2,5.496702,12.360342,Supporting cells,24
CTACTATAGGCATCAG-1-2,4.5141172,9.268764,Supporting cells,24
CTACTATCAGCAGATG-1-2,6.2151093,4.5714607,Glia/Schwann,24
CTAGACACAGGCCCTA-1-2,4.450555,12.0054035,Supporting cells,24
CTAGACACAGGTGTTT-1-2,-5.333,5.0357757,Fibrocytes,24
CTAGGTAAGTCACAGG-1-2,-2.558611,2.4710715,Supporting cells,24
CTAGGTAGTGTCTTGA-1-2,2.994734,6.6982703,Fibrocytes,24
CTAGGTAGTTCTCTCG-1-2,4.192953,2.342047,Supporting cells,24
CTAGGTAGTTGGCCTG-1-2,0.4035157,4.4104586,Supporting cells,24
CTAGGTATCGCGAAGA-1-2,4.6734223,4.3395557,Supporting cells,24
CTAGGTATCTCCACTG-1-2,0.847138,2.2484086,Supporting cells,24
CTATCCGAGAGTCTGG-1-2,-1.6131822,5.6914115,Supporting cells,24
CTATCCGCATTGCCGG-1-2,1.6383924,7.281475,Supporting cells,24
CTATCCGGTCGGCCTA-1-2,5.560532,6.845279,Supporting cells,24
CTATCTAAGCTCCATA-1-2,-0.64810556,9.481673,Supporting cells,24
CTCAACCCAGAGGTAC-1-2,-0.8985564,4.6705284,Supporting cells,24
CTCAACCGTCACTAGT-1-2,-0.4301914,1.1705503,Supporting cells,24
CTCAACCGTTGGGATG-1-2,-3.6048849,5.4603324,Supporting cells,24
CTCAAGAAGCGATTCT-1-2,8.104575,6.8219104,Supporting cells,24
CTCAAGACAATTGAAG-1-2,2.9391208,9.994697,Supporting cells,24
CTCAATTCAGCGCGTT-1-2,6.4142747,2.7516186,Supporting cells,24
CTCAATTGTACCTGTA-1-2,-1.6068709,5.2635684,Supporting cells,24
CTCAATTTCAGTGGGA-1-2,1.2889029,2.5538542,Supporting cells,24
CTCAATTTCATAGGCT-1-2,5.7464786,3.136182,Supporting cells,24
CTCACTGCATACTTTC-1-2,-0.48828286,2.3865952,Supporting cells,24
CTCACTGGTAAGTTAG-1-2,-0.60677123,1.850148,Supporting cells,24
CTCAGAAAGCCAAGCA-1-2,4.7409286,6.5412292,Supporting cells,24
CTCAGAAAGCCTCAAT-1-2,9.481338,9.050321,Glia/Schwann,24
CTCAGAAGTACTTGTG-1-2,-3.116533,2.5909698,Supporting cells,24
CTCAGAAGTAGCGAGT-1-2,-4.3188405,4.758115,Fibrocytes,24
CTCAGAATCTCGTTTA-1-2,6.123229,9.573233,Supporting cells,24
CTCAGGGGTAGGACCA-1-2,4.641482,8.498891,Supporting cells,24
CTCAGGGGTGATTGGG-1-2,-0.82114625,5.414296,Supporting cells,24
CTCAGGGTCCTGTAGA-1-2,5.319067,7.5763173,Supporting cells,24
CTCAGTCCACTGAATC-1-2,3.4941363,8.881858,Supporting cells,24
CTCAGTCGTGCCGTAC-1-2,4.653075,2.0887074,Supporting cells,24
CTCAGTCTCATGAGAA-1-2,7.116082,3.7846172,Supporting cells,24
CTCAGTCTCTAGTACG-1-2,8.830308,6.8061423,Supporting cells,24
CTCATCGTCTCGCCTA-1-2,1.5233495,5.0842967,Supporting cells,24
CTCATGCAGGAGTACC-1-2,-3.9070685,6.585996,Supporting cells,24
CTCATGCAGTCATAGA-1-2,1.4528321,7.321374,Supporting cells,24
CTCATGCGTATAGGAT-1-2,6.0140967,4.322291,Supporting cells,24
CTCATTAGTGCATGAG-1-2,0.7551238,12.806475,Fibrocytes,24
CTCATTAGTGTTCATG-1-2,-5.3703,5.6443715,Fibrocytes,24
CTCCAACCAAATCGTC-1-2,-5.9861355,5.2151465,Fibrocytes,24
CTCCAACCAAGTCCAT-1-2,2.6592276,4.458086,Supporting cells,24
CTCCAACCAATCGCAT-1-2,-2.2481253,9.828051,Macrophages/Microglia,24
CTCCACAGTCTTCAAG-1-2,0.8155873,13.694974,Fibrocytes,24
CTCCACATCATACGAC-1-2,1.5919573,5.155712,Supporting cells,24
CTCCATGAGTCACTCA-1-2,-2.0859025,3.68575,Supporting cells,24
CTCCATGCAGATTCGT-1-2,-2.0757694,0.26447436,Supporting cells,24
CTCCATGCAGCGTAGA-1-2,8.022092,4.84119,Supporting cells,24
CTCCCAAAGTAGCAAT-1-2,-0.08252186,8.647303,Supporting cells,24
CTCCCAAAGTCGTCTA-1-2,-1.8875184,3.2845368,Supporting cells,24
CTCCCAATCGGCTCTT-1-2,8.563801,8.419539,Glia/Schwann,24
CTCCCAATCGTTACCC-1-2,7.8500805,8.219673,Glia/Schwann,24
CTCCCTCAGGTGCAGT-1-2,-1.9491018,4.66949,Supporting cells,24
CTCCCTCCAGTTTCGA-1-2,-5.697155,4.9501033,Fibrocytes,24
CTCCCTCTCGGAATGG-1-2,-1.70145,3.269345,Supporting cells,24
CTCCTCCAGAGCATTA-1-2,0.33683947,3.9097843,Supporting cells,24
CTCCTCCCACTGTTCC-1-2,-0.20532168,2.9998615,Supporting cells,24
CTCCTCCTCCAAATGC-1-2,-2.0115106,0.94581604,Supporting cells,24
CTCCTTTAGCATCGAG-1-2,3.4902725,0.38905975,Glia/Schwann,24
CTCCTTTCAAACACGG-1-2,2.009117,3.8315973,Fibrocytes,24
CTCCTTTGTGAATTGA-1-2,10.989804,3.176927,Spiral ganglion neurons,24
CTCGAGGAGATAGTGT-1-2,-1.4834445,-0.4209852,Supporting cells,24
CTCGAGGAGTCGAATA-1-2,-5.6348276,5.1124306,Fibrocytes,24
CTCGAGGCAAATTGCC-1-2,5.2702403,5.728728,Supporting cells,24
CTCGAGGCAGCTACTA-1-2,-1.2274085,-1.85056,Supporting cells,24
CTCGAGGCAGCTCATA-1-2,-0.4451402,5.282967,Supporting cells,24
CTCGAGGCATGACGGA-1-2,5.5537434,4.0778856,Supporting cells,24
CTCGAGGGTCCCAAAT-1-2,2.2476292,3.607278,Supporting cells,24
CTCTCAGGTGGTCTTA-1-2,3.9153807,4.8541436,Supporting cells,24
CTCTCGAAGCCACTCG-1-2,-2.3202653,6.2488394,Supporting cells,24
CTCTCGACAGTTCTAG-1-2,-1.060084,4.819075,Supporting cells,24
CTCTCGAGTTATTCTC-1-2,2.3602827,4.5937943,Fibrocytes,24
CTCTCGATCAGATTGC-1-2,4.9251957,3.922213,Supporting cells,24
CTCTGGTAGCAGGCTA-1-2,-1.5487902,4.756231,Supporting cells,24
CTCTGGTAGTTGTAAG-1-2,-1.990537,2.04438,Supporting cells,24
CTCTGGTCAACGACAG-1-2,3.9784296,4.5297146,Supporting cells,24
CTCTGGTTCGATTTCT-1-2,4.2084866,9.05002,Supporting cells,24
CTGAATGCAATCGCAT-1-2,2.8805547,5.3098845,Supporting cells,24
CTGAATGCATAGAATG-1-2,-0.8838127,1.9222207,Supporting cells,24
CTGAATGGTTACCGTA-1-2,3.9302313,10.176436,Supporting cells,24
CTGAGCGCAGTGGCTC-1-2,0.3825571,5.2322807,Supporting cells,24
CTGAGCGGTAGCTTTG-1-2,-5.997144,4.6695447,Fibrocytes,24
CTGAGCGGTCGGTAAG-1-2,-1.5547422,3.7691731,Supporting cells,24
CTGAGCGTCCCAAGTA-1-2,-1.4906052,4.8646755,Supporting cells,24
CTGAGGCGTCGCAACC-1-2,0.95450354,0.768699,Supporting cells,24
CTGAGGCGTGAATGTA-1-2,-0.6125755,5.267114,Supporting cells,24
CTGATCCAGCTAGAGC-1-2,-0.50569075,2.5554428,Supporting cells,24
CTGATCCGTATGGTTC-1-2,-0.09078788,4.5618315,Supporting cells,24
CTGATCCGTGTATTCG-1-2,6.47074,9.025271,Glia/Schwann,24
CTGATCCTCTACTGCC-1-2,-3.1597989,7.0024347,Supporting cells,24
CTGCAGGGTCTAACGT-1-2,0.15823269,4.7304177,Supporting cells,24
CTGCATCTCAGCATTG-1-2,4.667779,2.2147834,Supporting cells,24
CTGCCATGTACCGTCG-1-2,-7.3465285,4.808293,Fibrocytes,24
CTGCCTACAATGCAGG-1-2,6.7070775,8.903396,Glia/Schwann,24
CTGCCTAGTCCAATCA-1-2,-0.8803808,5.668731,Supporting cells,24
CTGCCTATCAGCTAGT-1-2,-0.49395528,6.124701,Supporting cells,24
CTGCCTATCGCCACTT-1-2,-1.6804589,5.1997538,Supporting cells,24
CTGCGAGAGTTAGTAG-1-2,-1.0169867,4.2436857,Supporting cells,24
CTGCGAGCAGGTAGTG-1-2,5.3055086,4.8045754,Supporting cells,24
CTGCGAGGTCGACGCT-1-2,-0.46565852,-0.868776,Supporting cells,24
CTGCGAGTCAGGGATG-1-2,-5.7710614,4.845146,Fibrocytes,24
CTGCTCAAGGCAGCTA-1-2,-4.8542075,5.7372007,Fibrocytes,24
CTGCTCACACGTCGTG-1-2,6.485196,7.504179,Glia/Schwann,24
CTGCTCACAGCTATTG-1-2,5.360885,9.82046,Supporting cells,24
CTGCTCACATAATGCC-1-2,-1.9677942,4.773429,Supporting cells,24
CTGCTCAGTCTCTCAC-1-2,9.351226,8.749158,Glia/Schwann,24
CTGCTCAGTTTCCAAG-1-2,-1.9929658,4.2058277,Supporting cells,24
CTGGACGCAAAGGATT-1-2,1.7855868,2.6470828,Supporting cells,24
CTGGACGCAGTCTCTC-1-2,-2.212542,4.1261935,Supporting cells,24
CTGGACGGTAGTCTTG-1-2,-2.6094668,3.3477547,Supporting cells,24
CTGGACGGTATTCCTT-1-2,1.51095,4.650283,Supporting cells,24
CTGGACGTCCGAAGGA-1-2,2.9369392,5.9988904,Fibrocytes,24
CTGGCAGCACATGGTT-1-2,1.3645731,2.1865408,Supporting cells,24
CTGGCAGTCAACTCTT-1-2,-4.755208,5.4184346,Fibrocytes,24
CTGGTCTCACTGAATC-1-2,1.9987427,3.1182551,Supporting cells,24
CTGGTCTGTATACAGA-1-2,1.9384146,3.5220628,Supporting cells,24
CTGGTCTTCGATAACC-1-2,-3.729949,7.5975003,Supporting cells,24
CTGTACCAGTTGCCCG-1-2,2.512408,3.9594178,Fibrocytes,24
CTGTAGACAGCGTTGC-1-2,7.5572376,8.971829,Glia/Schwann,24
CTGTAGACAGCTATAC-1-2,1.3193403,13.191497,Fibrocytes,24
CTGTAGAGTGAGGATC-1-2,4.47922,6.7784476,Supporting cells,24
CTGTATTAGGGATCAC-1-2,-2.0654552,2.61297,Supporting cells,24
CTGTATTAGTCAGGGT-1-2,-3.1608698,2.3727047,Fibrocytes,24
CTGTATTGTCTGCGCA-1-2,0.50211495,5.5427866,Supporting cells,24
CTGTATTGTCTTGTCC-1-2,-0.22280544,0.61893326,Supporting cells,24
CTGTATTTCGATGCAT-1-2,6.801151,8.814306,Glia/Schwann,24
CTGTCGTAGACCAGCA-1-2,2.5489366,4.8099327,Supporting cells,24
CTGTCGTAGTTCAACC-1-2,6.842446,5.7543607,Supporting cells,24
CTGTCGTGTAAGTTGA-1-2,6.2691474,-0.8260234,Inner hair cells,24
CTGTCGTGTCCCACGA-1-2,-2.5204575,1.294226,Supporting cells,24
CTGTGAACAGCAGTAG-1-2,5.4751015,-0.124700986,Inner hair cells,24
CTGTGAAGTAGGTGCA-1-2,7.2859073,7.690815,Glia/Schwann,24
CTGTGAAGTATGTCAC-1-2,2.2422585,5.965,Supporting cells,24
CTGTGGGAGCTTAAGA-1-2,-6.6116295,5.6424155,Fibrocytes,24
CTTACCGAGTTGTAGA-1-2,0.18449426,8.552306,Supporting cells,24
CTTACCGTCTGACCCT-1-2,8.88519,5.472346,Supporting cells,24
CTTAGGACAGGCACTC-1-2,-0.80853343,3.5456815,Supporting cells,24
CTTAGGAGTCGAAGCA-1-2,3.755756,11.3058,Supporting cells,24
CTTCAATCAAGCCCAC-1-2,-4.880473,4.9203305,Fibrocytes,24
CTTCAATCATATAGCC-1-2,5.0569096,6.775641,Supporting cells,24
CTTCAATCATCGCTCT-1-2,2.8183615,9.367113,Supporting cells,24
CTTCAATGTGTTCATG-1-2,-0.14727378,5.1712112,Supporting cells,24
CTTCCGAAGACTCAAA-1-2,-3.1975768,5.8452363,Supporting cells,24
CTTCCGAAGCTTCGTA-1-2,-0.6312286,6.0134683,Supporting cells,24
CTTCCGAGTAAGTCAA-1-2,0.62423545,3.4700038,Supporting cells,24
CTTCCGAGTACGGATG-1-2,-0.94646394,4.9756517,Supporting cells,24
CTTCCGATCTATGCCC-1-2,6.22471,7.5823317,Glia/Schwann,24
CTTCCTTCACGACGTC-1-2,-2.2710125,-0.158357,Supporting cells,24
CTTCCTTCACTGAGGA-1-2,-2.9250693,4.862179,Supporting cells,24
CTTCCTTCACTTCCTG-1-2,6.6439314,6.460789,Glia/Schwann,24
CTTCCTTTCCCTTGTG-1-2,1.1930642,10.771887,Fibrocytes,24
CTTCGGTCACTCGATA-1-2,6.6585565,0.14157496,Inner hair cells,24
CTTCGGTCAGCCTATA-1-2,-0.14722362,8.795926,Supporting cells,24
CTTCGGTGTTCAAAGA-1-2,0.37421975,2.9657288,Supporting cells,24
CTTCGGTGTTTAGAGA-1-2,0.4006835,3.3682559,Supporting cells,24
CTTCGGTTCCCTCTCC-1-2,-1.7930269,5.171655,Supporting cells,24
CTTCGGTTCTGCATAG-1-2,0.872949,13.925904,Fibrocytes,24
CTTCTAAAGATAGGGA-1-2,-2.7608805,3.9365623,Supporting cells,24
CTTCTAACAAGTGGTG-1-2,-4.913506,5.3065424,Fibrocytes,24
CTTCTAAGTGCGGCTT-1-2,1.0276854,3.605608,Supporting cells,24
CTTGAGACAACGGCCT-1-2,0.32002786,1.8725636,Supporting cells,24
CTTGAGAGTTACACTG-1-2,0.17624499,8.517876,Supporting cells,24
CTTGATTAGGTCGACA-1-2,-3.0544894,6.674954,Supporting cells,24
CTTGATTCATGTAACC-1-2,0.23823066,4.040966,Supporting cells,24
CTTGATTTCCGGACGT-1-2,-2.1258078,3.6883116,Supporting cells,24
CTTTCGGAGACCAAAT-1-2,-1.3582518,5.3358083,Supporting cells,24
CTTTCGGCATGCCGGT-1-2,3.2033143,7.8884907,Supporting cells,24
CTTTCGGGTGAATGTA-1-2,6.2566724,6.21606,Glia/Schwann,24
CTTTCGGGTGACCTGC-1-2,6.8982024,3.720865,Supporting cells,24
CTTTCGGGTGACTGAG-1-2,2.0995288,12.02839,Fibrocytes,24
CTTTCGGTCGATAACC-1-2,8.164591,8.981526,Glia/Schwann,24
GAAACCTAGAGTAACT-1-2,7.9252005,4.7131395,Supporting cells,24
GAAACCTAGTTGGGAC-1-2,-6.509625,5.1160994,Fibrocytes,24
GAAACCTCACTAGGTT-1-2,-1.0104226,3.7476854,Supporting cells,24
GAAACCTGTGATAGTA-1-2,0.34620568,1.154251,Supporting cells,24
GAAATGAAGTAGGCCA-1-2,-2.3992703,4.7792015,Supporting cells,24
GAAATGAAGTCATTGC-1-2,-0.5576469,2.225593,Supporting cells,24
GAAATGACAGCACACC-1-2,5.4623833,10.212631,Supporting cells,24
GAAATGATCATCACCC-1-2,4.352807,2.5426443,Supporting cells,24
GAACACTAGGATACGC-1-2,0.9033123,5.0402117,Supporting cells,24
GAACACTGTACCCACG-1-2,-5.195098,5.1884975,Fibrocytes,24
GAACGTTAGGTCCCTG-1-2,-2.352781,1.704237,Supporting cells,24
GAACGTTAGTGAGGTC-1-2,-1.9901079,4.2415605,Supporting cells,24
GAACGTTCACGTAACT-1-2,5.778555,10.820351,Supporting cells,24
GAACGTTCACGTTGGC-1-2,6.244054,-0.50118196,Inner hair cells,24
GAACGTTTCAAACCCA-1-2,-4.5480404,5.858005,Fibrocytes,24
GAACGTTTCCCTTTGG-1-2,-2.309827,3.3916352,Supporting cells,24
GAACGTTTCGATACGT-1-2,-1.5772536,5.8666477,Supporting cells,24
GAAGAATAGTCTGGTT-1-2,5.352946,3.1595256,Supporting cells,24
GAAGAATCAAGACCGA-1-2,7.885555,8.952798,Glia/Schwann,24
GAAGCCCCACTAGGCC-1-2,3.4195776,2.6202812,Supporting cells,24
GAAGCCCGTAATCAGA-1-2,2.2915862,5.72621,Supporting cells,24
GAAGCCCGTCAGACGA-1-2,4.91169,9.708904,Supporting cells,24
GAAGCCCGTTGGGACA-1-2,0.71575916,4.294296,Supporting cells,24
GAAGCGAGTCAAGGCA-1-2,0.010282602,5.079192,Supporting cells,24
GAAGCGAGTCGCGGTT-1-2,-3.5412405,7.3082128,Supporting cells,24
GAAGCGAGTCTTGTCC-1-2,3.4531856,11.663826,Supporting cells,24
GAAGCGAGTTGGCTAT-1-2,0.82769686,1.1275935,Supporting cells,24
GAAGGACGTTCGGTCG-1-2,0.11505833,4.506402,Supporting cells,24
GAAGGGTAGTGGTGGT-1-2,8.687051,4.815028,Supporting cells,24
GAAGGGTTCCCGGTAG-1-2,-0.5234686,2.378279,Supporting cells,24
GAAGGGTTCGCGTGAC-1-2,-0.5325178,3.6464705,Supporting cells,24
GAAGTAAAGCAAACAT-1-2,-4.62645,5.0447025,Fibrocytes,24
GAAGTAAAGTAATCCC-1-2,0.03328128,9.020376,Supporting cells,24
GAAGTAACAAAGGATT-1-2,4.0853806,10.796403,Supporting cells,24
GAAGTAACATGGGTCC-1-2,0.31314972,3.4138062,Supporting cells,24
GAAGTAAGTACTCGCG-1-2,0.5714219,5.8931527,Supporting cells,24
GAAGTAAGTCGCATGC-1-2,-1.2409245,5.056225,Supporting cells,24
GAAGTAATCAGCAATC-1-2,1.3538408,3.513874,Supporting cells,24
GAAGTAATCCACGTGG-1-2,0.8228599,7.2463126,Supporting cells,24
GAAGTAATCCCGAAAT-1-2,8.842491,9.057417,Glia/Schwann,24
GAATAGACACCCTGAG-1-2,1.246512,11.454093,Fibrocytes,24
GAATAGAGTCGTATGT-1-2,-0.42960003,2.4203513,Supporting cells,24
GAATAGATCCTTTGAT-1-2,5.638778,4.035992,Supporting cells,24
GAATCACCAGAAGTTA-1-2,-1.9834868,5.2876616,Supporting cells,24
GAATCACGTCTTCCGT-1-2,-5.45425,4.53988,Fibrocytes,24
GAATCACTCGGCCTTT-1-2,5.74379,3.197301,Supporting cells,24
GAATCGTAGCGCCCAT-1-2,-6.542311,4.387279,Fibrocytes,24
GAATCGTCAGTCAGCC-1-2,4.393695,5.780897,Supporting cells,24
GAATCGTGTGTCCAAT-1-2,-2.987164,6.543828,Supporting cells,24
GAATCGTGTTCGTGCG-1-2,0.8720584,12.977813,Fibrocytes,24
GAATCGTTCCAAGCTA-1-2,-2.8198328,2.1719198,Supporting cells,24
GAATCGTTCCACGGAC-1-2,-3.367212,11.150589,Macrophages/Microglia,24
GACACGCAGATACTGA-1-2,-0.95439273,1.4266915,Supporting cells,24
GACACGCAGGCTTCCG-1-2,-0.8629504,1.7344564,Supporting cells,24
GACACGCCAACGATTC-1-2,-0.94608194,4.0443697,Supporting cells,24
GACACGCTCCTACCGT-1-2,-3.0581796,6.8561563,Supporting cells,24
GACACGCTCGTTCAGA-1-2,4.6170316,7.60542,Supporting cells,24
GACAGCCGTTAGGGAC-1-2,-1.5460116,4.1456666,Supporting cells,24
GACAGCCTCAGCAGAG-1-2,1.3795974,3.2252057,Supporting cells,24
GACAGCCTCCCTCAAC-1-2,6.202561,-0.6966741,Inner hair cells,24
GACAGCCTCTCCGTGT-1-2,4.851405,3.3089077,Supporting cells,24
GACAGCCTCTTACTGT-1-2,1.1529098,7.9594336,Supporting cells,24
GACATCAAGAATCGCG-1-2,-1.5456396,5.4591393,Supporting cells,24
GACATCAAGTGAGTGC-1-2,9.026986,3.212733,Supporting cells,24
GACATCACACACTTAG-1-2,2.8435004,4.3226547,Supporting cells,24
GACATCACAGGTCAGA-1-2,-1.4395355,2.0134308,Supporting cells,24
GACATCATCACAGAGG-1-2,2.0416567,5.719573,Supporting cells,24
GACATCATCCTCACCA-1-2,8.317696,8.688574,Glia/Schwann,24
GACATCATCTGCATGA-1-2,-0.26968977,5.110025,Supporting cells,24
GACCCAGAGTGTGTTC-1-2,5.2742295,7.680838,Supporting cells,24
GACCCAGGTGCCTTTC-1-2,8.771118,6.3934407,Supporting cells,24
GACCCAGTCTGAGAAA-1-2,-1.5552821,3.9645667,Supporting cells,24
GACCCTTAGAGCAAGA-1-2,3.0072567,6.4327803,Supporting cells,24
GACCCTTAGATTAGAC-1-2,0.39135098,5.3995976,Supporting cells,24
GACCCTTGTGTGTGGA-1-2,-1.2069904,8.968073,Supporting cells,24
GACCGTGAGCCAAGCA-1-2,6.260524,-0.71964777,Inner hair cells,24
GACCGTGCATCGAAGG-1-2,0.23265949,1.8026186,Supporting cells,24
GACCGTGGTAGCGTTT-1-2,-1.8360565,6.889938,Supporting cells,24
GACCGTGTCGTGAGAG-1-2,-5.9602327,5.0533457,Fibrocytes,24
GACCTTCAGAGCGACT-1-2,6.0716777,1.2545357,Inner hair cells,24
GACCTTCTCATCCTGC-1-2,-4.7999935,4.1288586,Fibrocytes,24
GACCTTCTCCCTCTTT-1-2,-3.5356476,7.052688,Supporting cells,24
GACGCTGGTCCACATA-1-2,0.84016746,11.784646,Fibrocytes,24
GACGCTGGTGCTGTCG-1-2,0.42736828,3.6220636,Supporting cells,24
GACGCTGTCCGCAGTG-1-2,0.3635412,6.5041175,Supporting cells,24
GACGCTGTCCTACACC-1-2,-3.3303473,5.4870305,Supporting cells,24
GACGCTGTCTATTTCG-1-2,4.3825483,5.4612145,Supporting cells,24
GACGCTGTCTGCGGCA-1-2,5.2123322,11.983283,Supporting cells,24
GACGTTACATCGAAGG-1-2,-0.7821754,2.7951238,Supporting cells,24
GACTATGAGAACAGGA-1-2,-2.6468832,6.6040993,Fibrocytes,24
GACTATGAGGTTATAG-1-2,5.489257,12.3464775,Outer hair cells,24
GACTATGCACAAATAG-1-2,7.95444,1.5875112,Outer hair cells,24
GACTATGCAGCGATTT-1-2,5.511003,6.869012,Glia/Schwann,24
GACTATGGTGTCATTG-1-2,6.374645,6.3287764,Supporting cells,24
GACTCTCAGGCGATAC-1-2,-1.6812543,6.6796474,Supporting cells,24
GACTCTCCAAGCGATG-1-2,-1.3262247,4.1144185,Supporting cells,24
GACTCTCCACAAGTTC-1-2,-0.8353582,1.8032362,Supporting cells,24
GACTCTCTCCAGCAAT-1-2,3.8403172,9.569611,Supporting cells,24
GACTCTCTCTACAGGT-1-2,4.4277186,4.864564,Supporting cells,24
GACTCTCTCTATCCAT-1-2,9.32793,9.401114,Glia/Schwann,24
GACTGATCACTTACAG-1-2,1.8294027,6.198562,Supporting cells,24
GACTGATCAGCTGAGA-1-2,3.5029063,7.8823037,Supporting cells,24
GACTGATTCTCAAAGC-1-2,8.174648,9.148163,Glia/Schwann,24
GACTTCCGTACGAAAT-1-2,1.7227428,1.159209,Supporting cells,24
GACTTCCTCCTTCGAC-1-2,0.97553045,2.294452,Supporting cells,24
GAGAAATCATTGTACG-1-2,-2.3925824,11.232377,Macrophages/Microglia,24
GAGAAATTCATCGGGC-1-2,-1.6464012,5.089165,Supporting cells,24
GAGAAATTCGCGTTTC-1-2,-1.3623366,4.7683053,Supporting cells,24
GAGACCCAGCACCTGC-1-2,-2.1835673,4.3518386,Supporting cells,24
GAGACCCGTGGACAGT-1-2,6.0519533,6.4481983,Glia/Schwann,24
GAGACCCGTTGATGTC-1-2,0.16963233,2.7328413,Supporting cells,24
GAGACTTAGCCATCCG-1-2,2.4480867,4.036163,Fibrocytes,24
GAGACTTAGTAGGCCA-1-2,3.7649868,5.900857,Supporting cells,24
GAGACTTCATATCGGT-1-2,5.3210554,4.8786755,Supporting cells,24
GAGACTTCATTCTCTA-1-2,-2.8913362,4.029385,Supporting cells,24
GAGACTTTCATGAGAA-1-2,-2.318942,-2.129884,Supporting cells,24
GAGAGGTGTAGCGTCC-1-2,7.1137834,7.060537,Glia/Schwann,24
GAGAGGTGTCAAACGG-1-2,3.991936,5.984774,Fibrocytes,24
GAGAGGTGTGGGACAT-1-2,0.67087305,11.450417,Fibrocytes,24
GAGATGGAGATGACCG-1-2,0.5057857,13.777645,Fibrocytes,24
GAGATGGGTGCCCACA-1-2,0.41419637,12.2016535,Fibrocytes,24
GAGATGGTCTGCGGGT-1-2,0.43545216,6.1276364,Supporting cells,24
GAGCCTGCAGCGGATA-1-2,5.768284,1.3200065,Inner hair cells,24
GAGCCTGCAGTAGTGG-1-2,4.510387,6.9424877,Supporting cells,24
GAGCCTGTCATTTGGG-1-2,4.2284083,6.339623,Supporting cells,24
GAGGCAATCAGTGTGT-1-2,-1.5700694,5.3743286,Supporting cells,24
GAGGCCTGTGGTTCTA-1-2,-0.24745089,2.0043197,Supporting cells,24
GAGGCCTGTGTCCAAT-1-2,-0.7890334,-0.13384856,Supporting cells,24
GAGGCCTTCACTTGGA-1-2,8.474818,4.7081385,Supporting cells,24
GAGGCCTTCCAAACCA-1-2,6.3903418,4.053727,Supporting cells,24
GAGGCCTTCCGTGTAA-1-2,-1.2061812,3.5776336,Supporting cells,24
GAGGCCTTCTTCCCGA-1-2,4.5756607,2.412327,Supporting cells,24
GAGGGATAGCAAGTGC-1-2,2.3335478,13.503095,Fibrocytes,24
GAGGGATAGTCCTGTA-1-2,-0.8787637,1.7909895,Supporting cells,24
GAGGGATAGTGATAAC-1-2,-1.2701837,1.3128037,Supporting cells,24
GAGGGATCAGACAAGC-1-2,0.40963095,3.795716,Supporting cells,24
GAGGGATGTCTCGGGT-1-2,-3.1322484,3.3418455,Supporting cells,24
GAGGGATGTTCCTTGC-1-2,7.7768564,9.2099905,Glia/Schwann,24
GAGGGATTCGATGCAT-1-2,4.1836824,5.4812775,Supporting cells,24
GAGGGATTCTGGACTA-1-2,-1.3861977,3.1823018,Supporting cells,24
GAGGGTAAGTCACTAC-1-2,1.6086947,5.498273,Supporting cells,24
GAGGGTACACAATGAA-1-2,3.0175693,5.8372154,Fibrocytes,24
GAGGGTAGTTGTGCCG-1-2,1.6989511,8.269367,Supporting cells,24
GAGGGTATCGAAGCAG-1-2,-1.476384,3.7539065,Supporting cells,24
GAGGGTATCGATACTG-1-2,5.297622,3.609859,Supporting cells,24
GAGTCATAGTCACTAC-1-2,4.296604,5.75369,Supporting cells,24
GAGTCTAAGCCAGTAG-1-2,-1.2326779,6.0089297,Supporting cells,24
GAGTGAGAGAGCATTA-1-2,7.8756113,4.7920246,Supporting cells,24
GAGTGAGCAGACACCC-1-2,4.5706763,8.539084,Supporting cells,24
GAGTGAGCAGCGTAGA-1-2,2.5806234,10.162407,Supporting cells,24
GAGTGAGGTAACCCTA-1-2,0.15799011,3.9420788,Supporting cells,24
GAGTGAGGTCCATCTC-1-2,-2.6549776,5.5847707,Supporting cells,24
GAGTGAGTCCGATGCG-1-2,-0.36748558,4.2163453,Supporting cells,24
GAGTTACAGCCTAGGA-1-2,-1.3686614,5.150603,Supporting cells,24
GAGTTACGTCGATTCA-1-2,-4.337016,5.0679994,Fibrocytes,24
GAGTTACTCAAGTGTC-1-2,-0.6380105,5.5518394,Supporting cells,24
GAGTTACTCGGTCGAC-1-2,-0.24107277,4.735079,Supporting cells,24
GAGTTGTAGAGCTGCA-1-2,2.6622984,4.2545934,Fibrocytes,24
GAGTTGTCACTTCTCG-1-2,-2.9325938,6.5162234,Supporting cells,24
GAGTTTGCAAGAGTAT-1-2,4.5064025,9.29249,Supporting cells,24
GAGTTTGCAGGAATCG-1-2,7.201063,8.460769,Glia/Schwann,24
GAGTTTGGTCGCTTGG-1-2,0.029416414,5.19546,Supporting cells,24
GATAGAAAGCCTGTCG-1-2,2.0486295,11.299047,Fibrocytes,24
GATAGAAAGGTATTGA-1-2,-2.1806524,5.222884,Supporting cells,24
GATAGAATCGTCTCAC-1-2,5.0191846,11.944387,Supporting cells,24
GATAGAATCTGGACTA-1-2,1.9959338,9.62127,Supporting cells,24
GATAGCTCAAGGCAAC-1-2,2.58398,10.500625,Supporting cells,24
GATAGCTCATGCGTGC-1-2,-1.4923637,4.547406,Supporting cells,24
GATCACAAGTCGTTAC-1-2,7.481522,3.6046937,Supporting cells,24
GATCACACATCCGAAT-1-2,4.9021726,12.102182,Supporting cells,24
GATCACAGTAGAGATT-1-2,2.3461397,5.942733,Supporting cells,24
GATCACAGTTTCACAG-1-2,7.419892,4.2756,Supporting cells,24
GATCAGTAGCAATAAC-1-2,3.60996,6.95397,Fibrocytes,24
GATCAGTCAAAGGCTG-1-2,0.6084568,4.00982,Supporting cells,24
GATCAGTCAACGCCCA-1-2,5.398843,12.579039,Supporting cells,24
GATCAGTTCAGGAAGC-1-2,1.634278,12.463865,Fibrocytes,24
GATCAGTTCGCAGTGC-1-2,2.4262035,7.756714,Supporting cells,24
GATCATGCACAATGTC-1-2,-0.23668216,1.3981245,Supporting cells,24
GATCATGGTGGATCGA-1-2,-3.8435085,5.440155,Fibrocytes,24
GATCCCTCAAACTAGA-1-2,-2.92516,4.494899,Supporting cells,24
GATCCCTTCACATTGG-1-2,-3.3174775,2.5511441,Supporting cells,24
GATCCCTTCATTTCCA-1-2,5.5749254,10.376834,Supporting cells,24
GATCGTAGTCCCGCAA-1-2,1.070647,4.4978185,Supporting cells,24
GATCGTATCACATCAG-1-2,0.638672,4.2706265,Supporting cells,24
GATCGTATCCTAGCCT-1-2,3.8262215,10.295641,Supporting cells,24
GATGACTAGATTTGCC-1-2,-2.0343149,9.403019,Supporting cells,24
GATGACTCAGCGGATA-1-2,8.043167,9.047492,Glia/Schwann,24
GATGACTGTAGGAAAG-1-2,0.3916139,3.373545,Supporting cells,24
GATGAGGCATACCAGT-1-2,-0.7476548,3.5853593,Supporting cells,24
GATGAGGGTAGTTACC-1-2,-0.5422392,-0.050218675,Supporting cells,24
GATGATCCATGAATAG-1-2,-2.8826003,5.055256,Supporting cells,24
GATGCTAAGGAGCAAA-1-2,-0.30759355,5.953618,Supporting cells,24
GATGGAGCAGACACCC-1-2,0.20148587,3.5023837,Supporting cells,24
GATGTTGTCAGTAGGG-1-2,-4.913852,4.6440415,Fibrocytes,24
GATGTTGTCCGATGTA-1-2,2.748771,12.679347,Fibrocytes,24
GATGTTGTCCGTAGGC-1-2,-1.2636666,5.7242255,Supporting cells,24
GATTCGAAGGCTTTCA-1-2,1.6342102,4.478314,Supporting cells,24
GATTCGACATAACAGA-1-2,-1.6026698,5.561194,Supporting cells,24
GATTCGACATCAGCTA-1-2,8.700792,0.87113786,Outer hair cells,24
GATTCGAGTAGCGTAG-1-2,5.0819135,12.107596,Supporting cells,24
GATTCGATCGGTCGGT-1-2,5.2863026,6.696867,Supporting cells,24
GATTCGATCTTAGCAG-1-2,4.7992153,6.27731,Supporting cells,24
GATTGGTCAATTTCGG-1-2,-1.5158662,1.3966066,Supporting cells,24
GATTGGTGTGCAGGAT-1-2,2.5316553,5.252883,Supporting cells,24
GATTGGTTCTCATTTG-1-2,-0.34181052,4.546933,Supporting cells,24
GATTGGTTCTCCCATG-1-2,2.3625636,7.6848173,Supporting cells,24
GATTTCTAGACGTCGA-1-2,10.385089,0.5344898,Outer hair cells,24
GATTTCTAGGATATGT-1-2,6.5022044,7.6060014,Glia/Schwann,24
GATTTCTGTAGTGGCA-1-2,6.640627,7.007931,Glia/Schwann,24
GATTTCTGTGCGTTTA-1-2,4.911755,6.497406,Supporting cells,24
GCAACCGAGGGTCAAC-1-2,-0.5457049,4.9777217,Supporting cells,24
GCAACCGTCGACGTCG-1-2,5.5235796,4.3443213,Supporting cells,24
GCACATAAGACATAAC-1-2,3.1942093,9.883821,Supporting cells,24
GCACATACAAGGTTGG-1-2,-1.6735181,3.8344798,Supporting cells,24
GCACATACAGTTCACA-1-2,6.3641605,3.7572646,Glia/Schwann,24
GCACATATCCGCATAA-1-2,-1.2135634,-0.20797297,Supporting cells,24
GCACGGTAGCGTATAA-1-2,6.0790353,4.995845,Supporting cells,24
GCACGGTAGTTGTCGT-1-2,5.2701707,5.274982,Supporting cells,24
GCACGGTTCTTAGTTC-1-2,-2.1453166,0.7127508,Supporting cells,24
GCACGTGCACTGCACG-1-2,-5.764909,4.7450604,Fibrocytes,24
GCACGTGGTCGAATGG-1-2,8.380611,6.4772773,Supporting cells,24
GCACTAAAGGTAGACC-1-2,4.829753,9.42211,Supporting cells,24
GCACTAAAGTAAACTG-1-2,-2.943989,6.6467104,Supporting cells,24
GCACTAATCGAGTACT-1-2,10.448089,3.306978,Spiral ganglion neurons,24
GCACTAATCGGCACTG-1-2,-1.7002813,4.033333,Supporting cells,24
GCAGCCAAGAACCCGA-1-2,-1.052119,1.861078,Supporting cells,24
GCAGCCAAGTGCGTCC-1-2,6.0650373,8.48664,Glia/Schwann,24
GCAGCTGCACGCTGAC-1-2,0.8199731,1.0015078,Supporting cells,24
GCAGCTGTCAAATGCC-1-2,-1.034828,4.9475117,Supporting cells,24
GCAGCTGTCTTGTTAC-1-2,0.83817357,2.472394,Supporting cells,24
GCAGGCTGTCAACACT-1-2,0.12207148,6.090075,Supporting cells,24
GCAGGCTGTGGAACCA-1-2,0.13827345,2.4319398,Supporting cells,24
GCAGGCTGTTCGGCCA-1-2,2.6256883,7.844922,Supporting cells,24
GCAGTTAAGTTGCCTA-1-2,1.6147032,5.5532374,Supporting cells,24
GCAGTTACAGGACATG-1-2,5.177859,4.4480996,Supporting cells,24
GCAGTTAGTCAACATC-1-2,8.420575,2.9647846,Supporting cells,24
GCATCGGCAAGTACCT-1-2,-5.8074856,4.965736,Fibrocytes,24
GCATCTCTCCACAAGT-1-2,-0.99525785,6.4067726,Supporting cells,24
GCATTAGAGGTATCTC-1-2,3.4896657,9.001244,Supporting cells,24
GCATTAGCAAACTGCT-1-2,0.029027293,5.3158226,Supporting cells,24
GCATTAGTCACCATGA-1-2,-0.2174012,1.6149291,Supporting cells,24
GCCAACGCACGCAAAG-1-2,-1.7535031,-0.85022044,Supporting cells,24
GCCAACGGTTGTTGAC-1-2,5.3101673,1.8790901,Inner hair cells,24
GCCAACGTCCACGGAC-1-2,0.17807706,4.2485476,Supporting cells,24
GCCAGCACATCCGCGA-1-2,8.016706,9.070886,Glia/Schwann,24
GCCAGCAGTCTAACTG-1-2,2.4898822,11.729883,Fibrocytes,24
GCCAGCATCACCTTAT-1-2,0.61241865,3.09479,Supporting cells,24
GCCAGCATCGTGCGAC-1-2,-0.058295004,8.669792,Supporting cells,24
GCCAGGTCAGGCCCTA-1-2,-1.0088933,5.233323,Supporting cells,24
GCCAGGTGTCCGGACT-1-2,-4.8063416,5.6557145,Fibrocytes,24
GCCAGGTTCCGTCACT-1-2,-1.5006698,6.050135,Supporting cells,24
GCCAGTGAGGATCATA-1-2,0.11782107,4.379625,Supporting cells,24
GCCAGTGCAGCAATTC-1-2,1.2270002,13.458803,Fibrocytes,24
GCCAGTGCAGCGTGCT-1-2,2.795152,4.5604506,Fibrocytes,24
GCCATTCCACATAGCT-1-2,7.1522613,9.136246,Glia/Schwann,24
GCCATTCCAGATAAAC-1-2,6.5589137,0.37019706,Inner hair cells,24
GCCATTCCAGTGCCTG-1-2,0.63853765,4.3265934,Supporting cells,24
GCCATTCTCCAAGAGG-1-2,6.0633774,5.0121903,Supporting cells,24
GCCATTCTCTACGCGG-1-2,0.884386,11.420035,Fibrocytes,24
GCCCAGAGTGAGGAAA-1-2,-2.6185055,6.455487,Supporting cells,24
GCCCAGAGTTTCAGAC-1-2,0.17027174,3.6312542,Supporting cells,24
GCCCAGAGTTTCCAAG-1-2,2.0740876,5.089546,Supporting cells,24
GCCCGAAAGATGAATC-1-2,-1.2439263,5.360446,Supporting cells,24
GCCCGAACAGCAGTTT-1-2,1.2834718,12.244118,Fibrocytes,24
GCCCGAAGTACTGCGC-1-2,9.048512,4.9877567,Supporting cells,24
GCCGATGCAAGTGGCA-1-2,4.882558,7.3982325,Supporting cells,24
GCCGATGCACTTGAAC-1-2,2.1769571,5.2165465,Supporting cells,24
GCCGATGTCCCTCTTT-1-2,7.409837,3.563107,Supporting cells,24
GCCGTGAAGATACATG-1-2,-3.3001206,4.5259876,Supporting cells,24
GCCTGTTCACCGCTAG-1-2,-2.384643,4.2157393,Supporting cells,24
GCCTGTTCAGAGATGC-1-2,-2.2421203,7.313971,Supporting cells,24
GCGAGAAAGGAGAGTA-1-2,-0.7193841,5.6832223,Supporting cells,24
GCGAGAAGTGTCCGGT-1-2,4.9530764,1.5819707,Supporting cells,24
GCGATCGAGTCATTGC-1-2,3.9803762,6.388114,Supporting cells,24
GCGATCGGTGCTCCGA-1-2,2.3104706,4.166733,Fibrocytes,24
GCGATCGTCGCCAGTG-1-2,7.218433,5.2848253,Supporting cells,24
GCGGAAAGTGACCTGC-1-2,4.5070353,1.906017,Supporting cells,24
GCGGAAAGTTAGAAAC-1-2,-0.044535413,2.4455636,Supporting cells,24
GCGGAAAGTTGCCGCA-1-2,0.4789022,11.865625,Fibrocytes,24
GCGGAAATCATACGGT-1-2,-0.7634002,3.4638476,Supporting cells,24
GCGGAAATCGAGCCTG-1-2,3.2400799,6.617072,Supporting cells,24
GCGGATCCAAATGAGT-1-2,-1.2567784,4.266392,Supporting cells,24
GCGGATCGTCTACATG-1-2,-0.020595305,4.0141907,Supporting cells,24
GCGGATCGTCTTCTAT-1-2,-0.3953037,1.4520948,Supporting cells,24
GCGGATCGTTGGACCC-1-2,5.1988573,12.353603,Supporting cells,24
GCGGATCGTTGGTGTT-1-2,2.3276865,6.136076,Supporting cells,24
GCGGATCTCACAATGC-1-2,2.9042492,10.228041,Supporting cells,24
GCGTGCACATCCAATG-1-2,-1.0786477,3.2608237,Supporting cells,24
GCGTGCATCCAGCACG-1-2,2.6339664,10.007285,Supporting cells,24
GCGTTTCAGGGACAGG-1-2,-6.4436493,4.8759866,Fibrocytes,24
GCGTTTCCACTCAGAT-1-2,-0.471171,4.6847596,Supporting cells,24
GCGTTTCCATGGATCT-1-2,-1.6574388,6.33325,Supporting cells,24
GCGTTTCTCCGTGGTG-1-2,-0.48920977,2.4219224,Supporting cells,24
GCGTTTCTCTGGCCGA-1-2,7.454845,7.746493,Glia/Schwann,24
GCTACAACAGCGGATA-1-2,-5.115427,5.1078854,Fibrocytes,24
GCTACAATCTGTCGTC-1-2,-2.7739356,6.8362937,Supporting cells,24
GCTACCTAGCACTCTA-1-2,3.8098984,10.5702505,Supporting cells,24
GCTACCTAGCAGGTCA-1-2,3.4939976,7.111199,Supporting cells,24
GCTACCTTCAACGAGG-1-2,6.7356105,6.3800783,Supporting cells,24
GCTCAAAGTATGCAAA-1-2,3.6859338,8.674869,Supporting cells,24
GCTCAAATCCTAGCCT-1-2,-0.51487243,6.189685,Supporting cells,24
GCTCAAATCGACACTA-1-2,8.434429,8.911579,Glia/Schwann,24
GCTGAATAGTGTTCCA-1-2,-2.8287997,6.6180162,Supporting cells,24
GCTGAATAGTTGTAGA-1-2,-1.5387816,5.9968424,Supporting cells,24
GCTGAATCAGAGTAAT-1-2,3.92763,4.8803506,Supporting cells,24
GCTGAATTCACAACCA-1-2,-1.2285715,4.6271877,Supporting cells,24
GCTGAATTCCCGATCT-1-2,2.7957468,6.207665,Supporting cells,24
GCTGCAGCAGCACACC-1-2,6.386301,6.235722,Glia/Schwann,24
GCTGCAGCAGCACCCA-1-2,4.30454,5.3209343,Supporting cells,24
GCTGGGTGTGACTATC-1-2,-0.17780165,6.144412,Supporting cells,24
GCTGGGTGTGTTAAAG-1-2,-1.0786289,3.2230802,Supporting cells,24
GCTGGGTTCCACTAGA-1-2,-2.0454295,2.2115672,Supporting cells,24
GCTTCACAGTAAACTG-1-2,-2.509374,4.860033,Supporting cells,24
GCTTCACGTATCAGCT-1-2,-0.010463862,7.4169936,Supporting cells,24
GCTTCACTCAGTCTTT-1-2,5.298861,6.4338207,Supporting cells,24
GCTTGGGAGGAAGTAG-1-2,-2.0350218,4.4487996,Supporting cells,24
GCTTGGGGTACTGTTG-1-2,-6.5386543,4.554906,Fibrocytes,24
GCTTTCGAGCCTCACG-1-2,-5.1284404,5.194857,Fibrocytes,24
GCTTTCGAGGCTCCCA-1-2,5.5365286,10.347039,Supporting cells,24
GCTTTCGAGGTGATCG-1-2,0.8500041,1.6058276,Supporting cells,24
GCTTTCGCAGCAATTC-1-2,1.9215808,10.005214,Supporting cells,24
GCTTTCGGTCCACACG-1-2,-2.0533578,4.3569202,Supporting cells,24
GCTTTCGGTCTCGCGA-1-2,5.2883315,12.475226,Supporting cells,24
GCTTTCGGTTTGGAAA-1-2,4.46547,5.927711,Supporting cells,24
GCTTTCGTCGACATAC-1-2,-0.37641078,3.1951244,Supporting cells,24
GGAACCCCACTTTATC-1-2,5.218248,12.012395,Supporting cells,24
GGAACCCGTGCCTTCT-1-2,0.020507572,3.5489278,Supporting cells,24
GGAAGTGAGCGGGTTA-1-2,-4.6337276,5.5875993,Fibrocytes,24
GGAAGTGAGCTTAAGA-1-2,7.1890264,5.0903735,Supporting cells,24
GGAAGTGCAACCGACC-1-2,2.8901772,4.3284163,Supporting cells,24
GGAAGTGCAGGCTATT-1-2,0.30487293,4.5757346,Supporting cells,24
GGAAGTGGTGGAACCA-1-2,5.2264037,4.1607113,Supporting cells,24
GGAAGTGGTTCTTGTT-1-2,-1.5093145,6.269278,Supporting cells,24
GGAAGTGTCACGGAGA-1-2,2.979603,9.812632,Supporting cells,24
GGAATCTCACTAGGTT-1-2,2.4913983,13.379771,Fibrocytes,24
GGAATCTTCCCTCAAC-1-2,0.062132824,3.7084935,Supporting cells,24
GGAATCTTCTGAATGC-1-2,0.7381427,7.301664,Supporting cells,24
GGAATGGAGGTAGCCA-1-2,-0.14057699,3.292541,Supporting cells,24
GGAATGGCACCTGTCT-1-2,-2.2729366,4.3369575,Supporting cells,24
GGAATGGTCGCCCAGA-1-2,5.193322,7.460333,Supporting cells,24
GGACGTCGTACCAGAG-1-2,-2.0239503,1.3445208,Supporting cells,24
GGACGTCGTCGTTGCG-1-2,-4.057359,4.8785152,Fibrocytes,24
GGACGTCGTGTCCAAT-1-2,-3.3223197,10.950758,Macrophages/Microglia,24
GGAGAACAGCAGCACA-1-2,-0.2835332,3.44449,Supporting cells,24
GGAGAACAGGCCATAG-1-2,-3.1526673,5.3527436,Supporting cells,24
GGAGAACCAATTGCCA-1-2,-1.1681119,4.2142835,Supporting cells,24
GGAGATGAGCACACCC-1-2,7.079092,2.6713843,Supporting cells,24
GGAGATGGTGCACGCT-1-2,5.7782626,7.378094,Glia/Schwann,24
GGAGATGTCATGTCAG-1-2,-1.3407769,6.036648,Supporting cells,24
GGAGATGTCGTAGGGA-1-2,-1.4508864,2.1141434,Supporting cells,24
GGAGGATAGAGCATAT-1-2,-1.3831062,3.5345294,Supporting cells,24
GGAGGATAGCCTAGGA-1-2,3.4737637,4.4618964,Supporting cells,24
GGAGGATCACCGCTAG-1-2,3.7894497,11.03446,Supporting cells,24
GGAGGTAGTCCGATCG-1-2,6.3054276,0.117514245,Inner hair cells,24
GGATCTAAGCGCACAA-1-2,-0.6977424,2.5997818,Supporting cells,24
GGATCTAGTGCTGCAC-1-2,3.9854817,4.3451037,Supporting cells,24
GGATCTATCAACGCTA-1-2,2.2213778,6.260591,Supporting cells,24
GGATGTTAGGTACTGG-1-2,2.9992301,7.2035093,Supporting cells,24
GGATGTTAGTCCTACA-1-2,-3.3361874,2.348983,Supporting cells,24
GGATGTTCACGTACTA-1-2,8.404189,4.9623923,Supporting cells,24
GGATGTTTCCTAAGTG-1-2,7.778432,9.062245,Glia/Schwann,24
GGCACGTCAGCGTATT-1-2,-0.2363075,5.2636657,Supporting cells,24
GGCACGTGTACTAGCT-1-2,2.8637314,6.9429574,Supporting cells,24
GGCACGTGTTCGGGTC-1-2,-0.22286347,3.5770936,Supporting cells,24
GGCACGTTCCCTCGTA-1-2,-2.0217752,5.319894,Supporting cells,24
GGCACGTTCGACCAAT-1-2,4.9321523,7.039713,Supporting cells,24
GGCACGTTCGGACGTC-1-2,5.7012124,8.574869,Supporting cells,24
GGCAGTCAGATCCTAC-1-2,5.178735,0.8690349,Inner hair cells,24
GGCAGTCTCATTGTGG-1-2,1.1606219,5.173531,Supporting cells,24
GGCAGTCTCCGAGGCT-1-2,1.3611717,0.9337478,Supporting cells,24
GGCAGTCTCGGATAAA-1-2,-1.2984587,4.468959,Supporting cells,24
GGCGTCATCCGTAGGC-1-2,-3.1184716,2.6211092,Supporting cells,24
GGCTGTGAGAGCGACT-1-2,-1.2436916,4.793058,Supporting cells,24
GGCTGTGAGGCTCTAT-1-2,2.5699234,5.7443933,Supporting cells,24
GGCTGTGCACGTATAC-1-2,-2.519217,2.4225645,Supporting cells,24
GGCTTGGAGTCTGTAC-1-2,0.20814203,4.321007,Supporting cells,24
GGCTTGGCAAATGAGT-1-2,9.979129,5.1371374,Supporting cells,24
GGCTTGGTCTAGCCAA-1-2,6.774404,-0.70717853,Inner hair cells,24
GGCTTGGTCTGAGTCA-1-2,0.6547235,3.838169,Supporting cells,24
GGCTTTCGTCATATGC-1-2,8.635358,4.829587,Supporting cells,24
GGCTTTCGTGCTTATG-1-2,4.183955,3.3721864,Supporting cells,24
GGCTTTCTCGCCTAGG-1-2,7.069246,9.608036,Glia/Schwann,24
GGGAAGTCATAACAGA-1-2,-2.0253015,4.215494,Supporting cells,24
GGGAAGTTCCAACTAG-1-2,4.128328,8.217055,Supporting cells,24
GGGAAGTTCGAGATAA-1-2,4.541551,5.043714,Supporting cells,24
GGGAAGTTCGGTAGAG-1-2,-1.4437621,4.9003153,Supporting cells,24
GGGACAACACAGTCGC-1-2,-1.6886474,4.39706,Supporting cells,24
GGGACCTAGAATCTAG-1-2,-6.391936,5.5218153,Fibrocytes,24
GGGACCTAGGTTGACG-1-2,-0.95689005,9.2597475,Supporting cells,24
GGGACCTAGTGGTTCT-1-2,-1.6632295,-1.7753435,Supporting cells,24
GGGACCTCACCTCGTT-1-2,-0.052351072,5.0302033,Supporting cells,24
GGGACCTCAGCATCTA-1-2,4.012353,9.697535,Supporting cells,24
GGGACCTCATACTTTC-1-2,5.2581944,6.842157,Supporting cells,24
GGGACCTGTATCGCTA-1-2,2.7672503,5.109406,Supporting cells,24
GGGACCTGTTTGGGTT-1-2,8.175158,6.3615074,Supporting cells,24
GGGACCTTCGCAGATT-1-2,2.5500731,4.4361973,Supporting cells,24
GGGAGATCATCCTCAC-1-2,6.76213,7.3190255,Glia/Schwann,24
GGGAGATGTGGGCTCT-1-2,1.1075565,7.207316,Supporting cells,24
GGGAGATGTGTTCCAA-1-2,3.603582,8.917283,Supporting cells,24
GGGAGTAAGCCTAGGA-1-2,1.6182877,4.661289,Supporting cells,24
GGGAGTAAGGAGTATT-1-2,-1.3794597,2.705336,Supporting cells,24
GGGAGTACATCGATAC-1-2,0.6958445,3.3675864,Supporting cells,24
GGGAGTAGTGAGTTTC-1-2,0.0837759,4.9987836,Supporting cells,24
GGGATCCAGGAGAGTA-1-2,1.142965,2.9769588,Supporting cells,24
GGGATGACAAGGACAC-1-2,5.545296,2.0466669,Inner hair cells,24
GGGATGAGTACGATGG-1-2,-1.4755676,5.311698,Supporting cells,24
GGGATGATCACTGAAC-1-2,4.1910853,5.2310777,Supporting cells,24
GGGCCATGTAACAAGT-1-2,4.8782883,6.9762173,Supporting cells,24
GGGCCATTCGCCGAAC-1-2,3.398742,1.6702017,Glia/Schwann,24
GGGCCATTCTGAGCAT-1-2,3.126656,8.96676,Supporting cells,24
GGGCGTTAGCGACCCT-1-2,4.574867,4.3764796,Supporting cells,24
GGGCGTTCAACGGCTC-1-2,3.0774255,6.168776,Supporting cells,24
GGGCGTTCAGAGGACT-1-2,2.80838,4.536682,Fibrocytes,24
GGGCGTTGTGTTAGCT-1-2,8.009629,6.48796,Supporting cells,24
GGGCGTTTCAATCCAG-1-2,7.450439,7.6821957,Glia/Schwann,24
GGGCTACAGGGATCGT-1-2,5.209059,5.0382857,Supporting cells,24
GGGCTACCACGATTCA-1-2,3.4782445,6.255533,Supporting cells,24
GGGCTACTCTTACGGA-1-2,-6.248638,5.0013103,Fibrocytes,24
GGGCTCAAGGGATGTC-1-2,0.78806865,0.37125057,Supporting cells,24
GGGCTCACAGCTGTCG-1-2,4.0984674,5.5263586,Supporting cells,24
GGGTATTGTGTTACTG-1-2,0.052542493,2.849937,Supporting cells,24
GGGTCACCAACACTAC-1-2,-0.89522684,4.3605323,Supporting cells,24
GGGTCACCATGTTACG-1-2,5.2118745,6.884834,Supporting cells,24
GGGTCACTCAACACGT-1-2,5.171272,7.65523,Supporting cells,24
GGGTCACTCGCATGAT-1-2,-5.481149,5.266559,Fibrocytes,24
GGGTGAACACGCTGAC-1-2,3.6375492,6.067341,Supporting cells,24
GGGTGTCCAGTCGCAC-1-2,0.60269177,12.8011675,Fibrocytes,24
GGGTGTCCATTAGGAA-1-2,0.49458617,2.140011,Supporting cells,24
GGGTGTCGTCCCACGA-1-2,5.5009036,9.943144,Supporting cells,24
GGGTGTCTCCCTTTGG-1-2,-0.831809,4.944488,Supporting cells,24
GGGTTATAGCCATATC-1-2,-0.1907443,4.2783003,Supporting cells,24
GGGTTTAAGGGCTGAT-1-2,1.0779454,7.897394,Supporting cells,24
GGGTTTACACGACAGA-1-2,8.712524,9.101776,Glia/Schwann,24
GGGTTTAGTCCTCCAT-1-2,8.588247,9.20101,Glia/Schwann,24
GGTAACTGTTTGGAGG-1-2,2.1299205,7.088616,Supporting cells,24
GGTAACTTCCGGTAGC-1-2,-1.5367854,5.372669,Supporting cells,24
GGTAATCAGCCAAGCA-1-2,4.535834,10.070475,Supporting cells,24
GGTAATCCACTCTAGA-1-2,-0.18613149,7.162275,Supporting cells,24
GGTAATCCATGTCAGT-1-2,3.3291607,4.2998433,Supporting cells,24
GGTAATCTCAGCGCGT-1-2,0.9236713,3.931551,Supporting cells,24
GGTAGAGGTCAAAGTA-1-2,-0.28765535,5.6828895,Supporting cells,24
GGTAGAGGTTCCATTT-1-2,-1.1186392,5.7274814,Supporting cells,24
GGTAGAGTCACTTTGT-1-2,2.7530267,7.1699443,Supporting cells,24
GGTCACGCATCGAACT-1-2,2.2831154,6.2348547,Supporting cells,24
GGTCACGTCAAGGCTT-1-2,-3.8873742,5.5316653,Supporting cells,24
GGTCTGGCACCGCTGA-1-2,0.6848177,1.8199427,Supporting cells,24
GGTCTGGCACGGCGTT-1-2,-2.765077,3.676704,Supporting cells,24
GGTCTGGCAGCTGCCA-1-2,-0.8470961,3.6217704,Supporting cells,24
GGTGAAGGTTTGTTGG-1-2,4.848962,10.192276,Supporting cells,24
GGTGATTTCCCTCGAT-1-2,-2.507242,9.499465,Macrophages/Microglia,24
GGTGGCTTCCCGAGTG-1-2,-1.8668311,0.39512742,Supporting cells,24
GGTGGCTTCGAACGCC-1-2,1.155617,7.854387,Supporting cells,24
GGTGTCGGTGTCCCTT-1-2,8.155918,9.292993,Glia/Schwann,24
GGTGTCGGTTGCATGT-1-2,-3.4667041,6.8898973,Supporting cells,24
GGTGTCGTCGCTTTAT-1-2,0.017368669,3.3968208,Supporting cells,24
GGTGTTAAGGGAGTGG-1-2,4.8438516,9.849253,Supporting cells,24
GGTGTTAGTGGACAGT-1-2,6.1417527,7.398248,Glia/Schwann,24
GGTGTTATCTGTGCGG-1-2,3.318346,6.647584,Fibrocytes,24
GGTTAACAGATACATG-1-2,1.8458564,5.2540393,Supporting cells,24
GGTTAACAGGTAGATT-1-2,-3.8506572,7.2169895,Supporting cells,24
GGTTAACGTAGATTGA-1-2,-1.2443988,4.064289,Supporting cells,24
GGTTAACGTATCGGTT-1-2,-1.7211542,3.1864116,Supporting cells,24
GGTTCTCAGACATGCG-1-2,5.3189616,12.562014,Supporting cells,24
GGTTCTCCAAAGAGTT-1-2,3.0113258,5.343663,Supporting cells,24
GGTTCTCCACGCTATA-1-2,5.7549644,5.814014,Supporting cells,24
GGTTCTCGTCAAGCGA-1-2,0.36761445,5.352709,Supporting cells,24
GGTTCTCGTTAAAGTG-1-2,1.0178549,11.865862,Fibrocytes,24
GGTTCTCTCACCTGGG-1-2,8.621214,6.3290772,Supporting cells,24
GTAACACGTGCAACAG-1-2,-4.69999,5.1738486,Fibrocytes,24
GTAACCAAGGTTCCGC-1-2,-3.030887,10.529241,Macrophages/Microglia,24
GTAACCACAACATCGT-1-2,7.4367805,5.604335,Supporting cells,24
GTAACCAGTTAGTTCG-1-2,-2.1526227,2.1132057,Supporting cells,24
GTAAGTCGTAGTCGGA-1-2,-0.80609345,3.5794578,Supporting cells,24
GTAATCGGTACTGGGA-1-2,2.653592,5.7107773,Supporting cells,24
GTAATGCAGTTTCAGC-1-2,-5.12672,4.9587975,Fibrocytes,24
GTAATGCCAGAAATTG-1-2,-3.181623,5.0525665,Supporting cells,24
GTAATGCGTTCCACGG-1-2,-0.53328097,4.747351,Supporting cells,24
GTAGAAAGTCTGATCA-1-2,1.1817001,11.90965,Fibrocytes,24
GTAGAAATCGAAACAA-1-2,5.1357417,9.825463,Supporting cells,24
GTAGAGGAGATGGCGT-1-2,5.624536,4.9800625,Supporting cells,24
GTAGAGGAGCCTAGGA-1-2,5.2328386,7.728185,Supporting cells,24
GTAGAGGCACGTTCGG-1-2,-0.5229924,5.3716054,Supporting cells,24
GTAGAGGCAGTCTGGC-1-2,-6.414735,5.3637075,Fibrocytes,24
GTAGATCGTCAAATCC-1-2,-4.6263866,4.648855,Fibrocytes,24
GTAGATCTCCGAACGC-1-2,-2.1470644,9.942921,Macrophages/Microglia,24
GTAGATCTCTGTCTCG-1-2,2.2512646,3.986819,Fibrocytes,24
GTAGCTAAGCGCAATG-1-2,5.417496,10.18829,Supporting cells,24
GTAGCTAAGGTCGTGA-1-2,9.038332,3.5206497,Supporting cells,24
GTAGCTAAGTAGATCA-1-2,9.038263,8.691422,Glia/Schwann,24
GTAGCTACAGCAGTCC-1-2,5.8442273,6.9695663,Glia/Schwann,24
GTAGCTAGTACACGCC-1-2,2.9562287,4.5755405,Supporting cells,24
GTAGCTAGTGCAGATG-1-2,5.1927238,12.351401,Supporting cells,24
GTAGGAGCAGGTTACT-1-2,1.4940962,4.235841,Supporting cells,24
GTAGGTTGTTGCATAC-1-2,-1.6521847,5.8497567,Supporting cells,24
GTAGGTTTCGCTATTT-1-2,-4.054981,7.5036683,Supporting cells,24
GTAGTACCAACTTCTT-1-2,2.7319236,5.417381,Supporting cells,24
GTAGTACCAAGAGATT-1-2,-2.0676813,3.5553315,Supporting cells,24
GTAGTACCAGCGTACC-1-2,3.2787359,1.3158334,Glia/Schwann,24
GTAGTACGTTGCTCAA-1-2,-2.0617566,4.009281,Supporting cells,24
GTAGTACTCCTGTACC-1-2,4.3672223,6.676376,Supporting cells,24
GTATTGGGTAAGTTAG-1-2,5.9995766,7.562548,Glia/Schwann,24
GTATTGGGTCATTGCA-1-2,0.449615,13.666586,Fibrocytes,24
GTATTGGTCCTTGACC-1-2,-0.35124597,2.8925998,Supporting cells,24
GTATTTCAGCATATGA-1-2,7.7253294,9.184426,Glia/Schwann,24
GTATTTCTCAATCGGT-1-2,5.1226735,2.6463096,Supporting cells,24
GTCAAACCAATTGAGA-1-2,6.542241,8.913365,Glia/Schwann,24
GTCAAACGTATGTCAC-1-2,0.38799742,8.361569,Supporting cells,24
GTCAAACTCTTCCACG-1-2,0.6033709,13.759393,Fibrocytes,24
GTCAAGTAGCTCCATA-1-2,6.787056,9.055789,Glia/Schwann,24
GTCAAGTCACCTGCTT-1-2,5.064288,4.494389,Supporting cells,24
GTCAAGTGTCAAATCC-1-2,0.49690893,6.217114,Supporting cells,24
GTCAAGTGTTTCGTTT-1-2,-1.7181952,4.649195,Supporting cells,24
GTCAAGTTCCCTCTCC-1-2,-6.2402306,5.021633,Fibrocytes,24
GTCACGGCACAATGTC-1-2,8.427978,4.9224887,Supporting cells,24
GTCACGGTCGGACTTA-1-2,5.8708897,6.6975594,Glia/Schwann,24
GTCACTCGTGTCCTAA-1-2,-0.6114042,4.411788,Supporting cells,24
GTCAGCGAGATCGCTT-1-2,-3.7694201,7.3368278,Supporting cells,24
GTCAGCGAGCGTTGTT-1-2,-1.490736,4.135369,Supporting cells,24
GTCAGCGAGGTTGTTC-1-2,5.814695,4.8598595,Supporting cells,24
GTCAGCGGTTCGAACT-1-2,0.49228987,0.7607552,Supporting cells,24
GTCAGCGTCCATCAGA-1-2,5.750236,8.614882,Supporting cells,24
GTCAGCGTCGGAAACG-1-2,5.7849145,10.835726,Supporting cells,24
GTCAGCGTCGGAATTC-1-2,6.782812,-0.9804679,Inner hair cells,24
GTCATCCAGAATCGTA-1-2,3.1823304,1.6393511,Glia/Schwann,24
GTCATCCAGCCGTAAG-1-2,9.463311,3.9929352,Spiral ganglion neurons,24
GTCATCCGTTCGTTCC-1-2,6.1475315,8.896467,Supporting cells,24
GTCATCCTCCCGAGTG-1-2,5.4299636,6.5005503,Supporting cells,24
GTCATGAAGCAATAGT-1-2,-0.78425735,0.6501423,Supporting cells,24
GTCATGAAGCGCCGTT-1-2,-0.13670844,5.569503,Supporting cells,24
GTCATGAAGCTGACCC-1-2,1.13218,7.1902986,Supporting cells,24
GTCATGATCCCAAGCG-1-2,-5.314596,5.7625103,Fibrocytes,24
GTCATTTAGTCCTGCG-1-2,6.24669,6.433639,Glia/Schwann,24
GTCATTTTCAACCTCC-1-2,3.711489,11.662784,Supporting cells,24
GTCCACTAGACTCAAA-1-2,-1.0234246,0.53452325,Supporting cells,24
GTCCACTCAGGTTCCG-1-2,-1.3691877,4.964592,Supporting cells,24
GTCCACTGTAAGCTCT-1-2,5.5980926,12.405562,Outer hair cells,24
GTCCCATGTGTTGCCG-1-2,5.175682,7.738104,Supporting cells,24
GTCCCATGTTCGGTAT-1-2,-2.2944126,6.5798583,Supporting cells,24
GTCCTCATCCATACAG-1-2,10.247971,3.2943377,Spiral ganglion neurons,24
GTCCTCATCCTGGTCT-1-2,-0.039601527,-0.05524883,Supporting cells,24
GTCGAATAGCGTTCAT-1-2,-1.18572,4.550996,Supporting cells,24
GTCGAATCAATAACGA-1-2,4.0589204,5.4160585,Supporting cells,24
GTCGAATCACTAGAGG-1-2,-0.8609496,0.79054624,Supporting cells,24
GTCGAATCAGTATTCG-1-2,-1.6847181,5.5304365,Supporting cells,24
GTCGAATGTGTCATTG-1-2,6.894024,5.0671086,Supporting cells,24
GTCGCGAGTGTCTTGA-1-2,0.9648779,2.3349988,Supporting cells,24
GTCGCGATCTATACTC-1-2,2.2116752,5.4633117,Supporting cells,24
GTCTACCAGCTCCCTT-1-2,-3.1520665,6.4693127,Supporting cells,24
GTCTACCGTATGCAAA-1-2,-0.8510857,0.34850878,Supporting cells,24
GTCTACCGTGGTGATG-1-2,0.9258383,5.0644994,Supporting cells,24
GTCTACCTCAGATGCT-1-2,2.391063,5.5458956,Supporting cells,24
GTCTAGAAGACGGAAA-1-2,-0.7408984,4.9587097,Supporting cells,24
GTCTAGAGTCAGTTTG-1-2,5.648053,10.393068,Supporting cells,24
GTCTAGAGTCTCACGG-1-2,-1.6249682,9.557627,Macrophages/Microglia,24
GTCTCACAGCGTTAGG-1-2,-2.8361764,6.4188848,Supporting cells,24
GTCTCACGTACGTGAG-1-2,-0.78095144,1.0308409,Supporting cells,24
GTCTCACTCAACTGAC-1-2,7.107239,5.734226,Supporting cells,24
GTCTGTCAGACTCTTG-1-2,1.8087602,6.705928,Supporting cells,24
GTCTGTCAGTGACACG-1-2,-0.35815936,4.7823844,Supporting cells,24
GTCTTTAAGACTCATC-1-2,-2.3190315,0.30181822,Supporting cells,24
GTCTTTACAAGGTCTT-1-2,-3.8689315,5.0908613,Fibrocytes,24
GTCTTTATCAAGAAAC-1-2,-0.8182047,4.3023014,Supporting cells,24
GTGACGCAGTTGCGAG-1-2,2.8754473,3.9510608,Supporting cells,24
GTGAGCCAGAGCCTGA-1-2,10.636253,2.8213456,Spiral ganglion neurons,24
GTGAGCCAGCCGTCGT-1-2,2.9851577,11.344465,Supporting cells,24
GTGAGCCCACCAGTTA-1-2,7.910448,5.589029,Supporting cells,24
GTGAGCCCACCTGCGA-1-2,7.1701517,7.376969,Glia/Schwann,24
GTGAGCCTCGAGCCAC-1-2,-1.3435502,5.825386,Supporting cells,24
GTGAGCCTCTGTCCCA-1-2,1.1550438,4.5349197,Supporting cells,24
GTGAGGAAGGCTATCT-1-2,9.096649,9.082501,Glia/Schwann,24
GTGAGGACACAGTACT-1-2,3.0046568,6.1541023,Fibrocytes,24
GTGAGGATCTTCTGGC-1-2,5.451443,12.485822,Supporting cells,24
GTGAGTTGTTCAAGTC-1-2,-0.5332566,4.9241905,Supporting cells,24
GTGAGTTGTTGAATCC-1-2,4.6992836,2.717123,Supporting cells,24
GTGAGTTTCAGCCTTC-1-2,0.5784171,6.41445,Supporting cells,24
GTGATGTAGACTGTTC-1-2,-5.14879,5.6155663,Fibrocytes,24
GTGATGTGTCATCGGC-1-2,-1.9712381,5.1763844,Supporting cells,24
GTGATGTGTTGGCCGT-1-2,0.25419706,1.8712405,Supporting cells,24
GTGATGTGTTTCGACA-1-2,4.856874,1.8168691,Supporting cells,24
GTGATGTTCGCCTTTG-1-2,3.7455454,3.9656491,Supporting cells,24
GTGATGTTCGCTGTCT-1-2,-0.39450243,6.1107473,Supporting cells,24
GTGCACGAGACTAAGT-1-2,0.19452359,5.6441736,Supporting cells,24
GTGCACGCAGTCACGC-1-2,5.301814,8.52661,Supporting cells,24
GTGCAGCAGGTGCTTT-1-2,-1.025445,4.021602,Supporting cells,24
GTGCAGCCAAGAATAC-1-2,9.472251,9.213426,Glia/Schwann,24
GTGCAGCGTCCGCAGT-1-2,-1.8175393,6.6291785,Supporting cells,24
GTGCGTGAGCCAGACA-1-2,1.3471706,8.393036,Supporting cells,24
GTGCGTGAGTATGGCG-1-2,9.906489,5.110882,Supporting cells,24
GTGCGTGCAACCAATC-1-2,1.5754207,5.0712967,Supporting cells,24
GTGCGTGTCCGGCTTT-1-2,0.48489845,4.4555445,Supporting cells,24
GTGCTTCCAATACGAA-1-2,2.629294,7.7657404,Supporting cells,24
GTGCTTCGTGTATTCG-1-2,-0.14639154,2.5821338,Supporting cells,24
GTGGAGAGTGTACATC-1-2,-0.008538281,3.382876,Supporting cells,24
GTGGAGATCACGATCA-1-2,4.4496026,9.847272,Supporting cells,24
GTGGAGATCGTCACCT-1-2,5.7090235,6.025106,Supporting cells,24
GTGGCGTAGTCACAGG-1-2,3.929676,6.0732765,Supporting cells,24
GTGGCGTCAGTGCGCT-1-2,0.38122928,6.2500024,Supporting cells,24
GTGGCGTTCTAAGCGT-1-2,8.437842,8.268648,Glia/Schwann,24
GTGGGAACAGAGCTAG-1-2,0.37770826,1.1011457,Supporting cells,24
GTGGTTAAGAAGCTGC-1-2,8.807095,9.209789,Glia/Schwann,24
GTGGTTAGTAGAGCTG-1-2,8.579216,9.221737,Glia/Schwann,24
GTGGTTATCCAATCTT-1-2,-1.5664927,5.6986356,Supporting cells,24
GTGGTTATCCCATAGA-1-2,5.9926243,6.552203,Glia/Schwann,24
GTGTCCTGTCCCAAAT-1-2,-3.9849963,4.876512,Supporting cells,24
GTGTGATAGCCATCCG-1-2,5.2790666,10.170836,Supporting cells,24
GTGTGATCACAAGTGG-1-2,-2.20944,5.419502,Supporting cells,24
GTGTGATCAGTAGAGC-1-2,-4.126737,5.013344,Supporting cells,24
GTGTGATTCCGTATGA-1-2,-0.3761707,7.7140217,Supporting cells,24
GTGTGGCCACGTGAGA-1-2,2.4172432,13.066767,Fibrocytes,24
GTGTGGCCATTCCTCG-1-2,4.174967,6.364436,Supporting cells,24
GTGTGGCTCCGGACTG-1-2,-0.65231234,4.2735662,Supporting cells,24
GTGTGGCTCTCTCGAC-1-2,1.4750625,2.6827722,Supporting cells,24
GTGTTAGAGTCTGCAT-1-2,1.696256,5.2989306,Fibrocytes,24
GTGTTAGCATCCGAGC-1-2,-5.9670815,4.726641,Fibrocytes,24
GTGTTAGGTTAAGGGC-1-2,2.4153666,3.7476726,Fibrocytes,24
GTGTTAGTCACAAGGG-1-2,-1.6508911,4.3141174,Supporting cells,24
GTGTTAGTCTTGGCTC-1-2,-5.400511,4.7946577,Fibrocytes,24
GTGTTCCGTAGACTGG-1-2,4.26338,-1.6868831,Supporting cells,24
GTGTTCCGTTGCGTAT-1-2,8.444106,3.3443193,Supporting cells,24
GTGTTCCTCGGCGATC-1-2,-3.7985778,7.4630914,Supporting cells,24
GTTACAGAGAGGGTAA-1-2,-0.6713238,0.75661534,Supporting cells,24
GTTACAGCAAGATTGA-1-2,2.6727977,7.736603,Supporting cells,24
GTTACAGCAGTAACCT-1-2,-1.2690495,5.9393535,Supporting cells,24
GTTACAGGTGACTAAA-1-2,7.884849,3.2637625,Supporting cells,24
GTTACAGTCTGTAACG-1-2,1.0631925,3.4517758,Supporting cells,24
GTTACCCAGTAAACGT-1-2,7.5692687,8.558343,Glia/Schwann,24
GTTACCCCAGCTACTA-1-2,6.041919,1.1244961,Inner hair cells,24
GTTACCCTCTGCACCT-1-2,-2.3078573,0.92597556,Supporting cells,24
GTTACGAAGAGTGACC-1-2,-1.590231,2.707464,Supporting cells,24
GTTAGACAGAGGGTGG-1-2,1.6915509,4.58071,Supporting cells,24
GTTAGACAGTTGCATC-1-2,-5.2406683,4.590892,Fibrocytes,24
GTTAGACCAAGCTCTA-1-2,1.6626741,6.23866,Supporting cells,24
GTTAGTGCATTGACCA-1-2,10.55211,3.4329615,Spiral ganglion neurons,24
GTTAGTGGTGCGACAA-1-2,3.8997326,5.0138083,Supporting cells,24
GTTATGGAGGTGCCAA-1-2,-5.325739,5.3368087,Fibrocytes,24
GTTATGGCACGCGTGT-1-2,3.6480222,4.9433055,Supporting cells,24
GTTATGGTCCGAGCTG-1-2,-0.016533392,3.4713244,Supporting cells,24
GTTCATTGTGGCATCC-1-2,1.5406473,2.6048923,Supporting cells,24
GTTCCGTAGACGCTCC-1-2,-5.9677258,5.0222225,Fibrocytes,24
GTTCCGTAGGAGTATT-1-2,-5.9656234,4.9568076,Fibrocytes,24
GTTCCGTCACTGCACG-1-2,-1.4032552,3.7678382,Supporting cells,24
GTTCGCTAGAGGCGGA-1-2,0.33594587,2.2108276,Supporting cells,24
GTTCGCTAGGTACCTT-1-2,6.7586575,5.0583954,Supporting cells,24
GTTCGCTTCGAAACAA-1-2,-1.157159,4.7009025,Supporting cells,24
GTTCGCTTCTACTCAT-1-2,-6.750646,4.908986,Fibrocytes,24
GTTCTATGTCGAACGA-1-2,-0.63684225,3.713038,Supporting cells,24
GTTCTATTCGCTTAAG-1-2,-1.9501184,-1.857623,Supporting cells,24
GTTGAACCAATGTGGG-1-2,-1.776064,3.689141,Supporting cells,24
GTTGAACCACTGGCGT-1-2,4.1980014,2.4524434,Supporting cells,24
GTTGAACCACTGTGTA-1-2,7.658907,8.643218,Glia/Schwann,24
GTTGAACTCAGTAGGG-1-2,-5.6210623,4.9748573,Fibrocytes,24
GTTGCGGAGCCTATTG-1-2,-3.7173767,5.7342715,Supporting cells,24
GTTGCGGAGGCTTAAA-1-2,-1.9102097,3.8593733,Supporting cells,24
GTTGCGGCACTGTGTA-1-2,7.6174664,4.663803,Supporting cells,24
GTTGCTCGTGGACCAA-1-2,4.327022,2.4293413,Supporting cells,24
GTTGCTCGTTGAATCC-1-2,-1.9344503,9.999938,Macrophages/Microglia,24
GTTGCTCTCCCGAGTG-1-2,7.86227,8.604265,Glia/Schwann,24
GTTGCTCTCGCAGTCG-1-2,0.5511506,13.123189,Fibrocytes,24
GTTGCTCTCTCGTGGG-1-2,-4.884472,5.636845,Fibrocytes,24
GTTGTAGCATGCCATA-1-2,5.109906,9.149882,Supporting cells,24
GTTGTAGGTGTAAACA-1-2,5.074304,5.9465537,Supporting cells,24
GTTGTCCGTGGTCTCG-1-2,-3.9708025,5.673488,Fibrocytes,24
GTTGTGAAGAAACCCG-1-2,-3.6299572,6.0426884,Supporting cells,24
GTTGTGATCTAGGCAT-1-2,-4.315993,4.2917714,Fibrocytes,24
GTTTACTCACATATGC-1-2,-2.061176,3.9096012,Supporting cells,24
GTTTACTCAGCTGTAT-1-2,-0.90806794,4.6184363,Supporting cells,24
GTTTACTCATATGCGT-1-2,-2.5787182,2.8092396,Supporting cells,24
GTTTACTGTACGTGTT-1-2,9.82841,5.107594,Supporting cells,24
GTTTACTGTGCTGTCG-1-2,1.3612932,2.018795,Supporting cells,24
GTTTACTTCATCACAG-1-2,7.914337,7.842737,Glia/Schwann,24
GTTTACTTCATCTGTT-1-2,6.057667,-0.5406466,Inner hair cells,24
GTTTGGAGTGAGACCA-1-2,0.9966626,4.8001275,Supporting cells,24
TAACACGAGATTCGAA-1-2,1.1584102,2.2145743,Supporting cells,24
TAACACGAGCAACTCT-1-2,-3.13179,1.9715506,Fibrocytes,24
TAACACGCACGCGGTT-1-2,3.7385604,5.0544696,Supporting cells,24
TAACACGGTCCACAGC-1-2,2.583795,9.326986,Supporting cells,24
TAACCAGCATATTCGG-1-2,2.2921028,7.1493645,Supporting cells,24
TAACCAGTCAAATGCC-1-2,0.9153648,4.551831,Supporting cells,24
TAACGACCACTCTCGT-1-2,3.0371628,7.0163836,Fibrocytes,24
TAACGACTCCTGCCAT-1-2,-1.2217072,6.4181495,Supporting cells,24
TAACGACTCGTGGCGT-1-2,5.518941,4.1564374,Supporting cells,24
TAACTTCAGATGACCG-1-2,-2.0068552,0.9855657,Supporting cells,24
TAACTTCAGCATACTC-1-2,0.56086105,7.4438143,Supporting cells,24
TAACTTCGTATTCTCT-1-2,-0.16967066,5.8290634,Supporting cells,24
TAACTTCTCCATATGG-1-2,-3.3826087,6.0922413,Supporting cells,24
TAAGCACAGACGTCCC-1-2,-0.7222209,1.5619937,Supporting cells,24
TAAGCACAGGATTTGA-1-2,0.35584274,11.448392,Fibrocytes,24
TAAGCACTCTGCAGCG-1-2,2.0057206,11.2202215,Fibrocytes,24
TAAGCCAAGTGATAAC-1-2,-1.1292038,-1.0593717,Supporting cells,24
TAAGCGTGTTACCCTC-1-2,-3.2878275,10.976967,Macrophages/Microglia,24
TAAGTCGCAGACGATG-1-2,-0.80742556,4.384426,Supporting cells,24
TAAGTCGTCCTGGTCT-1-2,9.23374,9.333429,Glia/Schwann,24
TAATCTCGTAGTGCGA-1-2,4.3188124,10.399167,Supporting cells,24
TAATCTCGTGGATGAC-1-2,1.9463185,9.984485,Supporting cells,24
TAATCTCTCGATACAC-1-2,-5.0055523,4.5168486,Fibrocytes,24
TAATTCCAGCAATAAC-1-2,-0.3185555,3.238559,Supporting cells,24
TAATTCCCATGTTTGG-1-2,-2.1554742,3.00891,Supporting cells,24
TACAACGCAGTTGTTG-1-2,4.921116,5.211506,Supporting cells,24
TACAACGTCACCATAG-1-2,0.97444326,4.017057,Supporting cells,24
TACACCCAGGTCCGAA-1-2,0.3395477,8.167697,Supporting cells,24
TACACCCGTAATGCGG-1-2,8.878642,0.8874971,Outer hair cells,24
TACACCCGTATTTCGG-1-2,-2.23431,2.2981436,Supporting cells,24
TACACCCTCGAAGTGG-1-2,5.90076,6.8870635,Glia/Schwann,24
TACAGGTAGCTAAACA-1-2,0.17973755,5.400336,Supporting cells,24
TACAGGTGTACGTAGG-1-2,4.6710095,4.3698344,Supporting cells,24
TACATTCAGCGAGAAA-1-2,-3.0340905,5.793741,Supporting cells,24
TACATTCGTTGTAAAG-1-2,-0.86707723,4.2657046,Supporting cells,24
TACATTCTCGTGTCAA-1-2,-2.4894435,0.5888802,Supporting cells,24
TACCCACGTAACATAG-1-2,4.0568237,10.869608,Supporting cells,24
TACCCGTAGTCAGCGA-1-2,1.1987537,3.9131832,Supporting cells,24
TACCCGTCAATAACGA-1-2,0.45967728,7.2825584,Supporting cells,24
TACCCGTGTCCAATCA-1-2,5.743979,10.820977,Supporting cells,24
TACCCGTGTTATGTGC-1-2,5.698638,7.215008,Fibrocytes,24
TACCGAACACGCTGCA-1-2,0.6592817,10.593055,Fibrocytes,24
TACCGAACATCCAACA-1-2,-2.7241485,4.190243,Supporting cells,24
TACCGAAGTCAACGCC-1-2,6.5809674,5.188199,Supporting cells,24
TACCGAATCCAACTAG-1-2,7.9998894,4.95419,Supporting cells,24
TACCGGGGTACAACGG-1-2,1.5953858,9.762672,Supporting cells,24
TACCGGGTCTGAGAGG-1-2,-4.8105597,4.8468137,Fibrocytes,24
TACCTCGTCCTTGAAG-1-2,4.440064,2.351498,Supporting cells,24
TACCTGCAGACAACAT-1-2,5.443139,5.685504,Supporting cells,24
TACGCTCCAAGAGATT-1-2,-0.4247022,3.225083,Supporting cells,24
TACGCTCGTAGAGGAA-1-2,7.8652344,9.33416,Glia/Schwann,24
TACGCTCGTGCACAAG-1-2,2.5015402,3.737756,Supporting cells,24
TACGGTAAGAATAACC-1-2,-5.6950727,5.366623,Fibrocytes,24
TACGTCCAGTACGAGC-1-2,5.4911556,6.5269966,Supporting cells,24
TACGTCCCACCGCTAG-1-2,2.2731726,4.5256042,Fibrocytes,24
TACGTCCTCGACACCG-1-2,-4.8855658,4.7761784,Fibrocytes,24
TACTGCCAGCCTGGAA-1-2,9.286219,9.067117,Glia/Schwann,24
TACTGCCCACTGGCGT-1-2,-1.0734636,1.8624257,Supporting cells,24
TACTGCCCAGCCGTCA-1-2,2.798805,4.638607,Supporting cells,24
TACTGCCGTCCGAAGA-1-2,5.4284925,6.63927,Supporting cells,24
TACTGCCGTGCCCACA-1-2,0.7325753,2.687015,Supporting cells,24
TACTGCCTCAGAGTTC-1-2,2.3008242,7.6616945,Supporting cells,24
TACTTACAGTGATAAC-1-2,-1.357558,2.126815,Supporting cells,24
TACTTACCAAAGTGTA-1-2,5.629299,3.6123285,Supporting cells,24
TACTTCAAGCGCTGCT-1-2,8.834773,8.458173,Glia/Schwann,24
TACTTCATCCGGGACT-1-2,4.039871,9.624889,Supporting cells,24
TACTTGTGTATTAAGG-1-2,-0.10552468,2.7633154,Supporting cells,24
TACTTGTGTTACGGAG-1-2,0.0456935,3.2904038,Supporting cells,24
TACTTGTTCAGGACAG-1-2,8.324057,9.243458,Glia/Schwann,24
TAGACCACAATCTCTT-1-2,0.5646598,12.56604,Fibrocytes,24
TAGACCAGTCATGCAT-1-2,0.34349814,13.413751,Fibrocytes,24
TAGACTGAGATTAGTG-1-2,-0.039619237,0.23539561,Supporting cells,24
TAGACTGAGCATCGAG-1-2,8.46055,6.588998,Supporting cells,24
TAGACTGAGGCGAAGG-1-2,-0.018555548,6.3296046,Supporting cells,24
TAGACTGAGTTAACGA-1-2,1.8034513,4.647328,Fibrocytes,24
TAGACTGCAAGTCGTT-1-2,-1.0141042,3.7805061,Supporting cells,24
TAGACTGGTTCTCGCT-1-2,5.3934293,5.456768,Supporting cells,24
TAGAGTCCAGTCGAGA-1-2,-1.1015345,0.91391134,Supporting cells,24
TAGAGTCGTATCCCTC-1-2,4.358502,2.6531236,Supporting cells,24
TAGAGTCTCAAAGAAC-1-2,-0.54040575,4.7696953,Supporting cells,24
TAGATCGGTATCACGT-1-2,10.403005,2.9142954,Spiral ganglion neurons,24
TAGCACAAGTGGACGT-1-2,3.8315609,4.2587037,Supporting cells,24
TAGCACACACTATGTG-1-2,-1.3328911,2.8902936,Supporting cells,24
TAGCACACATGACCCG-1-2,-3.0765584,5.823935,Supporting cells,24
TAGGAGGAGACCATGG-1-2,-1.1292386,4.1236467,Supporting cells,24
TAGGAGGCAGGTAGTG-1-2,9.805856,8.641556,Glia/Schwann,24
TAGGAGGGTAACAGTA-1-2,-1.9661797,-1.3763872,Supporting cells,24
TAGGAGGGTCGGTACC-1-2,-1.4214383,5.630761,Supporting cells,24
TAGGGTTAGCAAGCCA-1-2,1.9640037,5.651981,Supporting cells,24
TAGGTACAGACACACG-1-2,-1.7041271,3.5764456,Supporting cells,24
TAGGTTGCACTTACAG-1-2,8.794149,4.6260114,Supporting cells,24
TAGGTTGGTCCCGCAA-1-2,7.4123216,5.451716,Supporting cells,24
TAGGTTGGTTACACTG-1-2,-0.017029995,6.450038,Supporting cells,24
TAGGTTGTCAAGGAGC-1-2,0.066980466,4.980053,Supporting cells,24
TAGGTTGTCATAAGGA-1-2,-2.7600822,4.8689446,Supporting cells,24
TAGGTTGTCATGCAGT-1-2,-0.86061996,4.18164,Supporting cells,24
TAGGTTGTCTTCCGTG-1-2,1.0274118,13.437534,Fibrocytes,24
TAGTGCAAGCTCCATA-1-2,-1.0877976,4.872634,Supporting cells,24
TAGTGCACAAACTCGT-1-2,4.2016354,4.923456,Supporting cells,24
TAGTGCACACGATAGG-1-2,5.9120793,8.101128,Glia/Schwann,24
TAGTGCACACGTCATA-1-2,9.107557,9.229994,Glia/Schwann,24
TAGTGCACACTGTTCC-1-2,1.6172438,1.3546537,Supporting cells,24
TAGTGCATCACACCGG-1-2,4.452501,8.079088,Supporting cells,24
TATACCTAGCCTCTCT-1-2,0.2335772,2.5315256,Supporting cells,24
TATACCTAGCCTGCCA-1-2,-0.55661017,0.21337359,Supporting cells,24
TATACCTTCCCATAAG-1-2,3.6696324,5.648808,Supporting cells,24
TATATCCAGGGTTTCT-1-2,3.718773,8.840328,Supporting cells,24
TATATCCCATCAGCTA-1-2,9.144068,8.522665,Glia/Schwann,24
TATATCCTCGAAACAA-1-2,-0.27950403,3.6522248,Supporting cells,24
TATATCCTCGTCTAAG-1-2,-5.6890574,5.0376043,Fibrocytes,24
TATCAGGAGCTCCGAC-1-2,-0.9442945,4.183877,Supporting cells,24
TATCAGGCAATGTCTG-1-2,-3.9801579,5.50312,Supporting cells,24
TATCAGGGTCAACACT-1-2,-4.4892306,5.7367883,Fibrocytes,24
TATCCTACACCTTCGT-1-2,0.73520166,3.170821,Supporting cells,24
TATCCTACATGACAAA-1-2,4.3054476,4.4291487,Supporting cells,24
TATCCTATCCACGTAA-1-2,11.12672,3.0003572,Spiral ganglion neurons,24
TATCCTATCCTTGGAA-1-2,-1.1422055,3.8379772,Supporting cells,24
TATCCTATCGTAACAC-1-2,4.644829,4.3628874,Supporting cells,24
TATCGCCGTCCACACG-1-2,-6.0797853,5.299271,Fibrocytes,24
TATCGCCTCAATCTTC-1-2,4.453449,2.1964557,Supporting cells,24
TATCGCCTCATTGCGA-1-2,-1.0231023,2.2719553,Supporting cells,24
TATCTGTCAACCGTGC-1-2,5.3260384,6.9059944,Glia/Schwann,24
TATCTGTGTAAGCTCT-1-2,-4.515425,4.914851,Fibrocytes,24
TATCTGTGTTAGGCTT-1-2,4.9757833,8.693089,Supporting cells,24
TATCTTGTCAGTAGGG-1-2,-4.5295863,4.934712,Fibrocytes,24
TATGTTCCAAACAGGC-1-2,7.015171,4.4909635,Supporting cells,24
TATGTTCCAAGTGGCA-1-2,0.70265085,3.3841937,Supporting cells,24
TATTCCACACTTCATT-1-2,-2.2352872,10.768109,Macrophages/Microglia,24
TATTCCACAGTTTGGT-1-2,-1.483978,3.7912714,Supporting cells,24
TATTCCACATACCATG-1-2,6.3791447,5.160828,Supporting cells,24
TATTCCACATGCCGAC-1-2,-2.1041198,4.204357,Supporting cells,24
TATTCCATCTACTGCC-1-2,-1.2142079,0.3957115,Supporting cells,24
TATTGCTAGGACGCTA-1-2,-3.2126956,5.7259264,Supporting cells,24
TATTGCTCAAGTGGAC-1-2,-1.2389191,5.270972,Supporting cells,24
TATTGCTCATCTGCGG-1-2,-0.8842136,6.4369817,Supporting cells,24
TATTGCTTCCTGTTGC-1-2,-1.6987318,3.1198056,Supporting cells,24
TATTGGGAGTTACGGG-1-2,10.592408,3.4884393,Spiral ganglion neurons,24
TATTGGGCAAAGGCTG-1-2,-0.18798968,3.958491,Supporting cells,24
TATTGGGCACAGACGA-1-2,1.6694956,6.9727426,Supporting cells,24
TATTGGGGTATCTCGA-1-2,-4.0053945,5.1502132,Supporting cells,24
TATTGGGGTCCGAAGA-1-2,3.751566,5.603861,Supporting cells,24
TATTGGGGTGAACGGT-1-2,0.061474197,2.9903386,Supporting cells,24
TATTGGGTCTGCTAGA-1-2,7.7578397,3.6833792,Supporting cells,24
TATTTCGCAAGCAATA-1-2,11.718213,2.7209697,Spiral ganglion neurons,24
TATTTCGGTCCTGTTC-1-2,7.2225976,-1.1662587,Inner hair cells,24
TCAAGACCAAATTGCC-1-2,5.694042,2.2716851,Supporting cells,24
TCAAGACCACCTATCC-1-2,-5.611264,4.7588663,Fibrocytes,24
TCAAGACCACTCGATA-1-2,-2.2806168,2.3469167,Supporting cells,24
TCAAGACCATGGCACC-1-2,4.7159147,6.792802,Supporting cells,24
TCAAGACGTACACGCC-1-2,1.3675698,5.7013984,Supporting cells,24
TCAAGACGTCCACAGC-1-2,0.8056625,8.223782,Supporting cells,24
TCAAGCAAGTCGAAAT-1-2,4.729304,2.271791,Supporting cells,24
TCAAGCACACCAATTG-1-2,-1.2676105,4.3561125,Supporting cells,24
TCAAGCACATGGATCT-1-2,5.063336,4.8976703,Supporting cells,24
TCAAGCAGTAGTGGCA-1-2,-0.09678293,0.9954568,Supporting cells,24
TCAAGTGCAAGCTGCC-1-2,5.7045565,2.6518862,Supporting cells,24
TCAAGTGGTCCTGGTG-1-2,-0.9630705,5.0114837,Supporting cells,24
TCAATCTGTTCCTAAG-1-2,-0.07432667,8.621493,Supporting cells,24
TCAATCTTCGTAGCCG-1-2,-4.2251906,5.788368,Fibrocytes,24
TCACACCCACCAAAGG-1-2,8.8424425,4.9057403,Supporting cells,24
TCACATTAGAAACTGT-1-2,5.223922,12.577964,Supporting cells,24
TCACATTTCGTACACA-1-2,0.7970577,10.699063,Fibrocytes,24
TCACGCTGTCTCGGAC-1-2,0.061184034,4.2549253,Supporting cells,24
TCACGCTTCGATTCCC-1-2,7.0806355,10.369078,Glia/Schwann,24
TCACGGGAGGCATCGA-1-2,6.516386,7.8785567,Glia/Schwann,24
TCACGGGCAAATTAGG-1-2,-1.9063746,2.9447055,Supporting cells,24
TCACGGGGTTGTATGC-1-2,-1.9366525,2.5563293,Supporting cells,24
TCACTATAGACGGAAA-1-2,0.26007456,2.6846094,Supporting cells,24
TCACTATAGCAAGCCA-1-2,6.1895895,7.051094,Glia/Schwann,24
TCACTATCAAGTTTGC-1-2,7.601531,7.921963,Glia/Schwann,24
TCACTATCACTTGTGA-1-2,-2.009785,5.6037564,Supporting cells,24
TCACTATTCGCCACTT-1-2,0.6409671,11.218794,Fibrocytes,24
TCACTATTCTACCTTA-1-2,-6.0659747,5.421717,Fibrocytes,24
TCACTCGAGCCGAATG-1-2,7.1212845,1.995219,Outer hair cells,24
TCACTCGTCCAAGCAT-1-2,6.440752,10.982782,Fibrocytes,24
TCACTCGTCCATTTCA-1-2,-1.9709345,0.45490128,Supporting cells,24
TCACTCGTCCGTAATG-1-2,-1.0259993,0.102216855,Supporting cells,24
TCAGCAACAGTAACCT-1-2,8.128544,3.2834048,Supporting cells,24
TCAGCAAGTAACACCT-1-2,-0.44922167,3.633878,Supporting cells,24
TCAGCAAGTCTGATAC-1-2,-4.594672,4.987881,Fibrocytes,24
TCAGCAATCACCTTGC-1-2,-5.279024,5.1770325,Fibrocytes,24
TCAGCCTAGCGCACAA-1-2,3.0060914,3.9091184,Fibrocytes,24
TCAGCCTGTAAGTCAA-1-2,7.2589984,5.5461698,Supporting cells,24
TCAGCCTGTACAATAG-1-2,-1.239268,5.4356647,Supporting cells,24
TCAGGGCCAACCCGCA-1-2,4.236698,2.5524206,Supporting cells,24
TCAGGGCGTCAGCTTA-1-2,4.008448,6.027507,Supporting cells,24
TCAGGGCTCATGCGGC-1-2,0.23396073,5.694414,Supporting cells,24
TCAGGTAAGTAACCGG-1-2,-0.6394253,4.396293,Supporting cells,24
TCAGGTACAATTCTCT-1-2,8.711364,8.462276,Glia/Schwann,24
TCAGTCCAGGACTAAT-1-2,7.427275,8.877421,Glia/Schwann,24
TCAGTCCAGTTTCAGC-1-2,0.77851963,1.365046,Supporting cells,24
TCAGTCCGTCTTGTCC-1-2,-1.8710912,4.487776,Supporting cells,24
TCAGTCCTCAACTCTT-1-2,-2.243767,5.068501,Supporting cells,24
TCAGTGAAGTCTCCTC-1-2,-1.0019034,3.3240511,Supporting cells,24
TCAGTGAGTTCTTCAT-1-2,1.1425399,0.7609526,Supporting cells,24
TCAGTGAGTTGAGGAC-1-2,-2.5526023,6.947665,Supporting cells,24
TCAGTTTTCCCTTTGG-1-2,0.23471887,0.60456043,Supporting cells,24
TCATACTCATGAATAG-1-2,4.93367,7.363724,Supporting cells,24
TCATACTGTAGTCTTG-1-2,4.581537,8.163532,Supporting cells,24
TCATACTGTCACAGTT-1-2,-5.450885,4.856666,Fibrocytes,24
TCATACTGTGCATGTT-1-2,3.3128412,6.3144903,Fibrocytes,24
TCATACTGTGCTAGCC-1-2,3.8392656,4.683658,Supporting cells,24
TCATATCAGTAGTCCT-1-2,5.136942,4.519054,Supporting cells,24
TCATATCAGTATCTGC-1-2,-6.65457,5.29828,Fibrocytes,24
TCATATCGTGTATCCA-1-2,1.3161157,7.474051,Supporting cells,24
TCATATCGTTATTCCT-1-2,-4.760139,5.711245,Fibrocytes,24
TCATATCTCGACGACC-1-2,-0.6283203,3.956924,Supporting cells,24
TCATCATAGCCTGTGC-1-2,-1.5477521,4.3524256,Supporting cells,24
TCATCATAGTCACGCC-1-2,-0.09421522,7.9811397,Supporting cells,24
TCATCATCAACATACC-1-2,-0.02019005,5.8466463,Supporting cells,24
TCATCATCAGCATCTA-1-2,1.4933817,3.6021252,Supporting cells,24
TCATCATGTGGTAATA-1-2,-1.1376064,2.2675357,Supporting cells,24
TCATCCGTCATTCGGA-1-2,0.30622613,8.065842,Supporting cells,24
TCATGAGAGCTATCTG-1-2,6.0007257,0.22234572,Inner hair cells,24
TCATGAGTCGAGAACG-1-2,6.9431686,8.143921,Glia/Schwann,24
TCATGGATCGAGCTGC-1-2,-1.6727855,4.246474,Supporting cells,24
TCATGTTTCAGATGCT-1-2,-6.301015,4.849509,Fibrocytes,24
TCATGTTTCCCAGTGG-1-2,-1.0968372,2.2958226,Supporting cells,24
TCATGTTTCGAACCTA-1-2,4.9105444,5.420807,Supporting cells,24
TCATTACGTGGACCAA-1-2,-2.86026,4.1374626,Supporting cells,24
TCATTACGTGGCATCC-1-2,-3.2086587,10.483296,Macrophages/Microglia,24
TCATTACTCCATGATG-1-2,5.280208,12.332208,Supporting cells,24
TCATTCAAGTTCAACC-1-2,2.7914546,5.390024,Supporting cells,24
TCATTCAGTCCAACGC-1-2,-2.16807,3.5100749,Supporting cells,24
TCATTCATCTTAGGAC-1-2,6.0984907,5.2108703,Supporting cells,24
TCATTGTGTGACCTGC-1-2,5.380658,6.2051506,Supporting cells,24
TCATTTGGTCACTCGG-1-2,-0.08224673,4.1798744,Supporting cells,24
TCATTTGGTCATGACT-1-2,5.1623054,12.158513,Supporting cells,24
TCATTTGGTTATCCAG-1-2,4.8366737,3.035464,Supporting cells,24
TCATTTGGTTCGGTTA-1-2,-1.4842633,4.9887657,Supporting cells,24
TCATTTGGTTGTGGCC-1-2,-0.8915631,2.6844642,Supporting cells,24
TCCACCAAGTATGTAG-1-2,-2.6881073,10.277914,Macrophages/Microglia,24
TCCACCAGTAGGCTGA-1-2,8.419629,8.429647,Glia/Schwann,24
TCCACCATCCTACGAA-1-2,6.6442385,8.1676035,Glia/Schwann,24
TCCACGTGTAGGTCAG-1-2,0.33583155,12.835466,Fibrocytes,24
TCCACGTGTCAACCAT-1-2,3.3149753,11.64559,Supporting cells,24
TCCACGTGTTCCGGTG-1-2,-1.9435655,0.056323003,Supporting cells,24
TCCAGAACAATAGAGT-1-2,9.662163,5.1617646,Supporting cells,24
TCCAGAACATCCGGTG-1-2,7.5643654,7.8567142,Glia/Schwann,24
TCCAGAATCGGAGCAA-1-2,-0.64633393,3.8446217,Supporting cells,24
TCCATCGCAAGATGTA-1-2,4.9232774,6.429961,Supporting cells,24
TCCATCGTCATCTGTT-1-2,-1.6628692,4.823964,Supporting cells,24
TCCATGCAGTTGAAGT-1-2,6.478803,6.2502713,Supporting cells,24
TCCATGCCAGACCTAT-1-2,5.36166,12.09147,Glia/Schwann,24
TCCATGCCAGTCGAGA-1-2,8.532365,9.046439,Glia/Schwann,24
TCCATGCGTCGCGTCA-1-2,10.515009,3.4661262,Spiral ganglion neurons,24
TCCATGCGTCTCACGG-1-2,-3.9958518,4.7232637,Fibrocytes,24
TCCATGCGTGGACTGA-1-2,5.2463126,9.575076,Supporting cells,24
TCCCACAAGCATTGTC-1-2,4.530439,11.929774,Supporting cells,24
TCCCACATCCTTCACG-1-2,0.7690275,3.0989811,Supporting cells,24
TCCCAGTCAATGTCAC-1-2,-2.2625074,2.6308048,Supporting cells,24
TCCCAGTGTATGAGAT-1-2,4.697689,6.3317614,Supporting cells,24
TCCCATGAGAGCACTG-1-2,-1.1268102,3.7679698,Supporting cells,24
TCCCATGAGAGCCGAT-1-2,2.7655447,10.542341,Supporting cells,24
TCCCATGGTTACACTG-1-2,0.33003372,3.8635507,Supporting cells,24
TCCCATGTCAAGCTGT-1-2,5.175472,5.0578046,Supporting cells,24
TCCGAAACACCACTGG-1-2,-1.1918648,5.780529,Supporting cells,24
TCCGAAACAGACTGCC-1-2,0.8783314,11.388054,Fibrocytes,24
TCCGAAACAGGCCTGT-1-2,0.09609381,9.317043,Supporting cells,24
TCCGAAAGTGCCCGTA-1-2,-6.9862185,5.548357,Fibrocytes,24
TCCGAAATCGATTTCT-1-2,-4.2844143,4.7790213,Fibrocytes,24
TCCGATCCAGCACGAA-1-2,10.298525,3.1862564,Spiral ganglion neurons,24
TCCGGGAAGAACGCGT-1-2,-1.9799392,1.2322322,Supporting cells,24
TCCGGGACAACGATTC-1-2,5.888072,0.10909328,Inner hair cells,24
TCCTAATCACCACATA-1-2,9.279162,4.253884,Glia/Schwann,24
TCCTCCCCAGGAGGAG-1-2,3.301861,5.5044646,Supporting cells,24
TCCTCCCTCCGAAGGA-1-2,3.9627671,6.6890635,Supporting cells,24
TCCTCGAAGTTAGAAC-1-2,-0.0788774,2.6769323,Supporting cells,24
TCCTCGACAAGCTACT-1-2,-2.3516665,4.468749,Supporting cells,24
TCCTCGAGTCCAGGTC-1-2,4.98027,5.550781,Supporting cells,24
TCCTCGATCTGAGTCA-1-2,6.5668845,6.4439697,Glia/Schwann,24
TCCTCTTAGGACTTCT-1-2,5.6220007,5.618164,Supporting cells,24
TCCTCTTCAAAGCGTG-1-2,-1.3592364,5.482962,Supporting cells,24
TCCTCTTCATTCACCC-1-2,5.0252094,12.149064,Supporting cells,24
TCCTCTTGTGCCGAAA-1-2,10.117934,5.2724466,Supporting cells,24
TCCTGCAAGTCTTGGT-1-2,7.517678,4.925785,Supporting cells,24
TCCTGCACACAGCATT-1-2,5.2614336,10.176677,Supporting cells,24
TCCTTCTAGGCCACCT-1-2,0.6078989,3.4055157,Supporting cells,24
TCCTTCTAGTATTCCG-1-2,-6.050742,5.517363,Fibrocytes,24
TCCTTCTGTATCAAGA-1-2,-1.7831414,3.1872633,Supporting cells,24
TCCTTCTTCGCTTTAT-1-2,-1.2638212,4.2089734,Supporting cells,24
TCCTTTCAGTGACCTT-1-2,-1.7809795,4.5387764,Supporting cells,24
TCCTTTCCAGCCTATA-1-2,5.2357497,12.225723,Inner hair cells,24
TCCTTTCTCAACGCTA-1-2,5.628099,1.8090448,Inner hair cells,24
TCGAACACACCGTACG-1-2,4.522285,7.3474436,Supporting cells,24
TCGAACACAGCCTTCT-1-2,-0.057645988,4.1851997,Supporting cells,24
TCGAACAGTTATCTGG-1-2,3.691295,5.0377254,Supporting cells,24
TCGAACAGTTCGTGCG-1-2,-1.278344,6.5212965,Supporting cells,24
TCGAACAGTTCTAACG-1-2,5.1755147,5.178742,Supporting cells,24
TCGAACATCCCGGTAG-1-2,1.1930475,11.810914,Fibrocytes,24
TCGAAGTAGGGAGGTG-1-2,7.2531853,8.550913,Glia/Schwann,24
TCGAAGTAGGGTACAC-1-2,6.542026,8.383719,Glia/Schwann,24
TCGAAGTAGGTCACAG-1-2,2.7616694,5.791399,Fibrocytes,24
TCGAAGTAGTCTAACC-1-2,0.3659619,0.80522007,Supporting cells,24
TCGAAGTCAACACTAC-1-2,1.4829566,2.0546339,Supporting cells,24
TCGAAGTGTGACCGAA-1-2,-0.44127166,2.8293438,Supporting cells,24
TCGAAGTTCATAGACC-1-2,0.73437154,1.0168126,Supporting cells,24
TCGACCTGTATGAGGC-1-2,8.501915,6.4103866,Supporting cells,24
TCGACGGTCGGCCTTT-1-2,-5.746172,5.2938485,Fibrocytes,24
TCGATTTAGTCCCAGC-1-2,4.499426,5.506255,Supporting cells,24
TCGATTTAGTTGAAGT-1-2,-3.0381682,6.355725,Supporting cells,24
TCGATTTCAAAGCGTG-1-2,3.5973566,8.981263,Supporting cells,24
TCGATTTCAGATCACT-1-2,2.3499873,13.096269,Fibrocytes,24
TCGATTTCATCCAATG-1-2,-0.9697096,2.153878,Supporting cells,24
TCGATTTTCTATACGG-1-2,9.556019,8.624671,Glia/Schwann,24
TCGCACTCACAACCGC-1-2,0.4487973,6.199612,Supporting cells,24
TCGCAGGAGAACAGGA-1-2,8.957637,8.852099,Glia/Schwann,24
TCGCAGGAGCCAGTAG-1-2,2.5796745,10.088727,Supporting cells,24
TCGCAGGCAAGTGGAC-1-2,-0.28499472,5.4945426,Supporting cells,24
TCGCAGGCACACCTGG-1-2,3.2764244,9.357916,Supporting cells,24
TCGCAGGCATGCCGAC-1-2,2.7090416,10.514852,Supporting cells,24
TCGCTCACAGCACGAA-1-2,3.1399395,3.8804877,Supporting cells,24
TCGCTCAGTTATCTGG-1-2,2.4718816,3.6430702,Supporting cells,24
TCGCTCAGTTATGACC-1-2,-5.4341216,5.3999424,Fibrocytes,24
TCGCTCATCGAACCTA-1-2,-0.41780484,4.1012197,Supporting cells,24
TCGCTTGAGACTACCT-1-2,-1.5602602,5.5150814,Supporting cells,24
TCGCTTGTCAAGGAGC-1-2,-1.0328012,3.2500854,Supporting cells,24
TCGCTTGTCTGGCCTT-1-2,-0.41871095,3.1480074,Supporting cells,24
TCGGATACACTATCGA-1-2,-1.2471611,0.17769302,Supporting cells,24
TCGGATAGTACACGCC-1-2,2.813548,10.454548,Supporting cells,24
TCGGATATCATTGCTT-1-2,3.900947,6.8507066,Fibrocytes,24
TCGGGACAGAACCCGA-1-2,-5.3101873,4.981413,Fibrocytes,24
TCGGGACTCAAGCCTA-1-2,1.3736091,4.7105436,Supporting cells,24
TCGGGACTCTTCCCGA-1-2,-0.18867296,4.4540997,Supporting cells,24
TCGGGCAAGACCCTTA-1-2,2.0611537,7.771092,Supporting cells,24
TCGGGCAAGCGTACAG-1-2,6.0400176,7.201823,Glia/Schwann,24
TCGGGCACAGCTATAC-1-2,4.537498,4.026322,Supporting cells,24
TCGGGTGTCTACCCAC-1-2,3.4197035,0.7224983,Glia/Schwann,24
TCGGTCTCAAATGCTC-1-2,-0.71686643,5.359325,Supporting cells,24
TCGGTCTCAGTATACC-1-2,1.386506,11.46786,Fibrocytes,24
TCGGTCTCATGACTAC-1-2,5.210054,6.102138,Supporting cells,24
TCGGTCTTCTTACGGA-1-2,2.1205423,7.979855,Supporting cells,24
TCGTAGATCCTGTTGC-1-2,-1.502903,1.1605906,Supporting cells,24
TCGTCCACAAACCATC-1-2,4.2359853,-1.9457692,Supporting cells,24
TCGTCCATCCCTCGTA-1-2,10.511483,2.844988,Spiral ganglion neurons,24
TCGTGCTAGACGCATG-1-2,-0.8402149,4.848783,Supporting cells,24
TCGTGCTGTAGCTGTT-1-2,-3.014065,2.5653489,Supporting cells,24
TCGTGCTGTATAGCTC-1-2,-5.1538415,5.2774334,Fibrocytes,24
TCGTGGGCAGGTACGA-1-2,7.867971,8.192802,Glia/Schwann,24
TCGTGGGGTTAACCTG-1-2,9.945946,3.3575363,Spiral ganglion neurons,24
TCGTGGGGTTCCGTTC-1-2,-0.8854756,6.3235674,Supporting cells,24
TCTAACTCATTCTCCG-1-2,7.7360063,4.8454995,Supporting cells,24
TCTAACTTCCAACCGG-1-2,3.665074,6.073102,Supporting cells,24
TCTAACTTCCAGTGTA-1-2,10.392961,2.9486825,Spiral ganglion neurons,24
TCTACATCAATAACGA-1-2,3.5538392,5.6802278,Supporting cells,24
TCTACCGCACTTTATC-1-2,0.38279444,5.096456,Supporting cells,24
TCTACCGCAGGGAGAG-1-2,-1.2499846,2.404154,Supporting cells,24
TCTACCGTCAGTCAGT-1-2,8.247875,9.116466,Glia/Schwann,24
TCTACCGTCCTGCCAT-1-2,0.49094802,4.99805,Supporting cells,24
TCTATACCAATCTCGA-1-2,-0.19775088,2.2597198,Supporting cells,24
TCTATACCATAACGGG-1-2,-1.2893926,3.782472,Supporting cells,24
TCTATACCATTGCCGG-1-2,9.145461,6.603035,Supporting cells,24
TCTATACGTTAAAGTG-1-2,2.2240767,6.828812,Supporting cells,24
TCTATACTCACACCGG-1-2,9.636818,8.741513,Glia/Schwann,24
TCTATACTCCCTATTA-1-2,0.68967354,2.3575964,Supporting cells,24
TCTATCAAGACGCCCT-1-2,-0.33355707,4.9321127,Supporting cells,24
TCTATCAGTAGGTGCA-1-2,1.1324295,13.063773,Fibrocytes,24
TCTATCAGTGGTCTTA-1-2,-2.1971173,10.193597,Macrophages/Microglia,24
TCTCACGAGTCAGGGT-1-2,-0.22410043,4.347679,Supporting cells,24
TCTCACGGTGGAGAAA-1-2,5.922033,7.6198297,Supporting cells,24
TCTCAGCAGGTCATAA-1-2,-2.0449212,1.5569893,Supporting cells,24
TCTCAGCCAGAAATTG-1-2,-1.1239326,3.7903996,Supporting cells,24
TCTCCGACATCAACCA-1-2,3.7742712,6.6899266,Supporting cells,24
TCTCCGAGTACTGAGG-1-2,7.1007953,8.781875,Glia/Schwann,24
TCTCTGGCAGGTCAGA-1-2,-0.98582345,-0.24638009,Supporting cells,24
TCTGCCAAGCGCCTTG-1-2,1.8380477,7.6091037,Supporting cells,24
TCTGCCACAGTGTACT-1-2,4.33662,7.436238,Supporting cells,24
TCTGGCTAGAGCTGAC-1-2,0.8827001,12.166351,Fibrocytes,24
TCTGGCTGTATTGGCT-1-2,2.3119855,10.042403,Supporting cells,24
TCTGGCTTCCTAACAG-1-2,6.6712008,-1.159807,Inner hair cells,24
TCTGTCGAGGCGAAGG-1-2,6.255822,5.9878373,Supporting cells,24
TCTGTCGTCCCTGGTT-1-2,1.4304875,1.0585908,Supporting cells,24
TCTTAGTAGAGCATCG-1-2,-5.371381,4.326604,Fibrocytes,24
TCTTAGTCAATGTCAC-1-2,8.475628,4.826511,Supporting cells,24
TCTTAGTTCACTGATG-1-2,-4.1702614,3.688575,Fibrocytes,24
TCTTCCTAGCGCCTAC-1-2,6.173889,7.6126876,Glia/Schwann,24
TCTTCCTCACATTCTT-1-2,2.3096526,7.1747737,Supporting cells,24
TCTTGCGAGAGGCGTT-1-2,-1.7834158,-1.5526819,Supporting cells,24
TCTTGCGAGGGTGAAA-1-2,-2.598419,1.1023256,Supporting cells,24
TCTTGCGAGGTAACTA-1-2,-1.5388861,2.3738885,Supporting cells,24
TCTTGCGAGTCTGCGC-1-2,4.666045,1.7117155,Supporting cells,24
TCTTTGAAGTTCGGTT-1-2,-0.0685544,6.8989234,Supporting cells,24
TCTTTGACACAAATGA-1-2,0.8213736,7.162625,Supporting cells,24
TCTTTGAGTCCCTAAA-1-2,6.6629567,7.964068,Glia/Schwann,24
TGAACGTCAACACGAG-1-2,-1.1357368,5.6115046,Supporting cells,24
TGAACGTCACACCTGG-1-2,0.54011834,6.040443,Supporting cells,24
TGAACGTCATCCGTGG-1-2,9.9800005,9.073157,Glia/Schwann,24
TGAACGTGTGTCGCTG-1-2,0.36266455,5.8571577,Supporting cells,24
TGAATCGCAGGCGATA-1-2,0.10925132,1.4733392,Supporting cells,24
TGAATCGGTGTGTTTG-1-2,-0.69545394,5.1891026,Supporting cells,24
TGAATCGTCGTCGGGT-1-2,0.39740628,13.950123,Fibrocytes,24
TGAATCGTCTTAGCTT-1-2,-0.022801828,4.144185,Supporting cells,24
TGAATGCAGATTACCC-1-2,6.3950553,8.983903,Glia/Schwann,24
TGAATGCTCCCTGGTT-1-2,7.402481,3.936994,Supporting cells,24
TGACAGTAGCTGAGTG-1-2,0.43090817,2.648702,Supporting cells,24
TGACAGTCACTTGGGC-1-2,0.44183496,1.94086,Supporting cells,24
TGACAGTGTGTCTCCT-1-2,-1.0243896,5.8685527,Supporting cells,24
TGACAGTTCACAATGC-1-2,-0.20033403,6.0434713,Supporting cells,24
TGACCCTAGTATTGCC-1-2,8.30175,0.9683191,Outer hair cells,24
TGACCCTCACGACGTC-1-2,0.91342264,1.5044426,Supporting cells,24
TGACCCTGTTAAAGTG-1-2,-1.7107707,0.31331354,Supporting cells,24
TGACGCGCACTGTGTA-1-2,5.4343452,2.8153691,Supporting cells,24
TGACTCCGTATAGCTC-1-2,5.60192,7.667015,Glia/Schwann,24
TGAGACTAGATGACAT-1-2,4.5811825,8.215574,Supporting cells,24
TGAGACTAGCATCGAG-1-2,-6.1919575,4.958587,Fibrocytes,24
TGAGACTAGTAGAATC-1-2,-1.7966561,9.855036,Supporting cells,24
TGAGACTAGTGTTGTC-1-2,7.5167665,9.114408,Glia/Schwann,24
TGAGACTGTTAGAAAC-1-2,5.839645,10.658316,Supporting cells,24
TGAGACTTCCGTGGTG-1-2,-2.2621522,5.3837485,Supporting cells,24
TGAGCATGTCGAATTC-1-2,1.1104821,12.219238,Fibrocytes,24
TGAGCATTCATTCATC-1-2,10.060369,8.488516,Glia/Schwann,24
TGAGGAGAGCACGATG-1-2,-3.8189225,4.6710844,Fibrocytes,24
TGAGGAGCAAATCCCA-1-2,-1.4209415,4.5219126,Supporting cells,24
TGAGGAGCAAGACAAT-1-2,1.0348853,3.0411382,Supporting cells,24
TGAGGAGCATGTTCAG-1-2,-6.1727476,5.358372,Fibrocytes,24
TGAGGAGGTATATGGA-1-2,0.4822723,7.1581554,Supporting cells,24
TGAGGAGGTCAACCTA-1-2,5.7037053,2.3701007,Supporting cells,24
TGAGGGAGTGCTGCAC-1-2,9.410663,8.9271145,Glia/Schwann,24
TGAGGGATCCACACCT-1-2,-0.92137647,5.9683447,Supporting cells,24
TGAGGTTAGATGGTCG-1-2,-3.7270164,5.2019258,Supporting cells,24
TGAGGTTAGGCGACAT-1-2,-1.5073875,0.29634643,Supporting cells,24
TGAGGTTAGGTCCCTG-1-2,-1.8407007,3.623215,Supporting cells,24
TGAGGTTGTCCCAAAT-1-2,3.392341,5.9643984,Supporting cells,24
TGAGGTTTCCCTCTAG-1-2,5.2357183,11.772134,Supporting cells,24
TGAGGTTTCTCATTGT-1-2,1.2049898,3.4749625,Supporting cells,24
TGAGGTTTCTGCCCTA-1-2,1.506068,3.9031773,Supporting cells,24
TGAGTCAAGCTAGAGC-1-2,5.3979063,12.620711,Supporting cells,24
TGAGTCAAGTTCCTGA-1-2,5.0383706,4.119877,Supporting cells,24
TGAGTCAGTAAGGCCA-1-2,2.2752771,4.129371,Fibrocytes,24
TGAGTCATCCCTTGGT-1-2,2.1829038,3.0556922,Supporting cells,24
TGATCAGAGAACTTCC-1-2,3.3495922,0.8064463,Glia/Schwann,24
TGATCAGCAGAATGTA-1-2,2.4663491,6.014839,Supporting cells,24
TGATCAGTCCATTGCC-1-2,-1.2449454,4.7724032,Supporting cells,24
TGATCTTCAAGGTCGA-1-2,-1.5329142,4.7163224,Supporting cells,24
TGATCTTCAATTCTTC-1-2,-1.1973181,5.092077,Supporting cells,24
TGATGCAAGTCTCCTC-1-2,1.0166143,3.1371117,Supporting cells,24
TGATGCAGTATCCCTC-1-2,-0.01634519,6.5053973,Supporting cells,24
TGATGCAGTCATATGC-1-2,1.9184085,5.665903,Supporting cells,24
TGATGCAGTCTGCCTT-1-2,-0.7570495,1.6689945,Supporting cells,24
TGATGCAGTCTGTAAC-1-2,3.1677418,9.436951,Supporting cells,24
TGATGGTCACGTCTCT-1-2,0.50830334,3.1619232,Supporting cells,24
TGATTCTAGTCTCCTC-1-2,-0.745227,6.2699256,Supporting cells,24
TGATTCTGTAACACCT-1-2,4.259536,-1.8022578,Supporting cells,24
TGATTCTGTAAGGAGA-1-2,0.5265844,2.5268786,Supporting cells,24
TGATTCTTCATACGAC-1-2,5.441951,6.0201654,Supporting cells,24
TGATTTCAGAAGCTGC-1-2,5.556713,10.191105,Supporting cells,24
TGATTTCAGTGATTCC-1-2,5.317238,4.605851,Supporting cells,24
TGATTTCCACTAACCA-1-2,-1.4535058,2.9714448,Supporting cells,24
TGATTTCCACTCATAG-1-2,0.70555305,7.196217,Supporting cells,24
TGATTTCGTATAGGAT-1-2,10.247462,0.54784065,Outer hair cells,24
TGATTTCTCTTACACT-1-2,2.7463408,13.193146,Fibrocytes,24
TGCACGGCAATGCAGG-1-2,7.1101985,9.076441,Glia/Schwann,24
TGCACGGTCCATTCGC-1-2,-2.8951473,6.219924,Supporting cells,24
TGCACGGTCGGCTTCT-1-2,-0.98948497,4.1025796,Supporting cells,24
TGCACGGTCTACTCAT-1-2,5.873514,10.8789625,Supporting cells,24
TGCAGATCAGCTATAC-1-2,-1.1261017,1.860224,Supporting cells,24
TGCAGATTCCGAGCTG-1-2,-1.6687827,5.1742306,Supporting cells,24
TGCAGGCGTACAGAAT-1-2,-3.548165,6.54125,Supporting cells,24
TGCAGGCTCCAGTACA-1-2,3.5002427,11.600589,Supporting cells,24
TGCAGGCTCCGATTAG-1-2,2.0672452,3.928968,Fibrocytes,24
TGCAGTAAGGTAGCAC-1-2,7.038141,-0.87297106,Inner hair cells,24
TGCAGTAAGTGGATAT-1-2,2.439604,13.15761,Fibrocytes,24
TGCAGTACATCTATCT-1-2,-1.5289114,3.8526313,Supporting cells,24
TGCATCCCATGTAACC-1-2,-4.431314,5.6741505,Fibrocytes,24
TGCATCCTCTGCGGCA-1-2,5.1863303,6.402564,Supporting cells,24
TGCATGACACGCACCA-1-2,-1.1141709,5.0787244,Supporting cells,24
TGCATGAGTCTCTCCA-1-2,3.740669,8.465916,Supporting cells,24
TGCATGATCCTCTCGA-1-2,-1.1569054,6.394622,Supporting cells,24
TGCCGAGCACCTGCGA-1-2,1.8351426,2.6564906,Supporting cells,24
TGCCGAGGTAGACAGC-1-2,4.0951157,6.2189703,Supporting cells,24
TGCCGAGGTCCCTAAA-1-2,4.0945497,5.6088514,Supporting cells,24
TGCGACGCAATAAGGT-1-2,-2.4324646,3.312405,Supporting cells,24
TGCGACGCATAGTCGT-1-2,-1.1720543,3.2475016,Supporting cells,24
TGCGACGGTCCCGTGA-1-2,6.086788,6.143519,Supporting cells,24
TGCGACGGTGATATAG-1-2,2.3100376,9.969094,Supporting cells,24
TGCGATAAGTGATCGG-1-2,5.1885443,7.0618386,Glia/Schwann,24
TGCGATACAGGAAGTC-1-2,-4.618027,5.125386,Fibrocytes,24
TGCGATACAGGTGTTT-1-2,1.5271218,10.176947,Fibrocytes,24
TGCGGCAAGCTAATGA-1-2,8.773547,9.107338,Glia/Schwann,24
TGCGGCAGTACACGTT-1-2,3.8295937,5.109944,Supporting cells,24
TGCGGCATCCATCCGT-1-2,-2.1939957,3.9894469,Supporting cells,24
TGCGGCATCTCTGGTC-1-2,0.72810507,8.057034,Supporting cells,24
TGCGGGTCACTTGAAC-1-2,4.111176,7.6295075,Supporting cells,24
TGCTCCAAGTACAGAT-1-2,-2.3350258,6.029257,Supporting cells,24
TGCTCCAAGTGGTCAG-1-2,-3.0581675,2.9249878,Supporting cells,24
TGCTCCACATGAAGGC-1-2,-0.021079576,3.9934158,Supporting cells,24
TGCTCCAGTGGCCACT-1-2,1.8179278,9.640054,Supporting cells,24
TGCTCCATCGTCTACC-1-2,-0.23492518,4.318801,Supporting cells,24
TGCTCCATCTTTGATC-1-2,-1.1670343,4.9960027,Supporting cells,24
TGCTCGTCACGGTCTG-1-2,5.8588524,10.882172,Supporting cells,24
TGCTCGTCAGCAGTGA-1-2,-3.0752797,4.012523,Supporting cells,24
TGCTCGTCATCTGGGC-1-2,-1.1463462,5.391266,Supporting cells,24
TGCTCGTGTCGTTGGC-1-2,5.485416,5.5607567,Supporting cells,24
TGCTCGTTCGAACCTA-1-2,-2.0720434,3.4609258,Supporting cells,24
TGCTGAAAGAAGTGTT-1-2,8.707561,4.3460364,Glia/Schwann,24
TGCTGAAAGTTGGAAT-1-2,4.2310576,-1.9380978,Supporting cells,24
TGCTGAACACACCAGC-1-2,2.1527884,6.1062717,Supporting cells,24
TGCTGAATCGTAGGGA-1-2,-0.020851359,3.8896415,Supporting cells,24
TGCTGAATCTAATTCC-1-2,8.130229,3.9009898,Supporting cells,24
TGCTGAATCTTACGGA-1-2,2.400194,7.37617,Supporting cells,24
TGCTTCGCATGACTTG-1-2,5.641213,7.441234,Glia/Schwann,24
TGCTTCGTCGACGTCG-1-2,0.2712203,3.136352,Supporting cells,24
TGCTTCGTCTTTCTAG-1-2,1.4409568,2.381204,Supporting cells,24
TGCTTGCAGAGAGGGC-1-2,-0.6334882,5.444764,Supporting cells,24
TGCTTGCAGCTGCCAC-1-2,6.6802135,9.141429,Glia/Schwann,24
TGCTTGCGTACTCGAT-1-2,-4.130394,7.5139117,Supporting cells,24
TGGAACTAGCTAAGTA-1-2,1.086554,5.964914,Supporting cells,24
TGGAACTAGTACCATC-1-2,-1.9017044,4.9891634,Supporting cells,24
TGGAGAGAGATACCAA-1-2,-0.52540886,5.526836,Supporting cells,24
TGGAGAGCAACCAACT-1-2,-1.8664694,4.2796216,Supporting cells,24
TGGAGAGCAATGACCT-1-2,-1.14898,5.6467266,Supporting cells,24
TGGAGAGTCAGGCGAA-1-2,-0.05562729,6.2522416,Supporting cells,24
TGGAGAGTCGACTCCT-1-2,6.774152,6.599417,Glia/Schwann,24
TGGAGGAAGTTACTCG-1-2,-5.4193277,5.3584075,Fibrocytes,24
TGGAGGATCCATTTGT-1-2,-3.6191082,3.279221,Supporting cells,24
TGGAGGATCCTAACAG-1-2,-0.41658056,9.16,Supporting cells,24
TGGAGGATCGCCAGAC-1-2,-2.1535711,2.540296,Supporting cells,24
TGGATCAAGCAAATCA-1-2,0.9445523,7.149964,Supporting cells,24
TGGATCAAGCGTATAA-1-2,0.5176745,12.105012,Fibrocytes,24
TGGATCAGTGAATAAC-1-2,-1.0787338,6.01742,Supporting cells,24
TGGATGTAGGTTCAGG-1-2,3.634103,0.29172182,Glia/Schwann,24
TGGATGTCAAGACCGA-1-2,-0.91496736,2.0268645,Supporting cells,24
TGGATGTCAATAGTAG-1-2,-1.0598923,6.086689,Supporting cells,24
TGGATGTCAGGCTTGC-1-2,6.272688,7.917237,Glia/Schwann,24
TGGATGTTCGCCATAA-1-2,3.4614718,11.065162,Supporting cells,24
TGGCGTGAGCTGTTCA-1-2,1.3864498,8.174563,Supporting cells,24
TGGCGTGGTCACTCTC-1-2,-0.567337,1.73496,Supporting cells,24
TGGGAGACAGTCGCTG-1-2,-0.09489844,2.8986363,Supporting cells,24
TGGGAGAGTGTCCAAT-1-2,4.5018306,2.374597,Supporting cells,24
TGGGATTAGCAATAGT-1-2,4.671274,7.422626,Supporting cells,24
TGGGATTCAACTCGTA-1-2,1.5427312,5.6820383,Supporting cells,24
TGGGCGTCACTAGGCC-1-2,-0.49578574,4.4206953,Supporting cells,24
TGGGCGTCATGCCGAC-1-2,-2.5109587,4.147823,Supporting cells,24
TGGGCGTGTACAAACA-1-2,0.28028792,6.7513905,Supporting cells,24
TGGGCGTTCTCAATCT-1-2,8.498097,8.950722,Glia/Schwann,24
TGGGCTGAGACAAGCC-1-2,-0.98081344,2.993439,Supporting cells,24
TGGGCTGAGCTGCCAC-1-2,3.131496,5.8847613,Supporting cells,24
TGGGCTGAGTCACGAG-1-2,10.58988,3.437621,Spiral ganglion neurons,24
TGGGCTGCATCCTTGC-1-2,-5.738539,4.666845,Fibrocytes,24
TGGGTTAAGCGGTAAC-1-2,-1.1386718,2.3746421,Supporting cells,24
TGGGTTAAGTGAGCCA-1-2,-2.3861847,9.052894,Macrophages/Microglia,24
TGGGTTACAACTGCCG-1-2,-1.086905,6.066017,Supporting cells,24
TGGTACAAGAGTGAAG-1-2,0.43023992,3.569588,Supporting cells,24
TGGTAGTAGAAATTGC-1-2,-0.81423694,5.6949697,Supporting cells,24
TGGTAGTAGAATCCCT-1-2,5.7123547,8.005249,Supporting cells,24
TGGTGATAGGGCAACT-1-2,-5.6143503,5.402717,Fibrocytes,24
TGGTGATCATACCATG-1-2,0.20309913,2.6454034,Supporting cells,24
TGGTGATTCTAGAGCT-1-2,1.6340506,6.0885673,Supporting cells,24
TGGTGATTCTCTCTTC-1-2,6.3601003,8.825087,Glia/Schwann,24
TGGTTAGAGTAGGTTA-1-2,-3.342266,3.120895,Supporting cells,24
TGGTTAGCAAAGGTTA-1-2,1.2979925,4.618017,Supporting cells,24
TGGTTAGCACACACTA-1-2,-3.1610117,3.043373,Supporting cells,24
TGGTTAGCAGGTACGA-1-2,1.7421842,7.3897424,Supporting cells,24
TGGTTAGTCGATACTG-1-2,0.647196,3.798343,Supporting cells,24
TGGTTAGTCTGAGGTT-1-2,-1.8305541,5.381011,Supporting cells,24
TGTAACGAGAGGCGTT-1-2,-0.12971346,3.1560495,Supporting cells,24
TGTAACGGTGGACCAA-1-2,-1.2240816,9.621259,Glia/Schwann,24
TGTAAGCAGAAGAGCA-1-2,6.925356,4.3657227,Supporting cells,24
TGTAAGCAGCCATGCC-1-2,4.9453516,3.1808076,Supporting cells,24
TGTAAGCTCGAGAGCA-1-2,6.3482547,6.6407213,Glia/Schwann,24
TGTACAGTCGACCAAT-1-2,-2.0566723,0.80033475,Supporting cells,24
TGTAGACAGGAATGTT-1-2,9.21897,3.7638102,Supporting cells,24
TGTAGACGTCATATGC-1-2,-1.4898717,4.6810417,Supporting cells,24
TGTCAGAGTGGATCGA-1-2,1.8028691,7.4950705,Supporting cells,24
TGTCAGATCAAGCCTA-1-2,5.003892,4.7505417,Supporting cells,24
TGTCCACAGGGCAATC-1-2,5.096736,9.780263,Supporting cells,24
TGTCCACCATGAGATA-1-2,-5.7530475,4.401842,Fibrocytes,24
TGTCCACGTTCTCGCT-1-2,6.5322986,2.9259174,Supporting cells,24
TGTCCCAAGCAGGTCA-1-2,-3.9616756,7.6724987,Supporting cells,24
TGTCCCAAGGCCTGAA-1-2,6.210997,8.632307,Supporting cells,24
TGTCCCACATCACAGT-1-2,-3.6792576,7.4347734,Supporting cells,24
TGTCCCAGTAAGGCCA-1-2,5.7677755,-0.09229782,Inner hair cells,24
TGTCCCAGTCGCGGTT-1-2,-1.1210779,3.8744633,Supporting cells,24
TGTCCTGAGCAGGCAT-1-2,9.025214,5.2945447,Supporting cells,24
TGTCCTGCATGGAATA-1-2,1.7992967,7.4973783,Supporting cells,24
TGTCCTGTCCGATAAC-1-2,-5.0643744,4.697555,Fibrocytes,24
TGTCCTGTCGTTACCC-1-2,-0.70285755,1.7111219,Supporting cells,24
TGTGAGTAGATGCTTC-1-2,8.3659935,8.339741,Glia/Schwann,24
TGTGAGTCATCGTTCC-1-2,1.732329,7.654605,Supporting cells,24
TGTGAGTGTAGGAGGG-1-2,7.9362845,4.9690075,Supporting cells,24
TGTGAGTTCGACATTG-1-2,11.749948,2.8064294,Spiral ganglion neurons,24
TGTGATGAGGAACTCG-1-2,-4.5567155,5.07273,Fibrocytes,24
TGTGATGCAAGCGATG-1-2,-1.2845182,0.7056904,Supporting cells,24
TGTGATGTCCTAGCGG-1-2,-3.2321439,10.699381,Macrophages/Microglia,24
TGTGCGGCAACTTGGT-1-2,-1.213774,5.1870494,Supporting cells,24
TGTGCGGTCGCTAATG-1-2,1.7896874,5.516597,Supporting cells,24
TGTGGCGCAATGGCCC-1-2,0.040940013,2.8194292,Supporting cells,24
TGTGGCGTCAGCTCTC-1-2,0.30068523,3.2897322,Supporting cells,24
TGTGGCGTCTCGACGG-1-2,9.538132,9.548961,Glia/Schwann,24
TGTTACTAGCGTGAAC-1-2,7.966912,5.02486,Supporting cells,24
TGTTCATAGCGTGCCT-1-2,-1.4342016,3.261785,Supporting cells,24
TGTTCATAGGGCAACT-1-2,-4.82583,4.405138,Fibrocytes,24
TGTTCCGGTCATGCAT-1-2,4.488866,1.9395643,Supporting cells,24
TGTTCTACAACGCATT-1-2,0.44354674,5.731779,Supporting cells,24
TGTTCTACAAGATGGC-1-2,4.5699806,11.92803,Supporting cells,24
TGTTCTATCATGGGAG-1-2,7.690298,9.385918,Glia/Schwann,24
TGTTGAGAGCAAGGAA-1-2,-5.5430136,5.1317677,Fibrocytes,24
TGTTGAGCAGCAGACA-1-2,6.5450273,7.646114,Glia/Schwann,24
TGTTGAGGTGTTATCG-1-2,1.5199419,4.9240584,Supporting cells,24
TGTTGGACATAAGCGG-1-2,4.972568,12.085102,Supporting cells,24
TGTTGGATCAAAGACA-1-2,-5.9127254,5.311745,Fibrocytes,24
TGTTGGATCATGAGAA-1-2,4.653659,1.6044366,Supporting cells,24
TGTTGGATCCGGCTTT-1-2,0.05693952,3.124951,Supporting cells,24
TGTTTGTAGGATTTAG-1-2,-2.165307,4.041866,Supporting cells,24
TGTTTGTCAGGGACTA-1-2,-0.69574714,4.17312,Supporting cells,24
TGTTTGTGTTATGACC-1-2,-6.386722,5.000091,Fibrocytes,24
TTAATCCGTAGTCTTG-1-2,2.6958857,4.2416735,Supporting cells,24
TTAATCCTCAGACCCG-1-2,1.9433352,7.7823324,Supporting cells,24
TTAATCCTCAGCATTG-1-2,-2.6347058,6.5355535,Supporting cells,24
TTACAGGCAACGATTC-1-2,6.399606,8.77545,Glia/Schwann,24
TTACAGGCAGTGAGCA-1-2,10.541558,2.855748,Spiral ganglion neurons,24
TTACAGGCATGACGGA-1-2,7.9911203,9.039168,Glia/Schwann,24
TTACAGGGTAGCGCTC-1-2,-1.3337594,5.6297493,Supporting cells,24
TTACCATCAACTTCTT-1-2,0.798817,1.9643047,Supporting cells,24
TTACCGCTCGAACCTA-1-2,-1.1026624,5.6983433,Supporting cells,24
TTACGCCCATAAGCGG-1-2,-5.1130805,4.6677527,Fibrocytes,24
TTACGCCGTCTCACGG-1-2,7.8522434,8.88178,Glia/Schwann,24
TTACTGTAGTGATAAC-1-2,-1.8932124,4.9380527,Supporting cells,24
TTACTGTCAGAGTGTG-1-2,8.598347,3.894345,Supporting cells,24
TTACTGTGTCTCAGGC-1-2,3.9414687,2.7312248,Supporting cells,24
TTACTGTGTGGACTAG-1-2,-0.5310055,4.626389,Supporting cells,24
TTACTGTTCAAACTGC-1-2,-1.9771514,1.4379288,Supporting cells,24
TTACTGTTCTCCAAGA-1-2,1.249515,2.098745,Supporting cells,24
TTACTGTTCTTCGGTC-1-2,7.2427287,3.7548866,Supporting cells,24
TTAGGCAAGTTTGGCT-1-2,5.214786,8.112199,Supporting cells,24
TTAGGCAGTATGTGTC-1-2,5.2916102,9.310172,Supporting cells,24
TTAGGCAGTCAGTCGC-1-2,6.012284,7.44554,Glia/Schwann,24
TTAGGGTAGTATGTAG-1-2,6.8783116,9.151235,Glia/Schwann,24
TTAGGGTGTCCTGGGT-1-2,-2.3184564,6.5029697,Supporting cells,24
TTAGTCTAGTAGTCCT-1-2,1.0417632,3.0264854,Supporting cells,24
TTAGTCTCAGCTGAAG-1-2,4.4766636,6.709436,Supporting cells,24
TTATTGCGTCCTTAAG-1-2,-0.29150903,3.744105,Supporting cells,24
TTATTGCGTCTTCCGT-1-2,5.516847,12.420636,Supporting cells,24
TTATTGCGTGTGTTTG-1-2,0.7208066,6.557748,Supporting cells,24
TTATTGCTCTAGAGCT-1-2,-0.023898587,4.93755,Supporting cells,24
TTCAATCCAAACACCT-1-2,-3.7848127,7.0903363,Supporting cells,24
TTCAATCCAAAGGCAC-1-2,-0.8218188,4.847857,Supporting cells,24
TTCAATCCAATGTCAC-1-2,5.02176,10.03571,Supporting cells,24
TTCAATCCATTGCCTC-1-2,-0.585187,5.27081,Supporting cells,24
TTCAATCTCGCGTTTC-1-2,-0.8280286,5.272688,Supporting cells,24
TTCACCGCAAGAGGTC-1-2,0.53536946,3.3964183,Supporting cells,24
TTCACCGCAATTGCTG-1-2,-1.1075052,4.7849374,Supporting cells,24
TTCACCGCAGCTTCGG-1-2,4.3148313,4.0531516,Supporting cells,24
TTCACGCAGCGCATCC-1-2,3.0014288,6.038413,Supporting cells,24
TTCACGCAGGAAGTAG-1-2,0.77754474,13.424303,Fibrocytes,24
TTCACGCAGTAGGATT-1-2,-3.7812576,6.2107377,Fibrocytes,24
TTCACGCAGTGGAATT-1-2,-0.8794807,5.430106,Supporting cells,24
TTCACGCGTCTATGAC-1-2,-1.8592103,5.8006387,Supporting cells,24
TTCAGGAGTAGACGTG-1-2,-1.5053778,2.5700042,Supporting cells,24
TTCAGGATCAACGTGT-1-2,4.3415246,8.91318,Supporting cells,24
TTCAGGATCGTAATGC-1-2,-3.5548358,5.272201,Supporting cells,24
TTCATGTCATCCCGTT-1-2,-0.19435611,1.619359,Supporting cells,24
TTCATTGAGGTAGTAT-1-2,-1.0939814,4.116456,Supporting cells,24
TTCATTGGTCAACATC-1-2,2.552771,7.941245,Supporting cells,24
TTCATTGGTCCTGAAT-1-2,4.5332646,6.7904687,Supporting cells,24
TTCATTGTCTCTAAGG-1-2,1.3302344,11.117875,Fibrocytes,24
TTCCAATAGAGGTATT-1-2,8.024962,8.889482,Glia/Schwann,24
TTCCAATAGTCAGGGT-1-2,0.7949027,5.167878,Supporting cells,24
TTCCAATTCGACATAC-1-2,2.095724,5.033672,Supporting cells,24
TTCCAATTCTCTGCTG-1-2,-3.6668835,4.0080843,Fibrocytes,24
TTCCAATTCTGGAGAG-1-2,4.8496566,6.389573,Supporting cells,24
TTCCACGAGATTGCGG-1-2,5.527305,7.1234493,Supporting cells,24
TTCCACGAGTTGCCTA-1-2,5.672472,3.13386,Supporting cells,24
TTCCACGCACTTCATT-1-2,-1.8055713,9.501337,Supporting cells,24
TTCCACGGTCACTTCC-1-2,-0.96284586,9.075396,Supporting cells,24
TTCCACGGTGGTCTAT-1-2,6.6158547,9.026052,Glia/Schwann,24
TTCCACGGTTGATGTC-1-2,-0.34011492,4.0473166,Supporting cells,24
TTCCACGTCTCGGTCT-1-2,-1.431165,5.9396486,Supporting cells,24
TTCCGGTAGTTGGCGA-1-2,-2.1863544,-2.1708395,Supporting cells,24
TTCCGGTCAGGTCAGA-1-2,-2.6358166,1.988411,Supporting cells,24
TTCCGTGCAAGCTGCC-1-2,-1.808998,4.5193987,Supporting cells,24
TTCCGTGCACCGGAAA-1-2,5.3803945,10.074095,Supporting cells,24
TTCCGTGCATGATAGA-1-2,-1.0400803,5.550921,Supporting cells,24
TTCCGTGTCGCCTTGT-1-2,4.8979144,7.518134,Supporting cells,24
TTCCTAAGTTCGCGTG-1-2,-1.2316561,2.417809,Supporting cells,24
TTCCTAATCACTGGGC-1-2,-1.8137493,5.0698423,Supporting cells,24
TTCCTAATCGTGTTCC-1-2,-5.5019846,5.227423,Fibrocytes,24
TTCCTAATCTCTGCTG-1-2,9.11374,8.4547825,Glia/Schwann,24
TTCCTCTAGGAGTACC-1-2,-0.11642066,2.861395,Supporting cells,24
TTCCTCTCAATCGCAT-1-2,10.090648,2.9729054,Spiral ganglion neurons,24
TTCCTCTTCACGGTCG-1-2,-1.7267722,2.3639865,Supporting cells,24
TTCCTTCCAAGTTCGT-1-2,2.4495046,5.491297,Supporting cells,24
TTCCTTCCACACCTAA-1-2,0.25033137,3.6053588,Supporting cells,24
TTCGATTAGAGCAGCT-1-2,1.20223,2.4315264,Supporting cells,24
TTCGATTAGTAAAGCT-1-2,5.483435,4.2036767,Supporting cells,24
TTCGATTGTGGCGTAA-1-2,10.286812,3.387352,Spiral ganglion neurons,24
TTCGATTTCGTGGAAG-1-2,-1.4849176,8.886171,Supporting cells,24
TTCGCTGAGACATAGT-1-2,7.0308332,8.629505,Glia/Schwann,24
TTCGCTGAGGGAGATA-1-2,-3.2261152,6.6447077,Supporting cells,24
TTCGCTGCATTGCCGG-1-2,-2.128346,-0.75763685,Supporting cells,24
TTCGCTGGTAACACGG-1-2,-1.9203026,0.870019,Supporting cells,24
TTCGGTCGTAGCTCGC-1-2,9.408443,5.475281,Supporting cells,24
TTCGGTCGTGGACTAG-1-2,-0.076080844,4.543252,Supporting cells,24
TTCTAGTGTTACGGAG-1-2,4.6120358,10.0368805,Supporting cells,24
TTCTAGTTCGTTGCCT-1-2,1.8353628,2.6610475,Supporting cells,24
TTCTCTCAGGTCGAGT-1-2,-3.3596447,5.57257,Supporting cells,24
TTCTCTCGTATGGTAA-1-2,-1.5815207,5.5173783,Supporting cells,24
TTCTCTCGTGATGTAA-1-2,-2.8342853,4.6263084,Supporting cells,24
TTCTCTCTCCATCTCG-1-2,6.861169,4.606988,Supporting cells,24
TTCTGTAAGAAACTAC-1-2,6.230619,-0.7836823,Inner hair cells,24
TTCTGTAAGGTTCAGG-1-2,1.9306333,5.0071025,Supporting cells,24
TTCTGTACATATTCGG-1-2,0.4488939,3.9943113,Supporting cells,24
TTCTGTATCGATGCTA-1-2,7.953516,8.64192,Glia/Schwann,24
TTCTTCCGTACAGCGA-1-2,6.546067,6.660199,Glia/Schwann,24
TTCTTCCGTAGTAAGT-1-2,4.96223,7.3384933,Supporting cells,24
TTCTTCCGTTCGTGCG-1-2,-1.5103836,4.7618527,Supporting cells,24
TTCTTCCTCCTACAAG-1-2,0.8440746,7.532475,Supporting cells,24
TTCTTCCTCGGTCGGT-1-2,0.40243933,3.6596422,Supporting cells,24
TTCTTGACAAAGGGTC-1-2,5.832647,6.5063314,Supporting cells,24
TTCTTGAGTTAGCGGA-1-2,5.256555,6.6125555,Supporting cells,24
TTCTTGAGTTTGAAAG-1-2,1.8397254,10.877278,Fibrocytes,24
TTGAACGTCAAGTCGT-1-2,-1.7039483,0.5779487,Supporting cells,24
TTGAACGTCTTGTTAC-1-2,-0.9890959,5.111032,Supporting cells,24
TTGACCCAGACGGTTG-1-2,5.241431,1.2564557,Supporting cells,24
TTGACCCAGGGTCACA-1-2,4.4565144,3.9987276,Supporting cells,24
TTGACCCAGTTGCGCC-1-2,4.675925,6.451847,Supporting cells,24
TTGACCCCAAAGGCAC-1-2,9.030643,3.33619,Supporting cells,24
TTGACCCTCGACCCAG-1-2,-1.8010134,-1.4764379,Supporting cells,24
TTGACCCTCGCTAGCG-1-2,2.5394316,10.284693,Supporting cells,24
TTGACCCTCTCGCGTT-1-2,-0.8083962,5.0122333,Supporting cells,24
TTGAGTGCAGGTGTGA-1-2,5.4962883,7.963594,Supporting cells,24
TTGAGTGTCAAATGCC-1-2,6.811722,6.2144756,Supporting cells,24
TTGATGGAGTAGTCAA-1-2,-2.0511577,-1.1368407,Supporting cells,24
TTGATGGCATCAGCTA-1-2,10.364119,3.0902407,Spiral ganglion neurons,24
TTGCATTCAAGGCTTT-1-2,-1.7125769,5.668351,Supporting cells,24
TTGCATTTCAATCTCT-1-2,-1.0268145,5.600448,Supporting cells,24
TTGCATTTCCGGCAAC-1-2,-1.6887428,2.63677,Supporting cells,24
TTGCCTGGTGAGATAT-1-2,4.589082,9.659957,Supporting cells,24
TTGCCTGTCATGCAGT-1-2,-1.5583276,2.320891,Supporting cells,24
TTGCCTGTCTGGCCTT-1-2,5.2302723,9.808282,Supporting cells,24
TTGCCTGTCTTTGCTA-1-2,0.6410401,3.131549,Supporting cells,24
TTGCGTCAGGTAAGGA-1-2,-0.94535357,4.722711,Supporting cells,24
TTGCGTCAGGTGGTTG-1-2,-3.6522148,5.598688,Supporting cells,24
TTGCTGCCAGGACGAT-1-2,-6.0913935,5.152685,Fibrocytes,24
TTGCTGCGTAACGTTC-1-2,-0.92137396,5.327756,Supporting cells,24
TTGGATGGTGACGCCT-1-2,-1.9068965,-1.9757854,Supporting cells,24
TTGGATGTCAACTGAC-1-2,0.8021949,3.7230432,Supporting cells,24
TTGGATGTCTCTATAC-1-2,5.93808,1.8546826,Inner hair cells,24
TTGGGATCAATCACGT-1-2,4.4817615,11.249633,Supporting cells,24
TTGGGATCAATGAAAC-1-2,5.6020236,4.5884113,Supporting cells,24
TTGGGATCAGCCTACG-1-2,1.5904845,7.4691315,Supporting cells,24
TTGGGATTCGCTGTTC-1-2,0.95116967,3.3918238,Supporting cells,24
TTGGGATTCGTTCATT-1-2,0.62220204,1.4787343,Supporting cells,24
TTGGGCGCACAAATGA-1-2,0.10555655,4.9143615,Supporting cells,24
TTGGGCGCAGACATCT-1-2,8.996668,3.2520478,Supporting cells,24
TTGGGCGTCCTTATAC-1-2,-2.2197351,4.3233495,Supporting cells,24
TTGGGCGTCTCCTGTG-1-2,5.314719,12.251779,Glia/Schwann,24
TTGGGTAAGAGCTTTC-1-2,-1.085654,4.983239,Supporting cells,24
TTGGGTAGTACAGTAA-1-2,4.386894,9.679969,Supporting cells,24
TTGGGTAGTCGTGTTA-1-2,6.937753,9.146751,Glia/Schwann,24
TTGGGTATCCACACAA-1-2,-2.8470027,3.0095384,Supporting cells,24
TTGGTTTTCACTCACC-1-2,-5.008728,4.219184,Fibrocytes,24
TTGGTTTTCGATCCCT-1-2,3.8211374,6.9269166,Glia/Schwann,24
TTGTGGAGTCGAAGCA-1-2,-1.6749834,7.242265,Supporting cells,24
TTGTGGATCAAGTAAG-1-2,0.8613232,6.513562,Supporting cells,24
TTGTGTTAGGTTCTAC-1-2,8.448911,9.119352,Glia/Schwann,24
TTGTGTTCAGGAGGAG-1-2,-0.89747775,4.7236648,Supporting cells,24
TTGTGTTGTATCGGTT-1-2,4.8620825,4.5301414,Supporting cells,24
TTGTGTTGTTGTGCCG-1-2,6.1454134,5.9773526,Supporting cells,24
TTGTTCACATATCTCT-1-2,-0.4485096,6.329792,Supporting cells,24
TTGTTCAGTTAAGTCC-1-2,2.399059,4.1796846,Fibrocytes,24
TTGTTCATCCCTGGTT-1-2,-0.6064499,2.1489263,Supporting cells,24
TTGTTCATCGATCCAA-1-2,-5.055721,5.6302495,Fibrocytes,24
TTGTTCATCTATTTCG-1-2,9.093911,6.5986915,Supporting cells,24
TTGTTTGGTCAACATC-1-2,0.6358344,11.815792,Fibrocytes,24
TTGTTTGGTCACTCAA-1-2,1.7024244,5.1409497,Supporting cells,24
TTGTTTGGTGGAACAC-1-2,-3.394271,7.2317433,Supporting cells,24
TTGTTTGTCTGAACGT-1-2,-0.27742568,5.2642384,Supporting cells,24
TTGTTTGTCTGACGCG-1-2,1.1569345,3.1680756,Supporting cells,24
TTTACCAAGCTGTCCG-1-2,1.3091598,5.7918973,Supporting cells,24
TTTACCAAGTAAGACT-1-2,-3.9777613,5.2778516,Fibrocytes,24
TTTACCACAAGACGGT-1-2,1.0832393,5.315201,Supporting cells,24
TTTACCATCCGCGATG-1-2,-0.52806926,5.719128,Supporting cells,24
TTTACCATCGACTCCT-1-2,-5.655005,4.670526,Fibrocytes,24
TTTACGTCAATCTAGC-1-2,5.602814,12.323829,Outer hair cells,24
TTTACTGCAGTAACCT-1-2,3.8100226,4.4783125,Supporting cells,24
TTTACTGTCTGTTCAT-1-2,-0.9746649,4.4292784,Supporting cells,24
TTTAGTCAGAACTTCC-1-2,-1.4261229,3.295905,Supporting cells,24
TTTAGTCAGATTAGAC-1-2,10.955411,2.7914124,Spiral ganglion neurons,24
TTTAGTCGTTGCCGCA-1-2,-1.2799953,4.9803543,Supporting cells,24
TTTATGCAGTCTAGAA-1-2,6.023176,4.547794,Supporting cells,24
TTTATGCTCTCGGGAC-1-2,0.01906744,1.309132,Supporting cells,24
TTTCACAGTCTGATAC-1-2,0.01578864,2.4210773,Supporting cells,24
TTTCACAGTTGGACCC-1-2,0.59846216,12.629621,Fibrocytes,24
TTTCACATCCCTGGTT-1-2,4.5040364,5.225498,Supporting cells,24
TTTCACATCGTGCGAC-1-2,-1.2407765,4.1340184,Supporting cells,24
TTTCAGTAGAACTGAT-1-2,-4.1155095,5.515734,Fibrocytes,24
TTTCATGCATACAGGG-1-2,0.85759145,8.114638,Supporting cells,24
TTTCATGTCCTGGTCT-1-2,3.7235518,5.3231783,Supporting cells,24
TTTCCTCCAAGATGTA-1-2,0.79670024,7.2561016,Supporting cells,24
TTTCCTCGTGTCACAT-1-2,5.025733,5.9337745,Supporting cells,24
TTTCCTCGTTTCCCAC-1-2,1.6284862,6.6143837,Supporting cells,24
TTTCCTCTCGGTAACT-1-2,0.16463532,4.9534087,Supporting cells,24
TTTCGATAGGCACTCC-1-2,-1.6490071,3.7799704,Supporting cells,24
TTTCGATCAACTCCAA-1-2,1.1533506,3.1789682,Supporting cells,24
TTTGACTCAAAGAGTT-1-2,5.0777802,1.2835455,Supporting cells,24
TTTGACTCACTCAAGT-1-2,5.0162244,6.173216,Supporting cells,24
TTTGACTCAGCGAGTA-1-2,5.5397186,6.8152122,Supporting cells,24
TTTGACTGTCTGTTAG-1-2,-3.2865648,4.2989426,Supporting cells,24
TTTGACTTCGACATAC-1-2,2.2455776,5.37776,Supporting cells,24
TTTGATCCATACAGAA-1-2,1.546752,1.8977231,Supporting cells,24
TTTGATCGTTGCTGAT-1-2,-0.34244928,5.086665,Supporting cells,24
TTTGATCTCTTCGTGC-1-2,-5.951943,4.3623533,Fibrocytes,24
TTTGGAGAGGTAGGCT-1-2,10.378737,3.707734,Spiral ganglion neurons,24
TTTGGAGAGTCATGAA-1-2,-0.82948476,4.1112022,Supporting cells,24
TTTGGAGGTAACATGA-1-2,-1.563279,5.194647,Supporting cells,24
TTTGGAGTCAGGAAAT-1-2,2.3473365,3.9478014,Fibrocytes,24
TTTGGTTCATTCTTCA-1-2,-6.5224442,5.3625646,Fibrocytes,24
TTTGGTTGTCAATGGG-1-2,-0.2775229,3.8213415,Supporting cells,24
TTTGGTTTCTGGACTA-1-2,0.45752528,2.249961,Supporting cells,24
TTTGTTGAGCTTGTGT-1-2,5.8734717,4.119614,Supporting cells,24
TTTGTTGGTACCGGCT-1-2,8.5437975,6.3085995,Supporting cells,24
