gene,central_severity_correlation,central_p_value,central_fdr_bh
Mpeg1,0.8721971897369483,2.083477835459393e-27,2.718730227490962e-23
Pcdhb9,0.8389076620750535,6.880385341656403e-21,4.48910741616372e-17
C1qc,0.8375603573503624,1.1095402785302469e-20,4.8261303648470643e-17
Clec7a,0.8174463413616395,6.0051852669431084e-18,1.9590415637085155e-14
Laptm5,0.8151040312591293,1.1431096995349248e-17,2.9832876938462466e-14
Ptprc,0.8135438092028335,1.7393872851309032e-17,3.7828774472788594e-14
Fcgr3,0.8105216623527352,3.8455762064623733e-17,7.168703416875359e-14
B2m,0.8069511116768063,9.508353404746283e-17,1.5509312947316782e-13
Ifit3,0.8043805289162756,1.7874315665696113e-16,2.5915771680185397e-13
Ly86,0.7987065210237809,6.798691389207537e-16,8.871612393776914e-13
Emr1,0.7956689154262491,1.3481552833350292e-15,1.5992798447489815e-12
Ctsz,0.7861759679129512,1.0097130988654964e-14,1.0507026054684767e-11
H2-D1,0.7859980156759454,1.046757136262564e-14,1.0507026054684767e-11
Serpina3n,0.7853866200125338,1.1841568419267584e-14,1.1037187593073049e-11
Chil1,0.7841016758186655,1.5310411884049755e-14,1.3319037644997684e-11
H2-K1,0.7833645810083781,1.7717056342422193e-14,1.44493667632667e-11
Lyz1,0.7800574133445896,3.3698699231978924e-14,2.586672507518194e-11
C1qb,0.771182572886141,1.7249779213899478e-13,1.2505131609009683e-10
Tyrobp,0.7700492974716532,2.105594454151271e-13,1.4461001069589438e-10
Prdx6,0.7687246617588769,2.651577418733591e-13,1.7300216868527316e-10
Cd53,0.7679171804451445,3.047736249890075e-13,1.893805253562647e-10
Abca1,0.7657385861815491,4.41611007940396e-13,2.619355473915558e-10
Nckap1l,0.7596781696229653,1.1956669498495896e-12,6.783590447211868e-10
Cd68,0.7586256739430541,1.4141729130899856e-12,7.68897597621301e-10
C1qa,0.7472596406116251,7.91908735915328e-12,4.133446837983646e-09
A2m,0.7467967759441599,8.466563415262474e-12,4.249237923298462e-09
Skap2,0.7440636751618911,1.2501803809972289e-11,6.0420754783825335e-09
Ctsd,0.7411601856473624,1.8742866269369284e-11,8.734845069607136e-09
Hexb,0.7339860551241637,4.906116417392643e-11,2.1757866488904713e-08
C3ar1,0.733837329397486,5.0021916979626135e-11,2.1757866488904713e-08
Cd14,0.7328636819589069,5.676290432414197e-11,2.389352059760415e-08
Grn,0.7297162586121301,8.488115633503457e-11,3.461294403174582e-08
Ctsh,0.7294176331766942,8.814089945346062e-11,3.485304839297598e-08
S100a1,0.7230835965686809,1.922643999994446e-10,7.378994575272802e-08
AU020206,0.7212099219788498,2.4049663751534695e-10,8.966401779822178e-08
S100a6,0.713673385346871,5.742455935167173e-10,2.0814807638332344e-07
Tmem176a,0.7110682492312219,7.675476261497845e-10,2.7069537766563615e-07
Rtp4,0.7089002840508413,9.732458282053073e-10,3.342074950592383e-07
Psmb8,0.7029308032734006,1.8376312291741e-09,6.148525617818674e-07
Cx3cr1,0.6995149760078327,2.613350749587034e-09,8.525403482840301e-07
Plce1,0.6957583860968722,3.813838116713178e-09,1.213823745975372e-06
Irgm1,0.6928594168938449,5.072886955302342e-09,1.5760976638033397e-06
Msn,0.6854071629010932,1.03055493037715e-08,3.127374717788705e-06
Lamp2,0.6840102789231146,1.1725269473531275e-08,3.4773418490934004e-06
Parp3,0.6816053874310954,1.4603159012673877e-08,4.234591599030698e-06
Ctss,0.6793296604885213,1.7918744323294104e-08,5.083080319014451e-06
Gpnmb,0.6714601220678823,3.555519398819491e-08,9.871483539403305e-06
Gfap,0.6691242603116304,4.329641080705937e-08,1.1770309679610784e-05
Fam46c,0.6653456707405716,5.91905751268368e-08,1.5762812547552926e-05
Adhfe1,0.6630676630117618,7.122237341282807e-08,1.8587615013279873e-05
Psmb9,0.662772061613851,7.293956813819018e-08,1.8662518130102816e-05
H2-Aa,0.6619336128279264,7.802072807077036e-08,1.9578701549913124e-05
Pdk1,0.6602840735033649,8.898513388231948e-08,2.190881154774315e-05
Tmem176b,0.6571218239398245,1.1408284371783971e-07,2.7567907919890564e-05
Ctsc,0.648182823392543,2.246339767745465e-07,5.329543205329195e-05
Cyba,0.6464915820970426,2.543479401835854e-07,5.926761199027867e-05
Myo6,0.644093505715013,3.0270940552770084e-07,6.92992111005433e-05
Cd52,0.6425852201238971,3.3731746354386775e-07,7.589061347903327e-05
Elmo1,-0.6395630900040171,4.178485776955821e-07,9.24153574635534e-05
Plek,0.6391882985151999,4.2898103399493687e-07,9.329622520999887e-05
Cst7,0.6326386247917937,6.731579033048266e-07,0.0001440006144299128
Dhrs4,0.6322726620362273,6.89983005796375e-07,0.00014424581781908381
Cd48,0.632134971542529,6.964124854473355e-07,0.00014424581781908381
Ms4a6d,0.6302081687966161,7.923380312007344e-07,0.00015957319842991905
Mgst1,0.6301602683574049,7.948699438995125e-07,0.00015957319842991905
Cd9,0.6290093475640409,8.579788976574405e-07,0.00016963282781109
Ccl3,0.6273799274050832,9.551902810430898e-07,0.00018603399966166088
Hrsp12,0.6267912407905076,9.927209031150448e-07,0.000190500221540415
Eci2,0.6215140365026316,1.394638579276929e-06,0.00026374838870992244
Fxyd1,0.6192980056512372,1.6039628222413892e-06,0.0002965215534778876
Tgfbr1,0.6192046260724158,1.613382657439652e-06,0.0002965215534778876
Anxa4,0.6176711871083476,1.7754756221776915e-06,0.00032178029713606524
Lpl,0.6140360319321092,2.220799392485024e-06,0.00039697549688406963
Ccl6,0.607978700997007,3.1938328149203767e-06,0.0005631935729985946
Gusb,0.605996028234907,3.5881357181321865e-06,0.0006242877731454253
Fuca1,0.6054358752767341,3.707290386932679e-06,0.000636532003409007
Itgb2,0.6045819826361742,3.895864237653874e-06,0.0006602224991837065
Ly6a,0.6036077285995706,4.1216417085367e-06,0.0006895295212140436
Rnase4,0.601634252828386,4.615814193051968e-06,0.0007624273342422168
Cnn3,0.6002630591082234,4.990223994003681e-06,0.0008139679112219254
Lyz2,0.5998601008769194,5.105379964518594e-06,0.0008224704093457176
Rsad2,0.5992502917661626,5.2842420114189546e-06,0.0008409033415488529
Slc14a1,0.5970608761411876,5.974284110854261e-06,0.0009392582332835815
Ch25h,0.596401017139331,6.197726488711815e-06,0.0009627872970381008
Anln,0.5945771939630001,6.855295989133903e-06,0.001052408910143627
Lynx1,-0.59368698668255,7.198680411207239e-06,0.0010922741940214333
Iapp,0.5884312742854254,9.563541627862452e-06,0.0014344213184135303
Cap2,-0.5878985380145135,9.838748993903254e-06,0.0014589299502436768
Sorbs1,0.5854011887794011,1.122682148869483e-05,0.0016460538607413352
Myo5a,0.5840129679537698,1.2072755637588443e-05,0.0017504154257210176
Brcc3,-0.5837008468128948,1.2270705107986666e-05,0.0017595651753199782
Parp12,0.5824286416491332,1.3108236185377539e-05,0.0018592323259020815
Man2b1,0.5813604520345543,1.3850948091873584e-05,0.0019434518457081549
Il2rg,0.5809146400002525,1.4171998483528452e-05,0.0019673447682081145
Npc2,0.5799357917839372,1.4900594624168702e-05,0.00204671430790292
Nrep,-0.5778000138920838,1.660893948206343e-05,0.002257604701056726
Tspan17,-0.5765009940517926,1.7732425621115492e-05,0.0023854682673189282
Gpr34,0.5756328620585094,1.852095685416924e-05,0.002466122101939331
Kat2b,0.574610384162264,1.9490103583860295e-05,0.002568953148139323
Cav1,0.5741607715241865,1.993053941313795e-05,0.002600736088020371
Crot,0.5725177720813537,2.1617261973967523e-05,0.00279290744057725
Cd74,0.5695829099925587,2.49527498160325e-05,0.0031922395328373345
Itgax,0.5693292560096066,2.5261690827475328e-05,0.003200386442793452
Add1,-0.5655110137554515,3.034667424533502e-05,0.003807632232955545
Igsf6,0.5642607333937286,3.220120360744381e-05,0.0039984408069883804
Slc7a10,-0.5640782343164097,3.248024565413199e-05,0.0039984408069883804
Aldh6a1,0.5629736235772926,3.4216015715556466e-05,0.0041727550380588445
Polb,-0.5624379340060086,3.508738410809473e-05,0.0042394006965419265
Tcea1,0.5594080083012036,4.040141006948297e-05,0.00483667889905214
Usp18,0.5571738670809961,4.4770187147047906e-05,0.005310965200743892
Prkag2,0.5565592079649488,4.6044081156718425e-05,0.005412875810937106
Efna1,-0.555446560889683,4.8432847690857294e-05,0.005642859192124971
Inhba,-0.5549155960869537,4.9611397927744456e-05,0.005729018863355198
Itih3,0.554214182321292,5.120759928450046e-05,0.005810504026638665
Adcy7,0.5543313551856842,5.093779527355861e-05,0.005810504026638665
Sat1,0.5533898485764528,5.314213528092333e-05,0.0059269378058185345
Fyb,0.5533951633458783,5.312945617339778e-05,0.0059269378058185345
Pon2,0.553066881849125,5.3917713404038154e-05,0.005962476628892321
Rcbtb2,0.5520266047614276,5.6485128672188205e-05,0.006193902891120873
Rhou,0.5518174535078277,5.701431696949011e-05,0.00619983185112397
S100a10,0.5510604337165761,5.896694953694648e-05,0.006359171276922435
Tec,0.5508128481140656,5.961840799711352e-05,0.006376726278314216
Siglec5,0.5482088343147675,6.686999206766871e-05,0.007094199402365927
6720475J19Rik,0.5461375495895332,7.318968178509315e-05,0.007640417260909444
Pon3,0.5461437691905238,7.316993410881726e-05,0.007640417260909444
Osmr,0.5453262659341439,7.580668809518794e-05,0.007850805340905615
Plscr2,0.5445837924009278,7.827452056694554e-05,0.008042552904551751
Srebf1,0.5426855180742743,8.49127300777198e-05,0.008656454803001295
Abhd4,0.5409805209473946,9.129780326686236e-05,0.009235232828134007
Srxn1,-0.5395750181401645,9.68790823398299e-05,0.009599166568885997
Hpgd,0.5398612295073675,9.571852148888824e-05,0.009599166568885997
Dbi,0.5395202806172855,9.710245896949587e-05,0.009599166568885997
Itpkb,0.5388780312343007,9.975784245087546e-05,0.009787519444672736
Ndufaf5,-0.5382612590099737,0.00010236850285448767,0.0099687059234941
Mrpl42,-0.5361565682814421,0.00011174079007266526,0.010800781997468215
Hbegf,-0.5356951758956612,0.00011389453181762748,0.010928012835942802
Gigyf2,-0.5354282704651195,0.00011515719651508348,0.010968512827192148
Sgpl1,0.5326063827556673,0.00012928779019781813,0.012225191118053107
Igtp,0.5307374001754508,0.00013947422451302755,0.013093519105543142
Gmnn,0.529669258556014,0.00014561014628240574,0.01357190570599366
Dpcd,-0.5274402266883595,0.00015919116640211823,0.01452647224042826
Ptprz1,0.5274870319587712,0.0001588948394885609,0.01452647224042826
Parp14,0.527762610941881,0.00015716002159498003,0.01452647224042826
Mme,0.5270249916127571,0.00016184155900390114,0.014665767385013236
Zfp644,0.5258660706380676,0.000169446770042,0.015249040705365915
Eif3f,0.524021933817926,0.00018220203492054843,0.016173839140668275
Fkbp9,0.5240857768431524,0.0001817466449054658,0.016173839140668275
Pitpnc1,-0.5232148132606055,0.0001880468845409361,0.016579890516045102
Pigq,-0.5226326800633515,0.00019236480761904688,0.016846767614905656
Cyp7b1,0.5206629377935231,0.00020763277251505284,0.018062666990326163
Arl2bp,-0.5202499020994926,0.0002109668604214453,0.018231169282380395
Tspan5,-0.5197555055309074,0.00021501984007531763,0.018459170349623813
Mepe,-0.5193193956192268,0.00021865193650101356,0.018648294898050494
Ucp2,0.5179520251395199,0.00023039376305883957,0.019425269849166312
Lgals1,0.5179127291448787,0.00023073927708029568,0.019425269849166312
Dhrs1,0.5176451305948166,0.0002331043529806468,0.019498581423361923
Pros1,0.5173289627193234,0.00023592624878472222,0.019608927518419365
Sowahc,0.5150528010008708,0.0002571472033233002,0.021237429469403445
Srgn,0.5142650708866249,0.0002648738064373446,0.02173797673082333
Gnb5,-0.5139714997881879,0.00026780527842955743,0.021841194238920593
Srgap3,-0.5135781291631115,0.0002717781218590532,0.022027532373532825
Cd84,0.5127899377698653,0.0002798950680126575,0.02254537495368622
Dyx1c1,0.5117152833998818,0.0002913059106102478,0.02332055722425229
Gpha2,0.511021258150838,0.00029889108998944273,0.02368509901614084
Vwa5a,0.5109671477164616,0.0002994897185733189,0.02368509901614084
Irs3,-0.5103769536218072,0.00030608796137063395,0.02406109522846628
Tspan12,0.5097951601663779,0.0003127171892751829,0.02443500959791534
Uros,-0.5092272895745632,0.00031930929495959434,0.024801589225760395
Prkd1,0.5089044988593757,0.00032311064100411187,0.02494834765954234
Fermt3,0.5075072888214741,0.0003400278976918615,0.026100141394006477
Aqp4,0.5061623905681301,0.0003570424160657125,0.02724588589030107
Dpyd,0.505730537684619,0.0003626622943846855,0.027512275833108148
Ndufab1,-0.5055716016566143,0.0003647500742683508,0.027512275833108148
Csf1r,0.5048700778466003,0.0003740919686553749,0.02789443485133707
Apod,0.5049900543481868,0.000372479550907761,0.02789443485133707
Coasy,0.5046973451726149,0.00037642416660097725,0.027908857670319046
Oplah,0.5040458270724706,0.0003853361413153349,0.02840819948036048
Lgals7,-0.5035452847890848,0.00039230825901810293,0.02875972175240014
Pcdhb3,0.5032396519299416,0.0003966196986310853,0.02880057158869325
Zfp330,0.503193122422556,0.0003972797061816833,0.02880057158869325
Neat1,0.502494716164834,0.00040730287595356837,0.029364062034906706
4931406C07Rik,0.5022032356791936,0.0004115512480896852,0.029507319979792872
Ifitm3,0.5007343299010211,0.00043355785817859264,0.030915281373619978
Spp1,0.5005118759089591,0.00043697898689964396,0.03098988478289921
Klhl36,0.4998521585478685,0.00044726438750271135,0.03154785401363719
Smpdl3b,0.4995715542050748,0.00045170311029599827,0.031689644549744524
Sash1,0.49940943112363106,0.00045428520200890105,0.03170036150274946
Sez6l,-0.498846102100978,0.00046335803950990574,0.03216148434874872
Ormdl1,0.4983855926972305,0.0004708924382122134,0.03234039698016407
Inpp4a,-0.4984507013881109,0.0004698207225529885,0.03234039698016407
Prkd3,0.49625889356966857,0.00050709709436625,0.03464455489206909
Gbp6,0.4959175828969454,0.0005131288377798043,0.03487405314681597
Prom1,-0.4949827743912433,0.0005299716909640471,0.035832127437253114
Il10rb,0.49467268931266983,0.0005356644504569928,0.036030337185635565
Psme3,-0.4942161137956262,0.0005441439334714886,0.036227215244231906
AF251705,0.4942665181751683,0.000543202099209085,0.036227215244231906
Sin3b,0.49393807937730655,0.0005493648728351256,0.036389148353429206
Agt,0.49354294300989887,0.0005568601030037581,0.03669933072775778
Metrnl,-0.4931039693994949,0.0005652915632769243,0.037067786980907465
Ifih1,0.4924560335318376,0.0005779404954616129,0.037707727626392934
Chpt1,0.49213920932703514,0.0005842150416124609,0.03792747302488061
Nptx2,-0.49196550548380985,0.0005876803587436885,0.03796356931310095
Fam105a,0.4909578460971077,0.000608139210639895,0.03909166778147778
Man1a,0.49026413545971587,0.0006225828510023861,0.03982393932710851
Luzp1,-0.49009543674752953,0.0006261402431351466,0.039856117232539165
Mettl18,0.4898718139288308,0.0006308831792815742,0.03996308061381195
C78142,0.48834676636744356,0.0006640732267107283,0.04186227794854248
Aldh9a1,0.4880466214419798,0.0006707817894119226,0.042081882548250855
Itih5,0.48761285835687873,0.0006805812908165644,0.042410882916809396
Ak3,0.48752741429659174,0.0006825262788359241,0.042410882916809396
Ppp1r21,0.48672083390549403,0.0007011268864704906,0.042553510425829916
Csf2rb2,0.486930748783541,0.0006962439810471742,0.042553510425829916
Lgals3,0.4870724249314577,0.0006929651839329624,0.042553510425829916
Pfkp,-0.48681953855858145,0.0006988271761063792,0.042553510425829916
Pxmp2,0.48725521327881577,0.0006887548268916825,0.042553510425829916
Csf2ra,-0.4849835657891693,0.0007426973282305117,0.04461544869109543
Gpr65,0.4849862575297548,0.0007426312932725534,0.04461544869109543
Mdfic,0.48487531076223095,0.0007453573311869726,0.04461544869109543
F3,0.4845764022280504,0.0007527451418201947,0.04485192399822703
3830406C13Rik,-0.4835502920571037,0.000778593940941436,0.0461812378879309
Mcl1,0.4828562187531608,0.0007965134428927227,0.04703033446292823
Tmem123,0.4824865458637043,0.000806203308136755,0.04738804940484917
Icam1,0.48234745332929624,0.0008098756712739233,0.0473904378226611
Cdh22,-0.4817716579482311,0.0008252332934101449,0.048073523418343665
Ctla2b,0.48155166027409474,0.0008311676152882824,0.048204027608430206
Tnpo1,0.4813702930113663,0.0008360877835682543,0.048274820742398895
Oasl2,0.48113651864625107,0.0008424670205295381,0.048312575403492035
Rapgef3,0.4810752296470488,0.0008441464627171572,0.048312575403492035
Syngr3,-0.4792584802594503,0.0008952694746696108,0.051014722161413756
1700030K09Rik,-0.47874045096245876,0.0009103308838531791,0.051647424797391886
Cxcl1,0.4777397356728297,0.000940050479027705,0.053102678358582345
Entpd2,0.4770298409033828,0.0009616407387222575,0.05354501510304054
Fam65a,-0.4769435427563244,0.0009642944707804834,0.05354501510304054
Ifi44,0.4770630525763972,0.0009606211459765533,0.05354501510304054
Spred2,-0.47713389359277686,0.0009584494742838604,0.05354501510304054
Naaa,0.4758862954945462,0.0009973253317837666,0.05468108510271584
Exoc8,-0.4759819937856875,0.0009942956192661087,0.05468108510271584
Ctsa,0.4759256790160803,0.0009960775201396082,0.05468108510271584
Lrrc58,0.4747466090563814,0.0010340271317757928,0.056456150805616404
Sparc,0.4737198210672844,0.0010680905823981608,0.05807297504047334
Siah2,-0.47350087591542755,0.0010754785529603678,0.05823203169120265
Dusp8,-0.4730507431589147,0.0010908068627466653,0.058817928727195185
Msrb1,0.47259170010225166,0.0011066332292874628,0.05942574900811565
2310010J17Rik,0.4717974361296246,0.00113448718950178,0.06044385359898131
Cd34,0.4717870155194897,0.0011348566274619067,0.06044385359898131
Cks2,-0.4711691184294957,0.001156949816424277,0.06137007379886337
Stat3,0.47067840369496444,0.0011747599385563557,0.06206251999280116
Slc6a8,-0.4703882601372563,0.00118540174387963,0.06226311757160208
Anxa3,0.47031505324709777,0.0011880999521288159,0.06226311757160208
Cdc73,0.4701676576330494,0.0011935486873662514,0.062298467285768856
Nup50,-0.4681281943714001,0.0012711910249695812,0.06556431495979473
Pou3f4,-0.4681661575282496,0.0012697068234017437,0.06556431495979473
Gsc,-0.46836360620738676,0.0012620115418949765,0.06556431495979473
Ngdn,0.4672731902217412,0.0013050178424641361,0.06704400719021461
Idh3b,-0.46684889261548435,0.001322091398154111,0.06765478688044312
Fos,-0.46639699327362527,0.0013404875937816495,0.06832821332522165
Ola1,-0.46624245612624826,0.0013468291318475456,0.0683843320680102
Cdh11,0.4660277662267967,0.0013556820879364374,0.06856703707551384
Syvn1,-0.4635095906287448,0.001463334532269852,0.07372607070111699
Rin2,0.46284714378185937,0.001492850529561868,0.07492387138558776
Defb1,0.4622213416653488,0.0015212041044709388,0.07605437685533058
Exosc9,0.4607712641312619,0.001588694251266911,0.07905846299252674
Trim24,0.46067199055630786,0.0015934075995888215,0.07905846299252674
Mmp12,0.46036833479384237,0.0016078995637824165,0.0794753083628665
Ggta1,0.45982252805718277,0.0016342338339590985,0.08047214075219727
Srsf9,-0.45969141892363147,0.0016406146898686593,0.08048263566953434
Lgi4,0.45932650403004005,0.0016584875829561687,0.08105469838949456
Camk2b,-0.4588038986807869,0.0016843758004432474,0.08201276052232812
Hr,-0.4577675849882771,0.0017367420386224328,0.08376843977363106
Shisa5,0.4575176729719678,0.0017495780476529245,0.08376843977363106
Hspa2,0.4572123538993457,0.0017653705983407572,0.08376843977363106
Kpna4,0.45728165898592293,0.001761775091544039,0.08376843977363106
Srsf6,0.45722427118880615,0.0017647518873455433,0.08376843977363106
Rhpn2,0.457704191065976,0.0017399903881017567,0.08376843977363106
Sox9,0.4576086986492741,0.001744893356628177,0.08376843977363106
Mt2,0.4561979786858963,0.001818722745569848,0.08598736632949619
Cntrl,-0.4559425261377097,0.0018323750534552457,0.08602118998634298
Selenbp1,0.4559379114760264,0.0018326224857233005,0.08602118998634298
Slc15a3,0.4552966398880758,0.0018672872595655078,0.08733416290347783
Zc3h12a,0.45453818818261577,0.0019090125537191774,0.08896680290529123
Ackr4,0.4543609943434199,0.001918875290994465,0.08910819812166113
Sgk1,0.45397016247744765,0.001940784169272642,0.08980600221574009
Fcer1g,0.4534842050632321,0.0019683249243051984,0.09075855808218562
Pipox,-0.45315202622638107,0.0019873431077106207,0.09131281764970384
Cmtm6,0.45295220103171724,0.001998859509217652,0.09151971135361804
Elk3,0.4527034708469647,0.00201327443671477,0.09185740603038824
Sgtb,-0.45246984314269334,0.002026895307103158,0.09215664411982268
Actg1,-0.45223349096753807,0.002040755439160287,0.09246464488056454
Ptprs,-0.45177067326968867,0.0020681316792092413,0.09278816823046457
Klf10,-0.45175224779728357,0.002069228060009594,0.09278816823046457
Sgk3,0.4518025147873744,0.0020662381713589567,0.09278816823046457
Ptpn12,0.4516087493700183,0.0020777838056239917,0.09285274273831325
Cd2ap,0.45100239513376106,0.00211427218093265,0.09369720343961929
Pnkd,-0.45105668486055445,0.0021109829561212707,0.09369720343961929
Tnip1,0.4509373026164993,0.002118221703938056,0.09369720343961929
Acadm,0.44989851997542385,0.002182112134770906,0.09491460415541851
Inpp5b,-0.45027782195911376,0.002158594235367846,0.09491460415541851
Ccl4,0.44994181948081335,0.0021794163718775097,0.09491460415541851
B930041F14Rik,-0.4501733040823514,0.002165052869981504,0.09491460415541851
Hdac7,-0.45006441163024113,0.0021717994478938985,0.09491460415541851
Cirbp,0.4492808461909176,0.0022208799930384716,0.09627994361846849
Ikbip,0.4485006793438982,0.0022706891146284146,0.09811331873108008
Sqrdl,0.447318710756217,0.002347973408487026,0.10086528528047004
St6gal1,0.4472905958692531,0.002349838817170886,0.10086528528047004
Cyp4v3,0.44678976054543557,0.00238328228126933,0.10183289133954293
Sgpp1,0.44671976261528923,0.0023879887156027387,0.10183289133954293
Havcr2,0.44655867758639484,0.0023988497832709687,0.10196283655342955
Sel1l3,-0.4463511679356122,0.0024129033019850477,0.10222719216754185
Cpne3,0.4459940889694121,0.002437251329709617,0.10259255677864772
Bcat1,-0.4461033687470924,0.0024297776790483494,0.10259255677864772
Wdr20,0.4458525382691903,0.002446961226831716,0.102670086974042
Rassf7,0.4443317754376637,0.0025533861156508656,0.1064509118949781
Idh3a,-0.4443768948876045,0.002550172557910463,0.1064509118949781
Tep1,0.44279165969595874,0.0026651742342756464,0.10806199122574275
Ccrn4l,-0.4426584770937314,0.0026750346276516956,0.10806199122574275
Pitpna,-0.44240171229386743,0.0026941326175659837,0.10806199122574275
Psmb2,-0.4431835844089758,0.002636337391636038,0.10806199122574275
Cav2,0.4421063020979963,0.0027162489939492394,0.10806199122574275
Cd300lf,0.4421386279985734,0.0027138213306389034,0.10806199122574275
Egr1,-0.4435117098245643,0.0026124002048253585,0.10806199122574275
Lcp1,0.4429822790051604,0.0026511154581965158,0.10806199122574275
Sap30l,0.44264236303404564,0.0026762297694452315,0.10806199122574275
Elavl3,-0.4424813540131198,0.0026881965004664486,0.10806199122574275
Msr1,0.44231878241509043,0.0027003257151055346,0.10806199122574275
Vim,0.44211864261395006,0.002715322006923139,0.10806199122574275
Cdkn1a,0.4432608509143417,0.0026306838917114963,0.10806199122574275
Rap1a,0.44299215870028036,0.0026503885300401195,0.10806199122574275
Mical1,0.44257564615713874,0.0026811828582351785,0.10806199122574275
Hand2,-0.4415651467223458,0.002757165848504384,0.10935640473292921
Cd151,0.4408453849311087,0.002812401791473502,0.11120918477859917
Nr4a1,-0.4405259430077378,0.002837217364073814,0.11185150871238428
Tmem47,0.4396292466655355,0.0029078772894517743,0.11429183960860302
Ube4a,-0.4390616160050735,0.0029533782055032876,0.11573162823907628
Cxcl13,0.4388834152159577,0.0029677873002782367,0.11594807329739733
Klhdc4,-0.4387412521159458,0.0029793253779938317,0.11605139360430301
Acot5,-0.4386076611994955,0.002990202565410895,0.11612843236918682
Rgn,0.43816483912228016,0.003026500307841243,0.1171893249763216
Vps26a,0.4378694063256117,0.003050924981542719,0.1177855623791448
Alox5ap,0.4369447576766077,0.003128458232046882,0.1204225707079049
Socs3,0.4363111614426928,0.0031825500249265093,0.12107607951972602
Atf7ip,-0.4363699461074695,0.0031774981312311166,0.12107607951972602
Tnnc2,-0.436462388875651,0.003169567509009793,0.12107607951972602
Rhoc,0.43642560410716474,0.0031727212355532274,0.12107607951972602
Atp2b2,-0.43616903049196193,0.003194792881972148,0.1211885241769028
Kpna6,-0.43595064539875783,0.0032136822494502845,0.12155170919732394
Fli1,0.43556466889921264,0.0032473001367885105,0.12201656141843648
Pmp22,0.43548787515789744,0.00325402432168104,0.12201656141843648
Dnajc5,-0.43570079522703303,0.003235409759063378,0.12201656141843648
Hhex,0.435359333754813,0.003265306139271603,0.1220887673677798
Haus3,-0.4350422763582456,0.0032932760498354976,0.12278274049800975
Ldha,-0.43449779751271617,0.0033417842137649944,0.12396613043155563
Hnrnph1,-0.43447289786123333,0.0033440170060470217,0.12396613043155563
Slc44a1,0.4342960134446434,0.0033599150834556914,0.12420264001136917
Wwtr1,0.4341811959265782,0.0033702690676228014,0.1242334493316665
Pigu,-0.4336229987510272,0.0034209936186590526,0.12504354546185428
Lrrtm2,-0.4337440564157021,0.003409938072805072,0.12504354546185428
Tspo,0.43362998588963114,0.0034203546930039437,0.12504354546185428
Prdx4,0.43333081655590266,0.003447802685601497,0.1256714448167987
Car10,-0.4328106154941941,0.0034959757744880914,0.12707238964149054
Mtbp,-0.43255672188245287,0.00351969452945241,0.1275791497634014
Tnnt2,0.43173708126996646,0.0035972011207695163,0.13002736128787096
Tnfrsf1a,0.43129469627758965,0.003639632944584926,0.1311977079941677
Rabif,-0.43073630082784653,0.003693798347408113,0.13278340119925197
Snrk,-0.4298690032349003,0.003779284481287354,0.13437570353220352
Rbm18,0.4299432061486728,0.0037719054997091624,0.13437570353220352
Zfyve21,0.42995732503782574,0.0037705028566201036,0.13437570353220352
Cabp2,-0.4300086601432995,0.0037654066936761827,0.13437570353220352
Gpt2,0.42951902515583146,0.0038142528407757105,0.13488397105496544
Auts2,-0.42953540405603935,0.0038126102268644835,0.13488397105496544
Gpld1,0.4292939518588566,0.0038368859828506368,0.1353176356492377
Unc5b,-0.42887975196506367,0.0038788353792976768,0.13545722281269865
Hvcn1,0.4290779199777313,0.0038587170044158126,0.13545722281269865
Arfrp1,-0.4288450594034213,0.0038823665669361095,0.13545722281269865
March7,0.4290015003102472,0.0038664647550199008,0.13545722281269865
Fbxo33,-0.42867490142190695,0.0038997256368795787,0.13570005289504433
Colec12,0.42768885066602697,0.0040016214740911035,0.13873148217678324
Krtap19-5,-0.42762682767170795,0.004008105508517686,0.13873148217678324
Txlng,0.4271299638251153,0.0040603710712625,0.14016873573784222
Ube2b,-0.4269231467487135,0.004082295973882328,0.14018389516629076
Isca2,-0.42696649386945873,0.00407769240763101,0.14018389516629076
Pnpla7,0.4268118662338047,0.004094134397199796,0.14022141666419985
Reck,0.42657399259587664,0.004119537837700508,0.14072211844019356
Cebpd,0.425495354554311,0.004236412166774856,0.14396078740688828
Dguok,-0.4255766381549202,0.004227508053947253,0.14396078740688828
Cyp3a44,0.4249405501980317,0.00429761267433903,0.14566116308428573
Mcee,-0.42453806659253523,0.0043424776307536845,0.14680049379198143
Gjb6,0.4242416477623693,0.00437577242423664,0.14754380972574654
Kcne1,-0.4237814219795183,0.00442789454495627,0.14891648432251126
Smarca1,0.42366960645384794,0.0044406370326848035,0.14896111218381491
Grsf1,0.4232289379922732,0.004491158035355543,0.15026954154706276
4833439L19Rik,-0.4229248481048874,0.004526303554761849,0.15067279358695757
Cryzl1,-0.42297425108416936,0.0045205779805492195,0.15067279358695757
Ddc,0.4227478156345788,0.004546871174483091,0.1509723204982948
Qk,0.4222985105769507,0.004599426485031677,0.15232973655629026
Pls1,0.4221695101509111,0.004614610229374338,0.15244569337495123
Tcn2,0.421814995590431,0.004656556051762232,0.1534429290895085
Crlf2,0.4216863026680372,0.0046718623736704745,0.15355952673558193
Ankrd27,-0.42151884217570335,0.0046918432223215034,0.15357385492913966
Sirpa,0.4214854481062192,0.0046958363182409936,0.15357385492913966
Trim30a,0.4210810541783478,0.00474442009991607,0.15382242109969285
Arf2,-0.4210299571702168,0.0047505889879052975,0.15382242109969285
Ifit1,0.42113456789209675,0.004737966701509197,0.15382242109969285
1810032O08Rik,0.421223903767435,0.004727209910962485,0.15382242109969285
Gna15,-0.42049487042369693,0.004815597467356095,0.15554141423645962
Notch3,0.4201870004574763,0.004853340349951521,0.15598827149388522
Stx17,0.4202697974912425,0.004843165495723019,0.15598827149388522
Rbm7,0.41976895636321643,0.004904989463229269,0.15726095210240476
Rbm43,0.4195307171712463,0.0049346307805265294,0.1578235221938497
Slc39a7,-0.4193921594872103,0.004951939322126787,0.15798986849494484
Tipin,0.41911854956058237,0.004986269027400729,0.1586971330208588
Zfp758,0.41900087539687964,0.00500109518616287,0.15878173013196908
Eif3m,0.4187074295746919,0.005038229520910298,0.15938097841945856
Usp1,0.4186588646567568,0.005044397585043788,0.15938097841945856
Nptx1,-0.417984311783568,0.005130731161154256,0.16171717613985964
Crip2,0.41760402560643656,0.005179949492810294,0.1623034917561758
Birc5,0.4175525133420308,0.005186646950902391,0.1623034917561758
Tbcel,-0.41763106667320316,0.005176436620230232,0.1623034917561758
Stx7,0.4171170161167909,0.0052435612288163295,0.1636521204863073
Cables1,-0.41703128480924184,0.005254827073627309,0.1636521204863073
Epas1,0.41678641521431425,0.005287117497508653,0.16403696556411768
Cyp4f18,-0.4166383389547166,0.005306725005708254,0.16403696556411768
Npn2,-0.4165574050871124,0.005317467731904496,0.16403696556411768
Mafg,-0.41665088202923234,0.005305061743430485,0.16403696556411768
Tll1,-0.4164545934204224,0.005331140818919619,0.16407088808038234
Dhcr7,-0.4163467633806585,0.00534551312351158,0.16412611940871202
Dcaf11,-0.41587040577169454,0.005409396519150859,0.16506880062546753
Upf3b,0.41595970963006845,0.005397371417522861,0.16506880062546753
Plin2,0.4157686107411052,0.005423131118600815,0.16506880062546753
Zdhhc12,0.415741340603039,0.00542681550067634,0.16506880062546753
H2-Eb1,0.4153087594736729,0.005485542735270312,0.16646708640126118
Adipoq,-0.41486935410688797,0.005545743387862294,0.16790349296569623
Rnf26,-0.41466412058440233,0.00557405134865507,0.1679810532300231
Trp53inp2,-0.414678754542228,0.005572028860624623,0.1679810532300231
Slc15a4,0.4144514910968093,0.0056035076225100944,0.16819725702618085
Znrf1,-0.41440921653278334,0.005609379644794205,0.16819725702618085
Fam213a,0.4143336092991144,0.0056198945561663615,0.16819725702618085
Tmem163,-0.4142058022168057,0.005637706767534108,0.16834424624611571
Fstl1,-0.4139365466387987,0.0056753878819469404,0.16908250335964756
Smpx,-0.4135947668257452,0.005723523446274629,0.16974149420554005
Cldn8,0.41363100260093083,0.005718403853838146,0.16974149420554005
Grb2,-0.413288686588995,0.005766922213345223,0.1698703565732321
Paip2b,0.4134115021834067,0.0057494751997657235,0.1698703565732321
Napg,-0.41331664547088937,0.005762946503542204,0.1698703565732321
Uevld,0.41307427528956436,0.005797487918194144,0.17029766012087907
Mob1a,0.412958085099816,0.005814108415913341,0.17029766012087907
Baz1b,-0.412912914969757,0.0058205806126072545,0.17029766012087907
Ntrk2,0.41277287952179736,0.005840684094032502,0.17050354976069376
Dcbld2,0.41259025097427116,0.005866989931680216,0.1708891777198552
Rab4a,0.41241216291894855,0.005892737612880731,0.17125686661576983
Gng2,-0.41226692618631533,0.005913805965583149,0.1714872312108767
Rgs4,-0.4117467118872231,0.005989789701672757,0.17330546744374237
Pbxip1,0.41095546917409914,0.006106932480088731,0.17440085912489456
Tfrc,0.41089733059812306,0.006115615204538723,0.17440085912489456
Fndc3a,0.41136164489431143,0.006046560435385113,0.17440085912489456
Cyp2d10,-0.4109710454809626,0.006104607991023979,0.17440085912489456
Saa1,-0.4108599440260537,0.006121204190298238,0.17440085912489456
Hapln2,0.4109445402702684,0.006108563870008324,0.17440085912489456
Atf4,-0.4110482605377943,0.006093095976426159,0.17440085912489456
Ctnna1,0.41068924515519617,0.006146776812061693,0.17474790984878655
Emilin3,-0.4105571115223875,0.0061666334791168845,0.17493130493260048
Endou,0.41006592708832257,0.006240920254591767,0.17665459523246846
Sord,0.40996441992564747,0.006256365507385952,0.17670847079194651
Sfxn4,-0.4098185951083528,0.0062786102545811465,0.1769537477581628
Ctps2,0.4089726445170601,0.006408969070965065,0.17733429930984992
Ythdf1,-0.4091379424683813,0.006383320115739999,0.17733429930984992
2310061J03Rik,0.40876314113580287,0.006441601492288211,0.17733429930984992
Bst2,0.40913969336161543,0.0063830488948074145,0.17733429930984992
Parp6,-0.4093608342420268,0.006348870863296449,0.17733429930984992
Ccdc9,-0.40918344530529993,0.006376274668655996,0.17733429930984992
Slc25a22,-0.409014167772497,0.006402517871464423,0.17733429930984992
Pdlim7,-0.4089693955162097,0.006409474077182303,0.17733429930984992
Tspan6,0.4091494350774091,0.0063815400374730115,0.17733429930984992
Dbndd2,0.4088960343599488,0.006420885809222189,0.17733429930984992
Lgals3bp,0.4088015802868275,0.006435603759106545,0.17733429930984992
Mef2a,0.40809064916677845,0.006547292761377539,0.17806766454744077
Zdhhc3,-0.4084924090123725,0.00648397729934166,0.17806766454744077
Cd24a,0.40833826618850183,0.006508208487650263,0.17806766454744077
Kdm7a,-0.40829718647454133,0.006514679003803705,0.17806766454744077
Gna13,0.40807280328164053,0.006550117172409501,0.17806766454744077
Jund,-0.40814914899204985,0.006538041341793066,0.17806766454744077
Tacr1,-0.4075959031708526,0.00662597399295404,0.17975537345957848
Slc38a5,-0.4074365130496753,0.006651490578985873,0.18007323768710923
Trim6,-0.40701354918711147,0.006719602010914599,0.1809164169754323
Ap2m1,-0.40699280179094305,0.006722958023511228,0.1809164169754323
Insrr,-0.4069849476223866,0.006724228847657649,0.1809164169754323
Zfyve26,0.40685936909805764,0.006744575125362216,0.18109045434331597
Nipsnap3b,0.40652955335503466,0.006798257809957651,0.18158339108454588
Hexa,0.4065526830910205,0.006794481446743502,0.18158339108454588
Serinc3,0.4064902387976194,0.0068046806836035666,0.18158339108454588
Bckdha,0.40632503355570176,0.00683172608915171,0.18171494378614667
Ccz1,0.4062052780603918,0.006851387259007139,0.18171494378614667
Ppp2r5a,0.40621691849099795,0.006849474083756175,0.18171494378614667
Sgcb,0.4058541435692803,0.006909309112448348,0.18287946168019978
Camk2d,0.4056222947758313,0.006947778377795341,0.18352542520617696
Fkbp5,0.4041572813246039,0.0071950293603853625,0.18890933224078188
Map7,0.40415760018089497,0.0071949747565216455,0.18890933224078188
Etos1,-0.4042620871324422,0.00717710011869557,0.18890933224078188
Sfmbt2,-0.40394960011333647,0.007230668322847171,0.18946383723861993
Bmi1,0.40361322121590576,0.007288705604380351,0.18978602282929788
Chga,-0.40363812093237356,0.007284396209855223,0.18978602282929788
Rnf208,-0.40354144077504317,0.007301140582443676,0.18978602282929788
Synpo,0.40369626557621485,0.00727434141288955,0.18978602282929788
Vps35,0.4033382769032295,0.007336432157630718,0.19032426088453924
Vwa1,0.4029121757332121,0.00741091366884574,0.19187502473168266
Cmtm3,0.402242174665547,0.007529306339428411,0.19455429390732937
Rcc2,-0.4018304049337205,0.007602849347509271,0.1960663658807282
Gem,-0.4015920384139386,0.007645695746435159,0.19678241379730255
Scpep1,0.40141154837180854,0.007678272877444915,0.19692540091227884
Dkk2,0.40139406994011617,0.007681433754644028,0.19692540091227884
Psg23,-0.40130833364049456,0.007696954434280877,0.19693638904496305
Sh3bgrl,0.40120334193591833,0.0077159965535018235,0.19703725836916886
Nudt7,0.4010107603293111,0.007751026943596057,0.19754521599020497
Tjp2,0.4007129039883719,0.0078054681991040625,0.19828196697444833
Itm2a,-0.4006864160175389,0.007810325007653187,0.19828196697444833
Qtrt1,-0.4004509869985115,0.00785360402962941,0.19899355142259065
Rdx,0.40009138773107933,0.007920095657339922,0.19990198884454285
Cdh10,0.4001127292762091,0.007916136431646525,0.19990198884454285
Mettl20,0.39999775266076687,0.007937486120936948,0.19995416291912402
Xpot,0.3997373801549367,0.007986011656046607,0.20078895202264388
Eef1d,0.39959882442696865,0.008011934993610591,0.20081634485884994
Frg1,0.3995671023253349,0.008017879965626548,0.20081634485884994
Adcy4,-0.3991987355489771,0.008087184758324461,0.20216412626700364
Ccng1,0.3974404755242001,0.008424908449726862,0.2102038821424203
Trim8,-0.3970891672888671,0.008493776404906925,0.21151772577792075
Ywhaz,-0.39679548071924975,0.008551707956855987,0.21186775164424934
D10Jhu81e,0.3968432634825078,0.008542260146416649,0.21186775164424934
Cts8,0.3967710537433706,0.008556541123191003,0.21186775164424934
Dek,0.3964856000244948,0.008613190377409546,0.21286651749018404
H2afb1,-0.3960726657941829,0.008695691044439345,0.21449919175593385
Gnb1l,-0.3954654613329341,0.008818199523189693,0.2171107275058534
1700019N19Rik,0.39459079736148067,0.008997192513054933,0.22110049925207875
Nmi,0.39429947050925074,0.009057477018271724,0.22216356693877393
Sprr1a,-0.39421668847626723,0.009074668335468833,0.2221676305994987
Mest,-0.3941285149345359,0.009093009142268666,0.22219976834731053
Pole3,0.3940164620852306,0.009116361507814405,0.22235402115041153
Cd44,0.39347701023802095,0.00922948505717545,0.22427476817706227
Itgb5,0.3935130023018087,0.00922190133449648,0.22427476817706227
1110037F02Rik,0.3931453870140692,0.009299604124628593,0.2255586137960567
Smox,0.3930179591485434,0.00932666520680402,0.2257952769639808
Ranbp2,0.39254989024528153,0.00942662847790502,0.2273716728432211
Pygl,0.39262364866425714,0.009410817418296812,0.2273716728432211
Dsc1,-0.39234049782536806,0.009471634722935612,0.22803572232396088
Zpr1,0.3920109998434423,0.009542817490480424,0.22883062724370984
Itgb1bp2,0.39187189864826216,0.009573001162678873,0.22883062724370984
Npff,-0.39186363529500784,0.009574796725807768,0.22883062724370984
Tagln2,0.39187944141778996,0.009571362420981529,0.22883062724370984
Cx3cl1,-0.3917693674953684,0.009595300195917781,0.2289014118035304
Zfp622,0.3914555521600799,0.009663818669295034,0.23011527338618776
Lypla1,0.3912503473872354,0.009708842382913252,0.2307662736878598
Cpd,0.3906669946796323,0.009837787146116259,0.2328437418426773
Bckdhb,-0.3906130731430626,0.009849777415676135,0.2328437418426773
Cybrd1,0.3906750202969052,0.009836003564657053,0.2328437418426773
Tmod2,0.39032389251960037,0.00991428819792303,0.23384938394161622
Fbxl20,0.3902619142124362,0.009928159912917112,0.23384938394161622
Lect1,0.3901214383229353,0.009959660230164414,0.23416866007822604
Sema4f,-0.3896866010222048,0.01005769414051387,0.23604829287691637
Emc10,-0.3880886104423712,0.010424861089336915,0.23752070150603113
Slc25a17,-0.38851988776731416,0.010324690425216727,0.23752070150603113
Fam222b,-0.38800393318857795,0.010444622911576221,0.23752070150603113
Adcyap1,-0.3879768529504827,0.010450949393503987,0.23752070150603113
Tmem147,-0.38874940774716044,0.01027170699861092,0.23752070150603113
Sptssa,0.3890245566289119,0.010208487598049782,0.23752070150603113
Trnt1,0.3886923775977879,0.010284851007504887,0.23752070150603113
Il33,0.38831319156052235,0.010372598739034835,0.23752070150603113
Psat1,0.3883240926144559,0.01037006748588947,0.23752070150603113
Map2k1,-0.3880358247203595,0.010437176484431277,0.23752070150603113
Mt1,0.3893034850253211,0.010144729368474149,0.23752070150603113
Cd109,-0.3879354884596866,0.010460619088548175,0.23752070150603113
Eif1b,-0.3889532917130823,0.010224830698786477,0.23752070150603113
Tbx2,-0.3879113148511901,0.010466273535594137,0.23752070150603113
Fcgr1,0.3884337647706421,0.010344629791395858,0.23752070150603113
Lypd1,-0.3891219197029044,0.010186194444358245,0.23752070150603113
Spata13,0.3890033650887452,0.010213345165593992,0.23752070150603113
Mgst2,0.3881044637655475,0.01042116471476609,0.23752070150603113
Pex16,-0.3879779756833768,0.010450687037717319,0.23752070150603113
Aif1l,0.38775172583999845,0.010503666557912482,0.23754305877677637
Med27,0.3877579036986782,0.010502216978587362,0.23754305877677637
Padi2,0.3869239898361119,0.010699391794865258,0.2415508019570878
Irf8,0.3867562621196675,0.010739418042680846,0.24203569264066035
Rnf13,0.3866378135219335,0.01076775901679828,0.2422560127762082
Ctc1,0.3862061212683282,0.010871573686598076,0.24382812094467385
Apoe,0.38619190289066496,0.010875007003586496,0.24382812094467385
Evl,-0.3859395831506916,0.010936084138238478,0.24477695011985234
Aldh1l1,0.38583629914188905,0.010961167044702413,0.2449182684354825
Pnrc2,0.38567493083723925,0.011000451195318495,0.2453758763208736
Trpc4ap,0.385586954454715,0.011021917529395995,0.24539011593947774
Tfcp2l1,0.38481832861919274,0.01121094097560105,0.24539011593947774
Apobec1,0.38467872711063983,0.011245558229121594,0.24539011593947774
Ssfa2,0.3853091839985434,0.011089921352832743,0.24539011593947774
Gstm1,0.38483853170537174,0.011205938483023134,0.24539011593947774
1190005I06Rik,0.3852266477086077,0.011110194644525501,0.24539011593947774
Rrm2,0.3850620154946457,0.01115072460386164,0.24539011593947774
Il4,0.385041437019112,0.01115579929786925,0.24539011593947774
Cers4,-0.3852190922147505,0.011112052021784528,0.24539011593947774
Clec4b1,-0.38540357978163364,0.01106677254153924,0.24539011593947774
Arhgap6,0.38474875382313156,0.011228182542168496,0.24539011593947774
Htr2b,0.38472492807316366,0.011234091918609093,0.24539011593947774
Grhpr,0.3850103113397541,0.011163478582337221,0.24539011593947774
Aldoa,-0.38436961362321687,0.011322524222462275,0.24596693437178294
Itpr2,0.38434552331250915,0.01132854069717538,0.24596693437178294
Birc3,0.3843666094617774,0.011323274357593087,0.24596693437178294
Fbxo2,0.384098173187269,0.011390468553789192,0.24690070458205177
Slc12a4,0.38398627187213824,0.01141857650877621,0.24709951055227325
Mtfr1l,-0.3836176726443645,0.011511568810599044,0.24747028238798505
Gmppb,-0.3837635908673414,0.01147468120347636,0.24747028238798505
Pkia,0.3837369651034566,0.011481404807968306,0.24747028238798505
Ikbkap,0.38366116065374717,0.01150056496408287,0.24747028238798505
Lcorl,0.38353834854745583,0.01153166272630434,0.24749451795319957
Slc16a3,0.38345623599493206,0.011552493508038227,0.2475344627034332
Snx5,0.3833125885156079,0.011589009568302002,0.24757454843942633
Wipf1,0.3832251548540918,0.011611282369907957,0.24757454843942633
Abcb1b,0.3832700850268029,0.01159983247145347,0.24757454843942633
Srd5a3,0.3829406382298026,0.011684004811960176,0.24871872559750136
Cbfa2t3,-0.38235044439009813,0.011836057967635708,0.2515451472633198
Ccdc137,0.38205814138625827,0.011911967346874115,0.2524217541408425
Otud4,0.38204268051777135,0.011915993604932102,0.2524217541408425
Thap11,0.38192962206739595,0.01194546998499467,0.2526360418706571
Galr1,0.38174294062925795,0.01199427289464805,0.2532577135958939
Sypl2,0.38156886910666926,0.01203992737938387,0.2538110054500487
Apoa2,0.3813726572547284,0.012091560484905603,0.25448834317344066
Krtcap2,-0.3811402847620192,0.012152945366873733,0.25536841238701347
Slc15a2,0.380771705261377,0.012250838509901331,0.2567257353624832
Pabpc1,0.38074900751812946,0.012256888124057555,0.2567257353624832
Pcnxl3,-0.38049638431460037,0.012324386048351394,0.25772582298868163
Abca8a,0.3804038028768751,0.012349199313172026,0.25783152294013084
Vkorc1,0.3802837541566656,0.012381435546575205,0.2580916173278911
Rabgef1,0.3798008589918125,0.012511807079496616,0.25930913665710015
Il10ra,0.3798909911574676,0.01248738780351419,0.25930913665710015
Actl11,-0.3798148530898616,0.012508013116081858,0.25930913665710015
Slc32a1,-0.37977311556465065,0.012519331450224009,0.25930913665710015
Ankrd33,-0.3795548037868008,0.012578670594550768,0.2601253131351711
Slc29a4,-0.3789124722383439,0.012754607559046425,0.2628617056151841
Scrg1,0.37890718192087713,0.012756064966473217,0.2628617056151841
Dab1,-0.37870555315789534,0.01281171314056687,0.2628617056151841
Rhobtb2,-0.3788017070756183,0.012785150427539811,0.2628617056151841
Sptssb,-0.3787440746895847,0.012801066039201496,0.2628617056151841
Tnfrsf21,-0.37844509412423083,0.01288389382327607,0.26392767739392375
Nkd2,0.37806985760258494,0.0129884709860783,0.26413807280070706
Btk,0.3780451742654386,0.012995374568017007,0.26413807280070706
Stk39,-0.3782999992824835,0.012924248761351132,0.26413807280070706
Fam96a,0.37813985390940746,0.012968910420060943,0.26413807280070706
Trrap,-0.3782343050470048,0.012942554358678925,0.26413807280070706
Nlk,-0.37779249913249696,0.013066218104784632,0.264939336728213
Zbtb7a,-0.3777598225528827,0.013075402931486643,0.264939336728213
Gabarapl2,-0.37763692598651577,0.013109994632791286,0.26522840304386586
Ppa1,-0.3773949651156046,0.013178319456935421,0.26578653878446723
Scube2,-0.377425403009456,0.013169708340764193,0.26578653878446723
S100a4,0.37697695129649306,0.013297048198233597,0.2675081069115431
Zswim1,-0.3768783576243291,0.013325179668365623,0.2675081069115431
D3Bwg0562e,-0.37690066077102874,0.013318811690805548,0.2675081069115431
Dnm1,-0.37658001083385273,0.013410604475846848,0.26880379762065043
Rbmx2,-0.37636613649633777,0.013472119215564822,0.26880379762065043
Nfe2l1,-0.37640954729091775,0.013459614633098244,0.26880379762065043
Ddhd2,-0.37642580284439164,0.013454934638719695,0.26880379762065043
Nfe2l2,0.3761421964330218,0.013536777499381142,0.2696815413579
Gde1,-0.37586965172727427,0.013615813349680761,0.27084260426826867
Calml4,0.3756555636984684,0.0136781628424711,0.27166871679057136
Ctsl,0.375399805242459,0.01375295551041153,0.2723338893871552
Scn8a,-0.3753983105312961,0.013753393601512396,0.2723338893871552
Hrh2,-0.3751661528438429,0.013821576992547836,0.27326933056932834
Rmdn3,-0.3744429307108224,0.014035765364525693,0.2754175973559335
Cycs,-0.37469859652551624,0.013959738507669569,0.2754175973559335
Pla2g16,0.3745573774071875,0.014001690645249571,0.2754175973559335
Pcdh7,0.37456848613948024,0.013998386813348933,0.2754175973559335
Bhlhe41,0.37445189429122433,0.014033094143055657,0.2754175973559335
Fbxw7,-0.3742018525840979,0.014107765417385548,0.27641476115835434
Sf3b2,0.3739897761108684,0.014171354309291598,0.277244381382228
Cklf,0.37386968373088875,0.014207466949092775,0.2775347847585503
Aldh2,-0.37317869265917886,0.014416723451429986,0.2792065719015205
Nnat,-0.3728919619068213,0.014504294700317567,0.2792065719015205
Zfp62,0.37253475477725156,0.014614000199918651,0.2792065719015205
S100a9,0.37257413695811065,0.014601871867614103,0.2792065719015205
Ndst3,-0.3732067676885254,0.014408172343209909,0.2792065719015205
Cyb5b,0.3726096204808396,0.014590951255509027,0.2792065719015205
Pcdhb10,0.3733013928917178,0.014379381986958702,0.2792065719015205
Nefl,-0.37289088969761436,0.01450462298367996,0.2792065719015205
Asna1,0.3728979858342685,0.014502450439268913,0.2792065719015205
B3galt6,-0.3725917146357717,0.014596461223442627,0.2792065719015205
Mboat1,0.3731594736846608,0.014422579577738714,0.2792065719015205
Tubgcp4,-0.3734677219131567,0.014328889666596178,0.2792065719015205
Clcn5,-0.37289886495135893,0.014502181308451614,0.2792065719015205
1110008F13Rik,-0.3728707491846059,0.014510790632289324,0.2792065719015205
Heatr2,0.3727430191486161,0.014549955622620302,0.2792065719015205
Nefm,-0.3721776025066913,0.014724368203655268,0.28082432107987765
Ccbl2,0.3721216626379139,0.014741716602016721,0.28082432107987765
Ankra2,-0.3717489388694349,0.014857736132303555,0.2813912899715952
Arntl,0.3719442588773473,0.014796844958034277,0.2813912899715952
Pcna,0.37180507683249203,0.014840214083484706,0.2813912899715952
Slc38a2,0.3718307211567963,0.014832215492080435,0.2813912899715952
Tmem191c,-0.37167983372997426,0.014879328837540638,0.2813918289870548
Ccnh,-0.37149346390682847,0.014937690493486672,0.2818871108320747
Papola,-0.3714583016139375,0.0149487225607936,0.2818871108320747
Tmem229b,-0.3711473519189469,0.015046573000128216,0.2830546929951151
Lbp,0.37112374257917896,0.015054023828539343,0.2830546929951151
4632428N05Rik,0.37072908007460487,0.015179022881943104,0.28460560792734885
Ifna2,-0.3707255996518783,0.01518012898439994,0.28460560792734885
Lrrc2,-0.3699761834619108,0.015419840900598784,0.2877039530445754
Mcm6,0.3700652692349264,0.015391184247188272,0.2877039530445754
Sephs2,-0.3700560258653447,0.01539415557817228,0.2877039530445754
Sugct,0.3699335247293623,0.015433578598452203,0.2877039530445754
Tpp1,0.3697633621426272,0.015488476999430538,0.2882098717879785
Zdhhc20,0.3697125795850879,0.015504891562201004,0.2882098717879785
Rab8b,0.36948639021490887,0.015578176299177026,0.28916020274247656
Bsg,-0.3693991209331573,0.015606526975437685,0.28927495810012266
Arl1,0.36897631014176463,0.015744481519501804,0.2914180699971334
Ctbs,0.36887333017307355,0.01577823240625706,0.29162911426239146
3930401B19Rik,-0.3687044786499156,0.015833700236613887,0.2922403881012371
Oprl1,0.36848314275214705,0.015906650651761396,0.29275865212247454
Kif16b,0.3685304172209851,0.015891046354999373,0.29275865212247454
Rangap1,-0.36831130698340364,0.015963475564918783,0.2929780487294307
Eif3e,0.3683647855223978,0.015945772816388624,0.2929780487294307
Ncoa4,0.36781106072917397,0.01612984919093013,0.2956157332759091
Cpsf7,-0.36709030401437526,0.016372050513870685,0.29716965948075447
AA416453,-0.3670649863026588,0.016380611926983528,0.29716965948075447
Srsf7,0.3670378685224908,0.016389786105765015,0.29716965948075447
Cks1b,0.36710764869277485,0.016366187364294956,0.29716965948075447
Chst15,-0.36714132064384963,0.01635480988367647,0.29716965948075447
Ptbp2,0.36715826201875384,0.01634908797362217,0.29716965948075447
Rai14,0.3670498114217795,0.016385745202916017,0.29716965948075447
Glcci1,-0.3670170740995867,0.016396823881227925,0.29716965948075447
Cic,0.36669321723163767,0.016506750716741403,0.29802150933715704
Lactb2,0.3666767916986264,0.01651234203776263,0.29802150933715704
6430548M08Rik,-0.3667080444388421,0.016501704800568104,0.29802150933715704
Tkt,0.36646478764848067,0.01658464803719229,0.29842025192798205
Hs3st3a1,-0.36648310780066634,0.01657838958723096,0.29842025192798205
D17H6S56E-5,0.36637658875663315,0.016614805162557478,0.29842025192798205
Hnrnpf,0.3663441387006275,0.016625911805628245,0.29842025192798205
Akr1c21,-0.36615979211006605,0.016689122997720546,0.29873301234191413
Erbb2ip,0.3662035330014919,0.01667410681881086,0.29873301234191413
Gpr137b,0.3656757065334977,0.01685604721518251,0.30130761659029665
Ppme1,-0.36551071744845676,0.016913249733295388,0.3019165468806724
Dimt1,-0.365290170157053,0.01698996185261111,0.3020463381671967
Slc6a17,-0.36533336492168966,0.01697491527134,0.3020463381671967
Surf4,0.3653472298028802,0.01697008784677556,0.3020463381671967
Gabra2,-0.36460223299301164,0.01723107009767886,0.3023636024023147
Hes5,-0.3649013588091565,0.017125891878194816,0.3023636024023147
Herpud1,0.36460616114011457,0.01722968548258705,0.3023636024023147
Nf2,0.3644713701029469,0.017277249265762667,0.3023636024023147
Hmox1,0.3646095541772512,0.017228489559061574,0.3023636024023147
Mt3,0.3643160004316222,0.017332207417957803,0.3023636024023147
Fmo3,0.364329710029813,0.017327352262705188,0.3023636024023147
Bmp4,0.36438463072406424,0.01730791361268637,0.3023636024023147
Hoxc5,-0.3645794923984512,0.017239087611949665,0.3023636024023147
Gm10228,-0.3651217195000496,0.01704874441153486,0.3023636024023147
Rlbp1,0.3648139170409661,0.017156583724571236,0.3023636024023147
AY036118,-0.3643715018782463,0.017312558823050966,0.3023636024023147
Ccdc130,-0.36467413050373704,0.017205741628154067,0.3023636024023147
Hnmt,0.36500705071976935,0.017088854071785592,0.3023636024023147
Csf3r,0.36409837591431066,0.017409426234153237,0.3033052108537591
Tnfaip2,0.3637940953693577,0.01751786282055364,0.30478745592720596
Acsl6,-0.3633052548224966,0.017693223218815977,0.30493431511832
Bfar,-0.36324967651492274,0.01771325088969933,0.30493431511832
Slc5a9,-0.3634604395852118,0.01763739996713523,0.30493431511832
Fbxo4,-0.3635732623685389,0.017596905381160384,0.30493431511832
Rragc,0.36338610330693727,0.017664122369296965,0.30493431511832
Deb1,-0.36355391818480276,0.017603843048912805,0.30493431511832
Hk2,0.36340634241857944,0.017656843548416665,0.30493431511832
Cacna1a,-0.36336605172661984,0.01767133615692198,0.30493431511832
Stam2,0.3630411788322073,0.017788547804040915,0.30502333810109056
Flnc,-0.36315085410585946,0.017748907208112362,0.30502333810109056
Sytl2,0.3630948315288665,0.017769146785361317,0.30502333810109056
Amotl2,-0.3627220777142104,0.01790429277994814,0.30586057484466916
Rrp36,0.3628283116285201,0.01786569150192713,0.30586057484466916
Kcnj9,-0.3627127303962746,0.01790769248075157,0.30586057484466916
Gdpd5,-0.36257738430661174,0.017956977975262228,0.30630144522770825
Adipor2,0.36247148504604687,0.017995617550972082,0.3065598086457372
Ebag9,0.3622922143935675,0.01806118251326686,0.3070576188345291
Rnf166,-0.3622629546737846,0.018071902158396685,0.3070576188345291
Mapk13,-0.3619844547019433,0.018174193433363347,0.30802737289865495
Usp25,0.3619757584417822,0.018177395086042582,0.30802737289865495
Zfp942,0.36191495537847435,0.018199793432819602,0.30802737289865495
Abhd3,0.36139578583560794,0.01839195890941855,0.31087651788730913
Cndp2,0.36125123873438514,0.018445754369784045,0.3113824693031203
Hey2,0.3610659780021695,0.018514889137892045,0.3120940184276345
Atp6v0e,0.3610102157419954,0.01853573946520168,0.3120940184276345
Slc7a13,0.36077747399349147,0.018622971333015565,0.3127556665695239
Mrps6,0.36082282744821287,0.018605946669423275,0.3127556665695239
Ntsr2,0.3606387309377923,0.01867513101703796,0.31322851496314696
Pard6g,-0.36046164640304723,0.01874187747732696,0.3139444919148132
Ung,-0.36029913771932054,0.018803300573512958,0.3145695758766289
Mylpf,-0.3601673531199512,0.0188532310235285,0.3145982245857077
2410016O06Rik,-0.360226951757773,0.01883063700401823,0.3145982245857077
Htr1b,0.35989144424108294,0.018958116227557033,0.3148378431324029
Rps18,0.35974498406928634,0.019013984614395855,0.3148378431324029
Cyb5r3,0.35962302285640796,0.019060609707609647,0.3148378431324029
Dus1l,-0.3596423537173408,0.01905321343786141,0.3148378431324029
Apobec3,0.35977252909615154,0.01900346714441298,0.3148378431324029
Cyp3a25,0.3596868516663196,0.019036196735207185,0.3148378431324029
Dmp1,0.35983510220371384,0.018979592530768367,0.3148378431324029
Samd10,-0.35964442721840845,0.019052420224576944,0.3148378431324029
Ptprn,-0.3594224203385325,0.019137500971899524,0.31570828088788483
Scnn1a,0.35918854141869433,0.019227465109768943,0.31670833697532647
Dao,-0.35913874683033414,0.019246663439453894,0.31670833697532647
Cstb,0.35875861239700385,0.019393738187858188,0.3187265612258961
Pou3f1,0.3585101626845931,0.01949035607026224,0.3195096185437839
Slco1b2,-0.35852082396588314,0.01948620206930762,0.3195096185437839
Oxnad1,-0.35830045063262644,0.01957221335133335,0.3197039795532518
Pip4k2a,0.3583808058649117,0.019540815232781443,0.3197039795532518
Pdpn,0.35829150054260717,0.01957571305564014,0.3197039795532518
1700029H14Rik,-0.3577166163070423,0.01980157341433855,0.3216713069621838
Mtch1,-0.3578033538929195,0.019767361169434075,0.3216713069621838
Hal,0.35760901906146997,0.019844080167411904,0.3216713069621838
Maoa,0.3578453482778802,0.019750814401972936,0.3216713069621838
Mapk8ip3,0.3576227177948058,0.019838664314948923,0.3216713069621838
Efcab7,0.35768684942047013,0.01981332555125412,0.3216713069621838
Clmp,-0.3573808533804323,0.0199344629623826,0.32273549279916947
Mx2,0.3569824493208611,0.02009308241449963,0.3249004119291273
Dnmbp,-0.3567521122084012,0.02018525412237519,0.3255839073459504
Cd209d,-0.3567655176403127,0.020179880425553055,0.3255839073459504
Psme1,0.3565310758613358,0.020274026091354033,0.326341631286293
Lpxn,0.3565106418987716,0.02028224867600457,0.326341631286293
Dclk1,-0.35642961333071854,0.02031488102571068,0.32646414101539245
Sall4,0.3562977373648745,0.020368081961394346,0.32691648402734913
Taf10,-0.3561769664004181,0.02041690196948917,0.3272974862406194
Foxk2,-0.35603802997912687,0.020473182380322304,0.32779700230776165
Atr,0.35592946649336044,0.020517246759600715,0.3280999423603306
Oat,0.35584716820508167,0.020550701653263753,0.3282326877275872
1110012L19Rik,0.35576850123161663,0.020582721695188294,0.3283422193160294
Cdhr5,0.3554946089506019,0.02069452036850987,0.32972258399106874
Pik3ca,-0.35540211662653337,0.020732385249063855,0.3299230428232125
Slc5a4b,-0.35489914853951277,0.020939275904945955,0.332809514352789
Upk1a,0.3548049023997753,0.020978228397193172,0.33302299556566145
2810459M11Rik,0.35470221590810136,0.02102073610149517,0.33329232732492164
Dos,-0.3545187388606556,0.021096861148809088,0.3338945309824677
Rrm2b,0.35448738420987697,0.021109892563455884,0.3338945309824677
Dmc1,0.3542121702200344,0.021224555020106794,0.33530171726074276
Smim7,-0.3538785155804694,0.02136424101485492,0.3366932137715481
Stat1,0.35388294957029576,0.02136237984105697,0.3366932137715481
Mcm3ap,-0.35351939360170503,0.02151541920524948,0.33825868097506084
March5,-0.35357782944768223,0.02149076092050258,0.33825868097506084
Slitrk1,-0.35338331535041106,0.021572929105857362,0.3382928193384409
Ap1g2,0.3533518199729527,0.02158625750231248,0.3382928193384409
3110070M22Rik,-0.3533303076298933,0.021595365047813724,0.3382928193384409
Tmbim6,-0.3532576010841469,0.021626169364944332,0.3383691655193748
Cnpy2,-0.35293749324091866,0.021762215603469182,0.3383703607076347
Pax1,0.3528790098119242,0.021787145730080358,0.3383703607076347
Gltscr2,0.35309521842058494,0.02169509598529535,0.3383703607076347
Lphn1,-0.3528306894203902,0.02180776100506712,0.3383703607076347
Rnf130,0.35284225815492476,0.02180282391768516,0.3383703607076347
Erdr1,-0.35306082232582753,0.021709718880407677,0.3383703607076347
Slc25a35,-0.3531097003533031,0.02168894162919902,0.3383703607076347
Serac1,0.35234048442955346,0.02201779350484746,0.341223500528212
Hsph1,-0.3521848602522737,0.022084812820081956,0.3416333810166931
Creg1,0.35215752181884685,0.022096603079016706,0.3416333810166931
Phxr4,-0.35185459386208334,0.022227587694145373,0.3432518246401219
Syne1,-0.3515155948665493,0.022374912250588092,0.34511847512756977
Hdlbp,-0.3513164718512617,0.022461815528968785,0.34524066902662176
Cdk2ap1,-0.35131557822834586,0.02246220614634086,0.34524066902662176
Cryz,0.3513828806434638,0.022432802493103962,0.34524066902662176
Atf3,0.3507909280196731,0.02269248829025139,0.34770369370571197
Hebp1,0.3507684551562309,0.02270239459247962,0.34770369370571197
Fcrls,0.35078968252521897,0.022693037227492364,0.34770369370571197
Kazn,0.3506538774601775,0.02275295606919412,0.34806954718278316
Usp26,-0.3505042663874351,0.022819114045702457,0.3486728561854466
Spsb1,0.35041047013732834,0.022860669833417942,0.3488992756213693
1700018F24Rik,-0.35030838786129465,0.022905966064686246,0.3491821859557136
Frzb,0.35011174585994115,0.02299342470523301,0.34970003771365404
Pik3c2g,0.34993148658028206,0.023073833439465802,0.34970003771365404
Tom1,0.35009686241563737,0.023000055228437715,0.34970003771365404
Kcnk1,-0.3499979380007959,0.023044164923877078,0.34970003771365404
Ssbp2,0.34993126700274524,0.023073931525132662,0.34970003771365404
Chil4,0.34982936651403024,0.023119486960326993,0.34998397371845347
Dcc,-0.3495482701893922,0.023245529526820057,0.35148425816393386
Slc9a3r1,0.3494129543006697,0.023306401946477238,0.35199680439766373
Angptl6,-0.3493404124690281,0.02333908807749552,0.35208295991125904
Slfn1,0.3489346008098223,0.023522622375023745,0.353731490105981
Kif12,-0.34896288607360837,0.023509792348747952,0.353731490105981
Cyp2j9,0.34891902327919827,0.02352969065920695,0.353731490105981
Rnf17,-0.3486538687431559,0.023650266986362526,0.355135021754942
Masp1,-0.3482692758530129,0.023826041083074543,0.35736322999199965
Ubxn11,0.3481339360999711,0.023888146439615895,0.3578833787491938
Capn15,-0.3480569939916154,0.023923512104089825,0.35800218973195885
Tram1,0.34789831179071706,0.023996581957080772,0.35868430464827833
Alx3,-0.3476823584405107,0.024096312633932825,0.35935175264021646
Actn4,0.34768820218025204,0.024093609515810476,0.35935175264021646
Ephx1,0.3475180983261795,0.0241723938192731,0.3595963843496531
Hsd3b7,0.3474685343303737,0.024195388570694722,0.3595963843496531
Extl3,-0.34752899059667147,0.02416734281151195,0.3595963843496531
Myzap,0.3473018094873057,0.024272868292255043,0.3602773308372297
Lamp1,0.3471903293754816,0.02432478622899862,0.3602773308372297
Atp6v1e2,0.34701448034837246,0.024406863396437356,0.3602773308372297
Adra1a,-0.347035444330463,0.024397066815076727,0.3602773308372297
Ptn,-0.34712355590753485,0.024355926400970472,0.3602773308372297
Cox8b,-0.34703798080215714,0.024395881722894405,0.3602773308372297
Ctnnbl1,0.346923071815655,0.024449616099729284,0.3605006107179293
Cbwd1,-0.3467218822833468,0.024543926815103763,0.3610751984332458
Bbip1,-0.34675934695681576,0.024526342524360034,0.3610751984332458
Vimp,0.3465666001285049,0.024616917704070363,0.3617411701806466
Gm9748,0.3465009404275305,0.02464783375072711,0.36178805693277627
C78441,-0.3463906168141631,0.024699850250651648,0.3621442088997229
Scg2,-0.3461517686173498,0.024812767390741414,0.36298408260289766
Hkdc1,-0.34617257480529695,0.02480291464336207,0.36298408260289766
Usp21,-0.346057847608443,0.02485728276594849,0.3632280882562843
Stk16,-0.3458583604277025,0.024952046022040503,0.3642049759973227
Mettl5,-0.3457950517381071,0.02498218047083677,0.36423739995971954
Akirin2,-0.34557091618859276,0.02508910253679541,0.36538805692259296
Atp1a2,-0.34506005057266537,0.025334182012967797,0.3669098125274326
Rnf187,-0.34521957407980275,0.025257447518398136,0.3669098125274326
Vamp5,0.34507321111473305,0.025327844406471022,0.3669098125274326
Fbl,-0.34511850459758253,0.02530604255939764,0.3669098125274326
Sidt2,-0.345089410626362,0.02532004509950911,0.3669098125274326
Sp5,-0.34480745418652126,0.0254560697915958,0.36826635777221023
Stk24,-0.34473196815757673,0.025492586090019077,0.3683862191458017
Gbp7,0.34457231014718653,0.025569959144849545,0.36909557177117447
Rnf113a1,0.34437092278052184,0.025667823893540314,0.3700340064611244
Ryr2,-0.34426371739344797,0.0257200432109924,0.3700340064611244
Bax,-0.34430834047808834,0.025698297128415912,0.3700340064611244
Ascc1,0.3440579065560426,0.025820531955306467,0.3701520708209677
Cyp2d22,0.34418412243546914,0.025758868757790897,0.3701520708209677
Nmnat3,0.344014604094916,0.025841714807104114,0.3701520708209677
Dgkg,-0.34406135584168857,0.025818845221211327,0.3701520708209677
Ndrg3,-0.3438533578867653,0.025920716550937216,0.3704703507920917
1110038F14Rik,-0.34389141658943223,0.02590205242798705,0.3704703507920917
Nynrin,0.3437777446546941,0.025957829582549715,0.37059487770535143
B230354K17Rik,0.3435455523317859,0.026072062589841894,0.37181895599436815
Scgb3a2,0.3433406278355051,0.02617321535632708,0.372854025310821
Rhoa,0.3432664862728502,0.026209889857206074,0.372969305067265
Mrpl37,0.3432082551223306,0.026238723095006834,0.37297287327532047
Emc7,0.34305537380881873,0.026314543639971055,0.37364361257669454
1810021B22Rik,0.34291280368976923,0.02638540871426117,0.3742426068612978
2810417H13Rik,0.3427540347311486,0.026464505580483126,0.37429393487836654
Dcp1a,-0.3426753768548827,0.026503762420692058,0.37429393487836654
Zfp944,0.3426846814397496,0.026499116222593374,0.37429393487836654
Lgalsl,0.3427722443582936,0.026455424109818066,0.37429393487836654
Gykl1,0.3425387380397847,0.02657206761434053,0.37485287599949146
Ppp1r7,-0.3424131804468693,0.02663495774902307,0.37533430201620094
Pigx,-0.34213900800372143,0.02677270200848707,0.37686838026833636
Ccnb2,0.3419052166199067,0.026890609427291413,0.3773070563620706
Kcnmb4,-0.3419417135941173,0.026872175633335594,0.3773070563620706
Pttg1,0.34199785495573154,0.02684383968110824,0.3773070563620706
Slc26a2,-0.34183957413505134,0.026923789466532608,0.3773668407613147
Fhod3,0.34171566662718134,0.026986509918398252,0.37784009434032056
Gas2,0.3415951373990989,0.027047632628759994,0.37828998732335384
Nek6,0.3414623547101917,0.027115097687588106,0.37882752647252377
Fam132a,-0.34138107123772227,0.027156463193322943,0.3789996665344076
Dhx16,-0.34125459264167823,0.027220929223905413,0.3794934887208779
Syf2,0.3409323634947654,0.02738572333357883,0.3813834618781965
Ank1,-0.34086039063112406,0.02742264056947354,0.3814904443401495
Dlg3,-0.340708652131474,0.027500602805826807,0.38216758893848135
Tnrc6a,-0.34060631610481645,0.0275532825241386,0.3824923230398772
Tmem119,0.34025990695157127,0.02773220422893481,0.38341882728609583
Cd3d,-0.3402495723171603,0.027737556361259443,0.38341882728609583
Sstr2,-0.3403321646031826,0.02769480630647104,0.38341882728609583
Srm,-0.34039713291145196,0.02766121556223333,0.38341882728609583
Tmem214,-0.3399505305218507,0.027892783514797116,0.38474939966658306
Ccl22,-0.3399842095831357,0.02787526666573009,0.38474939966658306
Fam58b,0.33980197000224094,0.027970156633338693,0.38540926495083067
Sult3a1,0.3397136874574531,0.028016217140866682,0.38543838225298116
Mmp3,-0.33968471719570315,0.028031345295277732,0.38543838225298116
Tmem37,0.3392470556957834,0.02826068666078941,0.38748662272508877
Hsd3b2,0.3393373214338835,0.028213263599459543,0.38748662272508877
Tchh,0.33923050356339574,0.028269389595699634,0.38748662272508877
Qprt,0.3390699889217653,0.02835389772259276,0.3882371577986494
Tcf20,-0.338812002188752,0.028490146386495125,0.38928578031138733
Mapkbp1,-0.33886367159055847,0.028462816761894286,0.38928578031138733
Hexim1,-0.3385287027492655,0.028640365788398875,0.39092900959499677
Gpd1,-0.33838520882353085,0.02871669457595225,0.39115255482421807
Cd1d2,-0.33843664458745787,0.028689315654518887,0.39115255482421807
Mapre1,0.3383259629119305,0.028748256665132546,0.39117414100449904
Prss23,0.33809994716500347,0.02886891681098788,0.3924067661110217
Rln1,0.33759455196922816,0.02914019006833665,0.39340260449769937
Lin7b,-0.3377330578498061,0.029065644667347172,0.39340260449769937
Tex40,-0.3375703783306282,0.029153216227241572,0.39340260449769937
Rell2,0.3378608946968659,0.028996976724141452,0.39340260449769937
Anxa2,0.337599563214746,0.029137490300390177,0.39340260449769937
Amot,0.33773344369446695,0.02906543721446597,0.39340260449769937
Ppp4r2,0.33763027792385936,0.0291209473643088,0.39340260449769937
Aars,-0.33722438333252297,0.029340168607733735,0.3940179396435852
Id3,0.3372066206879806,0.029349792116910477,0.3940179396435852
Hnrnpa1,0.33734641817493793,0.02927412023585564,0.3940179396435852
Abcd3,0.33730212711822144,0.02929807794536991,0.3940179396435852
Irgm2,0.3373646698411974,0.029264252183733738,0.3940179396435852
Slc2a1,0.3367831490015798,0.02957996943632671,0.39426866309972136
Serpina3g,0.33679135699591056,0.029575494342518594,0.39426866309972136
Adk,0.3369728638936527,0.02947667270831983,0.39426866309972136
Adh5,0.3369492293469916,0.02948952561520238,0.39426866309972136
Postn,0.3368866151180297,0.02952359802845328,0.39426866309972136
Lrp1b,0.33700951537128854,0.029456749797533512,0.39426866309972136
Spock3,0.33689637940458955,0.029518282587302467,0.39426866309972136
Snx4,0.336533436057904,0.029716374394894527,0.39568262191732523
Pygb,0.33639798035859525,0.029790576402693763,0.39586276117999075
Smarca4,-0.3364009207787491,0.02978896408569965,0.39586276117999075
Skiv2l,0.33596696554322064,0.030027668533381874,0.3969045446172087
Pcdhb12,0.3361883309183526,0.029905712830131683,0.3969045446172087
Uap1l1,0.33611413052610184,0.029946547564855423,0.3969045446172087
Ptpla,-0.335923838420218,0.030051474448754865,0.3969045446172087
Mup5,-0.33608348289110684,0.02996342686685259,0.3969045446172087
Mfsd11,-0.33601598304034,0.030000629434416948,0.3969045446172087
Alyref,-0.33575691780895917,0.03014375556328397,0.39772079509129676
Sec62,-0.33556643155117005,0.030249340779738624,0.3979258183560495
Marcksl1,-0.33560258027498857,0.03022928115247928,0.3979258183560495
Ifi27l2a,0.3355638409854164,0.030250778742371146,0.3979258183560495
Mat1a,0.3353177380103787,0.030387633523758745,0.3993234943117099
Ivl,-0.33519498904738515,0.030456076935369544,0.3998202695469187
Txnrd3,0.33504628428837613,0.03053915755692286,0.40010589052237594
Pcgf2,-0.3350471848427763,0.030538653878478574,0.40010589052237594
Bms1,-0.3349875189366914,0.03057203922813845,0.40013494472214506
Entpd1,0.33470018508921695,0.030733221048120526,0.4018414844257763
Cdk5r1,-0.334568042362414,0.030807574338267005,0.40241044798803416
Pgam1,-0.3343979887532769,0.030903469923044862,0.4028565225033091
Aim1,-0.3344466737922882,0.03087599149426906,0.4028565225033091
Ankib1,0.33418330634485993,0.03102487173611846,0.4040354803239619
Myo7a,-0.3339826060992646,0.03113870997604354,0.40412221347617033
Ugt8a,-0.3339295177433131,0.031168877535196936,0.40412221347617033
Rnasel,0.3340762765252626,0.031085538290634145,0.40412221347617033
Plscr1,0.3338987364497633,0.031186379720323665,0.40412221347617033
Gadd45a,0.3339760276020854,0.031142446956907814,0.40412221347617033
Lsg1,-0.33375647378664075,0.03126737169570577,0.40476977505681017
Tex21,-0.3336357099180535,0.031336255473729355,0.40525946251406775
Cfb,-0.33357388933878457,0.031371564690698794,0.4053144036128006
Psmb10,0.33348927665521383,0.03141994309680171,0.4055379203463556
Gphn,-0.33335996444168203,0.03149399375907268,0.40609202031831954
2210018M11Rik,-0.3332332048959688,0.031566717394534496,0.4062269184233537
Cga,0.33327266500668645,0.0315440642929049,0.4062269184233537
Eif2b5,0.33288391437255166,0.031767801718183636,0.4076275168059562
Lrp2,0.3328969882989317,0.03176025682865925,0.4076275168059562
Snhg1,0.3328343299953334,0.03179642954509067,0.4076275168059562
Mboat2,0.3328272710891646,0.03180050671380669,0.4076275168059562
Fam50a,0.3326140225609084,0.03192387359767131,0.4084064966431499
Itgbl1,-0.3326266372267702,0.03191656528154804,0.4084064966431499
Chrnb4,0.33245951810315716,0.03201349391407207,0.4087515480281081
Cops5,0.33249168266848217,0.031994820383949234,0.4087515480281081
Gas1,-0.3323822833157639,0.0320583689086988,0.40892439480900356
Bcan,-0.33232245455359555,0.03209316501963102,0.4089684671300441
Sbno1,-0.332147928881413,0.03219483990540962,0.4098638691957952
Aprt,0.33200717965253523,0.03227702379252607,0.41050963301040216
Dsp,0.3319212710798884,0.03232726797283482,0.4106514739150439
Aco2,-0.331880532029712,0.03235111619163653,0.4106514739150439
Axl,0.33175145527133887,0.03242676875847124,0.41121176436277085
Ankrd10,0.33159291034929733,0.03251988513819304,0.41163670233105015
1700034I23Rik,-0.33158698580366597,0.03252336884844147,0.41163670233105015
Sardh,-0.3314178926425556,0.03262292293625079,0.4124966292588533
Tsc22d4,0.3310196397663986,0.032858352371292844,0.41466986469342393
Ddr1,-0.33106709782638055,0.0328302266461011,0.41466986469342393
Exd2,-0.3307082122220584,0.03304339321622794,0.41620003675536527
Pgs1,-0.33075131755168186,0.0330177321002395,0.41620003675536527
Prss32,-0.33064845834203455,0.03307899160515776,0.4162466359264258
Bcl2l14,-0.3304529648978363,0.03319566972852136,0.4170456011144027
Fam174b,-0.33043500535116915,0.03320640505462981,0.4170456011144027
Tmem106b,0.33018307851703466,0.03335728514697576,0.41750869224370923
Snai2,0.33012410454514673,0.03339268340198193,0.41750869224370923
Pfn3,-0.33004081223826887,0.033442729165394924,0.41750869224370923
Lig3,0.33010717875706386,0.03340284836094956,0.41750869224370923
Rpusd4,0.33000004453253867,0.03346724592588856,0.41750869224370923
Wdr62,0.3300791549479434,0.033419683751964836,0.41750869224370923
Idnk,-0.3302901375923392,0.03329310064225508,0.41750869224370923
Jtb,0.3298934215912066,0.033531433955213824,0.41790991564621316
Ppil2,0.32964984045687873,0.03367843868265368,0.4193415518797213
Cbr3,0.329443172229193,0.03380356651409827,0.42049832168014145
Syne4,-0.3290740636222748,0.034027961609585086,0.4210896206141472
Popdc3,-0.32905714984825307,0.03403827236791249,0.4210896206141472
Slc39a14,0.3290201619921341,0.03406082906452383,0.4210896206141472
Irak1bp1,-0.3291103247756845,0.034005864896861034,0.4210896206141472
Cbx8,-0.3292429359367362,0.03392515159514183,0.4210896206141472
Ncapg2,0.32908554701293363,0.03402096266383178,0.4210896206141472
Desi1,-0.32899367406741453,0.034076989759256604,0.4210896206141472
Pcp2,-0.32865347408943224,0.03428509209278335,0.42177173237050014
Smpd5,0.32876757539343565,0.03421518367300332,0.42177173237050014
Prune,-0.32859966529684115,0.034318099323439,0.42177173237050014
Fah,0.3286276180845891,0.034300949464408786,0.42177173237050014
Mllt6,-0.32855404422186824,0.03434610379617664,0.42177173237050014
Zfp36l2,0.32848134540364576,0.03439076735705511,0.42177173237050014
Mia3,-0.328497888964772,0.034380599539348855,0.42177173237050014
Cul9,-0.3288156331126955,0.034185773164206935,0.42177173237050014
Pon1,0.32832604774707375,0.03448633090542398,0.42224494367193466
Pinx1,-0.32830761675503684,0.03449768650755201,0.42224494367193466
Phgdh,0.3282609891443451,0.034526427687788665,0.42224494367193466
Fam162a,-0.3282048288736029,0.03456106997183716,0.4222728483731302
Fam114a1,-0.3279772269666088,0.034701747591392586,0.42338992935665837
Car15,-0.3279519640637171,0.03471739017638321,0.42338992935665837
Prpsap1,0.3278839851998175,0.034759509880958585,0.42350779125735627
B3galt1,0.3277178257742516,0.0348626326796242,0.4243679979817315
Rfwd3,-0.327603541035254,0.03493370126864247,0.4248367827162307
Elovl1,0.32749922269174836,0.034998672326010595,0.4252306100392107
D8Wsu26e,0.32732873068270957,0.03510506332229822,0.4261264849234135
Trim21,0.32725002465725234,0.035154264039571,0.42632712960256686
Glrx2,-0.32703710352931725,0.03528763898854401,0.4270338714159449
Chrna4,-0.32700032610091256,0.035310717086198526,0.4270338714159449
Txn1,-0.327025423086456,0.03529496725515067,0.4270338714159449
Glycam1,-0.3269115287069203,0.035366487332208485,0.4273123085166561
Pgd,0.32684432090504034,0.03540874431856682,0.427427108800165
Glra1,0.3266390981393955,0.0355380257502327,0.4278004594232348
Tmc2,-0.32669522150236957,0.035502633418849856,0.4278004594232348
Wtap,-0.3266576009681759,0.03552635447316047,0.4278004594232348
Rrp1,-0.3265427542845268,0.035598846895972584,0.4281376526687062
Lgmn,0.32630632531022674,0.035748451823077274,0.4295410201098852
Sarnp,0.3261207513054497,0.03586622535952253,0.4305596823518027
Fam181b,-0.3260249782081448,0.035927127190028885,0.43089437748408727
Rbm26,0.32572507679093243,0.03611836283786901,0.4323931345608741
Gba2,-0.3257624734681407,0.03609447257839692,0.4323931345608741
Calcoco2,0.3256468231939744,0.03616839433168744,0.4325952132302378
Fam214b,-0.3253967085224308,0.03632867288176518,0.43372408766210174
Senp3,-0.32539580418702735,0.036329253415179494,0.43372408766210174
Rab7,-0.3251759390113967,0.036470612495234506,0.4349567283411981
Hmgcl,-0.3251316095924472,0.03649916603062395,0.4349567283411981
Larp1,-0.3250296328147001,0.03656491854386061,0.4353427208748514
Pigs,-0.3249623287350308,0.0366083660709028,0.43546268811231603
0610031J06Rik,0.3240284951510088,0.03721541369004015,0.4374990389561567
Tgfa,0.324309369561094,0.03703199885133944,0.4374990389561567
Traf5,0.32410985948624005,0.0371622080322547,0.4374990389561567
Smc2,0.3241766626733077,0.03711856909656685,0.4374990389561567
Kat6b,0.32432403924846076,0.037022438997154454,0.4374990389561567
Slc12a5,-0.32406404314125214,0.03719216080237456,0.4374990389561567
Gm20559,0.3242300566319801,0.037083718794438406,0.4374990389561567
G6pc,0.3243562579774379,0.03700144972928807,0.4374990389561567
Fam216a,-0.32404060598715656,0.03720749038064613,0.4374990389561567
Ndufa13,-0.3243594311401559,0.03699938304378845,0.4374990389561567
Tspyl4,-0.32455760127114547,0.03687049507088966,0.4374990389561567
Zap70,0.32442043925822955,0.036959666090576215,0.4374990389561567
Atxn2,-0.3246406008596726,0.036816618417108364,0.4374990389561567
Pag1,0.3232993557491288,0.037694900556773006,0.4380688108370662
Bmpr1a,0.3228133908311014,0.03801717190995021,0.4380688108370662
Cyb5a,0.3235941573401496,0.037500453546079976,0.4380688108370662
Cxcl10,0.3225836220323103,0.03817029948055363,0.4380688108370662
Cul2,0.3235350733671615,0.03753936094095898,0.4380688108370662
Rgs20,0.3237731337757172,0.03738278993959047,0.4380688108370662
Agtr2,0.3232698912102452,0.03771437859998398,0.4380688108370662
Ptgds,0.3233870118894797,0.03763700087601644,0.4380688108370662
Tmem258,-0.32296090782337017,0.037919116052068554,0.4380688108370662
Coro1a,0.3232842352794067,0.037704895213177755,0.4380688108370662
Tmem183a,-0.32275316533895837,0.03805726177202047,0.4380688108370662
Rmi1,0.32319282925833226,0.03776535928296162,0.4380688108370662
Tssk3,0.32294642388775285,0.037928734811880464,0.4380688108370662
Ift20,-0.3231973502845936,0.037762366877113124,0.4380688108370662
Sypl,0.3227795476654988,0.03803969594050191,0.4380688108370662
Sgsm3,-0.3227511842618179,0.03805858106728081,0.4380688108370662
1600015I10Rik,-0.3226891614084918,0.03809990333470646,0.4380688108370662
Bsn,-0.32286810245978315,0.037980781299999135,0.4380688108370662
Elavl4,-0.3226779295119837,0.03810739028498015,0.4380688108370662
Nup43,-0.32296643875881764,0.037915443473876154,0.4380688108370662
Nudt13,0.32322293528993945,0.03774543603432601,0.4380688108370662
Qpct,0.32322075335381373,0.037746879693975006,0.4380688108370662
Nrcam,0.32336821622647693,0.03764941009748493,0.4380688108370662
Bsdc1,-0.3226828577948992,0.038104105050520816,0.4380688108370662
Dnajc5b,-0.3233915620640514,0.037633997257426555,0.4380688108370662
2700089E24Rik,0.32322018558480026,0.03774725536070045,0.4380688108370662
Exosc4,0.32258981176567375,0.038166168018286845,0.4380688108370662
Rpl14,0.32252639321551596,0.03820851471280343,0.43812206369716344
Rftn2,0.32242078740436225,0.03827911345806286,0.4381615364160195
Igfbp5,0.32245512821477407,0.03825614494174338,0.4381615364160195
Dpagt1,-0.3222884590292338,0.03836772168335544,0.4384066552067471
Necap2,0.3222970844380514,0.03836194111339506,0.4384066552067471
Stag1,0.3221028505969096,0.03849227905381835,0.43848472521159176
Klhl21,-0.32184559712308963,0.03866544243163134,0.43848472521159176
Abca4,-0.3218499155453237,0.03866253054297741,0.43848472521159176
Senp2,-0.3219189591493902,0.038615998278821714,0.43848472521159176
Sec63,0.3217811522198656,0.03870891781584231,0.43848472521159176
Rnf181,0.32174597570933045,0.038732664599972606,0.43848472521159176
Usmg5,-0.32172891441415635,0.03874418638738335,0.43848472521159176
Rap1gap,-0.32220790701812824,0.03842173912488502,0.43848472521159176
Lypd8,-0.3220214608536637,0.03854699817727262,0.43848472521159176
Isoc1,0.3220743107614041,0.03851145969096469,0.43848472521159176
Evi2a,0.3217343403248111,0.03874052188336604,0.43848472521159176
Fcgr2b,0.32159125385481374,0.03883724976854168,0.439157081654853
Dram2,0.3214892369801597,0.038906330305890816,0.4395573196204063
Prkcsh,-0.3213637062351488,0.038991466004764525,0.43977953185255975
Odf2,-0.32136085239625584,0.03899340319974034,0.43977953185255975
Acot8,0.32120901321131273,0.03909658148593939,0.4398028377672613
Nsmce1,0.32124422389315155,0.03907263587510832,0.4398028377672613
Rpl18,0.32126089182435813,0.03906130459952239,0.4398028377672613
Irx3,-0.32113672980808494,0.039145775233371836,0.43997693455664866
Mpc2,-0.32093656534972753,0.039282255104878504,0.4411309353386915
Rcbtb1,0.32075244185578705,0.039408128173913676,0.44216394199604436
Plp2,0.3206297268152597,0.03949219651424275,0.44272652260683304
Airn,-0.3205611766871346,0.03953921953572724,0.44287319804438174
Cdhr1,0.320426546202975,0.039631699656986506,0.443328728083639
Tlr3,0.3204030790890763,0.039647837050625086,0.443328728083639
Gpx3,0.320336398871337,0.03969371858625361,0.44346175841782826
Lfng,0.3201493593178176,0.039822640350877514,0.4440861726039575
Necab2,0.32017246346147865,0.03980669742245257,0.4440861726039575
Sumf1,0.3200579910128136,0.039885737933315825,0.4440861726039575
Haus7,0.32010003670065074,0.03985669204933085,0.4440861726039575
Mfsd7c,-0.31993353467933355,0.03997181211650008,0.44428635119949705
P2ry12,0.3199561808889672,0.03995613909974284,0.44428635119949705
Morc3,0.3198015495005128,0.04006325283119117,0.44454539642365104
Gsto1,0.3198032934935892,0.04006204350283434,0.44454539642365104
Ythdc1,0.3196738957662029,0.040151849114654144,0.44514993975966183
Bysl,-0.3195139549217654,0.04026307119830839,0.44543879449630075
Kazald1,0.31948919473610427,0.04028031094379913,0.44543879449630075
Lipe,0.31952740284344405,0.04025371026124322,0.44543879449630075
Slc4a10,0.31943456024207734,0.040318371772584544,0.445482161947888
Rhoj,0.31916681708486977,0.040505302631134055,0.4471689458829681
Vwa7,0.3190477059242129,0.04058868138592476,0.4477106537657922
Me1,0.31898008330255634,0.04063607775388323,0.4478548805831269
Cachd1,0.31883071704828037,0.04074092198888844,0.4486314692261648
Hif3a,0.3185556851751793,0.04093453030629459,0.45003910609408804
Ppif,0.31855115057243355,0.04093772847985918,0.45003910609408804
Kcnu1,-0.31842283913391095,0.0410283056175139,0.45065518518765907
Ppp4c,-0.31816204038298856,0.041212892843474534,0.45230196695920877
Mertk,0.3179900240595293,0.04133499846940308,0.4532608361573452
Trh,-0.317820474687953,0.04145563074446824,0.4542019526318774
Dnajc10,0.31763810019817285,0.04158569629901133,0.4548631609436704
Lpcat1,0.3176639963024607,0.0415672082679107,0.4548631609436704
Srebf2,-0.31751919002595314,0.041670672837952984,0.4554108960322014
Tmem87a,-0.3173407142862767,0.041798472325034565,0.45642532666893393
Nol12,0.31724529815590047,0.041866922139376976,0.45679052424475763
Sugp2,0.3170664188121895,0.041995483953759155,0.457428272214193
Lama1,-0.31709083077575995,0.04197792068063843,0.457428272214193
Pde1c,-0.3169735998913304,0.04206231549143354,0.4577741074626491
Ctbp1,-0.3168708643650827,0.042136384440265746,0.45819806713418976
Manba,0.3168161765125938,0.04217585429494152,0.4582453977474537
Rpa1,0.3165531401850267,0.04236610080582592,0.4599294920259754
Ntan1,-0.31647380056474467,0.04242361674552179,0.46017105146493253
Fgf9,-0.3161281158543868,0.04267493001611714,0.4603659645488427
Ngp,0.3157562857706859,0.04294655216099175,0.4603659645488427
Hnrnph3,-0.3159855768021541,0.042778895275048356,0.4603659645488427
Pcdhb7,0.3158363900100018,0.042887921776169395,0.4603659645488427
Dusp1,-0.31595907852756605,0.04279824447304021,0.4603659645488427
B3galnt1,0.3155986087111957,0.04306214359358324,0.4603659645488427
C77545,0.3160959013290305,0.04269840933425838,0.4603659645488427
Prkcb,-0.3156276096193891,0.04304086505295683,0.4603659645488427
Macf1,-0.3158095135876956,0.042907586335201586,0.4603659645488427
Rnf207,0.31580797499475055,0.04290871228482108,0.4603659645488427
Vgll1,-0.3162083924652048,0.042616465034765884,0.4603659645488427
Cyp3a13,0.3161369635558145,0.04266848320630945,0.4603659645488427
Jak1,-0.3156306053479573,0.043038667497109974,0.4603659645488427
Ypel1,-0.31625360727595625,0.042583563008918,0.4603659645488427
Hes7,0.31586370186883816,0.04286794585887734,0.4603659645488427
Pdrg1,0.31567739607320405,0.04300435495741274,0.4603659645488427
Htra1,0.316211692369802,0.04261406307804719,0.4603659645488427
Bcam,-0.31557888201371403,0.043076622171364626,0.4603659645488427
Rab3c,-0.31544464208826617,0.043175250020217056,0.46066544359265116
Ldlrad4,0.3154885769163153,0.04314295106689321,0.46066544359265116
Tmeff1,0.31524305106141076,0.04332369380670425,0.46149459631321116
Psmd3,0.3152503526028868,0.04331831026824263,0.46149459631321116
Rab31,0.31489816818596755,0.04357857874392671,0.4631064161372608
Itpka,-0.31491083647625795,0.043569195548038564,0.4631064161372608
Sptbn2,0.31484420735356955,0.04361856437632778,0.4631064161372608
Epx,-0.31484978107086237,0.043614432854314,0.4631064161372608
Hs3st1,-0.31475066923767714,0.04368794530346908,0.4631064161372608
Slc30a4,0.3147626712812592,0.04367903808372104,0.4631064161372608
Sephs1,-0.3143938915606021,0.043953375001391334,0.46514001536239796
Adprh,-0.31441947096798667,0.04393430295056435,0.46514001536239796
Tiprl,-0.31434918300160886,0.043986725339658146,0.46514001536239796
Rassf8,-0.314183752474618,0.04411030043222849,0.4658398688183963
Pdlim2,0.31416502513832284,0.04412430667940362,0.4658398688183963
Tmem120b,-0.3138985204403516,0.04432400392409338,0.46687319615104317
Rasgrp2,-0.3138877263394281,0.04433210702876931,0.46687319615104317
Lpar3,0.3139292567902508,0.04430093656915439,0.46687319615104317
Myrf,0.3137959160049125,0.04440107567043027,0.46687319615104317
Cd83,0.31381897980608114,0.0443837420747738,0.46687319615104317
Thrsp,0.31355817534887526,0.04458005836368933,0.4671123558592973
Gabrg1,0.31353364757577856,0.0445985561189463,0.4671123558592973
F2rl1,-0.3135280154561671,0.04460280446016434,0.4671123558592973
Slc10a1,0.3135455796834979,0.044589556704623355,0.4671123558592973
Abcg5,0.31368663169642064,0.044483280267252456,0.4671123558592973
Ube2t,0.3133838174908763,0.04471168164707747,0.4678770920711418
Ifi47,0.3130192153929682,0.04498790278686584,0.4703903393155548
S100a16,0.31237086677279885,0.04548238193803594,0.47353406846755897
Ngly1,0.3124091387897774,0.04545307544522273,0.47353406846755897
Phka1,0.31233964458722163,0.04550630100837757,0.47353406846755897
Fam133b,0.31241454495856547,0.04544893690367173,0.47353406846755897
Lrig1,0.31247421137850423,0.04540328049049399,0.47353406846755897
Fmo2,-0.3125141755264886,0.045372720187329144,0.47353406846755897
Mcm2,0.312201395037958,0.045612330990794744,0.47355668193321526
Syn3,-0.312239333344024,0.04558321515787043,0.47355668193321526
Gpsm2,-0.3121948622023547,0.04561734609472386,0.47355668193321526
Erbb4,-0.31213846750077445,0.0456606568842332,0.47362950054241576
Baat,-0.312030492900308,0.04574367031750385,0.4737374237881808
Slc35b1,-0.31204083375969166,0.04573571492064613,0.4737374237881808
Epm2a,0.3119072702710944,0.045838550730161146,0.4743435753194868
Zfp54,0.31116543345364495,0.046413010138493686,0.47752509440859453
Gyk,0.31132330763666594,0.04629028842033405,0.47752509440859453
Smndc1,0.31123442967721765,0.04635934551289656,0.47752509440859453
N4bp2l1,0.31136962602614776,0.04625433142583517,0.47752509440859453
Crct1,0.31138757244602217,0.046240405468792045,0.47752509440859453
Epb4.1,-0.3111399253165085,0.046432862398678054,0.47752509440859453
Phax,0.31113235252724514,0.04643875736106265,0.47752509440859453
Hspb11,-0.3111420635591872,0.046431198010658724,0.47752509440859453
4933429H19Rik,-0.31102121710384145,0.04652533680299622,0.47790953338895464
Rps29,0.3109434236063242,0.04658601628253125,0.47790953338895464
Tmem151b,-0.31098857271916386,0.046550792142224934,0.47790953338895464
Cramp1l,-0.31077940311983593,0.046714155701400834,0.4788476180263782
AI314180,0.3106424922818577,0.046821326314845375,0.4795694561086478
Gnai2,0.31050463017771135,0.046929435190707164,0.47964759947671365
Rasa2,0.31039430563591985,0.0470160897402818,0.47964759947671365
Fam53c,-0.31016930984865,0.047193199542275965,0.47964759947671365
Rps9,0.3101599028324817,0.04720061576700584,0.47964759947671365
Gatsl2,-0.3103506350419812,0.047050425304343835,0.47964759947671365
Ercc6l2,0.3102731934783223,0.04711136101750738,0.47964759947671365
Ncald,-0.31038851885851704,0.0470206384125625,0.47964759947671365
Slurp1,-0.3101184748155811,0.04723328725017833,0.47964759947671365
Hpcal1,-0.310344263328959,0.04705543663314726,0.47964759947671365
Pim2,-0.31011941635704404,0.04723254452423179,0.47964759947671365
Arhgap9,0.31050896922542776,0.0469260296271405,0.47964759947671365
Pcdhb14,0.3099657022017391,0.04735392107811187,0.48049869062852396
Trmt1,0.3098209345902905,0.04746845534337196,0.4809129454779975
Zfp191,0.30984819183124584,0.04744687404159194,0.4809129454779975
Rbpj,0.3096768803602474,0.04758263935272688,0.4816957803830357
Bmp5,-0.30961836000441817,0.04762908635301754,0.4817223207982432
Pld3,0.309580575995645,0.04765909388846133,0.4817223207982432
Klk1b27,-0.3094783378792861,0.047740363824058,0.4821281319170676
Wnt9a,0.3094371464139634,0.04777313775528917,0.4821281319170676
Lcmt1,-0.30924791639550925,0.04792392358327482,0.4832761042025912
Sertad1,-0.30899353894471665,0.04812720509702682,0.48495127359930734
Asah1,0.30883604832202166,0.048253397184697684,0.48503947775043615
Myo19,-0.308817817173935,0.048268021825605134,0.48503947775043615
Casp1,0.30879774639933244,0.0482841261657934,0.48503947775043615
Sept10,0.30879710473595867,0.04828464109110404,0.48503947775043615
1700123O20Rik,-0.3086383602855678,0.048412162546789005,0.48594639159465364
Napsa,-0.3084993088742189,0.04852407955240619,0.4866245975815074
Copz1,0.30846178852209644,0.048554312671555105,0.4866245975815074
Nxph1,0.3083953376159051,0.04860789339567428,0.486787721350847
Slc35a2,-0.30827391940764,0.048705914199587134,0.4870218194562548
Cd302,0.3083007403178776,0.04868424848231178,0.4870218194562548
Fads1,-0.3082147454031509,0.04875374101984994,0.48712677378868435
Slc6a12,-0.3080576841724539,0.04888086144215424,0.4880232295016609
Tmem50b,-0.30787851233609287,0.049026192146203865,0.4890999857154543
Trafd1,-0.3075735898752358,0.04927429462102939,0.489727913060096
Slc2a8,0.30730026224699913,0.049497518394648096,0.489727913060096
Zfp768,-0.3074988592816751,0.04933524840940551,0.489727913060096
Pex26,-0.30762402420533963,0.049233191110754915,0.489727913060096
Gpc1,-0.30736086502464083,0.04944795706157832,0.489727913060096
Spam1,0.3073971228595613,0.04941832362424734,0.489727913060096
P4ha1,-0.3072658106314049,0.049525710351349714,0.489727913060096
Katnbl1,0.30718267480389483,0.049593792276123504,0.489727913060096
Atxn7l3b,-0.30717400911541515,0.04960089300029043,0.489727913060096
Marc2,0.30754812785223273,0.04929505606537888,0.489727913060096
Sspn,0.3073647993006468,0.04944474091978315,0.489727913060096
Bub1b,-0.30764496591483204,0.04921613164721526,0.489727913060096
Ddx18,-0.307157341327115,0.04961455292094773,0.489727913060096
Anp32e,0.3072629944114483,0.04952801543213216,0.489727913060096
Nudt6,-0.30704058771656406,0.049710319166525505,0.49030230899772587
Cdip1,-0.30698324383343034,0.049757407611407366,0.49039608151152164
Cox8a,-0.3069314778312315,0.04979994548845914,0.49044489711615347
Wrap73,-0.3068073194351371,0.049902085804162166,0.49073681265249147
Kcnd3,-0.3068040214284823,0.04990480116406285,0.49073681265249147
Cit,-0.3065130040712312,0.05014485784954666,0.4927260919267578
Fkbp1b,-0.30634655721464665,0.05028256043673803,0.4930226450110998
Plrg1,-0.3062789360405049,0.0503385876888443,0.4930226450110998
Myo5c,-0.3063226909910126,0.050302329168342395,0.4930226450110998
Csrp1,0.3063598368240243,0.05027156336053629,0.4930226450110998
Fundc2,0.30620279435953135,0.05040173258064275,0.4930226450110998
Tbc1d15,0.3062258760392181,0.05038258427082862,0.4930226450110998
Herc2,0.3059891406863627,0.050579245671533456,0.49327995274128555
Iqsec1,-0.30611325286627616,0.05047606870913099,0.49327995274128555
Dscr3,0.30602779094161425,0.05054709739623782,0.49327995274128555
Map3k2,-0.3060427193322466,0.050534684597288215,0.49327995274128555
Col11a1,0.30583848346718134,0.05070470995782903,0.49413424961890295
Tekt2,0.3056717427924163,0.05084384968471588,0.4947611133323758
Idh1,0.305670526492552,0.05084486573520699,0.4947611133323758
Lef1,0.3054149973258814,0.05105867466331288,0.49610174659833944
Zmpste24,-0.3054276397117733,0.051048080025034026,0.49610174659833944
Emp1,0.3052095289005586,0.05123110165778164,0.4974067303068398
Trbv13-2,0.3050515308998421,0.05136399887692505,0.4983262612230445
Luc7l,0.30486231561014016,0.05152350560894815,0.49841995729441557
Glipr1,0.30485883831829724,0.051526440523424526,0.49841995729441557
Strada,0.30488872873228606,0.05150121655650239,0.49841995729441557
Csnk2a1,-0.30494841724123894,0.051450875180200466,0.49841995729441557
Pygo2,-0.30470090721708554,0.051659874710458686,0.49934052229390774
Traf2,0.30462638336148296,0.051722932021505,0.49957997035426993
Ndrg2,-0.3042886181534013,0.05200947566644524,0.5016050613240531
Krt35,-0.30430540198613937,0.05199520809355017,0.5016050613240531
Dennd4c,0.30419892957501105,0.05208576941663041,0.5019698708401847
Fkbp8,-0.3041244409363656,0.052149199207566686,0.5022102586417252
Sult4a1,-0.3040764904820966,0.05219006242049011,0.5022331301806603
Slc35a5,0.3038197869163036,0.05240924638841207,0.5039707119545977
Tubb4b,-0.3037333607789168,0.052483200760459946,0.5043102258639484
Ddx6,-0.3036318397694392,0.05257017493628023,0.5046202010737791
Aifm1,-0.30360544953412666,0.05259280201244078,0.5046202010737791
H2-Bl,0.3035382014363414,0.05265049485338927,0.5046748925666449
Fam3b,-0.3035086616401,0.0526758528374412,0.5046748925666449
Csgalnact1,0.3034446157228727,0.05273086454988323,0.5048312923781557
Slc30a1,0.303343898503558,0.05281746474348382,0.5052896608780941
Car4,-0.30328037286319715,0.052872142915678606,0.5054421926056338
Zscan5b,-0.3031606168656174,0.0529753391802278,0.5060579802070224
Il13ra1,0.30269931910080183,0.053374306819982655,0.5062303541844233
Ska1,-0.3026398944973775,0.053425870587811224,0.5062303541844233
Rexo2,-0.30263554436063755,0.053429646790894014,0.5062303541844233
Pstpip2,0.30294025444527056,0.05316563744660532,0.5062303541844233
Fasn,0.3025330838840574,0.053518648906569356,0.5062303541844233
Cpne6,0.30280012141314283,0.05328692695543304,0.5062303541844233
Mrps36,-0.3025554992479681,0.05349916804568,0.5062303541844233
Uqcrfs1,-0.30280736293769156,0.05328065394860098,0.5062303541844233
Atg4d,-0.30305290098260573,0.05306829334849297,0.5062303541844233
Zfp36,0.3025962568036274,0.0534637603133097,0.5062303541844233
Rgl3,-0.3025125404905519,0.053536507684458896,0.5062303541844233
Nr5a2,-0.30259143715380954,0.05346794639207987,0.5062303541844233
Elac1,0.30268351138373856,0.053388019692004074,0.5062303541844233
Prl4a1,-0.3028082765476361,0.05327986257001566,0.5062303541844233
Crybb3,0.3024471373589864,0.05359339462069245,0.5064013080415755
E430018J23Rik,-0.30238976165217146,0.05364333787990927,0.5065064515158727
Ccdc77,-0.3009610737800114,0.054898601161879355,0.5101414314365585
Paqr4,-0.3008452468387164,0.055001353725811324,0.5101414314365585
Cyp27a1,0.3016537482407345,0.054287205903855586,0.5101414314365585
Tm4sf1,0.30087783630058856,0.05497242791231485,0.5101414314365585
Rassf1,0.30166800889006967,0.054274674141090995,0.5101414314365585
Figf,0.3007523643069321,0.055083859061545795,0.5101414314365585
4933400A11Rik,0.30098311402058303,0.05487906559282041,0.5101414314365585
St6galnac4,-0.30095451905826376,0.05490441203557408,0.5101414314365585
Inha,-0.30182357436086366,0.054138113798772765,0.5101414314365585
Nkx2-6,0.30124027644200724,0.05465152391633303,0.5101414314365585
Ptpn9,-0.3016579715516337,0.0542834943720342,0.5101414314365585
Srp19,-0.30079974995841835,0.055041755586059005,0.5101414314365585
Fam210b,-0.301426097740663,0.05448756020069836,0.5101414314365585
Mgll,0.3009729171450017,0.0548881030193562,0.5101414314365585
Ufd1l,0.30145316293959745,0.054463710345465724,0.5101414314365585
Ppfia4,-0.30111151939309316,0.05476535905404618,0.5101414314365585
Kcnn4,-0.30095028641568056,0.05490816459851248,0.5101414314365585
Lpin1,0.3010527028460925,0.054817420137120786,0.5101414314365585
Serpinf2,0.30087077019983594,0.05497869865710307,0.5101414314365585
Fmr1,0.3016350880632926,0.054303607196485394,0.5101414314365585
Cmya5,0.30129923437115697,0.05459945979553056,0.5101414314365585
Tmem245,0.30075286971376297,0.05508340986228316,0.5101414314365585
Tex101,0.30142065151318936,0.05449236039192668,0.5101414314365585
Rhbdl3,-0.3008352977281423,0.055010186716825844,0.5101414314365585
Rit1,-0.30114158814144487,0.05473875865538192,0.5101414314365585
Tle4,0.30124140810244665,0.054650524217319196,0.5101414314365585
Pcmt1,-0.3015256453802647,0.054399878542112215,0.5101414314365585
Prpf19,-0.3005850655152443,0.055232707636595636,0.5107714434427036
Dkk4,-0.3004576126406557,0.055346312871773946,0.5107714434427036
Rab5c,0.30049261846396524,0.055315092447929946,0.5107714434427036
Trpc3,-0.30045617075543035,0.05534759912851429,0.5107714434427036
Cyp1b1,0.30053576177166713,0.05527663320212204,0.5107714434427036
Susd4,-0.3002319143242598,0.05554793170542367,0.5117075475486287
Tpra1,-0.3001671472938009,0.05560589335764852,0.5117075475486287
Pald1,0.3002661474845804,0.05551731442711353,0.5117075475486287
Frat1,0.3001846396909831,0.055590234370929865,0.5117075475486287
BC005537,-0.30000409348836615,0.05575202099011836,0.5126907131078607
Dcpp1,-0.2998395858578463,0.05589975162064966,0.513687224575956
Dalrd3,-0.299758182763916,0.05597296456969181,0.5139980398803015
Zfand5,-0.2996969933738947,0.05602804623953713,0.5141420361320113
St6galnac2,0.29959846723173117,0.056116825681349784,0.5142334679184926
Scg5,-0.29963829695076527,0.05608092306248946,0.5142334679184926
Uhrf1,0.29936599681189435,0.056326728960564315,0.5145607219620973
Upf2,0.29934059360042464,0.05634970278824716,0.5145607219620973
Terf1,-0.2994264703132195,0.05627206777854773,0.5145607219620973
Cldn25,-0.2993584158389944,0.056333584186557976,0.5145607219620973
Itpr3,0.2993744436402195,0.05631909152746393,0.5145607219620973
Gabrr2,-0.2990040534892638,0.05665474093437308,0.5156823995228541
Efemp2,0.29910098152483305,0.05656675569221746,0.5156823995228541
Abi1,0.29903501838509006,0.05662662146910784,0.5156823995228541
Naip5,0.29906399694414254,0.05660031555784474,0.5156823995228541
Opn3,-0.298900155141142,0.05674917048929562,0.5156823995228541
Ube2d1,-0.2989474742591729,0.056706148776271476,0.5156823995228541
Hfe,0.29893220639788887,0.056720027300424865,0.5156823995228541
Pde3a,0.2988247666662256,0.05681776432861674,0.5159464208240222
Trp53i13,-0.29846890461297043,0.05714241616215506,0.5167369289674022
Hrh3,-0.2985965565844648,0.05702579572024352,0.5167369289674022
Oas1b,0.2985027774026634,0.057111452726108236,0.5167369289674022
Zfp53,0.29853974182560616,0.05707767794961167,0.5167369289674022
Hagh,-0.29865779197359915,0.05696991734299754,0.5167369289674022
Ptger3,-0.29849421343862564,0.05711927990515423,0.5167369289674022
Scrt1,0.2983983881419919,0.05720691741504829,0.5169619566128567
Med9,-0.2983171070033778,0.057281334647781346,0.5172762185597916
Leng1,-0.29820097200474144,0.05738779180466165,0.5178791806770607
Epb4.1l3,-0.29814688409219153,0.05743742440346407,0.5179688673398775
Tctn2,0.29809436573667614,0.057485648357694014,0.5180457357869815
Tpd52,0.2978769820364612,0.057685588383563066,0.5194887804120872
Mpp3,-0.29777601101667966,0.057778639005864274,0.519967903715533
Psma5,-0.2975398494605521,0.05799672666146007,0.5208529154889143
Ptgs2,-0.2976075672410191,0.05793412677439976,0.5208529154889143
Bcl11b,0.2975592396532934,0.05797879660105945,0.5208529154889143
Rgs8,-0.2974387651999296,0.05809026813291578,0.5213341876660372
Topbp1,0.29706442193048127,0.05843768974855554,0.5240916931470111
Pea15a,0.2969494193743543,0.05854474194851176,0.5246911659932211
Nfkbie,0.296840543846738,0.05864622962718661,0.525140493883745
Dgcr14,-0.29680931414054074,0.05867536516840372,0.525140493883745
Dynll1,-0.2965190260889509,0.05894672032299994,0.5257660652732921
Usp53,0.2965501359489181,0.058917593410943395,0.5257660652732921
Gnao1,-0.296538370921999,0.058928607231691126,0.5257660652732921
Eif4h,-0.2966802540398586,0.05879588897659105,0.5257660652732921
Krt81,0.29664760458063355,0.05882640908331369,0.5257660652732921
Large,-0.2964578362723653,0.05900404218875873,0.5259178596455687
Sox5,-0.2963611046640745,0.05909474656871786,0.5263608945349727
Rabl3,0.29631882881536686,0.05913442190116254,0.5263608945349727
Ddit4l,0.2960638360389598,0.05937416363684008,0.5281346021111971
Lxn,0.2959526250306644,0.059478956745209546,0.528286490651561
Art3,0.2959168538471622,0.05951269378939341,0.528286490651561
Csnk2b,-0.29593420840777224,0.059496324265527464,0.528286490651561
Aimp1,0.29572940849932644,0.05968972043190008,0.5289290952262047
Slc25a24,-0.29573255577647173,0.059686744753785916,0.5289290952262047
BC049805,0.29558298225064134,0.05982828910674213,0.5289290952262047
Atf6b,-0.2956085262847836,0.05980409805151508,0.5289290952262047
Tsga13,0.29568350479844174,0.05973313427786083,0.5289290952262047
Osbpl9,0.29563417018697036,0.05977981997535853,0.5289290952262047
Bex2,-0.2953920829349046,0.06000931517812078,0.5299986310720491
Pola2,0.29536977303364625,0.06003049863778746,0.5299986310720491
Gdpd1,-0.2952544811078389,0.06014006091846634,0.5306069336883484
Extl2,-0.2950234535779562,0.06036006909507135,0.532188203798369
Csmd1,0.2948594515490917,0.0605166232492759,0.5332082490072932
Lsm2,-0.2947579936643464,0.06061362949763524,0.5333427183510737
Nampt,0.2947854336311779,0.060587381742159704,0.5333427183510737
Frat2,-0.2944556590033335,0.06090340636461295,0.5351707405062858
Fem1a,0.29448622173113226,0.060874064901268565,0.5351707405062858
H2-Q10,0.2943776249169837,0.06097837147817125,0.5354688892453948
Cfp,-0.2941369621265604,0.06121001512805891,0.5360600586617723
Nek9,0.294153760130281,0.06119382477743469,0.5360600586617723
Nuf2,0.294192713196363,0.06115629344193263,0.5360600586617723
Scel,0.29424057344671856,0.06111020419372994,0.5360600586617723
Dock5,0.2939696780459598,0.06137142714843244,0.5363936723776925
Nfyc,-0.29399857073588287,0.06134352536940118,0.5363936723776925
Nat9,0.29401845630011575,0.061324327456845344,0.5363936723776925
Zfp276,0.29361880860826645,0.06171104017468663,0.5367195318957783
Mtfr1,0.2935829288252805,0.061745849890560034,0.5367195318957783
Tpgs2,-0.2934393912324304,0.06188525720289276,0.5367195318957783
Zfp568,-0.2934436169386148,0.06188114964837281,0.5367195318957783
Stat6,0.29351567742149415,0.061811136144915485,0.5367195318957783
Sec22b,0.2934592315785324,0.06186597340941961,0.5367195318957783
D230025D16Rik,-0.29343844392334506,0.061886178053677465,0.5367195318957783
Slc25a26,-0.2935463212745087,0.06178138117684399,0.5367195318957783
3110040N11Rik,0.2933373122556717,0.06198454552585929,0.5367195318957783
Dcxr,0.29341619965442745,0.06190780405924553,0.5367195318957783
Msl1,-0.2937832771402767,0.0615516691512763,0.5367195318957783
Cherp,0.2933952761246909,0.06192815131938413,0.5367195318957783
Arid1a,-0.2937912271569253,0.061543973537797426,0.5367195318957783
Tsr2,0.29337177276403953,0.06195101346800761,0.5367195318957783
Apbb3,-0.29320894190381475,0.06210957966617908,0.5368184328769936
Ifi202b,0.29319888498282665,0.06211938337376506,0.5368184328769936
1110032A03Rik,-0.29322735980824083,0.06209162856132485,0.5368184328769936
Casp7,0.29303524211288917,0.06227907267890692,0.5378422365235317
Efnb2,-0.2929881261857255,0.06232510854492745,0.537883823679073
Ficd,-0.2928003695363109,0.06250882007498618,0.5391127515918669
Ntpcr,0.29269815488158585,0.06260900673085948,0.5396201643533589
Lce1f,-0.29264945448933594,0.06265678410095388,0.5396754955335624
Snx22,0.29253077511048126,0.06277333103773866,0.5403226891236489
Vta1,-0.29246226486074756,0.06284068579987673,0.5405458859608381
Bdnf,-0.2924130107409202,0.06288914337671042,0.5406063451401147
Col9a1,0.2918102418961934,0.06348448363931758,0.5414455977981695
Ift57,-0.2920607336434758,0.06323655769746747,0.5414455977981695
Gc,0.2920675674544031,0.06322980428254893,0.5414455977981695
Jmjd8,-0.29197297621083074,0.06332333177135586,0.5414455977981695
Gtf2h3,-0.29211214666347407,0.06318576306401308,0.5414455977981695
Map3k8,0.29195890668579505,0.06333725211060588,0.5414455977981695
Tmprss5,0.2917912820625963,0.06350327949023016,0.5414455977981695
Aplf,-0.2918367536799424,0.06345820829068126,0.5414455977981695
Cylc1,0.2917681808052123,0.06352618669852077,0.5414455977981695
Nf1,0.29215067242686393,0.06314772114835349,0.5414455977981695
Fosb,-0.2920068295083709,0.06328984702795078,0.5414455977981695
Adam26a,0.2918880733323101,0.06340736995090031,0.5414455977981695
Col15a1,0.29182535966966444,0.06346949966833837,0.5414455977981695
Hadhb,0.29159987465265913,0.06369326990969532,0.5425153257517064
Pomp,-0.29150222251475955,0.06379036643343612,0.5426376023854801
Slc25a10,0.29146000429884894,0.06383237946675699,0.5426376023854801
Rp1,-0.29149936056863446,0.06379321380207398,0.5426376023854801
Zfp287,-0.29137586724971354,0.06391617070116026,0.5429961663277606
Fabp2,-0.2912920714177678,0.06399970567985888,0.5433189197172213
Aldh1a7,0.2912542509836532,0.06403743570580783,0.5433189197172213
Procr,0.2912054248697962,0.06408617024654416,0.5433791004205034
Cdh9,0.29110137287607907,0.06419012167541943,0.543554119235917
Tmem189,0.29111332213211005,0.06417817742209493,0.543554119235917
Ier2,-0.29091965729131264,0.06437197064547386,0.5446190426380059
Psma1,0.2908506901171453,0.06444109141183854,0.5446190426380059
Gfod2,-0.29088748958317534,0.06440420293845564,0.5446190426380059
Inmt,-0.2905975242432594,0.06469530738519905,0.5453546938433219
St3gal1,-0.29072015322213235,0.06457207426057171,0.5453546938433219
C130036L24Rik,0.2906616420870791,0.06463085126645653,0.5453546938433219
Hoxa2,-0.29059792133650264,0.06469490804589684,0.5453546938433219
Riok3,0.2904270179638097,0.06486695215714659,0.5462100422211175
Hmgn3,0.2904135806729654,0.06488049394150755,0.5462100422211175
Il6,0.2903210010216042,0.06497385222094362,0.5466433253585385
Ankrd32,0.2901427817016242,0.06515385922541833,0.5477170419667808
Nid2,0.29011157155305045,0.0651854215782367,0.5477170419667808
Adat1,0.2898628401139569,0.06543737734780254,0.5485401815433615
Celf2,-0.28988627979997045,0.0654136021348896,0.5485401815433615
Etaa1,0.2898488866747139,0.06545153365491714,0.5485401815433615
Dmbt1,-0.28996310751547194,0.06533572089402508,0.5485401815433615
Timp1,0.28975991082963926,0.06554185809688631,0.5485924992342973
Mesdc1,-0.28980083344168645,0.06550030341731705,0.5485924992342973
Epc1,-0.289545273629581,0.06576014007251292,0.550066710132193
Nup210,-0.2895024438023301,0.06580376350691367,0.5500789942355647
C2cd2l,-0.28913725544543867,0.06617661585667366,0.55148565401819
Slc46a3,-0.2891590660823203,0.06615430235118824,0.55148565401819
Arc,-0.28916873948610816,0.0661444077534226,0.55148565401819
Enoph1,0.2891152640446132,0.06619912010517619,0.55148565401819
Gnas,-0.2890265782191267,0.06628993335210885,0.55148565401819
Dppa2,-0.2890497596005023,0.06626618672332961,0.55148565401819
Gas7,-0.289006859464402,0.06631013803008201,0.55148565401819
AA517562,-0.28912925641606035,0.06618480075111478,0.55148565401819
Mxi1,0.28892723610024135,0.06639177129926817,0.5518128813274843
Fbxo11,0.2888494832863642,0.06647156073095635,0.5521243768161995
Fam151a,-0.28867184711368166,0.06665412412541967,0.5526023436174587
Col9a2,-0.2886015198495953,0.06672650763071523,0.5526023436174587
Ddx19a,0.2886551956828886,0.06667125700290223,0.5526023436174587
Usp10,-0.2887045800154928,0.06662045459332619,0.5526023436174587
Morn4,-0.2885875961402138,0.06674084554687064,0.5526023436174587
Ppard,0.28844426517248556,0.06688857691342545,0.5531614939362053
Lyar,-0.2884349432428393,0.06689819365936533,0.5531614939362053
Fam76b,0.2883987412866599,0.06693555053454427,0.5531614939362053
Psmg4,-0.2883323315368004,0.06700412022294826,0.553170206091406
Patz1,0.28823359036992635,0.0671061718325309,0.553170206091406
Mob3b,0.28825375827250554,0.06708531815326157,0.553170206091406
1700073E17Rik,0.2883042655958251,0.067033115077938,0.553170206091406
Soat1,0.2880285138821526,0.06731850217567073,0.5531732587470576
Kcmf1,-0.2880789973897727,0.06726618557092061,0.5531732587470576
Rock2,-0.2880670742352417,0.06727853887015757,0.5531732587470576
Ankrd1,-0.28803200177698535,0.06731488663608418,0.5531732587470576
Rilpl2,0.28818242800407906,0.06715909604931734,0.5531732587470576
Ugt2a3,-0.2878525953720193,0.06750105065099316,0.5543242353334233
Ifit2,0.2877648426997358,0.06759225133864977,0.5547240803258118
Mospd2,0.28757507674560656,0.06778979450762081,0.5559725354646987
Iqgap3,0.2874004556530651,0.0679719601955971,0.5559725354646987
Arhgef5,0.28741835883972866,0.06795326636698623,0.5559725354646987
Got2,-0.28737359657568484,0.06800001276738901,0.5559725354646987
Stt3a,0.2874682244898278,0.06790121917760106,0.5559725354646987
Renbp,0.2874859597976465,0.06788271529776957,0.5559725354646987
Tbx15,0.28726333653456737,0.06811526461589137,0.5564045601706967
Caprin2,-0.28724147627468233,0.06813813220574552,0.5564045601706967
Ttc16,-0.28715882887498484,0.0682246408404164,0.5565384844928527
Nt5dc2,-0.2871000417687128,0.0682862252974152,0.5565384844928527
Pom121,-0.2870629227751966,0.06832513235938004,0.5565384844928527
Nrarp,-0.2870788557069724,0.06830842985250056,0.5565384844928527
Prl,0.2868273211450673,0.06857247666666158,0.5579923866064884
Pax8,-0.28681146485710657,0.06858914768310273,0.5579923866064884
Mcoln1,-0.2866309363821513,0.06877916953323933,0.5591896468780312
Acss2,-0.2865444121925687,0.06887038555100689,0.5592343877131853
Anapc4,0.2865546539904353,0.06885958358737977,0.5592343877131853
Adra1b,-0.2858861278328892,0.06956738136599613,0.5594890589105455
Dus3l,-0.2861992382590982,0.06923519259662289,0.5594890589105455
Adamtsl4,-0.28627038120981707,0.06915988319371826,0.5594890589105455
Rab37,0.2857917780000633,0.06966771718060377,0.5594890589105455
Slc7a3,0.28602183611882176,0.06942325575087466,0.5594890589105455
Cds2,-0.28578632753992345,0.06967351680049325,0.5594890589105455
4931417E11Rik,0.2858042528022324,0.06965444461572694,0.5594890589105455
Nanog,0.2858335549052096,0.06962327620254984,0.5594890589105455
Ghitm,-0.2857934151910005,0.0696659751818767,0.5594890589105455
Tcf12,0.28590797277745095,0.06954416614318817,0.5594890589105455
Cnot6,0.2863113659703373,0.06911652646368971,0.5594890589105455
Cfh,0.2860302588826399,0.06941431804947333,0.5594890589105455
G3bp1,0.2861997698100286,0.06923462968461416,0.5594890589105455
Ccdc80,-0.2860382734890343,0.06940581427083645,0.5594890589105455
Nupr1,0.286146088113364,0.06929149612759011,0.5594890589105455
Sdccag3,-0.286273853044347,0.06915620962734394,0.5594890589105455
Ankrd12,0.286245553105779,0.06918615826541576,0.5594890589105455
D930016D06Rik,-0.28585732151189713,0.06959800363775775,0.5594890589105455
Osbpl6,-0.2855181225546723,0.06995935660352218,0.560691536915924
4930448N21Rik,-0.2854846103667365,0.06999513477170972,0.560691536915924
C77405,0.28553773828339274,0.06993842097245723,0.560691536915924
Urm1,-0.28560259187043696,0.06986923739794487,0.560691536915924
Tlcd1,-0.28539411526853375,0.07009181828166994,0.5608548806731599
Camk1d,-0.28534487519522006,0.07014446817829696,0.5608548806731599
Cartpt,0.28537888217429436,0.07010810304412746,0.5608548806731599
Txnip,0.2851786756746881,0.07032239864437918,0.561933239381815
Chd7,-0.28502412708810276,0.0704881631428518,0.5629131216958833
Pcdh8,0.28481239868027947,0.07071573849920389,0.5632983757385448
Klf4,0.284906014409527,0.07061504736386648,0.5632983757385448
Tomm40l,-0.2847784829349618,0.070752244450569,0.5632983757385448
Thra,0.2848283994821045,0.07069852065196489,0.5632983757385448
Rlf,0.28478051834248974,0.07075005319196452,0.5632983757385448
Ctsj,-0.28473131247189754,0.07080304118509162,0.5633590758684516
Ptger4,0.28467181530613844,0.0708671517162645,0.5635255714476145
Aldob,-0.2842715173616773,0.07129963438359378,0.5642160110690052
Pex7,0.2837742443753224,0.07183967392654333,0.5642160110690052
Klhl10,-0.28298735122742413,0.07270057020877974,0.5642160110690052
Ofd1,0.2841341802982839,0.07144847393498684,0.5642160110690052
Ppy,0.2839245327037833,0.07167613456380123,0.5642160110690052
Fgf11,-0.28369322481188347,0.07192795432037102,0.5642160110690052
Kng1,-0.28354703984664203,0.07208744814656308,0.5642160110690052
Pomc,0.28395661648668064,0.07164125852409872,0.5642160110690052
C77370,-0.2828849042024116,0.07281322420416927,0.5642160110690052
Ppt1,0.28350758713341173,0.0721305385815206,0.5642160110690052
Ctps,-0.2844976759570733,0.07105504687635568,0.5642160110690052
Fetub,0.28326995450721726,0.07239049505405994,0.5642160110690052
Gdnf,0.28356367452781583,0.07206928551983809,0.5642160110690052
Ehd4,0.28362880018961606,0.07199821123948225,0.5642160110690052
Pdia3,-0.28395429912018255,0.07164377714013977,0.5642160110690052
Arhgap35,-0.28373401450044183,0.07188349885860307,0.5642160110690052
Tap2,0.28296288149316895,0.07272746589558479,0.5642160110690052
Smtn,0.2837254704547946,0.0718928090334421,0.5642160110690052
Hnrnpc,-0.2841076529399333,0.07147725019204419,0.5642160110690052
Spryd3,0.283020103105847,0.07266458306937382,0.5642160110690052
Asb5,0.2834793460245568,0.07216139563687791,0.5642160110690052
Qrsl1,0.2833297914979089,0.0723249700497518,0.5642160110690052
Noxo1,0.2844693271405447,0.07108567079626824,0.5642160110690052
Trove2,0.28355974852979476,0.07207357181986564,0.5642160110690052
Adm,-0.2832695033266477,0.07239098929396642,0.5642160110690052
Dnajc3,0.28389228650080917,0.07171120012924631,0.5642160110690052
Trim27,0.2838602668290521,0.0717460322263442,0.5642160110690052
Zfp455,-0.2835170838966691,0.07212016438947148,0.5642160110690052
Gm12338,-0.28315132355348305,0.07252053586059395,0.5642160110690052
Kptn,-0.2836426830136022,0.07198306722219895,0.5642160110690052
Psen1,-0.28316201066838054,0.07250881361732113,0.5642160110690052
Eif4b,0.2843938428755625,0.0711672618007779,0.5642160110690052
Pfpl,0.28333593061789347,0.07231824989719869,0.5642160110690052
Paip2,-0.2830385567251456,0.07264431252850645,0.5642160110690052
Slc25a14,-0.28294077505488713,0.07275177046618565,0.5642160110690052
Polr1d,-0.28318912856512574,0.07247907558847984,0.5642160110690052
Habp4,0.28410052108414846,0.07148498816119742,0.5642160110690052
Sh3bp2,0.28336124243389205,0.072290547459586,0.5642160110690052
Zmynd19,0.2830999870366704,0.0725768647228391,0.5642160110690052
Dad1,-0.28430232786173204,0.07126627571491004,0.5642160110690052
Nkx2-3,0.28330580356296564,0.07235123284220422,0.5642160110690052
Cln3,0.28288877600046863,0.0728089642499437,0.5642160110690052
Gpr89,-0.28300642780228,0.0726796075909562,0.5642160110690052
Neurl4,0.2828295267538457,0.07287417402219457,0.5643531731843424
Pdgfrb,-0.28264160570553076,0.07308129272026619,0.564695771352308
Etv6,0.28260255938543904,0.07312438380476584,0.564695771352308
Ebi3,0.2826982158233139,0.07301885257115584,0.564695771352308
Leprotl1,-0.2826647552972761,0.07305575416828014,0.564695771352308
Abhd1,-0.2825931340505075,0.07313478838113269,0.564695771352308
Rnf126,-0.28253607921235835,0.07319779483849556,0.5648480336176988
Rps14,0.2824471877810159,0.07329604076650657,0.5649380011589747
Col1a2,-0.2824623594305922,0.07327926546666545,0.5649380011589747
Nfyb,-0.28230568550068585,0.07345263992604499,0.5654769902035168
Ctnnbip1,-0.2823284800866684,0.0734273962901036,0.5654769902035168
Col16a1,0.28215629344327,0.07361824528383197,0.5664177374461812
Tsr3,-0.28195877901088134,0.07383762918904634,0.5664357573708793
Blnk,0.2819727136442088,0.07382213546840166,0.5664357573708793
Myom1,-0.28198531374578983,0.07380812771234818,0.5664357573708793
Derl1,0.28206950939577863,0.07371457752567709,0.5664357573708793
Impa2,-0.2820738142476205,0.0737097967963714,0.5664357573708793
Tdgf1,-0.281873436375705,0.07393257413021245,0.5668308812133621
C2cd2,-0.28183227035826675,0.07397840493708639,0.5668492108185792
4933411K20Rik,-0.281749823423525,0.07407025908923226,0.5672199594221783
Nr1d1,0.2814833924872243,0.07436767972386399,0.5677069058937259
Kif18a,0.28146919308884516,0.07438355602056952,0.5677069058937259
Plekho1,0.2814590652118382,0.07439488152948665,0.5677069058937259
Dhrs3,0.28162391844832185,0.0742106962721358,0.5677069058937259
Tmem158,-0.28158064386343434,0.07425901216764721,0.5677069058937259
Tmem261,-0.2814882294218082,0.07436227214965563,0.5677069058937259
Aoc1,0.2812626015318778,0.07461483529741679,0.5690525925166521
Taldo1,0.2811756059397274,0.0747123893624404,0.5694073715321557
Spon1,0.28114331267481996,0.07474862651809203,0.5694073715321557
Gstm5,0.28105989574972706,0.0748422924076065,0.5694560196074969
Btbd3,-0.2810645616923317,0.0748370508461883,0.5694560196074969
Oasl1,-0.2809753337802119,0.0749373345381554,0.5695150136216598
Rnf115,0.2809938220743573,0.07491654711664011,0.5695150136216598
Men1,-0.28053520140340826,0.07543348803667564,0.5696363341380674
Ube2c,0.2805836313119946,0.0753787726896752,0.5696363341380674
Rbck1,-0.2806800461869432,0.07526993393669035,0.5696363341380674
Tinag,0.28081378352370484,0.07511916000250535,0.5696363341380674
Mlh1,0.2807765438989369,0.07516112058377107,0.5696363341380674
Wnt7a,-0.28076508809663564,0.07517403222651758,0.5696363341380674
Inpp5a,-0.2807251685262444,0.07521903799919445,0.5696363341380674
Ing3,0.2806284678611571,0.07532814379223633,0.5696363341380674
Memo1,0.28069700837823836,0.07525079830902565,0.5696363341380674
Tle2,-0.2805419597775801,0.07542585073165123,0.5696363341380674
Olfr870,-0.2808174581730014,0.07511502046871046,0.5696363341380674
Dlst,-0.27923995128368545,0.076907998802565,0.5698878343978823
Rfc4,0.279808477916425,0.07625813577667234,0.5698878343978823
Slc10a6,0.2793401539478695,0.07679315849837509,0.5698878343978823
Prmt3,0.28009313128241137,0.07593431945333097,0.5698878343978823
Gjc2,-0.27936867234243556,0.07676049778280084,0.5698878343978823
Msi2,-0.27957176205559114,0.07652821201698837,0.5698878343978823
Kynu,0.27928220559505706,0.07685955618482909,0.5698878343978823
Oxr1,0.2795493143794487,0.0765538606564674,0.5698878343978823
Cfhr1,0.28006649959209856,0.07596457107390754,0.5698878343978823
Mycbp,-0.2794157816087267,0.0767065688060027,0.5698878343978823
Pcdhb18,0.2799235313379598,0.07612712792429874,0.5698878343978823
Rnf151,0.2795973467806664,0.07649898690209538,0.5698878343978823
Phtf2,0.28024502370321425,0.07576195477887193,0.5698878343978823
Rad18,0.27994938903502886,0.07609770793967327,0.5698878343978823
Tfdp1,0.27970259321365987,0.07637885376182817,0.5698878343978823
Dcaf5,-0.2796048507341349,0.07649041682613186,0.5698878343978823
Serpinb6c,0.27925508428792795,0.07689064686584109,0.5698878343978823
Mcoln3,0.2801142127684219,0.07591037890199792,0.5698878343978823
Klf9,-0.27938880392484666,0.0767374483803727,0.5698878343978823
Cxcr3,0.27935316788396697,0.07677825297706772,0.5698878343978823
Slc25a5,-0.2798644659122893,0.07619436270314561,0.5698878343978823
Yars,0.2802005139701024,0.07581243296070334,0.5698878343978823
Ahcyl1,-0.28023263541564253,0.07577600170115155,0.5698878343978823
Sgcg,0.2794372200630806,0.07668203630675378,0.5698878343978823
Pcsk2,0.28030711960011806,0.0756915746527777,0.5698878343978823
Etohd2,-0.28006534855215287,0.07596587877480021,0.5698878343978823
Ccl27a,-0.2802488727402827,0.07575759080487354,0.5698878343978823
Vps37c,0.27952368379680387,0.0765831540034011,0.5698878343978823
Ank,-0.2795640855523815,0.0765369824342519,0.5698878343978823
Fhit,0.27994575785862913,0.07610183884734084,0.5698878343978823
Utf1,-0.27951718970629985,0.07659057748100631,0.5698878343978823
Dnajb11,-0.28031912298180756,0.07567797559279438,0.5698878343978823
Mrpl11,0.27976317446396937,0.07630976810844921,0.5698878343978823
Snrpg,0.2791401162671933,0.07702254651057443,0.5704127181705367
Mttp,0.2789993079845337,0.07718432434015186,0.5711169246750342
Glrp1,0.2789811810617574,0.07720516937135108,0.5711169246750342
Tsg101,0.2788899515741829,0.077310143039913,0.5712633738155302
Tuba4a,-0.27888788393649366,0.07731252342388124,0.5712633738155302
Rnf2,0.27880667857577396,0.07740605543055762,0.5713275267512984
Prmt2,0.2787283640115633,0.07749633859681188,0.5713275267512984
Sh3glb1,0.2787655255144664,0.07745348791262029,0.5713275267512984
Htr7,-0.2787563407039326,0.07746407719524344,0.5713275267512984
Slc39a4,-0.278562939135722,0.07768730576521413,0.5719893362675774
Gtf2i,-0.27853671632114146,0.07771761002394166,0.5719893362675774
Srsf10,0.27855530824373687,0.07769612344696052,0.5719893362675774
Adcy3,-0.27845447671265794,0.07781270757293784,0.5720439555601498
Adam21,0.2784662524904291,0.07779908530857672,0.5720439555601498
Asb18,0.27837253531591893,0.07790754745830186,0.5724186862519037
Lcn2,0.27827436695951396,0.07802128323912073,0.5724826885851627
Mtmr9,-0.2782858201286079,0.07800800739845147,0.5724826885851627
Scn10a,-0.27825143164074234,0.07804787362962713,0.5724826885851627
Cd274,0.277793388275688,0.07858034346040826,0.5732695122206242
Pacrgl,0.27771261353912435,0.07867452608094017,0.5732695122206242
Matn2,0.2779764521011062,0.07836720688724655,0.5732695122206242
Clcc1,0.27775731993568853,0.07862238832748122,0.5732695122206242
Doc2a,0.2776791834390855,0.07871353013134001,0.5732695122206242
Galk2,0.2778235702817602,0.07854517330442815,0.5732695122206242
Scap,-0.278100344846262,0.07822320890301188,0.5732695122206242
Vamp3,0.2776633825379839,0.0787319706526062,0.5732695122206242
Fmn2,0.2779167199587816,0.07843670360253355,0.5732695122206242
Ap2b1,0.27751867387243945,0.07890100493128299,0.5732695122206242
Frmd4b,0.27787071757917353,0.0784902577382752,0.5732695122206242
Aspa,0.27751783279301834,0.07890198819436287,0.5732695122206242
Ap1m2,-0.27771628167284274,0.07867024722882426,0.5732695122206242
Il21,0.27795462767672197,0.07839259363068052,0.5732695122206242
AA407107,0.2777216549933619,0.07866397960460407,0.5732695122206242
Golph3l,0.2775633100721729,0.07884883625558385,0.5732695122206242
Shroom1,0.2775657937383917,0.07884593422684005,0.5732695122206242
Abcb7,-0.27738108694566826,0.07906197346557546,0.5741122380368916
Btg4,-0.27715154491991906,0.07933107388267722,0.5741492973350277
Armc10,0.2772941974647865,0.07916375622967743,0.5741492973350277
Lrrc4,-0.2772217559189372,0.07924868994970284,0.5741492973350277
Dnajc9,-0.27718579540368615,0.07929087712654401,0.5741492973350277
Snx10,0.2772523579444375,0.07921280240189733,0.5741492973350277
Rps10,0.27732381563109954,0.07912905029488357,0.5741492973350277
Cebpb,0.27704875510037863,0.07945180122292027,0.5747042983136843
Vash2,0.27699728218877434,0.0795123084106971,0.5748233309978872
Rpl39l,0.2769089328023637,0.07961624524416439,0.5752560266838875
Pa2g4,-0.2768295190957089,0.07970975705035506,0.5756129605700516
Nqo2,-0.2763595486803369,0.08026485165882807,0.5760333346401205
Tbl3,-0.2764569483111362,0.08014957237878415,0.5760333346401205
Kcnab1,-0.2767202936246274,0.07983850791453603,0.5760333346401205
Adam1a,0.27647219336671214,0.08013154005859972,0.5760333346401205
Sec24c,0.27668808098477626,0.07987650880066371,0.5760333346401205
Ppp1r18,0.2763629683757697,0.08026080210029733,0.5760333346401205
Dhps,-0.27637039150668374,0.08025201225435576,0.5760333346401205
Ubtd1,0.27644711718205733,0.08016120255795796,0.5760333346401205
Mrpl46,-0.27627246393493254,0.0803680280298911,0.5760333346401205
Nkiras1,-0.27608638097511623,0.08058882961941254,0.5760333346401205
Casp2,-0.2764649413365008,0.08014011760244126,0.5760333346401205
Zdhhc2,-0.27600561795380857,0.08068480279643213,0.5760333346401205
Tada2b,0.27599704876803477,0.08069499085923368,0.5760333346401205
Mkln1,0.2761325308050504,0.0805340268831663,0.5760333346401205
Star,-0.27614451136217527,0.08051980459939426,0.5760333346401205
Fes,0.27651119353883225,0.08008542333628475,0.5760333346401205
Zbtb25,-0.2761207729108615,0.08054798667586233,0.5760333346401205
Dhrs7,0.2762695694886759,0.08037145902604635,0.5760333346401205
Crat,-0.2760524044330491,0.08062919452992626,0.5760333346401205
Mrpl35,-0.27647182137492926,0.08013198002560999,0.5760333346401205
Tagln,-0.27620556491441867,0.08044735640201393,0.5760333346401205
Ak2,-0.27578432656546026,0.08094821009987249,0.577119776752113
2510009E07Rik,0.2758014384928553,0.08092781844027065,0.577119776752113
Igf2bp1,0.27564965710938844,0.08110882549411055,0.577119776752113
Gnai3,0.2756134880950148,0.081152003710897,0.577119776752113
Sar1a,-0.27560949008378843,0.08115677755691067,0.577119776752113
Apba2,-0.275694891478853,0.08105484942722233,0.577119776752113
Nme2,0.275631424556276,0.08113058918142484,0.577119776752113
C8g,0.2754092165653878,0.08139618515180817,0.5773291567384498
Mad1l1,-0.2753998146640161,0.08140743722881044,0.5773291567384498
Camk2a,-0.2754745383532995,0.08131804109273617,0.5773291567384498
Rtcb,0.27542708283230827,0.08137480624633724,0.5773291567384498
Gns,0.27544907809360275,0.08134849234587217,0.5773291567384498
Nsg1,-0.2753211784565109,0.08150159378171554,0.5776829425625237
Pard3,0.2751612830615619,0.08169329963392209,0.5777558287511387
Tmem8c,0.2751112965947763,0.08175330005834823,0.5777558287511387
Ncan,-0.2751358362775931,0.08172384012692469,0.5777558287511387
Atraid,0.2751315403457343,0.08172899682514967,0.5777558287511387
Tead2,-0.27505217871547827,0.08182430389955353,0.5777558287511387
Itga7,-0.27501741071994834,0.08186608378886165,0.5777558287511387
Rnf10,-0.2750556079512074,0.08182018393401325,0.5777558287511387
Mbp,-0.27508495916703174,0.08178492705165633,0.5777558287511387
Tgm1,-0.2746716979326771,0.08228239015819823,0.5779608187691881
Cd40,0.27451556823320433,0.08247092072559034,0.5779608187691881
Tmem218,-0.27462404419420955,0.08233989894525152,0.5779608187691881
Serpina5,0.2748548536301796,0.08206163726614361,0.5779608187691881
Klhl13,0.27465691561130223,0.0823002263187093,0.5779608187691881
Tor1b,-0.2745649824767818,0.08241121677093699,0.5779608187691881
Atp13a3,0.27465098510968644,0.08230738280136289,0.5779608187691881
Ngfrap1,-0.2745256616628811,0.08245872286837452,0.5779608187691881
Clasp1,-0.2746476669618922,0.08231138709581577,0.5779608187691881
Midn,-0.2749171352403386,0.08198667215578301,0.5779608187691881
Scgb1b2,0.27464230829680814,0.08231785416657891,0.5779608187691881
Pck2,0.27463178598340227,0.08233055406222069,0.5779608187691881
Cspg4,0.27488052629685045,0.08203073019538983,0.5779608187691881
Slc48a1,0.2744462151636414,0.08255477014304557,0.5782378935032751
Ada,0.27439165782267744,0.0826207761031451,0.5783897571727148
Hnrnpl,-0.27434703539745264,0.08267479176012586,0.5784575644385428
Efcab2,0.2742967284952078,0.0827357202499892,0.5785736406978076
Hspa4,-0.27383167969066374,0.08330055252889543,0.5786160992307978
Aatk,-0.27389911078764506,0.08321847443774091,0.5786160992307978
Fmo5,0.2741720075588891,0.08288691942057468,0.5786160992307978
Dbh,-0.2742510603380186,0.08279105973471271,0.5786160992307978
Ier3,-0.2738792754360876,0.0832426120159416,0.5786160992307978
Gm12606,-0.2738171590872219,0.08331823514864505,0.5786160992307978
Zfp943,0.2740325974321105,0.08305617134362689,0.5786160992307978
Neu2,-0.2739326955136115,0.08317761724681906,0.5786160992307978
P2ry1,-0.2738852338045955,0.08323536074447334,0.5786160992307978
Tas2r108,0.27399307578155147,0.08310419999371807,0.5786160992307978
Oca2,-0.27404432350494695,0.08304192524686212,0.5786160992307978
Gm6484,-0.2742182256807918,0.08283086506253878,0.5786160992307978
Smco4,0.2739299676069823,0.08318093529564498,0.5786160992307978
Tsc22d1,-0.27372011565982607,0.08343648303245034,0.5791290782395981
Ubiad1,-0.2734412305826909,0.08377700569927618,0.5799502108062892
9430016H08Rik,0.2735231379037236,0.08367688792450091,0.5799502108062892
Ccdc85a,0.2735041746939506,0.08370005924834985,0.5799502108062892
Cct6b,-0.2735508467888527,0.08364303881776551,0.5799502108062892
Hnrnpu,0.2734414115370143,0.08377678441454503,0.5799502108062892
Ppp1r8,0.2730506791020387,0.08425562262613553,0.5817204336764247
Copz2,0.27310831058561524,0.08418486738512529,0.5817204336764247
Ovgp1,0.2730518416700249,0.0842541948800653,0.5817204336764247
Atp6v1b2,-0.273122650408593,0.08416726903154856,0.5817204336764247
Rbm47,-0.2731363922096743,0.0841504071766107,0.5817204336764247
Mrps18c,0.2728063625369909,0.08455606905433621,0.5831776665380726
Icmt,-0.2728127894807592,0.0845481553157887,0.5831776665380726
Dlk1,0.2726370355494398,0.0847647675178276,0.583770954467348
Aass,0.27266390105204097,0.08473162962093522,0.583770954467348
Mzt2,0.27259143373125994,0.08482103836846437,0.583770954467348
Lsm3,0.2726037819435797,0.08480579840151915,0.583770954467348
Usp24,0.27247894438552267,0.08495996529341492,0.5844188651100534
Pigo,-0.27239011112926936,0.08506979663491651,0.5848660570542811
Hdac5,-0.272297425129032,0.0851845045896692,0.585346287725431
Krtap1-5,-0.2722282546002679,0.08527018520504573,0.5856266561792851
Treh,-0.27204683701062865,0.08549521092784212,0.5868632337703377
Scn1b,-0.2718915254007953,0.08568820795503503,0.5869529793203423
Vdac2,-0.27190550448528605,0.08567082360584126,0.5869529793203423
Rfk,-0.271920623695827,0.08565202436706856,0.5869529793203423
Arid4b,0.27190691802417194,0.08566906587974132,0.5869529793203423
Pcsk4,0.2718172412173217,0.08578063179173584,0.5872777881691296
Ripk4,0.27175221081407286,0.08586160329134647,0.587523891635438
Smap2,-0.27145560642544836,0.08623163979136234,0.5895006231182371
Lyrm2,0.2714121031199819,0.08628601349956572,0.5895006231182371
Svep1,-0.2714171308101643,0.08627972820495854,0.5895006231182371
Wdr75,0.2713022482744878,0.0864234323612424,0.590130491303952
Rab10,-0.2712148676417646,0.08653285461408572,0.5901361070895457
Snhg8,0.27119326003718797,0.08655992865119093,0.5901361070895457
Capn8,-0.2711963420077244,0.08655606659689404,0.5901361070895457
Wls,0.2711271787258282,0.08664276690281679,0.590157698770728
Thbs2,0.2711185817710361,0.08665354822934437,0.590157698770728
Zscan26,-0.27097854491834034,0.08682930768901204,0.5909550151315813
Srsf3,0.2708892536497875,0.08694151554008313,0.5909550151315813
Erc1,-0.27084508821280806,0.08699705602481168,0.5909550151315813
Hgd,-0.2708917642683073,0.08693835909353242,0.5909550151315813
Lcn8,-0.27087207601391,0.08696311422256768,0.5909550151315813
Pip4k2c,0.27069479477323527,0.0871862567976458,0.5910095921831066
Tasp1,0.2707894451573633,0.08706706795300428,0.5910095921831066
Igdcc4,0.2707447542610201,0.08712332996258512,0.5910095921831066
Rdh10,0.27072690613601685,0.08714580680431167,0.5910095921831066
Ggh,0.270511836346804,0.08741699303107336,0.5919586622015964
Ehhadh,0.2705235776262273,0.0874021719625098,0.5919586622015964
Khdrbs3,-0.2703828822479827,0.08757989579232577,0.592633986026792
Rps5,0.27036100653463535,0.08760755299606726,0.592633986026792
Psmd11,-0.27032125832377724,0.08765782286154256,0.5926668033783776
Nhsl1,-0.27026712054226654,0.08772632593875658,0.5928228001941142
Mtch2,-0.27020936415452973,0.08779945182946458,0.5929783395634994
Adarb2,0.2701413132273888,0.0878856700678832,0.5929783395634994
Uhrf1bp1,-0.27017571462528883,0.08784207676321223,0.5929783395634994
Fbln7,0.27004282934371615,0.08801055764595515,0.593422551755671
Ccnb1ip1,0.2700176885107408,0.08804245997386613,0.593422551755671
Serping1,0.26994343735236837,0.0881367309388276,0.5937512658857828
Rnf20,0.269883160174241,0.0882133155579588,0.5939605545489187
Tk1,0.269689240184931,0.08846003544464039,0.5953145964502901
1700010I14Rik,0.26963599648799164,0.08852786607877716,0.5954352591278548
Tgfbr2,0.26949622174375726,0.08870611876347227,0.5954352591278548
Lemd2,-0.26954754983934254,0.08864062974364187,0.5954352591278548
Eid1,0.2695556118855411,0.08863034673243593,0.5954352591278548
Lbx2,-0.2694978048260931,0.0887040983852812,0.5954352591278548
Eno2,-0.2692466190793737,0.08902509852665201,0.5972691571590139
Rngtt,0.2691713932728765,0.08912140073770261,0.5973854572182421
Pex2,0.2690929102599754,0.0892219554416214,0.5973854572182421
Gsta2,0.2690901026863172,0.08922555415114981,0.5973854572182421
Mrgprh,0.26912729361460175,0.08917789209725076,0.5973854572182421
Ubxn10,-0.26900039299186074,0.08934059974301324,0.5978489672033742
Cxx1c,0.2688813319037162,0.08949345675049283,0.5985648985838959
Acot13,-0.2687129987266275,0.08970990413359008,0.5997051941799266
Bcs1l,-0.2686541851516213,0.08978562003342835,0.5999040224353337
Cend1,0.268597097039925,0.08985916008552707,0.6000881166612296
Crabp1,-0.26844836671760314,0.09005096284282413,0.6010613883048654
Ntng2,-0.2683719856290831,0.09014958230823669,0.6014120140798469
Ece2,-0.26830754942521146,0.09023284161973207,0.6016598621849176
Upf1,-0.26807474020054384,0.09053413599422133,0.6033605416693535
Pgam2,0.26800300939255933,0.09062711840056036,0.6036719081209352
BC001981,-0.2678333540840597,0.09084731995858406,0.6048299378263078
Mmd2,0.2677102120906076,0.09100739930988107,0.6055867177943081
Gata3,0.26763542056747663,0.09110472743441511,0.605616703154194
E330009J07Rik,-0.2676665431574191,0.09106421741370353,0.605616703154194
Adssl1,0.26742481405088736,0.09137921088247955,0.606595155003636
Slc44a2,0.2674425344204446,0.09135609227048544,0.606595155003636
Ppbp,0.26741549030397194,0.09139137671370591,0.606595155003636
Acot9,0.26714556188826244,0.09174410749213116,0.6086267710548142
Zfp955b,-0.2669791692231192,0.09196204562190076,0.6097625677439955
Map1b,-0.2669211759630614,0.09203809446588333,0.6099568789666387
Serpini2,-0.26665242126061295,0.09239113310073074,0.6119857339245866
Ltf,-0.26620602205602417,0.09297974806686303,0.6126413724009004
Cisd1,-0.2661143121460955,0.09310101914303626,0.6126413724009004
Ighv14-2,-0.2665361199449336,0.09254421891877423,0.6126413724009004
Egfr,0.2660198725737397,0.09322602237073603,0.6126413724009004
Gsk3a,-0.26611564396356474,0.09309925719685981,0.6126413724009004
Ncf2,0.26611035736603306,0.09310625131936681,0.6126413724009004
Rps3a1,0.2660328710190274,0.09320880982763738,0.6126413724009004
Gm11944,-0.26606730703734244,0.09316322104606004,0.6126413724009004
Yap1,0.2660265604303791,0.0932171660154852,0.6126413724009004
Cdo1,0.2662335080175981,0.09294342530608438,0.6126413724009004
Rc3h2,0.26615266608003046,0.09305028818439331,0.6126413724009004
Ildr1,-0.26600833439079574,0.09324130321006885,0.6126413724009004
4933411G06Rik,-0.26635980204730403,0.09277666281621431,0.6126413724009004
Zfp81,0.26642838897786575,0.09268619165805612,0.6126413724009004
Ttc30b,0.26634364472301103,0.09279798504103498,0.6126413724009004
Pla2g1b,0.266414240323123,0.09270484940037833,0.6126413724009004
Gpn3,0.2658578657765319,0.09344074972157697,0.6126505278370689
F2r,0.26582954729375663,0.0934783212979086,0.6126505278370689
4930544G11Rik,-0.26590761025198273,0.09337477831202479,0.6126505278370689
Wdr61,-0.2657948308861835,0.09352439661670942,0.6126505278370689
Trmt1l,-0.2658651407270332,0.0934310994823505,0.6126505278370689
Jmjd6,-0.2659714903434796,0.09329011085439584,0.6126505278370689
C79122,-0.2657416065960247,0.09359506814724898,0.612805842575741
Actn2,-0.26567439253940456,0.09368437195951895,0.613082933650834
Lrrc6,0.2655296780999817,0.0938768609762013,0.6140346661044866
2810474O19Rik,-0.2654273344458072,0.09401316827504523,0.6143103819835078
Ptplb,0.2654521666010602,0.0939800818754839,0.6143103819835078
Nek7,0.26525091416471885,0.09424847959512517,0.6152190462489314
Pgc,0.2651755053471766,0.09434919378695451,0.6152190462489314
Mcts2,-0.26514649308168886,0.09438796310754545,0.6152190462489314
Tbrg4,-0.26524131784265226,0.0942612917833357,0.6152190462489314
Rps6ka4,-0.26519906159022216,0.09431772407557745,0.6152190462489314
Sorcs3,-0.26502795937446655,0.09454648331465147,0.6156978324585064
Dusp18,-0.2649539960167833,0.09464549759089991,0.6156978324585064
Akr1c13,0.2649547912072434,0.09464443266607249,0.6156978324585064
Atp5e,-0.2649505195423198,0.09465015341495622,0.6156978324585064
Chn1,-0.26491218725287463,0.09470150069665609,0.6157249041308746
Cdca5,-0.264762501623568,0.09490220687496617,0.6167225585216303
Plag1,-0.2646334039818232,0.09507556055200705,0.6175415578114186
Clec4e,0.264580328446187,0.09514689893398737,0.6176057117995446
Dnmt3b,0.2645556391977922,0.09518009705179586,0.6176057117995446
Abhd12,-0.26451550104741983,0.09523408666897182,0.6176489050414579
Adcy8,-0.264205052119234,0.09565243624884429,0.6178229466403834
Nabp2,0.26434522327368565,0.09546337862596735,0.6178229466403834
Strc,0.2643954368922554,0.0953957197232679,0.6178229466403834
S100a13,0.2643358660290046,0.0954759907036539,0.6178229466403834
Lao1,-0.2642287396664681,0.09562046792361123,0.6178229466403834
Tbx5,-0.2642476659889858,0.09559493095410823,0.6178229466403834
Anp32b,0.2643242617996385,0.09549163307286693,0.6178229466403834
Tmem62,-0.26420726797044153,0.09564944543700978,0.6178229466403834
Tnfrsf9,0.2641794189626061,0.09568703924900106,0.6178229466403834
Zfand1,0.2640830937894177,0.09581715445222093,0.6183570961656928
Klhl7,0.26393823207070954,0.09601307888638812,0.619315208298803
Tmem243,0.26390226198501454,0.09606177408089712,0.6193231669869697
Cpeb4,0.26354828031857924,0.09654195882911339,0.619422871990338
Stk32c,0.26350602469552936,0.0965993979998726,0.619422871990338
Hormad1,-0.26352613901496175,0.09657205292952138,0.619422871990338
Becn1,-0.26373127261353635,0.09629350417082193,0.619422871990338
Azgp1,-0.2637383154509878,0.0962839513412498,0.619422871990338
Ube2h,0.2636307575067515,0.09642991821381026,0.619422871990338
Hoxc8,0.26375191021519573,0.09626551353100744,0.619422871990338
Zmat3,-0.26351432149026327,0.0965881179567313,0.619422871990338
Fam110a,-0.2635891470454124,0.09648643165417368,0.619422871990338
Cask,-0.2637005761265628,0.0963351487464001,0.619422871990338
Flcn,0.2638471122873264,0.09613646952915861,0.619422871990338
Itga6,0.26343052396982,0.09670209102468094,0.6197768103050401
Vcam1,0.26339535781072804,0.09674995015703618,0.6197791357875135
Nde1,0.2631831426767327,0.09703913466848799,0.6207573136111263
Jmjd1c,0.2631785784620888,0.0970453613124912,0.6207573136111263
Rad23a,-0.2631828423994092,0.09703954430710374,0.6207573136111263
Rnf149,0.2631195539695378,0.0971259109765621,0.6208015784291899
St3gal6,0.26309924759437303,0.0971536341445682,0.6208015784291899
Lrrc18,-0.26306895241617606,0.09719500534376849,0.6208015784291899
Nrp1,0.26296657178584976,0.09733491304721484,0.6213910373547487
Ube2e3,0.2629262289402394,0.09739008420764296,0.621439221919576
Cpsf4,-0.2628162426147655,0.09754061421684877,0.6217916340574791
Hsd17b11,0.2628266732363093,0.09752633123552608,0.6217916340574791
Hopx,0.2625872833113141,0.09785452493295062,0.6228529934106181
Chrng,-0.2625555891794736,0.09789803735804872,0.6228529934106181
Pth1r,0.2626433291114225,0.09777761541722432,0.6228529934106181
Stx2,0.262585246105388,0.09785732135443997,0.6228529934106181
Col4a1,0.2623908160312385,0.0981244824007608,0.6230966398349821
Mfhas1,0.2624558095325852,0.09803511674527367,0.6230966398349821
Zfp354c,0.2623887420993639,0.0981273350341703,0.6230966398349821
Tfb1m,0.2624633105413234,0.09802480677581506,0.6230966398349821
LOC665506,0.2622287963376171,0.09834752035613069,0.6241910472408314
Fkbp6,0.2621695513456587,0.09842917100263167,0.624348807237078
Galc,0.26210664932845007,0.09851591647644599,0.624348807237078
Shank3,-0.26211531666131993,0.09850396037824197,0.624348807237078
Kif21b,-0.2620655643706665,0.09857260544018107,0.6244048196062731
Vps37b,-0.26195646257139205,0.09872326081196263,0.6250557158346921
Glod4,0.2617615145897286,0.09899288161113425,0.6263073694999467
Lcat,0.26174413539498226,0.09901694407835006,0.6263073694999467
1700129C05Rik,-0.26152631162735446,0.09931889940143857,0.6279129449076415
Rictor,-0.26146601214730775,0.0994026086736832,0.6281378404759768
H2-M9,-0.26140534246761804,0.0994868843744957,0.6283660959355248
Pttg1ip,0.2610955908584636,0.09991797904296892,0.6286128097890569
Top1,-0.26114359602437354,0.09985107816664564,0.6286128097890569
Hspa1l,-0.26130790489887445,0.0996223442777577,0.6286128097890569
Tufm,-0.26122086604223327,0.0997434626284406,0.6286128097890569
2700094K13Rik,0.2610789570314069,0.09994116795543206,0.6286128097890569
Sv2a,-0.2613362531838905,0.09958291983209638,0.6286128097890569
Cdkn1b,-0.26107408023171863,0.09994796736426384,0.6286128097890569
Fam220a,-0.2612627662371094,0.09968514314084265,0.6286128097890569
Zscan21,0.26106580557532616,0.09995950496683983,0.6286128097890569
Cmas,-0.2610184796359677,0.10002551181641788,0.6287249054395168
Psapl1,-0.26097037090535885,0.10009264337349481,0.6288439592588994
Fabp3,-0.26078408867883096,0.10035289733172477,0.6301756291057153
Fndc1,0.2607199434981972,0.10044262955807093,0.6304357253983971
Larp7,-0.2605018548157387,0.10074815446251956,0.6312716220834433
Zcchc14,-0.2604867682722747,0.10076931479805445,0.6312716220834433
Rnf19a,-0.2605468719744668,0.10068503300156913,0.6312716220834433
Esrrb,-0.2605792937420392,0.1006395904013782,0.6312716220834433
Gcnt1,0.26041723778993897,0.10086688033611042,0.6313593842311322
Fam76a,0.26040782649148814,0.10088009166387546,0.6313593842311322
Cdc123,-0.26032635205261806,0.10099451657244674,0.6317725056346392
Pou2f2,0.26019396564616654,0.10118064742694452,0.6317955652087063
Spg20,0.2601561825759532,0.10123381546038854,0.6317955652087063
Lrp4,-0.2602568182251503,0.10109224733797795,0.6317955652087063
Syt3,0.2601744520720651,0.10120810420393259,0.6317955652087063
Axin2,0.2601515834840715,0.10124028866973753,0.6317955652087063
Prox1,-0.2600771871285613,0.10134504368257509,0.6321469765840929
Pdk4,0.2599127912507485,0.10157680697118332,0.6332898968786294
Surf6,0.259770578676074,0.1017776110219348,0.6333314478899511
Msto1,-0.2598411540510876,0.1016779221620196,0.6333314478899511
Cd200,-0.25981020377376,0.10172163107864748,0.6333314478899511
4930433N12Rik,0.2597901527157015,0.10174995516883983,0.6333314478899511
Ndufa4,-0.25951514276643306,0.10213901969975671,0.6352774394957699
Dync1i1,0.2593762739294774,0.10233589680084479,0.6356420889315482
Camkk2,-0.2593707151890206,0.10234378334318206,0.6356420889315482
Chst12,-0.25939713186559415,0.10230630829183787,0.6356420889315482
Emb,-0.25920118718115387,0.10258451839217882,0.636762738640404
Nme4,0.25917495004711694,0.1026218131167729,0.636762738640404
Cst10,-0.25902060093026413,0.10284141425043115,0.6369237175570688
BC147527,0.2590295720021633,0.10282864115550219,0.6369237175570688
Tmem186,-0.25907770130010216,0.10276013413022203,0.6369237175570688
Themis2,0.25901948908570044,0.10284299738621687,0.6369237175570688
Arpc3,-0.2589353181328052,0.10296289894251266,0.6370615781417011
Pfdn2,-0.25896271176889457,0.10292386542301168,0.6370615781417011
Plin4,0.25886382322185403,0.10306482415651552,0.6372490023276272
Hspb8,0.2588455682161921,0.10309086090226231,0.6372490023276272
Taf13,-0.25879744969874785,0.10315951453806065,0.6372742764321315
Cenpf,-0.2587742523226289,0.10319262365706904,0.6372742764321315
Mum1,0.25864875817585914,0.10337187418826534,0.6374694518490605
Pilra,-0.2586430785564813,0.10337999212450788,0.6374694518490605
Cd1d1,0.25861534692066224,0.1034196359540548,0.6374694518490605
Rbl1,0.25868015583960613,0.10332700564840194,0.6374694518490605
Krt71,0.2585301517263879,0.10354149682948251,0.6377816618388205
Med11,0.25848686178113717,0.10360345798896026,0.6377816618388205
Lap3,0.25847746242433567,0.10361691494354351,0.6377816618388205
Pdcd2l,-0.25842656382622187,0.10368980820485539,0.6379294235102112
Rps26,0.2582046538556184,0.10400805166450107,0.6386828546682704
Nsmaf,0.25821458594734314,0.10399379263053055,0.6386828546682704
Fbxo32,-0.25825299810577806,0.10393865962519779,0.6386828546682704
Ezr,0.2582652990317935,0.10392100863378412,0.6386828546682704
Ftsj1,-0.25772932251737224,0.10469214224988026,0.639872489095404
Adtrp,0.2577398944964104,0.10467689138434282,0.639872489095404
Gfpt2,0.2578107538652353,0.10457471356378427,0.639872489095404
Gpr98,-0.25793741704567025,0.10439225015543294,0.639872489095404
Lsm1,-0.25799514731788903,0.10430916495582472,0.639872489095404
Itfg1,0.25781308255152474,0.10457135688670814,0.639872489095404
Afg3l1,-0.25775420493222045,0.10465625011440839,0.639872489095404
Col13a1,0.2578375554660999,0.10453608526824831,0.639872489095404
Idh2,0.25779209173124434,0.10460161689102189,0.639872489095404
Tmed3,0.25777063344877565,0.10463255742336362,0.639872489095404
Gpr153,-0.2575347948859961,0.10497305395175183,0.640192577115003
Cav3,-0.25746788971602114,0.10506979745756811,0.640192577115003
Ttc28,0.25760382984140767,0.1048732993461005,0.640192577115003
Esyt1,-0.25747145241875147,0.10506464421416188,0.640192577115003
Fuca2,0.25742421846743047,0.10513298046084008,0.640192577115003
1500002F19Rik,0.2574214419390336,0.10513699844872798,0.640192577115003
Ifi44l,0.2575670543416516,0.1049264307998852,0.640192577115003
Cdr2l,-0.2574610455324975,0.10507969769339323,0.640192577115003
Wbp11,0.2573369338855412,0.10525934619423626,0.640638623362215
Hnrnpr,0.25718522599832777,0.10547924542745686,0.6416777033020441
Gpn2,-0.25714145137563144,0.10554275893750856,0.6417648934648412
Araf,-0.2570601513827595,0.10566079319075226,0.6421833676507341
Pla2g2e,-0.25697516215307076,0.10578428705704676,0.6426161953964313
2700097O09Rik,-0.25694337633258013,0.10583050072089285,0.6426161953964313
Rap1b,0.25683735056226487,0.10598475948026177,0.6426563007590126
Slc9b2,-0.2568268760455227,0.10600000797956016,0.6426563007590126
Knop1,-0.2568694087678816,0.10593810006057922,0.6426563007590126
Chil3,0.25680345916098596,0.1060341034205038,0.6426563007590126
Usp7,-0.2564977796017103,0.10647991645883789,0.6426966927076869
Rbm39,0.25642071173179254,0.10659253119087152,0.6426966927076869
Nup37,-0.25648375140348917,0.10650040854513688,0.6426966927076869
Slc2a10,0.2567287976630958,0.10614286569136497,0.6426966927076869
Apoc2,-0.25655422936848227,0.10639748507046652,0.6426966927076869
Rps25,0.2562629735168999,0.10682329674885634,0.6426966927076869
Caml,0.25664064302007306,0.1062713891801151,0.6426966927076869
Sod1,-0.25632507422560097,0.10673240192755788,0.6426966927076869
Sstr1,0.25648123357936325,0.10650408683356982,0.6426966927076869
Erap1,0.25665095779480007,0.10625634505004146,0.6426966927076869
Tspan13,-0.2565474564246265,0.10640737286643644,0.6426966927076869
Bcl10,-0.25630160846135297,0.1067667413548549,0.6426966927076869
Nupl2,-0.25640655353173464,0.10661322921674961,0.6426966927076869
Hinfp,-0.25625920882189107,0.10682880883462127,0.6426966927076869
Aff4,0.2566279924013585,0.10628984227671928,0.6426966927076869
Mybph,-0.2563377304062574,0.10671388443216036,0.6426966927076869
Irg1,-0.2561839660563617,0.10693901937431399,0.642767049201024
Baz2a,-0.256202958875763,0.10691119211750237,0.642767049201024
Aqp2,0.256038351131355,0.1071525427803694,0.6431895092524123
Gmfb,0.2560351936238625,0.10715717626751046,0.6431895092524123
Wdr36,-0.256046794602252,0.1071401531222345,0.6431895092524123
Cttnbp2nl,0.255953782706515,0.10727669344933709,0.6436108380783446
Krt5,-0.2557814952451953,0.10752994580244331,0.6439459673134845
Nudt9,0.25580500919880195,0.10749535592314215,0.6439459673134845
Krtap4-16,-0.25580266589584033,0.10749880264143825,0.6439459673134845
Rin1,-0.25580640413285505,0.10749330418045368,0.6439459673134845
Rfx3,-0.2556261104113533,0.10775872735424434,0.6439994827584319
Clec4g,0.2555988847619353,0.10779884980496451,0.6439994827584319
Stab2,-0.25561722137645115,0.10777182592692297,0.6439994827584319
Cd81,-0.2555743632397672,0.10783499653821547,0.6439994827584319
Slc22a23,-0.2557269724952223,0.10761018209137223,0.6439994827584319
Pum2,-0.25567310721885195,0.10768949385480843,0.6439994827584319
Aspdh,0.2555171977995049,0.10791929751846235,0.6442081030733829
Tnfsf11,0.25543216855785383,0.10804477799809951,0.6443675996787936
Rdh5,0.25545111218609895,0.10801681301934092,0.6443675996787936
Svop,-0.2553203764948761,0.10820991563745404,0.6450576469406751
Tsga8,-0.25520296518181473,0.10838355264910739,0.6455177873397032
Cd82,0.2552012823944892,0.10838604276659436,0.6455177873397032
Gbp2,0.2550181507084962,0.1086572834018941,0.6456932537233924
Nxn,-0.2550143516254295,0.1086629155626155,0.6456932537233924
Naalad2,0.2550201085240977,0.10865438101326125,0.6456932537233924
Ppp2r2b,-0.2550194937411064,0.10865529240001862,0.6456932537233924
Tprgl,-0.2551070244733918,0.10852558846877612,0.6456932537233924
Purg,-0.25497519370019994,0.10872097983277693,0.6457442265989559
Cdh16,0.2549271214675316,0.10879229345678759,0.6458738113364973
Ilk,0.2545704099283534,0.10932253234800558,0.6460823028121037
Cadps,-0.2546689314416666,0.10917589529067567,0.6460823028121037
Taf4a,0.25470380773876783,0.1091240207109521,0.6460823028121037
Minos1,-0.25481984084036347,0.1089515641501396,0.6460823028121037
Cops3,-0.25476690760270393,0.10903021252413132,0.6460823028121037
Sit1,-0.2547512385872053,0.10905350155529223,0.6460823028121037
Rbm6,-0.25467593995404364,0.10916546946810068,0.6460823028121037
Lrrk2,-0.25478151015780054,0.10900851185753833,0.6460823028121037
Rpa3,-0.254632834288713,0.10922960473301468,0.6460823028121037
Dyrk3,0.2546007556292045,0.10927735120649801,0.6460823028121037
Hdac9,-0.2544281053061448,0.109534589120018,0.6470424868388931
Lamtor2,-0.25435953665321015,0.10963687465409751,0.6473536549146237
Ube2a,-0.25398479786563044,0.11019711462486433,0.6498448231796582
Fzr1,0.25397740766888555,0.11020818405215599,0.6498448231796582
Gpr12,0.25403029672545413,0.11012898191054536,0.6498448231796582
Traf3,-0.2535839732997135,0.11079866360262498,0.6516825362815308
Zfp955a,0.2537303706933546,0.11057867640035371,0.6516825362815308
Rab40c,0.25357012354198033,0.11081949176248884,0.6516825362815308
Twist1,-0.25363502593967563,0.11072191201777024,0.6516825362815308
Ccdc132,0.25363153779143827,0.110727154799417,0.6516825362815308
Pafah1b1,-0.25357069123294795,0.11081863797601174,0.6516825362815308
Ptdss2,-0.25318602719959427,0.11139825955280419,0.6539776460926627
Lhcgr,-0.25317808748926246,0.11141024655253193,0.6539776460926627
Fbxw2,-0.25322571714917,0.11133835164403676,0.6539776460926627
Mrpl43,-0.2531915996705427,0.11138984706106478,0.6539776460926627
Ampd3,0.2531435287220257,0.11146243270552414,0.6539897861395614
Mapt,-0.253092608532232,0.11153935822999787,0.6541470047385358
2310036O22Rik,0.2530426141471086,0.1116149227907374,0.6542961039965555
Cblc,-0.252963107528443,0.1117351708117721,0.6547068899518699
Pnp,0.2528945018451878,0.1118390078440561,0.6550211909143124
Igsf5,-0.25284861172800843,0.11190850334826771,0.6551341678741792
Wnk2,-0.2527855813427646,0.11200400719501626,0.6553992331335279
Hhat,-0.2526547916632604,0.1122023696534632,0.6562656753061593
Olig1,-0.2525586370960427,0.11234836589982779,0.6565310464070098
Ddx51,0.2525682266501569,0.11233379939366289,0.6565310464070098
Neurog3,0.25240519507181125,0.11258163114677404,0.6573054607759528
Per1,-0.2524367268733943,0.1125336671733248,0.6573054607759528
Cpeb2,0.2523533293043922,0.11266055812059518,0.6574721032717561
Amy1,0.2522986462829991,0.11274381590567792,0.6576638595231074
Camk1g,-0.25210658550006937,0.11303659371498183,0.6581484376475261
Atg2a,-0.2517990710444773,0.11350652158605178,0.6581484376475261
Inhbb,-0.2519000376227656,0.11335207310596548,0.6581484376475261
Tial1,-0.25192351540933966,0.11331618109195317,0.6581484376475261
Gpalpp1,0.25179098101996217,0.11351890351386722,0.6581484376475261
Il18,0.25191588411247495,0.11332784664238887,0.6581484376475261
Dock8,0.251715892582791,0.11363387462793134,0.6581484376475261
B3gntl1,0.2521397864991355,0.11298594251273397,0.6581484376475261
Abce1,-0.2519481834047817,0.11327847844259559,0.6581484376475261
Znhit1,0.2519854967119332,0.11322146601123736,0.6581484376475261
Vegfa,-0.2517168272585608,0.11363244298526931,0.6581484376475261
Hsf4,-0.25201032275638047,0.11318354492245511,0.6581484376475261
Magi3,-0.2517432017847277,0.11359205054070362,0.6581484376475261
Ttc39c,-0.2518472721206344,0.11343276934891097,0.6581484376475261
Hax1,-0.2520724251704755,0.11308872572099281,0.6581484376475261
Fam21,0.2520683415325737,0.11309495892337301,0.6581484376475261
1110008P14Rik,-0.25166266381620234,0.11371542677957729,0.6583285732239148
Id2,0.2514796914957324,0.1139960847489757,0.6584926559935298
Cluh,-0.2514999812311832,0.11396493786828975,0.6584926559935298
Got1,-0.25155860136542507,0.11387498457487218,0.6584926559935298
Tmem63a,0.25160680662950896,0.1138010517413527,0.6584926559935298
Ldb3,-0.25149257342972675,0.1139763089059618,0.6584926559935298
Il1r1,-0.25140667964749236,0.11410821686560578,0.6585573294468332
Rad51,0.25143060418664526,0.11407146455326327,0.6585573294468332
Zfp239,0.25130428719723824,0.11426560705649584,0.6589962301199517
Edaradd,-0.2512915033669365,0.11428526850804283,0.6589962301199517
Frmd6,-0.25005867174341123,0.1161929381253404,0.6590052432503773
Runx1t1,-0.2498312470346233,0.1165473630501898,0.6590052432503773
Ate1,-0.2496315941709955,0.11685915380223887,0.6590052432503773
Krt16,-0.24985824763232192,0.11650524357601366,0.6590052432503773
Gtf3c6,-0.2507226714639875,0.11516262117509059,0.6590052432503773
Alas2,0.24976863642227654,0.11664507475061865,0.6590052432503773
Srf,-0.24848448321567293,0.11866229285005797,0.6590052432503773
Zfp651,0.24861765115145532,0.11845193901011489,0.6590052432503773
Cxcl16,0.24907903295572897,0.1177252238022129,0.6590052432503773
Zfp37,0.25119360599396395,0.11443591563883745,0.6590052432503773
Fmn1,0.2489467445802295,0.11793325773533966,0.6590052432503773
Gm13889,-0.2484634915267592,0.11869547627468009,0.6590052432503773
Loxl3,0.25014311575445597,0.11606153769246962,0.6590052432503773
Tgfbi,0.24935967718870888,0.11728476972142053,0.6590052432503773
Frs3,-0.2503001429882217,0.11581747993486234,0.6590052432503773
Mogs,-0.2504342987507391,0.11560926534151979,0.6590052432503773
Gabrb3,-0.24953502203244926,0.11701018404993117,0.6590052432503773
Rhox9,-0.24882651210113108,0.11812256386253346,0.6590052432503773
Keap1,0.25003626810261553,0.11622781778562824,0.6590052432503773
Ccr6,-0.24974433002939075,0.11668302393618006,0.6590052432503773
Th,-0.2484492169001597,0.11871804528244571,0.6590052432503773
Met,-0.2509750970762809,0.11477268388770955,0.6590052432503773
Mettl17,0.2503490326762759,0.11574156985368694,0.6590052432503773
Tm2d3,-0.2491342982144471,0.11763839365288524,0.6590052432503773
Cidec,-0.24897416918546425,0.1178901084946972,0.6590052432503773
Phldb2,-0.24856887966983593,0.11852894771091635,0.6590052432503773
4933417A18Rik,-0.24992156629400702,0.11640651322064073,0.6590052432503773
Tnk2,0.24867883794563392,0.11835537818030133,0.6590052432503773
Dnm3,0.2503070758302867,0.11580671324422816,0.6590052432503773
Gng13,-0.2493637553924725,0.11727837805176056,0.6590052432503773
Dnm1l,0.25080287072383034,0.11503862826878462,0.6590052432503773
Gng12,0.24942291497014982,0.11718568709665356,0.6590052432503773
Utrn,-0.2488218141394695,0.11812996527475259,0.6590052432503773
Srp9,0.25084552283646294,0.11497272506124293,0.6590052432503773
Cdk5rap3,0.249834266191591,0.1165426527796359,0.6590052432503773
Tnnt3,-0.2497397754297074,0.11669013595706519,0.6590052432503773
Gstt2,0.2502997065057892,0.11581815781558195,0.6590052432503773
Gnb2l1,0.24874028409294174,0.1182584654706669,0.6590052432503773
Rab2a,-0.24931072093589418,0.11736151738937091,0.6590052432503773
Slco1c1,-0.25063518651146743,0.11529798893270331,0.6590052432503773
AI646383,-0.2508574499531476,0.1149543009848323,0.6590052432503773
Ercc4,0.24975391728077925,0.11666805444277317,0.6590052432503773
Tmbim1,0.24889131935607284,0.11802049744965266,0.6590052432503773
Enpp2,-0.2485224334607611,0.1186023185892847,0.6590052432503773
Pclo,-0.2500432337696344,0.11621697230103332,0.6590052432503773
Enthd2,-0.24861683932407408,0.1184532205643426,0.6590052432503773
Fam110c,0.2500002660257949,0.11628388442855164,0.6590052432503773
Zbtb48,-0.24996033205086246,0.11634609724868224,0.6590052432503773
Pdlim4,0.2486285853179842,0.11843467926619321,0.6590052432503773
Vav3,-0.24875390748960408,0.11823698647420716,0.6590052432503773
Ddx26b,-0.2500506208202089,0.1162054715286084,0.6590052432503773
Ptgr1,-0.24989563183076427,0.11644694448598862,0.6590052432503773
Vps33b,-0.2496813766998253,0.11678135362498394,0.6590052432503773
Atp5o,-0.24868387912503942,0.11834742507846635,0.6590052432503773
Lace1,-0.249076326249565,0.11772947764366026,0.6590052432503773
Spdl1,0.24840906698721205,0.11878154127710075,0.6590052432503773
Nkapl,0.24971571667738193,0.11672770898995016,0.6590052432503773
Chia1,-0.2490502967477984,0.1177703911249654,0.6590052432503773
Txndc9,0.2509826538514301,0.11476102529207316,0.6590052432503773
Jam2,-0.24945866866940902,0.11712969413395997,0.6590052432503773
Kctd20,-0.2491256138094763,0.11765203510133354,0.6590052432503773
Cox19,-0.25105398487525804,0.11465101817900406,0.6590052432503773
Mfap5,-0.24928371413973224,0.11740387095035267,0.6590052432503773
Mfsd3,0.2487112311833757,0.11830428047725541,0.6590052432503773
Mtmr10,0.24988774915330753,0.11645923542881347,0.6590052432503773
Thoc6,-0.2503994241579198,0.11566336579419113,0.6590052432503773
Ahcy,0.25023609044577927,0.11591698780213357,0.6590052432503773
Rpl12,0.24865970599762144,0.11838556478602284,0.6590052432503773
Klra17,0.24954396802091347,0.11699618736997328,0.6590052432503773
Trp53inp1,0.24902541509168394,0.11780951004422584,0.6590052432503773
Gipc2,0.2499373151553662,0.11638196606109978,0.6590052432503773
Hnrnpll,0.2502747794465681,0.11585687566245254,0.6590052432503773
Epha3,-0.24899605790135212,0.11785567750785096,0.6590052432503773
Spidr,0.25077717135294153,0.11507835048085534,0.6590052432503773
Wwp1,0.24976401727671213,0.11665228585982608,0.6590052432503773
Manbal,-0.2489724836804663,0.11789276009922166,0.6590052432503773
Ctsll3,-0.2492900991159957,0.11739385667476011,0.6590052432503773
Tmem82,-0.24843007547934323,0.11874831385112201,0.6590052432503773
Cpq,0.25023726966026166,0.11591515529031957,0.6590052432503773
Leng8,-0.2495120542119349,0.11704612451674258,0.6590052432503773
Oit3,0.24895103585778997,0.11792650518289127,0.6590052432503773
Mtor,0.24901885297067541,0.11781982857509937,0.6590052432503773
Cdc5l,0.2510573957456129,0.11464575983671534,0.6590052432503773
Jkamp,-0.25114888684026954,0.11450477871379088,0.6590052432503773
Ccdc25,-0.24873596893233096,0.1182652694531374,0.6590052432503773
Chml,0.25076664552087746,0.11509462260204179,0.6590052432503773
Ddb2,0.24950110336785195,0.11706326341772565,0.6590052432503773
Fam64a,0.24878653683763435,0.11818555370227007,0.6590052432503773
Fam134b,0.2511568378565516,0.11449253273284225,0.6590052432503773
Krcc1,0.24829692634911815,0.11895901893899924,0.6590520317258752
Mfn2,-0.24826839566555342,0.11900420321655432,0.6590520317258752
Cyb5r4,-0.24824421736796565,0.11904250431281231,0.6590520317258752
Cfc1,0.24833912383336962,0.11889221321604185,0.6590520317258752
Maged1,-0.24836432803675465,0.11885232368198999,0.6590520317258752
Dicer1,-0.2481054191074651,0.11926254882453204,0.659340766195316
Parp9,0.24809292791461224,0.11928236623255477,0.659340766195316
Apom,-0.24808385009137324,0.11929676978980314,0.659340766195316
Arpc5l,-0.24816270508220714,0.11917169455990315,0.659340766195316
Chmp6,0.24804842846156513,0.119352984454926,0.6593721821136026
Efcc1,0.24801332661746975,0.11940871053053828,0.6594008733444748
Rbbp9,0.24797477419902803,0.11946993628000502,0.659459897850163
Dohh,0.2479133292332409,0.11956756503802694,0.6597197277721834
Zfp422,-0.2477750681738204,0.11978745658374307,0.6601822791980746
Crlf1,0.24772503636041454,0.11986709966016287,0.6601822791980746
Pank1,-0.24781043027100094,0.1197311885781836,0.6601822791980746
Tada1,0.2477229324327106,0.11987044963400842,0.6601822791980746
Rsph1,0.24767053578940118,0.11995389991724949,0.6601822791980746
Hpd,-0.24766987464010787,0.11995495317485133,0.6601822791980746
Bbox1,0.24761156903016654,0.1200478644540159,0.6604150856915908
Vwf,0.24750449372857747,0.12021862689882487,0.661075795365683
Chd6,-0.2474384865678771,0.12032398185390757,0.6613764276375905
Gfm2,-0.24734148499881595,0.12047892857491604,0.661896815849393
Pkm,-0.24731572317602918,0.120520103797851,0.661896815849393
Timm8a2,-0.24716753436235422,0.12075715221131283,0.6622174735430548
Blvra,-0.24722145766894907,0.12067085547556454,0.6622174735430548
Edc4,-0.2471827284571581,0.12073283166685794,0.6622174735430548
Fabp6,-0.24712064229054845,0.12083223270028458,0.6622174735430548
Mkl2,0.24712826838005914,0.1208200200119512,0.6622174735430548
Krt1,0.2470548994753757,0.12093755257234579,0.6622384068470584
Dhx15,0.24708546303053974,0.12088858156079363,0.6622384068470584
Stx8,0.24692397135162175,0.12114749683926168,0.6631097677246333
Bach1,0.24663487731394365,0.12161199407898826,0.6635311265827508
Skiv2l2,0.24664775709641412,0.12159127235079008,0.6635311265827508
Plxnc1,0.24679741498424934,0.12135068120277422,0.6635311265827508
Smad4,0.246770049420833,0.12139464856769171,0.6635311265827508
Fam126b,0.24666053196826723,0.12157072192865902,0.6635311265827508
Plxnd1,-0.24662289701170093,0.12163127096221474,0.6635311265827508
Cipc,-0.24664894356568726,0.12158936361971535,0.6635311265827508
Ssbp3,-0.24667171076596558,0.1215527411055163,0.6635311265827508
Dis3,0.2465722620568251,0.12171276942449415,0.6636982566737251
Mpi,-0.24634844556327942,0.12207348128665226,0.6644276077802984
Zfp746,-0.24642570207460343,0.12194888438266872,0.6644276077802984
Mccc2,-0.24644529585249947,0.12191729875197091,0.6644276077802984
Gp1ba,-0.246331321143694,0.12210111146119668,0.6644276077802984
Rock1,0.2463543234481099,0.12206399838667148,0.6644276077802984
Fbxw4,-0.2461967053690697,0.12231847071448523,0.6645017465232159
Tnfrsf22,0.24616521725097024,0.12236935373555735,0.6645017465232159
Grik2,-0.24622720497386805,0.12226919964041326,0.6645017465232159
Fa2h,-0.24625341940778586,0.1222268625664961,0.6645017465232159
Sdccag8,0.24628406216146367,0.12217738704630035,0.6645017465232159
Klhl5,0.2461160755139471,0.12244879453881889,0.664656539075311
Zfp759,0.24580867702906523,0.12294656909543768,0.6660012554144289
Ccsap,-0.2458644806108095,0.1228560973043452,0.6660012554144289
Fgf7,-0.24581632424913974,0.12293416816613155,0.6660012554144289
Toe1,0.24583810774782813,0.12289884843004849,0.6660012554144289
Kti12,-0.24580549939141808,0.12295172230005053,0.6660012554144289
Ipo7,-0.24576478390763498,0.12301776477235093,0.6660824948192562
Zbtb20,-0.24560811454273943,0.12327212874660082,0.6669627905243373
C1qbp,-0.2455683180808046,0.12333680154285807,0.6669627905243373
Gabarapl1,-0.2455387956357071,0.123384793955533,0.6669627905243373
Zfp830,-0.24555194835556532,0.12336341090732249,0.6669627905243373
Gal,-0.24543905821163123,0.12354702918122136,0.6675632230996926
Enc1,-0.24536243999933405,0.12367176259510654,0.6679606084865667
Nrd1,-0.24530752418284535,0.12376122065161434,0.6681672189834156
Dmpk,-0.24524309315370507,0.12386623849484238,0.6681812923188087
Mlh3,0.24526541734373095,0.12382984443439704,0.6681812923188087
Parl,0.24519367978196854,0.1239468221780219,0.6683397035541354
Timp4,0.24506386071772415,0.12415871210621263,0.6689294113435048
Fscn1,-0.24507083870044338,0.12414731604795733,0.6689294113435048
Cep19,-0.2450266213718325,0.1242195421102102,0.6689809347899848
Zmiz2,0.24486621318463853,0.12448181241085517,0.669032194424086
Ddx59,0.2448657519651296,0.12448256708792385,0.669032194424086
Ina,-0.2448567682172118,0.12449726753242607,0.669032194424086
Fgb,-0.2448104893075426,0.12457301527150755,0.669032194424086
Hexdc,-0.24477005352834424,0.12463922635029145,0.669032194424086
Tmed5,0.24478385390393312,0.12461662624257529,0.669032194424086
Paqr7,-0.24479607907068,0.12459660823304412,0.669032194424086
Set,-0.24481828878771525,0.12456024702277332,0.669032194424086
Gigyf1,0.24472804549803384,0.12470803873992993,0.6691263147686455
Tmem41a,-0.24464619380353486,0.12484219672921958,0.669570828244795
Cmbl,0.24459778729743512,0.12492158570563801,0.6697213524539319
Mbd1,0.24452599778008802,0.12503939087606009,0.6700776228097364
Actn1,0.2444799380814479,0.125115016046246,0.6702076536894351
Pcgf6,-0.24440258153885802,0.12524210143857137,0.6706131233778899
Klk1b11,-0.2442808585166082,0.12544226257104313,0.6713893884756438
Tbce,-0.24425186241229138,0.12548997766051767,0.6713893884756438
Foxred1,0.2441861903717302,0.12559809383608556,0.6714172578726262
Scamp1,-0.2441885281493265,0.125594243991803,0.6714172578726262
Nppc,0.24409793584123715,0.1257434932405422,0.6719192642489088
Sox11,-0.2440610387564905,0.12580431711163934,0.6719691092876716
Hspa14,-0.24402545483426832,0.12586299632299003,0.6720074627736076
Riok2,-0.2438929884693845,0.1260816114250002,0.672693240835994
Dhdds,0.24385267525764145,0.12614819629156374,0.672693240835994
Birc6,-0.24384645979539007,0.12615846454934554,0.672693240835994
Lefty1,-0.24382274762826062,0.126197643770903,0.672693240835994
Olfm1,-0.24376967638292463,0.12628536423001632,0.6728859607339661
Wwc2,0.24373710938284615,0.12633921532113296,0.6728981309083526
Fhdc1,0.2436458211628838,0.1264902527971754,0.6729370341409219
Fasl,0.24364584070612869,0.12649022044874633,0.6729370341409219
Rbks,-0.24363918976891277,0.1265012295768014,0.6729370341409219
Rgs1,0.24354327500632886,0.12666007149389494,0.6732331050606253
Tbata,-0.24356496349682397,0.12662414121214258,0.6732331050606253
Dph6,-0.2434522684898983,0.12681091755152882,0.6737604491571253
Sec31a,-0.24301257465062434,0.12754154334726767,0.6742468340988493
Hars2,-0.24266280241262628,0.1281249054796451,0.6742468340988493
Fbxo36,0.24282551153495743,0.12785329573818993,0.6742468340988493
Nanos1,-0.24317588060363865,0.1272698306331491,0.6742468340988493
Tacc3,0.24269238643019828,0.12807549019236694,0.6742468340988493
St3gal2,-0.24301381419781062,0.12753947938768453,0.6742468340988493
Edil3,0.24265224032577334,0.12814255104338618,0.6742468340988493
Dach2,0.24272241620859658,0.12802534433413137,0.6742468340988493
Car12,-0.24271935212613882,0.1280304603106794,0.6742468340988493
Uck2,-0.24294786805279198,0.12764931908759747,0.6742468340988493
Clec16a,-0.24266254593124603,0.12812533394991324,0.6742468340988493
Ppfibp2,0.24324111285412126,0.12716141187648197,0.6742468340988493
Ngb,0.24292004648571028,0.12769567898438042,0.6742468340988493
Esm1,0.24279020964996528,0.12791218988136388,0.6742468340988493
Ctdp1,0.24293075436240116,0.12767783470236563,0.6742468340988493
Vps25,0.24281646213258193,0.12786839100137024,0.6742468340988493
Crybg3,0.24302729644295804,0.12751703176490942,0.6742468340988493
Atp6v1g2,-0.2430228981964751,0.12752435443038979,0.6742468340988493
Lgals6,-0.2432113897898891,0.12721080462905474,0.6742468340988493
Parm1,0.2433062505880826,0.1270532164686479,0.6742468340988493
Itgal,0.24315267150733352,0.12730842115098007,0.6742468340988493
Synpr,0.24288103338065015,0.1277607080426085,0.6742468340988493
Gcap8,0.24265983447953296,0.1281298636845276,0.6742468340988493
Traip,-0.2427397645237406,0.12799638131165175,0.6742468340988493
Slco1a5,-0.2422107131687037,0.1288817511664394,0.6751051496701199
Cnppd1,-0.24215990348164707,0.12896701212711986,0.6751051496701199
Brwd1,-0.24206078438910367,0.12913345494494746,0.6751051496701199
Sugp1,-0.2421516653440551,0.12898083990823772,0.6751051496701199
Sema7a,-0.24218998777753886,0.1289165244270204,0.6751051496701199
Cox5a,-0.242443522025144,0.12849160461660256,0.6751051496701199
Clec4d,0.2424141659889981,0.1285407533782983,0.6751051496701199
Lage3,-0.2422052344875732,0.128890942695736,0.6751051496701199
Myl2,0.24236346317044422,0.1286256733496767,0.6751051496701199
Fance,0.24208963629424102,0.1290849903392933,0.6751051496701199
Spib,-0.24210190570814732,0.12906438448411056,0.6751051496701199
Rere,-0.24248545411690378,0.12842142404404905,0.6751051496701199
Ubl7,0.24207703221672305,0.12910616070284622,0.6751051496701199
Rhbdd1,0.24212961790029167,0.12901785195602883,0.6751051496701199
Klhl22,-0.24223521971239229,0.12884064253785382,0.6751051496701199
Msl3,0.24250189485576873,0.12839391514982296,0.6751051496701199
Clybl,-0.24194822129474966,0.12932266004079276,0.6758235446024449
Ttc23,0.2416350117891527,0.12985017415942013,0.6758856051059787
Drc1,0.24138824867357794,0.13026686311913072,0.6758856051059787
Atf6,-0.24153515259196232,0.13001868304660094,0.6758856051059787
Slc24a3,-0.2414399240680875,0.1301795238178008,0.6758856051059787
Cd3e,0.24184153166458514,0.1295021760445109,0.6758856051059787
Hrh4,0.24148146849843002,0.13010933783580322,0.6758856051059787
Vill,-0.24157198389794685,0.12995651327371727,0.6758856051059787
Crebbp,-0.2418147020073459,0.12954734774451462,0.6758856051059787
Rlim,0.2416010593749978,0.12990745008594576,0.6758856051059787
9530002B09Rik,0.24155423282044297,0.12998647372206165,0.6758856051059787
Mmp17,-0.24184188778932966,0.12950157653176397,0.6758856051059787
Ifnb1,-0.24141584723721432,0.13022021211156365,0.6758856051059787
Stmn3,-0.24174220689203577,0.12966946052370878,0.6758856051059787
Atp5g1,-0.24152264830417988,0.13003979463219184,0.6758856051059787
D4Ertd117e,0.24142562034796358,0.1302036950847737,0.6758856051059787
Rev3l,0.24148155764376372,0.13010918726108617,0.6758856051059787
Gstt3,0.24167052570621164,0.12979028343773882,0.6758856051059787
Mcm5,-0.24181605350730928,0.12954507202398535,0.6758856051059787
Crtac1,0.24132589104824495,0.13037231293109872,0.6761638757702334
Prol1,0.24129434378948844,0.13042568419510345,0.6761719320865733
Rps6kb1,0.2412317522392928,0.1305316221578998,0.6764523977515625
Ccpg1,0.24118258197891834,0.13061488744424338,0.6766151910519778
Cd209g,-0.24108775256140327,0.1307755797528526,0.6771787857916561
Cux2,0.24094204935639638,0.13102275567960586,0.6781366011448132
Atp6v0d1,0.24091746857949542,0.13106448831996467,0.6781366011448132
Scaf11,0.2406247515561858,0.1315621880433579,0.6784193429703624
Slc9a3r2,-0.24055104937717425,0.1316877150230139,0.6784193429703624
Rhob,-0.24056451537189535,0.1316647738119701,0.6784193429703624
Dusp6,-0.24067485881035003,0.13147689604754537,0.6784193429703624
Clcn6,0.2405589764809271,0.13167420974334634,0.6784193429703624
Tfap2b,-0.24053440247918717,0.13171607930388193,0.6784193429703624
Fut2,-0.24064786196916935,0.13152284484196197,0.6784193429703624
Gps1,-0.24063411627280337,0.1315462445206577,0.6784193429703624
Gucd1,-0.24062553509628076,0.1315608540055638,0.6784193429703624
Ank3,-0.2405185958324978,0.13174301594657817,0.6784193429703624
Stmn2,-0.2406070450838826,0.13159233726825484,0.6784193429703624
Dfna5,0.24062048462991104,0.13156945298631093,0.6784193429703624
Timm17a,-0.2404850937279823,0.13180012105405015,0.6784456724395662
Tbr1,0.2403799397625571,0.1319794734776581,0.6791010052878392
Mrps14,-0.2403117769258083,0.13209582645568138,0.6793503636008673
Pfkfb2,0.24029056033459628,0.13213205784496906,0.6793503636008673
Prm3,0.24010968888508336,0.1324412191942951,0.6804213937685684
Polr1e,-0.24010767884171674,0.13244465784137968,0.6804213937685684
Zfp334,0.24002797193019254,0.1325810665523858,0.6808541272892886
Tacc2,0.23992691896141083,0.13275415087018494,0.6813272455709135
Pebp1,-0.239913223090411,0.13277762169414,0.6813272455709135
Fig4,0.23987857202304413,0.13283701701043385,0.6813640860727797
Srrd,-0.23972651253357738,0.13309788646944834,0.6824339176973797
Kif1c,0.23967559481238848,0.13318532143700693,0.6826140060610776
G6pdx,0.23962754351823995,0.13326787188004774,0.6827689282146615
Tac1,-0.2394896243194602,0.13350501537173282,0.6830122862406826
Atp11a,0.23947816021010151,0.13352474076174276,0.6830122862406826
Cand1,0.2395170319306532,0.1334578656948203,0.6830122862406826
Acvr2b,0.2395155950306303,0.13346033731733328,0.6830122862406826
Khk,0.2394258919625382,0.13361470101428405,0.6830156378782161
N6amt2,-0.23941695863326778,0.13363008073439234,0.6830156378782161
Litaf,0.23932644594949767,0.13378597973336126,0.6830415890616599
Meg3,-0.23932284128310635,0.13379219109829127,0.6830415890616599
Use1,0.23934424354768424,0.13375531490073,0.6830415890616599
Nhsl2,-0.2391935306633328,0.13401514840986817,0.6831471661846817
Mtf1,0.23920299208190798,0.13399882604303978,0.6831471661846817
Bin1,-0.23918939641709888,0.13402228105086866,0.6831471661846817
Net1,0.23921848439400312,0.13397210254634342,0.6831471661846817
Phf20l1,0.23907794259894877,0.13421466983884645,0.6837123850287292
Clcn4-2,-0.23895925304007448,0.13441976556053975,0.6837123850287292
Alk,-0.2389680632126831,0.13440453388527301,0.6837123850287292
Med12l,0.23894318847348764,0.13444754233916156,0.6837123850287292
Saa4,-0.23895101736619317,0.1344340051147076,0.6837123850287292
Stt3b,0.23903842492894498,0.13428293159268823,0.6837123850287292
Nol3,-0.2388455026915894,0.13461653624621106,0.6840386220704081
Vegfb,-0.23885239753550272,0.13460460337064806,0.6840386220704081
Masp2,-0.23873716146058296,0.13480414111464906,0.6846677188535706
Usp45,0.2387134192126609,0.13484527837027177,0.6846677188535706
Tbk1,0.2386480023658068,0.13495866991410047,0.6849769287083224
Pla2g12b,0.2386149594636202,0.135015971322856,0.6850013257355941
Cyp11a1,-0.23854433172472697,0.1351385087609694,0.6850902878095919
Hoxd9,0.23855890061776205,0.13511322558555608,0.6850902878095919
Mlycd,0.2384597849206237,0.13528529978187157,0.6853019708282772
Syngr2,0.23847069992291967,0.13526634265106954,0.6853019708282772
Esyt3,0.2384112207321017,0.13536966884403873,0.6854632552370435
Pik3cg,0.2383340967464913,0.13550373109122812,0.6856099988404171
Tm9sf4,-0.2383478693468635,0.1354797836607515,0.6856099988404171
Rbbp8,-0.23815233984809173,0.13582004806643358,0.6864120089925995
Inpp5d,0.23817270806520005,0.13578457447270842,0.6864120089925995
Sfr1,0.2381763112859857,0.1357782997370353,0.6864120089925995
Cdc42ep5,0.23804771673855057,0.13600236541810398,0.6868014188625537
Rhbdd2,0.23807285079582355,0.13595855062388057,0.6868014188625537
Sf1,-0.23798993173654082,0.1361031369561924,0.6870444232655143
2310057N15Rik,-0.23784754860734353,0.1363516667403523,0.688032830353773
Gnl1,-0.23777803640212583,0.13647311775560023,0.6883794795488316
Flot2,0.23769101661852032,0.1366252664861629,0.6888806423407805
Hectd1,-0.2376100495962934,0.13676694086325578,0.6893286254633544
Ap2s1,0.23757797867336558,0.13682308681709004,0.6893453513035552
Misp,0.2374929966504858,0.13697194263767618,0.6895628393051838
Dusp11,-0.23750777073285154,0.1369460558456607,0.6895628393051838
Aatf,0.23742609255360536,0.13708921402740007,0.6898870628012123
Pdxk,-0.2373951378482411,0.13714349650283586,0.6898941734254068
Rasa3,-0.23730901141953983,0.13729460921208822,0.6902698490158918
Tubg2,0.23728315664000346,0.1373399957245111,0.6902698490158918
Sos2,0.23726215447421406,0.13737687162957093,0.6902698490158918
Cct4,0.2371968218772564,0.13749162862718303,0.6903148372282075
Arpc2,-0.23720045984701443,0.1374852367229725,0.6903148372282075
Lrrc41,-0.2370973317279621,0.13766651461695523,0.6906748988160797
Mpp2,0.23709580383748952,0.13766920161089916,0.6906748988160797
Sec24d,0.23705495163117343,0.1377410593712806,0.6907698246486704
Vmp1,-0.23697865492182107,0.1378753344065409,0.6911775792051296
Ssr3,0.23689784002386644,0.13801766261857173,0.6916253761558152
Foxo1,0.23656248942222838,0.13860938705054185,0.6922006680317904
Slc35a1,-0.23667136106645464,0.13841708610277323,0.6922006680317904
Il7,0.2366177768948354,0.1385117085627863,0.6922006680317904
Arhgap1,-0.2366246882552739,0.1384995014429736,0.6922006680317904
G3bp2,-0.23656220954577184,0.13860988164357946,0.6922006680317904
Paxbp1,-0.23671805920822803,0.138334660961051,0.6922006680317904
Ftmt,0.23664288225343946,0.13846737013896532,0.6922006680317904
Tead4,-0.23669473251072812,0.13837582967475426,0.6922006680317904
Cst9,0.23659342807680703,0.13855472051254708,0.6922006680317904
B3gnt9,0.23640752525170255,0.13888342929720146,0.6933014035574528
Atg9b,-0.23635064495085914,0.138984114354109,0.6933173838619016
Clip1,-0.23634568632641548,0.1389928941821392,0.6933173838619016
Zzz3,0.2362022268469578,0.13924707686942123,0.6934468873066656
Fdps,0.2360424093516206,0.13953063178061506,0.6934468873066656
Jrk,0.23615083274713164,0.1393382177113711,0.6934468873066656
Gabarap,0.23612322217447307,0.13938719902707689,0.6934468873066656
Slc22a17,-0.23601766967513269,0.13957456260919796,0.6934468873066656
Gnmt,-0.23606239599556275,0.13949514820219924,0.6934468873066656
Grid2ip,-0.23626786333192065,0.13913074062519037,0.6934468873066656
Panx1,0.23613468779577204,0.13936685746269328,0.6934468873066656
Nt5c2,0.23600142398404786,0.13960341581382563,0.6934468873066656
Clec4a2,0.23603915214007426,0.1395364151263146,0.6934468873066656
Nfkb2,-0.23616091623837104,0.13932033259029675,0.6934468873066656
Il12rb1,-0.23590159193705876,0.13978081586985575,0.6940638760600257
Zfp503,0.23581548950036746,0.1399339472275265,0.6942958469095032
Ndufs3,-0.2358437630691764,0.13988365014715937,0.6942958469095032
Lrrfip1,0.2357845860397959,0.13998893743344193,0.6943046919684468
Lpgat1,-0.2355986374922555,0.14032014197218176,0.6954187362685149
Pnrc1,0.2356280331781337,0.1402677464819263,0.6954187362685149
Uqcc1,0.23549668466176632,0.14050197256201227,0.6957656297640553
Crtam,-0.23441960163266434,0.14243315613145086,0.6957656297640553
Denr,-0.2352682909008114,0.1409099148772079,0.6957656297640553
Rnh1,0.23445230701140513,0.14237424063925327,0.6957656297640553
Dnase2a,0.23437707200761188,0.14250979487584917,0.6957656297640553
Cpt1a,0.23434592015959751,0.14256594931415867,0.6957656297640553
Trim47,0.23497999269713757,0.1414260543232741,0.6957656297640553
Jade1,0.23500679990684958,0.14137800496516764,0.6957656297640553
C78893,-0.23447068719374078,0.14234113815017554,0.6957656297640553
Dvl3,-0.23529310333951267,0.14086555582266713,0.6957656297640553
Cacna2d2,-0.23462879664214387,0.14205661025667318,0.6957656297640553
Zfp108,0.2351058891966145,0.1412004974432141,0.6957656297640553
Rrn3,0.23542748035759442,0.140625492187859,0.6957656297640553
Nrros,0.23525628533904724,0.14093138167837482,0.6957656297640553
Trip4,0.23544330900773813,0.14059723354884449,0.6957656297640553
Zfp109,0.23500902356797665,0.14137401978575945,0.6957656297640553
Ran,0.23481527496282265,0.14172154946191218,0.6957656297640553
Sval1,-0.23446049504690739,0.14235949341096582,0.6957656297640553
Ccdc127,0.23497001424441766,0.1414439427039,0.6957656297640553
Csl,-0.2347044618270791,0.14192058879423403,0.6957656297640553
Trip10,-0.23433505956653325,0.14258553034682328,0.6957656297640553
Farp1,0.23509679125903504,0.14121678879586028,0.6957656297640553
Ckap4,-0.23550201154488137,0.14049246804444157,0.6957656297640553
Grik3,-0.2349648476559093,0.14145320548230025,0.6957656297640553
Rprm,0.23492307592519784,0.14152811060702386,0.6957656297640553
Fzd5,0.23437205263513558,0.14251884175573126,0.6957656297640553
Rfx2,-0.23486426738521415,0.14163361385585105,0.6957656297640553
Nipal2,0.23490357630757383,0.14156308698138628,0.6957656297640553
Gm13139,-0.2343231122200381,0.14260707293614888,0.6957656297640553
Csf2,-0.2345625246170616,0.14217582179143326,0.6957656297640553
Zc3h3,0.23460456741003374,0.14210018609361658,0.6957656297640553
H2-M3,0.2343106453646002,0.14262955472594435,0.6957656297640553
Eif3c,0.23483352140750025,0.14168879472600734,0.6957656297640553
Prkg2,0.23528133751503047,0.14088658923199476,0.6957656297640553
Nfic,-0.23481981015307113,0.1417134077053394,0.6957656297640553
Ube2v1,-0.23463353159022987,0.14204809564498172,0.6957656297640553
Atp1b2,-0.23494542518114464,0.14148803039089025,0.6957656297640553
Socs6,0.2344512740158827,0.14237610121383726,0.6957656297640553
Shroom3,0.2345268426223689,0.14224003669696378,0.6957656297640553
Pim3,0.23479250911846716,0.14176242463813016,0.6957656297640553
Cd248,-0.2349910345908934,0.14140626138210113,0.6957656297640553
Sfn,-0.2344822038773122,0.14232039952137995,0.6957656297640553
Mtmr4,-0.23415782164274834,0.14290534970848628,0.6960124484733436
F13b,-0.23420991177267467,0.14281130227435412,0.6960124484733436
Ccdc64,0.23418029193722983,0.14286477476943116,0.6960124484733436
Zranb2,-0.23413273894396916,0.1429506515486565,0.6960124484733436
Tmem39a,-0.23410609361339546,0.14299878680260766,0.6960124484733436
Cbr4,0.23410532141869284,0.14300018195701084,0.6960124484733436
Ret,0.23398457008208173,0.14321846681775643,0.69681497893546
Camta2,-0.23391879308993133,0.1433374726044037,0.697134058894843
Calhm2,0.23383336758405032,0.1434921316301816,0.6973924478305881
Ercc6l,0.23383041011191452,0.14349748811595747,0.6973924478305881
Arpc5,0.2337951220662367,0.14356141170340364,0.697443358643974
Scoc,0.23372216111527058,0.14369364295273993,0.6977537459174339
Phf2,-0.23370087054340344,0.14373224530815099,0.6977537459174339
Elp2,-0.23353471857550487,0.14403375100426616,0.6982383845439102
Zbtb7b,0.23359858825858787,0.14391779771420463,0.6982383845439102
Gucy2e,0.23357568893068276,0.14395936308174126,0.6982383845439102
Gm17066,-0.23352791134535,0.14404611320347968,0.6982383845439102
Lsm14b,-0.23349407345412526,0.14410757529906057,0.6982769216774755
Hsf2,0.2331111106486515,0.14480447137230093,0.6983417749273336
Ctns,-0.23331067724981483,0.14444101344926644,0.6983417749273336
Cyb561,-0.2332350161636197,0.14457873409824384,0.6983417749273336
Zic1,-0.23321940134088573,0.14460716824369677,0.6983417749273336
Apln,0.2334192712169905,0.14424350963319524,0.6983417749273336
Fkbp1a,-0.2331449441629346,0.14474280705096032,0.6983417749273336
Tpr,-0.2332516218048647,0.14454850004139075,0.6983417749273336
Trak1,-0.2331148076700943,0.14479773234687995,0.6983417749273336
Mboat7,-0.23340370974863217,0.1442718001050453,0.6983417749273336
Fam83f,-0.23337948061825564,0.14431585604876895,0.6983417749273336
Sh2d2a,-0.23310441392373712,0.14481667889902405,0.6983417749273336
Zscan12,0.23316852095815008,0.14469984741621666,0.6983417749273336
Ywhag,-0.23315115924771815,0.14473148157540688,0.6983417749273336
Slc22a30,-0.23305074886136914,0.14491453177138985,0.69855549504428
Clpx,0.23287600537181138,0.14523348311524514,0.6986365155803673
AU021092,0.2328404979073457,0.14529835391020254,0.6986365155803673
Xpo1,-0.23285334630873544,0.14527487800154013,0.6986365155803673
Hepacam2,0.23292062492060744,0.14515199392948738,0.6986365155803673
Ptprn2,-0.2329122434587342,0.1451672986208723,0.6986365155803673
Dlx1,-0.23294126254911313,0.14511431413431716,0.6986365155803673
Anxa5,0.2328362502109015,0.145306115662895,0.6986365155803673
Hmx3,0.2327478335305319,0.1454677447229301,0.6991560224270772
Serpinc1,-0.2326611454879524,0.14562633713246734,0.6992217653199194
Arrdc4,0.232697547338998,0.14555972647953613,0.6992217653199194
Abcg8,0.23262891234704108,0.14568533757330848,0.6992217653199194
Tuba1a,-0.23262321900154329,0.14569576058739067,0.6992217653199194
Ccdc28a,-0.23255917993636738,0.14581303553758007,0.6995273164448097
Cmip,-0.2324444898576844,0.14602323457038177,0.7000210095183365
Ccdc58,0.23245769197175334,0.14599902740548376,0.7000210095183365
Gypa,-0.23230308400170108,0.14628269176650285,0.7008521641172551
Hist1h1c,0.232232976195794,0.14641144910595735,0.7008521641172551
Cdk5rap1,0.23224591305244202,0.14638768374397793,0.7008521641172551
Tbcb,0.23224773390793194,0.14638433900107312,0.7008521641172551
Lrrc8c,0.23216242998121966,0.14654109239998314,0.7012155169517345
Gtf2b,-0.23206594752028797,0.14671853017110073,0.7018072214819258
D2Wsu81e,-0.2320359277602667,0.14677376947569543,0.7018141875735983
Preb,-0.23194807541934243,0.14693551078233363,0.7020730429141969
Fntb,-0.23195018497841155,0.14693162548645122,0.7020730429141969
Dmtf1,-0.23166948863328451,0.14744923757428427,0.7021118994050648
Uggt2,-0.2317537590576077,0.1472937055184691,0.7021118994050648
Tjp1,0.23185877796691776,0.147100041551945,0.7021118994050648
Uchl4,-0.23186624580279153,0.14708627706500077,0.7021118994050648
Mlxipl,0.23171963935123974,0.14735666392787988,0.7021118994050648
Nhp2,-0.23178376639791845,0.14723835102857433,0.7021118994050648
Fgfr3,0.2316388771975473,0.14750576365820214,0.7021118994050648
Zcchc9,-0.23170244712461657,0.14738839458631317,0.7021118994050648
Clu,-0.2316433938529533,0.14749742238729902,0.7021118994050648
Emc3,0.23162277326519815,0.14753550679505614,0.7021118994050648
Ppp2r2a,-0.23164825231014602,0.14748845025516408,0.7021118994050648
Asxl1,-0.23156897021251474,0.14763490896391607,0.7021987555870236
Gm10817,-0.23155464507708787,0.14766138288993738,0.7021987555870236
Tmem175,0.23129236216128518,0.14814669369318725,0.7042499839717306
Gm561,-0.23104917000867126,0.14859768438150628,0.7059948348782137
Rpia,-0.23103610036636568,0.14862194891642677,0.7059948348782137
Fads3,-0.23099894788791597,0.14869093986366744,0.7060655292143364
Pvrl1,-0.23096891089177946,0.1487467340939414,0.7060735297169303
Lztfl1,-0.23073248269798585,0.14918641881698483,0.70701202449647
Saa2,-0.23065825147894747,0.14932465507721096,0.70701202449647
Tmem121,-0.23005393673454064,0.15045339256014445,0.70701202449647
Wbp1l,0.2305489146514394,0.14952843068778127,0.70701202449647
Pmaip1,0.23006742836696412,0.15042812757707744,0.70701202449647
Nras,0.22996283834771009,0.1506240653000373,0.70701202449647
Cltc,-0.2304194979557342,0.14976988305009567,0.70701202449647
Zfp28,-0.23051628933679558,0.14958927377756628,0.70701202449647
Apc,0.23037776259647233,0.1498478071128756,0.70701202449647
Ubl3,-0.23075572783174597,0.1491431493722133,0.70701202449647
Ppm1g,-0.23079499451121446,0.14907007685407878,0.70701202449647
Atp6v0e2,0.23018803101626875,0.1502024147700203,0.70701202449647
Zfhx4,0.23045446956145602,0.14970460956712064,0.70701202449647
Crabp2,-0.23010266614289265,0.15036215396147032,0.70701202449647
Lincpint,-0.23022432128044554,0.15013454274425445,0.70701202449647
Vma21,0.23054209102805817,0.1495411546504246,0.70701202449647
Tnfsf13b,0.23006211857486103,0.15043807055469643,0.70701202449647
Ranbp10,-0.22997740009474074,0.1505967747361228,0.70701202449647
Rtbdn,-0.23080376023628907,0.14905376790407293,0.70701202449647
Cep290,0.23042985734178756,0.1497505454689323,0.70701202449647
Nelfcd,-0.23060641683752806,0.14942123705648166,0.70701202449647
Ccm2l,-0.23010120092227287,0.15036489680196316,0.70701202449647
Diap1,0.23000000275251747,0.1505544213769334,0.70701202449647
St6galnac5,0.23046363030545658,0.1496875146176213,0.70701202449647
Cd2,-0.23021472076017876,0.15015249605841183,0.70701202449647
Zfp106,-0.2301422231201596,0.15028811802716144,0.70701202449647
Parp4,-0.23015138531005702,0.15027097347974877,0.70701202449647
AI837181,0.2307116223425534,0.14922525666802108,0.70701202449647
Cytip,0.23035723748009324,0.1498861400164247,0.70701202449647
Cfl1,-0.2303145323453414,0.14996591866422437,0.70701202449647
Gdap1l1,-0.23003231206389016,0.1504938940332876,0.70701202449647
Oser1,0.22880906632604409,0.1527974568821152,0.7078629518159552
Maml2,-0.2288235254804442,0.1527700842462805,0.7078629518159552
Slc6a3,-0.2287493282215314,0.15291058364856985,0.7078629518159552
Ly9,-0.22911059720397042,0.15222734141150646,0.7078629518159552
Ugt3a2,0.22912294920567683,0.15220401894797428,0.7078629518159552
Nsun2,0.22923893331459802,0.15198514573947416,0.7078629518159552
Ddrgk1,0.2293380500032512,0.1517982783714221,0.7078629518159552
Mapk3,0.22961002831100388,0.15128634017744053,0.7078629518159552
Cyb5rl,-0.2286705896876804,0.15305978160088138,0.7078629518159552
Ndufs1,-0.22900793036049283,0.1524212892676533,0.7078629518159552
D7Ertd1e,-0.22904986588297924,0.15234204794016945,0.7078629518159552
Uba7,0.22899222944648492,0.15245096515131215,0.7078629518159552
Galnt11,-0.22918182365989914,0.15209288950530553,0.7078629518159552
Lysmd1,-0.2294566811583927,0.1515748322788897,0.7078629518159552
Ocstamp,-0.22868563889524562,0.1530312576648698,0.7078629518159552
1110006O24Rik,-0.2291693806473219,0.15211637176393156,0.7078629518159552
Lhx9,0.2285292018585978,0.15332794729704333,0.7078629518159552
Meig1,0.22911890249998937,0.15221165946904774,0.7078629518159552
Ndufa7,0.2292718891836773,0.15192299521605238,0.7078629518159552
Btbd10,-0.2285661557672441,0.15325782620414138,0.7078629518159552
Gli2,0.22969143010040302,0.15113335595055488,0.7078629518159552
Prpf6,-0.2294027550657357,0.15167637534564074,0.7078629518159552
Sbk1,-0.22888837513599447,0.15264735968150275,0.7078629518159552
Mitf,0.22957363533999747,0.15135477132050026,0.7078629518159552
Clca4,-0.22935118626123005,0.15177352435735286,0.7078629518159552
Tnfrsf11b,0.22904491408513536,0.1523514033455695,0.7078629518159552
Akap7,0.22851498173997445,0.1533549363770178,0.7078629518159552
Rrp7a,0.2286359884344895,0.15312537821260244,0.7078629518159552
Ifitm6,0.22855656589363477,0.15327602109842015,0.7078629518159552
Chn2,-0.22871770630612362,0.1529704902537733,0.7078629518159552
Mettl6,0.22872811085180814,0.15295077738925247,0.7078629518159552
Pnpla8,0.22913547466867282,0.15218037152741523,0.7078629518159552
Ccdc71,0.22878688755620824,0.1528394502218961,0.7078629518159552
Ccl2,-0.22915091883667268,0.15215121729885617,0.7078629518159552
Gga2,-0.22899464145510096,0.15244640601352025,0.7078629518159552
Mrgprf,-0.22920742325351107,0.15204458636570825,0.7078629518159552
Krtap21-1,0.22972201771506984,0.15107589858842307,0.7078629518159552
Msl3l2,0.22971152420072027,0.1510956084182752,0.7078629518159552
Psmd7,-0.22959339886543884,0.15131760648134326,0.7078629518159552
Ankmy2,-0.22877808250411605,0.1528561239777755,0.7078629518159552
Mrps9,-0.22983512383253035,0.15086356766059933,0.7078629518159552
Kcnj10,-0.2293990963602599,0.1516832664360772,0.7078629518159552
Tll2,-0.22855855688797147,0.15327224345450177,0.7078629518159552
Moxd1,0.22928425607478037,0.15189967746313762,0.7078629518159552
Ndufa12,-0.22880432750997787,0.15280642868776442,0.7078629518159552
Hoxa3,0.22946632510473375,0.15155667772590797,0.7078629518159552
Pf4,0.2286640530346318,0.15307217219178904,0.7078629518159552
Golga7,-0.22831637039800579,0.15373223950037937,0.7081983785200995
Oas3,-0.2280526207875558,0.15423429251160903,0.7081983785200995
Snx19,-0.22803255908847186,0.1542725273948157,0.7081983785200995
Aebp2,-0.2284351240379032,0.15350656429255566,0.7081983785200995
Bik,0.22814926576802044,0.15405019340347434,0.7081983785200995
Wipi2,-0.22811681086141883,0.15411199958114843,0.7081983785200995
Cryba1,-0.22808350131489963,0.15417545139797606,0.7081983785200995
D030029J20Rik,0.2283294144795709,0.1537074396137267,0.7081983785200995
Bcl2l2,-0.22803006987898966,0.15427727195480812,0.7081983785200995
Mxd1,0.22821813748789813,0.15391909372241905,0.7081983785200995
Trmt5,-0.22829547708696654,0.15377196848121394,0.7081983785200995
H1f0,-0.2281867708699072,0.15397879144411097,0.7081983785200995
Zmat2,-0.22802026548721502,0.15429596062017342,0.7081983785200995
Rpl19,0.22803589181301656,0.15426617521242822,0.7081983785200995
Tiparp,-0.22815210886158516,0.15404477992758167,0.7081983785200995
Il18rap,0.2282274983995977,0.15390128095119252,0.7081983785200995
Zc3h18,0.22798874372250105,0.15435605666901858,0.7082250996744105
Dmxl1,0.22791349825633378,0.15449957804965023,0.7084653313854783
Hcn1,-0.22790436759904606,0.15451700000943147,0.7084653313854783
Itm2c,0.22782684450117496,0.15466497524304784,0.7086458082677427
Myd88,0.2278305526192377,0.15465789496618737,0.7086458082677427
Slc22a3,-0.22771148366697944,0.1548853586423841,0.7086801180684716
Il18bp,-0.22773073485407197,0.15484856620255788,0.7086801180684716
Tfpi2,0.22773714758260913,0.1548363116993125,0.7086801180684716
Hmgb2,0.22770921225963148,0.1548897001096851,0.7086801180684716
Ppp1r1b,0.2275609560305232,0.15517325503830745,0.7097286382737028
Mrps30,0.2274693959085405,0.15534855459154567,0.7097840647286693
Cmpk1,-0.22749547950957863,0.15529860121389127,0.7097840647286693
Uba3,0.22751956162687784,0.15525249092502613,0.7097840647286693
Mapk8,0.2274030371820903,0.1554756906626695,0.7101163064253323
Srgap2,0.22733307689423543,0.1556098058628833,0.7104801807924298
Gtf2a1,0.2272940693814081,0.1556846191914443,0.7105731360018037
Hspe1,-0.22719302273645792,0.15587853585082012,0.7112094455655076
B930003M22Rik,0.22713464458100874,0.15599064531420906,0.711472188292595
Kdelr2,-0.2270710278983475,0.15611287913790617,0.7117809084103905
Decr1,0.22697283166726595,0.15630168615440201,0.7123928405968536
C79242,-0.22690493508758958,0.15643232791015316,0.7127393320180128
Cyp2d13,0.22683930849277645,0.15655867456201386,0.7128172171527282
Tsx,-0.2268519681564571,0.1565342961684752,0.7128172171527282
Hhatl,0.22669968677965652,0.15682771687002162,0.7129574440707208
Csf3,-0.22662701337796762,0.15696788193847236,0.7129574440707208
Tmem143,-0.2267656836636194,0.1567005047056362,0.7129574440707208
Dynll2,-0.22661375759487337,0.1569934577953605,0.7129574440707208
Defb11,0.22666301189615812,0.15689844070378647,0.7129574440707208
Ranbp1,-0.22656829002685092,0.15708120558688962,0.7129574440707208
Zfp930,-0.2267369202363243,0.1567559387108344,0.7129574440707208
Rpl37a,0.22659329131924097,0.15703295138418003,0.7129574440707208
Nos1,0.2266832283208371,0.15685945259662817,0.7129574440707208
Uri1,0.22633283765800002,0.15753615376591415,0.713257695813816
Tmem2,-0.2262795230846251,0.15763929762641163,0.713257695813816
Nfatc2ip,-0.22638679358216784,0.1574318171973061,0.713257695813816
Grhl1,0.2262832816932354,0.15763202457034478,0.713257695813816
Atp8b2,0.22645629820446755,0.15729748478590563,0.713257695813816
Rabggtb,-0.2263226657405628,0.15755582899632115,0.713257695813816
Cemip,-0.22648760894441985,0.15723699635152133,0.713257695813816
Lce1d,0.22644028687560652,0.15732842296102312,0.713257695813816
Aftph,-0.22636755589180604,0.157469012285321,0.713257695813816
Sec61b,0.2262496092564633,0.15769719043184466,0.7132723181785584
Nif3l1,0.22621421457077404,0.15776570964827544,0.7133349775468976
Zbtb17,-0.22598310679406022,0.15821361413793517,0.715112383403504
Ndel1,0.22586339523982707,0.15844597337829472,0.7151829374000473
Timeless,0.22581271144341172,0.15854442207556577,0.7151829374000473
Tmem159,0.22585348195878824,0.15846522566970517,0.7151829374000473
Serpine2,-0.2257492843742813,0.15866768363653436,0.7151829374000473
Rrp12,-0.2258729333235374,0.15842745128963945,0.7151829374000473
Luc7l2,-0.22576849882058245,0.15863033600331605,0.7151829374000473
Tmem63b,-0.22577116511513637,0.15862515394065185,0.7151829374000473
Trip12,0.22579670635425306,0.15857551939428938,0.7151829374000473
Pgls,0.22564596899112443,0.15886860584536114,0.7153472869827873
Ccdc53,0.22566054536857838,0.15884024772513566,0.7153472869827873
Oas1h,-0.22564656003313927,0.1588674559133329,0.7153472869827873
Otud7b,0.22559485445564267,0.15896807634227217,0.7154069768859398
Serpinb6a,0.2255546550985366,0.15904633611358046,0.7154069768859398
Rufy1,0.22557418042804964,0.15900832100543244,0.7154069768859398
Ube2d2a,0.22551607682202712,0.15912146527980164,0.7154982772005967
Arhgef18,-0.22539583506266356,0.15935578880427703,0.7163050940775098
Thrb,-0.2253647889187272,0.15941632971420047,0.7163304705373973
Pah,0.22529966825029157,0.15954336913547792,0.7166080189970311
Abat,-0.2252768346543804,0.15958793035522814,0.7166080189970311
Ranbp3,0.22507541218275762,0.15998139560946953,0.7166485517706721
Insm1,0.2250799538979377,0.15997251622056385,0.7166485517706721
Gjc1,-0.22514770777908233,0.15984009321136103,0.7166485517706721
1110059E24Rik,0.22519036569901818,0.15975675879729634,0.7166485517706721
Cd28,0.2250817314438352,0.15996904108058932,0.7166485517706721
Pdcl3,0.2251714694775872,0.15979366978344994,0.7166485517706721
Zfp94,-0.2251379982541282,0.15985906549997056,0.7166485517706721
Acyp2,-0.22502345688756184,0.16008299652687763,0.7168575915165498
Slc6a4,0.22488089405190584,0.16036201583562232,0.7178607014199093
Gngt1,-0.2247716108053434,0.16057613102571663,0.7184577249787357
Dennd5a,-0.22475662840972863,0.1606055010930318,0.7184577249787357
Camkv,0.2246926925720894,0.160730876957565,0.7187721773198306
Deaf1,0.224647135181936,0.16082025498967042,0.718925490702367
Cyp19a1,-0.22451504934490973,0.16107958717096232,0.7197489226281049
H2-Ab1,0.22449714227460024,0.16111476764477695,0.7197489226281049
Sostdc1,0.22445024908464278,0.16120692002468634,0.7199141339500794
Folr2,0.22425710346967917,0.16158686842158584,0.7200125429483476
Mdm4,0.2242146945240087,0.16167037710465618,0.7200125429483476
Lgals12,0.22425307979070214,0.16159479027333867,0.7200125429483476
Asah2,-0.22422501382994234,0.16165005429240106,0.7200125429483476
Gadd45g,0.22426744850568325,0.16156650227338284,0.7200125429483476
Pnpla6,0.2242332679126035,0.16163380000663746,0.7200125429483476
Fbxo22,0.22424852525336866,0.16160375760989532,0.7200125429483476
BC022960,0.22424293234005008,0.16161476985834924,0.7200125429483476
Smad1,0.22404356269010414,0.16200766328733257,0.7202799240639569
Slc50a1,0.22401621787528478,0.162061602962049,0.7202799240639569
Thsd1,0.22402771400515295,0.1620389244695226,0.7202799240639569
Glp1r,-0.22409791565865245,0.16190048516643163,0.7202799240639569
Umps,0.224040127905717,0.16201443796728537,0.7202799240639569
Rpe65,0.22413228987700312,0.1618327284660439,0.7202799240639569
Atp5k,-0.22373336642755115,0.16262028251985228,0.7211754219339375
Cacnb3,-0.2237628924211133,0.16256190107805743,0.7211754219339375
Zmynd8,-0.2236915683896929,0.1627029543065323,0.7211754219339375
Hddc2,0.22376749458242368,0.16255280258691115,0.7211754219339375
Car2,-0.22381170429000016,0.1624654178834356,0.7211754219339375
Cd86,0.22369042206323772,0.16270522202264634,0.7211754219339375
Itgb3bp,0.22380898642208907,0.1624707890646631,0.7211754219339375
Npr2,-0.22385561899448225,0.16237864867286447,0.7211754219339375
Cd247,-0.22355386167289745,0.1629755295922465,0.7221282464004158
Rab5a,-0.22347162746580482,0.16313845464474477,0.7226047843378393
Tmem27,0.22343060638884865,0.1632197692803642,0.7227196366947649
Krt7,0.22333737583234062,0.16340468181414716,0.7229933979116135
Cry2,-0.2233057187411088,0.1634675033018755,0.7229933979116135
Gbp3,0.22328772412811768,0.16350321995840075,0.7229933979116135
Chic2,-0.22333659929394234,0.16340622260429585,0.7229933979116135
Guca1a,0.223228353332287,0.1636211007510971,0.7232695608743448
Tmem106a,0.22315168423333123,0.16377341480030094,0.723697693778912
Ptk6,0.22297840328940752,0.1641180252616767,0.7241801903212055
Nagk,0.22306151098612417,0.16395268293111684,0.7241801903212055
Kif2c,0.22293653900305688,0.16420135793951868,0.7241801903212055
Adpgk,-0.22297666526185733,0.16412148429569703,0.7241801903212055
Dgkq,0.22299112514573344,0.16409270768190984,0.7241801903212055
Ric8,0.2229293925965237,0.16421558611084733,0.7241801903212055
Eppk1,0.22278697073639442,0.16449932036499168,0.7241823020582899
Htr4,-0.2228602403978286,0.1643533092833996,0.7241823020582899
Mobp,0.22276202735373823,0.1645490478659537,0.7241823020582899
Med30,0.22276663739947614,0.16453985642276103,0.7241823020582899
Mtmr2,-0.22288996950493897,0.16429409110595447,0.7241823020582899
Grk1,0.22282608954518038,0.16442135356167467,0.7241823020582899
Gabrq,0.2227218032619679,0.16462926122659058,0.7242910417214363
Arnt2,-0.22263369451066467,0.16480505931561296,0.7245758824155774
Pcdh12,-0.2226365831271885,0.16479929376542696,0.7245758824155774
Phf13,-0.22253625094987167,0.16499963445771965,0.7250441988265957
BC024139,-0.22238989817697974,0.165292171226594,0.7250441988265957
Gfra4,-0.22247537746998117,0.1651212674900755,0.7250441988265957
Asb4,0.22238731803731832,0.16529733175991854,0.7250441988265957
Rnf146,-0.22238572379270083,0.1653005204620371,0.7250441988265957
Kdf1,-0.22239027296039865,0.1652914216321692,0.7250441988265957
Reg3a,-0.22247028498482727,0.1651314457523402,0.7250441988265957
Zfp35,0.22233372528178103,0.16540454785250897,0.7252567019245261
Pmepa1,-0.22223945074152046,0.16559326792496307,0.7258402932995778
Rilpl1,0.22219793743260516,0.16567641723792528,0.7259609027997606
Hnrnpul1,0.2221002407136068,0.1658722138115913,0.726331046317938
Egr3,0.22210066625097963,0.16587136063272614,0.726331046317938
Pithd1,0.22204839583561956,0.16597618271933914,0.7265425053017969
Klhl2,0.22196839570747628,0.1661367024734783,0.7266175595747291
Hcn2,0.22195659983230756,0.1661603799349369,0.7266175595747291
Slc7a12,-0.22197303198866467,0.1661273968641327,0.7266175595747291
Lamc2,0.22189230428574078,0.16628947938824104,0.7266950490747346
Tmcc2,-0.22189646478122618,0.1662811233959547,0.7266950490747346
Acp5,-0.22179616132855007,0.1664826553140122,0.7272254282464474
Abcc1,0.2217764365744959,0.16652230665954362,0.7272254282464474
Lrrc61,0.2216942818600128,0.16668752723511235,0.7273377487003261
AI594671,0.22168050591688684,0.16671524303492033,0.7273377487003261
Klrc1,-0.22169214604897539,0.1666918240608172,0.7273377487003261
D16Ertd472e,0.2216519036629856,0.16677279807717163,0.7273456691540817
Stx5a,-0.22156842166041568,0.16694086401740063,0.7277452316577332
Gsx1,0.2215509990672464,0.16697595398752801,0.7277452316577332
Eml6,-0.22134509900799673,0.16739103447120401,0.7278244933459086
2210016F16Rik,-0.22138059681233477,0.16731942233141225,0.7278244933459086
Magoh,-0.2214747235446543,0.16712963691029625,0.7278244933459086
Ccdc86,0.22149168610205341,0.16709545160409808,0.7278244933459086
Atp9b,-0.2212917301845401,0.16749873902180631,0.7278244933459086
P4ha2,-0.22126539576234333,0.16755190267538583,0.7278244933459086
Adamts5,-0.22133598727072848,0.16740941962657416,0.7278244933459086
Kif3a,-0.22140867626000194,0.16726279079764897,0.7278244933459086
Rnf167,0.2212769560563323,0.16752856343567485,0.7278244933459086
Ilf3,-0.22129027272629737,0.16750168101738785,0.7278244933459086
Mgmt,0.22119186366178833,0.16770041043239578,0.7279876340999761
Hspa8,-0.22119155365954343,0.16770103671580416,0.7279876340999761
Srst,0.22089800039571195,0.16829481680961883,0.728142925911378
Pi16,-0.22111732899317169,0.16785103609306776,0.728142925911378
Tgif2,-0.22106045921724035,0.16796602615983436,0.728142925911378
Ppara,0.2209706739970785,0.16814768200352348,0.728142925911378
Ddhd1,-0.22098670525970565,0.16811523714877763,0.728142925911378
Cldn26,-0.2210990427353133,0.16788800475431997,0.728142925911378
Nkx2-4,-0.22099861612744698,0.1680911341599014,0.728142925911378
Ccni,-0.22094730523482908,0.16819498462046542,0.728142925911378
Srrt,0.22090836403968092,0.16827382914902483,0.728142925911378
Ms4a6b,0.2209968215115853,0.16809476561498635,0.728142925911378
Rdh14,-0.22081341617421163,0.16846617811850637,0.7281600391746901
Bloc1s4,0.2208463822791783,0.16839937688788695,0.7281600391746901
Myl12a,0.22081891622120967,0.16845503176207158,0.7281600391746901
Ppp1r2,-0.22076340161222743,0.1685675607221919,0.7283569867098947
Slc27a2,-0.22073205370362328,0.16863112640624722,0.7283904562976233
Gprin1,0.220642559556973,0.16881268939671612,0.728764660464415
Atp5f1,-0.22063429860337777,0.16882945578848393,0.728764660464415
Akap8l,-0.22046418299766493,0.1691749779959502,0.7300146454593764
Sri,-0.22038079844608977,0.16934451920004412,0.730292953600799
1110057K04Rik,-0.22037741329633428,0.16935140452111408,0.730292953600799
Trap1,-0.2203490849413634,0.16940903137505825,0.7303001157625157
Mtmr14,0.22026547302160931,0.16957919775836988,0.7304343927376934
Cplx2,-0.22025127330416622,0.16960810866696385,0.7304343927376934
Taf1d,0.22028736100884497,0.1695346400586256,0.7304343927376934
Pak1,-0.2202202337364886,0.16967131772302638,0.730465531167196
Ramp1,0.2200813710113915,0.16995429770316448,0.7304787980001954
Pde6g,-0.22014255581156114,0.16982957267986162,0.7304787980001954
Cby1,-0.22015069489787129,0.16981298595140876,0.7304787980001954
C76533,0.22011969154451053,0.16987617400384336,0.7304787980001954
Gabpa,0.22009594364760868,0.16992458568300692,0.7304787980001954
Mag,0.21998523169131948,0.17015040538475198,0.7310808824055413
Tff2,0.21995409399837176,0.17021395446355603,0.7311131967725288
Pomt2,0.21973928133049406,0.17065281401386795,0.7318011520787933
Gzmd,0.21975338161277116,0.17062398335280343,0.7318011520787933
Nop16,-0.21973844424687142,0.17065452569359857,0.7318011520787933
Trim2,-0.21975941342989055,0.1706116512043596,0.7318011520787933
Spata6,0.2197542430800361,0.17062222203121397,0.7318011520787933
Bckdk,0.2196307068485307,0.1708749276379536,0.7325055620064573
Eif2s1,-0.21944022542585542,0.17126508303274832,0.7327337929489616
Taf1c,-0.21955880864605434,0.17102212157170554,0.7327337929489616
4933426M11Rik,-0.21950529437168945,0.17113173578916033,0.7327337929489616
Rab43,-0.2195389873144268,0.17106271629021783,0.7327337929489616
Pqlc3,0.21948510545180297,0.1711731017141536,0.7327337929489616
Il34,0.21944732523095625,0.1712505297553195,0.7327337929489616
Lrg1,-0.21932809063681716,0.17149505179469138,0.7327566898719476
Cdc42ep1,-0.21940228304818063,0.17134287232279974,0.7327566898719476
Gipc1,-0.21935736725768393,0.17143499002088003,0.7327566898719476
Bves,-0.2193542322901826,0.17144142079605626,0.7327566898719476
Trem2,-0.2192934529606,0.1715661306883144,0.7328204384130326
Arhgdia,-0.21919574376571305,0.17176674633599756,0.7331973414911457
Tctn3,0.21920437910564122,0.17174900980957872,0.7331973414911457
Sftpc,-0.2190905256812393,0.17198296027175689,0.7335363789226675
S1pr4,-0.2190554050266735,0.17205517195144704,0.7335363789226675
Gabrg3,-0.21904769426064916,0.1720710288820818,0.7335363789226675
Nrtn,0.21910760132011498,0.17194785856321582,0.7335363789226675
Gadd45b,-0.21883042500070835,0.17251825064880025,0.7342038663807479
Col20a1,-0.2189038131446153,0.1723671006490068,0.7342038663807479
Slc1a6,-0.2187768570001823,0.17262863688091507,0.7342038663807479
Dnajc8,-0.218831444720783,0.1725161498099051,0.7342038663807479
Oas1e,-0.2188714489877593,0.17243374649734056,0.7342038663807479
Maml1,-0.2188254896165891,0.17252841883283085,0.7342038663807479
Zfp426,-0.21879876301273624,0.17258348982227026,0.7342038663807479
Dlk2,-0.2187530420091422,0.17267772748275848,0.7342038663807479
Kif3c,-0.21869084420076979,0.1728059832448757,0.7344893220627664
Zfp51,0.21866590011454423,0.17285743796879116,0.7344893220627664
Ciapin1,-0.2186002394361212,0.17299293351643064,0.7346546593931141
Pacrg,0.21859248099944886,0.1730089484493095,0.7346546593931141
Slco6c1,0.21855100018302567,0.17309459033199726,0.7347792157586963
Fap,-0.21822782255530077,0.1737628290417505,0.735534238898937
Slc25a13,0.21812275793794508,0.1739804551108617,0.735534238898937
Sstr4,0.2181332071490189,0.17395880268121064,0.735534238898937
LOC493582,0.21822770850222464,0.17376306518430085,0.735534238898937
Caprin1,0.2181781386026294,0.17386571871864961,0.735534238898937
Frk,0.2182937581120119,0.17362634901622587,0.735534238898937
Asl,0.21838490808721756,0.17343779940022322,0.735534238898937
Krt84,-0.2184278445262538,0.17334903154188777,0.735534238898937
Cutc,0.21818288645734762,0.17385588465023027,0.735534238898937
Tbx18,-0.21825393482046115,0.17370877041497215,0.735534238898937
Tmem144,0.2183018411711076,0.17360962297751448,0.735534238898937
Rpl35,0.21828976927656982,0.1736346034066273,0.735534238898937
Cxadr,-0.21809929184093332,0.17402908737152498,0.735534238898937
Pde8a,0.21808360960752288,0.1740615932040706,0.735534238898937
Akr1c18,0.21799815530960193,0.17423879476359228,0.7356029400591249
C76472,-0.21798720187494766,0.1742615172430607,0.7356029400591249
St8sia2,0.2179783984142034,0.17427978116429588,0.7356029400591249
Sox4,-0.21796704341223658,0.17430334053665525,0.7356029400591249
Hes3,-0.21790770979094748,0.17442648170318523,0.7356080625386093
Myh7,0.21788497926168054,0.17447367258464216,0.7356080625386093
Foxq1,-0.21793550761079628,0.17436878256800226,0.7356080625386093
Dnmt1,-0.21783253176798936,0.1745825924571662,0.7358295377821582
Pgf,0.21778000122043012,0.1746917317569871,0.7360517945421132
Asgr1,-0.21701930466480904,0.1762774518578749,0.7364257922833021
Omt2b,-0.21683868844770646,0.17665540751844205,0.7364257922833021
BC027231,0.2164167004191921,0.17754062628855566,0.7364257922833021
Mthfd2,-0.21737857850137457,0.17552729362421152,0.7364257922833021
Bcas3,0.21658188716584015,0.17719374609997396,0.7364257922833021
Oxa1l,0.2166618843235611,0.1770259254051732,0.7364257922833021
Degs1,0.21654399603166202,0.1772732735303844,0.7364257922833021
Psme4,0.21728481742786387,0.1757228530312953,0.7364257922833021
Mphosph10,-0.217611133803803,0.1750428949532487,0.7364257922833021
Notch1,0.2162326022993754,0.17792776843888408,0.7364257922833021
Porcn,-0.21651983796803273,0.17732399024606899,0.7364257922833021
Pex12,0.21721975373733313,0.17585864581097635,0.7364257922833021
F5,-0.2169674222499038,0.1763859634798608,0.7364257922833021
Serpina3m,0.21684883880083283,0.17663415222652348,0.7364257922833021
Cd164,0.2163668929217497,0.17764530991045266,0.7364257922833021
Xpo7,0.21748517257549646,0.17530515018994877,0.7364257922833021
Depdc1a,0.2165905973708985,0.1771754682395779,0.7364257922833021
Fam19a5,-0.21702654930551052,0.17626230340907684,0.7364257922833021
Rab23,0.21660456947487985,0.17714615129604536,0.7364257922833021
Fam187a,-0.2171169128359222,0.17607342969191928,0.7364257922833021
Wdr5,-0.21736958355337382,0.17554604807367724,0.7364257922833021
Atad1,-0.2168605700617331,0.17660958863419804,0.7364257922833021
Dcun1d1,-0.21609617632158892,0.17821503406596031,0.7364257922833021
Dctn6,0.21603257185103805,0.1783490717376903,0.7364257922833021
Psmf1,0.21720644914289713,0.17588642238304503,0.7364257922833021
Upk3a,-0.21601203655750892,0.1783923618214053,0.7364257922833021
Xbp1,0.2162151772204078,0.17796444186175323,0.7364257922833021
Rnf112,-0.21719346968691589,0.17591352305868163,0.7364257922833021
Plxna2,-0.21627312858694953,0.17784249549123216,0.7364257922833021
Ralgps2,0.21655774657999044,0.17724441049338224,0.7364257922833021
Aldh4a1,-0.21608906613064546,0.1782300143799797,0.7364257922833021
Anapc13,0.21650411519468912,0.17735700352213818,0.7364257922833021
Tctex1d1,0.2160209761778906,0.1783735154814953,0.7364257922833021
Tex15,0.21622433335449237,0.1779451708985607,0.7364257922833021
Cstf3,0.21637794245090475,0.17762208274455685,0.7364257922833021
Simc1,-0.21750477333754353,0.17526432302558995,0.7364257922833021
Tdh,0.21611342911345727,0.17817868811060397,0.7364257922833021
Terf2ip,0.2164646181896058,0.17743995444005647,0.7364257922833021
Cldn6,0.21681261569253843,0.17671001309117249,0.7364257922833021
Pkd1,-0.21703619411034658,0.17624213763819785,0.7364257922833021
Sigmar1,0.21610496367525356,0.1781965213671785,0.7364257922833021
Pde6h,-0.2176576086355701,0.17494620116078471,0.7364257922833021
Ephb3,-0.216564635445766,0.17722995165991665,0.7364257922833021
Zfp354b,0.21724099982931422,0.17581429569332405,0.7364257922833021
Lias,0.21614929109347233,0.1781031550073876,0.7364257922833021
Mmab,0.21611598290427697,0.1781733085462259,0.7364257922833021
Gpx4,0.21627484520774926,0.17783888410208926,0.7364257922833021
Crip3,-0.21750650335145574,0.17526071982898656,0.7364257922833021
Sart1,0.21682532754578382,0.17668338852387344,0.7364257922833021
Smarca5,0.21606200119556734,0.17828704484113775,0.7364257922833021
Gprc5c,-0.21694245540796678,0.1764381977845041,0.7364257922833021
Ube2d3,0.21649006426765563,0.17738650997836208,0.7364257922833021
Mkks,-0.21631006103221342,0.17776480894077468,0.7364257922833021
Olah,-0.21639060926669224,0.17759545845479258,0.7364257922833021
Thap4,-0.21673740078527579,0.17686760474678964,0.7364257922833021
Avl9,0.21755475446769706,0.1751602450815817,0.7364257922833021
Ptp4a3,-0.21720506221020555,0.17588931811562092,0.7364257922833021
Cnih4,-0.2173140866065426,0.1756617896099373,0.7364257922833021
Lclat1,-0.21764853409628127,0.17496507841625,0.7364257922833021
Ak4,-0.21746981152117034,0.17533715088380047,0.7364257922833021
Tcam1,0.21626922723196668,0.17785070326352195,0.7364257922833021
Plcb3,0.21758931885820623,0.17508829500056627,0.7364257922833021
Smad6,-0.21646059836428785,0.17744839830122264,0.7364257922833021
Sae1,0.21644208543783108,0.17748728927161728,0.7364257922833021
Mmp19,0.21588651131277317,0.1786571361718637,0.7372855692304395
Cct5,-0.21578400368729087,0.17887355873057664,0.7377743288452709
Ppp1r11,0.21575009580661214,0.17894518743162563,0.7377743288452709
Vars,-0.21577011907735708,0.17890288689476583,0.7377743288452709
Ergic2,-0.21565024986598735,0.17915622129581832,0.7378694916880831
Runx2,0.21564982741994548,0.17915711453819705,0.7378694916880831
Fez2,0.21566216195140972,0.17913103500674799,0.7378694916880831
Map4k3,0.21560309253310703,0.1792559521373934,0.7378694916880831
Gle1,0.21561155657994407,0.1792380491158856,0.7378694916880831
Clp1,-0.2155787039924117,0.17930754526346168,0.7378694916880831
Zdhhc14,-0.2155259424375989,0.17941919538945986,0.7380961792676739
Spata19,-0.21546571096544787,0.17954671109000353,0.7381544155896762
Wbscr25,-0.21541240189377076,0.17965962325946905,0.7381544155896762
Gaa,0.2154875021073111,0.1795005700156327,0.7381544155896762
Sf3b4,0.2154235570882321,0.17963599178557027,0.7381544155896762
Cyp4a31,0.21534235415859004,0.17980806305662542,0.7383127175881262
Olfr690,0.21534082122336393,0.1798113124756736,0.7383127175881262
Zfp689,0.2151963679054923,0.18011769617743362,0.7392017740941995
Ranbp9,0.21517465676548556,0.1801637761547906,0.7392017740941995
Rad21,0.21513690965683346,0.1802439102973118,0.7392017740941995
Rab3a,-0.21513195564510418,0.18025442908787973,0.7392017740941995
Capza3,0.21504459847541205,0.18043998259624036,0.7392657246148635
Susd2,-0.215077747062934,0.1803695569798533,0.7392657246148635
Atp5l,-0.21506198208162994,0.180403048018832,0.7392657246148635
Treml1,-0.2147453937281784,0.181076508922725,0.7399933579921911
Vamp8,0.21469913810857819,0.18117504992607367,0.7399933579921911
Tppp3,0.21473880375908533,0.18109054566939028,0.7399933579921911
Sema6b,-0.21478501783465415,0.18099212461175937,0.7399933579921911
Hat1,-0.21490010747050406,0.18074718012038365,0.7399933579921911
Dnajc15,-0.2147149961184673,0.1811412625602372,0.7399933579921911
Mavs,0.21470850412276632,0.18115509400320215,0.7399933579921911
Ndc80,0.2146946226053713,0.18118467152923984,0.7399933579921911
Slc35b4,0.21470584488117742,0.18116075982705385,0.7399933579921911
Lyst,0.21493015465110712,0.18068326831752043,0.7399933579921911
Ndufc1,-0.2145455717928412,0.18150246442524776,0.7408998261961669
Sdc3,0.21451534658666274,0.18156695443715978,0.7408998261961669
Cript,-0.21450358683608972,0.1815920498681005,0.7408998261961669
Ncf4,0.21448405788788305,0.18163373009437794,0.7408998261961669
Tom1l1,0.21445378936296045,0.18169834451681136,0.7409317804999599
P2rx5,0.2143926353825039,0.1818289383358217,0.7410448908995616
Fxyd4,-0.21438761539639595,0.18183966132733514,0.7410448908995616
Nags,0.21424095789463793,0.18215312161143657,0.7420905663152156
Zkscan5,-0.21419412350236688,0.18225330154533353,0.7421392210105892
Nap1l4,-0.21418220062685897,0.18227881089270737,0.7421392210105892
Sdpr,0.21414656892486292,0.18235506054039294,0.742218086397875
Rpl7l1,-0.21383509564515552,0.1830225234199208,0.7424869584630381
Hmox2,0.21382026676154647,0.18305434215877026,0.7424869584630381
Atp13a2,-0.21402634359063608,0.18261249637980786,0.7424869584630381
Dmd,0.2138454486244905,0.18300031099258823,0.7424869584630381
Trpc7,0.21408372481907542,0.1824895962370384,0.7424869584630381
Csad,0.21394391577508673,0.1827891408109283,0.7424869584630381
Gda,0.2137971655991221,0.18310391848678495,0.7424869584630381
Dkkl1,-0.21395498193793053,0.1827654190173266,0.7424869584630381
Aldh3a2,-0.21381837792439587,0.18305839535957072,0.7424869584630381
Ecd,-0.21387279311060733,0.1829416519709292,0.7424869584630381
Dffa,-0.2140354100428763,0.18259307392495547,0.7424869584630381
Flt3,0.2138609043521334,0.18296715399467878,0.7424869584630381
Clk3,0.21367598293146883,0.18336413334899596,0.7428870821067244
Cyp2b13,-0.21370317134306793,0.18330572984278898,0.7428870821067244
Fabp9,-0.21367167691616,0.18337338427969646,0.7428870821067244
AU040320,-0.21364451183245872,0.18343175239018955,0.742892904078083
Polr1a,0.21357814342599027,0.18357440791817767,0.7431131810809746
Rrp8,-0.2135418642162552,0.18365242028555906,0.7431131810809746
Speer4a,0.2135132651297923,0.18371393380084483,0.7431131810809746
Ttll1,0.21352865149245373,0.1836808376636116,0.7431131810809746
Crbn,0.2132311868090324,0.1843214078613211,0.743926356528035
Selplg,0.21306874612226906,0.18467185627140534,0.743926356528035
Rps17,-0.21298765568480796,0.18484697034311548,0.743926356528035
Rab38,0.2129704490902238,0.1848841424032813,0.743926356528035
Trim25,0.2130719903342918,0.18466485278195777,0.743926356528035
Slc18a1,0.21325091321921955,0.18427888119168068,0.743926356528035
Sesn1,0.21325919950289712,0.18426101942093975,0.743926356528035
Tmem38a,-0.2129819983276851,0.18485919158367245,0.743926356528035
Il17rb,-0.21319153200709343,0.18440691691677313,0.743926356528035
Snhg5,0.2133462341671121,0.18407348043198563,0.743926356528035
Psmd14,-0.2131751158324581,0.18444232362390897,0.743926356528035
Ephb6,0.21302548302625152,0.18476526843827615,0.743926356528035
Cdh6,-0.2129772650351952,0.18486941704805518,0.743926356528035
Ppt2,-0.21326194983093022,0.18425509112247637,0.743926356528035
Msh4,-0.21303352769116,0.18474789623754928,0.743926356528035
A030005L19Rik,0.2133854689520587,0.1839889814626951,0.743926356528035
Ephb2,-0.21327397868360917,0.1842291646084235,0.743926356528035
Mlph,0.21289455334221208,0.18504816376525657,0.7443568091778154
Stx4a,-0.21283834694601797,0.1851696976687735,0.7446161432603469
Dnajc1,0.21277430345086015,0.185308243950716,0.7449437077365659
Frrs1,0.21259489425251524,0.18569673923072527,0.7453573516523329
Bcap31,-0.2126152441586321,0.18565264533582276,0.7453573516523329
Six3,-0.2126586836939338,0.18555854504986297,0.7453573516523329
Pbrm1,0.21266185912268737,0.18555166759825334,0.7453573516523329
Atp5c1,-0.21261287374103865,0.18565778115628198,0.7453573516523329
Lce1a2,0.21251260120821233,0.18587512351629557,0.7458439381193546
Pabpn1,-0.21241613176468838,0.18608438634556035,0.7464540908156216
Sf3a2,0.21232796661691425,0.18627577583977445,0.7466372611302687
Zfp353-ps,0.21234672401893878,0.1862350459107801,0.7466372611302687
Nr1h2,0.21227722099618845,0.18638599560738994,0.7466372611302687
Cntd1,0.2122899057935255,0.1863584399908245,0.7466372611302687
Mrpl44,0.21226334645773393,0.18641613891964254,0.7466372611302687
Ddit4,0.2122146964810036,0.18652186032703807,0.746655420619953
Fam169a,0.2122085999505633,0.18653511159637115,0.746655420619953
Pmf1,-0.21216905270034198,0.18662108611441408,0.7467704853440629
Nudt8,-0.21192574949192178,0.1871506141122094,0.7476274688696439
Athl1,-0.21191271425666447,0.1871790130122712,0.7476274688696439
Eif5a,-0.21195420866784231,0.18708862241754393,0.7476274688696439
Fam20b,0.21196541861060936,0.1870642080059624,0.7476274688696439
Etfb,0.21196170921656546,0.18707228654666863,0.7476274688696439
Tenc1,-0.21193326238873675,0.18713424765478745,0.7476274688696439
Prg4,-0.21181056004504273,0.18740167047162298,0.7482370265528299
Pld1,0.211763801739854,0.18750364601331548,0.7482370265528299
Dpysl5,0.21176683206389302,0.18749703601165305,0.7482370265528299
Palld,-0.2117035440409568,0.18763511820996429,0.7485327598660422
Cdk5r2,-0.21158473357600752,0.18789452660649789,0.7486521153246385
Gstt1,0.21162964663664677,0.1877964356382052,0.7486521153246385
Zfp362,0.2115858841282579,0.18789201334349964,0.7486521153246385
Ndufaf1,-0.2116488348444856,0.18775453886404864,0.7486521153246385
Nudt21,0.21123495188886557,0.18865965014994726,0.7486609665167884
Gins4,-0.21128712830249172,0.18854538350619965,0.7486609665167884
Zcchc8,-0.21132341908554986,0.18846593425798772,0.7486609665167884
Atp11c,0.2112767745404668,0.18856805455801834,0.7486609665167884
Cpne1,-0.21122234675765267,0.18868726252390763,0.7486609665167884
Vmn1r43,-0.2114172465602381,0.18826062896106405,0.7486609665167884
Rxrg,0.21133663038107436,0.18843701721326467,0.7486609665167884
Akr1e1,-0.21151188429057557,0.18805370498017238,0.7486609665167884
Grip1,-0.21136241916590087,0.1883805791061583,0.7486609665167884
Maged2,0.21136869829005006,0.18836683914248137,0.7486609665167884
Prdm9,0.2112240715539171,0.18868348408120192,0.7486609665167884
Dna2,0.21121654581670027,0.18869997079268275,0.7486609665167884
Apex2,-0.21149030036837685,0.18810088426834654,0.7486609665167884
Hp1bp3,-0.21139090174395797,0.1883182590702171,0.7486609665167884
Nlgn2,-0.21118014353488854,0.18877973148908803,0.7487497617632553
Sp1,0.21114498830892714,0.18885678154034616,0.7488277551868664
Gstk1,0.21107711761335748,0.18900559491560193,0.7489626504869996
Kbtbd2,-0.21108537764212312,0.18898747970454052,0.7489626504869996
Rnf7,-0.21104085654596658,0.18908513365821933,0.7490503670631766
Ckmt1,-0.21094538883590738,0.18929465117569103,0.7496527779033663
Bet1,0.210899362294513,0.18939571936977334,0.7498254678568484
Tnrc18,-0.21086430859141317,0.18947271727093948,0.7499027866753076
Ercc1,-0.21059158542145254,0.19007249965343645,0.7500094635544742
Rusc1,-0.2106912626085646,0.18985313667513684,0.7500094635544742
Scmh1,-0.2105907065805631,0.1900744345141119,0.7500094635544742
Cc2d1a,0.210668618975995,0.18990295417697753,0.7500094635544742
DXErtd223e,0.21060241386149184,0.19004866080185484,0.7500094635544742
Rep15,-0.21064243257344273,0.18996057708588843,0.7500094635544742
Rnf25,0.2107390620142143,0.18974800396114594,0.7500094635544742
Cat,0.21070022580898679,0.18983341949043925,0.7500094635544742
Slc30a7,0.21069446377485954,0.18984609461245716,0.7500094635544742
Cd163,0.21065867722772671,0.189924829492512,0.7500094635544742
Rab29,0.2104346158680618,0.19041829694782217,0.7502319918092184
AI506816,-0.2104475283701178,0.19038983513129087,0.7502319918092184
Arhgap4,-0.21049547968952892,0.1902841658314653,0.7502319918092184
Crem,0.210450913443732,0.19038237420933135,0.7502319918092184
Ccndbp1,-0.21047559965700577,0.1903279701987588,0.7502319918092184
Polr3k,-0.2103715392612222,0.19055737233719633,0.7505533207449668
Cnih3,-0.2102459364571741,0.190834514974193,0.7509540763899535
Nabp1,-0.2102257520875688,0.19087907730639075,0.7509540763899535
Pip5kl1,-0.21019900605599648,0.19093813712615376,0.7509540763899535
Nmrk1,0.21015342259749978,0.19103882180261456,0.7509540763899535
Fxyd5,0.2101429488254111,0.19106196134681933,0.7509540763899535
Wfs1,0.21021333707704243,0.1909064902337343,0.7509540763899535
Slc30a2,-0.2101810320410135,0.19097783380066247,0.7509540763899535
Gpx2,-0.2101128682038583,0.1911284285830737,0.7509891191148836
Cep41,0.20992536820247248,0.19154308928684544,0.7510338018840154
Ap1ar,-0.21004664545752985,0.1912748120883966,0.7510338018840154
Rwdd4a,-0.2099169338320595,0.1915617564344096,0.7510338018840154
Ywhae,-0.2098818799719499,0.19163935169210997,0.7510338018840154
Jmy,0.20985572477320624,0.19169726275676446,0.7510338018840154
Bace1,-0.20987038105794353,0.19166481034404126,0.7510338018840154
Dexi,-0.21001415305630874,0.19134666344370888,0.7510338018840154
Prm1,0.2098475571521897,0.19171534938122886,0.7510338018840154
Cpa1,-0.2098934384171304,0.19161376355049986,0.7510338018840154
Pvt1,0.2100072788698539,0.1913618668719672,0.7510338018840154
Npc1,0.20980270508689597,0.19181469177487293,0.7510445128207328
Arhgap23,0.20979435282418157,0.191833194975209,0.7510445128207328
Chkb,0.20976040771709004,0.19190840779142695,0.7511136212568477
Pgpep1,-0.20959078474091494,0.19228454437219805,0.7511795723453716
Dok3,-0.20969053593519227,0.19206328698495817,0.7511795723453716
Tmem192,0.20957110302709456,0.19232822064571128,0.7511795723453716
Dnajb12,-0.20965644453610874,0.1921388854314443,0.7511795723453716
Slc15a5,0.20961439017438077,0.19223216972867943,0.7511795723453716
Qsox1,0.20964169931846505,0.19217158953589916,0.7511795723453716
Myl7,0.20960058558444802,0.19226279753931338,0.7511795723453716
Brd2,-0.20933086383878882,0.19286188483886138,0.7516470608561248
Tpst1,0.20935085975798687,0.19281742791153028,0.7516470608561248
Eif3a,0.20930979749345302,0.1929087291598714,0.7516470608561248
Lsp1,0.20937522898144287,0.1927632572091485,0.7516470608561248
Rpl38,0.2094404134428322,0.1926184084277542,0.7516470608561248
Ndufv2,0.20946460300677275,0.1925646746894081,0.7516470608561248
Slc11a1,0.20942503036568028,0.19265258507290883,0.7516470608561248
Dapk3,0.2093963046400462,0.192716416140384,0.7516470608561248
Akr1b10,0.20924454948572543,0.19305386726476453,0.7517636269584936
Trat1,0.20925802896734638,0.1930238773524317,0.7517636269584936
Snx3,-0.20918822009107307,0.19317922625502296,0.7518051286536938
Mbl1,-0.20918798347123435,0.19317975296006093,0.7518051286536938
S100b,0.20913943510847055,0.19328783999886942,0.7520014979562454
R3hdm1,-0.20900148494228563,0.1935951929253165,0.7523453695207606
Clta,-0.20904506129190967,0.1934980690835333,0.7523453695207606
Itm2b,-0.20899625697885799,0.1936068473331837,0.7523453695207606
Casp6,0.20907130861416853,0.1934395844572409,0.7523453695207606
Vamp7,0.20893072908572738,0.19375296532897254,0.752689027858816
Rab40b,0.20890196056292024,0.19381713868053446,0.7527142388816352
Trmt44,0.20877579896153287,0.19409873474680028,0.7534660210598437
Syt2,-0.20876350124366774,0.1941261983909261,0.7534660210598437
Snrpe,0.2087115138413037,0.19424232733712768,0.7536925749099551
Otub2,0.20861622802401597,0.19445529793438213,0.7538464595204255
Tagln3,-0.20861662382318066,0.19445441296826088,0.7538464595204255
Ap3b2,-0.2086293510310227,0.19442595769703497,0.7538464595204255
Mmp16,0.20817245252490377,0.19544924976764308,0.7543743411834806
Grin1,-0.20803159551433204,0.19576545307483506,0.7543743411834806
Klhl42,-0.20798803719633172,0.19586330507545655,0.7543743411834806
Akap8,-0.20831663879454648,0.19512593068992837,0.7543743411834806
Zfp566,0.20826993939094507,0.19523060842675363,0.7543743411834806
Igf1os,-0.20820852618694757,0.19536832528150216,0.7543743411834806
Slc25a37,-0.208495993586784,0.19472425594574624,0.7543743411834806
Col5a1,0.20806167246697177,0.19569790570999535,0.7543743411834806
Rwdd3,0.2083402826013308,0.19507294705908834,0.7543743411834806
Olfr480,0.2082914137330416,0.19518246850187781,0.7543743411834806
Synj2bp,-0.20822372915553283,0.19533422706525097,0.7543743411834806
Snx12,0.20810959845079827,0.19559030523162302,0.7543743411834806
Ctbp2,-0.20800361741627793,0.19582830094363615,0.7543743411834806
Mrpl38,0.20812812541521616,0.19554872035153173,0.7543743411834806
Fcgr4,0.20850381530795808,0.1947067515218626,0.7543743411834806
Atg3,-0.20823068872271863,0.1953186190340988,0.7543743411834806
Gdap2,-0.20810193239266547,0.19560751390668366,0.7543743411834806
Gpr110,0.20827548265944562,0.1952181810825363,0.7543743411834806
Gpr133,-0.20842238289631795,0.1948890433073322,0.7543743411834806
Chrnd,0.20822442155770002,0.19533267419604408,0.7543743411834806
St5,-0.20809026401122754,0.19563370891396614,0.7543743411834806
Taf7l,0.2082636454430385,0.19524471935301638,0.7543743411834806
Sf3b3,0.20788939089252412,0.19608503222754284,0.7545106769373426
Ctnnb1,-0.20794105953813385,0.19596887553990863,0.7545106769373426
H2afv,0.20785528946608134,0.19616172139872876,0.7545106769373426
Srsf4,-0.20778274198892646,0.19632493759889508,0.7545106769373426
Krt19,0.2079086254481823,0.19604178543608766,0.7545106769373426
Gabrp,0.20777431201798122,0.19634390916755176,0.7545106769373426
Sell,-0.20776659666772468,0.19636127357492647,0.7545106769373426
Gstm4,0.20779881463872688,0.19628876968731984,0.7545106769373426
Tprkb,0.20760130901020243,0.1967335243851563,0.7546076505623117
Wif1,0.20767789431303535,0.19656098440269862,0.7546076505623117
Prph,-0.20764422998387153,0.1966368145919941,0.7546076505623117
Ssr1,0.2076730422846821,0.19657191256344195,0.7546076505623117
Syn1,-0.20757566881586895,0.19679131235064348,0.7546076505623117
Ogn,-0.20758900809147945,0.19676124681089602,0.7546076505623117
Rpp14,-0.2077232706311555,0.1964588037764153,0.7546076505623117
Dpep3,-0.2075136829822232,0.1969310636147682,0.7547199704164665
Snx21,-0.207496992131329,0.19696870572089484,0.7547199704164665
Serpinb9,0.20748572621640016,0.1969941159658583,0.7547199704164665
Naca,-0.20744165111724494,0.19709354852207767,0.7548792822614004
Stx6,-0.20741357079151762,0.19715691485568063,0.7549004055022819
Samd11,0.2073708877045391,0.19725326026604736,0.7550477539488566
Top2a,0.20730896814178448,0.19739308326550523,0.7553613910649788
Prkca,0.20712777958074657,0.19780261659311785,0.755389641214751
Cab39,-0.20704668900659606,0.19798608800789033,0.755389641214751
Cdc25c,-0.20692183704088535,0.1982687961652634,0.755389641214751
Slc9a1,0.20708844296298876,0.19789160329139296,0.755389641214751
Eif3g,0.20725998996568706,0.19750373019601403,0.755389641214751
Ryr1,-0.20695870906491176,0.19818527679346565,0.755389641214751
Crebzf,-0.20693635326195456,0.19823591242307742,0.755389641214751
Chmp2a,0.20694759125755602,0.19821045740500462,0.755389641214751
Stard13,-0.20707314297906337,0.19792622197817883,0.755389641214751
Decr2,0.20719001826650885,0.19766187635708987,0.755389641214751
Polr3e,0.20712933985374754,0.19779908752417352,0.755389641214751
Hes2,-0.2071979940891654,0.19764384552964753,0.755389641214751
Dcx,0.20696091085355856,0.19818029024024245,0.755389641214751
Rab34,-0.20711358549395062,0.19783472312568687,0.755389641214751
Murc,-0.20708903755332814,0.19789025801712443,0.755389641214751
Lpin3,-0.20678718167626756,0.1985740077101047,0.7554496287490251
G0s2,0.20685874427825657,0.19841176358996437,0.7554496287490251
Rasa4,0.20679803596432203,0.19854939350992168,0.7554496287490251
Piwil1,0.20681404762485645,0.19851308772549683,0.7554496287490251
Rbl2,0.20686950056032616,0.19838738507164275,0.7554496287490251
Smr3a,-0.20675964598362434,0.1986364594575228,0.7554669657421204
Fbxo38,0.20670878966317427,0.1987518378824124,0.7556855281257574
Pmm1,0.20663888588138007,0.19891050327525883,0.756068499050059
Ptms,-0.20660193096720558,0.1989944168665648,0.7561671944355866
Chrm4,-0.20648687147868242,0.19925583546963474,0.7563748127136727
BC026585,0.20644162007603745,0.1993587113983855,0.7563748127136727
Dnaja1,-0.20645136874081382,0.19933654545992804,0.7563748127136727
Lama3,0.206416859673123,0.199415017608014,0.7563748127136727
Grid1,-0.20642421833846447,0.1993982825708678,0.7563748127136727
Defb15,0.20639936685719226,0.1994548034751895,0.7563748127136727
Spry2,-0.2064002130096904,0.19945287885284987,0.7563748127136727
Ppp3ca,-0.20619931215458265,0.1999101906646627,0.7570017637792176
Atg12,-0.20623967045204902,0.19981826619212176,0.7570017637792176
Crisp2,0.20627199179314673,0.1997446681074767,0.7570017637792176
Arih2,-0.2062206639853265,0.1998615538515607,0.7570017637792176
Chst4,0.20626826477283947,0.19975315387676182,0.7570017637792176
Dnajb3,-0.20606066206376084,0.20022621229055393,0.7576232743967546
Tsc22d3,-0.2059967556379924,0.2003719857831843,0.7576232743967546
Iqgap1,0.20597453913616232,0.2004226793790786,0.7576232743967546
Cdc37l1,0.20601153398391817,0.20033826934736293,0.7576232743967546
Med20,0.20602372630691324,0.20031045573588183,0.7576232743967546
Il5,0.20607381075043035,0.20019622839325207,0.7576232743967546
C330007P06Rik,-0.20585946696403984,0.20068538916101425,0.7578359715888183
Zp2,0.20588788035485642,0.20062049984656355,0.7578359715888183
Adamts7,-0.20584814432408322,0.20071125126913603,0.7578359715888183
Egf,0.2058864352541348,0.20062379976624933,0.7578359715888183
Srcin1,-0.2057984756938023,0.20082472618245314,0.7580450830068935
Pml,0.20574169367324993,0.20095450551650593,0.7583155993305049
Nsd1,0.20569876513959656,0.20105265918078102,0.75846665211044
Stom,0.20560635041851094,0.20126406967850127,0.7586062522341892
Prss22,-0.2056125331726473,0.20124992117101295,0.7586062522341892
Neurod2,-0.2056521097592507,0.20115937064686115,0.7586062522341892
Golt1b,-0.2054814764276003,0.20154997241585365,0.7586760899014771
D1Ertd164e,-0.20547129247601642,0.20157330091872336,0.7586760899014771
Slc30a6,-0.20547872541813497,0.20155627400796938,0.7586760899014771
BC028777,0.20556209292107774,0.2013653673095349,0.7586760899014771
Txnl1,0.20553581725545306,0.20142552391204038,0.7586760899014771
Gatad1,-0.20540307841848643,0.20172960652095087,0.7590454542940853
Tmem100,-0.20528727446303555,0.20199514615739467,0.759288460199778
Vmn2r26,0.20526732132775088,0.20204092262046972,0.759288460199778
Fgfr2,-0.20524805631808796,0.20208512700389525,0.759288460199778
LOC102636700,-0.20524902363428327,0.20208290730074652,0.759288460199778
Rnft1,0.20531444967624332,0.2019328120272436,0.759288460199778
Podxl,0.20515314126948864,0.20230300854534225,0.7598883012401183
Lsm7,-0.2045307830871091,0.20373557025398964,0.760440995341938
Gm13999,0.20441781328661318,0.20399633568425762,0.760440995341938
Scd2,-0.20435288915029623,0.2041462997960007,0.760440995341938
Smad7,0.20460147719022698,0.2035725026622588,0.760440995341938
Rpsa,0.20495555441429153,0.2027570839373195,0.760440995341938
Stk35,-0.20437918846543024,0.20408554377778293,0.760440995341938
Dhx38,-0.2049082950594381,0.20286579230721544,0.760440995341938
C77027,0.20474007009814177,0.20325306964697026,0.760440995341938
Spon2,0.20499621561235987,0.20266358431295628,0.760440995341938
C76614,0.20491735921367596,0.20284493944475454,0.760440995341938
Hoxb6,-0.20431881560078877,0.2042250337034382,0.760440995341938
Lcn5,0.20452606623786515,0.20374645356318125,0.760440995341938
Rad23b,-0.20442617340941915,0.20397703054576316,0.760440995341938
Ftsj3,-0.20487676400255983,0.20293834342049255,0.760440995341938
Evpl,0.205006506794995,0.20263992453618987,0.760440995341938
Vcl,0.20453614110076201,0.20372320804289157,0.760440995341938
Crmp1,-0.20435335292742265,0.20414522828459483,0.760440995341938
Rdh7,0.20469665124716976,0.20335310646016255,0.760440995341938
Crhr2,-0.2047097083341464,0.20332301952197662,0.760440995341938
Ptk2,0.20430511356892703,0.20425670079496455,0.760440995341938
Rpl10a,-0.20440628316776724,0.20402296296778585,0.760440995341938
Hnf1b,0.20443508666020233,0.2039564494785066,0.760440995341938
Eif3b,0.20433702312936808,0.20418295894893593,0.760440995341938
Trim23,0.2047757709652087,0.20317083979395642,0.760440995341938
Mcts1,-0.20479517380913073,0.2031261585716799,0.760440995341938
Wdr6,0.20470395862634963,0.2033362679818668,0.760440995341938
Anxa7,0.20446239905749883,0.20389339269477455,0.760440995341938
Cs,-0.20439190382379074,0.2040561734279817,0.760440995341938
Heyl,-0.2046040645312467,0.203566536196862,0.760440995341938
Nkap,0.20455716551939773,0.2036747045762987,0.760440995341938
Crybb1,-0.20450951381117816,0.20378464849645617,0.760440995341938
Mkrn3,-0.2042485621147959,0.20438743306479315,0.7607106714382447
Ggnbp2,0.20421368456577976,0.20446808887852588,0.7607938670589918
Hdgfrp2,0.20417625727541744,0.20455466482573348,0.7608990368617434
Cyfip1,0.20410488781764152,0.20471982316023807,0.7610794793213523
Dmgdh,0.20412230883923,0.20467950037073435,0.7610794793213523
Cln5,0.20401510027633904,0.20492773037624032,0.7614127676587361
Gtf3c2,-0.20403851281599647,0.20487350391358203,0.7614127676587361
Slit3,-0.20399058383556795,0.20498452393172964,0.7614127676587361
Atp5j,-0.20376924690890008,0.20549773972399848,0.7616690273612364
Usp2,-0.20379719532422025,0.20543288803658397,0.7616690273612364
Mtl5,-0.2036669616390236,0.20573520013706653,0.7616690273612364
Tas1r2,0.2038750466885867,0.2052523135500159,0.7616690273612364
Brdt,-0.2037482431030128,0.2055464861238866,0.7616690273612364
Maf,-0.2036684191010014,0.20573181527479711,0.7616690273612364
Mos,-0.20368386674453504,0.20569594140414768,0.7616690273612364
Srrm2,0.2039120607186172,0.20516649767496303,0.7616690273612364
Mzf1,0.20365396967900412,0.20576537478267795,0.7616690273612364
Prph2,-0.203852156424122,0.20530539595529146,0.7616690273612364
Npepps,-0.20365889285261685,0.2057539400528663,0.7616690273612364
A730028G07Rik,-0.2036337586552685,0.2058123220534692,0.7616690273612364
Sfrp4,-0.20366323248956925,0.20574386101817382,0.7616690273612364
Myoz2,-0.20353167211738754,0.20604956392569415,0.7616829347496835
Lgals9,0.20355347670249113,0.2059988762373363,0.7616829347496835
Atp13a1,0.2035381453548582,0.20603451514330132,0.7616829347496835
Foxf2,0.2035998001704498,0.20589121883804926,0.7616829347496835
Prkar1b,-0.20346552654308397,0.20620337931785573,0.761819053316559
AA516738,0.20344052814323682,0.20626153079679688,0.761819053316559
Rmnd5b,0.20348003037887816,0.20616964541284752,0.761819053316559
Nfkbib,0.2033238403861301,0.20653311609118283,0.7620932947190663
Leprel4,-0.2033529484126482,0.20646534611671571,0.7620932947190663
Ndufaf4,-0.20318292755594217,0.20686140316460516,0.7620932947190663
Fosl2,0.20329119320221775,0.20660914373376907,0.7620932947190663
Tmed6,-0.20331965572848978,0.20654286013152562,0.7620932947190663
Pfdn5,0.20326270779816824,0.2066754948727767,0.7620932947190663
Zfp2,0.20323000450327666,0.2067516883481169,0.7620932947190663
Alg13,-0.2031859178741872,0.2068544329424926,0.7620932947190663
Tmcc3,-0.20318903165298516,0.2068471751095893,0.7620932947190663
Lrp6,0.20309153869156932,0.20707450003157868,0.7622168287828507
Dpf1,0.20294322603091935,0.2074206421187756,0.7622168287828507
Gnb1,-0.20294519771078187,0.2074160379418298,0.7622168287828507
Guca2b,0.2030832563710844,0.20709381967070414,0.7622168287828507
Vps11,-0.20307079705869466,0.2071228849840039,0.7622168287828507
Dnaja3,-0.20297711002031468,0.20734152728143843,0.7622168287828507
Ces1d,0.20301664345790843,0.20724924722199153,0.7622168287828507
Gfi1,-0.20294929204653797,0.20740647725403275,0.7622168287828507
Spint2,0.2029593176970242,0.20738306759193267,0.7622168287828507
Mbl2,-0.20291692838919698,0.20748205771171657,0.7622208351318149
Zfp207,0.20286773833844352,0.20759696896761978,0.7622208351318149
Irf9,0.20288103551214204,0.2075659016803696,0.7622208351318149
Fus,-0.20280578654882067,0.20774175306851692,0.7625378722337769
Uggt1,-0.20267943987359902,0.2080372401990444,0.7631931254870201
8430419L09Rik,0.20268325784920424,0.20802830697854258,0.7631931254870201
Acat2,0.2025161517505087,0.20841953850029357,0.7643807076701323
Ttc3,-0.20224852462741058,0.20904713558536778,0.7644064652660225
Kcnk7,0.20242234644353446,0.208639372425089,0.7644064652660225
Rps20,0.20218014523457575,0.20920769049073093,0.7644064652660225
Mrgpra4,0.20234672481201366,0.20881670546318254,0.7644064652660225
Etf1,0.20229873024888909,0.20892930514557073,0.7644064652660225
Flnb,0.2021651190637451,0.2092429829966141,0.7644064652660225
Zfp110,0.2023317084999955,0.2088519307593958,0.7644064652660225
Fhl4,0.20227647072045704,0.20898154182639822,0.7644064652660225
Abr,0.20233091823486932,0.2088537846749641,0.7644064652660225
Sdha,-0.20240666159762094,0.20867614517730518,0.7644064652660225
Cox8c,-0.20244219161193078,0.20859285210172873,0.7644064652660225
Apcdd1,0.20225803480201207,0.20902481220570163,0.7644064652660225
Myo10,-0.20217292938281534,0.20922463812400255,0.7644064652660225
Arhgap8,0.20214295996707965,0.20929503611784936,0.7644064652660225
Pkig,-0.20213860929487237,0.20930525713813308,0.7644064652660225
Usp29,-0.20192420151215837,0.2098093777963925,0.7649313464575767
Phactr2,-0.20196425883105876,0.20971513255570748,0.7649313464575767
Stmn1,-0.201942247162655,0.20976691721983537,0.7649313464575767
Ppp1cb,0.20202734840191486,0.20956675529292385,0.7649313464575767
Hadha,-0.20190298081687333,0.2098593164470936,0.7649313464575767
Alas1,0.20190531065254036,0.20985383325830387,0.7649313464575767
Ift46,0.201903308428346,0.20985854541888554,0.7649313464575767
Tmx1,0.20177193024934018,0.21016789350764112,0.7652603031847051
Spop,-0.20179151761411776,0.21012175305348757,0.7652603031847051
Ltc4s,-0.2017650313109479,0.21018414641842156,0.7652603031847051
Gripap1,-0.2018263893123453,0.21003962520156771,0.7652603031847051
Krtap14,0.20173445477375296,0.2102561904592556,0.7653090737246377
Max,-0.20104348169468772,0.21188864786550604,0.765476281810539
Miip,0.20165285238576683,0.21044854162754686,0.765476281810539
Gsn,0.20102522230924216,0.21193190076809312,0.765476281810539
Klk1b5,-0.2011586811672671,0.21161589855368707,0.765476281810539
Il17d,-0.20140751116135625,0.21102756109527415,0.765476281810539
Slc22a8,-0.20115939068865554,0.21161421939764138,0.765476281810539
Ercc2,0.20099978367636404,0.21199216970788726,0.765476281810539
Slc7a8,0.201486349785821,0.2108413816546327,0.765476281810539
Nck1,-0.20146251373516216,0.21089765954187173,0.765476281810539
Igsf8,0.20098610411134074,0.21202458391028092,0.765476281810539
Iqcc,-0.20142430685094007,0.21098788845381275,0.765476281810539
Esco1,0.20158173652873632,0.2106162699292508,0.765476281810539
Exosc8,-0.20124884313209543,0.21140259204454095,0.765476281810539
Ccdc134,0.20164506175937283,0.21046691164131415,0.765476281810539
Dnaja4,-0.20115012866907503,0.21163613962756864,0.765476281810539
Adi1,0.20112474945209544,0.21169621185051124,0.765476281810539
Arap2,0.2013033582317493,0.2112736889827664,0.765476281810539
Dnph1,-0.20141338024651093,0.21101369732341274,0.765476281810539
Snrpb,0.20144424077055675,0.21094080954053993,0.765476281810539
Zp3,-0.20162767407917098,0.21050791501794414,0.765476281810539
Dhrs11,0.20102086590175883,0.2119422211122243,0.765476281810539
Defa-rs10,0.201453489517887,0.2109189687013063,0.765476281810539
Bmp2k,0.20115648949503992,0.21162108542969654,0.765476281810539
Dtwd1,0.2010475684838194,0.21187896786943378,0.765476281810539
Sra1,-0.20099794367003831,0.21199652947428288,0.765476281810539
Cadm4,0.2012133231936362,0.2114866085199204,0.765476281810539
Spcs2,0.20109292497390294,0.21177155596951755,0.765476281810539
Cbx3,-0.2009739768979417,0.2120533225233812,0.765476281810539
2900097C17Rik,-0.2009703243934,0.21206197859951706,0.765476281810539
Adamts1,0.2010907369947594,0.21177673664377705,0.765476281810539
Hoxa10,0.2008826341084437,0.2122698666241256,0.765734958053395
Pzp,0.20083298273053685,0.21238763570356123,0.765734958053395
Tmem126a,-0.2008615284583418,0.21231992221328516,0.765734958053395
Myh14,0.2008163706631396,0.2124270479081378,0.765734958053395
Dnajc27,-0.20088667416099562,0.21226028585845746,0.765734958053395
Dlg1,0.20017948662492668,0.21394173286308205,0.7662129936299709
Gabrd,-0.20000143649701185,0.2143664665713059,0.7662129936299709
B4galt6,-0.19991721742024607,0.21456756406910646,0.7662129936299709
9130004C02Rik,-0.20031916608682954,0.21360892344107665,0.7662129936299709
1700094J05Rik,-0.20012824695643489,0.21406390627534058,0.7662129936299709
Hint3,0.19970810686405394,0.21506741841868363,0.7662129936299709
Reep3,0.20026701696426924,0.2137331370271683,0.7662129936299709
Tmeff2,-0.19971621260158187,0.21504802819650826,0.7662129936299709
Rsrp1,-0.20037037804190821,0.2134869888438174,0.7662129936299709
Nfib,-0.19970305706130842,0.21507949894286363,0.7662129936299709
Utp6,-0.1997771560798376,0.21490227884178417,0.7662129936299709
Apbb1ip,0.2005296168244995,0.21310814059957017,0.7662129936299709
Col19a1,0.2004871448737695,0.21320914268935634,0.7662129936299709
Tmem184b,0.19990661677747742,0.2145928850653476,0.7662129936299709
Cd2bp2,-0.20065545981914198,0.2128090617542408,0.7662129936299709
Supt20,0.20058998009489484,0.21296464616790695,0.7662129936299709
Myh6,0.2003682819731542,0.2134919786304849,0.7662129936299709
Tmem209,0.2004697823951133,0.213250441387382,0.7662129936299709
Myh11,-0.2002111914265478,0.2138661606863332,0.7662129936299709
Unc50,-0.20053418018979785,0.21309729040493935,0.7662129936299709
Uba2,0.19980591890676894,0.21483351392365982,0.7662129936299709
Ikbkb,0.20010356595674572,0.21412277102559266,0.7662129936299709
Qpctl,-0.20033396019758054,0.21357369421294753,0.7662129936299709
Atp5h,-0.19972301423639582,0.21503175849332481,0.7662129936299709
Smim3,-0.19970094883152018,0.21508454254476075,0.7662129936299709
C79490,-0.20039083368673066,0.213438297328695,0.7662129936299709
Htra3,0.20042019128939567,0.21336842898874941,0.7662129936299709
Fam98a,-0.2003991395584629,0.21341852858894106,0.7662129936299709
Sp110,-0.2002024545168087,0.21388698438005094,0.7662129936299709
Fuom,-0.2003828266082904,0.21345735606654714,0.7662129936299709
Timmdc1,-0.2000167832594952,0.21432983522446655,0.7662129936299709
Bcmo1,-0.19990252104554515,0.2146026687789358,0.7662129936299709
Snap47,-0.19981492095174216,0.21481199523063385,0.7662129936299709
Chrdl2,-0.19970168177076536,0.21508278909616735,0.7662129936299709
Klra20,0.20037273982961265,0.2134813665941383,0.7662129936299709
Gzmb,-0.20065117658696752,0.21281923669984826,0.7662129936299709
Eya4,0.20004559415313986,0.21426107744600903,0.7662129936299709
Rps27l,0.19976526504592032,0.2149307116831586,0.7662129936299709
Bicd2,-0.20030998350489404,0.21363079187579065,0.7662129936299709
Mgat1,0.2000361392879807,0.21428364005503733,0.7662129936299709
Plet1,0.19980912608367862,0.21482584725074297,0.7662129936299709
Mocs1,-0.1997388426793226,0.21499389957630785,0.7662129936299709
Dazap1,-0.2006292814428215,0.21287125432733456,0.7662129936299709
Tpd52l1,0.199663824911211,0.2151733684520782,0.766275828011191
Kcnc4,-0.19964449573345597,0.21521962676534714,0.766275828011191
Slc16a2,0.19961652349472628,0.21528658122879307,0.7663051277835572
Ttl,-0.19956078797159169,0.21542003125800818,0.7665710356928686
Mxra8,0.1995305578304172,0.21549243560432665,0.7666196270994707
Fnbp1,-0.1995035810866524,0.21555706137227948,0.7666405270773712
Gstm7,0.1994729809367382,0.21563038299201706,0.7666923345130329
Rita1,0.19914012891979166,0.2164290063895571,0.7669944578718337
Ddx25,-0.19920434934829293,0.21627476745627747,0.7669944578718337
Eva1c,-0.19920832563435728,0.21626521996425815,0.7669944578718337
Lyplal1,-0.19929620734069683,0.21605427792661602,0.7669944578718337
Pdzd3,0.19925411925564887,0.21615528470256337,0.7669944578718337
Cyp3a16,0.19914577916900825,0.21641543319341341,0.7669944578718337
Egfl8,-0.19925759188979664,0.21614694957607028,0.7669944578718337
Sirt2,0.19911912449413297,0.2164794687977595,0.7669944578718337
Cacna1s,-0.1992554077148577,0.21615219207705366,0.7669944578718337
Fech,0.19918255653340047,0.21632709932604888,0.7669944578718337
Mpp7,-0.19912129564833855,0.21647425231282053,0.7669944578718337
Psmc6,0.19932615211686397,0.2159824328397585,0.7669944578718337
Grhl2,0.19929644614338848,0.21605370491584067,0.7669944578718337
Creb3,0.19905705544731206,0.2166286331724678,0.7671663172954885
D1Ertd622e,0.19905001484644658,0.21664555745527433,0.7671663172954885
Klf17,-0.1990045696478747,0.21675482029173188,0.7673449945704853
Dgcr6,0.19897889826879178,0.21681655755119628,0.767355372792395
Scarb2,0.19891714678403477,0.21696511186513162,0.7674648264375447
Slc27a4,-0.19893407618649667,0.21692437842296008,0.7674648264375447
Polr3h,0.1988915952555937,0.21702660041281446,0.7674742842240694
Wdfy3,-0.198794467677598,0.21726043882986834,0.7676784346263645
Abcc6,0.19878532419199593,0.2172824607291351,0.7676784346263645
Rps27,0.1987698838292356,0.21731965188978394,0.7676784346263645
Wipi1,0.19879110239989403,0.21726854386067201,0.7676784346263645
Sp6,-0.19872274254747624,0.21743322709038573,0.7678717673348967
Ecsit,-0.19865011074358616,0.21760829239668633,0.768282090769578
Cd4,-0.1986169335217726,0.2176882909373171,0.7683566428025563
Nxnl2,0.1984549110454156,0.21807924755785363,0.7685577727862927
Emd,0.19852531833523757,0.21790929920812213,0.7685577727862927
Pbx2,-0.1984902197635446,0.21799400878151712,0.7685577727862927
Rapgef6,0.19850519747623221,0.21795785775662277,0.7685577727862927
Fgr,0.19844687046870935,0.21809866140145925,0.7685577727862927
Pacsin1,0.1984717230976586,0.21803865882814352,0.7685577727862927
Dock7,0.19842074994445114,0.21816173689278917,0.7685626696452096
Pdgfc,0.19837944441857705,0.21826150559335247,0.7685626696452096
Eftud1,0.19832071486193537,0.21840341206285255,0.7685626696452096
Fam117b,0.1983586362508916,0.21831177675544036,0.7685626696452096
Tex10,0.1983015797574271,0.2184496608430863,0.7685626696452096
Ptcd3,-0.1982756516271252,0.21851233844614357,0.7685626696452096
Nptn,-0.1982966266417604,0.21846163338209473,0.7685626696452096
Iigp1,0.19813448997039845,0.21885378586166748,0.7692453586483
Ogfod3,0.19813243060570446,0.21885876974829252,0.7692453586483
Polr2j,0.19811537330161866,0.21890005316978436,0.7692453586483
Vstm2b,-0.1980979458099853,0.21894223787415024,0.7692453586483
Atp6ap2,-0.19807215345470605,0.2190046803114679,0.7692576240603888
Bcl3,0.19802786877533138,0.21911191955677375,0.7693550682717524
Upk2,0.19801200639513342,0.21915034016139961,0.7693550682717524
Chgb,-0.19795492945948678,0.2192886243080752,0.7694296430198524
Cbr1,0.197954563131065,0.21928951202320723,0.7694296430198524
LOC100653389,0.197875970816634,0.21948001795726288,0.7697060707487109
Tbc1d17,0.19787339384789496,0.21948626632354612,0.7697060707487109
Vmn1r15,-0.1978097619714717,0.21964059164190325,0.7700403224973659
Trex2,-0.197783290098408,0.2197048145767605,0.7700585886145979
Ube2m,0.19755404029318838,0.22026151323191726,0.7701689517895051
Cox7a2,-0.1975087477593322,0.22037160961057836,0.7701689517895051
Cadm3,-0.19772124486509898,0.21985539009584615,0.7701689517895051
Wsb1,0.19751158228215218,0.22036471842968008,0.7701689517895051
Grem2,0.197739556842866,0.2198109422634316,0.7701689517895051
Gsg2,0.19747874585021935,0.22044455781544955,0.7701689517895051
Cldn1,0.1975781524027028,0.22020291673804354,0.7701689517895051
Foxj2,-0.1976362734672365,0.22006171513381662,0.7701689517895051
Gkn2,0.19751569269629812,0.22035472560494385,0.7701689517895051
Hbb-b2,0.19748252255360593,0.22043537406355673,0.7701689517895051
Ndufaf7,-0.19768160543297925,0.21995162545939728,0.7701689517895051
Gh,0.19761260049360926,0.22011921995657402,0.7701689517895051
Macrod1,0.19743857072623672,0.22054226671301863,0.7703040787843094
Cerk,-0.19737637921877862,0.2206935775704033,0.770626302840833
Rhov,-0.19727034312005143,0.22095171980770767,0.7713212926085546
Ngf,0.1971130265868257,0.2213350705802874,0.7718188247229572
Ndp,-0.19718042917087697,0.22117076939559172,0.7718188247229572
Copb2,0.19705393015055597,0.2214791909616271,0.7718188247229572
Tcfl5,0.19706507843357995,0.22145199854099232,0.7718188247229572
Lpp,-0.19704200677854664,0.22150827638803544,0.7718188247229572
Smpd2,-0.19709059612804466,0.2213897651631781,0.7718188247229572
Mesdc2,-0.19706952286713145,0.2214411584816205,0.7718188247229572
Ang2,0.19701250438654777,0.22158025426351144,0.7718635178549281
Hmces,-0.1969689993219812,0.22168642307255312,0.7719078742059298
Foxm1,-0.19691619281091982,0.2218153360717833,0.7719078742059298
Tfr2,0.19691034869315996,0.2218296059676785,0.7719078742059298
Dmrt1,0.19694542580354582,0.22174396540748703,0.7719078742059298
Pi4k2b,-0.19685468953860588,0.22196554229989612,0.771969179496627
Elk4,0.19687118465084538,0.22192525055863777,0.771969179496627
Tle3,-0.19673794587233395,0.2222508439947012,0.772028483540184
Pigh,0.19679372286650837,0.22211450430225685,0.772028483540184
Mlxip,-0.19672667000782218,0.2222784131090866,0.772028483540184
Eif4a2,-0.19676501622099166,0.22218466710759832,0.772028483540184
Cckbr,-0.19676448544393632,0.22218596453409264,0.772028483540184
Ppp1r37,0.19663513637089705,0.2225022933721183,0.7726004327335741
Efemp1,0.19656538671615323,0.22267299253134867,0.772987464629308
Acads,-0.19654056794338554,0.2227337526528022,0.7729927495655361
Clcnkb,0.1964298615625375,0.2230049119251026,0.7730181201477916
Pop4,-0.19641666020382956,0.22303726127338763,0.7730181201477916
Was,-0.19649228701235386,0.22285198304263598,0.7730181201477916
Kif11,0.1964202273506523,0.22302851983188696,0.7730181201477916
Zxdc,0.19643658750637122,0.22298843148639527,0.7730181201477916
2610301B20Rik,0.19624922806879844,0.22344781501306352,0.7734229436173885
Ccnf,-0.19628676272409482,0.22335573444958504,0.7734229436173885
Trpv2,-0.1962625805869852,0.22341505555210933,0.7734229436173885
Tor4a,0.1962240125586653,0.22350968812791572,0.7734229436173885
Nkx2-5,-0.19624208947556263,0.22346533034734548,0.7734229436173885
Ccdc104,-0.19625977327287517,0.2234219428361241,0.7734229436173885
Hspa4l,-0.19618836717630644,0.22359717304716478,0.7735205490701095
Arsa,-0.19614315694820253,0.22370816557045084,0.7736994043278063
Mgea5,-0.19609260261955913,0.22383232104681924,0.7739236770906053
Ube2j1,-0.19597153758864683,0.2241298271419913,0.7741973817785968
Uty,-0.19598456458879404,0.2240978019881921,0.7741973817785968
Il3ra,-0.19596381996706122,0.22414880131500795,0.7741973817785968
Zfp40,0.19600079321209082,0.22405791028774721,0.7741973817785968
Gatad2b,-0.19593752092044409,0.22421346683658036,0.7742158054380888
Cldn14,0.19588518459064,0.22434219082119353,0.7744553566205699
Snx9,0.19574755010901132,0.22468094256237503,0.774804867731615
Ergic3,0.19581627520055556,0.22451175139426843,0.774804867731615
Mid2,0.19574763732454167,0.22468072779722062,0.774804867731615
Dctpp1,0.1957491517768098,0.22467699853371415,0.774804867731615
Zbtb1,0.195700473903296,0.22479688579094748,0.7749395617772318
Ska2,0.1956834694579814,0.2248387754531841,0.7749395617772318
Slc25a28,-0.1956237351088445,0.22498596900808746,0.775037462932031
Ttpa,0.1956245963761927,0.2249838462774381,0.775037462932031
Lat,0.19547872668985328,0.22534355345998264,0.7754504296147978
Msantd4,0.1954995636422988,0.22529214743328269,0.7754504296147978
Zfp90,0.1955167581366834,0.22524973338723367,0.7754504296147978
Alox12b,0.19550275825515329,0.2252842668121661,0.7754504296147978
Dmkn,-0.195373730551459,0.2256027028102924,0.7758992945121422
Pkdrej,0.19532953905527065,0.22571183400782374,0.7758992945121422
Sema6d,-0.19534546068628694,0.22567251142922695,0.7758992945121422
Agpat1,0.19537272826680543,0.2256051775739658,0.7758992945121422
Gm2a,0.19523207748040622,0.2259526388277186,0.7763180579417851
Rcn1,0.19523367874274603,0.22594868111648586,0.7763180579417851
Samd8,0.19519136708720236,0.22605327475352846,0.7764593793784662
Mmp20,0.19511474297307188,0.2262427692372102,0.7767249166865438
C79246,0.19511196996231248,0.2262496289620318,0.7767249166865438
Zfp354a,0.19494577045412878,0.22666101424554821,0.7771028508200476
Chst3,-0.19492524357807486,0.2267118574970464,0.7771028508200476
Tbxa2r,0.19492315457538417,0.22671703219188605,0.7771028508200476
Pign,0.19492339070974368,0.22671644725660037,0.7771028508200476
Scp2,0.19493941362064968,0.22667675875668744,0.7771028508200476
Plac1,-0.19503090495066347,0.22645022369758022,0.7771028508200476
9530068E07Rik,0.1948891062733973,0.22680138461905644,0.777187832955375
Wdr81,0.1948289838521671,0.22695038434942005,0.7774942413692787
Gria3,-0.1947724608879918,0.22709052232665505,0.7777701380158849
Matn1,0.19474070336425328,0.22716928404231007,0.7778357353629243
Hck,0.1946449375757723,0.22740690112488254,0.7778589759068802
Ube4b,-0.1946178567193962,0.22747412461189784,0.7778589759068802
Ros1,-0.19465421886267723,0.22738386495875193,0.7778589759068802
Ptpn23,-0.19464715727453652,0.22740139169013188,0.7778589759068802
Ccdc84,-0.1946403415594169,0.22741830901122975,0.7778589759068802
Gstm3,0.19458459495195604,0.2275567089975968,0.7779375152501025
1110059G10Rik,0.19453217177690926,0.2276869085097997,0.7779749853742802
Mrs2,-0.19454506683416536,0.227654877484038,0.7779749853742802
Igbp1,0.19450182939443011,0.2277622899711935,0.7780288277052627
Pi15,-0.19444240869452856,0.22790995999073402,0.7780994077138649
Ndrg1,0.19428114634301513,0.22831103983920756,0.7780994077138649
Cyp26a1,0.19429367350604937,0.22827986660841157,0.7780994077138649
Eps8,0.19429579749416584,0.22827458144530569,0.7780994077138649
Kcna3,0.19429575889501632,0.22827467749164268,0.7780994077138649
9030617O03Rik,-0.1942879676943673,0.2282940648942935,0.7780994077138649
Tgm3,-0.1944613211020766,0.2278629527871531,0.7780994077138649
Kremen1,-0.19440639783065589,0.22799948339411463,0.7780994077138649
Snx18,0.1942777012955633,0.22831961316088503,0.7780994077138649
Sco2,0.19423352651565715,0.22842956495335787,0.7781432084503181
Hprt,-0.19422082039594407,0.22846119714254365,0.7781432084503181
Pdpk1,-0.1942006720119003,0.2285113629229534,0.7781432084503181
Comtd1,0.194130759317617,0.22868548879087763,0.7785329880595258
Nap1l1,0.1940995920764072,0.22876314256891944,0.7785942220609884
Traf1,-0.19406407991989405,0.22885164288031903,0.7786923306245849
Mis18a,0.1939548989139048,0.22912387503569442,0.778894123112674
Klf15,0.19394454284124815,0.2291497079185804,0.778894123112674
Shf,-0.1939578317678218,0.22911655947523402,0.778894123112674
Cenpm,0.1939711029002447,0.2290834585587946,0.778894123112674
Cry1,0.1938591285777961,0.22936284387606978,0.779010674334034
Nudt5,-0.19385902845761058,0.22936309378430214,0.779010674334034
C78859,-0.19390595475702596,0.2292459814539751,0.779010674334034
Celsr2,-0.1937964980896944,0.22951920963197692,0.7793380604964004
Qdpr,-0.19372278367997378,0.22970333750818125,0.7797603671030846
Six1,-0.19367815938886043,0.22981484955962408,0.7799360134989687
Isl1,-0.1932565837563571,0.23087008065451678,0.7807530108880909
Rhox5,-0.19329358582482092,0.23077733522091645,0.7807530108880909
Usp39,0.19316800046566232,0.23109221326821364,0.7807530108880909
Pi4ka,-0.19327284265511743,0.23082932482791746,0.7807530108880909
Taf11,-0.1931953925256229,0.23102350963548435,0.7807530108880909
Maea,-0.1934679890258158,0.230340523501879,0.7807530108880909
Ddx54,-0.19315191352938238,0.2311325680941601,0.7807530108880909
Pex13,-0.19316801734047148,0.2310921709393953,0.7807530108880909
Ipo5,0.1935322546294756,0.23017970006969912,0.7807530108880909
Cep70,0.1934130720115816,0.23047801061589332,0.7807530108880909
Insig2,-0.19328395561189,0.2308014709339808,0.7807530108880909
Cdc25a,-0.19335742146274748,0.23061738902080192,0.7807530108880909
Slc22a6,-0.19340175942986032,0.23050633883147367,0.7807530108880909
Mrm1,-0.19320345977095385,0.23100327825500025,0.7807530108880909
Rpl13a,-0.19320086175647974,0.23100979353934037,0.7807530108880909
Tmed11,-0.1934564435999434,0.23036942350959838,0.7807530108880909
Prkaca,-0.19343406748017059,0.23042544120554675,0.7807530108880909
Gpr83,0.19316030814845844,0.23111150922693396,0.7807530108880909
Med31,-0.1930005923166585,0.2315123902911617,0.7813363889223867
Pcdh10,0.19302011193140203,0.23146337234546535,0.7813363889223867
Ptx3,-0.19303526275489105,0.23142533005804405,0.7813363889223867
Cd8a,-0.19298769633455776,0.23154477860087894,0.7813363889223867
Svs3a,-0.1929063066145767,0.23174925764887938,0.7818242148552811
Sept3,-0.19284616933651155,0.23190041915047058,0.781929862918473
Zfp111,-0.1928497896600126,0.23189131725367554,0.781929862918473
Slbp,0.1927756502054386,0.23207775874584438,0.7821236244510649
Vmn2r-ps54,-0.19278428326905955,0.23205604378577027,0.7821236244510649
Prkcq,0.19271332673457361,0.23223456197798278,0.7823341460373101
Palmd,-0.19269078314166552,0.2322912977788811,0.7823341460373101
Gabrg2,0.1926793452949034,0.23232008704840038,0.7823341460373101
Cxcr5,-0.19227976025252427,0.23332731546907362,0.7823680597502206
Slfn3,-0.19237948757079534,0.23307566734111138,0.7823680597502206
Pcsk1n,0.19252587657531012,0.23270659643562305,0.7823680597502206
Prpf31,-0.1925992797111065,0.23252167895498405,0.7823680597502206
C230091D08Rik,0.19262877230042502,0.232447408181443,0.7823680597502206
Numa1,-0.19232855953796643,0.2332041550233199,0.7823680597502206
Txndc11,0.1924272622469823,0.23295517743145538,0.7823680597502206
Zfp143,0.19257648981339195,0.23257908106609534,0.7823680597502206
Olig2,-0.19229137241528624,0.23329800464582848,0.7823680597502206
Siglec1,0.1924658070516955,0.23285799537155735,0.7823680597502206
Apoh,0.19248527318020112,0.2328089259823256,0.7823680597502206
Plekha7,-0.19238972462275084,0.23304984560017816,0.7823680597502206
Gbe1,0.19230058420382506,0.23327475443578014,0.7823680597502206
Cldn5,0.19257234397379988,0.2325895244062477,0.7823680597502206
Taf7,-0.1922710064846038,0.23334941287055394,0.7823680597502206
C1d,0.19232588324624783,0.2332109083909731,0.7823680597502206
Foxj3,-0.19254207080642086,0.2326657915951803,0.7823680597502206
Gpx7,0.19222464596709268,0.2334664649362701,0.7825594402654479
Kcne3,-0.1921182990734706,0.23373511690587032,0.7832587417834366
1700021F05Rik,-0.19205226986344157,0.23390202054069797,0.7834625086304208
Myocd,-0.19204673930410898,0.23391600380290592,0.7834625086304208
Sft2d1,0.19197206122399665,0.2341048705846054,0.7838938815136044
Epha7,0.1919091363877276,0.23426408979157493,0.7842257844254134
Tnfrsf4,0.19185267938294998,0.23440700357649177,0.7845029468247349
Kcnc1,-0.1918216550915622,0.23448556189174183,0.7845646402885484
4930430A15Rik,-0.19146687046127767,0.23538515404795085,0.7855216542860138
Zfp772,0.1915553729525205,0.23516053657393604,0.7855216542860138
Tnfaip8l1,-0.19146336656738783,0.23539404973727066,0.7855216542860138
Agbl5,0.1916194015770759,0.23499812050057764,0.7855216542860138
Ccdc93,0.19151475232065815,0.23526361351477681,0.7855216542860138
Foxe3,-0.19158693350537498,0.235080470398064,0.7855216542860138
Cul4b,0.19150355342530662,0.23529203647109465,0.7855216542860138
Snta1,0.1915638266209787,0.2351390886615286,0.7855216542860138
Scrn2,-0.19162639949365853,0.2349803739086209,0.7855216542860138
Bnc1,-0.1914477245955355,0.23543376426642657,0.7855216542860138
Ptpra,0.19161969243988378,0.2349973828602469,0.7855216542860138
Alg2,-0.19139367763737702,0.23557102162980914,0.7857786966378781
Coa5,-0.19133254882776587,0.23572632692457396,0.7860957935187237
Apon,0.19118926067776515,0.23609062987706436,0.7865066707341876
Pkp3,-0.19120944602099754,0.2360392874489952,0.7865066707341876
Slc25a11,-0.19122802123209737,0.2359920469057977,0.7865066707341876
Cnep1r1,0.19125926041372596,0.2359126132122749,0.7865066707341876
Vmn2r88,-0.19113504878965853,0.23622855656029051,0.786765297232065
Las1l,-0.1910386480192825,0.23647395056538173,0.7873816230996852
Recql5,0.19097372236372984,0.23663931636430036,0.7873905061382451
Klrb1b,-0.19101104632200336,0.23654424294675352,0.7873905061382451
Spz1,0.19093025667943253,0.23675006567249018,0.7873905061382451
Cox6b1,-0.19091916839418793,0.23677832370959262,0.7873905061382451
Esrra,-0.19092256355367557,0.23676967105237356,0.7873905061382451
Tti2,-0.19086521879862486,0.23691584338796284,0.7874464697833742
Pfn2,-0.1908763180469341,0.23688754670869602,0.7874464697833742
Dnase1,-0.19077977120515846,0.23713375919175425,0.7875689548722833
Mmp8,-0.1907860741375771,0.23711768045215895,0.7875689548722833
Them4,0.19079136113346343,0.23710419390779988,0.7875689548722833
Nova1,0.19069016909047437,0.23736241042216755,0.7881277591854616
Akt1,-0.1906304163119939,0.23751497038158,0.7884336933373791
Cep152,-0.19059315865193688,0.23761012843263898,0.7885489740380228
Metap1,0.19053303437313718,0.23776374139604775,0.7886576160338147
Shh,-0.19053696396152375,0.23775369962195772,0.7886576160338147
Magt1,0.19044282951402766,0.2379943292039595,0.7892218555991023
Sez6l2,-0.19032252053709728,0.2383020976816004,0.7900416851237815
Myot,0.19014589159281675,0.238754410161382,0.7913401824221167
Pdlim1,0.19007875006741665,0.23892649297862606,0.7916506732216525
Edem1,0.1900620049374811,0.23896942308376806,0.7916506732216525
Ppp2ca,-0.190015815766016,0.23908786596291812,0.7918420210533296
Flot1,0.1899725574074658,0.23919882797227346,0.792008501956406
Ankrd44,0.18992376101346922,0.23932403577942157,0.7920211369225645
Clec10a,-0.1899241450061948,0.23932305031721132,0.7920211369225645
Tecr,-0.1896995068290665,0.2399000026542916,0.7926826295114923
Hoxb7,0.18944288739440351,0.24056019953983918,0.7926826295114923
4930524B15Rik,0.1892405656189509,0.24108153753376274,0.7926826295114923
Vapb,-0.18972186087384876,0.2398425488989663,0.7926826295114923
Sts,-0.18884036269033852,0.2421149296228489,0.7926826295114923
Xpa,0.18923961808743414,0.24108398083467789,0.7926826295114923
2610001J05Rik,0.1887424705536429,0.242368140359926,0.7926826295114923
Tmem246,-0.1886913252905538,0.24250050249136923,0.7926826295114923
Mall,0.18920575807198742,0.2411713026828911,0.7926826295114923
Ubfd1,-0.18881946832293384,0.24216896121386505,0.7926826295114923
2610034M16Rik,0.18944591829279414,0.24055239516287863,0.7926826295114923
Arhgef25,-0.18913124418150068,0.2413635394037095,0.7926826295114923
Ccnd2,-0.18887575894929368,0.24202341484439038,0.7926826295114923
Ywhab,-0.18876970516077032,0.24229767727625412,0.7926826295114923
Ppp2r1a,-0.1892719571149475,0.24100060063700018,0.7926826295114923
Hnrnpul2,-0.1892411565819399,0.24108001368714138,0.7926826295114923
Mustn1,-0.1897508393376186,0.23976808255295093,0.7926826295114923
Fkbp7,0.1891480595499443,0.24132014912502098,0.7926826295114923
Nmt2,0.18920786924257837,0.24116585756919345,0.7926826295114923
En2,-0.18924768859980404,0.24106317075888728,0.7926826295114923
Pcdhb19,0.18874727123301444,0.24235571877672707,0.7926826295114923
Nab2,-0.1896008897786946,0.24015357225270986,0.7926826295114923
Krtap16-3,0.18925497245199865,0.241044390112778,0.7926826295114923
Oard1,0.18874381273451532,0.2423646674741856,0.7926826295114923
Tpx2,-0.18920620387176423,0.24117015287315408,0.7926826295114923
AA414993,0.18932570332697865,0.24086206739039562,0.7926826295114923
Cacna1e,0.18922932178934973,0.2411105318633475,0.7926826295114923
Banp,-0.18963806525030452,0.24005796419093786,0.7926826295114923
Pdc,0.1889790249903154,0.24175655526946724,0.7926826295114923
Tars,-0.1890353924236371,0.24161097140119003,0.7926826295114923
Coro6,0.18977344013930708,0.23971001540092013,0.7926826295114923
Chd3os,-0.18869410902574751,0.2424932970775542,0.7926826295114923
Barhl1,0.1891466192981298,0.24132386534416875,0.7926826295114923
Pcdhb22,0.18948269985732533,0.24045769800194916,0.7926826295114923
Tpbpb,-0.18891170712685132,0.24193049608010606,0.7926826295114923
Ttc27,0.18892033876418468,0.24190818848979379,0.7926826295114923
Dap3,-0.1888516736636535,0.24208568338064682,0.7926826295114923
Cuedc1,-0.1890935800708466,0.2414607460246231,0.7926826295114923
Igf1,0.18976958519070475,0.23971991908825327,0.7926826295114923
Dock1,0.18925079346128656,0.24105516508425956,0.7926826295114923
Rab15,-0.1887077962427057,0.24245787113537481,0.7926826295114923
Eral1,-0.18873595717827052,0.2423849941416346,0.7926826295114923
Trim28,0.18942507371053005,0.2406060720035739,0.7926826295114923
Klk1b16,0.18917715736062896,0.24124507726372243,0.7926826295114923
Ntf3,-0.18926918697132153,0.24100774220648918,0.7926826295114923
Slc52a2,-0.1893974009274927,0.2406773441463759,0.7926826295114923
Ptpre,0.18895143038058262,0.24182784642237262,0.7926826295114923
Ndufv1,0.1897449880767848,0.2397831174053743,0.7926826295114923
Snrnp27,-0.18895142355416328,0.2418278640602324,0.7926826295114923
Gm26568,-0.18865587734169093,0.24259226801806758,0.7927080093067014
Spg21,-0.1886413956216324,0.24262976390305507,0.7927080093067014
Eif2s3x,0.1886081007140328,0.2427159848996816,0.7927912107524269
Chd8,-0.188455043055241,0.2431126007882735,0.792802449380344
Gpt,0.18849645508853596,0.24300524903089174,0.792802449380344
Nop58,-0.18848669224270703,0.24303055433377788,0.792802449380344
Rasd2,-0.1884426564892784,0.24314471625566225,0.792802449380344
Cyp2d34,0.18852471986032998,0.24293199635074264,0.792802449380344
Extl1,0.1885619398222821,0.24283555669228024,0.792802449380344
Slc35g3,0.18844808338026847,0.24313064525877648,0.792802449380344
Hnrnpdl,-0.18825704024020606,0.24362630497579413,0.7928482441408093
Cd209c,-0.18820310641454868,0.24376635416452808,0.7928482441408093
Dnah11,-0.18839698441714284,0.2432631570042917,0.7928482441408093
Isyna1,-0.18831503665158222,0.24347576468391413,0.7928482441408093
Dedd,-0.18824001911001764,0.24367049787083297,0.7928482441408093
Mmadhc,0.18826585019858783,0.24360343323574546,0.7928482441408093
Olfr155,0.18832186004586815,0.24345805727836226,0.7928482441408093
H2afy3,-0.1882233420342115,0.243713802513234,0.7928482441408093
Gja5,-0.18831627079715482,0.24347256188822566,0.7928482441408093
B130024G19Rik,-0.1882137116211905,0.24373881166046915,0.7928482441408093
Cdkl2,-0.1879662266555971,0.24438207361346842,0.7929620950631668
Prkdc,0.18803793357915286,0.24419558032484123,0.7929620950631668
Pou1f1,0.18778629426747823,0.24485044228014524,0.7929620950631668
Prkch,0.18811055317566489,0.2440068072923966,0.7929620950631668
Zbtb8a,-0.18775964778580612,0.2449198530909994,0.7929620950631668
Isg20,0.1881643029848345,0.24386714671061663,0.7929620950631668
Wdfy2,0.1880739470842054,0.24410195220442127,0.7929620950631668
Sh3kbp1,0.18786037395298052,0.2446575406707295,0.7929620950631668
Olfr68,-0.18799236350418388,0.24431408698289736,0.7929620950631668
Setd1a,0.18774579188252774,0.24495595104602846,0.7929620950631668
Vsig2,0.1878751068001918,0.24461918843840869,0.7929620950631668
Artn,-0.18777060348282368,0.24489131330576275,0.7929620950631668
Vps18,0.1877787682855106,0.24487004524888656,0.7929620950631668
Myoz3,0.18792444810395248,0.2444907725436475,0.7929620950631668
Rhcg,0.187971322895372,0.2443688164190397,0.7929620950631668
Mphosph8,-0.18801820692569415,0.24424687564564496,0.7929620950631668
Eif2b1,0.1877631157523401,0.24491081874389367,0.7929620950631668
Acyp1,-0.18799493917417928,0.2443073878659746,0.7929620950631668
Ifi204,0.1878227701124907,0.2447554478192808,0.7929620950631668
Gtf2a1l,0.18736618462953764,0.24594625778744994,0.7932161932447935
Zw10,0.1876340538039197,0.24524718134314807,0.7932161932447935
Pcbd1,0.18740821200815397,0.24583649099213242,0.7932161932447935
Atcay,-0.18761069927117446,0.24530808007365326,0.7932161932447935
Tmem167,-0.18745252792404085,0.2457207813126739,0.7932161932447935
Dr1,0.18758030646045482,0.24538734629354578,0.7932161932447935
Cntnap2,0.18752182544008192,0.24553991478499046,0.7932161932447935
Commd4,0.18738611051050252,0.24589421157171362,0.7932161932447935
Mnd1,0.18761517892334054,0.2452963982801507,0.7932161932447935
Nfkbil1,0.18744037537261443,0.24575250834640505,0.7932161932447935
Ostf1,0.18753317678405085,0.24551029598139956,0.7932161932447935
Pdlim5,0.187370642603598,0.24593461298252345,0.7932161932447935
Mta3,0.18763879525713126,0.2452348188352133,0.7932161932447935
Arpp21,-0.18747017210135355,0.2456747218377513,0.7932161932447935
Irf3,-0.1874706268818629,0.24567353472376605,0.7932161932447935
Limd1,0.1871821338815366,0.24642733318767618,0.7939092772617032
Tmco3,-0.18721901421076023,0.24633088601045072,0.7939092772617032
0610040J01Rik,-0.18717659002655104,0.24644183324619687,0.7939092772617032
Clgn,-0.18716759542704337,0.24646535996529698,0.7939092772617032
Emp3,0.18724332364974142,0.24626732679114832,0.7939092772617032
Zbtb12,0.18711356660823533,0.2466067109440005,0.7941685516061852
Galnt4,0.18703726103119736,0.24680643187082016,0.7942237064074802
Limk2,-0.1870533450254357,0.2467643252114557,0.7942237064074802
Creb3l3,0.1870801261585715,0.24669422455880088,0.7942237064074802
Itgb1bp1,-0.18692929062505717,0.24708921018914506,0.7943501117906268
Serpina3k,-0.18693953374435748,0.24706237412060267,0.7943501117906268
Ush2a,-0.18697344240917635,0.2469735498363835,0.7943501117906268
Bod1l,-0.18693005402006005,0.24708721009671877,0.7943501117906268
Stau1,0.18690109879146308,0.24716308002155157,0.7943918796062134
Elf3,-0.1868488100054702,0.24730012778488497,0.7944410062690704
Slc16a8,0.18685072232569538,0.24729511477153662,0.7944410062690704
Tpm1,-0.1867928764119564,0.24744678279306603,0.794716482566261
Akap10,-0.18664358689353117,0.24783848700612907,0.7951478730000828
Gad2,-0.18646319560644567,0.2483123291037886,0.7951478730000828
Cidea,0.1866058070175439,0.24793767681971682,0.7951478730000828
Pdcd4,0.18655941156099642,0.24805952158279648,0.7951478730000828
Yrdc,0.18649319079214027,0.2482334989053167,0.7951478730000828
Slc39a6,0.1865336872734624,0.24812709590991022,0.7951478730000828
Otp,0.18646320842158282,0.24831229542094377,0.7951478730000828
Atm,0.18669938620370158,0.2476920345973935,0.7951478730000828
Zbtb32,-0.18647727385286614,0.24827532812431577,0.7951478730000828
Pdgfb,0.186660829240006,0.2477932263053375,0.7951478730000828
Grm1,-0.18649716281502696,0.24822306126191507,0.7951478730000828
Stxbp3a,0.18666285526080337,0.24778790840477255,0.7951478730000828
Gad1,-0.18612417865238703,0.2492044201170866,0.7956614822872188
Etnk1,-0.1861985103065546,0.2490086469032609,0.7956614822872188
Slco1a1,0.1862262667783836,0.24893556788893445,0.7956614822872188
Hacl1,0.18617206188266056,0.24907829486729574,0.7956614822872188
Necap1,-0.18635239322401415,0.24860366823605462,0.7956614822872188
Lcor,0.18633258822957185,0.24865576586077554,0.7956614822872188
Atp6v1a,-0.18612595070359844,0.24919975177069514,0.7956614822872188
Pbx4,-0.18635850833480616,0.24858758367781886,0.7956614822872188
Ly6h,0.18614784770699705,0.24914207027927024,0.7956614822872188
Dync1i2,-0.1861455475709483,0.24914812893578636,0.7956614822872188
Il10,0.18622786260516633,0.2489313667143471,0.7956614822872188
Abhd11os,0.18628026712624673,0.248793431926953,0.7956614822872188
Tubg1,-0.1860542583377618,0.24938866532660423,0.7960549642482531
Serpinb1a,-0.18595107631298408,0.24966071786458033,0.7964969010386048
Cnga1,0.18597258870835093,0.24960398193247432,0.7964969010386048
Trappc6a,-0.18593230461875254,0.24971023236638304,0.7964969010386048
Tax1bp1,-0.1858737269833224,0.24986478451273234,0.7967951058422884
Gspt2,-0.1858176463237191,0.2500128062992291,0.797015878043986
Apeh,0.18580122004103536,0.25005617324791773,0.797015878043986
Prpsap2,-0.18571096940096446,0.2502945299202147,0.7971047414121526
Ganab,-0.18571174519305006,0.25029248038971097,0.7971047414121526
Cdt1,0.1856981512054739,0.25032839530285855,0.7971047414121526
Fabp4,0.18571920515161203,0.25027277280933247,0.7971047414121526
Nploc4,-0.18565112715088322,0.2504526570461152,0.7971113955596969
Bid,-0.1856683386046842,0.2504071709259297,0.7971113955596969
Pecr,0.18560097880065884,0.250585218519477,0.7972255527062575
Ankrd46,-0.18559133545555573,0.2506107147828238,0.7972255527062575
Acacb,-0.18551835311410178,0.25080372860648337,0.797253909483442
Pgk2,-0.18542864649515464,0.2510411035260585,0.797253909483442
Wbp4,-0.18545394469575568,0.2509741467020612,0.797253909483442
3110043O21Rik,-0.1854995291636946,0.25085352715468273,0.797253909483442
Naglu,0.18552559070981128,0.25078458332173903,0.797253909483442
Clec2d,-0.18542630271973926,0.2510473073850458,0.797253909483442
Ten1,0.185472771921855,0.25092432408249166,0.797253909483442
Vps39,0.18538634537739773,0.25115308768900263,0.7973957764607774
Apoc3,-0.1853517006545612,0.2512448269307958,0.7974552227774432
Edar,0.18531004925319783,0.2513551483855946,0.7974552227774432
Pcp4,-0.185318588569519,0.25133252788581584,0.7974552227774432
Ffar2,-0.18523579916654365,0.25155189074826106,0.797712142047904
Scn11a,-0.1852333460358086,0.25155839256089546,0.797712142047904
Tmem140,-0.18519020550757798,0.2516727504882873,0.7978808846262538
Bpifb5,0.18515668315561165,0.25176163539802926,0.797968807459044
Cpt2,0.18500648871839762,0.25216012542814586,0.7983656442622555
Egfl7,0.18505960779787975,0.2520191456618567,0.7983656442622555
Pdzd11,0.18501931660517237,0.252126075158787,0.7983656442622555
Slc19a2,-0.18499419924683944,0.25219274930255325,0.7983656442622555
Phlda1,-0.18499694406686448,0.25218546261378466,0.7983656442622555
Zc2hc1c,0.18481014739894264,0.25268166143108406,0.7984431622447276
Speer3,-0.18480379682965126,0.25269854182963764,0.7984431622447276
Rnd3,-0.18491936076224846,0.2523914755672113,0.7984431622447276
Eif2s2,0.18465464511215077,0.25309520910273153,0.7984431622447276
Tex16,0.18464081114947264,0.2531320206134506,0.7984431622447276
Krtap6-2,0.18463889806852907,0.25313711150054163,0.7984431622447276
Gpn1,0.18486332316336865,0.25254034376911366,0.7984431622447276
Mug1,0.18438986719111253,0.25380036712571263,0.7984431622447276
Cggbp1,0.18479610162194776,0.252718997371534,0.7984431622447276
Ubox5,0.1847956935145538,0.2527200822397687,0.7984431622447276
Ccnb3,0.184288609241544,0.2540703707192943,0.7984431622447276
Tmem35,-0.18436222659517412,0.25387405230061416,0.7984431622447276
Chac2,0.18443024316835543,0.25369275623240045,0.7984431622447276
Col5a3,0.18446515577973932,0.2535997300215395,0.7984431622447276
Usf2,0.18432590184966105,0.25397090882402423,0.7984431622447276
Vmn2r1,0.18430473683629015,0.25402735427316686,0.7984431622447276
Zfp329,-0.18462571432227232,0.25317219646810163,0.7984431622447276
Nup85,-0.1843746111992611,0.25384103533444735,0.7984431622447276
Ap3d1,-0.18437855384910704,0.25383052493171904,0.7984431622447276
Mcfd2,0.18451794520667333,0.2534591118158899,0.7984431622447276
Ski,-0.18459700233207857,0.2532486164504019,0.7984431622447276
Slc5a7,-0.18488728854398417,0.25247667098663606,0.7984431622447276
Mrpl57,-0.1843477815951559,0.2539125656983976,0.7984431622447276
Zfp120,0.18455922522895876,0.2533491867401089,0.7984431622447276
Fbxo42,0.18463470835426135,0.2531482609511725,0.7984431622447276
Adprhl2,0.18427222877330213,0.25411406642672646,0.7984431622447276
Slc22a18,0.1844802885742851,0.25355941481654154,0.7984431622447276
Cdca7l,0.18447478056426364,0.25357408820339444,0.7984431622447276
Efhd2,-0.1846821289447296,0.2530220861404516,0.7984431622447276
Tiaf2,-0.18432733940404983,0.25396707526978846,0.7984431622447276
Slc47a1,-0.18428520384878874,0.2540794543756799,0.7984431622447276
D15Ertd50e,0.18396539063999093,0.25493346308538306,0.7985807167472021
Fosl1,0.18374864211412748,0.2555132991533355,0.7985807167472021
Hmgcs1,-0.18385354197924922,0.25523257027324064,0.7985807167472021
Vat1,0.18410388278325948,0.25456341697806717,0.7985807167472021
Cyp51,-0.18422891416585255,0.2542296335031282,0.7985807167472021
Agr3,-0.18392797234353173,0.25503350257679136,0.7985807167472021
Rabggta,0.1839926518519141,0.25486059485347085,0.7985807167472021
Enam,0.18418887648407514,0.2543364874357728,0.7985807167472021
Cpz,-0.18373643353548708,0.2555459841140797,0.7985807167472021
AI317395,-0.1839281880498274,0.25503292580426185,0.7985807167472021
Irx1,-0.1840772607209628,0.2546345234347547,0.7985807167472021
Selt,-0.18376608389035085,0.25546660845605235,0.7985807167472021
Sdad1,0.18382140858571308,0.2553185433873826,0.7985807167472021
Kifc2,-0.18391244991155303,0.25507500987587306,0.7985807167472021
Slc4a5,0.18387961199035943,0.2551628334113568,0.7985807167472021
Gclc,0.18384255003918012,0.25526197719643096,0.7985807167472021
Smcp,0.18414233212799058,0.25446074279938463,0.7985807167472021
Gpi1,-0.18396070096429512,0.2549459997646207,0.7985807167472021
6330403K07Rik,-0.18392272900644652,0.25504752288272836,0.7985807167472021
Zfp617,0.1841599285814947,0.2544137625236746,0.7985807167472021
Ube2o,0.1840309168944366,0.2547583363041122,0.7985807167472021
Mis18bp1,0.1837291769087738,0.25556541291564994,0.7985807167472021
Gm2682,-0.183796734635124,0.2553845713027947,0.7985807167472021
Srpk2,-0.18366118736238798,0.25574749323838336,0.7989288189573014
Arl8a,-0.18364186132998486,0.25579926474086945,0.7989288189573014
D15Ertd621e,0.18344557813892448,0.2563254577979037,0.7989424414813182
Drd3,0.18350807382297152,0.2561578451753182,0.7989424414813182
Ccl1,-0.1835193317600561,0.2561276589928588,0.7989424414813182
Crip1,0.18345572052548087,0.2562982512763802,0.7989424414813182
Ulk1,0.18350268008391896,0.2561723083469296,0.7989424414813182
S1pr5,0.18350565998585325,0.25616431775242193,0.7989424414813182
Peg10,0.18343469128344086,0.2563546633828094,0.7989424414813182
Smarcd1,-0.1835984072193376,0.25591569620635873,0.7989424414813182
Dcn,-0.18357141175296934,0.2559880452697263,0.7989424414813182
Psma3,-0.18338011738609858,0.256501097957541,0.7992079339178492
Slc7a2,0.18332314557410945,0.25665402380194297,0.7993669690216961
Shc3,-0.18331546040676125,0.2566746570772402,0.7993669690216961
Mrps2,-0.18327247677647912,0.2567900798699053,0.7995356125560474
Acox2,-0.18323268131543408,0.25689697115840715,0.7996776184747268
Ggt1,0.1832054585351593,0.25697010840570467,0.7997145109911854
Txn2,-0.1829734876748334,0.25759386610836055,0.800246414148879
Ammecr1,0.1829379478098092,0.257689516415673,0.800246414148879
Mllt11,-0.1828683336034831,0.25787693857736504,0.800246414148879
Hypm,-0.18288061320552154,0.2578438719066065,0.800246414148879
Tssc4,0.18293093623380258,0.25770838972015164,0.800246414148879
Bbs2,-0.18291783181031052,0.2577436657244969,0.800246414148879
Acaa1b,0.18288465172056534,0.2578329975334814,0.800246414148879
Rnmt,-0.18309626016967123,0.2572636167108524,0.800246414148879
Mapkap1,-0.18288660038950724,0.257827750523261,0.800246414148879
Grpr,-0.18299110706015032,0.25754645454783315,0.800246414148879
Serinc4,-0.18297331414669896,0.2575943330785983,0.800246414148879
Rhoq,0.1829455177534019,0.2576691411256369,0.800246414148879
Grb7,-0.18277288114323775,0.2581340666146268,0.800311720874455
Echs1,-0.18272393843407866,0.2582659710784221,0.800311720874455
Smad2,0.18282544880721097,0.2579924405716285,0.800311720874455
Dppa3,0.1827343602602567,0.25823787982612134,0.800311720874455
Mutyh,-0.18277255306054582,0.25813495068002207,0.800311720874455
LOC102640359,0.1827338752887093,0.2582391869873096,0.800311720874455
Yme1l1,-0.18259093968953644,0.25862463068376873,0.8012328598747621
Nfia,-0.18254145848832296,0.25875814850104695,0.8014562259174368
Bcl7c,0.1825150366341103,0.25882946205432644,0.801486865293523
Vopp1,-0.18246622387139558,0.2589612425008585,0.8017046864516495
Furin,-0.18241799831335162,0.2590914797287595,0.8017422459829736
Fbxl14,-0.18241622980961372,0.25909625651852247,0.8017422459829736
Ephb4,0.18235159473128582,0.25927087668186155,0.8020923826035115
Ltb4r1,-0.1820927648243034,0.2599708923314317,0.8021118002426313
Usp20,0.1821696184815387,0.25976291287022973,0.8021118002426313
Slc25a4,-0.18208635093085612,0.25998825425212074,0.8021118002426313
Ndufb11,-0.18226896892798236,0.2594942105319144,0.8021118002426313
Insm2,-0.1821532805134375,0.259807117385894,0.8021118002426313
Olfr78,-0.18220062041146573,0.2596790462762197,0.8021118002426313
Trip6,0.1823202977651054,0.25935545654048764,0.8021118002426313
Calml3,-0.18218190873643875,0.2597296631366212,0.8021118002426313
2510002D24Rik,0.18218976762890882,0.2597084033183722,0.8021118002426313
Tmem199,0.18207655079793186,0.26001478389350374,0.8021118002426313
Yeats4,0.18214271215910616,0.2598357140110679,0.8021118002426313
Tnnc1,0.1822690357537633,0.25949402985522246,0.8021118002426313
Eif5b,-0.18204660405062378,0.2600958625220817,0.8021722784331469
Eef1a1,-0.18202297920946706,0.2601598364302956,0.8021799871405783
Mmp11,0.18197081483724883,0.2603011283207662,0.8022365194751248
Eif2ak4,0.18197930308545468,0.2602781338045449,0.8022365194751248
Nsdhl,0.1818834579332545,0.2605378519248054,0.8023975524585285
Krt34,-0.18192807284476972,0.2604169353187767,0.8023975524585285
Naa60,-0.1818860383213663,0.2605308575081423,0.8023975524585285
Ifrd1,-0.1817953327857026,0.26077679638645246,0.8025955767036224
Vstm2a,0.18179169273228835,0.26078666911053405,0.8025955767036224
Ptprd,-0.1817975606307663,0.26077075403782146,0.8025955767036224
Cflar,0.1817625006223008,0.2608658539417525,0.802649971253461
Slc22a21,-0.18172754366240298,0.2609606963341658,0.8027525050600023
Nisch,-0.18169014789219579,0.26106217983680025,0.8028754147278827
D11Ertd326e,-0.18152285049247033,0.26151649433839697,0.8038936948461112
Pik3c3,0.18154209785699207,0.2614642003791278,0.8038936948461112
Kcnj14,0.1814713951040307,0.2616563283205068,0.8041341093392117
AI504432,0.18107932101451257,0.2627233836055164,0.8041936271800102
Gabre,-0.18132768633801277,0.26204712016401793,0.8041936271800102
Tnfaip6,0.18120832993086747,0.2623719722085088,0.8041936271800102
Rbbp7,-0.18115598835165167,0.26251451097520695,0.8041936271800102
Trit1,-0.18108462835484146,0.26270892087207676,0.8041936271800102
Tcp11,-0.18116216604930258,0.262497685047231,0.8041936271800102
Tmem33,0.18143077706288083,0.2617667446052904,0.8041936271800102
Zfp493,0.1814185319649492,0.2618000375610642,0.8041936271800102
Vipr2,-0.181355994166292,0.261970112405638,0.8041936271800102
Acox3,0.18113957954650278,0.26255920626124,0.8041936271800102
Lpar1,0.18113991484965153,0.26255829289397775,0.8041936271800102
Dll3,0.18131901011015678,0.26207072559692,0.8041936271800102
Ccdc47,0.18127245573288706,0.2621974093190802,0.8041936271800102
Efs,0.18136496883668293,0.2619457009930626,0.8041936271800102
Csrp3,-0.1811945478054084,0.2624094994870119,0.8041936271800102
Ubap2,-0.18108598860787176,0.2627052142049179,0.8041936271800102
Matr3,-0.1811336251879975,0.26257542629697644,0.8041936271800102
Kcnj11,0.18095204555440317,0.2630703665319875,0.8050668885731485
Zfp280c,-0.18080364409352484,0.2634753118516295,0.8055269452647503
Cdk11b,-0.18084903746904432,0.2633514042050988,0.8055269452647503
Cog1,-0.18076124337785707,0.2635910840892393,0.8055269452647503
Zdhhc9,-0.1808067406521178,0.26346685817849175,0.8055269452647503
Cxxc1,-0.18076338672240666,0.26358523105833087,0.8055269452647503
Acad8,0.1808326863487885,0.26339603263236533,0.8055269452647503
Nt5c,-0.18072110981334896,0.2637006958181151,0.8056732333717125
Ech1,0.1806938297551827,0.2637752189312527,0.8057122733693626
D1Ertd75e,0.18066814253238112,0.2638454030060963,0.805738044424655
Rtkn,-0.18061061872894432,0.264002615828977,0.8059369055279131
Pkib,-0.18059912097796035,0.2640340463738086,0.8059369055279131
Pin1,0.18056636210184715,0.26412360991164247,0.8059629938261349
Reep2,-0.18055081533452524,0.26416612189396727,0.8059629938261349
Fbxl12,-0.18047893617794608,0.26436272895139645,0.8061858495178249
Grik1,-0.18048078262879788,0.26435767729401605,0.8061858495178249
Spock2,-0.18041043276604762,0.2645501890208481,0.8062224311937003
Itch,0.18040682010779308,0.2645600774290309,0.8062224311937003
Slc26a6,0.18043694045517064,0.264477640529729,0.8062224311937003
Jam3,0.18027584429257348,0.2649187371906649,0.8067925977224635
Chrm1,0.18030995835117308,0.26482529067889615,0.8067925977224635
Bnipl,-0.1802707621899514,0.2649326600690287,0.8067925977224635
Efna2,-0.18021137579347177,0.26509538889518547,0.8068082755140669
Angel1,-0.18020119379081465,0.2651232956858241,0.8068082755140669
Eno1,-0.18023652560995007,0.2650264663755829,0.8068082755140669
Dppa4,-0.18009025531103695,0.26542747628048635,0.8075456138922981
Sec11a,-0.1800611996294826,0.26550718021871966,0.8075998122783387
Chchd7,-0.18000917783795667,0.265649921460772,0.8078456828575189
Ppp3r1,-0.17981448564675878,0.26618456440097943,0.8078543919308144
Ppp2r5b,-0.1797084556130821,0.2664760196182823,0.8078543919308144
Clstn1,-0.1798203589047742,0.26616842590963224,0.8078543919308144
4933431E20Rik,-0.17987407934801528,0.26602084210563054,0.8078543919308144
Znrd1,-0.17959671109147124,0.26678340173708065,0.8078543919308144
Zfp954,-0.1798568897494941,0.2660680606823552,0.8078543919308144
Ncoa1,0.1795280272319302,0.2669724458903606,0.8078543919308144
Slc25a36,0.17950496300957935,0.26703594645638734,0.8078543919308144
Cyp4b1,0.17984032171460876,0.26611357690040505,0.8078543919308144
Tnpo2,0.1797195563620908,0.26644549641395165,0.8078543919308144
Fbp2,-0.17963244552281943,0.26668508053423423,0.8078543919308144
Lats2,0.17994457082653972,0.2658272627433702,0.8078543919308144
Kif22,0.1799682654499079,0.2657622141021842,0.8078543919308144
Fbxo28,0.17968335850772282,0.26654503611419217,0.8078543919308144
Casp14,0.17949429887866106,0.26706531024647445,0.8078543919308144
Ube2g1,-0.17944520478700743,0.2672005177081305,0.8078543919308144
Plekhh3,-0.17946271875606978,0.2671522784289706,0.8078543919308144
Mcm9,-0.179574856448106,0.2668435448359484,0.8078543919308144
Ccl17,0.17969208499826558,0.2665210371691051,0.8078543919308144
Calcr,0.1795343005033544,0.2669551759346825,0.8078543919308144
Pagr1a,-0.17949026580295133,0.2670764158936534,0.8078543919308144
Dio2,-0.17980289768898725,0.2662164075188163,0.8078543919308144
Man2c1,0.17961425604178702,0.2667351249589317,0.8078543919308144
Ncf1,-0.17947278695764785,0.267124549761192,0.8078543919308144
Cpsf2,-0.1798445824804606,0.2661018711208947,0.8078543919308144
Rrp9,-0.1794119898161147,0.2672920179125374,0.8079438364004403
Cox6a2,-0.1792453501347906,0.2677513745407019,0.807954397814335
Gpatch4,-0.1792611128058591,0.2677079019841203,0.807954397814335
Arl6ip5,0.1793098368842216,0.2675735519968137,0.807954397814335
Hnrnpab,-0.17932604035936656,0.2675288825937658,0.807954397814335
Oxct2a,-0.1792746667031756,0.26767052467579455,0.807954397814335
Fpr2,0.17933021903162294,0.2675173636833264,0.807954397814335
Syt7,0.17923491945524497,0.26778014422391355,0.807954397814335
Cdk1,-0.17923103903552615,0.2677908476164456,0.807954397814335
Nppb,-0.17919819481297292,0.2678814529485771,0.8080026645692808
Htr6,-0.1791354750832634,0.2680545279270761,0.8080026645692808
Gpatch1,0.17914638680110698,0.26802441197558297,0.8080026645692808
Prkag1,-0.17916849840230223,0.26796339131580704,0.8080026645692808
Kif2a,0.17910240386011395,0.26814581640875723,0.8080911682027421
Sun1,-0.1790384177777383,0.26832249690719845,0.8082502913531932
Zfp52,0.1790484425243915,0.26829481137630123,0.8082502913531932
Otc,0.17898868380179672,0.26845987490205064,0.8084774769436553
Mrpl22,-0.17894829725930375,0.2685714656361914,0.808594372382486
1700074P13Rik,0.17892978619891256,0.2686226227510213,0.808594372382486
6330408A02Rik,-0.17880520809026362,0.2689670668523835,0.8090712898471074
Leprel2,-0.1788381129820603,0.2688760614806927,0.8090712898471074
Spin4,0.1788062666671856,0.26896413883281245,0.8090712898471074
Cox4i2,-0.17870831366984438,0.26923516183324425,0.8096910870619968
Gltp,0.1786683614340944,0.26934575396458843,0.8098370376691048
Plekhg2,-0.17862463634497636,0.2694668226853783,0.8100144135502191
Ppp2r2d,-0.1785715884938745,0.26961375103541646,0.8102694235976853
Ick,0.1785179433192437,0.2697623853120311,0.8103428558786128
Acsl5,0.17853829330993926,0.26970599565123,0.8103428558786128
Mab21l2,-0.1784723318612433,0.26988880136725013,0.8105360112868232
Gabra6,-0.17837392711468808,0.270161666054498,0.8105982624283634
Srp14,0.1783645070798907,0.2701877958328837,0.8105982624283634
Tk2,0.17836858159382465,0.2701764935399958,0.8105982624283634
Cpe,-0.17835285206208867,0.27022012733262174,0.8105982624283634
Nthl1,0.17842542958514318,0.2700188340786421,0.8105982624283634
Pdgfra,0.17832471287730517,0.27029819666689603,0.8106460970596014
Klra2,-0.17768446094588708,0.2720783619252508,0.811612560521514
Snf8,-0.17778564719927328,0.2717965314431249,0.811612560521514
Slamf7,-0.17768442988495736,0.27207844846644746,0.811612560521514
Igkv8-30,0.1778192881122743,0.27170287341679045,0.811612560521514
BC031181,-0.17767994128825187,0.2720909546664969,0.811612560521514
Adora2b,0.17764964276116635,0.2721753823926849,0.811612560521514
Cdon,0.1780630386619076,0.2710248678233254,0.811612560521514
Krt33b,0.17797118409926496,0.2712802408034414,0.811612560521514
Mark1,-0.1778642447470277,0.271577743637461,0.811612560521514
Acsbg1,-0.17815144154223914,0.2707792345625444,0.811612560521514
Gm568,-0.17782163758271716,0.2716963331315452,0.811612560521514
Ndufa9,-0.17775995557271018,0.2718680719655825,0.811612560521514
Ebp,-0.1780090669547719,0.2711749009335885,0.811612560521514
Prim2,0.17776076983366582,0.27186580440431407,0.811612560521514
Prnp,-0.1777894241592114,0.27178601517803774,0.811612560521514
Kifap3,-0.17776496974619313,0.2718541086394522,0.811612560521514
Ppm1b,-0.17815382733644816,0.2707726074243243,0.811612560521514
Rbmx,-0.17795426120868119,0.27132730619047885,0.811612560521514
Glul,-0.1779038117429023,0.27146764517153216,0.811612560521514
Kif1a,-0.17790658696984177,0.2714599239285329,0.811612560521514
Hpvc-ps,0.17766514680092688,0.2721321778712758,0.811612560521514
Arvcf,0.17780490154842782,0.2717429238553839,0.811612560521514
Tm4sf5,0.17808847243013137,0.2709541840016964,0.811612560521514
Tram2,0.1776876856428429,0.2720693774485595,0.811612560521514
AK009121,0.1781079069329667,0.2709001807823382,0.811612560521514
Pacs2,0.17756899083417002,0.2724002018549709,0.8120973803987925
Il16,-0.17754595196020623,0.2724644448464129,0.8121033670170951
Gata4,-0.17731856203810295,0.2730990251137787,0.8123124213765158
Eif4enif1,0.17717512407896596,0.2734997981093928,0.8123124213765158
Naa30,0.17719790833592253,0.27343611299183646,0.8123124213765158
Trim12a,0.17744211678353614,0.2727541036915511,0.8123124213765158
Eif1ax,0.17719358146822678,0.2734482064607536,0.8123124213765158
Bcl9l,-0.1773311579943821,0.2730638490539716,0.8123124213765158
Mcm4,0.17727534900808928,0.2732197255558029,0.8123124213765158
Fam84a,-0.17715136717881477,0.27356621184772095,0.8123124213765158
Ccl9,0.1771546473904668,0.2735570412288045,0.8123124213765158
Polr2b,0.177141839660484,0.27359284940990014,0.8123124213765158
Fermt2,0.17734288035966572,0.27303111519075196,0.8123124213765158
Shfm1,-0.1773827848951541,0.2729197031801217,0.8123124213765158
Clec4n,-0.1773895531876068,0.2729008091966464,0.8123124213765158
Pola1,0.17716466882534454,0.2735290251020551,0.8123124213765158
Hp,-0.17731467705493523,0.27310987507663914,0.8123124213765158
Hps4,0.17715341552794384,0.27356048517342474,0.8123124213765158
Igkv19-93,0.17724452883631361,0.27330583142816134,0.8123124213765158
Babam1,0.17707876555456842,0.27376923668899766,0.8126512214637694
Numbl,0.17703136716273496,0.2739018338194729,0.8127735926735976
Sncb,-0.17701950158038263,0.2739350341465616,0.8127735926735976
Donson,-0.17696858990131184,0.2740775156211602,0.812826704850118
Ankrd24,0.17697670278813615,0.2740548077635585,0.812826704850118
Olfr159,0.17678271093435943,0.2745981127637428,0.8128715746532057
Twf2,0.1768931920818539,0.2742886097334775,0.8128715746532057
Chdh,0.1768644182156116,0.27436919598329446,0.8128715746532057
Adamts15,-0.17682187474075306,0.2744883737363892,0.8128715746532057
Prss2,-0.17681887072393415,0.27449679017062073,0.8128715746532057
Ncapg,0.1767630231660574,0.27465328934370326,0.8128715746532057
Pradc1,0.17678736436575063,0.2745850721612109,0.8128715746532057
Dok1,0.17689741911126133,0.27427677245292154,0.8128715746532057
Oaz1,-0.1767705751127035,0.27463212357117583,0.8128715746532057
Bbs9,-0.17668514602059632,0.27487161478465416,0.8131488781058609
AF067063,-0.1767070908730306,0.27481008222904063,0.8131488781058609
Nxnl1,0.176647790694601,0.2749763776732624,0.8132744225427019
Skp1a,-0.1765402642278606,0.2752780754867125,0.8139822358998666
Sars,0.17645252616947305,0.2755244051460403,0.8141171949387866
Nktr,-0.17644503131738526,0.27554545379863143,0.8141171949387866
Farp2,0.17643512591841093,0.27557327381750485,0.8141171949387866
Antxr1,0.17648785410940937,0.27542520325509995,0.8141171949387866
Klk11,-0.17640879437032886,0.27564723643325834,0.8141513780483449
Cox5b,-0.17635798239804182,0.2757899973220742,0.8143887022076819
Nfat5,0.17593517062694872,0.2769797277753606,0.8145248513373348
Scml4,-0.17606033945223806,0.2766271857581804,0.8145248513373348
Npnt,0.1762084936976142,0.27621026896676043,0.8145248513373348
Ctnnd2,0.17627383813108546,0.27602651053514154,0.8145248513373348
Dyrk1a,-0.17598378172005588,0.27684277958045267,0.8145248513373348
Ighg,0.176057383829203,0.2766355071148731,0.8145248513373348
Add3,0.17616451517773535,0.27633398648287355,0.8145248513373348
Cdh20,0.17598308287312403,0.2768447480854314,0.8145248513373348
Fh1,0.17592013577114304,0.2770220928986966,0.8145248513373348
Fgf17,-0.1762127774903007,0.27619821993985527,0.8145248513373348
Sptbn1,-0.17622444277271102,0.27616541066551575,0.8145248513373348
Clca3,0.17616071506632064,0.2763446783434006,0.8145248513373348
Ppp1r3a,-0.17603748358000007,0.27669153901317234,0.8145248513373348
Sh3bp4,0.17617247554129023,0.2763115903249297,0.8145248513373348
Epb4.1l2,0.17602399360411497,0.2767295259555717,0.8145248513373348
Bex4,0.17594193794110263,0.2769606602072596,0.8145248513373348
Sost,-0.17617967330186562,0.2762913407011631,0.8145248513373348
Klra12,0.17596417808546008,0.27689800223535693,0.8145248513373348
Tmem40,0.17598982583368877,0.27682575494897155,0.8145248513373348
Ccdc117,0.1757855956685583,0.2774013802542906,0.8150363410671717
Rnf6,-0.17575740424687977,0.2774808970956325,0.8150363410671717
Nkx2-2,-0.17574767232265578,0.27750835032274074,0.8150363410671717
Map1lc3b,-0.17575122528621798,0.2774983274088833,0.8150363410671717
Ncoa6,0.17582456096733384,0.27729149811807074,0.8150363410671717
Scnn1b,0.1756534269058517,0.2777742996816611,0.8154860215013086
Tox,0.17564912306310831,0.27778644843078526,0.8154860215013086
Xpc,-0.17560325878632213,0.2779159333440351,0.8154992161471359
Aen,-0.17561695192156615,0.27787727065567647,0.8154992161471359
Slc6a20a,-0.17530517146312433,0.27875842183988275,0.8162996075295965
Col4a6,-0.1753644656892678,0.278590710304413,0.8162996075295965
Gcdh,0.17524061778695751,0.2789410814766622,0.8162996075295965
Fbxo9,-0.1751651262214413,0.27915478585258735,0.8162996075295965
Tfpt,0.1751796880312413,0.2791135557475223,0.8162996075295965
Igfals,0.17515282990427972,0.27918960444513674,0.8162996075295965
Zfp82,-0.17546612254341837,0.2783033248659211,0.8162996075295965
Il1f9,-0.1751923460688612,0.27907771905679246,0.8162996075295965
Capzb,-0.1753605179878872,0.2786018742663389,0.8162996075295965
Spns2,0.175420320490583,0.27843278492996454,0.8162996075295965
Lrrc23,0.17520233820078954,0.2790494319577937,0.8162996075295965
Slc25a45,0.17523064208009634,0.2789693152035631,0.8162996075295965
Syap1,0.1752716584698309,0.2788532400946982,0.8162996075295965
Dazl,0.17530828382463445,0.2787496170665023,0.8162996075295965
Gab1,0.17522145999924918,0.2789953043547039,0.8162996075295965
Vps16,-0.17535467544360855,0.2786183972926543,0.8162996075295965
Fgd3,0.17504348935239722,0.2794993358576942,0.8166881636700332
Ugt2b34,0.17508001004017343,0.27939585896333385,0.8166881636700332
Btf3l4,0.17503963551135127,0.2795102566442155,0.8166881636700332
Hs6st1,-0.17496935185357695,0.2797094691972377,0.8167820030655564
Mcpt4,-0.17499131637630735,0.27964720323133063,0.8167820030655564
Prps1,-0.1749620561115728,0.2797301533987257,0.8167820030655564
Xpr1,0.17489278009628004,0.27992660597191216,0.8170963328383729
Mllt10,0.17487993566744436,0.27996303962911834,0.8170963328383729
Dctn2,0.1748550261815216,0.28003370469112726,0.8171198149629963
Trp73,-0.17469174968196324,0.2804971759473636,0.8182892128184994
Mns1,0.17448719925995582,0.2810784829708146,0.8183268722619575
Anapc15,0.1745256940780693,0.28096902793950035,0.8183268722619575
Wnk1,-0.1746079261872537,0.2807353009079085,0.8183268722619575
Abl1,-0.1746334172489115,0.2806628727711666,0.8183268722619575
Fgf10,0.1744881091763053,0.2810758954337777,0.8183268722619575
Sc5d,-0.17440852569795642,0.2813022639972248,0.8183268722619575
Trhr,0.1744512933565721,0.28118060079432133,0.8183268722619575
Capn1,0.1744300776985438,0.28124094987693565,0.8183268722619575
Rrp1b,0.17448976772818944,0.2810711790336881,0.8183268722619575
4930529M08Rik,-0.1745262976884346,0.28096731186392,0.8183268722619575
Tpt1,-0.1744004155528352,0.2813253390272926,0.8183268722619575
Pqbp1,0.1744201284777419,0.281269253761474,0.8183268722619575
Ywhaq,-0.17453457797920768,0.28094377150394434,0.8183268722619575
Map3k3,0.17434891293444205,0.28147190218765844,0.8185707269103533
Acvr2a,0.17424528102226802,0.28176695651233236,0.8192462155814226
Tuft1,0.17420325078692178,0.2818866774625594,0.8194117296076938
Bphl,0.1740604050503331,0.28229380374974994,0.8202297584347555
Bcar1,-0.17407049592574123,0.28226503157660204,0.8202297584347555
Car8,-0.1739925239905896,0.282487401037969,0.8206095494533521
Slc7a6,0.17395531927370675,0.2825935443420883,0.8207351791942822
Rala,-0.17388539714911835,0.2827930962581586,0.8207667066442864
Hbp1,0.17389595878496247,0.28276294858935863,0.8207667066442864
Hsd17b1,-0.17392888498937611,0.28266897524426593,0.8207667066442864
Otud5,0.17371491481104878,0.28328000735953734,0.8208582048056522
Slc7a11,0.17367615752315543,0.2833907742087105,0.8208582048056522
Ptk7,-0.17383203807212033,0.28294543779747233,0.8208582048056522
Helq,-0.1737393062374279,0.28321031145085257,0.8208582048056522
Mrpl12,-0.17380628450386784,0.28301898322785235,0.8208582048056522
1700088E04Rik,-0.1738089243939531,0.2830114438458267,0.8208582048056522
Acsm3,-0.17367894643077925,0.2833828027147664,0.8208582048056522
Zfyve27,-0.17375526498363747,0.28316471682259514,0.8208582048056522
Acadl,0.17368146509142227,0.28337560378408155,0.8208582048056522
Sppl2a,0.17361472263193026,0.2835664081562009,0.821002453967221
Ccr3,-0.17361554683308972,0.28356405142846514,0.821002453967221
Morf4l2,-0.1732575630778731,0.28458882336854047,0.8215323122728345
Dpep1,-0.17324352581080948,0.28462905372496505,0.8215323122728345
Nup54,0.1733262739192406,0.2843919514493155,0.8215323122728345
Gba,0.17322094447900455,0.2846937785345818,0.8215323122728345
Serpinb2,-0.17350848293225843,0.2838702931718522,0.8215323122728345
Bop1,-0.17323505912328022,0.2846533206933143,0.8215323122728345
Eef1a2,-0.17330584016313433,0.28445048985427995,0.8215323122728345
Rnmtl1,-0.1734381414810697,0.2840716075953797,0.8215323122728345
Specc1,-0.17336618837510015,0.2842776266129088,0.8215323122728345
Wnt2,-0.1732497478813564,0.2846112210332659,0.8215323122728345
Gulo,-0.17340958647555452,0.284153356284271,0.8215323122728345
Tmub2,-0.1733734296213977,0.2842568889709421,0.8215323122728345
Magel2,-0.17331287010269397,0.2844303497113359,0.8215323122728345
Cngb3,0.1734743350817025,0.2839680118379831,0.8215323122728345
Ikzf1,-0.1732866439753381,0.2845054897300316,0.8215323122728345
Dck,0.1731961342621117,0.28476490256794407,0.8215389631438019
Samm50,0.17317621997682134,0.2848219993304131,0.8215389631438019
Fxyd7,0.17309117852803693,0.2850659041541381,0.8218791390427194
Mafb,0.17310688239555244,0.2850208545692632,0.8218791390427194
Cd5l,0.1729268157157477,0.2855376769211397,0.8221494144183477
Uqcrc2,-0.17296000643474432,0.28544236999863676,0.8221494144183477
C030006K11Rik,-0.1729366502402034,0.28550943508542753,0.8221494144183477
Rasd1,-0.1729452324063787,0.28548479107267904,0.8221494144183477
Zik1,0.1730058353547813,0.285310805141321,0.8221494144183477
LOC102643054,0.17299428970070374,0.2853439466416113,0.8221494144183477
Klk1b4,-0.1728431745657393,0.28577793980491245,0.8223566488769682
Suds3,-0.1728359450733944,0.28579871274864366,0.8223566488769682
Brip1os,0.17287790650847434,0.28567815549218234,0.8223566488769682
Tcp1,-0.17271505085877367,0.2861462248251736,0.8231355076439163
Fam192a,0.1726978970174989,0.2861955550755191,0.8231355076439163
Rnf157,-0.17211013186182064,0.2878890214880447,0.8233101068380271
Slc2a3,-0.1721666047270301,0.28772604229184107,0.8233101068380271
Lrba,-0.17238695692348965,0.287090660224457,0.8233101068380271
Nt5m,-0.1722650697707769,0.28744201196926605,0.8233101068380271
Asb15,-0.17253305978105046,0.28666985644146653,0.8233101068380271
Grk4,0.17250792376969595,0.28674222554892986,0.8233101068380271
Cldn16,0.1723147312180978,0.2872988256906785,0.8233101068380271
Bag1,-0.17213379763747724,0.2878207157032672,0.8233101068380271
Adam24,-0.17212938427697247,0.2878334530829703,0.8233101068380271
Xrcc1,0.17244285139664828,0.2869296282549041,0.8233101068380271
Opn4,-0.17245552082682203,0.2868931354404576,0.8233101068380271
Bmp10,-0.17217375829037018,0.28770540139013284,0.8233101068380271
Clec3b,0.17227193951219055,0.2874222021560799,0.8233101068380271
Gga1,-0.17227501619277152,0.2874133304135605,0.8233101068380271
Rufy2,0.172107472272705,0.28789669840615506,0.8233101068380271
Phlpp1,0.17244180633468342,0.28693263856277873,0.8233101068380271
Atp1b1,-0.17224318470166364,0.28750512613642376,0.8233101068380271
Poldip2,-0.17231993530216683,0.28728382359236154,0.8233101068380271
6330416G13Rik,0.17229026341947024,0.2873693668834971,0.8233101068380271
C77815,-0.17233288532402477,0.287246493968941,0.8233101068380271
Clca2,0.17222683440985595,0.2875522842276805,0.8233101068380271
Uba5,-0.17259447890110674,0.28649307242215055,0.8233101068380271
Naip1,-0.17224753533660567,0.2874925786908003,0.8233101068380271
Ptgis,0.17253587654771457,0.28666174739475914,0.8233101068380271
Gstz1,-0.17248166398680204,0.28681784224580165,0.8233101068380271
Meis2,0.17222855951101493,0.28754730840287557,0.8233101068380271
Trp53,-0.17207899521356906,0.28797890556198213,0.8233647543116356
Psenen,0.17201833138133218,0.2881540776483138,0.823685117028006
H2-T3,-0.17197909062071096,0.28826742400626837,0.8238286499907569
Pigc,-0.17163354242722503,0.28926673043017737,0.8238343325520324
Rho,0.17168845568378277,0.28910778080412347,0.8238343325520324
Pip5k1c,-0.1718328137244648,0.2886901866755112,0.8238343325520324
C330006A16Rik,-0.17187698709193763,0.2885624783120427,0.8238343325520324
Scd1,-0.17180127971163628,0.28878137522722586,0.8238343325520324
Tssk1,0.17162262043781926,0.28929835123096387,0.8238343325520324
Adamts4,-0.17179555656932194,0.28879792705398144,0.8238343325520324
Psma2,-0.17177324800510216,0.2888624509902759,0.8238343325520324
Ceacam2,0.17191262884026945,0.2884594610486299,0.8238343325520324
Olfr17,0.1718913751914882,0.2885208888638773,0.8238343325520324
Rab3gap2,-0.1717385580182634,0.28896280397988056,0.8238343325520324
Lmnb1,-0.17171252848396829,0.2890381177748317,0.8238343325520324
Pdha1,-0.1716312806286624,0.2892732785008289,0.8238343325520324
Ube2s,0.17167075720243546,0.28915900416941714,0.8238343325520324
Snapin,-0.17174049912455008,0.28895718807556553,0.8238343325520324
Ggcx,-0.17160730725972465,0.28934268879500075,0.8238343325520324
Lbr,0.17176449770032648,0.288887762284019,0.8238343325520324
Ptpn1,0.17157045584726496,0.2894494051483661,0.8239583961127899
Rrs1,0.17144245829183688,0.2898202572366444,0.8247091304183993
Map3k11,-0.17143580798866917,0.289839533458409,0.8247091304183993
H2-D4,-0.1713282968737925,0.29015126990877943,0.8252362513164043
Noc3l,-0.17133369377957017,0.29013561622580775,0.8252362513164043
Myl6b,-0.171287488829558,0.29026965027252427,0.8253930412739529
Pcdh18,-0.171241925050953,0.2904018619608136,0.8253975439634156
Mylip,0.17121612352437843,0.2904767463912093,0.8253975439634156
Ifnar1,-0.1711033516403003,0.29080418759460724,0.8253975439634156
Cmtr2,0.1711462548530138,0.29067958811204214,0.8253975439634156
Rhbdf1,0.1711109520856908,0.2907821119740614,0.8253975439634156
Nap1l5,-0.1712449299671041,0.2903931414939764,0.8253975439634156
Zfand6,-0.17109084449689865,0.2908405170621339,0.8253975439634156
Errfi1,0.17114898451693653,0.2906716617435748,0.8253975439634156
Pfkfb3,-0.17109514761482145,0.29082801748913933,0.8253975439634156
Myo1b,-0.17105735406383882,0.29093781048514794,0.8254941267711885
Ncstn,-0.1710132533862587,0.2910659586042614,0.8256781943102188
AU016916,-0.17093341279466587,0.29129804901492196,0.825757856997845
Kcnd1,0.17074892695411045,0.2918347733700982,0.825757856997845
Cep57l1,0.17075432196517817,0.29181906898887405,0.825757856997845
Sqstm1,0.17094414303254574,0.29126685037944056,0.825757856997845
Smim14,-0.1707470390108206,0.2918402691230277,0.825757856997845
Shprh,0.17074252249194322,0.29185341684987826,0.825757856997845
Ccl11,0.1707804847231283,0.2917429190265746,0.825757856997845
Tceb1,-0.17080117693199717,0.29168270049222766,0.825757856997845
Ncdn,0.1709443468280629,0.29126625785509924,0.825757856997845
Tgfb1,0.17079730013342215,0.29169398217826686,0.825757856997845
Hcar2,0.17079064494722793,0.2917133497471743,0.825757856997845
Slc5a6,-0.17085904073976735,0.2915143459045237,0.825757856997845
Tro,-0.1706815956069619,0.29203081274279546,0.8258380454852386
Bmp1,-0.1706765856331657,0.29204540284811126,0.8258380454852386
Snx1,0.17066758325753914,0.29207162080729376,0.8258380454852386
B3gnt2,-0.17062937767693567,0.2921829045754108,0.8258516815682886
Med7,-0.17060409644815547,0.29225655720617905,0.8258516815682886
Apoc1,0.17060074946270645,0.2922663089495254,0.8258516815682886
Mtfr2,-0.1705547846773968,0.29240025185917357,0.8260512852371413
Cyfip2,-0.17050411749332517,0.2925479417166648,0.8261486110226544
Rell1,-0.17049952690031164,0.29256132512343364,0.8261486110226544
Gm9757,0.17042678336507303,0.2927734520538449,0.8265634624888811
Olfr1509,0.17040571016849562,0.29283492122661486,0.8265634624888811
Actl6a,0.1703234268336771,0.2930750129016173,0.827062249860122
Gstm6,0.17025191264194725,0.2932837805067893,0.8271147723866639
Ccna2,0.1702688562159042,0.2932343097169335,0.8271147723866639
Rrbp1,0.17028737923111742,0.29318023327643394,0.8271147723866639
Tmem9,0.17015649140098002,0.29356248183774575,0.8271856673506249
Zfp85os,-0.17020855914350336,0.29341038483607973,0.8271856673506249
Arid3a,-0.17016179341041826,0.2935469917145495,0.8271856673506249
Defa-rs2,-0.17017236678347863,0.2935161025099515,0.8271856673506249
Spry1,-0.1701188650447746,0.2936724238987938,0.8273168090361313
Igsf9,-0.17006652983179527,0.29382538670292163,0.8275690634764569
Smtnl1,0.17003372802181024,0.29392128332354306,0.8276605149091311
Wdr90,-0.16980727843366977,0.2945838398220004,0.8279238647882495
Baiap2,-0.16966227943109186,0.2950085683828099,0.8279238647882495
Prss3,-0.16960100523794336,0.29518816523134944,0.8279238647882495
Glyctk,0.16968209054606426,0.29495051572815506,0.8279238647882495
Zim3,-0.16971552084471683,0.2948525706699452,0.8279238647882495
Suv420h2,0.1699104277608487,0.2942819265627216,0.8279238647882495
Ankrd2,-0.16956840301870899,0.29528375099429177,0.8279238647882495
Kcnk13,-0.16975856388756827,0.29472649148635466,0.8279238647882495
Nat8,-0.16986111983799676,0.29442622469646323,0.8279238647882495
C76554,-0.1698286682764249,0.2945212170401095,0.8279238647882495
Tacr2,-0.16969248035541454,0.29492007321293756,0.8279238647882495
Arap3,-0.16980131744085908,0.29460129321274564,0.8279238647882495
Chmp5,-0.16976818962539678,0.2946983008882318,0.8279238647882495
Vangl2,0.1697422602650063,0.2947742431950696,0.8279238647882495
Ar,0.16997659783240848,0.2940883505175083,0.8279238647882495
Herc1,0.16963116114166502,0.29509976877053967,0.8279238647882495
Myef2,-0.16957098402661105,0.29527618309528747,0.8279238647882495
Mycl,-0.16957091938087884,0.2952763726447268,0.8279238647882495
Kcnj1,-0.16959723162798196,0.29519922802200754,0.8279238647882495
Itsn1,-0.16959150115152766,0.2952160280909806,0.8279238647882495
Scara3,0.16952246426342615,0.295418470279134,0.8281236559983716
Chmp4b,-0.16945366366756134,0.2956203047565408,0.8285114597869632
Zfp277,0.1694055474658395,0.29576150971214743,0.8286618806266035
Hscb,0.16939209897176413,0.2958009839802835,0.8286618806266035
Dync1h1,-0.16933567085249115,0.2959666482548014,0.8288198992816411
LOC624295,0.1693296177561865,0.2959844226111156,0.8288198992816411
Mrfap1,-0.16904161733136813,0.2968308697922636,0.8289110240030647
Psmg2,-0.16886646372633407,0.29734638326123825,0.8289110240030647
Rai2,-0.169014976042899,0.29690924511109906,0.8289110240030647
Ftsj2,0.16879987896525564,0.2975425005961909,0.8289110240030647
Nars,-0.168793034359589,0.2975626650647909,0.8289110240030647
Uqcrh,-0.16868633305466874,0.29787711995499877,0.8289110240030647
Atp6v1e1,-0.16925931451259468,0.2961909097860405,0.8289110240030647
Cntln,0.16901567252804733,0.29690719597714027,0.8289110240030647
D17Wsu104e,-0.16880272122586765,0.29753412743556157,0.8289110240030647
Sos1,-0.16902486602134312,0.2968801485510027,0.8289110240030647
Mrpl39,0.16872466879850312,0.29776411877740927,0.8289110240030647
Sertad3,0.16894213716496015,0.2971235929981984,0.8289110240030647
Alg9,0.1687868586216551,0.29758085974564885,0.8289110240030647
Psg17,0.1691351052625836,0.2965559409199699,0.8289110240030647
Ik,0.16867415738227057,0.2979130153590315,0.8289110240030647
Mpst,0.16870651992934813,0.2978176123912386,0.8289110240030647
Tssc1,0.16879271236873425,0.29756361368281536,0.8289110240030647
Psmg1,-0.1689376179340304,0.2971368951838629,0.8289110240030647
Tomm20,0.16884723577261213,0.29740300868935526,0.8289110240030647
Slco5a1,-0.16876113144316518,0.2976566633697936,0.8289110240030647
2610507B11Rik,-0.16873543141938888,0.297732398851862,0.8289110240030647
Bai1,-0.16883774651294864,0.2974309565640881,0.8289110240030647
Prdm1,0.16868529746966798,0.2978801728854312,0.8289110240030647
Wasf2,0.16867088836829436,0.29792265327414924,0.8289110240030647
Gpr132,-0.16914815235026728,0.29651758458858857,0.8289110240030647
Git1,-0.16884680814041342,0.29740426812174015,0.8289110240030647
Ccnl1,-0.16903467061176752,0.29685130493868017,0.8289110240030647
Umod,0.16924895430885267,0.2962213461754017,0.8289110240030647
Rorc,0.16879836953527308,0.29754694736201254,0.8289110240030647
Pak1ip1,0.16872813385126842,0.2977539062408398,0.8289110240030647
Dnajc14,-0.16862467884635512,0.2980589116573068,0.8291133528493277
Unc13a,-0.16849345748444422,0.29844605416798387,0.8298520799811139
Stxbp1,-0.16844846801893534,0.298578857806064,0.8298520799811139
Rxra,0.16845312796899675,0.2985651004915126,0.8298520799811139
Mtg2,-0.16847852601528532,0.2984901260885267,0.8298520799811139
Atoh1,0.16837354534137303,0.29880010143977553,0.8302901455893592
Espn,-0.16831008495304164,0.29898757623454914,0.8303811701240573
Arrb1,0.16819650139138054,0.2993233055171671,0.8303811701240573
Glg1,-0.16806112327944034,0.2997237574744662,0.8303811701240573
4932438A13Rik,0.16808824436104047,0.29964350625982783,0.8303811701240573
Cyp8b1,-0.16820187731086134,0.29930741020032486,0.8303811701240573
Cd99,-0.16826050950574917,0.29913408241631734,0.8303811701240573
Fam98c,-0.16806737735628682,0.2997052505048962,0.8303811701240573
Gdpd3,-0.16827398297340568,0.2990942610353842,0.8303811701240573
Bpifb2,-0.16825629079672522,0.2991465516521992,0.8303811701240573
Nbr1,-0.16810363392561628,0.2995979744476978,0.8303811701240573
Tmem141,-0.16812202811140467,0.29954355869295174,0.8303811701240573
Pcbd2,0.16816034898770582,0.29943021306326456,0.8303811701240573
AI450241,-0.16822162614836836,0.2992490220331447,0.8303811701240573
Cbx4,-0.16815934452572506,0.2994331837281781,0.8303811701240573
Ldhb,-0.1679408118449394,0.3000799179217509,0.8311914347189403
Adck3,-0.16791926587838357,0.3001437283277014,0.83119174680564
Inca1,0.16789666654326377,0.3002106673374747,0.8312007210029084
Myadm,-0.1677584558711935,0.30062024546131205,0.8314951459285943
St8sia5,-0.16774306598025404,0.3006658735923371,0.8314951459285943
Npm1,0.16781399004875125,0.30045563241960715,0.8314951459285943
Mfap3,-0.1677102928976846,0.30076305378059354,0.8314951459285943
Iscu,-0.16776449576235677,0.30060233948194426,0.8314951459285943
Acta1,-0.16771942606060844,0.3007359697860352,0.8314951459285943
Cdh8,-0.16776900020775662,0.30058898594132155,0.8314951459285943
Cacybp,-0.16754278936803385,0.301260043657095,0.8318810219129242
Armcx3,-0.16762476781711005,0.3010167473069158,0.8318810219129242
Atf7ip2,0.16761552221805823,0.3010441804417756,0.8318810219129242
Steap4,0.16753433761759068,0.30128513369304005,0.8318810219129242
Kcnb1,-0.16758673379085753,0.30112961002175276,0.8318810219129242
Nrap,0.16755166145329983,0.30123370718585213,0.8318810219129242
Klf12,-0.16743376401525636,0.3015837968906857,0.8319095091683112
Tank,0.1674460664279228,0.3015472539236116,0.8319095091683112
Hlf,0.1674235243649172,0.3016142147195402,0.8319095091683112
Rasgrf1,0.16743343034464242,0.3015847880604651,0.8319095091683112
Spn-ps,0.16743605129237737,0.3015770025794178,0.8319095091683112
Cwc27,0.1672826201535604,0.3020329747875362,0.8321756796260817
Fpr-rs4,0.16726231319866094,0.3020933553826921,0.8321756796260817
Cecr5,-0.16733476094836114,0.3018779735054104,0.8321756796260817
Col4a3bp,-0.16726638197584054,0.302081256708856,0.8321756796260817
1110007C09Rik,0.16730276850048445,0.3019730731089911,0.8321756796260817
Corin,-0.16726801353035317,0.30207640529882646,0.8321756796260817
Clca1,0.16721952220749187,0.3022206141174862,0.8323168837688352
Rhoh,0.16715358233473407,0.3024167810387229,0.8323168837688352
Lgr6,-0.16713787038810843,0.3024635345874639,0.8323168837688352
Foxf1,-0.16716389112009425,0.30238610791440584,0.8323168837688352
Rexo4,-0.1671890687082004,0.3023112016436644,0.8323168837688352
Pou2af1,0.16707313629077988,0.30265620853192643,0.8326714874832611
Tnxb,-0.1670426013244125,0.30274711860607406,0.8327019045314056
Pmvk,-0.16699459503456432,0.3028900789096937,0.8327019045314056
Dstyk,-0.16699116215222906,0.3029003034435781,0.8327019045314056
Trappc5,0.1669837037820004,0.30292251826274674,0.8327019045314056
Pld2,-0.16681936236597478,0.30341226379896713,0.8328130444350883
Mdh1,-0.16656194002663094,0.3041803687701057,0.8328130444350883
Dclre1b,0.16636268580209726,0.30477572580536916,0.8328130444350883
Sgce,-0.16639641012336212,0.3046749099510301,0.8328130444350883
Mip,0.16670705572039637,0.3037472217944327,0.8328130444350883
Dusp16,-0.16647695811874036,0.30443420141847166,0.8328130444350883
Tbx6,-0.16632861153744388,0.3048776084961619,0.8328130444350883
Mapre3,-0.16664969463336632,0.3039183902631302,0.8328130444350883
Apoc4,-0.1667093446678161,0.3037403926806087,0.8328130444350883
Cryba2,-0.16644844958399513,0.3045193826338874,0.8328130444350883
Chst14,-0.1666710422810396,0.30385468087736384,0.8328130444350883
Azi2,0.16646761264557372,0.30446212333705885,0.8328130444350883
Nudt3,-0.16645535055616373,0.3044987617455487,0.8328130444350883
Pdcd2,0.16646633223999702,0.30446594898822416,0.8328130444350883
Cog8,0.16651120437288686,0.3043318956270701,0.8328130444350883
1700001C19Rik,0.16686278752229305,0.3032828075950729,0.8328130444350883
Csn1s2b,0.16669600912160493,0.30378018083214,0.8328130444350883
Mmachc,-0.1664282974661206,0.3045796043381045,0.8328130444350883
Grp,-0.16641815035449198,0.3046099302775188,0.8328130444350883
Slc17a2,-0.16669673774250096,0.3037780068246671,0.8328130444350883
Dab2ip,-0.16633991619479446,0.30484380505082803,0.8328130444350883
Cp,0.16660362995849273,0.30405589237286806,0.8328130444350883
Ubr7,-0.16674112088267887,0.3036455975066421,0.8328130444350883
Amhr2,0.16668936412148508,0.30380000815269187,0.8328130444350883
Fbxw8,0.16665496472226884,0.30390266158182044,0.8328130444350883
Gja4,0.16634612784337777,0.30482523181243115,0.8328130444350883
Klhl24,-0.16678591855590982,0.3035119873294091,0.8328130444350883
Toporsos,-0.1664158473190352,0.3046168134502766,0.8328130444350883
Dnase1l1,0.1665991214122198,0.30406935233562676,0.8328130444350883
Sox3,0.16639195303333953,0.3046882328550945,0.8328130444350883
Knstrn,0.16624782136554628,0.3051192558219747,0.8331243291945905
Cyyr1,-0.16625418381353788,0.30510022118593355,0.8331243291945905
Sst,-0.16613375723550966,0.3054606264184641,0.8331847228542094
Dusp3,-0.16618969239104334,0.30529319479874856,0.8331847228542094
Kcnj8,-0.16617744623973352,0.30532984660856455,0.8331847228542094
Coprs,-0.166138875638741,0.3054453030864469,0.8331847228542094
Krt6b,0.16615543752638773,0.30539572379046254,0.8331847228542094
Cts3,0.16608919806555572,0.30559404625384823,0.8332519813027331
Zdhhc8,-0.1660828703068083,0.30561299582457513,0.8332519813027331
Flg,0.16605127200329056,0.30570763316513294,0.8333358899460663
Sike1,-0.16600002208527162,0.3058611654113228,0.833406211620871
Oosp1,0.16602053501033645,0.3057997080429173,0.833406211620871
Slc13a1,-0.16592437882538502,0.30608786018851514,0.8338497886429925
Asb12,-0.1657563252726464,0.3065918657952564,0.8342809376854095
Ccdc65,0.16569777618850043,0.30676757792581333,0.8342809376854095
Krt14,-0.1657264071058273,0.3066816457719671,0.8342809376854095
Map2k5,-0.16576463691780396,0.3065669266296444,0.8342809376854095
Enpp1,-0.16567980099655805,0.3068215357462089,0.8342809376854095
Ino80b,-0.1657894715079984,0.3064924175965601,0.8342809376854095
Ndufb10,-0.16572202839655614,0.30669478697415087,0.8342809376854095
Pappa,-0.16572011279606083,0.30670053610362336,0.8342809376854095
Batf2,0.16574406539723702,0.30662865392113703,0.8342809376854095
Aida,0.16562433971037482,0.3069880555894031,0.8345598202887753
Map4k4,0.16552092274419908,0.30729870727924097,0.834708749227064
Gpr63,0.16553918190368086,0.3072438451055968,0.834708749227064
Gm10401,-0.1655663729864025,0.30716215680446196,0.834708749227064
Cst8,-0.16554675006885175,0.30722110725645313,0.834708749227064
Nr2e3,0.165481863892601,0.30741608506743595,0.8348375766717369
Krt85,0.16546256559734007,0.3074740894692595,0.8348375766717369
Pisd-ps3,0.165404561621322,0.3076484707362671,0.835137277852621
Zfp612,-0.16525430619584136,0.30810047409688324,0.8361903258091159
Psmd2,-0.16503190340340376,0.30877025597521374,0.836218690416799
Ccdc175,-0.1650122004816854,0.30882963545499115,0.836218690416799
Znrf2,0.16510874916034718,0.30853872930775794,0.836218690416799
Thap2,0.16500867797671967,0.3088402521011907,0.836218690416799
Olfr156,-0.16515139850613933,0.30841027780265107,0.836218690416799
Hsp90aa1,-0.16508841427731324,0.3085999854781341,0.836218690416799
Rnf114,-0.16522423261271146,0.30819099102947484,0.836218690416799
Adcyap1r1,0.16505405751054153,0.30870349756547133,0.836218690416799
Hdgfrp3,0.16499551688921238,0.3088799208988406,0.836218690416799
Rps4x,-0.16513190126641003,0.3084689956400107,0.836218690416799
S1pr3,0.16505356789315878,0.3087049728663245,0.836218690416799
Rps3,-0.1651059001536914,0.3085473111207634,0.836218690416799
Sfswap,-0.16492322277401822,0.30909787772063696,0.8364246125209654
Hes6,0.16494145234986976,0.30904290922833894,0.8364246125209654
Ceacam14,-0.16490650924509653,0.30914828003591205,0.8364246125209654
Glo1,0.16487979891690976,0.3092288396825466,0.8364691395144176
Olfr140,-0.16485728711395445,0.309296746296185,0.8364794284806047
Galnt1,-0.16483172936513465,0.3093738519745958,0.8365145864932658
Ruvbl2,-0.16475516880617466,0.3096048990497799,0.8367263350778896
Nfu1,0.1647420400480117,0.30964453000928266,0.8367263350778896
Mycbpap,0.1647447007752371,0.3096364979893578,0.8367263350778896
Cd97,-0.1647188955245857,0.30971440244885684,0.8367418711294271
Cep89,0.1646744620857837,0.3098485722033982,0.8367458873771176
4930591A17Rik,-0.16465469912423103,0.3099082591534684,0.8367458873771176
Tjap1,-0.16467521344214472,0.3098463031385066,0.8367458873771176
Slc35a4,-0.16460972864964382,0.3100441024361087,0.8369394895922181
Dhx57,-0.1645512688660755,0.31022074729979654,0.8369551955415878
Arl5a,-0.1645441246032035,0.3102423389405058,0.8369551955415878
Armcx1,-0.16455909072014288,0.3101971088673323,0.8369551955415878
Pih1d1,0.16441462143769434,0.3106338863501549,0.8378382767637806
Atg5,-0.16435040139364496,0.31082816433727406,0.8380268940008933
Bmp2,0.16434904764663533,0.3108322604769962,0.8380268940008933
Tcrb-J,0.16417819142576257,0.31134949705305526,0.8388679375344867
C1s1,0.16416107075613856,0.3114013556147639,0.8388679375344867
4933425L06Rik,-0.1641932549433954,0.31130387395001186,0.8388679375344867
Dnmt3a,-0.164175917524336,0.31135638440543095,0.8388679375344867
Lyl1,0.16398130752338466,0.31194617573898925,0.8393016043604565
Vdr,0.16399241827049724,0.31191248490647844,0.8393016043604565
Aox1,0.16402567383437233,0.31181165811853884,0.8393016043604565
Chd1,0.16399496928587157,0.31190474984007077,0.8393016043604565
Slit1,0.16404661387310673,0.31174818064643856,0.8393016043604565
Odf4,-0.16393181990824643,0.3120962625945924,0.8393016043604565
Fam188a,-0.16396228433917998,0.31200386438028177,0.8393016043604565
Pot1a,-0.1639170014419109,0.3121412128102763,0.8393016043604565
Mpp5,0.1639229482503515,0.3121231733376891,0.8393016043604565
Mpp4,-0.1638802478006147,0.31225271796761855,0.8394284542149679
Eppin,0.16381402467307293,0.31245369023918784,0.8397957165666657
Atp2a2,-0.1637660953470131,0.3125991938951679,0.8400137728867474
Rasgrp4,-0.16367643137794466,0.3128715057844273,0.8403993987198418
Fbln2,-0.16368016805866212,0.3128601545120681,0.8403993987198418
BC017158,0.16363284559130337,0.31300392894757556,0.8405820680874487
Ncam1,-0.16349420906457643,0.3134253630455483,0.840940997279688
Snap25,-0.1634726089474023,0.31349105509657144,0.840940997279688
Rnf141,0.16339831168958982,0.3137170777449829,0.840940997279688
Rdm1,-0.16339814477943793,0.31371758562016405,0.840940997279688
Sh3tc1,-0.16355551967809703,0.3132389456366382,0.840940997279688
Rad50,0.1634027800312752,0.3137034816341437,0.840940997279688
Apaf1,0.16340877411592658,0.3136852436078426,0.840940997279688
Pla2g2f,0.1634925220973641,0.3134304932883805,0.840940997279688
Slc25a46,-0.16353459382559457,0.3133025639817411,0.840940997279688
Cep95,-0.16332396589542353,0.31394334688011144,0.8410278656207297
Mmp24,-0.16332539377326685,0.3139390002467507,0.8410278656207297
Sorl1,-0.16335065015660968,0.31386212277913655,0.8410278656207297
Pcyox1,0.16313576924024195,0.3145165594430682,0.8413235560393476
Ruvbl1,-0.163118392682475,0.31456951719794446,0.8413235560393476
Phyhipl,0.1632608525128153,0.3141355080991515,0.8413235560393476
Bre,0.16320169541052273,0.31431568831768386,0.8413235560393476
Prap1,0.1632450549441018,0.31418361807978884,0.8413235560393476
Cyp2f2,-0.16312491177799987,0.31454964861037843,0.8413235560393476
Fam136a,-0.16315873528796157,0.31444657513464835,0.8413235560393476
Tbc1d8,-0.16321129285767508,0.31428645223846124,0.8413235560393476
Krt18,0.1630557306732379,0.3147605342313375,0.8416619285214596
Pecam1,-0.16300485949560176,0.3149156600750379,0.8419042098584654
Hap1,0.16292685188469025,0.3151536252485689,0.8422161613651387
Mtif2,-0.16290314229832192,0.31522597379932077,0.8422161613651387
Apoa5,-0.1629176977181586,0.3151815575132498,0.8422161613651387
Mc5r,0.16287640728684527,0.3153075663305525,0.8422617058438853
Tlx2,-0.1628279641643326,0.31545544235875433,0.8424842544697881
Tnfaip3,0.1627902329356518,0.3155706486429143,0.8426194790549189
Mc2r,0.16237123036398055,0.31685171639953336,0.8438350830144987
Tktl1,0.1620292128688159,0.3178997337766023,0.8438350830144987
Defb35,-0.16232012621586614,0.31700817802363696,0.8438350830144987
Smyd1,-0.1621334921105983,0.3175799776292126,0.8438350830144987
Pip5k1b,-0.16225317519901933,0.3172132273940437,0.8438350830144987
Alg3,-0.16214781467502581,0.3175360748756139,0.8438350830144987
Phf5a,-0.16244452005306687,0.31662741247059184,0.8438350830144987
Mast3,-0.16251134624377742,0.316422973813786,0.8438350830144987
Ednrb,-0.16199958647239524,0.31799061396572786,0.8438350830144987
Ogfr,0.1619263356794883,0.3182153810854161,0.8438350830144987
Efnb1,-0.16231965174031618,0.31700963090743,0.8438350830144987
1700011A15Rik,-0.16181067697007478,0.31857047030918906,0.8438350830144987
Rpgr,0.16183616441247264,0.3184921995956616,0.8438350830144987
Ulk2,0.1622188921184189,0.317318256416535,0.8438350830144987
Sntg1,-0.16219221851600976,0.3173999877043534,0.8438350830144987
Pramel7,0.1623986890617825,0.3167676674980319,0.8438350830144987
Sorcs2,-0.1622041935531645,0.31736329310522937,0.8438350830144987
Oxct1,-0.16180124168519752,0.31859944855885547,0.8438350830144987
Gpr88,0.16224586881089192,0.3172356093511519,0.8438350830144987
Itgb1,0.16179696882857528,0.31861257215207567,0.8438350830144987
B3galt4,-0.16195167033758046,0.3181376318622251,0.8438350830144987
Epn2,-0.1619604720261287,0.3181106231508039,0.8438350830144987
Ifi27l2b,-0.16200974585944666,0.3179594478619264,0.8438350830144987
Rabgap1,0.1623693758146207,0.3168573935140951,0.8438350830144987
Dnajc24,-0.1623048865724601,0.31705484509580095,0.8438350830144987
Ubqln1,-0.16195902960649136,0.3181150492403131,0.8438350830144987
Dvl2,-0.16239155255878684,0.31678951047331877,0.8438350830144987
Cntrob,0.16205945702119523,0.3178069747676448,0.8438350830144987
Cyp2d9,0.16186007200293862,0.3184187910764831,0.8438350830144987
Ctse,0.16230671796847373,0.3170492367471761,0.8438350830144987
Myo5b,-0.16202553529229494,0.3179110140415054,0.8438350830144987
Evx1,0.16187082158442068,0.31838578769514714,0.8438350830144987
Dnajc28,0.16186523003321968,0.31840295462656437,0.8438350830144987
Golim4,-0.16224860232386068,0.3172272355575861,0.8438350830144987
Parp2,0.1620852065279436,0.3177280137430329,0.8438350830144987
Acot7,-0.16196155846157803,0.31810728942944516,0.8438350830144987
Tpcn1,0.162538942045932,0.3163385743773917,0.8438350830144987
Nell2,-0.16239801678468122,0.3167697251241588,0.8438350830144987
Slc4a3,-0.16207738623930823,0.31775199345507255,0.8438350830144987
Eif4g1,-0.16184606526948436,0.31846179766710847,0.8438350830144987
Rtn4ip1,-0.16172791816611576,0.3188246986163691,0.8438830613073024
Neurod4,0.1617293588812347,0.31882027181079226,0.8438830613073024
Prdx2,-0.16176753618350365,0.3187029800322821,0.8438830613073024
Bhlhe22,0.16168208675314313,0.3189655416047873,0.8439262469505968
Zfp398,0.16165947744087128,0.3190350353442635,0.8439262469505968
Wwc1,-0.16168018789531377,0.3189713777307005,0.8439262469505968
Paip1,-0.1616314820477209,0.3191210968083617,0.8439728464295494
Manf,-0.16161167130109247,0.3191820060640529,0.8439728464295494
Scgb1a1,0.1615725588879904,0.31930227995361965,0.8441198239697696
Polr2a,0.16146683068016499,0.31962753959514745,0.8444651660379564
Etv2,-0.16105061965914091,0.32090989967792116,0.8444651660379564
Scamp2,0.16104129361264333,0.32093866895120976,0.8444651660379564
Rbp3,0.1614160312791979,0.31978388859008766,0.8444651660379564
Il12rb2,-0.16113241259789104,0.3206576488150229,0.8444651660379564
Ghrhr,0.16107888925654668,0.3208227022419978,0.8444651660379564
Camkk1,0.1612493888537539,0.3202970994463575,0.8444651660379564
Dep1,-0.16102592895459647,0.3209860697025262,0.8444651660379564
Sptbn4,-0.16142360764036334,0.31976056735182296,0.8444651660379564
Vmn1r40,0.16107125768304817,0.32084624038818976,0.8444651660379564
Commd6,0.1612777986077403,0.3202095705082829,0.8444651660379564
Crybb2,-0.16120049781680026,0.320447763851071,0.8444651660379564
Tfpi,0.16132908207252863,0.3200516053583193,0.8444651660379564
Dntt,0.161428510673472,0.31974547558636107,0.8444651660379564
Fancc,-0.16105317455799387,0.3209020185186639,0.8444651660379564
Fignl1,0.16116647285082839,0.32055264160309765,0.8444651660379564
Sla,0.16122477795239692,0.3203729359663636,0.8444651660379564
Lman2,-0.1611362795324859,0.320645726076096,0.8444651660379564
Acot12,0.16123302541386758,0.32034752087056545,0.8444651660379564
Aurkb,-0.16144584169138673,0.3196921333411447,0.8444651660379564
C530030P08Rik,0.1610747156832459,0.3208355747113311,0.8444651660379564
Ppp1r17,-0.16106120892219344,0.32087723547708746,0.8444651660379564
Fam101b,0.16139449081945698,0.31985019913077056,0.8444651660379564
Tmem205,0.16116291841580407,0.3205635989015978,0.8444651660379564
Msra,-0.16094897743889977,0.32122353241690255,0.8445425294809354
Pth2r,0.16093251101992248,0.32127435944082794,0.8445425294809354
Rps15,0.1609518757436033,0.32121458669783437,0.8445425294809354
Cdc42se2,-0.16094971577545314,0.3212212535010214,0.8445425294809354
Slmap,0.16089906902034246,0.32137760001050614,0.8446437668755477
Llgl2,-0.1607924618302358,0.3217068458960157,0.8448869526918285
Insr,0.16074347255931098,0.3218582124587046,0.8448869526918285
Rapgef4,-0.16074324308635135,0.32185892158270835,0.8448869526918285
Arsg,-0.16077226435918607,0.3217692466548951,0.8448869526918285
Incenp,-0.16070144349097387,0.3219881075742557,0.8448869526918285
Trappc12,-0.1607508196853789,0.3218355086528359,0.8448869526918285
Stap2,-0.16077339129457371,0.32176576475883517,0.8448869526918285
Osbp,-0.1607052140976541,0.32197645284380083,0.8448869526918285
Ahctf1,0.16063590255313837,0.3221907313918509,0.8451907323872014
Ceacam11,-0.16062209770345626,0.3222334196970133,0.8451907323872014
Nr0b2,0.16029435036285994,0.32324790067514153,0.8457487170615038
Unc119,0.16040002754349772,0.32292058737584256,0.8457487170615038
Papln,0.16023934289939606,0.3234183537540734,0.8457487170615038
Sox14,0.16027519500783083,0.32330725175773856,0.8457487170615038
Mipol1,0.16026542693802906,0.3233375197301989,0.8457487170615038
Hoxb5,0.1603210846878343,0.323165077796445,0.8457487170615038
Emc9,0.160250376996863,0.3233841577800302,0.8457487170615038
Rnf123,-0.1605276218949456,0.32252565550814793,0.8457487170615038
Cbr2,0.16037705647068068,0.3229917186056722,0.8457487170615038
Aaed1,-0.1602570262021309,0.3233635521539629,0.8457487170615038
Pitx3,0.1603298649090813,0.3231378794704451,0.8457487170615038
Chek2,0.16048375171732981,0.322661410363546,0.8457487170615038
Pglyrp2,-0.16049067547075666,0.3226399827501476,0.8457487170615038
Mocs2,0.16036860458062968,0.3230178927302451,0.8457487170615038
Ap3s1,-0.16046718202583823,0.32271269367080735,0.8457487170615038
Sema5a,-0.1601665404816016,0.3236440314657278,0.8461692980557568
Zic3,-0.16009550946425688,0.3238643091319233,0.8462849159938376
B230118H07Rik,-0.16008954292528868,0.32388281634402827,0.8462849159938376
Tmem223,-0.16011603464805396,0.32380064826941674,0.8462849159938376
Ckb,-0.15999839139176436,0.32416563213906885,0.846411777323482
Acox1,0.15999100892909682,0.32418854418270987,0.846411777323482
Tmem132a,-0.15997597878593864,0.32423519439575027,0.846411777323482
Timm8a1,-0.1599484808514388,0.324320552273539,0.846411777323482
1700019L03Rik,0.16001314682281756,0.3241198404288239,0.846411777323482
Ptbp1,-0.1599689521406923,0.3242570049168688,0.846411777323482
Cox4i1,0.1599201168747132,0.3244086125996908,0.8464723027021325
Smu1,0.1598767289635188,0.32454334477844876,0.8464853300047926
BC018242,0.15989367625882842,0.32449071446776284,0.8464853300047926
Tpmt,-0.1598345542101758,0.3246743418977252,0.8464886088758075
Tnpo3,-0.15983622871456674,0.3246691401901511,0.8464886088758075
Cdc42ep3,-0.15969453054093344,0.32510949045081755,0.8468326585990564
Dbr1,0.15965212389202119,0.32524134559864665,0.8468326585990564
Dner,-0.1595862775722084,0.325446145291018,0.8468326585990564
Coq4,-0.15961214043521113,0.3253656956489646,0.8468326585990564
Gdi1,-0.15970433449326138,0.32507901154566504,0.8468326585990564
Irf7,-0.15948899124636254,0.32574887317304874,0.8468326585990564
Olfml3,0.15945079898026912,0.3258677629210798,0.8468326585990564
Fads2,0.15970947621711012,0.32506302744076904,0.8468326585990564
Ntn1,0.15976369975335833,0.32489449111350927,0.8468326585990564
Trappc3,-0.15953672357143664,0.3256003224395944,0.8468326585990564
AW112010,0.1594950477716665,0.32573002203661444,0.8468326585990564
Rasgrp1,0.15954064277616536,0.3255881270419665,0.8468326585990564
Ypel5,-0.15943737985787712,0.325909541841096,0.8468326585990564
Abcd1,-0.1594636180445221,0.3258278552094091,0.8468326585990564
Mad2l1,0.1594872284277272,0.3257543601274318,0.8468326585990564
Lamtor3,-0.15966238464807733,0.3252094388544649,0.8468326585990564
Cxcl2,0.15957589835977756,0.3254784344685051,0.8468326585990564
Rnf43,-0.1593798031843625,0.3260888367025634,0.8471298487222277
Add2,-0.15889366253029089,0.3276050411614248,0.8479371140418146
Ptprt,-0.15909099540555674,0.3269890803243789,0.8479371140418146
Il25,-0.15901475841252563,0.3272269666279612,0.8479371140418146
Lcn3,-0.15922233463555654,0.32657949828245614,0.8479371140418146
Eif3k,0.1589301083243135,0.3274912259671646,0.8479371140418146
Rsl1d1,0.15910734245039546,0.3269380852507479,0.8479371140418146
Gfra3,0.15912387268766687,0.3268865235406146,0.8479371140418146
Ccdc43,-0.1588868782513578,0.32762623013989906,0.8479371140418146
C1ra,-0.15901681431931564,0.3272205501163491,0.8479371140418146
Nucks1,-0.15900134686320222,0.3272688260926666,0.8479371140418146
Dbnl,0.15899269478902425,0.32729583221782765,0.8479371140418146
Mettl1,0.1589868810996585,0.3273139795077514,0.8479371140418146
Pde10a,-0.15920027177578147,0.3266482799583305,0.8479371140418146
Erg,-0.15898455063186906,0.3273212541751787,0.8479371140418146
Eya1,0.15905308217325798,0.3271073700470732,0.8479371140418146
Pcdhb2,0.15908347173057982,0.32701255224211095,0.8479371140418146
Adcy6,-0.15892142503455292,0.3275183405396604,0.8479371140418146
Syt5,0.1588843203200515,0.327634219403696,0.8479371140418146
Kif23,-0.15907277583512125,0.32704592240088737,0.8479371140418146
Hoxa11,0.15883182453791414,0.3277982067766525,0.8481932976856115
Zfp958,-0.15877072997484,0.32798911694355637,0.8483508398407269
2410018L13Rik,-0.15878381748550632,0.32794821509796757,0.8483508398407269
Agpat6,0.15868853611107014,0.3282460636406401,0.8488011972584407
Tex2,-0.15867342091641834,0.32829332842082537,0.8488011972584407
Htr5a,-0.15861122220263904,0.3284878647947653,0.8491185612566544
Terf2,0.15859256892308726,0.32854621931066347,0.8491185612566544
Slc4a2,-0.15852740575240784,0.32875012294612255,0.8492306890582093
Mcam,-0.15851631177479644,0.3287848449016839,0.8492306890582093
Gar1,-0.15852793251854363,0.3287484743267578,0.8492306890582093
Khdc1a,0.1584450086965573,0.3290080616880319,0.8496390653012328
Hand1,-0.15839256057666226,0.32917231009096615,0.8498950285668811
Epsti1,0.15806682897291519,0.33019347815503275,0.8500088176060412
Rufy3,-0.15821476186594727,0.3297294749137913,0.8500088176060412
Jun,-0.1582702320331305,0.3295555886494906,0.8500088176060412
Btbd17,-0.15812926531511998,0.32999759416451624,0.8500088176060412
Rgs11,0.15833401010310974,0.3293557266380298,0.8500088176060412
Tug1,0.15816128000386614,0.3298971801043164,0.8500088176060412
Paf1,-0.1582639368247638,0.32957531993284234,0.8500088176060412
Fam83h,0.1580750970039108,0.33016753455512565,0.8500088176060412
Larp6,-0.1581798023604557,0.3298390930611212,0.8500088176060412
Aimp2,-0.15806831850524308,0.3301888041797101,0.8500088176060412
Ankhd1,-0.15821849650845127,0.32971776594736063,0.8500088176060412
Efna3,-0.15808494686761454,0.33013662903396435,0.8500088176060412
Boc,0.15828609257222623,0.3295058795527971,0.8500088176060412
Cdkn2aipnl,0.15807124454015675,0.3301796227449391,0.8500088176060412
Fam102a,-0.15819274115886486,0.32979851995666304,0.8500088176060412
Gas5,0.15803082217346442,0.3303064752113999,0.8501319911308791
Atp6v0b,0.15781883892667678,0.33097219133071176,0.8511532396753567
Ankrd13a,0.1578008597254922,0.3310286902911623,0.8511532396753567
Ccm2,0.15780063265467145,0.3310294038893736,0.8511532396753567
Caap1,0.15784625383971687,0.33088605206097277,0.8511532396753567
Sntg2,0.15785736368068184,0.3308511480904574,0.8511532396753567
Bcl2l1,0.15774770482298733,0.33119576116258975,0.851258707769738
Far1,-0.15772532150793409,0.3312661290562288,0.851258707769738
Eif4ebp2,0.15773698424278867,0.3312294630418269,0.851258707769738
Spred1,0.15769936781199645,0.33134773253665084,0.8513007603604561
Arhgef3,-0.15739934235947944,0.33229193989772826,0.8524346033863655
Catsper1,0.15745158929885447,0.3321273990415671,0.8524346033863655
Igf2,-0.15739308221649165,0.33231165816740293,0.8524346033863655
Ash1l,-0.1574338460700677,0.33218327220865707,0.8524346033863655
Gsdma,-0.1574666523958616,0.33207996995916594,0.8524346033863655
Atpif1,0.15740104375656566,0.33228658093811125,0.8524346033863655
Zfp467,-0.15750751409023286,0.33195132928642,0.8524346033863655
Ncbp2,-0.15747453285265484,0.3320551584184434,0.8524346033863655
Krtdap,-0.15736063500779804,0.3324138719088126,0.8525292088321729
A630038E17Rik,-0.15723243202328632,0.3328179140958852,0.8531488752051123
Dnah8,0.15720214765056253,0.3329134003910391,0.8531488752051123
Pcbp1,-0.15718311792148454,0.33297340925025887,0.8531488752051123
LOC101055763,-0.15718026981576824,0.33298239109660793,0.8531488752051123
Grin2a,-0.15718391388056843,0.3329708991226305,0.8531488752051123
Cwc22,0.15694352395707364,0.33372950139004337,0.8532422084798152
Tspan4,0.15704469141456043,0.3334101206226527,0.8532422084798152
Bzw2,-0.1569503470867917,0.3337079553861123,0.8532422084798152
Synrg,0.15701621245071412,0.3335000089588479,0.8532422084798152
C79562,-0.15710792525830086,0.33321058671612674,0.8532422084798152
Hoxa11os,-0.15692460667148095,0.33378924250805436,0.8532422084798152
Rpa2,0.1569385320870382,0.3337452651857664,0.8532422084798152
Nubp2,0.1569201019099289,0.3338034695600779,0.8532422084798152
C78339,-0.15709452894253845,0.33325285276051336,0.8532422084798152
Arhgap12,0.15706211734352646,0.33335512615206675,0.8532422084798152
Seh1l,-0.15698688844676018,0.33359257954606547,0.8532422084798152
Arfgap2,-0.1570679665766806,0.3333366677719246,0.8532422084798152
Mrap,-0.15683172548374327,0.334082655076148,0.8537885950036536
Nosip,-0.15678114950516606,0.33424248946690904,0.8538626164944589
Rsu1,0.15680141853839316,0.33417842814057946,0.8538626164944589
Zfp688,0.15670084091235467,0.334496380592402,0.8539024158709698
Acvr1b,0.1567468653080644,0.3343508630383531,0.8539024158709698
Kif1b,-0.15669342813688056,0.3345198214370754,0.8539024158709698
Agr2,0.15670595090186384,0.3344802222368474,0.8539024158709698
Atp5j2,-0.15666532219625676,0.33460870752913424,0.8539622578814146
Ube2j2,-0.15656625619207007,0.33492211925327103,0.8539772187100241
1700028P14Rik,-0.1564722735128795,0.33521960997822364,0.8539772187100241
Spag1,-0.15656410308161736,0.33492893290837555,0.8539772187100241
Cpox,0.15643415023389365,0.3353403292451555,0.8539772187100241
Echdc1,-0.15659698406105374,0.3348248879182516,0.8539772187100241
Ccdc70,-0.15642554851286253,0.3353675705890057,0.8539772187100241
Lactb,-0.1563563313726756,0.3355868265738196,0.8539772187100241
Kcne2,0.15646360025394992,0.33524707202036125,0.8539772187100241
Esrrg,-0.15635336406610112,0.3355962278753164,0.8539772187100241
Me2,-0.156380782242488,0.33550936495928685,0.8539772187100241
Sfrp1,-0.15639906981093007,0.3354514359320596,0.8539772187100241
Kif5c,-0.1564816422610112,0.3351899473156571,0.8539772187100241
1700018B24Rik,-0.15635941278882262,0.33557706390486197,0.8539772187100241
Psmc2,-0.15648559432332884,0.3351774350445665,0.8539772187100241
Glrb,0.15646180689037611,0.33525275049374326,0.8539772187100241
Il13ra2,0.1563239268335203,0.3356895021602777,0.8540065133736466
Zbtb18,-0.15630842336318418,0.3357386323554914,0.8540065133736466
Pabpc2,-0.15627523679220023,0.33584381427998883,0.8541075682205368
Tet1,0.1562243272349105,0.3360052056155769,0.8541279150822382
Trps1,0.15619013172118318,0.33611363659646665,0.8541279150822382
Ndufa1,-0.15623497032252873,0.3359714615474088,0.8541279150822382
Commd1,0.15620537357482778,0.33606530345140895,0.8541279150822382
Rab17,-0.15556226433712667,0.3381082334009082,0.8543786669015996
Wfdc5,-0.15588690725383936,0.3370760418083845,0.8543786669015996
Adrm1,-0.15567483374467608,0.3377501111330156,0.8543786669015996
Homer1,0.1554401562257964,0.3384969554044385,0.8543786669015996
Hdc,0.15565560677282078,0.33781126289082486,0.8543786669015996
Mphosph9,-0.1556619985814195,0.3377909328925325,0.8543786669015996
Cntn1,-0.1552729888348138,0.33902954847076033,0.8543786669015996
Tubb2b,0.1558817603376491,0.3370923916910045,0.8543786669015996
Cited2,-0.15579405450796477,0.3373710734081642,0.8543786669015996
Ift140,0.15583578627781688,0.33723845540113195,0.8543786669015996
Bag6,-0.15541140688239494,0.33858851518993266,0.8543786669015996
Rnpep,-0.1553190012668521,0.3388829041191753,0.8543786669015996
Gdap1,-0.15544861984400202,0.3384700035930232,0.8543786669015996
Slc23a1,-0.15604024229619304,0.33658916745586365,0.8543786669015996
Prps2,0.15595619093575228,0.3368559984247861,0.8543786669015996
Trpm6,-0.15540630138915645,0.3386047764959248,0.8543786669015996
Tuba-rs1,-0.15609090637905468,0.33642838883835363,0.8543786669015996
Kcnab2,-0.1560973910952694,0.33640781336918224,0.8543786669015996
Timm17b,0.1559907689206944,0.3367462113663196,0.8543786669015996
Shc1,0.15561802591800442,0.3379308084422257,0.8543786669015996
Nrbp2,-0.15543923544843646,0.33849988763328115,0.8543786669015996
Zfp105,0.1552764531032932,0.33901850633651115,0.8543786669015996
Arrb2,0.15555926792465288,0.33811776909396174,0.8543786669015996
Itgav,0.15521194853172882,0.3392241453917685,0.8543786669015996
Ppp1r12c,-0.1554369881281522,0.3385070443203341,0.8543786669015996
Vdac3,-0.1558264674776627,0.33726806663059794,0.8543786669015996
Cacng6,0.15548859915820618,0.3383427093617456,0.8543786669015996
Cdk16,-0.15538414834748498,0.3386753406261562,0.8543786669015996
Glyr1,-0.15524037862350917,0.3391335018489583,0.8543786669015996
Usp19,-0.15565472473206793,0.337814068395715,0.8543786669015996
Naf1,0.15535488539447348,0.33876856529489474,0.8543786669015996
Anxa10,-0.156000909498663,0.3367140184766784,0.8543786669015996
4921530L21Rik,-0.1552478185346435,0.3391097835739468,0.8543786669015996
Chmp1b,-0.1553497167427792,0.3387850329410326,0.8543786669015996
Tmem206,-0.15594819373083085,0.33688139302047415,0.8543786669015996
Cml1,0.15547994534716097,0.3383702607158763,0.8543786669015996
Amdhd1,-0.1552986238541843,0.3389478435176937,0.8543786669015996
Gpr19,0.15530669767055502,0.3389221127387297,0.8543786669015996
Rab28,-0.15555067043927315,0.33814513035607324,0.8543786669015996
Ube2e2,-0.15522036871623945,0.33919729786110686,0.8543786669015996
Dock9,0.15564811962715727,0.33783507767502396,0.8543786669015996
Ccnd3,0.15542008938645288,0.33856086194737944,0.8543786669015996
Efr3a,0.15537659197842857,0.3386994119323138,0.8543786669015996
Hip1,0.15612099273201907,0.33633293361895317,0.8543786669015996
E130012A19Rik,0.15540391227059067,0.33861238614219247,0.8543786669015996
Ube2r2,-0.15605590021174692,0.3365394733919467,0.8543786669015996
Ccdc163,-0.15515611566670098,0.33940219872967425,0.854497258580652
Romo1,0.15516776222275988,0.3393650528206259,0.854497258580652
Mbd2,0.15509705065730064,0.33959061958321973,0.8548067119871594
Ido2,0.15507562586217646,0.3396589812032949,0.8548091559585056
Hsp90ab1,-0.15504459657809835,0.33975800295593583,0.8548091559585056
Trim37,0.15503516227565156,0.33978811341533977,0.8548091559585056
Ckm,0.1550093254831249,0.3398705820222694,0.8548518166554729
Trpm8,0.15494702124028195,0.3400694998921973,0.8551873008466531
Taz,-0.15381317231484637,0.3437015178039888,0.8553287920670155
Tlr9,-0.1545787864361243,0.34124656059090797,0.8553287920670155
Iyd,-0.15443385294202874,0.3417104976098274,0.8553287920670155
Clcn3,-0.15468157903145094,0.3409177432106679,0.8553287920670155
Car3,0.15428240447946268,0.3421956861350996,0.8553287920670155
Slc26a1,-0.15414280249423645,0.3426432818045368,0.8553287920670155
Ins2,-0.15384397860794252,0.3436025367693216,0.8553287920670155
Sec14l1,-0.15418783707392575,0.3424988530733188,0.8553287920670155
Mtx2,-0.1542143403334656,0.342413872208906,0.8553287920670155
Nrip3,-0.15469437260611663,0.34087683165243565,0.8553287920670155
Nfil3,-0.1543972224290628,0.3418278119289182,0.8553287920670155
Mtm1,0.15452455477908394,0.3414201144632293,0.8553287920670155
Ereg,0.15394627380465703,0.34327398119830893,0.8553287920670155
Spr,0.15457294406721392,0.3412652550254441,0.8553287920670155
Irf4,-0.15407677197269476,0.3428551106533902,0.8553287920670155
Il18r1,0.15383115109370454,0.34364374970826894,0.8553287920670155
Tbc1d10a,-0.15392913919142998,0.34332900190470156,0.8553287920670155
Irf2,-0.15386349295994642,0.3435398455673687,0.8553287920670155
Coq3,-0.15405387617804078,0.34292857937258653,0.8553287920670155
Ctrb1,0.1548266729743288,0.34045392859940016,0.8553287920670155
Aurkc,0.15409858024421139,0.342785140226282,0.8553287920670155
Ccdc23,-0.15444595262583213,0.3416717519005622,0.8553287920670155
Polr2g,-0.15450527266065855,0.3414818342465619,0.8553287920670155
Lifr,0.1539907809280341,0.34313108926238417,0.8553287920670155
Thbs1,0.15443163772504925,0.3417175914766517,0.8553287920670155
Mid1ip1,0.15465163360528525,0.34101351463544394,0.8553287920670155
Pacs1,0.15486467094234532,0.3403325239273876,0.8553287920670155
Fbxo8,0.15378680934998795,0.3437862356774384,0.8553287920670155
A930012N16Rik,-0.15427159271724064,0.34223033879264686,0.8553287920670155
Hoxa4,0.15483882282763595,0.34041510666727426,0.8553287920670155
Gpr108,0.15378363968391265,0.3437964222845809,0.8553287920670155
Tinagl1,-0.15441627310372186,0.3417667965291825,0.8553287920670155
Stx1b,-0.15447225122681235,0.34158754722803014,0.8553287920670155
Pcolce,-0.1540539585774085,0.34292831495038967,0.8553287920670155
Plekha2,0.15435913634678702,0.34194981307038513,0.8553287920670155
Tcte1,-0.15395671434570077,0.3432404582728642,0.8553287920670155
Tcof1,-0.1542255762495713,0.3423778487706403,0.8553287920670155
Cmc2,-0.15405885937588162,0.342912588347707,0.8553287920670155
Vdac1,-0.1547810100815362,0.3405998567389799,0.8553287920670155
St3gal4,0.15380721853345458,0.34372064931696206,0.8553287920670155
Art2a-ps,0.15434584580910127,0.3419923926843589,0.8553287920670155
Cct6a,0.15449078901792507,0.34152819900058373,0.8553287920670155
Tnfsf14,-0.1539128457398145,0.34338132638105995,0.8553287920670155
Wdr83,-0.1539462086544557,0.34327419039134466,0.8553287920670155
Pole,-0.15384851322686194,0.3435879683932141,0.8553287920670155
Rcor1,0.15395254822068472,0.34325383481020855,0.8553287920670155
Psmb1,-0.15392816648070018,0.34333212551752923,0.8553287920670155
Vwa9,-0.1537901485982462,0.34377550426256037,0.8553287920670155
Poll,0.15477649268689564,0.340614295302307,0.8553287920670155
Vps54,0.1544491875590545,0.34166139340879464,0.8553287920670155
Ndn,-0.15395495441198787,0.34324610900659785,0.8553287920670155
Api5,0.15472609282930286,0.3407754085549765,0.8553287920670155
Sval2,0.15430209004308804,0.34213259746333186,0.8553287920670155
P2rx7,-0.15401303642152264,0.343059650219943,0.8553287920670155
Zfp235,-0.1544462638541549,0.3416707553167614,0.8553287920670155
Abhd2,-0.1547600638068635,0.3406668085750781,0.8553287920670155
Smek1,0.15373518915569273,0.34395215367724624,0.8553900616227151
Nfkbiz,0.15375049344851427,0.3439029576005059,0.8553900616227151
Gfm1,-0.1536994585392416,0.3440670268460728,0.8554911316781239
Svs5,-0.15367365592498555,0.34414999572113936,0.8554911316781239
Fgf1,0.1536613799170519,0.3441894736232776,0.8554911316781239
Mcrs1,0.15356355887234452,0.3445041473408601,0.8554997659865927
Pik3cd,0.15361318677100785,0.34434448168575404,0.8554997659865927
Dpys,-0.15360988546415535,0.3443551014846885,0.8554997659865927
Col3a1,-0.15355839906160004,0.34452075026895124,0.8554997659865927
Sucla2,-0.1535686636951144,0.3444877218123935,0.8554997659865927
Dach1,-0.15353301265435237,0.3446024439668547,0.8555398195059907
Clps,-0.15350536405574564,0.34469143036358757,0.8555979598277448
Cdk8,0.153389136011529,0.3450656553480574,0.8556006677578222
Smarca2,-0.15340985142979796,0.3449989394614068,0.8556006677578222
Mpg,-0.15337108535861887,0.3451237952920889,0.8556006677578222
Helz,0.15344222010850206,0.3448947083575078,0.8556006677578222
Plp1,-0.15341302056138947,0.3449887336533005,0.8556006677578222
Ager,-0.15347353928019666,0.34479387440174003,0.8556006677578222
C79709,0.1533624847329242,0.3451514993545234,0.8556006677578222
Polr2d,-0.15328304704734558,0.34540744322820965,0.8560725026941894
Eya3,0.15308218664018927,0.3460551012739471,0.8561707427885906
Ensa,-0.15296667318639362,0.346427887422887,0.8561707427885906
Scamp3,-0.15291760217658226,0.3465863211024949,0.8561707427885906
Myo9b,-0.15264234247995803,0.3474758287265159,0.8561707427885906
Zfp428,0.15272822998439017,0.34719813800569244,0.8561707427885906
Gpam,0.1531530385968837,0.34582656362897857,0.8561707427885906
Impg1,-0.1528752609910011,0.34672306059304536,0.8561707427885906
Hoxc13,-0.15265525774252897,0.3474340629053298,0.8561707427885906
Acot1,0.152721509124065,0.3472198631412677,0.8561707427885906
2610015P09Rik,-0.1530550559500522,0.3461426365508044,0.8561707427885906
Mr1,0.1526640194326868,0.3474057307240066,0.8561707427885906
Rap2c,0.15274334281543198,0.34714928879064955,0.8561707427885906
Fgf20,-0.15260015503168106,0.3476122764421759,0.8561707427885906
Foxi1,0.15283046252641797,0.34686777021227405,0.8561707427885906
Plekhj1,0.1532359764151742,0.3455591547792764,0.8561707427885906
Ppp6r2,-0.15278582929222806,0.34701198129637156,0.8561707427885906
Sh3bgrl2,0.152642412175376,0.3474756033351794,0.8561707427885906
Cyp27b1,0.1526296797997654,0.34751678059317814,0.8561707427885906
Suco,-0.15286541988446817,0.34675484665731576,0.8561707427885906
Mknk2,-0.15297034572327964,0.3464160317528989,0.8561707427885906
Aldh1a2,0.15260262968658211,0.3476042717496054,0.8561707427885906
B3gnt1,-0.1528522514121722,0.34679738254501263,0.8561707427885906
Dstn,-0.15309206346512555,0.3460232376125975,0.8561707427885906
Ndst1,0.15307555869420414,0.3460764846799751,0.8561707427885906
Dctn3,0.15291792531982826,0.3465852776434106,0.8561707427885906
Mmp13,-0.1532045557296368,0.3456604473496819,0.8561707427885906
L2hgdh,0.15263634660876454,0.34749521938094513,0.8561707427885906
Ctgf,0.15293341249188547,0.34653527030843334,0.8561707427885906
Ints5,-0.15261415306699724,0.3475669988356986,0.8561707427885906
Cotl1,0.15290673624140064,0.3466214092728431,0.8561707427885906
Grk5,-0.15286127827766516,0.3467682242592483,0.8561707427885906
Pak2,0.15273598263114058,0.3471730786167426,0.8561707427885906
Glrx,-0.15322745078794703,0.34558663758440544,0.8561707427885906
Zwint,-0.15255544749508074,0.3477569091731535,0.8563488109879791
Rdh9,0.15252300590750434,0.34786188256226386,0.8563488109879791
Erv3,0.1525169591644339,0.3478814504595967,0.8563488109879791
Vbp1,0.15216979287400237,0.34900599761619155,0.8569525451133067
Egfl6,-0.1520554372437665,0.3493768853001458,0.8569525451133067
Fut1,0.1514302560552781,0.35140859499600247,0.8569525451133067
Atg7,0.1514167199164606,0.35145266072607545,0.8569525451133067
D6Wsu163e,0.1513498392606065,0.3516704322255088,0.8569525451133067
Mst1r,0.15162880847481344,0.3507625951966602,0.8569525451133067
Praf2,-0.1522102468083431,0.3488748492114813,0.8569525451133067
Strn,0.15217203547434396,0.348998726531298,0.8569525451133067
Ins1,0.15192009620567618,0.34981613218771906,0.8569525451133067
Nudcd2,-0.15173784450152147,0.35040813635522094,0.8569525451133067
Vangl1,0.15136253132572844,0.35162909927846414,0.8569525451133067
Foxn1,0.15183481690900316,0.35009307024224817,0.8569525451133067
Polr2c,-0.15142387996000042,0.3514293514215768,0.8569525451133067
Zfp709,0.1521964078372667,0.3489197107995489,0.8569525451133067
Luc7l3,-0.15209816644510551,0.34923827544982744,0.8569525451133067
Arl6ip6,0.15198259497323727,0.34961325348536176,0.8569525451133067
D19Bwg1357e,-0.15144770334726254,0.35135180159967405,0.8569525451133067
Mageh1,0.15154903145930956,0.3510220701725742,0.8569525451133067
Zfp84,0.1515163324532479,0.35112845614326205,0.8569525451133067
Traf4,0.1518238877031682,0.35012857126609864,0.8569525451133067
Prkg1,-0.152160519238725,0.34903606605843407,0.8569525451133067
Slc25a42,-0.15151173904137188,0.35114340228130364,0.8569525451133067
Prlr,0.1521892487903974,0.3489429195001046,0.8569525451133067
Puf60,-0.15151416440852888,0.35113551052550357,0.8569525451133067
Ptrf,0.15168794230095117,0.35057033453217884,0.8569525451133067
Agfg1,-0.15153132633328134,0.35107967133169254,0.8569525451133067
Abhd14b,0.15150725376588428,0.35115799692116595,0.8569525451133067
Klk1,-0.1517694970955147,0.35030527797857036,0.8569525451133067
Bcl11a,-0.15151586082168966,0.3511299907306256,0.8569525451133067
Bbc3,0.15190655984687604,0.3498600819381495,0.8569525451133067
Pik3r1,0.15133077454624863,0.3517325236503841,0.8569525451133067
Wdr74,0.15172805533242978,0.350439950842636,0.8569525451133067
Mrps31,-0.15211881377808908,0.3491713088030423,0.8569525451133067
Serpini1,-0.15189500388028376,0.34989760431842154,0.8569525451133067
Trip11,-0.15165764271530774,0.3506688393007054,0.8569525451133067
Nphs2,-0.15180032163671625,0.3502051273949669,0.8569525451133067
Il1rn,0.15230270965411524,0.34857520035149303,0.8569525451133067
Alad,-0.15211684979736628,0.3491776783681185,0.8569525451133067
F8a,-0.15232373271948244,0.34850709089455173,0.8569525451133067
Cacna1b,-0.15175622823261042,0.350348394373541,0.8569525451133067
Pdss1,-0.15144179619806736,0.35137102960388045,0.8569525451133067
Trim34a,0.15185280536327941,0.3500346434443312,0.8569525451133067
Tacr3,0.1512891489933713,0.35186811516195465,0.8569525451133067
Txndc17,0.1521454636803559,0.34908488478932653,0.8569525451133067
Alg12,-0.15234928206647738,0.34842432790396793,0.8569525451133067
Iars2,0.15226474453619104,0.3486982175371141,0.8569525451133067
Tyr,0.15232380889429112,0.34850684412144417,0.8569525451133067
Spg7,-0.1514493422598383,0.3513464669832201,0.8569525451133067
Prl8a8,0.15150043959847478,0.35118017022081277,0.8569525451133067
Kcnh1,0.15128856791813458,0.351870008178182,0.8569525451133067
Ndufb7,0.1521699860763137,0.34900537120130953,0.8569525451133067
Abcb6,-0.15129355809985737,0.35185375144935255,0.8569525451133067
Eps8l1,-0.15195193895380052,0.34971275810828134,0.8569525451133067
Ndufa5,-0.1516582783572629,0.3506667726456747,0.8569525451133067
Cdc42bpa,-0.15158536429184194,0.35090388364076924,0.8569525451133067
Erich3,0.15132751739942785,0.3517431324155236,0.8569525451133067
Cdh5,-0.15155778068696044,0.35099360781649863,0.8569525451133067
Mapk14,-0.1511959874166865,0.3521716910741499,0.8570474443913805
Sep15,0.15121247747943575,0.35211794551004333,0.8570474443913805
Plekhb2,-0.15125373313143062,0.35198350315455945,0.8570474443913805
St7,-0.1512306203096686,0.35205881865529814,0.8570474443913805
Odf3,0.1511543743807549,0.3523073404444454,0.8570543920415715
Pex11a,0.15114956397129903,0.35232302328751924,0.8570543920415715
Phyh,0.1511346693796013,0.35237158504889504,0.8570543920415715
Erbb2,-0.15108821638000208,0.3525230636975105,0.8570870027853608
Stard6,0.15100973010159077,0.35277908590391394,0.8570870027853608
Slc35d1,0.1510141087903865,0.3527647997708224,0.8570870027853608
Tmod1,-0.15107305233948987,0.3525725203510111,0.8570870027853608
Ccdc50,0.15104873011278386,0.35265185434844837,0.8570870027853608
Ccne2,-0.15103481158885337,0.3526972583298863,0.8570870027853608
Ccdc101,-0.15096921266568203,0.3529112961415324,0.8572486044956917
Numb,-0.15090012136871597,0.3531368107412532,0.8575301548182402
Spcs1,-0.15089343583620307,0.3531586368298891,0.8575301548182402
Tomm40,-0.15083295118372017,0.3533561352412293,0.8576905150228423
Tsc1,-0.15084934413017323,0.35330260157813537,0.8576905150228423
Il1b,-0.1507448664398819,0.35364387024001415,0.8582292845010127
Jak3,0.15066975076412642,0.35388934855799964,0.8585056905248815
Asun,-0.1506760797529188,0.3538686615741978,0.8585056905248815
Hmgn1,-0.15061955235209845,0.3540534524151253,0.8587441450864257
Lrrc20,-0.15041683249752655,0.35471661506247787,0.858760668535687
Nxf2,0.15043334787065302,0.354662560898228,0.858760668535687
Prss39,0.15048617586812854,0.35448968910997364,0.858760668535687
Lce1h,0.1505034668139477,0.35443311769887104,0.858760668535687
Tmem56,-0.1504840291451291,0.35449671298742086,0.858760668535687
Ces1f,0.15055394519118956,0.3542679958092307,0.858760668535687
Ehd2,-0.15041629648675398,0.35471836948481517,0.858760668535687
Figla,0.1505195724648404,0.3543804289827554,0.858760668535687
Twsg1,-0.15043765964610617,0.35464844941578805,0.858760668535687
Rheb,-0.15051160557607168,0.35440649163454047,0.858760668535687
Scml2,0.15036095928400078,0.3548995213914273,0.8590398543195575
Klk1b21,-0.1503203482108516,0.35503250003449965,0.8590430359633202
Ddx17,-0.15032417527166728,0.3550199673064291,0.8590430359633202
Acaa2,0.15022576211736222,0.3553423290437314,0.859208638044151
Ptpn14,0.15024207751403273,0.35528887463947,0.859208638044151
Pcm1,0.1502190502503454,0.35536432060114054,0.859208638044151
Cpxm2,-0.15024676984895377,0.3552735019299749,0.859208638044151
Cyb5d1,-0.15010029112166579,0.35575356785637263,0.8592985541532245
Tmem97,-0.15012844898739272,0.35566125469696225,0.8592985541532245
Rnasek,0.1500282182043612,0.3559899161428104,0.8592985541532245
Sox13,0.1499755448285177,0.3561627052719314,0.8592985541532245
Gcnt3,-0.15005037122725648,0.35591726016553327,0.8592985541532245
Mrpl52,0.14997796886255443,0.3561547524304193,0.8592985541532245
Ndufb5,-0.1500743824546525,0.3558385194999224,0.8592985541532245
Rnf138,0.1499666984540592,0.3561917295896077,0.8592985541532245
Prosc,-0.14999227695694084,0.356107812117352,0.8592985541532245
Mul1,0.15014348507392974,0.35561196586913657,0.8592985541532245
Nr3c1,0.15017262025473935,0.3555164709997996,0.8592985541532245
Nup107,-0.15010313637648218,0.3557442392994081,0.8592985541532245
Aplp2,-0.1499234142353574,0.35633376178642584,0.8594823026896619
Tbx4,0.14980581869570817,0.35671980397753567,0.8597777469713452
Orc2,-0.14984002863802812,0.3566074746927286,0.8597777469713452
Pepd,0.14983118766775855,0.35663650229456756,0.8597777469713452
Actr6,0.14980802454276004,0.3567125603991351,0.8597777469713452
Rassf5,0.14977379488264297,0.35682497364571264,0.8598724064825307
Tnk1,-0.14975101271967325,0.3568998036825888,0.8598939324693686
Itpk1,0.14957662425487006,0.3574728995176945,0.8601224891295968
Sycn,-0.14963146805509395,0.35729260791400047,0.8601224891295968
Adamtsl5,-0.14958950217677772,0.3574305603476486,0.8601224891295968
Fgfr4,0.14958401327925,0.3574486060222258,0.8601224891295968
Acat1,-0.14956169550348772,0.35752198490604126,0.8601224891295968
Gatm,0.1496095117852758,0.3573647798634748,0.8601224891295968
Ap2a2,-0.14963597604383294,0.35727779085364003,0.8601224891295968
Rab32,0.1495990924328484,0.35739903203399037,0.8601224891295968
Chrna3,0.14952180655337913,0.357653158013039,0.8602794578639901
Hgf,0.1493421713721824,0.35824422618349866,0.8604242039205706
Prok2,0.14933396354241898,0.358271246578237,0.8604242039205706
Psma6,0.14937793886655726,0.35812649241657557,0.8604242039205706
Abcb11,-0.1493832146471794,0.35810912833547937,0.8604242039205706
Tcf25,-0.14924307648903232,0.3585705280803175,0.8604242039205706
Vmn1r11,0.14937902603570177,0.35812291419658765,0.8604242039205706
Mrps25,-0.14928066259773634,0.35844674343117433,0.8604242039205706
Ugt3a1,-0.14925597055333154,0.3585280604746616,0.8604242039205706
Slc25a19,0.14931859790746427,0.3583218338319691,0.8604242039205706
Rbm19,0.14945538366655145,0.3578716487205205,0.8604242039205706
Agfg2,-0.1492839082857399,0.3584360553676003,0.8604242039205706
Cdyl,0.14929523985445467,0.35839874191344323,0.8604242039205706
Cxcl14,0.14928871036288519,0.3584202424468795,0.8604242039205706
Capza1,-0.14916247563553867,0.35883605927402806,0.8609030589201677
Tcf7l1,0.14913590323494186,0.3589236242460392,0.8609548479387068
Igk-V1,0.14886166079193947,0.35982806736173084,0.8610359249288864
Isoc2b,-0.1489098198808287,0.3596691448601013,0.8610359249288864
Abcc5,-0.14870169861829202,0.3603562256034074,0.8610359249288864
Cela1,0.14897966317254535,0.3594387377503128,0.8610359249288864
Nrg3,0.14895628684701992,0.35951584476196136,0.8610359249288864
Ttc14,-0.14860165640096262,0.360686769541257,0.8610359249288864
1700094D03Rik,0.1490687222713536,0.35914506320592016,0.8610359249288864
Slc10a3,-0.1486467336842653,0.3605378105162168,0.8610359249288864
Ackr2,0.14875739868326615,0.36017226600511937,0.8610359249288864
BC100451,0.1488004898008415,0.36002998699873673,0.8610359249288864
Olfr544,0.1486886650835762,0.3603992790610965,0.8610359249288864
Cyp1a1,0.148953091720976,0.35952638465600456,0.8610359249288864
Coq10a,0.1490348567275062,0.35925671929600345,0.8610359249288864
Tpk1,-0.14861673798467206,0.3606369281083914,0.8610359249288864
Dtx1,0.14882922351964736,0.35993513156282947,0.8610359249288864
Syn2,-0.1488140630309768,0.35998517740019337,0.8610359249288864
Pms2,0.1486267734300793,0.3606037652964079,0.8610359249288864
Aff2,0.1488576954610503,0.3598411545575116,0.8610359249288864
Rab13,0.1485658858815992,0.36080499942609784,0.8610359249288864
Txnrd2,0.14858366424671235,0.3607462349971776,0.8610359249288864
Pla2g2c,0.14872743641558697,0.36027121509790244,0.8610359249288864
Slc22a7,0.14894887454810174,0.3595402962917036,0.8610359249288864
Rora,-0.14909879327401143,0.3590459347080761,0.8610359249288864
D530037H12Rik,-0.14887136723020963,0.3597960333509334,0.8610359249288864
Park7,-0.14871495549941366,0.36031243741858426,0.8610359249288864
Ldoc1l,-0.14864290045279896,0.3605504761437266,0.8610359249288864
Clec5a,0.1489123788681349,0.35966070147036105,0.8610359249288864
Pcf11,0.14869000661177045,0.3603948474761743,0.8610359249288864
Arf3,-0.14768048065940373,0.3637385992585671,0.8613554427207183
Polg,-0.14809785233763523,0.36235402094805863,0.8613554427207183
Rab1,-0.14840667615879274,0.36133149608095766,0.8613554427207183
Cryga,0.14808154159050388,0.3624080726667644,0.8613554427207183
Mrpl23,0.14825449235897128,0.3618351728059656,0.8613554427207183
Ubqln2,0.14783146455139137,0.36323737781285886,0.8613554427207183
Ptdss1,-0.14758390008283273,0.36405942668900965,0.8613554427207183
Cdk20,-0.14773532631254874,0.363556482024266,0.8613554427207183
Ift88,-0.14764934831059798,0.3638419988648953,0.8613554427207183
Ptch2,0.14771543586576213,0.36362252299590514,0.8613554427207183
Aurkaip1,0.14783259898559384,0.3632336133368942,0.8613554427207183
C78444,0.14792261864723488,0.3629349661774676,0.8613554427207183
Gm5802,-0.147695555721075,0.36368853666526985,0.8613554427207183
Mif,-0.1479319900614782,0.36290388392456185,0.8613554427207183
Gtpbp4,-0.14806292794431042,0.36246976157702354,0.8613554427207183
Glra4,0.14845486681180373,0.36117208580099647,0.8613554427207183
Klk8,-0.14846023835409622,0.3611543197454187,0.8613554427207183
Clcn1,0.14810944276376978,0.362315614591957,0.8613554427207183
Cyp11b2,0.1475694819903286,0.3641073355849094,0.8613554427207183
Cux1,-0.1480870696107242,0.36238975299772147,0.8613554427207183
Avpr1a,0.14758701255479997,0.36404908494451443,0.8613554427207183
Rbm25,-0.14820884094092496,0.3619863424549235,0.8613554427207183
Alpl,-0.14784291715479045,0.3631993748335842,0.8613554427207183
Txk,0.1477274213727835,0.3635827274602973,0.8613554427207183
Ctdsp1,-0.14792779832016617,0.36291778652057205,0.8613554427207183
Gys2,-0.14823894363782072,0.3618866565944972,0.8613554427207183
Gpr50,-0.1481625831857714,0.36213955708132234,0.8613554427207183
Dusp13,0.14824332879254748,0.3618721363629163,0.8613554427207183
Sys1,0.14837117815268985,0.3614489462199225,0.8613554427207183
Ncor2,-0.14796675327186368,0.3627885978777968,0.8613554427207183
Eif4e3,-0.14780380414907354,0.3633291723040499,0.8613554427207183
Plekhs1,0.14795190493989804,0.36283783716491874,0.8613554427207183
Traf6,0.14789052258403948,0.363041431100921,0.8613554427207183
Crtap,-0.14761246572119208,0.363964518595722,0.8613554427207183
Ang,0.14810541814641962,0.3623289504090715,0.8613554427207183
Sppl3,-0.14793243884262403,0.36290239548664344,0.8613554427207183
Nup160,0.14818844731868008,0.3620538854638659,0.8613554427207183
Trmt10a,0.14807321610663132,0.36243566404200867,0.8613554427207183
Fhl1,-0.14820919881567712,0.36198515725037267,0.8613554427207183
Trib2,-0.1477773853514789,0.3634168588516946,0.8613554427207183
Lipc,-0.1478777629463091,0.36308376072546417,0.8613554427207183
Zdhhc16,-0.14835447938090526,0.36150420407254447,0.8613554427207183
Fert2,0.14807857949571201,0.36241788916685735,0.8613554427207183
Olfr672,-0.14759242067142586,0.3640311159124899,0.8613554427207183
Srrm1,-0.14779000070221238,0.363374985760305,0.8613554427207183
Pnpla2,-0.14778468051360028,0.3633926442838886,0.8613554427207183
Scn3b,0.1481427737538495,0.362205181186678,0.8613554427207183
Srr,0.14832487571167877,0.3616021774641206,0.8613554427207183
Emid1,-0.14752353385163694,0.364260037729316,0.8613567872513505
Slc35b3,0.14749091046013896,0.3643684793307108,0.8613567872513505
Dennd2d,0.1474898689760081,0.3643719415761709,0.8613567872513505
Bmp8b,-0.1475215996113328,0.3642664667118946,0.8613567872513505
Omg,-0.14745632582759385,0.36448346046861113,0.8614643498741001
Pnlip,0.14706012312090178,0.3658021772082714,0.8622284059643377
Ambp,-0.14672932278726977,0.36690530626943896,0.8622284059643377
Fbxo25,-0.14727208040149448,0.3650963602909219,0.8622284059643377
Plac8,0.14676263890579955,0.3667941197130962,0.8622284059643377
Rnf41,-0.1469832367311744,0.36605840222933855,0.8622284059643377
Pdf,-0.14717481851474065,0.36542014471075135,0.8622284059643377
Tradd,0.14682732071989046,0.3665783110159915,0.8622284059643377
Atad3a,0.1472216261993289,0.3652643015242368,0.8622284059643377
Slc37a4,0.14674757876587385,0.36684437782731566,0.8622284059643377
Npas2,-0.1468717941336451,0.3664299692691011,0.8622284059643377
Ifrd2,-0.1472077250477209,0.36531058052830095,0.8622284059643377
LOC102634389,-0.14726008541956617,0.36513628261568537,0.8622284059643377
Bach2,-0.14683399985629728,0.3665560304552657,0.8622284059643377
Gpr87,-0.14678699998220632,0.3667128312422051,0.8622284059643377
Casp8,0.1473222016810541,0.3649295711902957,0.8622284059643377
Slc35c1,0.14693100924239821,0.3662325098847253,0.8622284059643377
Tm9sf3,0.1471331748591145,0.3655588267163745,0.8622284059643377
Sik1,-0.14699160001333697,0.3660305264729971,0.8622284059643377
Trdmt1,0.14677738482119496,0.36674491404624726,0.8622284059643377
2900011O08Rik,-0.1470378069939486,0.3658765354118129,0.8622284059643377
T2,-0.14686287836324027,0.3664597051939162,0.8622284059643377
Klrd1,0.14672457003277364,0.3669211693095231,0.8622284059643377
Rasal3,-0.14713440064334934,0.3655547441687435,0.8622284059643377
Ncaph,0.14702088601589525,0.3659329225575319,0.8622284059643377
Csnk1e,0.14698902333882868,0.36603911468780853,0.8622284059643377
Sult1a1,0.14691130315542597,0.36629821524383377,0.8622284059643377
Golga3,-0.1470632213954959,0.365791854323241,0.8622284059643377
Tmem242,0.1470223775060691,0.36592795214339285,0.8622284059643377
Rgs5,-0.14682540350816267,0.3665847066798874,0.8622284059643377
Slamf1,0.14724217091801559,0.36519591126811374,0.8622284059643377
Ints6,-0.14676923989728824,0.36677209238640185,0.8622284059643377
2810025M15Rik,-0.14686537737678734,0.36645137033091096,0.8622284059643377
Cfd,-0.14663730007849016,0.36721251599989596,0.8622919059353324
Fbln5,0.14663787832694217,0.367210585107609,0.8622919059353324
Nap1l2,-0.1466938758090794,0.3670236254224165,0.8622919059353324
Ugt2b38,0.14665923625899466,0.3671392705951741,0.8622919059353324
Smc5,0.146564351639103,0.3674561527839701,0.8623157479047954
Nedd1,-0.14656225308020376,0.3674631630258138,0.8623157479047954
Smarcd2,-0.14651555837858704,0.36761916664835437,0.8623157479047954
Shmt1,-0.1465604385310991,0.3674692245939867,0.8623157479047954
Tusc3,0.1465188304518985,0.3676082336506487,0.8623157479047954
Btn1a1,0.14652000282774058,0.3676043164297605,0.8623157479047954
Abcc9,0.1464679204837933,0.3677783605435937,0.8625341169542333
Inadl,-0.1464405269450357,0.3678699207756961,0.8625938178260663
Hnf4aos,-0.14638988896478594,0.368039207689312,0.8628357206499878
Hivep1,0.14624497487250104,0.3685239140489562,0.8632427740799575
Map2k6,0.14623909028584062,0.3685436044447424,0.8632427740799575
Syce2,0.14630486520032754,0.3683235495070602,0.8632427740799575
Npas3,0.1462551479780985,0.3684898752759314,0.8632427740799575
Os9,0.14628005922450257,0.36840653092521797,0.8632427740799575
Hs6st3,0.14619540349216273,0.36868980352540165,0.8632705796981969
Golga4,0.14617624044168503,0.3687539436920645,0.8632705796981969
Stac2,-0.14618765131170536,0.36871574988485734,0.8632705796981969
Drg1,-0.1460989611723709,0.3690126680493045,0.8633315678100496
Tiam1,-0.14612897174047262,0.3689121829021133,0.8633315678100496
Theg,-0.14606965820181853,0.3691107990506757,0.8633315678100496
BB283400,0.146078384714674,0.3690815737809104,0.8633315678100496
Ndufb2,-0.14612129448655148,0.36893788735462035,0.8633315678100496
Sectm1b,0.14603855182460573,0.3692149857220128,0.8634204925961549
Dgkz,0.14592684045937934,0.369589286849273,0.8636457907402777
Cystm1,0.14591563546099492,0.36962684239829235,0.8636457907402777
Ndufa8,-0.14595077364982842,0.36950907780972175,0.8636457907402777
Scgn,0.14595742507813994,0.36948678816410874,0.8636457907402777
Rasip1,-0.14589129347188312,0.36970843643767276,0.8636457907402777
Fzd3,-0.14590451642168978,0.3696641119987474,0.8636457907402777
Snx16,-0.1457967554154031,0.3700254245305342,0.8637027269053195
Fbxo45,-0.14583159808870697,0.369908578229026,0.8637027269053195
Dppa5a,-0.1457261333785542,0.37026232311352264,0.8637027269053195
Gpx5,-0.14576533833045227,0.3701308010822768,0.8637027269053195
Sycp1,-0.14573142877840148,0.3702445569154719,0.8637027269053195
1810026J23Rik,0.1457461523993912,0.3701951613634345,0.8637027269053195
Med1,-0.1457422928432353,0.370208109234099,0.8637027269053195
Spata4,0.14573450690577136,0.3702342299457203,0.8637027269053195
Ptger2,0.14562201006179634,0.3706117584547618,0.864210840624475
Top2b,-0.14557639480832923,0.3707649015072957,0.864210840624475
Foxc1,-0.14551353580581936,0.3709759958554627,0.864210840624475
Dcaf4,-0.14553626229442254,0.37089966738615227,0.864210840624475
Mnx1,0.14561950737224247,0.37062015973981577,0.864210840624475
1300017J02Rik,-0.14553049173433,0.3709190473575229,0.864210840624475
Itga5,-0.14555528621851033,0.370835781134523,0.864210840624475
Rpl22,0.14550342030374902,0.37100997234870936,0.864210840624475
D8Ertd107e,-0.1454833982415753,0.3710772287721311,0.8642132354537817
Image:619641,0.14542188618252755,0.3712838984654682,0.8642559204758568
Zfp937,0.1454188052214686,0.371294251681175,0.8642559204758568
Polr2h,0.1454456790263388,0.371203950901298,0.8642559204758568
Mprip,0.1453520753336508,0.37151853026646064,0.8643453692568941
Sftpd,0.145348248307188,0.37153139521510603,0.8643453692568941
Igf2r,-0.14537871006642247,0.3714290018806276,0.8643453692568941
Dnaaf1,0.14529546657396503,0.37170885246561336,0.8645972721854933
Anxa9,-0.14527663165085677,0.37177218899783915,0.8645972721854933
Braf,-0.1452455870555495,0.37187659665886913,0.8646859782255137
Tmprss2,0.14522425096852135,0.3719483628447789,0.8646987683523106
Asb3,0.1451486065607028,0.3722028645046144,0.8647001240514038
Glipr1l2,-0.14509575709253117,0.37238073273161165,0.8647001240514038
Ppp1r3f,-0.14513902723829916,0.3722351007218768,0.8647001240514038
Cd59a,-0.14511045940914424,0.3723312462870513,0.8647001240514038
Xab2,0.14507771148634852,0.3724414774650241,0.8647001240514038
Oaf,-0.14506654431618138,0.3724790709857415,0.8647001240514038
Mrpl49,-0.14519151681918738,0.37205848298627153,0.8647001240514038
Nos2,-0.14512477917869693,0.3722830510628278,0.8647001240514038
Ptges,0.14499661020602025,0.3727145486466033,0.8649820916620599
Kcnq1,-0.14494687252063015,0.37288207385071864,0.8649820916620599
Nedd9,0.14492558654680607,0.3729537818429958,0.8649820916620599
Col18a1,0.14497835224568886,0.3727760396558842,0.8649820916620599
Barx2,-0.14491238619325408,0.37299825502202555,0.8649820916620599
App,-0.14492266455934577,0.37296362602112854,0.8649820916620599
E330034G19Rik,0.14486909083538704,0.373144142199905,0.8650129528453651
Ninj1,0.14488619459601002,0.3730865058214268,0.8650129528453651
Galr2,-0.1448258568426329,0.37328985505682305,0.86519703705799
Neil3,-0.14456264784540004,0.3741776559728429,0.8653009817561462
Uxs1,0.14455235438771238,0.37421240009708834,0.8653009817561462
Gimap1,0.14469563595001306,0.37372893845582406,0.8653009817561462
L1cam,-0.1446163396151881,0.37399645670894865,0.8653009817561462
Sema4d,0.14456501912669267,0.3741696523054075,0.8653009817561462
Opa3,-0.14463899206971495,0.3739200240808242,0.8653009817561462
Onecut3,-0.14451745104211447,0.37433022512454184,0.8653009817561462
Wee1,0.14450942652203913,0.3743573168975716,0.8653009817561462
4933428G20Rik,0.14469841922067225,0.37371955064957824,0.8653009817561462
Efcab14,0.14469200767800008,0.37374117660305783,0.8653009817561462
Cnnm2,0.14475062592381116,0.37354348544354105,0.8653009817561462
Igj,0.1447082858726851,0.3736862721020278,0.8653009817561462
Tspy-ps,-0.1445945642426211,0.3740699383243841,0.8653009817561462
Krtap4-2,0.14449806142319957,0.3743956887880452,0.8653009817561462
Psmc5,0.1446116648489241,0.3740122311478924,0.8653009817561462
Irx4,-0.14477503477330028,0.3734611837055035,0.8653009817561462
Sgca,-0.14443595189250813,0.37460542824174464,0.8653553533587727
A930012O16Rik,-0.14443218182860768,0.3746181616310604,0.8653553533587727
Coro2a,-0.1444386838804424,0.3745962011075306,0.8653553533587727
5031439G07Rik,0.14421810476398605,0.37534161091420315,0.8653606778524571
Commd5,-0.1442733953323539,0.3751546866174529,0.8653606778524571
Glmn,-0.144392453104833,0.3747523603555605,0.8653606778524571
Pex14,0.14421563988083555,0.3753499453325854,0.8653606778524571
Arx,-0.14435278866115986,0.3748863692373909,0.8653606778524571
E2f5,-0.14438667175695813,0.37477189131495814,0.8653606778524571
Rexo1,0.14434507615663972,0.3749124295974829,0.8653606778524571
Prl3c1,-0.14428253620245662,0.3751237886056619,0.8653606778524571
Txndc8,-0.1443205404210598,0.3749953420903876,0.8653606778524571
Sytl4,0.1442328858808388,0.37529163427756546,0.8653606778524571
Prkd2,-0.14430430712478615,0.3750502042624044,0.8653606778524571
Fkbp15,0.1440443299790457,0.3759294469908832,0.8655289389390106
Med19,-0.14405749574353513,0.37588489223446514,0.8655289389390106
Mogat2,0.14408157894646456,0.37580339913309174,0.8655289389390106
Oxsr1,0.14401760690219312,0.37601989078437054,0.8655289389390106
Armcx5,0.1441596912268965,0.3755391507563169,0.8655289389390106
3110079O15Rik,-0.1440213143094308,0.37600734238967154,0.8655289389390106
Cdk14,0.14414172781453818,0.3755999103662661,0.8655289389390106
Zscan2,-0.14404974866240147,0.37591110905825503,0.8655289389390106
C77691,-0.14404801989626637,0.37591695950116966,0.8655289389390106
Slc12a9,0.14399268649959004,0.37610424459973313,0.8655704211255586
Map3k12,-0.143970578668866,0.37617908705696923,0.8655900029988347
Tmem115,-0.14380736451724044,0.37673188376303146,0.8657948931387306
Pptc7,-0.14381106472833136,0.3767193462583397,0.8657948931387306
Mdh2,-0.14389653760064433,0.3764298026461643,0.8657948931387306
Dnajc17,0.14382748853186356,0.376663699992124,0.8657948931387306
Ccrl2,0.14381122608844152,0.3767187995238054,0.8657948931387306
Ctsg,0.14384727753262277,0.37659665814300686,0.8657948931387306
Ddx19b,-0.14380715978830189,0.3767325774574076,0.8657948931387306
Proc,0.14372988164403025,0.37699447507211514,0.8662288406935278
Ror2,-0.14371227283596183,0.3770541662303041,0.8662288406935278
Nbn,0.1436606986385163,0.37722902571420724,0.8663480438515874
2810408B13Rik,0.1436578052099004,0.3772388370882611,0.8663480438515874
Tlcd2,0.1436093149989042,0.37740328488256525,0.8665731945156773
Cnbd2,-0.14356756528757056,0.3775449057954202,0.8667458613167555
Bco2,0.14350147876296027,0.3777691422408471,0.8668052295407942
Clic4,-0.14346206833619468,0.37790290067113025,0.8668052295407942
Prx,-0.1435384731957036,0.3776436080994226,0.8668052295407942
Zfp707,-0.14347223981675342,0.37786837623885894,0.8668052295407942
Olfr71,-0.14349578452217773,0.37778846675348066,0.8668052295407942
5830428H23Rik,-0.1434285561805789,0.3780166615806183,0.866809603129562
Hspd1,-0.14342237041683867,0.3780376619978801,0.866809603129562
Slc1a2,-0.14333798004873755,0.37832422995159276,0.8670096376252782
Rpap3,-0.14334122997790247,0.37831319174994105,0.8670096376252782
Asap1,-0.1433506219023085,0.3782812936330322,0.8670096376252782
Bub3,0.14321572222217668,0.3787396043896896,0.8673219098268908
Spc25,-0.14322202554627095,0.3787181823512651,0.8673219098268908
Thoc7,-0.14320006341714167,0.3787928242856503,0.8673219098268908
Alkbh5,-0.14327725991747453,0.37853049603241085,0.8673219098268908
Mtfp1,-0.14325098090299057,0.3786197855131347,0.8673219098268908
Ggact,-0.14307548584315202,0.37921637952193016,0.8676050142102322
Fyn,-0.14304637404855183,0.37931539628089317,0.8676050142102322
Lhx5,0.14308125461016863,0.3791967601880066,0.8676050142102322
Atp10a,-0.1430616308289534,0.37926350219064026,0.8676050142102322
Cep104,-0.14307501663195926,0.3792179753147368,0.8676050142102322
Cryl1,0.1431064739773501,0.3791109969313875,0.8676050142102322
Baiap3,-0.14302283522991194,0.3793954686077213,0.8676360795412119
St8sia4,0.14295822716969664,0.3796152959252901,0.8676557107922824
Pdcl,0.14294214645764255,0.37967002135212913,0.8676557107922824
Prkab1,0.14299108337248884,0.3795034945039412,0.8676557107922824
Map3k4,-0.1429565685884881,0.37962094015565667,0.8676557107922824
Ptplad2,0.14290853599151973,0.3797844179650381,0.8677427468610062
Clptm1l,-0.1428918833008548,0.37984110430454954,0.8677427468610062
Bri3,0.14280598234352163,0.38013359020655313,0.8682589215132701
Fabp7,-0.14277606793076403,0.3802354762986886,0.8683396447710163
Cdipt,-0.14267948307557954,0.3805645420159518,0.8683701212302056
Zic5,-0.14182466982566058,0.3834839133413731,0.8683701212302056
Nckap1,-0.1416422518055554,0.3841085400981491,0.8683701212302056
Hpgds,-0.14261829095455394,0.3807731075870905,0.8683701212302056
Tmbim4,-0.14174308341373773,0.3837632066865934,0.8683701212302056
Kat2a,-0.14173785449942614,0.38378111064569637,0.8683701212302056
Adra2b,0.1421685948101718,0.382307821146703,0.8683701212302056
Kars,0.14270479213299345,0.380478298198266,0.8683701212302056
Pparg,-0.1422883154137755,0.38189890059818143,0.8683701212302056
C87436,-0.14244670014438454,0.3813582976306105,0.8683701212302056
Sult5a1,-0.14257276055185306,0.3809283341016922,0.8683701212302056
Qser1,0.14192443938235752,0.3831425297323419,0.8683701212302056
Phlda2,-0.14246365315022444,0.3813004588107534,0.8683701212302056
Tmem185b,0.14205022632502265,0.3827123662178932,0.8683701212302056
Eogt,-0.14172497763577305,0.38382520341902104,0.8683701212302056
Ccnl2,-0.14172973458260157,0.38380891441690146,0.8683701212302056
Cd5,-0.14166907467362125,0.38401665863993883,0.8683701212302056
Oxtr,-0.14251016138815475,0.38114181142330317,0.8683701212302056
Slc17a6,-0.14205318751062324,0.3827022429021797,0.8683701212302056
Gnb3,0.14190045311405977,0.38322458840327733,0.8683701212302056
Pomgnt1,0.14192741830781633,0.3831323393155296,0.8683701212302056
Caskin2,-0.1425349405421266,0.3810573008146197,0.8683701212302056
Elovl5,-0.14192812706451965,0.3831299147972679,0.8683701212302056
Ighg3,-0.14248514167569118,0.3812271532154078,0.8683701212302056
Gcc2,-0.1419387686244978,0.3830935131390608,0.8683701212302056
1700097N02Rik,-0.14194760942152962,0.38306327284650743,0.8683701212302056
Lman1l,0.14223718839611843,0.38207350103374965,0.8683701212302056
Tmem43,-0.1424371560596761,0.3813908615058332,0.8683701212302056
Crygs,-0.1421418153403672,0.3823993235517926,0.8683701212302056
Sass6,-0.1425691172931041,0.3809407565862001,0.8683701212302056
Tle6,-0.1420163664608561,0.38282813265201215,0.8683701212302056
Poli,-0.1426789321313794,0.3805664195510087,0.8683701212302056
Neu3,0.14195581916509056,0.3830351923026081,0.8683701212302056
A530058N18Rik,-0.1418781248567164,0.3833009838098561,0.8683701212302056
Hccs,-0.14204242688801463,0.3827390306404446,0.8683701212302056
Htr3a,-0.14222448917354444,0.3821168762797552,0.8683701212302056
Gars,-0.14211763254177065,0.38248196404559304,0.8683701212302056
Dcaf12,-0.1422301133162161,0.3820976662119238,0.8683701212302056
Farsb,0.14239497353869623,0.3815348046875576,0.8683701212302056
1700037H04Rik,0.14207072616295566,0.3826422871388552,0.8683701212302056
Rffl,0.14257722639612372,0.38091310714500737,0.8683701212302056
Clec2i,-0.142141046235553,0.38240195167811075,0.8683701212302056
Robo3,-0.14252328605852393,0.38109704772499753,0.8683701212302056
Slc43a3,-0.14211043465689402,0.38250656350714207,0.8683701212302056
Atp5g3,-0.14261546333689742,0.38078274672446405,0.8683701212302056
Wfdc12,0.14227715118731307,0.3819370229507191,0.8683701212302056
Tlx1,0.14183558702939322,0.3834465493616188,0.8683701212302056
Slc34a1,-0.1422087670579128,0.38217058031831225,0.8683701212302056
Mvb12a,0.1418928858303704,0.3832504786565565,0.8683701212302056
Vnn3,0.142462968367759,0.3813027949971137,0.8683701212302056
Haus5,-0.14170034053914565,0.3839095733697408,0.8683701212302056
Klf1,-0.14186202351151397,0.38335607936699695,0.8683701212302056
Picalm,-0.14168506590058083,0.3839618867487081,0.8683701212302056
Gfer,-0.14165026061006028,0.3840811047241627,0.8683701212302056
DXErtd242e,0.1422415010884248,0.38205877130847454,0.8683701212302056
Pwp2,-0.14244342553432573,0.38136947023720086,0.8683701212302056
Ctla4,0.14165511382865678,0.38406447982527087,0.8683701212302056
Nsfl1c,0.14194355685019683,0.38307713465838156,0.8683701212302056
Fam20c,-0.14161963950258538,0.3841860079283934,0.8683948064191246
Areg,-0.14158657345089293,0.38429930525603817,0.8685004562324284
Rps7,-0.14156370535789994,0.3843776713627286,0.8685271400194365
Snw1,-0.1415082296027936,0.3845678172578156,0.8686559541972019
Slc16a4,-0.14152737953805267,0.38450217392291647,0.8686559541972019
Ugdh,0.1414003880128119,0.3849376011414853,0.8693407333498168
Hey1,-0.14133037619177752,0.38517777556279975,0.8694317234594315
Rcan3,0.14133361783434625,0.3851666532991711,0.8694317234594315
Aldh1b1,0.14133169800205395,0.3851732403332733,0.8694317234594315
Zfp574,-0.14124780510802484,0.3854611426585532,0.8699208665775615
Agl,-0.14118913765373614,0.3856625486110042,0.8699240443949859
Olfr70,-0.14120575500421703,0.38560549507578595,0.8699240443949859
LOC102632747,-0.1412273478662502,0.3855313658534441,0.8699240443949859
Crcp,0.14097675653816621,0.38639214979105196,0.8699495592593577
Cenpa,0.14095865594488033,0.38645436731199506,0.8699495592593577
Npl,0.14113786748806043,0.38583860804404885,0.8699495592593577
Pax7,-0.14091269802098172,0.38661236466376075,0.8699495592593577
Scgb3a1,-0.14103951914502755,0.38617645826088587,0.8699495592593577
4930571B16Rik,-0.14105658144296754,0.38611783324600896,0.8699495592593577
Kdelr3,0.14101382539556864,0.38626474985484216,0.8699495592593577
Mmp9,0.14108284175135646,0.38602761420307796,0.8699495592593577
Naa20,0.14101763972996328,0.3862516419164356,0.8699495592593577
Cetn2,-0.14105003849319017,0.38614031383096215,0.8699495592593577
Cebpz,-0.14093349320898554,0.3865408690237085,0.8699495592593577
Mpzl2,-0.14100212234172654,0.38630496889276583,0.8699495592593577
Larp1b,-0.14094130575325103,0.38651401074602315,0.8699495592593577
Car9,-0.1408948077942085,0.3866738787419936,0.8699495592593577
Nacc2,0.1411092037308127,0.3859370577821234,0.8699495592593577
Mvb12b,0.14082350383174272,0.38691910618883824,0.8700719717526934
Ascc2,0.1408448174705421,0.3868457955138655,0.8700719717526934
BC005561,-0.14082082515950828,0.386928320337258,0.8700719717526934
Fndc4,-0.14076968452509112,0.38710425850973257,0.8701676949687339
Dph2,0.14077892103606884,0.3870724789899071,0.8701676949687339
Defa-rs12,-0.14072448917336322,0.3872597806165445,0.8703673574346003
Barx1,0.1406319363179541,0.3875783744641825,0.8709333921789422
Ear1,-0.1405780152535774,0.3877640542341418,0.8712006101414111
Zfp865,0.14046630298807317,0.38814889953883697,0.8716150387338296
Usp16,0.1404909402656486,0.388064006473613,0.8716150387338296
2310061I04Rik,-0.14048502969816845,0.38808437166192206,0.8716150387338296
Gm26643,0.14040417823337464,0.38836301004445356,0.8719457876927175
Mcm10,-0.1403174846419172,0.3886619067225732,0.8721442096206886
Creb1,-0.14030100720081767,0.3887187311789352,0.8721442096206886
Tram1l1,-0.14031420717931176,0.3886732090793736,0.8721442096206886
Tshz1,0.14030696473433302,0.38869818536384887,0.8721442096206886
Trip13,-0.14023538427579585,0.3889450859969376,0.8725020503995253
F8,0.14020652798024383,0.3890446441209778,0.8725753800506426
Acsm1,0.14015118616200928,0.3892356208236168,0.872853688971881
Krtap3-1,0.14012451358443637,0.38932768282466806,0.8728920382184876
Klhdc8a,-0.14010747210789654,0.38938650888725695,0.8728920382184876
Zmym1,-0.14006700709458994,0.3895262114081218,0.8729425418462393
Pidd1,-0.14004497150656042,0.3896022994774235,0.8729425418462393
Bin3,0.14004281977704125,0.3896097297656907,0.8729425418462393
Csk,0.14002173313959904,0.38968254971231703,0.8729558096473863
Slc7a5,-0.13999568112580246,0.38977252745872554,0.8729751237882999
Cox6c,-0.13998049826496914,0.3898249709797244,0.8729751237882999
Cxcl15,0.1399457245272314,0.3899450987480508,0.8730943022586333
Dym,-0.13990802469202626,0.3900753582829926,0.8732361211588215
Ptp4a2,0.13977496241672993,0.3905353063485044,0.8733083086759479
Hras,0.1397847837019646,0.3905013473602116,0.8733083086759479
Rdh1,-0.1397631704157791,0.39057608164861923,0.8733083086759479
Slc30a9,0.13984258271904246,0.3903015295737568,0.8733083086759479
Ankrd22,-0.13980111520406577,0.39044488169819186,0.8733083086759479
Jak2,0.13981325919300708,0.39040289719395216,0.8733083086759479
Card10,0.13979304810658025,0.3904727728667236,0.8733083086759479
Kcnh7,-0.13968400125643893,0.3908499005890429,0.8736211635468347
Rsph9,-0.13970256887648422,0.39078567193396857,0.8736211635468347
Acbd3,-0.13964124594021968,0.3909978211700407,0.87362603155039
Gdf15,-0.13962532020221616,0.39105292744929326,0.87362603155039
BC005685,-0.1396292076100472,0.39103947583029297,0.87362603155039
Pacsin3,-0.13957323309347683,0.3912331897127121,0.8737295725759336
Cdcp1,0.139576110532372,0.3912232303048192,0.8737295725759336
Gip,-0.13954530008354718,0.39132987896989324,0.8737959600749721
Mknk1,-0.13951766085938758,0.3914255644387422,0.8738600838941226
Krtap9-3,-0.13939650129286377,0.39184516640120554,0.8739821706263907
Prss28,-0.13935655504569971,0.3919835639989288,0.8739821706263907
Rptn,0.1393437480027931,0.3920279410029682,0.8739821706263907
Pcyt2,0.13939637495227955,0.39184560407722985,0.8739821706263907
Apcs,-0.1393098133098633,0.3921455398683204,0.8739821706263907
1600014C10Rik,0.13928919625255537,0.39221699679578087,0.8739821706263907
Gsta4,0.1393617764687765,0.39196547232819456,0.8739821706263907
Sfxn3,-0.13932382258620396,0.39209698908271945,0.8739821706263907
Ybx3,-0.13937488448644886,0.39192005650805534,0.8739821706263907
Eri2,-0.13930408030815902,0.3921654092240004,0.8739821706263907
Cd244,0.13939170633316933,0.39186177755666,0.8739821706263907
Arhgef1,0.1392209721334397,0.3924535074790468,0.8740556332309574
1190002N15Rik,-0.13920240284098565,0.3925178949140478,0.8740556332309574
3010026O09Rik,-0.13922097308108786,0.3924535041933081,0.8740556332309574
Aadac,0.1392450755675212,0.39236993967332695,0.8740556332309574
Polr2f,0.1391662367319934,0.392643314727751,0.8741857385910975
Hivep3,-0.13903805850555293,0.3930880017766133,0.8744298218859575
Axin1,0.13908914626025673,0.39291073004084887,0.8744298218859575
Aldoart1,-0.1391124722338444,0.3928298050106656,0.8744298218859575
Igkv6-15,-0.13904609026183082,0.39306012906352045,0.8744298218859575
Ppcdc,0.13904468204852413,0.39306501592562615,0.8744298218859575
Sdcbp,0.13901627896684363,0.39316358915340605,0.8744488963461386
Ache,-0.1389049871662808,0.39354996146349097,0.8744507379142665
Zfp639,0.1388671152917397,0.3936814896933145,0.8744507379142665
Slc35f5,-0.1387042898222565,0.39424725818282,0.8744507379142665
Polr3gl,-0.13873421890887305,0.39414322984372885,0.8744507379142665
Kel,0.13878194496087476,0.3939773739629024,0.8744507379142665
Znhit3,0.1388679534940607,0.3936785783690518,0.8744507379142665
Atp2c1,0.13889656536662323,0.39357920807974633,0.8744507379142665
Chpf,0.13890561747724098,0.39354777261394175,0.8744507379142665
Yipf2,-0.13868009481620802,0.39433136702544064,0.8744507379142665
Prl8a6,0.13882982773958824,0.39381101251630374,0.8744507379142665
Wdr55,-0.13864952196886238,0.3944376613812072,0.8744507379142665
Mc1r,-0.13865982352196574,0.3944018436038518,0.8744507379142665
Ngrn,0.1387655782857278,0.3940342464694285,0.8744507379142665
Xcl1,-0.13886110438771931,0.3937023676901491,0.8744507379142665
Ttc36,0.13882672111556826,0.39382180482220197,0.8744507379142665
Dspp,-0.13869997486297742,0.3942622574977594,0.8744507379142665
Fgd4,0.1386691585375875,0.39436938797396154,0.8744507379142665
Foxd2,-0.13879091856426426,0.3939461935588961,0.8744507379142665
D730048I06Rik,0.1389896603843406,0.39325598176849474,0.8744507379142665
Speg,-0.13855676887706936,0.3947602389437965,0.8747038709499544
Rccd1,-0.13852402003592004,0.39487416823631416,0.8747038709499544
Klhdc3,0.1385642569770745,0.39473419131216136,0.8747038709499544
Rab24,-0.1385203309921739,0.3948870031240847,0.8747038709499544
Colq,0.13853593338158435,0.3948327210171664,0.8747038709499544
Ubr5,0.13845198006622045,0.3951248510547005,0.8748196330082972
Elmod3,0.13845705146313392,0.39510720084220846,0.8748196330082972
Ufsp1,-0.13844751610752032,0.39514038753551256,0.8748196330082972
Ppil4,0.13839210697292495,0.39533326325890045,0.8749497544547815
Map7d1,-0.13840242285866922,0.39529735034016156,0.8749497544547815
Fam134a,-0.13830596475101797,0.39563322291535535,0.8751683210412734
Acp2,-0.13833547070179553,0.3955304646846316,0.8751683210412734
Mkl1,0.13831888317886779,0.3955882310183707,0.8751683210412734
Casc3,-0.138182080173116,0.3960648287317012,0.8752084908290924
Trim11,-0.13812751288860456,0.3962550206006803,0.8752084908290924
Cdc42,-0.13823200809241315,0.395890851630862,0.8752084908290924
Atxn7,0.1382294546280365,0.39589974831343355,0.8752084908290924
Pam,-0.1381979081267216,0.39600967059167974,0.8752084908290924
Gcnt2,0.13814553920538,0.3961921850533763,0.8752084908290924
Coq6,-0.1381743061665731,0.3960919215892821,0.8752084908290924
Htr2c,0.13814250591805213,0.3962027579999008,0.8752084908290924
Astn1,0.1382436273902442,0.39585036952306224,0.8752084908290924
Snhg11,-0.13807665797863647,0.3964323188367758,0.8753916120037314
Eif4g3,-0.13806524931206843,0.39647209954341733,0.8753916120037314
Rad51d,0.13799615792826195,0.3967130606263283,0.8754618430000132
Ushbp1,-0.13799002709576821,0.3967344462664084,0.8754618430000132
Phka2,0.13795995325937374,0.39683935944095927,0.8754618430000132
Hs3st3b1,-0.1379825221091876,0.39676062611819746,0.8754618430000132
Dctn5,-0.13796609478312347,0.39681793336168275,0.8754618430000132
Sprr2k,-0.13786131236517574,0.39718357828732914,0.8754883677315796
Wdr45b,0.1378673824340912,0.3971623912925033,0.8754883677315796
Galnt6,-0.13786037654417285,0.39718684473683435,0.8754883677315796
Gm10374,0.13792838079098071,0.3969495172001017,0.8754883677315796
Micu1,0.1378938889531717,0.397069880176169,0.8754883677315796
Pigr,-0.13741012614416834,0.3987601564967441,0.8755597190998141
Chst11,-0.1376832069315004,0.39780551752082516,0.8755597190998141
Gnpda2,-0.13773148660092152,0.397636872901263,0.8755597190998141
Tsen15,-0.13744620625971282,0.39863395447767114,0.8755597190998141
Mapkapk5,-0.13752784063208426,0.39834849325275107,0.8755597190998141
Lmx1b,-0.13778962887133286,0.39743383011936434,0.8755597190998141
Mapre2,-0.13777756260979734,0.3974759628419413,0.8755597190998141
Gtpbp8,0.13745004356487867,0.3986205335488571,0.8755597190998141
BC051212,-0.1376938541910437,0.3977683224096354,0.8755597190998141
Fam81a,-0.13740946611537977,0.39876246536977505,0.8755597190998141
Slc34a2,0.13771992399533567,0.39767725836364676,0.8755597190998141
Tbc1d22a,-0.1374601182765713,0.39858529855745284,0.8755597190998141
Cngb1,0.13743133076110325,0.3986859837229328,0.8755597190998141
Tubd1,-0.1376233036566197,0.3980148194429805,0.8755597190998141
Plod1,-0.13759964272873218,0.3980975075014932,0.8755597190998141
AK213652,0.13748633306973196,0.3984936238248322,0.8755597190998141
Chst1,-0.1376212567992937,0.398021972237354,0.8755597190998141
Mrps7,-0.13745680967820434,0.39859686975874653,0.8755597190998141
Cenpc1,-0.13748627013706793,0.39849384389020404,0.8755597190998141
Prss12,0.13763165679079659,0.397985629944817,0.8755597190998141
Uba52,0.13778160060974437,0.3974618627612404,0.8755597190998141
Dab2,0.13751366738003926,0.39839804652165933,0.8755597190998141
Hipk2,-0.13744404830610102,0.3986415020045803,0.8755597190998141
Hmmr,0.13736914915668308,0.3989035137783922,0.8756259270207909
Sdc2,0.13736248676239377,0.39892682474814944,0.8756259270207909
Cyp4a12a,0.13726417158829365,0.3992709062466604,0.8757031473628981
Fbxl6,0.13729700328755978,0.3991559842402486,0.8757031473628981
Cdpf1,0.13725747761206464,0.3992943396671421,0.8757031473628981
Mat2b,0.13723739165818502,0.3993646585912029,0.8757031473628981
Hectd3,-0.1372439268655923,0.3993417787282981,0.8757031473628981
Ptpn13,0.13727136605330886,0.3992457216279701,0.8757031473628981
Reep1,-0.13717480066803905,0.39958382739199466,0.8758928938843558
Ablim1,-0.13717434040704984,0.3995854392898743,0.8758928938843558
C78704,-0.13709686770945345,0.3998568107313099,0.8758991981253756
Spa17,0.1371015237693529,0.3998404985996657,0.8758991981253756
Grasp,-0.13712817033929756,0.39974715156966134,0.8758991981253756
Gtpbp3,-0.13711117062413639,0.39980670279143776,0.8758991981253756
Gbas,-0.13706807118252357,0.39995770523238755,0.8759731613926528
Ly96,0.13702363989594027,0.4001134069376292,0.8761671164841623
Psmd8,-0.1368414905251455,0.40075206816625936,0.8764537966062687
Pvalb,-0.13681170307668475,0.4008565640044183,0.8764537966062687
Nbeal2,0.13676825043992283,0.4010090250090236,0.8764537966062687
Sumo1,-0.13676995941980857,0.4010030281554699,0.8764537966062687
Bace2,-0.13678390824618303,0.4009540832252546,0.8764537966062687
March9,0.13677374069176548,0.40098975975292067,0.8764537966062687
Hrasls,-0.13682463188217076,0.40081120726708347,0.8764537966062687
Anapc11,0.13669763636609553,0.40125685491524926,0.8764537966062687
Rbm8a,0.1366417843877162,0.40145293512872177,0.8764537966062687
Sltm,0.13670539887981045,0.40122960715452155,0.8764537966062687
Syt6,-0.13667948753820056,0.40132056441852093,0.8764537966062687
Setd7,0.13680020920612787,0.4008968890965565,0.8764537966062687
Pcmtd2,0.13694260808457492,0.40039745515147446,0.8764537966062687
Rasal1,0.13668354489486548,0.4013063210203678,0.8764537966062687
Srsf5,-0.13673679190995824,0.4011194226394703,0.8764537966062687
Atrx,-0.13675428187854477,0.40105804290197294,0.8764537966062687
Ino80e,-0.1367618331668702,0.40103154382470396,0.8764537966062687
Ccdc186,-0.13664167543756597,0.4014533176730529,0.8764537966062687
Creb3l2,0.1365452416712355,0.4017919936149474,0.8768997699751545
LOC100049077,-0.1365577995309201,0.4017478814055522,0.8768997699751545
Abo,-0.13647531442512198,0.4020376771680807,0.8770247727326561
Smpd3,0.13649961711716066,0.4019522822818879,0.8770247727326561
Slc23a3,-0.1364715516480378,0.40205089972310126,0.8770247727326561
Hilpda,0.136386262436419,0.4023506739506432,0.8775319980581554
BC094435,-0.1363652149247531,0.40242467064553356,0.8775467124421069
Ndnl2,-0.13630279598822162,0.4026441609347592,0.8775853776578708
Phox2b,0.13633355618740958,0.4025359873487998,0.8775853776578708
Ccdc120,-0.13631101684563784,0.4026152492906915,0.8775853776578708
Alkbh4,-0.1362745509692746,0.40274350357611227,0.8776553069747309
Pou6f1,0.136094197733371,0.40337815600407123,0.8777161370864068
Xcr1,-0.13609394935868627,0.403379030399944,0.8777161370864068
Hpca,0.1361968755834923,0.40301677112406187,0.8777161370864068
Ces1g,0.1362130571834016,0.4029598346704796,0.8777161370864068
Il21r,0.13611738596012082,0.403296527127094,0.8777161370864068
Tcl1b4,-0.13615251576898665,0.4031728779790788,0.8777161370864068
Nr1h3,-0.136210659549201,0.40296827068783325,0.8777161370864068
Arhgdib,0.13603727595400594,0.4035785747964167,0.8777161370864068
Ipo11,-0.1361067950508834,0.4033338088836814,0.8777161370864068
Rac1,-0.13604410964210337,0.40355451081738036,0.8777161370864068
Tprn,0.13604800498150113,0.4035407942201536,0.8777161370864068
Fbrs,0.13608892927466948,0.4033967036840953,0.8777161370864068
Bard1,-0.13598473153205662,0.40376362983248393,0.8778543517216033
Ptprcap,0.13596588379658303,0.403830020647016,0.8778543517216033
Chmp3,0.1359428339849198,0.40391122137608293,0.8778543517216033
Letm1,0.13594855865569583,0.4038910534545367,0.8778543517216033
Dleu2,-0.1359206591319575,0.4039893482575009,0.8778779359553921
Ppapdc3,-0.13589423529302955,0.4040824561202397,0.8779340609245767
Siae,0.1358551887215681,0.40422006347344325,0.8780868334051875
Pilrb1,0.13579237270052935,0.4044414929199909,0.8781292913665493
Nus1,0.13580380623965502,0.40440118418240806,0.8781292913665493
Gsr,0.13579866283084235,0.40441931690439065,0.8781292913665493
Mpl,-0.1357530069304317,0.40458029315763183,0.8781950321070656
Rab5b,0.13574561175081956,0.4046063708351351,0.8781950321070656
Pla2g12a,0.13557928321205842,0.4051931408212039,0.8782229230575704
Guk1,-0.13563070265661575,0.4050116945188287,0.8782229230575704
Fyttd1,0.13559753588370763,0.40512872660921045,0.8782229230575704
Nudt19,-0.1355614000186936,0.4052562565976291,0.8782229230575704
Mrps16,-0.13554470176942152,0.40531519519195564,0.8782229230575704
Lyzl4,0.13553213844404557,0.4053595421546285,0.8782229230575704
Ecm1,0.13559270730844156,0.40514576624442905,0.8782229230575704
Pura,-0.13564032241784324,0.4049777537635716,0.8782229230575704
Diras1,-0.13571493636471643,0.4047145515593577,0.8782229230575704
Zfp326,0.1356514664187685,0.40493843709299987,0.8782229230575704
Sssca1,0.13568721939880185,0.40481231272205775,0.8782229230575704
Slc6a5,0.1354942605205791,0.4054932626253406,0.8783667968124286
Fdxr,-0.13531586165444687,0.4061233904227506,0.8784230979307969
Zbtb45,0.13543074214991838,0.4057175560333925,0.8784230979307969
Idh3g,-0.1353395507244468,0.40603968660383644,0.8784230979307969
Cyp2j5,0.13545904856818228,0.40561759317113194,0.8784230979307969
Tmem165,0.13535890919545052,0.4059712917212503,0.8784230979307969
Tmem54,0.13537354253225944,0.405919595283482,0.8784230979307969
Zbtb21,-0.13536187231673,0.4059608233576388,0.8784230979307969
Lysmd3,0.13531537525325432,0.4061251091897078,0.8784230979307969
Prm2,-0.13540936340443313,0.405793063103339,0.8784230979307969
Adam4,0.1352768210176202,0.40626135871429536,0.8785721693508187
Sftpb,-0.13518665616905307,0.40658009664688893,0.8789701261009367
Scaf8,-0.13518943174003842,0.4065702827950505,0.8789701261009367
Phox2a,-0.13514798269272857,0.4067168516929946,0.8789745276154168
Caln1,-0.1351647213134494,0.40665765839128615,0.8789745276154168
Lztr1,0.13506101367424012,0.4070244790727482,0.8793480840099819
Scyl1,0.13506903256996639,0.40699610923767193,0.8793480840099819
P2rx3,-0.13494524817911827,0.40743416365012947,0.8793861424839413
Gtl3,-0.13495163575125624,0.40741155266075846,0.8793861424839413
Nrde2,0.13503498917341067,0.40711655793154705,0.8793861424839413
Oc90,-0.13501025717797643,0.40720407429471217,0.8793861424839413
Tmem259,0.1349800041255365,0.40731114144835284,0.8793861424839413
1810044D09Rik,0.134941779735271,0.4074464416781293,0.8793861424839413
Mast2,0.13488729499052504,0.4076393401825506,0.8796569786740703
Sept2,-0.13484283392495847,0.40779678783755996,0.8798245577967895
Slc8b1,0.1348272882223859,0.40785184689346154,0.8798245577967895
Gnaz,0.13474377320553452,0.408147706326485,0.8798554957377546
Bud31,-0.13475136860388093,0.4081207940838333,0.8798554957377546
C4bp,0.13479606911642336,0.4079624296048743,0.8798554957377546
Slc25a15,-0.13476301226981666,0.40807953978747435,0.8798554957377546
Nbl1,-0.1347174802103927,0.4082408759672342,0.8798554957377546
Mad2l1bp,0.13469362233884297,0.4083254267983605,0.8798554957377546
Lyrm5,0.13469002459742416,0.40833817780579673,0.8798554957377546
1700011H14Rik,-0.13433410209832564,0.4096007061534921,0.8798861749295516
Psg18,-0.13420064382559674,0.4100746595265125,0.8798861749295516
Suclg1,-0.1345444156548192,0.40885442381218073,0.8798861749295516
Gtpbp6,0.13421477477383895,0.4100244617747037,0.8798861749295516
Krtap19-9b,-0.13422277515142836,0.40999604330631145,0.8798861749295516
Rnase2a,0.13421710907216494,0.41001616990681927,0.8798861749295516
Tsnax,-0.134462935395584,0.4091434621414988,0.8798861749295516
Epb4.2,-0.1341814085504991,0.4101429949201313,0.8798861749295516
B4galt4,-0.134665727824793,0.40842429541423964,0.8798861749295516
Gpsm1,0.13434889967933314,0.4095481736436388,0.8798861749295516
Gzmf,-0.13432523406915262,0.4096321900820792,0.8798861749295516
Sebox,0.13433026960472713,0.40961431239126433,0.8798861749295516
Als2,-0.13430986452128774,0.4096867593170247,0.8798861749295516
Ugt2b5,-0.13454738504735628,0.4088438924750309,0.8798861749295516
Fem1b,-0.1345410114909204,0.40886649730540386,0.8798861749295516
1110054M08Rik,0.13413500663479577,0.41030786837660516,0.8798861749295516
Slc25a53,-0.13461919919473062,0.40858923951688736,0.8798861749295516
Zmynd11,-0.13414311304656337,0.41027906238123035,0.8798861749295516
Dnajc7,-0.13439465990558414,0.4093857447866425,0.8798861749295516
Thumpd1,-0.13428615394863463,0.40977095097628125,0.8798861749295516
Hlcs,-0.1341496008658031,0.41025600882358043,0.8798861749295516
Ankrd17,-0.13438634017479067,0.40941527358085433,0.8798861749295516
Trim41,-0.13445481191541853,0.4091722850353613,0.8798861749295516
Cplx3,0.13444894841359648,0.40919308999828286,0.8798861749295516
Klhl25,0.1341710420181113,0.4101798257298541,0.8798861749295516
Tmem110,0.1346102628438066,0.40862092308013104,0.8798861749295516
Plod3,-0.13453830475516676,0.4088760973808605,0.8798861749295516
Wnt10a,-0.1342609495263821,0.4098604573878087,0.8798861749295516
Dap,0.13418729757930195,0.4101220728472607,0.8798861749295516
Myom2,0.13410487784664074,0.41041494020427405,0.8799711723177083
Sh3gl1,-0.13405456120433398,0.41059378978427746,0.8802100152612184
1700017B05Rik,0.1338147952282355,0.4114466186197209,0.8805578398254026
Prrx1,0.1338359073284111,0.4113714857086136,0.8805578398254026
E230006M18Rik,-0.13380026574404766,0.41149832992990304,0.8805578398254026
Timp3,0.13391867422731912,0.4110770104198399,0.8805578398254026
Crispld1,-0.13383822746290172,0.41136322936240155,0.8805578398254026
Aspscr1,0.13387542156590287,0.4112308841377852,0.8805578398254026
Foxa2,0.13389872525662674,0.41114797606898595,0.8805578398254026
Cenpv,-0.1338484229713118,0.41132694906988154,0.8805578398254026
H2afj,0.13392674064105267,0.4110483171913954,0.8805578398254026
Ptprb,0.13385269412599474,0.41131175086316496,0.8805578398254026
Psip1,-0.1338404472038291,0.4113553303578014,0.8805578398254026
Cyp2d12,-0.13368457921140536,0.41191019190248696,0.8806918440738389
St6galnac3,0.13372864604699086,0.4117532806162573,0.8806918440738389
Sec61a2,-0.1336729103467093,0.4119517473579353,0.8806918440738389
Sult1c1,-0.13369026083837413,0.41188995917754917,0.8806918440738389
Vapa,-0.13369268593611147,0.41188132337709066,0.8806918440738389
Rpl41,-0.13366893667690494,0.41196589901346564,0.8806918440738389
Sync,-0.13364789891200599,0.412040826419703,0.880707738566864
Bhlhe40,-0.13362025732868152,0.4121392850729889,0.8807339084505167
Des,-0.13360656578636626,0.41218805877134684,0.8807339084505167
Dbp,-0.1335140208001637,0.4125178165121422,0.8808857912935597
Gstm2,-0.13351671970628978,0.412508197690851,0.8808857912935597
2810040C05Rik,0.13354489680914552,0.4124077826401938,0.8808857912935597
Tbrg1,0.1335108366930867,0.4125291647325422,0.8808857912935597
Naa11,0.13343462938271233,0.4128008198991351,0.8810333495034043
1700120B22Rik,-0.13346518927477863,0.4126918717515372,0.8810333495034043
Mgp,-0.13343868130132358,0.4127863736246578,0.8810333495034043
Myo1g,-0.13334614036427478,0.4131163778726934,0.8815626516534385
Ltk,-0.1332826206087206,0.413342974775978,0.8819019747959019
Prkar2a,-0.13322295557879943,0.4135558822240045,0.8819538555772388
B3gat1,0.13322945595294997,0.41353268352456746,0.8819538555772388
Mapk7,-0.13321898452085126,0.4135700545848053,0.8819538555772388
Get4,0.13313657913233787,0.4138642119741962,0.882436944779622
Ube2d2b,0.13302259985524653,0.41427126446196366,0.8824516203145139
Krt72,-0.13308852670092564,0.41403579433547416,0.8824516203145139
Foxp2,0.13305463164060105,0.4141568478124881,0.8824516203145139
Kcnn1,0.13300555559753852,0.4143321530919134,0.8824516203145139
Afm,-0.13302924390263085,0.414247530694446,0.8824516203145139
Zfp820,0.13301815423136654,0.4142871454670303,0.8824516203145139
Cdc6,0.13300210604992604,0.41434447679262987,0.8824516203145139
Plekha1,0.1329592900530524,0.414497455930856,0.8824893624476652
Bcas2,0.1329628083473299,0.41448488410502404,0.8824893624476652
Zmym4,-0.13219855624507793,0.41722063518233965,0.8827333740461504
Zeb1,-0.13225162806209176,0.417030341045166,0.8827333740461504
Ttn,0.13224693248834815,0.41704717557981996,0.8827333740461504
Spink3,0.13225263913479457,0.417026716203387,0.8827333740461504
Clip2,-0.1327363343672528,0.4152945606459791,0.8827333740461504
Cox6a1,-0.13232443717421297,0.41676935357535483,0.8827333740461504
Nrip1,-0.13234242755907874,0.4167048799117096,0.8827333740461504
Hdac11,0.13249803867888862,0.41614742920509046,0.8827333740461504
Rbp7,0.13221297186773295,0.41716894191217363,0.8827333740461504
4930533N22Rik,-0.13251236369808375,0.41609613260125317,0.8827333740461504
Ccdc88c,0.1322238962539966,0.41712977025126385,0.8827333740461504
Mterfd3,-0.13237651553111215,0.4165827308146263,0.8827333740461504
Tjp3,-0.1321900318443136,0.4172512046369323,0.8827333740461504
Epha4,0.13226964801455557,0.4169657394742576,0.8827333740461504
Rfc2,-0.13231781087721414,0.41679310216076515,0.8827333740461504
Lepre1,0.13282318574919555,0.41498395304340235,0.8827333740461504
Sdr42e1,0.13258561779785574,0.4158338699700579,0.8827333740461504
Mep1b,-0.13230348606351713,0.41684444466720255,0.8827333740461504
D8Ertd738e,-0.1323737374043455,0.4165926850844139,0.8827333740461504
Vmn1r54,0.13250313637252817,0.4161291744294755,0.8827333740461504
Socs4,-0.13239690706404011,0.4165096701318558,0.8827333740461504
Slc4a4,-0.1325571240710112,0.41593587187398584,0.8827333740461504
Ift22,-0.13235068587423693,0.4166752857026536,0.8827333740461504
Cysltr2,-0.13224056190156558,0.4170700159478132,0.8827333740461504
Krba1,0.1326729519398508,0.4155213157221335,0.8827333740461504
Aoc3,-0.1325565790120459,0.41593782320973777,0.8827333740461504
Amigo1,-0.13289032902387815,0.41474391441009995,0.8827333740461504
Pold3,0.13277940459772095,0.41514051228407417,0.8827333740461504
Siglece,-0.1325238318667136,0.41605506859799324,0.8827333740461504
Dld,0.13288899170166257,0.41474869462791136,0.8827333740461504
Mroh1,0.13235688199324755,0.4166530822567516,0.8827333740461504
Mrpl10,0.13246822074064576,0.4162542155737364,0.8827333740461504
Cpeb1,-0.1324650470308063,0.41626558239179684,0.8827333740461504
Nprl3,0.1326197187031053,0.4157118133483731,0.8827333740461504
Bex6,-0.13245405531330712,0.41630495114157023,0.8827333740461504
Sart3,0.13217195241502852,0.4173160435140027,0.8827333740461504
Tubb2a,0.13217141539325572,0.41731796953718303,0.8827333740461504
Asb6,-0.13263827514747148,0.41564540285616675,0.8827333740461504
Grina,-0.13247086036904165,0.4162447617264534,0.8827333740461504
Ncs1,-0.1328222700433745,0.4149872272334165,0.8827333740461504
Trav9d-3,-0.1321445443596327,0.41741434838587466,0.8827941381016658
Unc45a,0.13211154533436129,0.4175327231348989,0.8829013942938416
Steap3,0.13207309290038807,0.4176706834237722,0.8830500239787433
Ogfrl1,0.1320309606432671,0.4178218746199385,0.8830835182888853
Cldn15,0.13204578771845185,0.41776866442102106,0.8830835182888853
Msh2,0.13200625894591056,0.4179105302174294,0.8831278556772852
S100a5,-0.13189482184943416,0.4183106101470921,0.8835440517658474
Bmpr1b,-0.1319221896409219,0.4182123354584368,0.8835440517658474
Trmt112,0.1319019895408252,0.4182848705568723,0.8835440517658474
Zfyve16,0.13184947296023386,0.4184734804960919,0.8837450148880891
Mtfmt,-0.1317917167774819,0.4186809613188972,0.883897682194137
Mybl1,0.13179163765724067,0.41868124558525255,0.883897682194137
Pla2g15,0.1317267993671404,0.418914234318925,0.8840526950903094
Alg5,0.1317395978868764,0.4188682387903716,0.8840526950903094
Npy6r,0.13170547681122927,0.4189908697406376,0.8840526950903094
Safb2,-0.13168308841156667,0.4190713440810207,0.8840526950903094
Aamp,0.13167694857925305,0.4190934149611965,0.8840526950903094
Epm2aip1,0.13164625282501405,0.41920376655038366,0.8840735424080496
Myeov2,-0.13162196988755392,0.4192910751308802,0.8840735424080496
Nadk,0.13160106464025664,0.419366247209539,0.8840735424080496
Ankrd13c,0.1315988255722185,0.41937429898887474,0.8840735424080496
Vpreb1,0.13155497340405004,0.4195320100251121,0.8841953548722323
Asic2,-0.1315450781745551,0.4195676019134694,0.8841953548722323
Hdac2,-0.1315180651654604,0.4196647726060474,0.8842573256477172
Ptprm,-0.13149856502352794,0.4197349257188411,0.8842623580408714
Endod1,-0.13147512489183177,0.41981926161328786,0.8842972630818068
Dynlt3,0.13142213710333103,0.42000994160920374,0.8844133819684524
Ppp1r16b,0.1314224330106524,0.42000887663747954,0.8844133819684524
Gm6211,0.1310395450227129,0.42138811312899166,0.8845068346029975
Rnf34,-0.1313107122129185,0.4204110640593631,0.8845068346029975
Thop1,0.1310739615590976,0.42126403819663816,0.8845068346029975
Cst6,0.13102355216049102,0.4214457756529908,0.8845068346029975
Pnck,-0.1310746608438948,0.4212615174120162,0.8845068346029975
Hmx2,0.13108188833077739,0.4212354642156574,0.8845068346029975
Adam18,-0.13104708077941166,0.42136094431251947,0.8845068346029975
Vti1a,0.1312984809002062,0.42045510860816804,0.8845068346029975
Fancf,0.13135653202585096,0.4202460906144091,0.8845068346029975
Il7r,0.13102569717313042,0.42143804152780306,0.8845068346029975
Atp6v1h,-0.13119816880472687,0.42081642320331186,0.8845068346029975
Mier2,-0.1310146773155777,0.42147777588791774,0.8845068346029975
Rplp2,0.1312831206031332,0.4205104240576919,0.8845068346029975
Slc1a5,0.13102169359261384,0.42145247702587413,0.8845068346029975
Ppp1r14a,0.1310242547614094,0.4214432423245334,0.8845068346029975
St8sia1,0.1312287918226171,0.420706104231202,0.8845068346029975
Tmem79,-0.13123876150746927,0.4206701919601931,0.8845068346029975
Kin,-0.13107380015056747,0.42126462004390736,0.8845068346029975
Nfatc3,0.13112120716374545,0.4210937453687888,0.8845068346029975
Gpank1,-0.13109362065110408,0.42119317412779267,0.8845068346029975
Shisa2,0.1312727329666518,0.42054783420798986,0.8845068346029975
Mecom,0.13097169066084408,0.42163279243180124,0.8846898711115251
Narfl,-0.13081922619487743,0.4221828509980389,0.8847059615663097
Zfp931,0.13087509380836243,0.42198124790874725,0.8847059615663097
Sidt1,-0.13086356073743213,0.42202286173231723,0.8847059615663097
Kirrel,-0.13094712819420845,0.4217213823093473,0.8847059615663097
Igf2os,-0.13087101480716284,0.4219959655775246,0.8847059615663097
Ganc,-0.13092942245935052,0.42178524812266044,0.8847059615663097
Hint2,0.13085523332157195,0.422052910232859,0.8847059615663097
Tmem161a,-0.13082995575231304,0.4221441284368663,0.8847059615663097
Scnn1g,0.13078566852726983,0.4223039716988334,0.884817682514142
Pklr,-0.13069054731992252,0.42264739736541945,0.8849688524103593
Foxj1,-0.13070639157707503,0.4225901828013565,0.8849688524103593
Fzd7,-0.13069581790843735,0.4226283644902733,0.8849688524103593
Ube2i,0.13072966851294066,0.42250613596215564,0.8849688524103593
Ctcf,-0.1306698364617858,0.4227221918144724,0.8849834559581342
Prl2a1,0.13064095880498489,0.42282649145562773,0.8850598150472387
Ctdnep1,0.1305868404964619,0.4230219920369777,0.8853270207041736
Ddx56,-0.13037176352263,0.4237994316747811,0.8858309925686881
Prima1,0.13041091095683696,0.42365786804879085,0.8858309925686881
Ltb4r2,0.13044325256765935,0.4235409346205476,0.8858309925686881
Slx1b,0.13046291983161348,0.4234698347075993,0.8858309925686881
Kdm1a,-0.13036998137611933,0.4238058768186313,0.8858309925686881
Tas2r119,0.1304500912228159,0.42351621119561084,0.8858309925686881
Chd4,0.1303993663148989,0.423699612744589,0.8858309925686881
Nkx6-2,-0.1303756375047682,0.42378542157650834,0.8858309925686881
Ttc33,0.1303436503789712,0.4239011091814988,0.885888144412136
Sntb1,-0.13030458808243747,0.42404240855817776,0.886041535512516
A530016L24Rik,0.12964756752078052,0.426422833283841,0.8861619041548279
Kif9,0.13014365268409556,0.4246248247005764,0.8861619041548279
Plau,0.12967320240838218,0.42632982234110645,0.8861619041548279
Larp4b,-0.13015176336548492,0.4245954623108445,0.8861619041548279
Trim59,0.13009227735421314,0.42481083967506394,0.8861619041548279
Slc38a4,-0.12998401654056704,0.4252029636861119,0.8861619041548279
Cr1l,0.130086717186372,0.4248309740364632,0.8861619041548279
Grtp1,-0.13021676703711582,0.4243601746629349,0.8861619041548279
Eif2b4,-0.12958191030549915,0.4266611067103962,0.8861619041548279
Atp9a,-0.1302518965927061,0.4242330487346005,0.8861619041548279
Vmn1r42,0.12967885042730992,0.4263093311244636,0.8861619041548279
Ctrc,-0.12976031161256865,0.4260138458074462,0.8861619041548279
Ihh,-0.12989645541486025,0.4255202550308467,0.8861619041548279
Usp9y,0.12959346338450323,0.4266191748116512,0.8861619041548279
Sbds,-0.1297282884120277,0.4261299908980483,0.8861619041548279
Gm20362,0.1297149342884999,0.4261784300512524,0.8861619041548279
Nomo1,-0.1301767990227885,0.4245048348009882,0.8861619041548279
P2ry4,-0.13004261575281212,0.4249906913831816,0.8861619041548279
Psma4,0.12981903948800463,0.42580088958828044,0.8861619041548279
Rit2,-0.1297010745450927,0.4262287063554417,0.8861619041548279
Ccl7,-0.12971483795508124,0.42617877949033145,0.8861619041548279
Slc41a1,-0.13010580761618326,0.42476184632210934,0.8861619041548279
Reg3d,-0.12963185002731986,0.42647986637696955,0.8861619041548279
Blmh,-0.13022177979644853,0.4243420333654511,0.8861619041548279
Ehbp1l1,0.1299308020495406,0.42539577950357266,0.8861619041548279
Lrrtm1,0.12962901958017214,0.4264901374798353,0.8861619041548279
Clec4f,-0.12999311471414393,0.42517000233505337,0.8861619041548279
Ipo4,-0.12974618180521502,0.4260650911739927,0.8861619041548279
3110007F17Rik,-0.12965038244027158,0.42641261939238617,0.8861619041548279
Prss21,0.12978350326476432,0.42592974251324134,0.8861619041548279
Cdc25b,0.1298305224590887,0.42575925727024766,0.8861619041548279
Cdkn2d,0.1298649870227295,0.4256343167040914,0.8861619041548279
Tnp1,0.13003245775604405,0.4250274840643979,0.8861619041548279
Exoc7,-0.13009536464069185,0.4247996602805571,0.8861619041548279
Nr2c2ap,0.12997894771504412,0.4252213278947044,0.8861619041548279
Speer4f,0.12968311384409809,0.42629386364453553,0.8861619041548279
Brd1,-0.12971006109689304,0.42619610722076395,0.8861619041548279
H2-Ea-ps,-0.1295765377275417,0.4266806072346374,0.8861619041548279
Slc12a7,0.12947146072352944,0.4270620950587907,0.8863898963610879
Pbp2,0.12948308128188493,0.427019896991149,0.8863898963610879
Krt75,0.12950491478487525,0.42694061841217823,0.8863898963610879
Tgds,-0.12951649091988787,0.4268985880696734,0.8863898963610879
Nedd8,-0.12945168714579858,0.42713390455998707,0.8863979517498841
Gm12264,-0.12942979801434032,0.42721340443253975,0.8864219612720959
Hlx,-0.1293839743497966,0.4273798586271435,0.8866263553617799
Fcamr,-0.12935666670803117,0.4274790700071665,0.886691207204501
Kdm5c,-0.12929198693638014,0.4277141072939595,0.8867581661702365
Medag,-0.12927298374122803,0.4277831754189316,0.8867581661702365
Fam167b,-0.1292801754623367,0.4277570360226615,0.8867581661702365
Krt12,0.12928231236672902,0.42774926928592616,0.8867581661702365
Tle1,0.1292492930537663,0.42786928885283443,0.8867957989581697
Nav2,-0.12921360306395138,0.4279990361616829,0.8869238403801493
Cenpk,-0.12916392908457333,0.4281796559103211,0.8871572451530295
Tm7sf3,0.129122786152981,0.428329286785629,0.8871855338516941
Nid1,-0.12913274971773783,0.42829304817657093,0.8871855338516941
Gab3,0.12894138528329432,0.42898934920431814,0.8872561164047836
Plxnb2,0.1286683367125213,0.42998391492002375,0.8872561164047836
Slc24a1,0.12888880998149574,0.42918075635560027,0.8872561164047836
Pgk1,-0.12881998049994733,0.4294314079765079,0.8872561164047836
Kctd1,-0.12874603949632868,0.42970076107226685,0.8872561164047836
Tmem8,0.12881717701310122,0.42944161890191224,0.8872561164047836
Sdhaf1,0.12899402872920002,0.428797739737907,0.8872561164047836
Ice2,0.12866523380903508,0.4299952241661317,0.8872561164047836
Tspan15,-0.12868467506144307,0.4299243686680995,0.8872561164047836
Elmo3,-0.12895133848249032,0.428953118444521,0.8872561164047836
Cd276,0.1288653002729643,0.42926636125346834,0.8872561164047836
Mapk12,-0.12889735576039596,0.4291496412389847,0.8872561164047836
Mrpl27,-0.12896204403692332,0.42891415085505774,0.8872561164047836
Ccng2,-0.12895522148055022,0.4289389843406792,0.8872561164047836
Mapk9,-0.12867415749528063,0.42996270016598276,0.8872561164047836
Casr,-0.1286733371422291,0.4299656900372464,0.8872561164047836
Spryd4,-0.12901503918257246,0.4287212795368375,0.8872561164047836
Rpl6,0.12899865051361914,0.42878091974294574,0.8872561164047836
Gria1,0.12874252663818977,0.42971355999718935,0.8872561164047836
Pdk2,0.12880184079217402,0.42949747914245845,0.8872561164047836
Fam120b,-0.12906234982797832,0.4285491356983796,0.8872561164047836
Nsmce2,0.1288849703614644,0.42919473677611536,0.8872561164047836
Slc20a2,-0.12902676559145784,0.4286786085436283,0.8872561164047836
Pde6d,-0.12868741095094377,0.42991439795884634,0.8872561164047836
Sim2,-0.12856000045947794,0.4303788654341035,0.8873917543928399
Map4,-0.12848024803887242,0.4306697345459376,0.8873917543928399
Ubac2,-0.12859119305616828,0.43026512988159604,0.8873917543928399
Slk,0.1284366788470921,0.4308286822872268,0.8873917543928399
Ubr1,-0.12851604658437316,0.4305391588670847,0.8873917543928399
Uvrag,-0.1285145261161912,0.43054470436536985,0.8873917543928399
Gcsam,-0.12843239624969868,0.4308443076132756,0.8873917543928399
Ing2,0.12847616144559207,0.43068464179480703,0.8873917543928399
Wdr43,0.1285296998489779,0.43048936397001686,0.8873917543928399
Snhg6,0.1284047953225271,0.4309450185904994,0.8873917543928399
Actl7a,0.12847839558735497,0.4306764919632726,0.8873917543928399
Slc41a3,-0.1284148870302498,0.4309081942489916,0.8873917543928399
Dnajc13,-0.12850563546010468,0.43057713140314924,0.8873917543928399
Akr7a5,-0.12833744391441268,0.4311908248877708,0.887648229936055
Mrps22,-0.1283147559880695,0.4312736437883814,0.887648229936055
Krtcap3,0.12831786243242366,0.4312623036738226,0.887648229936055
Cmpk2,0.12826905220733487,0.4314405044098776,0.8878516230948577
BC089491,0.12821855965160303,0.4316248884771867,0.8879638516440922
C2,0.12821684864030417,0.4316311373268815,0.8879638516440922
Sox15,-0.12818852779283615,0.4317345759840771,0.8879734597662913
Gabrb1,-0.1281783079428941,0.431771906063079,0.8879734597662913
Pygm,0.1280008986051394,0.4324202039403322,0.8880360383845278
Rps6ka2,-0.1280159593405051,0.43236514812689664,0.8880360383845278
Atxn1,-0.1280534695675424,0.43222804250428165,0.8880360383845278
Nenf,-0.1280494922054906,0.432242579273163,0.8880360383845278
Cited1,-0.1279771426079113,0.43250705362406877,0.8880360383845278
Rad1,-0.12803757372884514,0.4322861413989618,0.8880360383845278
Dgat1,-0.12803002527029836,0.43231373228439235,0.8880360383845278
Sprr2d,-0.1279465305853922,0.43261898199175747,0.8880360383845278
Capg,0.1281083345541396,0.43202754431903984,0.8880360383845278
Tra2b,0.12799214995383826,0.43245218710274924,0.8880360383845278
Arl8b,0.1279550830054543,0.4325877097697615,0.8880360383845278
2700029M09Rik,-0.12796405476999984,0.4325549054943911,0.8880360383845278
Pik3r4,0.1277305619741568,0.43340907781655613,0.888218496561249
Vps36,-0.12783614531685852,0.43302271763985195,0.888218496561249
Fdx1,0.12789996210381965,0.4327892823977996,0.888218496561249
Cabp1,0.12782850642742696,0.4330506644035258,0.888218496561249
Ms4a7,0.12772452400587717,0.4334311780439431,0.888218496561249
Arhgap24,0.12783720611200114,0.4330188368124972,0.888218496561249
Endog,0.12769637654387406,0.4335342115592414,0.888218496561249
Tcl1,-0.12770691564680065,0.43349563174752376,0.888218496561249
Smn1,-0.12768038556967415,0.43359275217220905,0.888218496561249
Tnfrsf14,-0.1276834962952731,0.43358136393217767,0.888218496561249
Dok4,-0.127875361971416,0.43287925921196774,0.888218496561249
Ubxn2a,-0.1276973007908417,0.433530828155122,0.888218496561249
Kdm8,-0.12780094463387756,0.4331515067994338,0.888218496561249
Carns1,0.1275244065427942,0.4341639890824925,0.8883599132900363
C79329,0.12758155906278965,0.4339546348356843,0.8883599132900363
Crebrf,0.1275364648817743,0.4341198139539705,0.8883599132900363
Cdh17,-0.1275247390110955,0.43416277106927104,0.8883599132900363
BC023829,-0.1275871872943046,0.4339340210785125,0.8883599132900363
AA408650,-0.12749424493021852,0.4342744951243116,0.8883599132900363
Rab25,-0.12757152644458147,0.4339913812318633,0.8883599132900363
Lss,0.12749821245289383,0.43425995807043005,0.8883599132900363
Fastkd5,-0.1275546110135889,0.43405334100239085,0.8883599132900363
Zc3h15,-0.12717760681046106,0.4354354951513923,0.8888742003507794
Cyth1,0.1271729107125531,0.43545272647250605,0.8888742003507794
Pvrl2,-0.12688670364264068,0.436503584843492,0.8888742003507794
Poldip3,0.12689488730023402,0.4364735184800132,0.8888742003507794
Ifi30,0.1272151151262625,0.43529787944824705,0.8888742003507794
Prrt1,-0.1272341243718088,0.43522814451483094,0.8888742003507794
Rnf38,-0.12690652641406225,0.43643075882847493,0.8888742003507794
Fn3k,0.12711657924936257,0.4356594508730703,0.8888742003507794
Lbh,-0.1269141092401882,0.4364029023182255,0.8888742003507794
Slc30a3,-0.1271334628625178,0.4355974861645065,0.8888742003507794
Dhx9,-0.12718988920126276,0.4353904292719764,0.8888742003507794
Guca2a,0.1268687771447058,0.43656944976995515,0.8888742003507794
Nr2f1,-0.12687982969507142,0.4365288402440439,0.8888742003507794
Slc8a2,-0.12722709895532697,0.43525391638522226,0.8888742003507794
Ncoa2,0.12695218524249535,0.43626303936488037,0.8888742003507794
Anxa13,-0.12723926179151998,0.4352092990397713,0.8888742003507794
Foxd3,-0.12730913436838395,0.4349530301523782,0.8888742003507794
Foxa1,0.12698760181900304,0.4361329665110753,0.8888742003507794
Diexf,-0.12704283766342095,0.43593014539939356,0.8888742003507794
Gk2,0.12696984146296267,0.43619819159331596,0.8888742003507794
Plscr3,0.1269154361037725,0.43639802800706146,0.8888742003507794
Utp11l,0.1270229771771725,0.4360030655769764,0.8888742003507794
Atp2c2,0.12717353740006831,0.435450426956542,0.8888742003507794
Mfsd1,0.12689490521082336,0.4364734526785756,0.8888742003507794
Sult2a2,-0.12707313316485655,0.43581892426643665,0.8888742003507794
Dnajb1,-0.12732727970161165,0.4348864923456171,0.8888742003507794
Antxr2,0.12699290007331773,0.4361135096219598,0.8888742003507794
Snapc5,0.126871758126567,0.43655849678297576,0.8888742003507794
Rps6,0.12716096474283803,0.4354965612704073,0.8888742003507794
Cpped1,-0.1270651079801054,0.435848384934784,0.8888742003507794
Syne2,0.12678222642303888,0.4368875255968708,0.8891712857238121
Wnt9b,-0.12675700843619167,0.4369802253591064,0.8891712857238121
Adam1b,0.12675900007325214,0.4369729038452146,0.8891712857238121
Tinf2,0.1267549134990238,0.43698792668762415,0.8891712857238121
Asb7,0.12673104742923813,0.4370756673044321,0.8892111603766034
Rmdn1,0.12665036424082654,0.43737235805004177,0.8895373909281477
Tbc1d14,0.12665459861909337,0.4373567846100604,0.8895373909281477
Aldh1a1,-0.12659041572526694,0.4375928716614967,0.889609811616788
Asns,-0.12661324833456908,0.4375088776351986,0.889609811616788
Relb,0.12658508311266398,0.4376124899048327,0.889609811616788
Atp5sl,-0.1265438456445482,0.4377642148842088,0.8897796324024985
Psmd9,0.1264449842480136,0.4381280689171829,0.8898261745214506
Klb,-0.126450069834642,0.438109347786675,0.8898261745214506
Narf,-0.1264887393731987,0.43796701080450884,0.8898261745214506
Zfp869,-0.12650636522707617,0.43790214070567474,0.8898261745214506
Klra19,-0.1264535982035463,0.4380963593559228,0.8898261745214506
Rab3ip,0.12630404515762303,0.4386470642073848,0.8899681479110215
Fam118b,-0.12635892161397058,0.4384449480444915,0.8899681479110215
Scrn3,-0.1264041946936329,0.4382782392914114,0.8899681479110215
Rad54l,0.1261447084249313,0.4392341984559869,0.8899681479110215
Spry4,-0.1261853721248161,0.43908431878151377,0.8899681479110215
Tmem173,-0.12630797087552892,0.4386326037105278,0.8899681479110215
Mid1,0.1263418080864898,0.43850797380510487,0.8899681479110215
Plcb1,0.12613509861234332,0.43926962258548957,0.8899681479110215
Fam86,-0.12612978639905675,0.4392892053563407,0.8899681479110215
Zfp787,0.12629532331606894,0.4386791922683837,0.8899681479110215
Nrl,0.12613375879361582,0.4392745616063107,0.8899681479110215
Il13,-0.12630613330145993,0.4386393724370328,0.8899681479110215
2610020H08Rik,0.12619591644104444,0.4390454585894111,0.8899681479110215
Adra2a,-0.12616516906465924,0.4391587805417495,0.8899681479110215
Acrbp,-0.12619835136960467,0.43903648512302973,0.8899681479110215
Krtap13-1,-0.12620811373177138,0.43900050876641317,0.8899681479110215
Col2a1,-0.12605939140994493,0.4395487507183531,0.8903385049376658
Pcdh1,-0.12602469514344516,0.439676705174214,0.8903385049376658
Hoga1,0.12603839157726476,0.439626192498032,0.8903385049376658
Gnpat,-0.125987791931359,0.4398128200907611,0.8904759486988894
Elovl6,-0.12594133656004358,0.43998419911150294,0.8906847369230533
Kera,0.12584381496446873,0.44034408176922696,0.8909985924959904
St8sia3,-0.12584389593340828,0.440343782906197,0.8909985924959904
Cubn,-0.12584622513771254,0.44033518566695506,0.8909985924959904
Rnf44,-0.1257989716007166,0.44050961876708344,0.8910572028044755
Tomm7,-0.1258126984650418,0.44045894325840074,0.8910572028044755
Chac1,0.12576256890282977,0.44064402161768207,0.8911417794054334
Gzme,0.12575065477918113,0.44068801459906976,0.8911417794054334
Hmgxb3,0.12566641171880624,0.44099914876602947,0.8913604498068571
C77681,0.12566588951441907,0.44100107778014175,0.8913604498068571
Gabra1,-0.12566693342947213,0.4409972215801585,0.8913604498068571
Zfp518b,0.12561844868281394,0.44117634196606403,0.8913710145499203
Defa-rs1,-0.12560900542587639,0.4412112332728895,0.8913710145499203
Ferd3l,0.12563038252859537,0.44113225041718584,0.8913710145499203
Pxmp4,-0.12558985510819926,0.4412819950650376,0.8913759680501047
Srpk1,0.12556768214966185,0.44136393320378736,0.8914034923968769
Prkcd,0.12552430704197687,0.44152424512901794,0.8914513189986935
Khdrbs1,-0.1255267581691346,0.44151518508485604,0.8914513189986935
Mrps28,0.12550443106226786,0.4415977158675794,0.8914617256120118
BC065403,0.12543718201005682,0.44184634697794284,0.891671127628233
1700016D06Rik,0.12544587212112765,0.44181421402067056,0.891671127628233
Stil,-0.12540245266230687,0.44197477611306696,0.891671127628233
Rasgrf2,0.12540654803117382,0.4419596304156985,0.891671127628233
Fmo4,0.12535384608529704,0.44215455625474426,0.8917363375089945
Cenph,0.1253385309988032,0.44221120982533957,0.8917363375089945
Aoah,-0.12532134312547683,0.4422747957608146,0.8917363375089945
Klra5,-0.1253198151197511,0.44228044879747197,0.8917363375089945
Tulp2,-0.12496643867009623,0.44358882769473573,0.8920200503879646
Dusp22,0.12516040433397674,0.44287041668293964,0.8920200503879646
Hmgb4,0.12513376782003205,0.4429690368634497,0.8920200503879646
Mrrf,0.12491259867987284,0.4437883490779881,0.8920200503879646
Fcgrt,0.12506454480784757,0.4432253851496216,0.8920200503879646
Gpm6b,-0.12514809961956827,0.44291597275377054,0.8920200503879646
Tmem5,0.12496306505042142,0.44360132834155863,0.8920200503879646
Spata5,0.12505629728740886,0.44325593276138175,0.8920200503879646
Cxxc5,0.12499113771566445,0.44349731322476077,0.8920200503879646
1810055G02Rik,0.12493100850640204,0.4437201202451182,0.8920200503879646
Cox20,-0.1251118782793255,0.44305009029195574,0.8920200503879646
Ppie,0.12511014772192744,0.4430564985988006,0.8920200503879646
Mpnd,0.1249420300668136,0.4436792757737847,0.8920200503879646
Mrpl15,-0.12524597507219126,0.44255367405940377,0.8920200503879646
Plaa,-0.12495368541621696,0.4436360847126302,0.8920200503879646
Pld4,0.1251897750962854,0.44276168649538006,0.8920200503879646
Cbx1,-0.12515199672735935,0.4429015441213873,0.8920200503879646
Ptgdr2,-0.12499026836792826,0.4435005341481954,0.8920200503879646
Sars2,-0.12504169634743295,0.44331001522647284,0.8920200503879646
Ttc13,0.12512609820659454,0.44299743531364866,0.8920200503879646
Cldn4,0.1248717118513324,0.44393989985872534,0.8921872406062694
Fam73b,-0.12483650355533708,0.44407042442377037,0.8922016239196531
Isl2,0.12483289502233909,0.4440838031541227,0.8922016239196531
Dpysl3,-0.12474891098869736,0.4443952359552722,0.8922188325521108
Tbca,-0.1247199611145194,0.44450261555837783,0.8922188325521108
Pmel,-0.12479962433430654,0.4442071650744946,0.8922188325521108
Nudt4,-0.1247199891931506,0.4445025114037512,0.8922188325521108
C78878,0.1247801947053791,0.44427921508074614,0.8922188325521108
Eif3h,0.1247455719864948,0.4444076201407577,0.8922188325521108
Zfp260,0.12469550964307796,0.44459332049452016,0.8922636479749297
Eef1e1,-0.12455498446122744,0.4451147996652137,0.8927323820901103
Atp8b3,-0.12456743515017141,0.4450685830725967,0.8927323820901103
Kctd5,-0.12454039767304804,0.4451689485983866,0.8927323820901103
Nono,0.12456848212400798,0.4450646968511521,0.8927323820901103
Zfp64,0.12457209546079452,0.4450512847836918,0.8927323820901103
Tex18,0.12450422766225422,0.4453032334680718,0.8928644581322787
Ninj2,-0.12443848276459774,0.4455473725333672,0.892944142795415
St14,-0.1244521609705998,0.4454965736936179,0.892944142795415
Nop9,-0.12443824238690207,0.4455482652878341,0.892944142795415
Trim35,0.1244080955553818,0.44566023701517204,0.8930313932449293
Brca2,0.12433756388206994,0.44592226423939774,0.8930934399521867
Art1,0.12432607133756139,0.44596496702647315,0.8930934399521867
Pias3,0.12436859177470733,0.44580698476673825,0.8930934399521867
Mrps18b,0.12433346709234361,0.4459374864135746,0.8930934399521867
Hspa12b,0.12427626276300652,0.44615006525494444,0.8933270218676952
Tut1,0.12423520418240151,0.4463026770883624,0.8934363515655572
1110058L19Rik,0.12422473279468918,0.4463416028704014,0.8934363515655572
Gins1,0.12414551868933106,0.44663612679780046,0.8938319432346846
Nsun5,-0.12411963411320703,0.4467323896303414,0.8938319432346846
D2Ertd63e,0.12411631705195951,0.446744726322064,0.8938319432346846
Utp3,0.12403235806985549,0.4470570428584934,0.8943182254739889
Tyms,0.12401413509737212,0.44712484504500755,0.8943182254739889
Myo15,-0.12395697523862309,0.44733755455635493,0.8946065516330843
Metap1d,0.12384411890406018,0.44775768329249216,0.8953095325289196
Irs1,-0.12376704954543595,0.44804470686060727,0.8957461896467082
Nobox,-0.12374031963208139,0.4481442775084448,0.8958080081506888
Dpf3,-0.1236728151107898,0.4483957876739148,0.8961734773099884
Cst12,0.12357916113275573,0.44874484829892963,0.8966569783912206
Timm13,-0.12357103713825353,0.4487751341767999,0.8966569783912206
Arhgap27,-0.12345878186576954,0.44919372593657764,0.8970628146363472
Esr2,0.12348884406767532,0.44908160619164483,0.8970628146363472
Tnp2,-0.12345647485052699,0.44920233076560556,0.8970628146363472
Cyp4a14,0.12344282691967186,0.44925323730925965,0.8970628146363472
Cecr6,-0.12342208593784314,0.44933060657412055,0.8970800313931608
Slc25a3,-0.12339655025110063,0.44942587088768393,0.897132964542357
Ilkap,0.12332136843084963,0.44970640796554534,0.8974326626822631
Zfp36l1,-0.12331945335641584,0.4497135551597301,0.8974326626822631
Rogdi,0.1232258538405661,0.45006294743169245,0.8977573395585002
Zfp282,-0.1232395468093582,0.45001182489588687,0.8977573395585002
Ctf1,0.12316892488761408,0.4502755234626598,0.8977573395585002
Actl7b,-0.12318142731009753,0.45022883420324716,0.8977573395585002
Nsun4,-0.12316530341997986,0.45028904800447417,0.8977573395585002
Myh9,0.12320144789973732,0.4501540742294033,0.8977573395585002
Gclm,0.1229029810524406,0.4512692662569764,0.8978310165959983
Kdm5b,-0.12292568614020975,0.4511843804161575,0.8978310165959983
Ralbp1,0.12292818132867887,0.45117505234573063,0.8978310165959983
Slc4a1,-0.12297789099921178,0.45098923749098674,0.8978310165959983
Ggt7,0.12286345251783894,0.4514170685171252,0.8978310165959983
Cyp21a1,0.12306269994325801,0.45067231350705567,0.8978310165959983
Serpine1,0.12290405900806821,0.451265235995596,0.8978310165959983
Nap1l3,0.12289861930524164,0.45128557415229165,0.8978310165959983
Repin1,-0.12288192239424174,0.451348004144443,0.8978310165959983
Kcnj12,0.12292583577762888,0.4511838210053298,0.8978310165959983
Vmn1r29,-0.12305706455221847,0.450693368895668,0.8978310165959983
Tmsb4x,-0.12304228255120767,0.4507486009989446,0.8978310165959983
Foxc2,-0.12313505566284778,0.45040201795143675,0.8978310165959983
C6,-0.12289322892240931,0.45130572838036365,0.8978310165959983
E2f1,0.12297722900554214,0.4509917117628456,0.8978310165959983
Ephx2,-0.1228608299264584,0.4514268756139432,0.8978310165959983
Gpr45,0.12282995318418873,0.4515423465458189,0.8978476030475486
Defb5,0.1228218034599613,0.4515728269446748,0.8978476030475486
Adam8,-0.1227858121847415,0.45170744902002624,0.8978550205786818
Prss30,-0.12274713793090881,0.4518521298051944,0.8978550205786818
Klk1b24,-0.12269847170034533,0.45203422493106016,0.8978550205786818
Kcnq5,0.1227209420740185,0.45195014247194537,0.8978550205786818
Thnsl2,0.12272918939780711,0.45191928364386613,0.8978550205786818
Angpt1,-0.12274143627336682,0.4518734618042672,0.8978550205786818
Laptm4b,-0.1226920642666997,0.4520582025597317,0.8978550205786818
Stat5b,-0.12267345404407777,0.45212784870291806,0.8978566881333705
Odf2l,0.12264773654394054,0.45222410201705604,0.8979111849087895
Map3k7cl,-0.12247686819127715,0.4528638843428944,0.8984961766252538
Wdr13,0.12249346996441214,0.4528017017086851,0.8984961766252538
Fis1,0.12253818110205647,0.4526342563439448,0.8984961766252538
Angpt2,0.12243841421689879,0.4530079323487827,0.8984961766252538
Prkcz,-0.12243349061242749,0.4530263778154236,0.8984961766252538
Fam208b,0.12241019373624082,0.45311366098444433,0.8984961766252538
Lpcat3,0.12238520756740873,0.4532072828988751,0.8984961766252538
Gpbp1,0.1225288075835789,0.45266935795567564,0.8984961766252538
Olfr16,0.12239054032055134,0.4531873004985325,0.8984961766252538
Casp12,0.12245922643150899,0.45292996715289896,0.8984961766252538
Thoc3,0.12227889517396755,0.4536057423682741,0.8986362151933232
AA408251,-0.12234515176656484,0.4533573909253344,0.8986362151933232
Pcdh20,0.12228229740843281,0.45359298795758307,0.8986362151933232
Prr12,0.12227449165422766,0.45362225070721274,0.8986362151933232
Sept11,-0.12230177656387856,0.4535199674307062,0.8986362151933232
Unc119b,0.1222266895043704,0.4538014760779924,0.8986817097735268
Lhx1,-0.12218395685765164,0.45396172538439566,0.8986817097735268
D430019H16Rik,0.12215817183486832,0.4540584345571969,0.8986817097735268
Maneal,-0.12217115497538433,0.45400973872167755,0.8986817097735268
Atp5b,-0.12217947975397685,0.4539785164194102,0.8986817097735268
Trim15,0.12221847801385526,0.4538322672499783,0.8986817097735268
Arhgap20,-0.12210313059976026,0.4542649076842487,0.8988177074104262
Hspa1a,0.12211085702977188,0.4542359210187446,0.8988177074104262
Pck1,0.1220359989817275,0.4545168006974524,0.8989742030649892
Ppan,-0.12202697197638526,0.4545506775862364,0.8989742030649892
Ptpn20,0.12205600586123636,0.45444172278594086,0.8989742030649892
Tnf,-0.1219554103388965,0.45481928314171305,0.8993691204297944
Foxl1,-0.12192578757307064,0.45493049582971534,0.8994527333457508
H2-T18,-0.12190060973427194,0.4550250320160714,0.8995033544580694
Neurod1,-0.12179757438236324,0.45541200880740446,0.8997231344326754
Hnrnpa2b1,-0.12182063776305921,0.4553253733157009,0.8997231344326754
Hist1h3f,-0.12180402221433664,0.45538778725333756,0.8997231344326754
Ccl20,-0.12184252539157997,0.4552431623262136,0.8997231344326754
Abhd17c,0.12176218739315413,0.45554495341146917,0.8998495454232911
Slc44a3,0.12170861971776363,0.45574623886856647,0.8999746778141531
Aldh1a3,-0.12172169520775927,0.4556971022672644,0.8999746778141531
Hist1h2bp,0.12161385919400518,0.4561024229759177,0.9001616196691057
Tsen34,0.12161002476704497,0.45611683878091247,0.9001616196691057
Katnb1,0.12161635586825897,0.4560930366755464,0.9001616196691057
Polr3c,0.12164583050384807,0.45598223370754143,0.9001616196691057
B3gnt4,-0.12157089764681722,0.4562639534916132,0.9003157914882898
0610037L13Rik,-0.12151870953818482,0.4564602146331251,0.9005668794598805
Bzw1,0.1214623621784835,0.4566721662721158,0.9008488431874285
Zfr,0.12142813525226627,0.456800936331069,0.9009666593385912
Golga2,-0.1213562834002832,0.45707132161339475,0.9011504792100973
Fpgs,-0.12135993594711635,0.4570575747405962,0.9011504792100973
Mmp2,0.12134831511299726,0.45710131212289323,0.9011504792100973
Fam13b,-0.12127885849118158,0.45736277139844694,0.9015297286976336
Ptrhd1,-0.12125660461035825,0.4574465592129894,0.9015586997689622
Fbxo43,-0.12121782896986026,0.4575925718466329,0.9017102793758249
Tacstd2,0.12119934232640697,0.4576621931865636,0.9017113028675025
Eed,-0.12115374734230279,0.4578339288598343,0.9017773490855816
Spag7,-0.12115919925733781,0.45781339221156414,0.9017773490855816
Hoxb1,-0.12109188061270372,0.4580670060311968,0.902100265877013
Qrich1,-0.12106593583442622,0.4581647688049358,0.9021566422416791
Tgfb2,0.1210242442744318,0.45832188973540783,0.9022885651519807
Ehbp1,0.12097477684726718,0.4585083512547156,0.9022885651519807
4930470P17Rik,0.12098959793334219,0.45845248084680384,0.9022885651519807
Nop2,-0.12099006216287288,0.45845073091753175,0.9022885651519807
2610002J02Rik,0.12062743599014063,0.4598187123082943,0.9023982926640649
Mdp1,0.12078391576618347,0.45922814580575044,0.9023982926640649
Tdpoz1,-0.1206509429384046,0.45972997035035434,0.9023982926640649
Heatr1,-0.12082873565417132,0.45905906421975906,0.9023982926640649
Pde6c,-0.12093484565010339,0.45865889564292545,0.9023982926640649
Coa7,0.12057973170014806,0.4599988296704779,0.9023982926640649
Eif3i,0.12065645610975197,0.4597091586486299,0.9023982926640649
Tcf15,-0.12075352447599122,0.4593428142301186,0.9023982926640649
4921536K21Rik,-0.1208686111020173,0.45890866235872374,0.9023982926640649
Zfp61,-0.1208204564997494,0.45909029464661477,0.9023982926640649
Nkain4,0.12045782687909205,0.46045927139725673,0.9023982926640649
Stk17b,-0.12085960768158362,0.4589426191591384,0.9023982926640649
Tex11,-0.12075739050702358,0.4593282266105182,0.9023982926640649
Gm20274,-0.12054373342551485,0.4601347726107181,0.9023982926640649
Fstl3,0.1205991231393086,0.45992560891998097,0.9023982926640649
Kmt2d,-0.12083982680968258,0.45901722814667245,0.9023982926640649
Atf2,0.12048271694116848,0.46036524089442804,0.9023982926640649
Sema3f,0.12046260675102184,0.4604412130716464,0.9023982926640649
Sema3c,-0.12066689108276957,0.4596697689385415,0.9023982926640649
Cacng2,-0.12047707040921266,0.46038657168355224,0.9023982926640649
Stmn4,-0.12058273725257024,0.45998748051665383,0.9023982926640649
Rasl11b,-0.12083490564235422,0.45903579065127664,0.9023982926640649
Plekhf2,0.12055785712969296,0.46008143375923233,0.9023982926640649
Frmd5,0.12076179916584781,0.45931159179541575,0.9023982926640649
Ppp2r5d,-0.12049303914065769,0.4603262482459066,0.9023982926640649
Jph1,-0.12065521505001046,0.4597138434897446,0.9023982926640649
Tac2,0.1204469305082179,0.4605004391792481,0.9023982926640649
Fam184b,-0.1206098221665694,0.45988521269292776,0.9023982926640649
Htra2,0.12040316563636376,0.4606658071370134,0.9024637648467055
Hells,0.12040148203302801,0.4606721693343479,0.9024637648467055
Maz,0.12035801026688822,0.4608364611844561,0.9026501023710549
Acaca,0.12029996654390639,0.46105587147368604,0.9029015058696662
Slc26a5,0.12028744835825186,0.4611031983382217,0.9029015058696662
Has2,-0.12023994833252118,0.4612828019774599,0.9031176718685483
Rhpn1,-0.12019367681656283,0.4614577950391044,0.9033247475945504
Slc38a1,-0.12016114842629178,0.4615808337462218,0.9034300734294957
AY074887,-0.11991871456991889,0.46249837113950426,0.9044500059365453
Svs4,-0.11997140353480817,0.4622988800730273,0.9044500059365453
Bean1,-0.11985751590547133,0.46273013710180166,0.9044500059365453
C1qtnf3,0.11981512662743123,0.46289070481115185,0.9044500059365453
Leap2,0.11990195133881967,0.4625618493830997,0.9044500059365453
Cdc16,-0.1198200703462957,0.46287197686719467,0.9044500059365453
Matk,-0.11994273338153658,0.46240742558624875,0.9044500059365453
Dnajc11,-0.11983663370753979,0.4628092338788311,0.9044500059365453
Bex1,-0.11979742795165557,0.4629577546520018,0.9044500059365453
Per2,-0.11986246022927517,0.4627114102001102,0.9044500059365453
Tmem109,0.11978190162517842,0.46301657884511405,0.9044500059365453
Krt25,0.11999344429445272,0.4622154424115133,0.9044500059365453
Cse1l,0.11978321327270691,0.4630116092916604,0.9044500059365453
Ehmt2,0.11976719431210019,0.463072303598901,0.9044500059365453
Raf1,0.1196014905895349,0.46370037849190054,0.9046639696361626
Tmprss11d,-0.11966534176754476,0.4634583085748414,0.9046639696361626
Slc35f6,-0.11959197019951517,0.463736477346639,0.9046639696361626
Enah,-0.11965048163081901,0.4635146399191641,0.9046639696361626
4932438H23Rik,0.11963029060156503,0.46359118506901525,0.9046639696361626
Actr1a,0.11970563375837674,0.4633055886092129,0.9046639696361626
Zfand3,-0.11969093286150194,0.46336130687833504,0.9046639696361626
Igk,0.11959590718426852,0.4637215491448516,0.9046639696361626
Rcsd1,0.11942842777128915,0.46435681269971213,0.9047876221843122
C79452,0.11941074743325875,0.46442390170821696,0.9047876221843122
Slc25a51,0.11950806286368561,0.4640546945165997,0.9047876221843122
Triap1,-0.11953204257901293,0.46396374043281186,0.9047876221843122
Bmp6,-0.11942816222647863,0.4643578202872931,0.9047876221843122
Rap2b,-0.11955317073916709,0.46388360975085985,0.9047876221843122
Tmem263,-0.11948230157159864,0.46415241622429804,0.9047876221843122
Ccl24,-0.11946096785135853,0.46423335056110426,0.9047876221843122
Cenpq,-0.11943134855116512,0.46434573011856006,0.9047876221843122
Zfp185,0.11935008555679698,0.46465412423234115,0.9051010101668636
Aspm,0.11931304009432987,0.4647947470225058,0.9051252388648158
St3gal3,-0.11931026297111014,0.46480528972588936,0.9051252388648158
Cpa2,0.11925940305439645,0.46499838923043524,0.9052310877320527
Dars,-0.11926517096246855,0.4649764881893782,0.9052310877320527
Capn6,0.11914650726031059,0.46542716656079286,0.9057104146137817
Eapp,-0.11913975059543974,0.4654528347306322,0.9057104146137817
Nvl,-0.11914974037293753,0.4654148844133775,0.9057104146137817
Man1b1,0.11907717836518651,0.46569057731588115,0.9060329531594612
Dnajb4,-0.11904130925804424,0.4658268896273144,0.9060329531594612
Atp7b,-0.1190512914806229,0.46578895243312723,0.9060329531594612
Muc15,-0.1190215130357089,0.4659021293599514,0.9060442453081976
Hint1,-0.11899087530869329,0.466018586767948,0.9061356785478996
Prl7a1,0.11896419342373467,0.466120019696095,0.9061978750021371
Cacna1f,0.11891586862755897,0.4663037582743858,0.9064200419667005
M1ap,0.11886608433301228,0.46649308477713924,0.9066075449857726
Aamdc,0.11881743657005708,0.4666781270342122,0.9066075449857726
Atl2,0.11884118200217944,0.46658780148150836,0.9066075449857726
Cyp4f14,0.11883148250233562,0.46662469645447485,0.9066075449857726
Zyg11b,-0.1187731611057675,0.4668465708762576,0.9067509099933938
Coq9,-0.1187615103465579,0.46689090077750117,0.9067509099933938
Phf7,0.1187284274757709,0.4670167892973485,0.9068604290983782
Smoc1,0.11869107480990936,0.46715894626135507,0.9069243149057304
Supt16,-0.11857334018062643,0.46760716572943434,0.9069243149057304
Gata5,0.1185839943097251,0.46756659610043166,0.9069243149057304
Sec13,0.11861632817322444,0.46744348366743316,0.9069243149057304
Inhbc,-0.11851897617562665,0.46781420519813566,0.9069243149057304
Ptpn18,0.11853294318046256,0.4677610089015432,0.9069243149057304
Cyp2b9,0.11860084769180555,0.4675024241348358,0.9069243149057304
Cetn3,0.11860666816892572,0.4674802627746446,0.9069243149057304
Scin,-0.11864463596045137,0.467335714249871,0.9069243149057304
Krt79,-0.11855136233445047,0.4676908603671437,0.9069243149057304
Casp3,-0.118559489247117,0.4676599110846635,0.9069243149057304
Scgb1b27,-0.11844852701844004,0.4680825727386089,0.9071572797606778
Krt31,-0.11841498938654066,0.46821035784718457,0.9071572797606778
Fam126a,0.11840048962827326,0.4682656103391759,0.9071572797606778
Ep400,0.11844182812890199,0.4681080954317169,0.9071572797606778
Iffo2,-0.11839619637525005,0.46828197076158523,0.9071572797606778
Rgs19,0.11836793733479589,0.4683896655638055,0.907231222494003
Dip2b,-0.11831313911833312,0.4685985367363338,0.9072985797325511
Rara,0.11828585241202869,0.4687025615738469,0.9072985797325511
Uqcrq,0.11828730800189845,0.4686970121462739,0.9072985797325511
Srsf11,-0.11832866727924819,0.46853934413344356,0.9072985797325511
Spink4,0.11821457012042733,0.4689743658111161,0.9076004346442601
Pcdhb13,-0.11804439405370007,0.4696235830115752,0.9076004346442601
Rtn4,-0.1180861927120387,0.46946407990271355,0.9076004346442601
Myf5,0.1180559560054696,0.4695794600044954,0.9076004346442601
Map4k2,-0.11809586297123449,0.46942718225143637,0.9076004346442601
Sipa1,0.11810497305526375,0.4693924233431016,0.9076004346442601
Rbm42,-0.11810961421549616,0.4693747158141559,0.9076004346442601
Crygd,-0.11805187009197383,0.46959505252800987,0.9076004346442601
Vps45,-0.11810131384068084,0.4694063846710648,0.9076004346442601
Bub1,0.1181851392404303,0.469086611158597,0.9076004346442601
Fmr1nb,-0.11810584721636819,0.4693890881094863,0.9076004346442601
Adat2,0.1175861161865033,0.4713741711547807,0.9076297629149718
Adam10,0.1176349594214158,0.47118743606229446,0.9076297629149718
Mettl7b,-0.11765169248699675,0.4711234716512534,0.9076297629149718
Esx1,-0.11748118921332681,0.47177544982597913,0.9076297629149718
Med22,0.11755059887614268,0.4715099827939194,0.9076297629149718
Pde7a,0.11786108445004632,0.47032341529392285,0.9076297629149718
Sod2,-0.11773752791853662,0.4707954233852861,0.9076297629149718
Wisp1,-0.11769168036535631,0.47097063041997983,0.9076297629149718
Exosc10,-0.11757730310063559,0.4714078689167499,0.9076297629149718
Dapk2,0.11778490402617695,0.47061440973704055,0.9076297629149718
Ash2l,-0.11785252668041157,0.47035609975506737,0.9076297629149718
Slain2,0.11749322215907758,0.471729422699623,0.9076297629149718
Gm3579,-0.11782419582001055,0.47046431128769967,0.9076297629149718
Cacnb2,0.1176727593067456,0.47104294714548184,0.9076297629149718
D1Pas1,0.11769843618352323,0.47094481089163914,0.9076297629149718
Map4k5,0.11777636019214809,0.4706470512277901,0.9076297629149718
Batf3,0.1176149230492259,0.4712640336088452,0.9076297629149718
Rbbp6,0.11747608383216279,0.4717949790675342,0.9076297629149718
Strap,0.11753898518651401,0.4715543957058094,0.9076297629149718
Tmem106c,0.11761732756095221,0.4712548410073935,0.9076297629149718
Cdca3,0.11754526799021822,0.4715303688309479,0.9076297629149718
Trib1,0.11789956052128563,0.47017647892128955,0.9076297629149718
Fgf21,-0.11785788593073955,0.47033563117827953,0.9076297629149718
Asb14,0.11754324899433961,0.47153808986412293,0.9076297629149718
Rbm15,-0.11749487423183456,0.4717231035468984,0.9076297629149718
Sufu,0.11787818809821464,0.4702580952451995,0.9076297629149718
Ccnc,-0.11794361172456906,0.47000828031116937,0.9076297629149718
Ucn,-0.11787457295107887,0.4702719013649861,0.9076297629149718
Rusc2,-0.11759498362575127,0.47134026680057217,0.9076297629149718
1810065E05Rik,0.11784975640637557,0.4703666804360011,0.9076297629149718
Ist1,0.11802099305386558,0.4697128929394976,0.9076297629149718
Hist3h2a,-0.11740592547520283,0.47206339222647314,0.9077250078492743
Polr1b,-0.1173540612398623,0.4722618651458904,0.9077250078492743
Arhgef10l,-0.11737854801655659,0.4721681544157518,0.9077250078492743
Hmgn5,0.11742211424034923,0.47200145007527006,0.9077250078492743
Hrnr,0.11741495250869219,0.472028852093458,0.9077250078492743
Gosr1,-0.11736007858647922,0.4722388359272216,0.9077250078492743
Tnfaip1,0.11714322808572748,0.47306911203258395,0.9079134331488131
Natd1,-0.11720826707368925,0.47282001352468006,0.9079134331488131
Tpcn2,-0.11717220720723077,0.4729581141549239,0.9079134331488131
LOC269472,0.11716461538114534,0.47298719162839276,0.9079134331488131
Mta2,0.11729316951156735,0.47249493823988087,0.9079134331488131
Slc37a2,0.11709225068389764,0.47326440127812297,0.9079134331488131
Hsd3b1,0.11715365407135883,0.47302917616730816,0.9079134331488131
Mb,-0.11712570960438529,0.47313621895259744,0.9079134331488131
Rbm28,0.11722384422488229,0.4727603630929911,0.9079134331488131
Casq2,-0.11714180515858748,0.47307456256826896,0.9079134331488131
Robo1,0.11710478580269859,0.4732163767290713,0.9079134331488131
Sncg,0.11715656150322826,0.4730180397972733,0.9079134331488131
Sav1,-0.11727657447261777,0.47255846858218137,0.9079134331488131
Zfp112,0.11707142598562902,0.4733441903182936,0.9079330206472753
Gimap3,0.11700662558068295,0.4735925141530996,0.9082758255708108
Plek2,0.11693947816170057,0.4738499015762962,0.9086359097235988
Gm10997,-0.11679257878566165,0.47441323834482046,0.9087110075192163
Fam43a,-0.11683168265924326,0.47426324788777885,0.9087110075192163
Pias2,0.11679068673293294,0.474420496286355,0.9087110075192163
Gp9,0.11678399360337369,0.47444617167816844,0.9087110075192163
4930432F04Rik,-0.1168433549427373,0.47421848123678423,0.9087110075192163
Snap23,0.11689904130294816,0.4740049370244956,0.9087110075192163
St7l,-0.116838633702541,0.474236588328618,0.9087110075192163
Elof1,-0.11679504018753956,0.47440379645573144,0.9087110075192163
Phf12,0.11669630108132098,0.4747826322185861,0.9092219794276973
Mfsd7b,-0.11667618133031234,0.47485984510390855,0.9092364077418786
Kdm2b,0.11663654743825322,0.47501196529647166,0.9092608383678538
Clcnka,-0.11664719789901497,0.4749710849821066,0.9092608383678538
St6galnac1,0.11658787503706844,0.475198810159969,0.9094419461983062
Mndal,0.11651251501796603,0.4754881773191812,0.9094419461983062
Oprm1,0.11652579558227702,0.47543717619719067,0.9094419461983062
Egln3,0.11651209433677083,0.4754897928990309,0.9094419461983062
2410002F23Rik,-0.11657271150343125,0.4752570279017905,0.9094419461983062
Spag4,-0.1165029933000031,0.47552474510775106,0.9094419461983062
Ctdsp2,0.11646620321606699,0.47566604933263723,0.9095788800910878
Piwil2,-0.1164343306871674,0.475788483220687,0.909679694878644
Als2cl,0.11639335731843614,0.4759459000712294,0.9098473557031164
Peak1,0.1162627907276894,0.4764477030587316,0.9099132765415091
Pcnp,-0.11599986439545808,0.47745900917360956,0.9099132765415091
Yae1d1,-0.11524819098380144,0.48035615539733334,0.9099132765415091
Hspa1b,0.11527411345604764,0.48025609689628734,0.9099132765415091
Irf5,-0.11550325919873443,0.47937206890699136,0.9099132765415091
Rhbg,-0.1156835869601774,0.4786769521636269,0.9099132765415091
Lox,0.11601234196575169,0.47741099169150714,0.9099132765415091
Caps2,-0.11515040268672584,0.4807337038362172,0.9099132765415091
Aktip,0.1158115434461091,0.4781840205331736,0.9099132765415091
Prkrip1,0.11595609057453762,0.4776274833600444,0.9099132765415091
Sort1,-0.11621089758192703,0.4766472165838115,0.9099132765415091
Zfp410,-0.11604654468262379,0.47727938170906725,0.9099132765415091
Cacnb1,-0.11559579308388503,0.4790153114923179,0.9099132765415091
Cybb,0.11535891394853484,0.47992884736610686,0.9099132765415091
Azin1,-0.11572154742620658,0.4785306889838252,0.9099132765415091
Rfwd2,0.11536849817574243,0.47989186837077036,0.9099132765415091
Prep,-0.11618360208354162,0.4767521764517344,0.9099132765415091
Frmd8,0.11524119621837108,0.4803831563776482,0.9099132765415091
Txnl4a,0.1163141272520382,0.476250371001654,0.9099132765415091
Supt5,0.1152746292796475,0.48025410596786827,0.9099132765415091
Rapsn,0.11515349477006573,0.48072176341106354,0.9099132765415091
Sag,0.11549298753903242,0.47941167874036983,0.9099132765415091
Rel,-0.115915423103986,0.47778402880489435,0.9099132765415091
Muc5b,-0.11513047898557449,0.48081064499764836,0.9099132765415091
Palm,0.11582588894243397,0.4781287727511958,0.9099132765415091
Rgs2,-0.1157565905667265,0.4783956863183204,0.9099132765415091
Dnajb8,-0.11593861693131405,0.47769474327533024,0.9099132765415091
Mup4,0.11511730630768988,0.4808615185094833,0.9099132765415091
Fahd1,-0.11543619563182396,0.4796307107806631,0.9099132765415091
Lmbr1,0.11512322848991922,0.4808386464248312,0.9099132765415091
Mmd,0.11545672439219089,0.47955153074180246,0.9099132765415091
Hiatl1,0.11513592208900522,0.48078962425946625,0.9099132765415091
Map4k1,0.11611304961348932,0.4770235270653029,0.9099132765415091
Psrc1,-0.11580140210950197,0.47822307907291123,0.9099132765415091
Gstp1,0.11546992647052906,0.47950061340012134,0.9099132765415091
Baiap2l1,0.11552399352428196,0.47929211768381874,0.9099132765415091
Spta1,0.11569690552699224,0.47862563263969415,0.9099132765415091
Ndfip1,-0.11541396920610059,0.4797164461627024,0.9099132765415091
Marcks,0.11587197543671661,0.4779513048629182,0.9099132765415091
Mospd1,0.11623923085382043,0.476538278464527,0.9099132765415091
Marveld2,-0.11558458683893302,0.4790585092254331,0.9099132765415091
Dusp10,0.11558896716082927,0.4790416237667129,0.9099132765415091
Trpc5,0.11574255588493149,0.4784497522173185,0.9099132765415091
Serf1,-0.11562827771452203,0.4788901010854503,0.9099132765415091
Blcap,-0.11568451367720542,0.47867338121868286,0.9099132765415091
H6pd,-0.11523624887308812,0.4804022544285727,0.9099132765415091
Creb3l4,-0.11519471291224696,0.4805626091492306,0.9099132765415091
Necab3,0.1155781583488617,0.4790832905947886,0.9099132765415091
Fam45a,-0.11531200902664679,0.4801098420817406,0.9099132765415091
Kmt2a,-0.11570990404347384,0.4785755490103023,0.9099132765415091
Ddx3y,-0.11580488733001773,0.47820965584636,0.9099132765415091
Phpt1,0.1163372951466256,0.47616132961216034,0.9099132765415091
St6galnac6,-0.1162181784046179,0.476619221473478,0.9099132765415091
Cyp4f16,0.11561869298514972,0.47892704324201774,0.9099132765415091
Tmem179b,-0.11614840162473013,0.47688755059492166,0.9099132765415091
Rmnd5a,-0.11529302866951154,0.4801830924046319,0.9099132765415091
Zfand2a,-0.11524692080106945,0.48036105846145344,0.9099132765415091
Psca,-0.11555805012726103,0.4791608105073065,0.9099132765415091
Stk32b,-0.11534546666836987,0.4799807336577369,0.9099132765415091
Clmn,-0.11583209148449744,0.47810488633950765,0.9099132765415091
Fnbp4,-0.11614750110418784,0.4768910140764172,0.9099132765415091
Trim7,-0.1162361682416799,0.47655005324540395,0.9099132765415091
Vmn1r171,-0.11612602501949222,0.47697361674815214,0.9099132765415091
Cyp2j13,0.11563066070584015,0.47888091661032794,0.9099132765415091
Angptl7,0.11526187720085514,0.480303326480647,0.9099132765415091
Ttc30a1,0.11574328448707555,0.4784469453427942,0.9099132765415091
Desi2,-0.11545083873304202,0.47957423123313214,0.9099132765415091
R74862,0.11511800814915582,0.48085880789616026,0.9099132765415091
Magix,-0.11600391082366067,0.47744343702193864,0.9099132765415091
Serpind1,-0.11595167557209404,0.47764447723040576,0.9099132765415091
Dph5,0.11506176191038614,0.481076063288782,0.910055313113267
Ndrg4,-0.11506719655678116,0.48105506940634934,0.910055313113267
Plk3,-0.11501072211957995,0.4812732509232315,0.9100890160651269
Arpc4,0.11503323643394948,0.48118626390851327,0.9100890160651269
Saysd1,0.1150029940015156,0.4813031113392169,0.9100890160651269
Lamb2,0.11479315873539243,0.4821142412435938,0.9101913816585508
Tshb,-0.11496509985109869,0.4814495427022131,0.9101913816585508
Gsg1,0.11476115987444832,0.4822379946803297,0.9101913816585508
Pycrl,-0.11482947530373273,0.4819738086139071,0.9101913816585508
Bgn,-0.11479750667650795,0.48209742710062015,0.9101913816585508
Lrpprc,0.11475443073077851,0.48226402121137407,0.9101913816585508
Tspan31,-0.11481976381344888,0.4820113599953132,0.9101913816585508
Prepl,-0.11485484896631712,0.48187570328081175,0.9101913816585508
Dsc2,0.11477687448495208,0.48217721749870246,0.9101913816585508
Med15,-0.11488446427906057,0.48176121056977966,0.9101913816585508
Tor2a,0.11484231137478447,0.4819241776742562,0.9101913816585508
Lmbrd1,0.11493887967866465,0.481550876291909,0.9101913816585508
Syngr1,0.11489726874524527,0.4817117127576538,0.9101913816585508
Itih1,-0.11470578197178331,0.48245220251864007,0.9102832259493544
Klf2,-0.11471453402896416,0.4824183454306929,0.9102832259493544
Sec14l4,-0.11426837917928827,0.4841457952491807,0.9102978233144322
Acnat2,-0.11415492594092913,0.48458556201441205,0.9102978233144322
Usp15,0.11398202258090066,0.48525615181558035,0.9102978233144322
Kcna7,-0.11461992237722354,0.48278441094319857,0.9102978233144322
Uroc1,-0.11379021493778121,0.4860006005790345,0.9102978233144322
Tlr6,-0.1139582929876661,0.48534822092171287,0.9102978233144322
Ncoa5,-0.11399256885548699,0.48521523582535225,0.9102978233144322
Ascl2,-0.11373909420705208,0.48619910754652157,0.9102978233144322
Kcns1,0.11428524140544025,0.48408045098832303,0.9102978233144322
Insl6,-0.11459483316692115,0.4828815078363156,0.9102978233144322
Hspb2,-0.11463126213456679,0.4827405285389651,0.9102978233144322
Cyp2e1,0.11410717293356543,0.4847707214714669,0.9102978233144322
4930535I16Rik,-0.1138896825371056,0.4856144734463197,0.9102978233144322
Eea1,0.11441704755552638,0.4835698293177555,0.9102978233144322
Rif1,0.11456673674131206,0.48299025443230986,0.9102978233144322
Bola1,0.11442718495702944,0.4835305678071002,0.9102978233144322
Adam5,0.11380320616749288,0.48595016074803554,0.9102978233144322
Gata2,0.11408490494471533,0.4848570763338096,0.9102978233144322
Olr1,-0.11417046788879565,0.4845253066388866,0.9102978233144322
Cd207,-0.11450625983962982,0.4832243704562964,0.9102978233144322
Bpgm,-0.11429944274582099,0.48402542156808204,0.9102978233144322
Nudt14,0.11390484723383114,0.4855556184435271,0.9102978233144322
Msantd3,0.11436563131531481,0.4837689856480841,0.9102978233144322
Rac3,-0.11423797359415579,0.48426363366371605,0.9102978233144322
Abcg3,0.1137752363979133,0.4860587595864832,0.9102978233144322
Dnal4,-0.11436149636566088,0.48378500379394984,0.9102978233144322
Gria2,-0.11383995291707334,0.4858075016925074,0.9102978233144322
Eif4e,-0.1140442366436885,0.4850148070619623,0.9102978233144322
Ms4a4b,0.1143449609162483,0.4838490621751346,0.9102978233144322
Eif2s3y,-0.11369599502370244,0.4863664973674781,0.9102978233144322
Banf1,0.11440751958669601,0.48360673198537263,0.9102978233144322
Asprv1,0.11387986272239838,0.48565258656939037,0.9102978233144322
2810002D19Rik,-0.11393584076508896,0.48543534193184334,0.9102978233144322
Impa1,0.11439698194788063,0.483647546831544,0.9102978233144322
Nkx2-9,-0.11396781109065159,0.4853112903253009,0.9102978233144322
Tsku,0.11370299681978689,0.4863393016449434,0.9102978233144322
Usp48,0.11395048338933152,0.4853785235013771,0.9102978233144322
Prl3a1,-0.11401233847554132,0.4851385409945896,0.9102978233144322
Chordc1,-0.1137298270948244,0.48623509699882644,0.9102978233144322
Il17b,-0.11441307228541751,0.48358522572024104,0.9102978233144322
Capn2,0.11458219696503645,0.48293041446312124,0.9102978233144322
Il17rd,0.11460104526067987,0.4828574657161737,0.9102978233144322
Emc4,-0.11431035449624322,0.4839831412503145,0.9102978233144322
Crxos,0.11377864909330337,0.48604550839236615,0.9102978233144322
Il1rl1,-0.11389066367135992,0.48561066550409926,0.9102978233144322
Khdrbs2,-0.11426974315145133,0.48414050943993125,0.9102978233144322
Smim12,0.11373414585835159,0.4862183246259213,0.9102978233144322
Csrp2,-0.11415931479372166,0.4845685462671892,0.9102978233144322
Alpk2,-0.11383950840094126,0.48580922727843756,0.9102978233144322
Tex261,0.11418142744072615,0.4844828192355317,0.9102978233144322
Lrp5,0.1138570948560393,0.48574096000370187,0.9102978233144322
Doc2b,-0.11382906161100309,0.48584978199147516,0.9102978233144322
Apobr,-0.11445527786191828,0.48342177409211456,0.9102978233144322
Cep131,0.11381295814900594,0.48591229935456065,0.9102978233144322
Fabp1,-0.11445203497816349,0.4834343319902541,0.9102978233144322
Muc1,-0.11443125847905443,0.4835147917639032,0.9102978233144322
Lce1b,0.11363569453039687,0.48660074221663363,0.9106056339000218
Uqcrb,-0.1135731380176033,0.48684381012506056,0.9109298649730305
N4bp3,-0.11353652179553456,0.48698611313114737,0.9110654896413393
Avpr2,0.11350533852190059,0.48710731816029995,0.9111616104750221
Slco2a1,0.11344384408666196,0.487346382358223,0.9111877019712785
Cplx4,0.11342990509277115,0.48740057933631115,0.9111877019712785
Igfbp7,-0.11343001382026029,0.4874001565753241,0.9111877019712785
Adamdec1,0.11345047289929514,0.4873206095531423,0.9111877019712785
Zfp959,-0.11340847758582813,0.48748389865641417,0.9112129198635651
Arg1,0.11307959039819308,0.4887636397713705,0.9114583206276868
Opa1,0.11304468725979509,0.48889954992049733,0.9114583206276868
Cryba4,-0.11316759346260191,0.4884210457460111,0.9114583206276868
Cryab,0.11326515083167918,0.4880413962761906,0.9114583206276868
Guca1b,-0.11314822240319858,0.4884964466361474,0.9114583206276868
Bcl2l13,0.1130034366656151,0.48906020072524103,0.9114583206276868
Ggps1,0.11305053591713254,0.48887677439012744,0.9114583206276868
Abca7,0.11334417032829014,0.4877339952662923,0.9114583206276868
Atn1,0.1132767511495003,0.48799626279289704,0.9114583206276868
Grik5,0.11304090661753383,0.4889142725763944,0.9114583206276868
Zbtb14,0.11299166042458283,0.4891060681999566,0.9114583206276868
Enpp4,-0.11300624579842007,0.4890492597026102,0.9114583206276868
Olfr1507,0.1130293012505744,0.48895946781091815,0.9114583206276868
Slc35e4,0.11311247358526644,0.48863561229658553,0.9114583206276868
Top1mt,-0.11321528720259552,0.4882354248292866,0.9114583206276868
Aldh3a1,0.11301917145488068,0.48899891836295256,0.9114583206276868
Atg14,-0.11297990419361711,0.4891518598632609,0.9114583206276868
Sall2,-0.11322822846205537,0.4881850643312396,0.9114583206276868
AA409749,-0.11327250487127286,0.48801278359364453,0.9114583206276868
Cd160,0.11301016402408849,0.48903399918287677,0.9114583206276868
Cnot4,-0.11309054729866788,0.4887209783029925,0.9114583206276868
Pdhb,0.1130418738384444,0.48891050598364527,0.9114583206276868
Gmpr2,-0.11285954743951938,0.48962078329714975,0.9117100777307809
Vps53,-0.11286114023932489,0.48961457611711967,0.9117100777307809
Slc41a2,-0.11279620897221405,0.4898676464429425,0.9117100777307809
Nfkbia,0.11276593744797686,0.48998565216690676,0.9117100777307809
Bfsp1,0.11281593662228773,0.4897907508632225,0.9117100777307809
2810403A07Rik,0.11277235844525219,0.48996062039074534,0.9117100777307809
Crb3,0.11281557537120308,0.48979215891495864,0.9117100777307809
Wnt10b,-0.11278885517648671,0.48989631202377704,0.9117100777307809
Cyb561d2,0.11283436236477773,0.48971893533204136,0.9117100777307809
Apmap,-0.11285762811398767,0.48962826300773654,0.9117100777307809
Gcsh,0.11274559576382463,0.4900649568750921,0.9117276336274703
2010106E10Rik,0.11266536112577312,0.4903778240020382,0.9120266691257461
Tenm3,0.1126608589866328,0.4903953825805694,0.9120266691257461
Klk1b1,-0.1124929187599211,0.4910505803634165,0.9120266691257461
Abcb9,-0.11242202429187946,0.4913272960584933,0.9120266691257461
Defa15,0.11246767413960355,0.4911491064794309,0.9120266691257461
Zfp316,-0.11252433472299773,0.49092798202899196,0.9120266691257461
Atoh7,0.11241279437328469,0.49136332799642995,0.9120266691257461
AA536748,0.11263741448088961,0.4904868224074398,0.9120266691257461
Orc1,0.1124063789469144,0.49138837343316905,0.9120266691257461
Rab6b,-0.11262919588931027,0.4905188791032489,0.9120266691257461
Stard4,0.11259019204420374,0.4906710281041854,0.9120266691257461
C76132,0.11248217957077862,0.4910924926775397,0.9120266691257461
Rnf144b,-0.11259491208336035,0.49065261459534304,0.9120266691257461
Stk40,0.112415515612159,0.49135270463484015,0.9120266691257461
Krt10,0.11239984967964957,0.49141386394536907,0.9120266691257461
Il15,-0.112485304576787,0.49108029639435913,0.9120266691257461
Zfp212,-0.11245695762911606,0.491190934429282,0.9120266691257461
Phxr5,-0.11219177091406544,0.492226553463274,0.9122375083286837
D13Ertd205e,-0.11221478697881428,0.4921366274240451,0.9122375083286837
Psph,0.1122650932967845,0.49194010389841514,0.9122375083286837
Adar,0.11220020257116994,0.4921936092048094,0.9122375083286837
Orm3,-0.11231887697824623,0.4917300387766609,0.9122375083286837
Rbfox3,-0.11221583336233991,0.49213253929289547,0.9122375083286837
Cldn9,-0.11233201795703303,0.49167872025267045,0.9122375083286837
Krt27,0.11225185526460175,0.49199181501373196,0.9122375083286837
Wbp1,0.11223886288018213,0.4920425691750929,0.9122375083286837
Ddx4,-0.1122431198482233,0.4920259392375935,0.9122375083286837
Pax5,0.11216377077712189,0.4923359636953654,0.9123107058024458
Gnl3,0.11195221175568285,0.49316301589705513,0.912527094066571
Akip1,0.11192271869648347,0.49327836809009207,0.912527094066571
LOC664787,-0.11194981943861962,0.4931723721461444,0.912527094066571
Cpsf3l,0.1121142823016257,0.49252936871554576,0.912527094066571
Fth1,-0.11190137888464248,0.4933618398834898,0.912527094066571
Hamp2,-0.1119917045017961,0.493008574108087,0.912527094066571
Bag4,-0.1120898235202498,0.49262496947314005,0.912527094066571
Nek1,-0.1119362508034399,0.4932254401493777,0.912527094066571
Sult1b1,0.11204003455128951,0.4928196052778912,0.912527094066571
Mycbp2,-0.11203562669577669,0.49283683836119496,0.912527094066571
Igbp1b,0.11194783217818965,0.4931801443026802,0.912527094066571
Adh1,0.11190448463122042,0.4933496911601795,0.912527094066571
Sh3bp5,0.11190179615527743,0.4933602076408132,0.912527094066571
Tescl,-0.11181332010374409,0.49370636001218815,0.912740940443773
AK077428,0.11178640151026968,0.4938116996339227,0.912740940443773
Phex,-0.11178244259601573,0.4938271928525586,0.912740940443773
Cryaa,0.11180103430942692,0.4937544362230447,0.912740940443773
Plekhg6,0.11184218882941195,0.4935934013019549,0.912740940443773
Asnsd1,0.11175392697264647,0.4939387958697484,0.9128179220088298
B9d1,0.11159770024533952,0.4945504484668096,0.9129989279716221
Slc25a2,-0.11153568382242683,0.49479335591606954,0.9129989279716221
Carm1,-0.11161412999922593,0.49448610583215796,0.9129989279716221
Ltb,0.11153235974660673,0.494806377394077,0.9129989279716221
Kctd17,-0.11163127732940663,0.49441895739798425,0.9129989279716221
Kl,0.11157214401734758,0.4946505406231442,0.9129989279716221
Nqo1,0.11160417550404433,0.4945250893965859,0.9129989279716221
Tada2a,0.11168557853080212,0.49420634510887185,0.9129989279716221
Clip4,0.11169745000129336,0.49415986924874095,0.9129989279716221
Ifna4,-0.11156241686665548,0.4946886400788483,0.9129989279716221
H2afx,-0.1116061349398099,0.4945174157799472,0.9129989279716221
Secisbp2l,0.11142890341792798,0.4952117334385979,0.9133594218572811
Nfatc1,-0.11143520106434925,0.4951870537353884,0.9133594218572811
Rangrf,-0.11146277128816415,0.4950790165282945,0.9133594218572811
Arfgap3,-0.11138672906162693,0.49537702513937115,0.9135351612554627
Acad9,-0.11135774979032947,0.49549061775716546,0.9136155250972519
Grap2,0.11122321943283706,0.4960181158341659,0.9144589422887864
Ghdc,0.11118363404183675,0.49617338395763255,0.9146159750336413
Gypc,-0.11112505431728108,0.49640319843646774,0.9147811518708471
Sdsl,0.11112512254836764,0.49640293072829916,0.9147811518708471
Hmha1,0.111086864968361,0.49655304741946393,0.9149280875143441
Rcan2,-0.11099651579442361,0.4969076516444093,0.9154522019353235
C76332,-0.11072619924577701,0.49796933622193623,0.9156186117500831
Prss44,0.11069973502875362,0.49807333567184536,0.9156186117500831
Mov10l1,0.11086884044249924,0.4974089659715023,0.9156186117500831
Msc,-0.11083726242419084,0.49753299453889327,0.9156186117500831
BC018473,-0.11072222809750971,0.4979849414179834,0.9156186117500831
Nfatc2,-0.11071651006341007,0.4980074116726688,0.9156186117500831
Rsph6a,0.11083995760064404,0.49752240813853316,0.9156186117500831
Rsrc2,-0.11087826301176364,0.49737196000449946,0.9156186117500831
Cdkal1,0.11074600688889459,0.49789150282548594,0.9156186117500831
Igfbp6,-0.11072298835854494,0.4979819538447985,0.9156186117500831
Rassf9,-0.11088693187588279,0.4973379153119157,0.9156186117500831
Ide,0.11076148928657455,0.4978306694673437,0.9156186117500831
Gdpd2,-0.11082367144035438,0.49758638032986147,0.9156186117500831
Sox21,-0.11074219096792116,0.49790649688174593,0.9156186117500831
Lhx4,0.1107614493093998,0.4978308265407689,0.9156186117500831
Tifa,0.11068769290714552,0.4981206624886076,0.9156186117500831
Tef,0.11066223556861911,0.4982207197763204,0.9156735454029865
Fancg,0.11059978783285948,0.4984662054253294,0.9159451447396517
BC025933,0.11057108035408424,0.4985790760277221,0.9159451447396517
Mak,-0.11057571744442062,0.49856084330573325,0.9159451447396517
Plcd1,-0.11051664420923858,0.4987931396085899,0.9159515449975357
Prelp,-0.11053651904630761,0.4987149789983963,0.9159515449975357
Ambn,-0.11052034696191894,0.4987785775555516,0.9159515449975357
Zufsp,0.11049860317313864,0.49886409372254065,0.9159529420269359
Zfp524,-0.11047649603033027,0.49895104627321424,0.9159837088940873
Nhlh1,0.11035254898527284,0.4994386960995379,0.9162344363001363
Lad1,-0.11036434289817533,0.4993922848147239,0.9162344363001363
Defb7,-0.1103914002873607,0.4992858168174335,0.9162344363001363
Nek2,-0.11035729890877649,0.4994200039959787,0.9162344363001363
Slc39a1,0.11041760737531138,0.4991827052412693,0.9162344363001363
Arnt,-0.11028773686963794,0.49969378167100664,0.9163989964047985
Cep112,0.11025606181168769,0.4998184705498413,0.9163989964047985
Egln1,-0.11010507134674628,0.500413053308185,0.9163989964047985
D9Ertd306e,-0.11016071349820615,0.500193900894434,0.9163989964047985
Cnbp,-0.11004732294912917,0.500640550916327,0.9163989964047985
Npy,-0.1102836849387288,0.49970973125137436,0.9163989964047985
Fam131b,0.11010548269193658,0.5004114330104283,0.9163989964047985
Plbd2,0.11009512539877793,0.5004522313951931,0.9163989964047985
Sesn3,0.11011555174433289,0.5003717715896006,0.9163989964047985
Ndufs4,-0.11020050899664095,0.5000371909085777,0.9163989964047985
Basp1,-0.11012302642786845,0.5003423302310013,0.9163989964047985
Dysf,-0.11004440735753,0.5006520381155497,0.9163989964047985
Cyp2c70,-0.11019210605437106,0.5000702787095764,0.9163989964047985
Actc1,-0.1101155066959148,0.5003719490293246,0.9163989964047985
Ngfr,-0.11007580823702239,0.5005283279085915,0.9163989964047985
Derl3,-0.11026720390415404,0.49977460796626655,0.9163989964047985
Tab1,-0.10999401224790152,0.5008506111533181,0.9166338884908342
Brpf1,-0.10995053867897413,0.5010219419258392,0.9167787443204102
Gnpnat1,-0.10992045217500195,0.5011405305569381,0.9167787443204102
2010111I01Rik,-0.10992373291572845,0.5011275985611312,0.9167787443204102
Ints7,0.10987938663937714,0.5013024160927095,0.9169463453313382
Zc3h14,0.10966135765242432,0.5021623404860727,0.91697682353803
Aste1,-0.10980034478035491,0.5016140808020707,0.91697682353803
Prmt1,0.10984278599232945,0.5014467219446996,0.91697682353803
Rhot1,-0.10968745999243779,0.5020593528829731,0.91697682353803
Carhsp1,0.10979325729249031,0.5016420316146201,0.91697682353803
Slc39a8,0.10979246750135456,0.5016451463482621,0.91697682353803
Cox7a1,-0.10971266517422867,0.5019599148032492,0.91697682353803
Slc5a3,-0.10966212281945513,0.5021593213492347,0.91697682353803
Fam89a,0.10974255827453595,0.5018419946375396,0.91697682353803
Pvrl4,0.10970007786523078,0.5020095723553842,0.91697682353803
Usp17la,-0.10977912361466918,0.5016977726381868,0.91697682353803
Thbs3,-0.10969785652324782,0.502018335906812,0.91697682353803
Dhx40,-0.10964284739283786,0.5022353795269932,0.9169818759546291
Bhmt2,0.10956984388349496,0.5025234921273735,0.9172767532877651
D6Ertd47e,-0.10956630138592613,0.5025374748451401,0.9172767532877651
Mab21l1,0.10950778181741457,0.5027684868896076,0.9174396151140332
Kcnip1,-0.1094687713740222,0.5029225133245332,0.9174396151140332
Zcchc10,0.10946889447113362,0.502922027259396,0.9174396151140332
Bdkrb2,-0.10943685585514946,0.5030485436539893,0.9174396151140332
E130309D02Rik,0.10944192070378907,0.5030285421854724,0.9174396151140332
Ybx1,-0.1094681469637387,0.5029249788941924,0.9174396151140332
1110004F10Rik,-0.10938715682980886,0.5032448293500883,0.917523151009565
Elf2,0.10933625191723079,0.5034459162563021,0.917523151009565
Ddo,-0.10933934481908707,0.5034336974207904,0.917523151009565
Rbm12,0.10938160047426669,0.5032667764213867,0.917523151009565
Vps4b,0.1093486848936045,0.5033967993441638,0.917523151009565
Evx2,0.10931457271275612,0.5035315662873845,0.9175510974003742
Tubgcp3,-0.10925874831702735,0.5037521494444988,0.9178248810529551
Car13,-0.1091107446504831,0.5043371945373628,0.9187625368585854
Serpinh1,0.10907050538789843,0.5044963136725105,0.9189241201999706
Abcf2,-0.10868242541881971,0.5060321569645552,0.9193150842820974
Dscam,-0.10892724969344378,0.5050629908816855,0.9193150842820974
Klk10,0.10881306322539801,0.5055148996535231,0.9193150842820974
Cda,0.10867947025828842,0.5060438608150134,0.9193150842820974
Mdk,-0.1087283887592479,0.5058501369993484,0.9193150842820974
Hnrnpk,-0.10876906669455046,0.5056890742729142,0.9193150842820974
Ywhah,-0.10885780383913583,0.505337809142792,0.9193150842820974
Rrh,-0.10894485223566347,0.5049933438043755,0.9193150842820974
Copg2,0.10882102832741462,0.5054833703056344,0.9193150842820974
Nnt,0.10876964469879516,0.5056867858662007,0.9193150842820974
Dlx2,-0.10872431670742932,0.5058662614998755,0.9193150842820974
D930015E06Rik,-0.10895953067365297,0.5049352699402586,0.9193150842820974
Slc19a1,0.10867804011899354,0.5060495248983298,0.9193150842820974
Cenpo,-0.10898638926614461,0.5048290148187276,0.9193150842820974
M6pr,-0.10889618879276543,0.5051858993108154,0.9193150842820974
Tlk2,0.1087839366056482,0.5056302036283047,0.9193150842820974
Sox18,0.10892206615878436,0.505083501195074,0.9193150842820974
March6,-0.10869397835175215,0.5059864030765815,0.9193150842820974
BC089597,0.10887522458328508,0.5052688631798119,0.9193150842820974
Lsm4,0.1076052096393082,0.5103071091205713,0.91950775231151
Lsm10,-0.10739958661607332,0.5111250976201278,0.91950775231151
Immp2l,0.10780321959264788,0.5095200018428852,0.91950775231151
Cacng7,0.10743778449362043,0.5109730950963757,0.91950775231151
Snx6,0.10739115549733598,0.5111586508749861,0.91950775231151
D2Ertd127e,-0.1083581861843068,0.5073170804729468,0.91950775231151
Fam195a,0.10797424080304181,0.5088406481604689,0.91950775231151
Rhebl1,-0.10814513081741683,0.508162252085862,0.91950775231151
Hyal3,-0.1075653295806313,0.510465706653826,0.91950775231151
Prodh2,-0.10791906622177361,0.5090597724029591,0.91950775231151
Sox7,0.108557519287024,0.5065269592758289,0.91950775231151
Crlf3,-0.10842125845699822,0.507067008751817,0.91950775231151
Enpp5,-0.10818506963806987,0.5080037666262436,0.91950775231151
Tbc1d23,0.10861206342201041,0.5063108597288857,0.91950775231151
Ddx60,0.1084096979869345,0.5071128397526278,0.91950775231151
Zfp932,0.10795709933164488,0.5089087201456839,0.91950775231151
Nle1,0.10751729812218044,0.510656752651689,0.91950775231151
Pawr,0.10803552989039775,0.5085972936547181,0.91950775231151
Lrrc49,-0.10782194758283206,0.5094455866851617,0.91950775231151
Myl4,-0.10744922247102369,0.5109275836679839,0.91950775231151
Capn5,0.1085899726796931,0.506398376127314,0.91950775231151
Tsc2,0.10812769936364845,0.5082314311598055,0.91950775231151
Mfsd6l,-0.10811320268126257,0.508288966658506,0.91950775231151
Tspan3,-0.10798229989315242,0.5088086455251115,0.91950775231151
Ces1e,-0.10741248408691498,0.5110737717078058,0.91950775231151
Cul7,0.10757845257109763,0.5104135157006946,0.91950775231151
F7,-0.10740948804187268,0.5110856943474268,0.91950775231151
Zp3r,0.1081131853802613,0.5082890353258689,0.91950775231151
Rbfox1,-0.1076355521533703,0.5101864569771428,0.91950775231151
AU040096,0.10762130092002954,0.5102431230127686,0.91950775231151
Ssbp4,-0.1085203207404287,0.5066743625551963,0.91950775231151
Hsd17b3,-0.1080644289884066,0.5084825663447631,0.91950775231151
Sec16b,0.10807542391159766,0.5084389205802606,0.91950775231151
Cth,-0.1078189299518406,0.5094575768057341,0.91950775231151
Tenm2,-0.10760481359583705,0.5103086840146915,0.91950775231151
Cdc37,-0.10750842185903237,0.5106920619126729,0.91950775231151
Slc45a3,-0.10827978330404894,0.5076280187029827,0.91950775231151
Cyp7a1,-0.10770483142865206,0.5099110304982152,0.91950775231151
Xk,-0.10774786892092605,0.5097399668208021,0.91950775231151
Gria4,-0.10765614441632301,0.5101045829631168,0.91950775231151
Vsnl1,-0.10767821374527747,0.510016843213296,0.91950775231151
Pmpca,-0.10743809762336105,0.510971849134966,0.91950775231151
Itgb6,0.10824120907321881,0.5077810341364226,0.91950775231151
Wsb2,-0.10856674852094737,0.506490390646074,0.91950775231151
Dnajc2,0.10741005898092164,0.5110834223083511,0.91950775231151
Fkbp4,-0.10779481443318095,0.5095534012164108,0.91950775231151
Adcy2,0.10747863728062328,0.5108105518185779,0.91950775231151
Tmem101,-0.10838809656666486,0.5071984830458869,0.91950775231151
Arfgap1,0.10765429710456087,0.5101119275426509,0.91950775231151
Rnf4,-0.10739245781516264,0.5111534679821852,0.91950775231151
Tesk2,0.10796773678166585,0.5088664763276255,0.91950775231151
Ktn1,0.10769572042742596,0.50994724807969,0.91950775231151
Galk1,0.10824534288399115,0.5077646351590552,0.91950775231151
2010204K13Rik,0.10822894963857782,0.5078296692621638,0.91950775231151
Akp3,-0.10761788576837912,0.5102567028559845,0.91950775231151
Cdk9,0.10749903273575431,0.5107294125790365,0.91950775231151
Ddr2,0.10754221458471891,0.5105576426785978,0.91950775231151
Irx5,0.1085725050007161,0.5064675826198494,0.91950775231151
Nfs1,0.10781623305841666,0.5094682926369556,0.91950775231151
Dnttip1,0.10788444744348386,0.509197283086027,0.91950775231151
Srprb,0.10774006089848902,0.5097709997797114,0.91950775231151
Prtn3,-0.10745529494230645,0.5109034222471383,0.91950775231151
Perp,-0.10826254436590442,0.507696399001879,0.91950775231151
Hoxc4,0.10850633623892032,0.5067297830248657,0.91950775231151
Gsx2,-0.10825401169915343,0.5077302464850454,0.91950775231151
Arpc1a,0.10840187140807742,0.5071438690340346,0.91950775231151
Grwd1,0.10769304409869668,0.5099578871186765,0.91950775231151
Xrn2,0.10808786600913896,0.5083895322502285,0.91950775231151
Pmpcb,-0.1080695557019752,0.508462214969729,0.91950775231151
Ppcs,0.10760714354382372,0.5102994188497513,0.91950775231151
B9d2,-0.10782639592728685,0.509427912079296,0.91950775231151
Ddx42,-0.10736081472371593,0.5112794065618798,0.9195118865578931
Myl10,0.10735516816113214,0.511301881283169,0.9195118865578931
Brd7,0.10725179471896899,0.511713417108161,0.9197505166113905
Yif1a,0.10725101774503197,0.5117165108896233,0.9197505166113905
Casp8ap2,0.10727523751497482,0.5116200760022911,0.9197505166113905
Bnip2,0.10726078133996256,0.5116776345251568,0.9197505166113905
Dnttip2,-0.10723221930454523,0.5117913659012734,0.9197583712499265
Sdcbp2,-0.10721224044212796,0.5118709270906092,0.9197746801990305
Calcrl,0.10716881266329963,0.5120438886291576,0.9199587915079
Pak3,-0.10710363214810924,0.5123035382765437,0.9202028687338116
Dennd1a,-0.10709930479982781,0.5123207787072681,0.9202028687338116
Foxd4,0.10705323173116868,0.5125043539957463,0.9202792507624182
1700019G17Rik,0.10706476253342864,0.5124584072691811,0.9202792507624182
Cmtm2a,0.10702407227359384,0.5126205543452806,0.9203612566939415
Limch1,0.10698077326672653,0.5127931240570198,0.9205444319466298
Faim,0.10696203674284184,0.5128678077617042,0.9205518601764069
Klf6,0.10687192421669621,0.5132270687217318,0.9210700068422334
Cpsf1,0.10683256510330993,0.5133840236010969,0.9212249895449276
Rerg,0.10675271146320783,0.5137025317369199,0.9213510148524907
Pthlh,-0.10672645239535027,0.513807290603232,0.9213510148524907
Cox17,0.10677925932655619,0.513596631134678,0.9213510148524907
Lmo2,-0.10674161951880998,0.5137467810900349,0.9213510148524907
Selm,0.10679679241213827,0.5135266966117304,0.9213510148524907
Nmnat1,-0.10670822836945815,0.51388000019536,0.9213547846316642
Crygn,0.10668525147265502,0.5139716796460494,0.9213925604755184
Vmn1r44,0.10666434498928674,0.5140551048001167,0.9213925906361777
Echdc3,-0.10664985813643515,0.5141129168842065,0.9213925906361777
Fbxw11,-0.1066087900507381,0.5142768225000609,0.9215597716016609
Prr15,-0.10640021642758987,0.5151096401034424,0.9219127271581155
Prmt7,-0.1064015506294651,0.5151043106965975,0.9219127271581155
Thap7,0.10653310694324138,0.5145789445575515,0.9219127271581155
Synpo2,-0.106438721450929,0.5149558441835591,0.9219127271581155
Idua,-0.1064469135129333,0.5149231264600831,0.9219127271581155
Dolk,-0.10651307264008406,0.5146589343983763,0.9219127271581155
Zfp672,0.10640632946785454,0.5150852220668289,0.9219127271581155
Angptl2,-0.10640103709193381,0.515106361995074,0.9219127271581155
Tm4sf4,-0.10645820696098877,0.5148780239488903,0.9219127271581155
E2f3,-0.10638232386243804,0.5151811136614479,0.9219142007910359
Pdcd1,0.1063582367457946,0.5152773394269154,0.9219599619061868
Taf8,0.10617623468661476,0.5160046979000319,0.9223679452782192
Pkd2,0.10621975946023017,0.5158307096385313,0.9223679452782192
Trio,-0.10615969090007334,0.5160708382616506,0.9223679452782192
Ncbp1,-0.10616372963072226,0.5160546914576419,0.9223679452782192
Map2k2,0.10617815300758639,0.5159970289112342,0.9223679452782192
Emilin1,0.10625436644743605,0.5156923897977257,0.9223679452782192
Usp3,-0.10619111933168024,0.515945194072325,0.9223679452782192
Ckmt2,0.10620839653579625,0.5158761297006533,0.9223679452782192
Tcl1b1,0.10611407102561296,0.5162532427907934,0.9224771242167233
8030411F24Rik,-0.1061090523249058,0.5162733112234448,0.9224771242167233
Tas1r3,0.10594909308135457,0.5169131400087708,0.9226777731537683
Snrpc,0.10574082034260858,0.5177467861164808,0.9226777731537683
Kat7,-0.10569244471114704,0.51794050910698,0.9226777731537683
Zfp57,-0.10601361492188403,0.5166550104938255,0.9226777731537683
Ciz1,-0.10596243525074048,0.5168597575754863,0.9226777731537683
Ccr8,0.10579739007831683,0.5175202931134784,0.9226777731537683
Abhd5,0.10591275097827967,0.5170585592117687,0.9226777731537683
Fn1,0.1057572910520084,0.5176808360860414,0.9226777731537683
Taf12,-0.10569227278250233,0.5179411976665915,0.9226777731537683
Krt2,0.10605751928951429,0.5164793994768013,0.9226777731537683
Msi1,-0.10602336026644188,0.5166160280905912,0.9226777731537683
Ell2,0.10571502791004606,0.5178500691003172,0.9226777731537683
Psmb6,0.10578701590839519,0.5175618255168517,0.9226777731537683
Jagn1,-0.10575555173600538,0.5176878002568326,0.9226777731537683
Psmb3,-0.10582724890322727,0.5174007638500995,0.9226777731537683
Nubp1,-0.10590239437158858,0.5171000036805273,0.9226777731537683
1810011O10Rik,0.10591012269241143,0.5170690767840803,0.9226777731537683
Ralgds,0.10573316269997228,0.5177774492881972,0.9226777731537683
Ifna5,-0.10570776600200776,0.5178791503878264,0.9226777731537683
Reg4,-0.10581038109519228,0.5174682865486532,0.9226777731537683
Ssr2,-0.10578957465499997,0.5175515815719243,0.9226777731537683
Mc3r,0.10575142399983978,0.5177043277711014,0.9226777731537683
Vsx2,0.10563363986471168,0.5181760429161082,0.9229701315878099
Erlec1,0.10560920555684288,0.5182739257738725,0.9230184874332281
Cep68,0.1054264971182853,0.5190061270221182,0.9230276067119386
Six5,0.10533229660480102,0.5193838260022912,0.9230276067119386
Gm8479,-0.1054280044751747,0.5190000843031162,0.9230276067119386
Sh2d3c,-0.10557679618254683,0.5184037699921508,0.9230276067119386
C79468,0.10536173535101728,0.5192657767009985,0.9230276067119386
Smek2,0.10532556679267233,0.5194108143218458,0.9230276067119386
Slc6a15,0.1054185031705992,0.5190381738598044,0.9230276067119386
Fndc7,0.10541810510634166,0.5190397696792344,0.9230276067119386
Ewsr1,-0.10538762866462537,0.5191619551084987,0.9230276067119386
Ctnnd1,0.10535776903393015,0.5192816808802678,0.9230276067119386
Tph1,-0.10546541992804923,0.5188501032840884,0.9230276067119386
Pitpnm1,0.10542385335867085,0.519016725453208,0.9230276067119386
Ptov1,-0.10540804606998432,0.5190800966196248,0.9230276067119386
Atp4a,0.10552018063966191,0.5186306303830885,0.9230276067119386
Flad1,-0.10544632047540836,0.5189266614673058,0.9230276067119386
Dtx3,-0.10538807379093325,0.5191601704203392,0.9230276067119386
Drap1,-0.10516247202762607,0.5200650708001934,0.9230330787996998
Trpc1,0.10513169470425364,0.5201885782004074,0.9230330787996998
Elk1,0.1050425839408903,0.5205462523225153,0.9230330787996998
Limk1,-0.10520129666287639,0.5199092899010882,0.9230330787996998
Fbf1,-0.10507922648314988,0.520399161826244,0.9230330787996998
Myg1,-0.10524895721421247,0.5197180858323153,0.9230330787996998
Smo,0.10521901693200113,0.5198381960259433,0.9230330787996998
Saal1,-0.10527765695038456,0.5196029646493839,0.9230330787996998
Gm9905,-0.10527031907328205,0.519632397395213,0.9230330787996998
Etv3,0.10503105684529937,0.5205925284645982,0.9230330787996998
Rbpjl,0.10502510971008644,0.5206164043195487,0.9230330787996998
Nxf7,-0.10507956807425067,0.5203977907039204,0.9230330787996998
Prl8a2,-0.10516354364301478,0.5200607707277969,0.9230330787996998
Acbd6,-0.10518388939327825,0.5199791325100978,0.9230330787996998
Rfx5,-0.10511694123369239,0.5202477878510613,0.9230330787996998
Pdzd9,0.10517359715776142,0.5200204297979605,0.9230330787996998
Arhgef10,0.10506201559262861,0.5204682473304914,0.9230330787996998
Kdm3a,-0.10500381545147656,0.5207018982453822,0.9230592406200233
Smg5,0.10485924880374524,0.521282492041873,0.9238374628078774
Hoxd8,0.10486610585589085,0.5212549465276838,0.9238374628078774
Kcne4,0.10481352445820626,0.5214661892613017,0.9240375208678335
Gng4,0.10477629137414332,0.5216157955296652,0.9241771236750307
Rpn1,-0.10474701905188052,0.521733428917303,0.9242600480507586
Sap30bp,0.1046525302479281,0.5221132260653614,0.9243721358357395
Clnk,0.1046431607555039,0.5221508938037578,0.9243721358357395
Dlc1,0.10470618233664505,0.5218975557951676,0.9243721358357395
Cma1,0.10466065703317343,0.5220805553659611,0.9243721358357395
Wwp2,0.10466031942840007,0.5220819125603897,0.9243721358357395
Zfp148,0.10461917224340363,0.5222473395688222,0.9244174625655942
Camk1,-0.10455205683830336,0.5225172216571843,0.9245262599178773
Wfdc2,-0.10456036589601178,0.522483805994454,0.9245262599178773
Asb10,0.10455102896395697,0.5225213554214381,0.9245262599178773
Rnpc3,0.10451930240759472,0.5226489565400937,0.9246266586078745
Ahnak,0.10443190293114753,0.5230005448439493,0.9248724908075207
Tmsb10,-0.10444234784380262,0.5229585214498285,0.9248724908075207
Sil1,0.10446281220209533,0.5228761910816144,0.9248724908075207
Exoc1,0.10440018433346693,0.5231281691964662,0.9249728292472477
Trim32,-0.10437794638598553,0.523217655553083,0.9250057156634846
Efcab4a,0.10435966265690014,0.5232912353955171,0.9250104755724876
Bloc1s3,0.10430820561235103,0.5234983419702809,0.925044632753471
Nrp2,0.10430993755195486,0.5234913705546582,0.925044632753471
Ago2,-0.10429041154754673,0.5235699693037728,0.925044632753471
Bmf,0.10428441242820231,0.5235941188993132,0.925044632753471
Arhgap29,-0.10413277500494039,0.5242047133779759,0.9252871511994977
Etfdh,-0.1040914453091324,0.5243711927802504,0.9252871511994977
Zmym3,-0.10413898171376705,0.5241797143980954,0.9252871511994977
Gys1,-0.10416242605939816,0.5240852918520267,0.9252871511994977
H2-Q5,-0.1041325261658358,0.524205715647725,0.9252871511994977
BC002288,0.1040737917250825,0.5244423104575143,0.9252871511994977
Tmprss3,0.10405664649305131,0.5245113845829323,0.9252871511994977
Slc25a48,0.10416082464028699,0.5240917413426385,0.9252871511994977
Zfp395,-0.1041637195879692,0.5240800823746541,0.9252871511994977
Dnajb7,0.10409486306401318,0.5243574248384588,0.9252871511994977
Gm7008,0.10410334068949788,0.5243232746595345,0.9252871511994977
Bcat2,0.10386235858587095,0.5252944244540685,0.9253675547033898
Tbc1d24,-0.10392212948515706,0.5250534708147907,0.9253675547033898
Mfsd10,0.10389632615344814,0.5251574850626443,0.9253675547033898
Znrd1as,0.10385422557114865,0.5253272149910826,0.9253675547033898
Spats2l,0.10385179233332116,0.5253370254611627,0.9253675547033898
Ift81,0.10395156638989718,0.5249348213361424,0.9253675547033898
Edem2,0.10399228186987924,0.5247707328253901,0.9253675547033898
D3Ertd229e,0.10389984418696908,0.525143303159715,0.9253675547033898
Ifnz,0.1039287688014406,0.5250267090379759,0.9253675547033898
Inpp5k,0.1038623343102309,0.5252945223267078,0.9253675547033898
Coa3,-0.10388554355159982,0.5252009530292656,0.9253675547033898
Gprasp1,-0.10376707299222837,0.5256786555891236,0.9257239439474487
Nxph3,-0.1035647715541823,0.5264948571108088,0.9257239439474487
Fam32a,0.1035706179684835,0.5264712609281381,0.9257239439474487
Pias1,0.1035378592207459,0.5266034819466558,0.9257239439474487
Uhrf1bp1l,-0.10373011245732636,0.5258277314093138,0.9257239439474487
Tgs1,0.10369601632078304,0.5259652716540486,0.9257239439474487
Wdr48,0.10357874705947537,0.5264384526667467,0.9257239439474487
Ubl5,-0.10369258736220867,0.5259791046499073,0.9257239439474487
Fcgbp,-0.10370356216246529,0.5259348310613935,0.9257239439474487
Carf,-0.10354148698148537,0.5265888387929658,0.9257239439474487
Mpv17,0.10364853018145188,0.5261568539463054,0.9257239439474487
Rnf11,0.10373712026634639,0.5257994647370524,0.9257239439474487
Gab2,-0.10356245800720741,0.5265041947451896,0.9257239439474487
Gzmg,-0.10357178768135251,0.5264665400157309,0.9257239439474487
Ppargc1a,0.10358396791021489,0.5264173823013338,0.9257239439474487
Aipl1,-0.10348285725923578,0.5268255162071445,0.9259895152191578
Serhl,0.10345282650424352,0.5269467641875814,0.9260637262769177
Mal,0.10343724634063049,0.5270096736403089,0.9260637262769177
B4galt3,-0.10335853135188404,0.5273275622471931,0.9261234669937581
Lysmd2,-0.10337885341202507,0.5272454834768562,0.9261234669937581
Tmem222,-0.10337833646399656,0.5272475713039754,0.9261234669937581
Npepl1,-0.10337607978039705,0.5272566855445684,0.9261234669937581
Mrpl2,0.10268394383976048,0.5300555513081744,0.9263581451485483
P2rx4,-0.10307987436540399,0.5284536343091868,0.9263581451485483
Stac,-0.10278298141382132,0.5296546370652894,0.9263581451485483
Fgl2,0.10304501067636747,0.5285946001066575,0.9263581451485483
Fgfr1op2,-0.10304660008791125,0.5285881731900592,0.9263581451485483
Syt13,-0.10302579246150088,0.5286723134389821,0.9263581451485483
2310014L17Rik,-0.10318640672343635,0.5280229967609393,0.9263581451485483
Arap1,0.10297123209917014,0.5288929701344061,0.9263581451485483
Aplnr,0.10300597844140985,0.5287524416496046,0.9263581451485483
AA545190,0.10273874404073224,0.529833696959169,0.9263581451485483
Cideb,0.10294235793400636,0.5290097624214791,0.9263581451485483
Igh-VJ558,-0.10301747027616026,0.5287059677955451,0.9263581451485483
AA589418,-0.10271147811030923,0.5299440755308209,0.9263581451485483
Peli1,0.10313194382820283,0.528243132489139,0.9263581451485483
Tmem230,-0.10270937907306588,0.5299525733475474,0.9263581451485483
Nrsn1,-0.10317690806152695,0.5280613866818782,0.9263581451485483
Stk31,-0.10284153602172502,0.529417668731754,0.9263581451485483
Scrib,0.10272345737902644,0.5298955794539018,0.9263581451485483
Atxn7l1,0.10304776492435003,0.5285834631011352,0.9263581451485483
Ebf1,-0.10288961257586295,0.5292231417752726,0.9263581451485483
Ccdc91,-0.10278781243172035,0.529635084237557,0.9263581451485483
Hnrnpm,-0.10291309222364099,0.5291281507743675,0.9263581451485483
Sftpa1,0.1031214961361733,0.5282853663436347,0.9263581451485483
I54,-0.10277657845378822,0.5296805526155388,0.9263581451485483
Msmb,0.10283630699812349,0.5294388283802813,0.9263581451485483
Myog,0.10271462066367511,0.5299313532255077,0.9263581451485483
Arhgef28,-0.10311743984332014,0.52830176396868,0.9263581451485483
Prkra,0.10299680785985509,0.5287895295512515,0.9263581451485483
Commd9,0.10321863816471899,0.5278927394818207,0.9263581451485483
Plxdc2,0.10280020219317426,0.5295849400602639,0.9263581451485483
Cuedc2,0.10286397404803292,0.5293268760130798,0.9263581451485483
Myh3,-0.10271251472273286,0.5299398788958586,0.9263581451485483
Tor3a,0.10271898163992448,0.5299136984964901,0.9263581451485483
Osgin2,0.10300984957743707,0.528736786267356,0.9263581451485483
Scaf4,-0.1031623182946046,0.5281203554296675,0.9263581451485483
Itfg2,0.10267596824540334,0.5300878434994414,0.9263581451485483
Sf3b5,0.10306107941645948,0.5285296265167607,0.9263581451485483
Il1f5,-0.10264907825671162,0.5301967244987493,0.9264243516315185
LOC102643033,-0.10259950009717868,0.5303975001868332,0.9266510884908269
Polr2e,-0.10257708178655543,0.5304882988311994,0.9266856507962946
Rprd1a,0.10249914392737354,0.530804019228484,0.926813619396435
Sprr2f,-0.10248886670907524,0.5308456580097292,0.926813619396435
Dmrt2,-0.10253724134261312,0.5306496785118606,0.926813619396435
Elmo2,-0.10251111905503213,0.5307555031863347,0.926813619396435
Pde6b,0.10239079405790441,0.5312430820497938,0.926980881389315
Btrc,0.10243094669782397,0.5310803529955248,0.926980881389315
Ubxn6,0.10241437579341651,0.5311475080925356,0.926980881389315
Zfp654,0.10237856804059513,0.5312926357949195,0.926980881389315
Gm11567,-0.10237757717697632,0.5312966519971405,0.926980881389315
Ccl12,0.10235328068375503,0.5313951358026023,0.927000922766362
Dixdc1,0.10226043194413474,0.5317715688222389,0.927000922766362
Map2k4,-0.10226472207809913,0.531754172761413,0.927000922766362
Gla,-0.10226274075222891,0.5317622068051577,0.927000922766362
Lmnb2,-0.10223761368561626,0.5318640990176644,0.927000922766362
Ptgfr,0.10230759298026437,0.5315803501443055,0.927000922766362
Wasf3,-0.1022345659018835,0.5318764586368114,0.927000922766362
E4f1,-0.10225170629749702,0.531806951258245,0.927000922766362
Lpar2,-0.10212925120335926,0.5323036215206746,0.9271781164076591
Pde1a,-0.10216973759934693,0.5321393873106293,0.9271781164076591
Glra3,0.10214451828857143,0.5322416873855812,0.9271781164076591
Sumo3,-0.10215530593208255,0.5321979270694909,0.9271781164076591
Cnnm4,-0.10210439901993516,0.5324044467961215,0.9271781164076591
Ufc1,-0.10211196395309151,0.5323737549308448,0.9271781164076591
B230219D22Rik,0.10203413298900395,0.5326895640955367,0.9274660544011732
Igdcc3,0.10202861979275726,0.5327119379061073,0.9274660544011732
Snx30,-0.10199668876751455,0.5328415299067587,0.9275049849730912
Xpnpep1,-0.10198808375374409,0.5328764558466752,0.9275049849730912
Mbnl3,0.10196627997315862,0.532964957572034,0.9275353069295107
Pramel1,0.10190083172050009,0.5332306536326888,0.9276265563595463
Cnot3,0.10192714376187749,0.5331238289273856,0.9276265563595463
Sfxn2,0.10191457727685552,0.533174846572359,0.9276265563595463
Ehd3,0.10179381492737508,0.5336652354829843,0.927824825582616
Cstf2,0.1018183086874031,0.5335657548546299,0.927824825582616
Syt10,0.10178522110306497,0.5337001410700526,0.927824825582616
Tceb2,0.10181649741780763,0.5335731109734148,0.927824825582616
Faf1,0.10179208145715951,0.5336722762437975,0.927824825582616
Mptx1,-0.1017628456302911,0.5337910286374198,0.927859215757252
Oprd1,0.10153815882059015,0.5347040888471898,0.9280358771118994
Edem3,-0.10147881532298988,0.5349453640412496,0.9280358771118994
Thbs4,-0.10156025335375887,0.5346142711356333,0.9280358771118994
Samsn1,-0.10169262195145505,0.5340763188847939,0.9280358771118994
H13,0.10164486390937379,0.5342703808353808,0.9280358771118994
Grpel1,0.10152733140281694,0.5347481065395523,0.9280358771118994
Ldb2,-0.10160870032379483,0.5344173511837075,0.9280358771118994
Prss16,0.10163723604497138,0.5343013792385903,0.9280358771118994
Lalba,-0.10162128749356819,0.5343661942616786,0.9280358771118994
Arfip2,0.10170427414254081,0.5340289758713378,0.9280358771118994
Cdh13,-0.10147535106984745,0.5349594503514221,0.9280358771118994
F11r,0.10150502753677668,0.5348387857857351,0.9280358771118994
Rad51b,0.10156473353033164,0.5345960593753433,0.9280358771118994
Kcnk2,-0.10165408644292825,0.534232903070669,0.9280358771118994
Cd36,-0.101508768865224,0.5348235744341123,0.9280358771118994
Hipk1,0.10138624587643257,0.5353218280755037,0.9281460255272889
Jup,-0.10138390117187979,0.535331365180584,0.9281460255272889
Spt1,-0.10136918392573005,0.5353912294992167,0.9281460255272889
Fggy,0.10139083266985775,0.5353031714832196,0.9281460255272889
Notch4,0.10141897765416104,0.5351886995250468,0.9281460255272889
Syt1,-0.1013548073476482,0.5354497111019565,0.9281460255272889
Clpp,-0.10118890847346262,0.5361247751085207,0.9282348932088879
Sox17,0.10120474492419872,0.5360603175314327,0.9282348932088879
Nhej1,-0.10116740000457004,0.5362123246998695,0.9282348932088879
Fbxo6,0.10122246722016555,0.5359881884356621,0.9282348932088879
Kcna4,-0.10122694132178538,0.5359699797164517,0.9282348932088879
D13Ertd37e,0.101226883731655,0.5359702140952073,0.9282348932088879
Pitx2,0.10122604961285327,0.5359736087746786,0.9282348932088879
Tmem128,0.10118284163062823,0.5361494693440676,0.9282348932088879
Prkacb,0.10120492726685185,0.5360595753806265,0.9282348932088879
Rnf183,0.10122928577182555,0.5359604383773575,0.9282348932088879
Xist,0.101120737241092,0.536402286861333,0.9284405678808242
Fezf2,-0.10105479687245486,0.5366707804396509,0.9285910640603434
Gldc,0.10107356980759731,0.5365943351597959,0.9285910640603434
Ethe1,0.10104695350591528,0.5367027209091203,0.9285910640603434
Upp2,-0.10102851972453428,0.5367777920894308,0.9285978269885964
Slc38a10,0.10098928745509363,0.5369375808337201,0.9287511257024408
Mrps24,0.1009676298740515,0.5370257992151295,0.9287556253834433
Serpina1b,-0.10095370307028854,0.5370825311628066,0.9287556253834433
Selk,0.10091697053303114,0.537232177377998,0.9287682409387249
Xrcc5,-0.10092105620044271,0.5372155316546298,0.9287682409387249
Ppp1r14b,0.10089482364139711,0.5373224118349778,0.928789457053826
Cmklr1,0.10085307469087504,0.5374925312232557,0.928789457053826
Usp8,-0.10086232702135578,0.5374548275112581,0.928789457053826
Best2,0.10083440684698547,0.5375686073459542,0.928789457053826
Lmod2,-0.10081884363034149,0.5376320351398445,0.928789457053826
Zic2,-0.10080915768770275,0.5376715118847882,0.928789457053826
Tyro3,-0.10071507563428451,0.5380550293145319,0.9293289315056686
Robo4,-0.10068749935591911,0.5381674655771216,0.9293347759167542
Fkbp11,0.10066292417801533,0.5382676746442785,0.9293347759167542
Fbxl15,-0.10062691888454191,0.5384145073132548,0.9293347759167542
Snx17,0.10066115884582232,0.5382748733892526,0.9293347759167542
Slc16a1,0.10063211714820076,0.5383933072076998,0.9293347759167542
Lrrc57,0.10056912203165966,0.5386502464609592,0.9296187099681333
Baz2b,0.10048426779101978,0.5389964322616685,0.9298927512597054
2610528A11Rik,0.10042541355347827,0.5392366042441712,0.9298927512597054
Zfp605,-0.10044000654581658,0.5391770486603371,0.9298927512597054
Gprc5b,-0.100501306766757,0.538926908928031,0.9298927512597054
Ccr4,-0.10045335817100072,0.5391225618859476,0.9298927512597054
Chrm3,0.10047719976624983,0.5390252728047825,0.9298927512597054
Zswim7,0.10036827734701782,0.5394698124605138,0.9299262328662147
Stard3nl,-0.10037706614981524,0.5394339368942733,0.9299262328662147
Six2,0.10039230096987538,0.539371751529051,0.9299262328662147
Sds,-0.10034252477365434,0.5395749398351526,0.9299845977953912
Krtap8-1,-0.09977610644199011,0.5418895602657425,0.9301769726857205
Akap9,-0.10007420440417908,0.5406708404420433,0.9301769726857205
Hdac1,0.10007056662338787,0.5406857052541947,0.9301769726857205
Rad17,0.10008225681063282,0.5406379371185459,0.9301769726857205
Mettl21a,-0.09969960498529633,0.5422025258229761,0.9301769726857205
2310075K07Rik,0.10018328856039457,0.5402251847118933,0.9301769726857205
Vamp2,0.09988161952461627,0.5414580449368249,0.9301769726857205
Cyb5r1,-0.09974173183800082,0.542030175659441,0.9301769726857205
Ggct,-0.09974289213823738,0.5420254289732397,0.9301769726857205
Pold1,-0.09974381208519822,0.5420216655647014,0.9301769726857205
Pvr,0.10023064378954433,0.5400317708438913,0.9301769726857205
Nppa,0.10009902641436616,0.5405694169932915,0.9301769726857205
Rcan1,0.09972287770905403,0.5421073089151096,0.9301769726857205
Il9r,0.1002916605531006,0.5397826059064459,0.9301769726857205
Cntnap1,-0.09987067626508515,0.5415027920918563,0.9301769726857205
Ebpl,-0.10023793670955863,0.5400019870634198,0.9301769726857205
Acad11,-0.1000280448634366,0.540859472915023,0.9301769726857205
F13a1,-0.10016516042434387,0.5402992342391337,0.9301769726857205
Gpr27,-0.09993507466031111,0.5412394904807742,0.9301769726857205
Col11a2,-0.09968732824205852,0.5422527573929248,0.9301769726857205
Snrnp25,0.10018347118526466,0.5402244387524311,0.9301769726857205
Actrt2,-0.09994951345205363,0.5411804635864378,0.9301769726857205
Yes1,0.09971905370532022,0.5421229537342547,0.9301769726857205
Smarcb1,0.09987512116208133,0.5414846166355068,0.9301769726857205
Aacs,-0.09999950689162043,0.5409761093997614,0.9301769726857205
Lmbr1l,-0.10005940582796106,0.5407313120134556,0.9301769726857205
Stk10,-0.09985941730056923,0.5415488319415204,0.9301769726857205
Slc26a3,0.0999183368035176,0.5413079198314172,0.9301769726857205
Psg-ps1,0.10011443746383904,0.5405064514036366,0.9301769726857205
Cckar,0.0999582887833968,0.5411445907999928,0.9301769726857205
Grid2,-0.09983539771678017,0.5416470581730449,0.9301769726857205
Fam207a,0.0997761144724143,0.5418895274178288,0.9301769726857205
Rnd2,0.10017071430199793,0.5402765473502357,0.9301769726857205
Rab27b,0.10000590425439781,0.5409499619708258,0.9301769726857205
Cog4,-0.10010683928522711,0.5405374951882351,0.9301769726857205
Exoc6,-0.09970051594160813,0.5421987986356827,0.9301769726857205
Tmpo,0.09964608733688333,0.5424215144653173,0.9303441564482026
Pnkp,0.09904333446413623,0.5448907127486704,0.9306400088541799
2610524H06Rik,-0.09922423668898848,0.5441491015709371,0.9306400088541799
Ednra,0.09953872458956971,0.542860953886305,0.9306400088541799
Atox1,0.09900278694346472,0.5450570011802321,0.9306400088541799
Bmx,-0.09901499418822225,0.545006935913477,0.9306400088541799
Pqlc2,0.09924938348085444,0.5440460485026978,0.9306400088541799
Stard8,-0.0993987406613201,0.5434341578000532,0.9306400088541799
Asb17,-0.09892515448111171,0.5453754423869962,0.9306400088541799
Tff1,0.09892593995842863,0.5453722200062588,0.9306400088541799
Epha8,-0.09931595016994729,0.5437732972966791,0.9306400088541799
Serpinb7,-0.09928820016336264,0.5438869929246937,0.9306400088541799
Doc2g,-0.09913381570471731,0.5445197259477303,0.9306400088541799
Apex1,-0.09949320628852931,0.5430473110859112,0.9306400088541799
Eps8l2,-0.09932131142843582,0.5437513327301691,0.9306400088541799
Svil,0.09924819303498744,0.544050926820302,0.9306400088541799
Dync1li1,-0.09922843204185558,0.5441319081417397,0.9306400088541799
D7Bwg0826e,0.09893075730726351,0.5453524572677915,0.9306400088541799
Pold4,0.09910657350761967,0.5446314109381449,0.9306400088541799
Itgb4,0.09951716321627851,0.5429492249944463,0.9306400088541799
Pkmyt1,-0.099229651044526,0.5441269124616739,0.9306400088541799
Cpeb3,0.09936793162876031,0.5435603513158567,0.9306400088541799
Col5a2,-0.09903615764884537,0.5449201437200668,0.9306400088541799
Tob2,-0.09922135072505682,0.5441609289959888,0.9306400088541799
Rhag,0.09908260478628596,0.5447296842967049,0.9306400088541799
Abhd14a,-0.0994822140812108,0.543092318849008,0.9306400088541799
Cmtm8,0.09940757779733066,0.5433979634471933,0.9306400088541799
1810043G02Rik,0.09917511352722458,0.5443504369936807,0.9306400088541799
Cml5,0.09899117146928672,0.5451046413829252,0.9306400088541799
Wnt5a,0.09915584067279186,0.5444294377137084,0.9306400088541799
Pla2g7,-0.09906821696932942,0.5447886791981733,0.9306400088541799
Phb2,-0.09893597853028585,0.5453310380410792,0.9306400088541799
Dpp8,-0.09941886506753002,0.5433517356585538,0.9306400088541799
Pcsk5,0.09922442415016215,0.5441483333107302,0.9306400088541799
Tmem170,-0.09943969373408461,0.5432664351546452,0.9306400088541799
Slc39a13,-0.09917476607463155,0.5443518611787226,0.9306400088541799
Tril,-0.09918678149771963,0.5443026117486729,0.9306400088541799
Sox10,0.0991372827557379,0.5445055128098051,0.9306400088541799
Hibch,-0.0993717651084034,0.5435446486876834,0.9306400088541799
Eepd1,0.0991706336732468,0.5443687997474216,0.9306400088541799
Tub,0.09871516302779923,0.5462372331912175,0.9308400984961145
Tcirg1,0.09848330674098554,0.5471894761411085,0.9308400984961145
Lamtor1,0.09846549638854617,0.547262655196055,0.9308400984961145
Ube2v2,0.09868272637025291,0.546370406371165,0.9308400984961145
Adarb1,-0.0987667791471107,0.5460253465894216,0.9308400984961145
6820431F20Rik,-0.09861922648866266,0.5466311567345712,0.9308400984961145
Ppp6c,0.09828156941206517,0.5480186334536026,0.9308400984961145
Ripk2,0.09827133065078919,0.5480607308411103,0.9308400984961145
Ovca2,-0.09872825173884878,0.5461834998691386,0.9308400984961145
Lum,0.09829004088888403,0.5479838034916211,0.9308400984961145
Adad1,-0.0986666268483219,0.5464365106769096,0.9308400984961145
Pde4dip,0.09834566565468257,0.5477551306459101,0.9308400984961145
Lipg,-0.09834557053477913,0.5477555216458254,0.9308400984961145
Nudc,0.09852043279348979,0.5470369471879988,0.9308400984961145
Gpr37,-0.0984573949364711,0.5472959438607805,0.9308400984961145
Ucp1,0.09872588969468951,0.5461931966335504,0.9308400984961145
Mplkip,0.09877100958652821,0.5460079820980166,0.9308400984961145
Grcc10,0.09833865825873096,0.5477839355903664,0.9308400984961145
Cops4,-0.09870361119813838,0.5462846591279191,0.9308400984961145
Syt8,-0.09863463417510045,0.5465678827498024,0.9308400984961145
Taf6l,-0.09858071401684247,0.5467893285916162,0.9308400984961145
Btf3,0.09879045084150476,0.5459281857044108,0.9308400984961145
Ggnbp1,-0.09863887338165478,0.5465504743949685,0.9308400984961145
Impdh1,-0.09835164215206878,0.5477305639077241,0.9308400984961145
Rasl2-9,-0.0987196785296219,0.5462186953477275,0.9308400984961145
Vrk2,-0.09856944949387125,0.5468355962588398,0.9308400984961145
Nr2f6,0.09861209997869204,0.5466604239495173,0.9308400984961145
Camk4,-0.09849870447215096,0.5471262136376538,0.9308400984961145
Sipa1l2,-0.09860675936156958,0.5466823573115793,0.9308400984961145
Gm9885,-0.0985702727312676,0.5468322148503084,0.9308400984961145
Galnt16,-0.09831447020861864,0.5478833694633815,0.9308400984961145
Gna11,0.09846710834681616,0.54725603180959,0.9308400984961145
Rem1,-0.09828692461074137,0.5479966157627842,0.9308400984961145
Cpb1,0.09833082723036433,0.5478161270134054,0.9308400984961145
Pts,0.09839475084949546,0.5475533779556074,0.9308400984961145
Vmn1r47,0.09827414491990044,0.5480491596291481,0.9308400984961145
Gucy1a3,0.09815950285589017,0.5485206143494548,0.9313787243521191
Ankrd6,0.09816807319192893,0.5484853632785457,0.9313787243521191
Plekha4,0.09808916965981522,0.5488099441420691,0.9317487589266016
Socs2,0.09806791502490815,0.5488973930001193,0.9317759960008529
Calu,-0.09804621050742685,0.5489866993555736,0.9318063787579188
Tmco1,-0.09802125180812873,0.5490894036600531,0.9318594912680496
Zdhhc7,0.09798097827627232,0.549255146425732,0.9320195586098019
Pcdhb21,0.09793538156250362,0.5494428237435525,0.932216799769811
Nxf1,-0.09790119137849804,0.5495835705495302,0.9323343749481046
Tdp1,-0.09786812687301245,0.5497196989499105,0.932444085739943
Olfr66,-0.09782432747883772,0.5499000470107747,0.9326287644194955
3632451O06Rik,-0.09778823498015789,0.5500486813632077,0.9327596157385962
5330417C22Rik,-0.09770361680805205,0.5503972230969396,0.9328003979151341
Tmem59,-0.09771806921250192,0.550337686650588,0.9328003979151341
Tyw5,0.09769562346313125,0.5504301528045469,0.9328003979151341
Mpo,-0.09772954514044528,0.5502904138284326,0.9328003979151341
Rrp15,0.0977056010408394,0.5503890489093566,0.9328003979151341
Sema3b,0.09763266220198193,0.550689561747376,0.9331188275862239
Mef2d,0.09755781874152575,0.5509979989244251,0.9331234361503732
Bsnd,-0.09755363573754695,0.551015239796112,0.9331234361503732
1810030O07Rik,-0.09754804758046216,0.5510382725956191,0.9331234361503732
Gm9706,0.09760185380457885,0.5508165166850569,0.9331234361503732
D12Ertd123e,0.09752789566746882,0.5511213366856408,0.9331234361503732
Prl5a1,0.09753550087162585,0.5510899881595607,0.9331234361503732
Serpinb5,0.09749440702022383,0.5512593859312167,0.9331270760958489
Nfx1,-0.09745818650632992,0.5514087142678157,0.9331270760958489
Copb1,0.09748249178350257,0.5513085075250851,0.9331270760958489
Stk4,-0.09744064653452411,0.5514810338609232,0.9331270760958489
Med21,-0.09744223614904403,0.5514744794961085,0.9331270760958489
Col7a1,-0.09742103876564309,0.5515618843262817,0.9331428793690718
Snip1,0.0973856449298691,0.5517078404530882,0.9332688112616473
Pnliprp2,-0.09736111564317293,0.5518090038886698,0.9333189490269932
Mcpt-ps1,0.09731303269092782,0.552007331423997,0.9335333939543465
Plod2,-0.09729340484392492,0.5520882995676117,0.9335493353709687
Pwp1,0.09723197157690444,0.5523417567000926,0.9337053827898127
Sprr2j-ps,-0.09714965370978898,0.5526814603930197,0.9337053827898127
Man1a2,0.09717179808298448,0.5525900672550919,0.9337053827898127
Pask,0.09716452689015295,0.5526200758027018,0.9337053827898127
Smarcad1,-0.09717314701080626,0.5525845002487191,0.9337053827898127
Foxo3,-0.09715225699339729,0.5526707158987619,0.9337053827898127
Zfp119a,0.09722941016658013,0.5523523255305185,0.9337053827898127
Psmc1,-0.09706487943333283,0.5530313995119904,0.9339577501455106
A230046K03Rik,0.09706144907704817,0.5530455617575569,0.9339577501455106
Tspan2,-0.09709026450812802,0.552926602168221,0.9339577501455106
Rag1,0.09703050411338399,0.5531733256078861,0.9340526301575189
Proser2,-0.09700982282208227,0.5532587207939019,0.9340759538930814
Ireb2,0.09675776532055129,0.5542999694383783,0.9341582415478813
Duoxa1,0.09675675169133284,0.5543041585165586,0.9341582415478813
Aak1,-0.09681239074371736,0.5540742371848776,0.9341582415478813
Ly6g6d,0.09676767971872036,0.5542589964406495,0.9341582415478813
Pspc1,-0.09684358901238826,0.5539453330823259,0.9341582415478813
Srpx2,-0.0969136842693293,0.5536557647900369,0.9341582415478813
Tmem71,-0.09687800771017768,0.5538031385712452,0.9341582415478813
Nipsnap1,-0.09680724178339255,0.5540955128080245,0.9341582415478813
Myo1c,-0.09676590512050166,0.5542663301803938,0.9341582415478813
Asrgl1,0.09695058377279557,0.5535033578217597,0.9341582415478813
AA511254,-0.09675541103044034,0.5543096991574255,0.9341582415478813
Ighm,0.09688853582978477,0.5537596468673437,0.9341582415478813
Hoxd11,-0.09679946382898165,0.5541276521928358,0.9341582415478813
Sptan1,-0.09679907322797916,0.5541292662223565,0.9341582415478813
AA672641,-0.09673084438455569,0.5544112318253369,0.934208698875106
Ibtk,-0.09660031333431027,0.5549508501456986,0.9344919154128597
Trem3,-0.09663738131539713,0.5547975862714991,0.9344919154128597
Pdgfd,0.09649967245954418,0.5553670629187468,0.9344919154128597
Sigirr,-0.09653761618744924,0.5552101254767912,0.9344919154128597
Cacng3,0.09651534228087215,0.5553022492206634,0.9344919154128597
Polm,-0.0966241413033639,0.5548523271688545,0.9344919154128597
Exo1,0.09657626871765905,0.5550502768795352,0.9344919154128597
Prl8a9,0.09655120963826863,0.5551539070306375,0.9344919154128597
Khdc1b,-0.09652144673933474,0.5552770008080588,0.9344919154128597
Ap3m2,-0.09662402982196079,0.5548527880995939,0.9344919154128597
Inpp5j,-0.09655204230294628,0.5551504634617661,0.9344919154128597
Ifngr1,-0.09602430737624043,0.5573348868366383,0.9345743544472743
Icam5,-0.09547265085451583,0.5596224328991367,0.9345743544472743
Gna12,-0.09638438430922741,0.5558440235567743,0.9345743544472743
Ears2,-0.09632008759028446,0.5561101064842786,0.9345743544472743
Ccdc90b,0.09607292355142813,0.5571334918137973,0.9345743544472743
Wdr86,-0.0952873434085434,0.5603917831594796,0.9345743544472743
Ddx50,0.09510190012831096,0.5611621687935711,0.9345743544472743
Phf3,0.09575537215060487,0.55844955344477,0.9345743544472743
Mrpl28,-0.09541668180652493,0.5598547527405406,0.9345743544472743
Rbm15b,0.0956873690506399,0.5587315663628182,0.9345743544472743
Exosc5,0.09505416566744468,0.5613605479467956,0.9345743544472743
Dhx58,-0.09626954030533438,0.5563193294287397,0.9345743544472743
Epdr1,-0.09543174406400196,0.5597922271460322,0.9345743544472743
Timm23,-0.09598969843696166,0.5574782760200048,0.9345743544472743
Rpl39,0.09643001634408861,0.555655216477554,0.9345743544472743
Gtf3c4,-0.0958153082923675,0.5582010474484915,0.9345743544472743
Zfp160,0.09617991791699365,0.5566903769707638,0.9345743544472743
Tfeb,-0.09524872995396501,0.5605521558924044,0.9345743544472743
Cdx1,-0.09523196667370505,0.5606217849586798,0.9345743544472743
Cldn11,-0.09508709045046018,0.561223712842746,0.9345743544472743
AA414903,-0.09634157368140679,0.5560211829607532,0.9345743544472743
Cldn13,0.09512668159398156,0.5610591920600227,0.9345743544472743
Pcolce2,0.09546754503176512,0.5596436246861336,0.9345743544472743
Rspo1,-0.09585826509610403,0.5580229712601463,0.9345743544472743
Myof,-0.09592141675376395,0.5577612240360479,0.9345743544472743
Pcsk6,-0.0955773864393289,0.5591878054381662,0.9345743544472743
Rnaseh2c,-0.09585292078324725,0.5580451245705461,0.9345743544472743
Runx1,-0.09552896830706625,0.5593887102991781,0.9345743544472743
Acot4,0.09633034267600238,0.5560676634241292,0.9345743544472743
Clk1,0.09555803607760921,0.5592680934301995,0.9345743544472743
Zfp472,0.09537132155179506,0.5600430684838765,0.9345743544472743
Cct3,0.09621978829983566,0.556525295059616,0.9345743544472743
Ezh1,-0.095430881242778,0.5597958087567838,0.9345743544472743
Ccr5,-0.09508738338905919,0.5612224954591601,0.9345743544472743
Neurog1,-0.09536340632909727,0.5600759318861179,0.9345743544472743
Odf1,0.09571329734530803,0.5586240326712083,0.9345743544472743
Dlg2,-0.09629476967541824,0.5562148967936009,0.9345743544472743
Fam107b,-0.0964516623178038,0.5555656641810756,0.9345743544472743
Gpr125,0.09523694352950725,0.5606011123601751,0.9345743544472743
Xpo4,-0.09544259662149863,0.5597471785513733,0.9345743544472743
Sccpdh,0.09586163946526394,0.5580089839868214,0.9345743544472743
Sucnr1,0.09549653312814758,0.5595233139503906,0.9345743544472743
Tubgcp5,0.09535010567367788,0.5601311571311178,0.9345743544472743
Ppp1r14d,0.09584555851916547,0.5580756433609981,0.9345743544472743
3110057O12Rik,0.09638888331957554,0.5558254071747779,0.9345743544472743
Sec1,-0.09517876672558212,0.5608427852792885,0.9345743544472743
Sec14l2,0.09609948264468145,0.5570234831655507,0.9345743544472743
B4galt1,0.09552975185331528,0.5593854588175875,0.9345743544472743
Junb,-0.09563734059661283,0.5589390779636183,0.9345743544472743
Fcrla,-0.09582379734752502,0.5581658543011307,0.9345743544472743
Vegfc,0.09601923930671838,0.5573558834531921,0.9345743544472743
Arhgap21,0.09593352068840141,0.5577110626445888,0.9345743544472743
Plgrkt,-0.09613505951829203,0.5568761378218869,0.9345743544472743
Oprk1,0.09600590168488264,0.5574111418722187,0.9345743544472743
Med4,0.09505716654949391,0.5613480756931222,0.9345743544472743
Map3k1,0.09545755446320782,0.5596850917128013,0.9345743544472743
Cpsf4l,-0.09549983416525051,0.5595096142241556,0.9345743544472743
E2f6,-0.09590222978296277,0.5578407432376855,0.9345743544472743
Pomk,0.09613984395296155,0.5568563239176781,0.9345743544472743
Sim1,-0.09581791309537478,0.5581902485892387,0.9345743544472743
Ophn1,0.09508504695465464,0.5612322051610527,0.9345743544472743
Mccc1,-0.09519410887095239,0.5607790477964859,0.9345743544472743
Swap70,-0.09567599354085758,0.5587787474925656,0.9345743544472743
Mefv,0.09603437607690082,0.5572931740463517,0.9345743544472743
Plekho2,-0.09582289246272689,0.558169605642402,0.9345743544472743
Tssk2,0.09518187767935404,0.5608298608572166,0.9345743544472743
Mga,-0.09518109143852427,0.5608331272732814,0.9345743544472743
Slc22a13,-0.09549000066664018,0.5595504249424097,0.9345743544472743
Fbxo17,0.09594714008373326,0.557654623261598,0.9345743544472743
Alox15,0.09576645163882659,0.5584036121735161,0.9345743544472743
Surf2,-0.09600348062686986,0.5574211726969066,0.9345743544472743
Rap1gds1,-0.09539193065310028,0.5599575050972596,0.9345743544472743
Slc17a3,-0.0963100707170865,0.5561515650496481,0.9345743544472743
Tomm70a,0.09530660631259562,0.560311786447462,0.9345743544472743
Atp5a1,-0.0960331594059995,0.5572982144177105,0.9345743544472743
Dusp9,0.0955529521509064,0.5592891883734787,0.9345743544472743
Rad54l2,-0.09629393964001043,0.5562183324423985,0.9345743544472743
U2surp,-0.09585773731018209,0.5580251590272384,0.9345743544472743
Stoml2,-0.09559835081264144,0.5591008264412531,0.9345743544472743
Pja1,0.09508634159595288,0.5612268249104394,0.9345743544472743
Plekhb1,-0.09531157403058516,0.5602911568890188,0.9345743544472743
C77144,0.09539233823966307,0.5599558129674211,0.9345743544472743
Ly6d,-0.09616824023316502,0.556738732163606,0.9345743544472743
Iqcf3,-0.09500091907234547,0.5615818717239709,0.9345851095684347
Gnpda1,-0.09500103411105881,0.5615813935144347,0.9345851095684347
Qars,0.09501807675123314,0.5615105502073598,0.9345851095684347
Apbb2,-0.09497700441319393,0.5616812875641273,0.9346313595287294
Zcchc7,0.09483226260404087,0.5622831619516974,0.9346748534546905
Smc1a,-0.09482682349692304,0.5623057847685151,0.9346748534546905
Sesn2,-0.09463318453626968,0.563111448380566,0.9346748534546905
Flii,-0.0945405674899312,0.5634969762648034,0.9346748534546905
Prss8,-0.09461265008665719,0.5631969150219036,0.9346748534546905
Abcc10,0.0945274158853672,0.5635517306432527,0.9346748534546905
Rnf214,-0.09465902507583797,0.5630039053842905,0.9346748534546905
Cib1,0.0945859367090888,0.5633081076516611,0.9346748534546905
Zfp189,0.09473004518422765,0.5627083812880882,0.9346748534546905
Atp6v0a1,0.09489776317807955,0.5620107579087338,0.9346748534546905
Fastk,-0.09452308643208651,0.5635697560718449,0.9346748534546905
A130006I12Rik,-0.0945514036411858,0.5634518636386432,0.9346748534546905
Gjd2,0.09465347592953254,0.5630269990184344,0.9346748534546905
E2f8,0.09461628129944463,0.563181801095548,0.9346748534546905
Tnrc6c,-0.09492824862087844,0.5618839949330371,0.9346748534546905
Id1,0.09462661372833336,0.5631387961810856,0.9346748534546905
Plk4,-0.09468324946041011,0.5629030967677568,0.9346748534546905
Padi4,-0.09492024995304561,0.5619172533459771,0.9346748534546905
Fadd,-0.09453764816253044,0.5635091301642208,0.9346748534546905
Mup3,0.09472963036271069,0.562710107215536,0.9346748534546905
Pkd2l2,-0.09477322931403394,0.5625287200631942,0.9346748534546905
Meis3,0.09486658353622143,0.5621404206110348,0.9346748534546905
Mcpt8,0.09478674979274165,0.5624724753346719,0.9346748534546905
Med25,-0.09481490681096563,0.5623553511189994,0.9346748534546905
D7Ertd187e,-0.09485418881802839,0.5621919685975407,0.9346748534546905
Tdp2,0.09455896685249078,0.5634203777323756,0.9346748534546905
Cep55,-0.09450517924230566,0.5636443143362004,0.9346797125140526
Tmed4,-0.09396332483479529,0.5659024405130026,0.9348732646009154
Pde12,-0.09418353015949947,0.5649842742954851,0.9348732646009154
Srsf1,0.0941028762201128,0.5653204917987185,0.9348732646009154
Prcp,0.09362842724087525,0.5673000880267933,0.9348732646009154
Vps9d1,0.09412473552616697,0.5652293594143111,0.9348732646009154
Rpl27a,-0.09417658308252899,0.5650132307006981,0.9348732646009154
Pigt,0.09415033186776676,0.5651226554233582,0.9348732646009154
Pcca,-0.0942931550706346,0.5645274289767922,0.9348732646009154
Zfp940,-0.09413088838281893,0.5652037090623014,0.9348732646009154
Piga,0.09381736065259752,0.566511414340174,0.9348732646009154
Spen,-0.09381165331935641,0.5665352316455204,0.9348732646009154
Rfc5,-0.09385683834870544,0.5663466818328025,0.9348732646009154
Spag6,0.0936264114695305,0.5673085051635163,0.9348732646009154
P2ry6,0.09364636506702775,0.5672251885342408,0.9348732646009154
Olfr73,-0.09428311884664249,0.564569246630672,0.9348732646009154
Zfp1,0.09382196929384913,0.5664921823150398,0.9348732646009154
Trim69,0.0940772337520279,0.5654274046241393,0.9348732646009154
Sec61a1,0.09421560207316022,0.5648506025051188,0.9348732646009154
Tmprss13,0.09370829712612078,0.5669666243724697,0.9348732646009154
Zfp810,0.09431093158053346,0.5644533634544581,0.9348732646009154
0610005C13Rik,-0.09405099546303129,0.5655368108922795,0.9348732646009154
Neurl1a,-0.09438731546869751,0.5641351602558053,0.9348732646009154
Ap5m1,-0.09427095906538675,0.5646199142876513,0.9348732646009154
2410015M20Rik,-0.09399952107983936,0.5657514717261904,0.9348732646009154
Foxp1,0.09381350922734703,0.5665274866966958,0.9348732646009154
Krt4,-0.09361810337484544,0.5673431973618399,0.9348732646009154
H2afy2,0.09385438048101129,0.5663569374046911,0.9348732646009154
Map3k5,-0.09365485197337146,0.5671897529281,0.9348732646009154
D5Ertd102e,0.0940551123007547,0.5655196442209791,0.9348732646009154
Ccar2,-0.09444973133504492,0.5638752046191523,0.9348732646009154
Ccdc109b,0.09414933548843138,0.5651268088836091,0.9348732646009154
Ccdc71l,0.09361867092402588,0.5673408274110221,0.9348732646009154
Gimap4,0.09374281102791991,0.5668225525966701,0.9348732646009154
Dusp15,-0.09402592858284725,0.5656413414507802,0.9348732646009154
Evc,-0.09382942287767106,0.566461078852144,0.9348732646009154
Ldb1,0.09368399145399653,0.5670680935025949,0.9348732646009154
Amacr,0.09363872089585669,0.5672571062806332,0.9348732646009154
Mfng,0.09364230914518465,0.5672421236771983,0.9348732646009154
Actrt1,0.09430976033146829,0.5644582433111602,0.9348732646009154
Exosc7,0.09429516464309483,0.5645190559121303,0.9348732646009154
Hbb-y,-0.09407263870058938,0.5654465640176682,0.9348732646009154
Fam193b,-0.09402160449708834,0.5656593740392104,0.9348732646009154
Atf7,-0.09412570871611219,0.5652253022946903,0.9348732646009154
Hcrt,-0.09371899363156085,0.5669219721013115,0.9348732646009154
Atp2a3,-0.09415152650054441,0.5651176755508805,0.9348732646009154
Mib2,-0.09374420518270886,0.566816733299527,0.9348732646009154
Arl3,-0.09382555782928184,0.5664772074274866,0.9348732646009154
Fbln1,-0.09400003794621364,0.5657493160874876,0.9348732646009154
Acsl1,0.09391134317586816,0.5661192788622225,0.9348732646009154
Ces1c,-0.09375619199920933,0.5667667005970108,0.9348732646009154
Usp38,0.09358917971378301,0.5674639814864666,0.9349542290930433
Setd8,-0.09356017089514755,0.5675851325990702,0.9350357777155999
Flt1,-0.09350765438758969,0.5678044891221882,0.9351175227733748
Fkbp2,0.09344558400496895,0.568063799386328,0.9351175227733748
Ribc2,0.09345015157820522,0.5680447157461803,0.9351175227733748
Mrpl54,-0.09339167963850965,0.5682890368997151,0.9351175227733748
Icam2,0.09352493674770218,0.567732298206991,0.9351175227733748
Tnfsf4,-0.0933858588762208,0.5683133611010736,0.9351175227733748
Ell,0.09337676275262449,0.5683513735240735,0.9351175227733748
Wdr45,0.09341539791217202,0.568189926082498,0.9351175227733748
Vmn1r46,-0.09340002810229209,0.5682541505649947,0.9351175227733748
Rhog,0.09348168809767901,0.5679129616617544,0.9351175227733748
Slc3a2,0.09321418895580134,0.5690309529447928,0.9355632525263715
Sdf4,0.09321744704073891,0.5690173302259525,0.9355632525263715
Klhdc2,-0.09319084070731909,0.5691285809338333,0.9355632525263715
AI464131,0.09328137646690846,0.5687500572205337,0.9355632525263715
Tnfrsf23,0.09322139239023126,0.5690008341053531,0.9355632525263715
Phldb1,0.09317475370113747,0.5691958511615345,0.9355632525263715
Swsap1,-0.0932734114191812,0.5687833540921001,0.9355632525263715
6030458C11Rik,0.09319351520624301,0.5691173974541932,0.9355632525263715
Cacng4,-0.09311860454333462,0.5694306746380752,0.9358313442509122
Cdc42se1,0.0930788037268933,0.5695971528593954,0.9358947576974614
Raver1,-0.09307508625772017,0.5696127033208092,0.9358947576974614
Mlf1,0.09303570573937808,0.5697774465169301,0.9359655422037864
2310011J03Rik,0.09303049684281908,0.5697992388126967,0.9359655422037864
Fank1,0.09295204986689945,0.5701274791528865,0.9360881963347689
Smad5,-0.09297246902299762,0.57004203268771,0.9360881963347689
Chka,-0.09295965562929706,0.5700956512502395,0.9360881963347689
Mbnl1,0.09294407462709124,0.5701608540477234,0.9360881963347689
Cald1,0.09289799193486767,0.570353718312717,0.9362870386542512
Kifc1,-0.09284098588194449,0.5705923383385465,0.9365078700088763
Zfp286,0.09283156473686326,0.5706317782543164,0.9365078700088763
Ttll3,-0.09278869401411964,0.5708112638418774,0.9365668529954304
Plg,0.09280056730314591,0.5707615518183244,0.9365668529954304
Il1f8,0.09254707186847515,0.571823318157678,0.9366530982294233
Plekhf1,0.0925480332392792,0.5718192898227527,0.9366530982294233
Dmap1,0.09248572159405595,0.5720804136670133,0.9366530982294233
Xdh,-0.09258585089194313,0.5716608361788831,0.9366530982294233
Son,-0.09246213148500575,0.5721792842252693,0.9366530982294233
Kcnd2,0.09257986473401418,0.5716859165340555,0.9366530982294233
Tpbg,-0.09248669238663546,0.5720763450537272,0.9366530982294233
Anxa1,0.09269858975207759,0.5711885812566546,0.9366530982294233
Zfp825,0.09256945358770217,0.5717295375195273,0.9366530982294233
Pcdhb17,0.09266331147640113,0.5713363410426768,0.9366530982294233
Usp12,-0.09268073651235444,0.571263355805292,0.9366530982294233
Klhl1,-0.09246780078729913,0.5721555224377176,0.9366530982294233
Nkx2-1,0.09267071852187,0.5713053159325727,0.9366530982294233
Eif3d,0.0924728930092425,0.5721341797387747,0.9366530982294233
Gdf10,-0.09245059419231108,0.5722276418947784,0.9366530982294233
Krtap19-1,0.09253430536358108,0.5718768135292398,0.9366530982294233
Ush1c,0.09260009583340935,0.5716011557273009,0.9366530982294233
Ankrd40,-0.09267540224505622,0.5712856980957411,0.9366530982294233
Ppap2b,0.09247225354026967,0.5721368598844285,0.9366530982294233
Wisp2,-0.0919324295850548,0.5744013270724473,0.9369067533315705
Stub1,-0.09217223245162612,0.573394914416298,0.9369067533315705
Aff1,0.09207512379307418,0.5738023706253933,0.9369067533315705
Csnk2a2,-0.09151749384258338,0.576144556826785,0.9369067533315705
Lta,0.09231730095266337,0.5727864596248093,0.9369067533315705
Tat,-0.09162760090382391,0.575681750854665,0.9369067533315705
Actn3,0.09186213089119226,0.5746965046352794,0.9369067533315705
Slc5a11,0.09156950779579616,0.5759259097799918,0.9369067533315705
Wars,-0.09175696857796314,0.5751381943920784,0.9369067533315705
Prkci,-0.09184137539374015,0.5747836676215752,0.9369067533315705
Sp7,-0.09173032042319568,0.5752501421108871,0.9369067533315705
St13,0.0917053810072148,0.5753549200724191,0.9369067533315705
Pofut1,0.09161374990692042,0.5757399609849957,0.9369067533315705
AI661453,-0.09197311277799404,0.5742305323485468,0.9369067533315705
Lrrc16a,-0.09223784533689237,0.5731196821095027,0.9369067533315705
Orc4,0.09192111965588746,0.574448811939842,0.9369067533315705
Wbp2,0.09220238661472763,0.5732684168629762,0.9369067533315705
Slc6a9,0.09169856848175016,0.5753835429759107,0.9369067533315705
Rxrb,0.09222726223741104,0.5731640720960546,0.9369067533315705
Fam160a2,-0.0915259685347138,0.5761089299600668,0.9369067533315705
Plxna1,0.0922009364444467,0.5732745000890658,0.9369067533315705
Mrps5,-0.09155826345350775,0.5759731737029108,0.9369067533315705
Aplp1,-0.09180630391897147,0.5749309638107125,0.9369067533315705
Zkscan14,-0.09186501356474916,0.5746843992643418,0.9369067533315705
Msx1,0.09214452073381535,0.5735111765744032,0.9369067533315705
Sepw1,-0.09165923389419671,0.5755488197937177,0.9369067533315705
Bok,0.09163744364983517,0.5756403873332141,0.9369067533315705
Ghr,0.09198254275558125,0.574190946911254,0.9369067533315705
Ncoa3,0.09184941308535977,0.5747499125469483,0.9369067533315705
Aqr,-0.0915724993757737,0.5759133354014294,0.9369067533315705
Bclaf1,0.09205435030003518,0.5738895500720869,0.9369067533315705
Mybbp1a,0.09167192938173051,0.5754954733987508,0.9369067533315705
Pcnxl4,-0.09163766715065154,0.5756394481000713,0.9369067533315705
Pus1,0.0914900917114565,0.5762597595401322,0.9369067533315705
1110051M20Rik,-0.09223994153336125,0.5731108899546136,0.9369067533315705
Asb13,0.09175885721570555,0.5751302606679336,0.9369067533315705
Zwilch,0.09227039285447278,0.5729831734812268,0.9369067533315705
Gps2,0.09202930974629529,0.5739946446239674,0.9369067533315705
Trpm7,0.09202152929206647,0.5740273006946671,0.9369067533315705
Ikbke,-0.09179228263190416,0.5749898562081818,0.9369067533315705
2610005L07Rik,-0.0920064990060725,0.5740903880024514,0.9369067533315705
Cdh3,-0.09238738855996236,0.5724925950909867,0.9369067533315705
Fam178a,0.09188236549769518,0.574611534673818,0.9369067533315705
Tex19.2,0.09214457927494188,0.5735109309592481,0.9369067533315705
Slc20a1,-0.091549486976328,0.5760100654913525,0.9369067533315705
Yipf1,-0.09204311407278391,0.5739367071883554,0.9369067533315705
Tma16,-0.09233240691554105,0.5727231175164105,0.9369067533315705
Cd80,-0.09156801273523064,0.5759321939479887,0.9369067533315705
Mrgpra1,0.09185698722978657,0.5747181049734587,0.9369067533315705
Acvrl1,0.09192431172517614,0.5744354098272452,0.9369067533315705
Folr4,0.09149321810952422,0.576246615183582,0.9369067533315705
4933421I07Rik,-0.09171234032322546,0.5753256810657146,0.9369067533315705
4932441J04Rik,-0.0921270402237292,0.5735845198549407,0.9369067533315705
Mrpl3,0.09170904052146951,0.5753395448369896,0.9369067533315705
Chrne,-0.09143567330079888,0.5764885724173061,0.9371620009310362
Gsk3b,-0.09141465407810126,0.5765769624088433,0.9371889365312651
Ap1g1,-0.0913692719559685,0.5767678232548299,0.9373824044902572
Camp,-0.09118683520480547,0.577535362683059,0.9373880058741189
Pcsk1,-0.09109165519202558,0.5779359750660928,0.9373880058741189
Med12,0.09123296288808896,0.5773412546698391,0.9373880058741189
Tm7sf2,-0.09110686990503591,0.5778719283127332,0.9373880058741189
Dkk1,-0.09113182596175723,0.5777668817556598,0.9373880058741189
Rnf186,0.09111736069500248,0.5778277688324973,0.9373880058741189
Stk38,-0.09118840485499326,0.5775287570380889,0.9373880058741189
BC016579,0.09097563376539443,0.5784244714275646,0.9373880058741189
Bccip,-0.09131201481110901,0.5770086652355648,0.9373880058741189
Syngr4,-0.09134309505803846,0.5768779263053625,0.9373880058741189
Sry,0.09106152467753476,0.5780628193589734,0.9373880058741189
Pou3f2,-0.09101505874290358,0.5782584565676858,0.9373880058741189
Coq7,-0.09113376228295876,0.5777587316197812,0.9373880058741189
Cox7a2l,0.09107151513140128,0.5780207599289802,0.9373880058741189
Arl14ep,0.09096917374426847,0.5784516759314329,0.9373880058741189
Ap1s2,-0.09123690349449919,0.5773246736756354,0.9373880058741189
Magi2,0.09125840113497953,0.5772342211150596,0.9373880058741189
1700020I14Rik,-0.09101870294389275,0.5782431122215623,0.9373880058741189
Rdh16,-0.09095880694770325,0.5784953338420016,0.9373880058741189
Nsmce4a,0.09100234203775769,0.5783120031618325,0.9373880058741189
Slc25a39,0.09127953738832108,0.5771452950972172,0.9373880058741189
Ern2,-0.09127216646119574,0.577176305936286,0.9373880058741189
Sox6,0.09102808423149684,0.5782036119930065,0.9373880058741189
Qtrtd1,0.09120047779323144,0.5774779509234167,0.9373880058741189
Gdf11,-0.09037877483699046,0.5809403009184357,0.9377399785606961
Shd,-0.09055667738315572,0.580189928538919,0.9377399785606961
Abhd8,0.0905316024103901,0.5802956665826892,0.9377399785606961
Cbl,-0.09081389045685302,0.5791057727887992,0.9377399785606961
Itga9,-0.09084766889680057,0.5789634613280483,0.9377399785606961
Aagab,0.09046479393536701,0.580577430145121,0.9377399785606961
Wfdc1,0.0907410642265709,0.5794126473097162,0.9377399785606961
Il4i1,-0.09082712551125724,0.5790500105713139,0.9377399785606961
Tal2,-0.09045491144104882,0.5806191143923745,0.9377399785606961
Cdc20,-0.0907851432923099,0.5792268989510909,0.9377399785606961
Foxd1,-0.09068422290331347,0.5796522135230855,0.9377399785606961
Cdc26,0.09075963912422837,0.5793343699044906,0.9377399785606961
Commd2,0.09064729648755285,0.5798078682879387,0.9377399785606961
Gucy1b3,0.09070855219286147,0.5795496688822745,0.9377399785606961
Trdn,-0.09063007943344897,0.5798804489585292,0.9377399785606961
Fam134c,0.09088237340785846,0.5788172639838423,0.9377399785606961
Slc26a7,-0.09068363189502147,0.5796547046398912,0.9377399785606961
Reln,-0.09043053507555363,0.5807219391315768,0.9377399785606961
Mif4gd,0.09058572051865643,0.5800674676261411,0.9377399785606961
Ttyh2,0.0906536927975222,0.5797809048319191,0.9377399785606961
Gm13023,0.0907347641246561,0.5794391979208573,0.9377399785606961
Zp1,0.09076334008713352,0.5793187740369554,0.9377399785606961
Fitm1,-0.0905361531587111,0.5802764760258552,0.9377399785606961
Pten,-0.09079929053050502,0.5791672882037917,0.9377399785606961
Ms4a2,0.09038092420239903,0.5809312326512581,0.9377399785606961
Adnp2,0.09058566068245065,0.5800677199151439,0.9377399785606961
Spice1,0.09046207085806905,0.5805889159251645,0.9377399785606961
Tpd52l2,0.09047414306882642,0.5805379967943216,0.9377399785606961
Hbb-bh1,0.0904151151459223,0.5807869877513177,0.9377399785606961
Dlx4,0.0904109948656827,0.5808043695901666,0.9377399785606961
Btd,0.09046350780695278,0.5805828549470079,0.9377399785606961
Commd7,0.09035324688785526,0.5810480091172929,0.9377978319074279
Slc30a5,0.09011813224071126,0.5820404148441913,0.9378111696288772
Ankrd54,0.09021968864730562,0.5816116616206894,0.9378111696288772
Gtf2e2,-0.09013087123320215,0.5819866256191415,0.9378111696288772
Bmyc,0.09029056008491318,0.5813125353901794,0.9378111696288772
Greb1,0.0902396387483901,0.5815274517753861,0.9378111696288772
Krtap19-4,-0.09020202686682649,0.5816862167857282,0.9378111696288772
Tln1,0.09017382532606535,0.581805271653514,0.9378111696288772
Tmx2,0.09010458916130859,0.582097601594399,0.9378111696288772
Scn9a,-0.09032291266336256,0.5811760072521189,0.9378111696288772
Lin28a,-0.09020150089437899,0.5816884371210586,0.9378111696288772
Pvrl3,-0.09026260672600163,0.5814305098951595,0.9378111696288772
Rhbdl1,0.0901523155307949,0.5818960838673262,0.9378111696288772
Pkp4,-0.09025529611406424,0.5814613653392243,0.9378111696288772
Defa4,-0.09011681571975866,0.5820459738546845,0.9378111696288772
Dlg5,0.09009589859501096,0.5821342994860836,0.9378111696288772
Otog,0.09003233309378392,0.5824027494758985,0.9380120313392989
Zc3hc1,-0.09003777800007581,0.5823797524522987,0.9380120313392989
Tstd1,0.0899619394167916,0.5827000982379453,0.9381865571114492
Cnnm3,0.08997438281074974,0.5826475315644571,0.9381865571114492
2310022A10Rik,0.08995561827227543,0.582726802466725,0.9381865571114492
Fam120a,0.08988812651017311,0.5830119600581029,0.9382158813681393
Fto,0.08986622376766008,0.583104513594575,0.9382158813681393
Cacfd1,-0.08987607149270234,0.5830628996801155,0.9382158813681393
Sh3gl2,-0.08988679238996662,0.5830175974158998,0.9382158813681393
Stbd1,0.08986664268748526,0.5831027433228516,0.9382158813681393
Grin2b,-0.08983694918702544,0.5832282278474383,0.9382992411763312
Tyms-ps,-0.08974863663331507,0.5836015044796943,0.9386683140583668
Olfr65,0.08976091186087516,0.5835496138224292,0.9386683140583668
Cul4a,0.08970522958771697,0.5837850134791578,0.9388477496782758
Rb1cc1,-0.08946979691633508,0.5847807663257034,0.9390998032235122
Pard6a,0.08950133222976991,0.5846473468977811,0.9390998032235122
Rasl12,0.08944168095515902,0.5848997301529063,0.9390998032235122
Unc13b,-0.08942563987209455,0.5849676075740189,0.9390998032235122
Timm50,0.08950840270107886,0.5846174349739262,0.9390998032235122
Ces2e,0.08941605475716766,0.5850081683426258,0.9390998032235122
Clock,-0.08939750134897416,0.5850866831266568,0.9390998032235122
LOC102638039,-0.08939634618391923,0.5850915717323819,0.9390998032235122
Tom1l2,0.08958623293154488,0.584288214202561,0.9390998032235122
Smg6,0.08950823687807673,0.5846181364875598,0.9390998032235122
Tap1,-0.0893959572027185,0.5850932178869763,0.9390998032235122
H2afz,-0.08950645421365319,0.5846256780659405,0.9390998032235122
Spsb3,-0.0896365402665407,0.584075457112622,0.9390998032235122
Fut8,-0.08945600080361422,0.5848391389352627,0.9390998032235122
Fgf5,-0.08961521250175809,0.584165651304847,0.9390998032235122
Ube3c,-0.08957751250907744,0.5843250975190692,0.9390998032235122
Zfp91,0.08925764243578625,0.5856786864784206,0.93910846538022
Nt5e,0.0891939902586125,0.5859482019413869,0.93910846538022
Ntm,-0.08928379312331793,0.5855679748170508,0.93910846538022
Mbtd1,0.08915668960457393,0.5861061646146457,0.93910846538022
Hspbp1,0.08921785095145304,0.5858471650148706,0.93910846538022
Eml5,-0.0893038055748911,0.585483256053547,0.93910846538022
Lix1,0.08917935005048741,0.5860101988605103,0.93910846538022
Agtrap,0.08934882323500086,0.5852927018080193,0.93910846538022
Defa-rs7,0.08935103294252865,0.5852833490686618,0.93910846538022
Ppp1r32,-0.08923739170420089,0.5857644261997216,0.93910846538022
Plekhh1,0.08918396914462726,0.5859906380709701,0.93910846538022
Lrat,0.08918625242985695,0.5859809689918729,0.93910846538022
BC003331,-0.08922444864538535,0.5858192287176707,0.93910846538022
Taf1b,-0.08917312545751442,0.5860365590048879,0.93910846538022
G6pd2,0.08913921832945772,0.5861801590894766,0.9391117122109982
Cdc34,-0.08910166489815241,0.5863392191462024,0.9392512239919955
Ccr1,0.08904002275053453,0.5866003484512123,0.9392783920676385
Sergef,0.08892521368845564,0.5870868362336377,0.9392783920676385
Dnaja2,-0.0890237378485129,0.5866693430504892,0.9392783920676385
Abhd15,0.08898220070132312,0.586845340044196,0.9392783920676385
Slit2,0.0889739161657912,0.586880445129394,0.9392783920676385
1700001O22Rik,0.08889380655448455,0.5872199496120618,0.9392783920676385
Igfbp4,-0.08904149701593801,0.5865941025695567,0.9392783920676385
Pnpla3,-0.08889864572336202,0.5871994388447591,0.9392783920676385
Gyg,0.08896708928461709,0.5869093741881105,0.9392783920676385
Acot3,-0.08902849007316684,0.5866492088394117,0.9392783920676385
Myoz1,0.08892431701000633,0.5870906364626343,0.9392783920676385
Dapp1,0.08895761124471468,0.5869495385971003,0.9392783920676385
Ehd1,-0.0888381793790419,0.5874557467217124,0.9394518618029457
Sirt3,-0.08883425385089866,0.5874723880996273,0.9394518618029457
Rian,0.08870602110493542,0.5880161117377635,0.9396304484528626
Cnr2,-0.08873667348135462,0.5878861221910505,0.9396304484528626
Olfml2b,0.08878628326175034,0.5876757646324652,0.9396304484528626
Nae1,0.08872087805409266,0.587953105371313,0.9396304484528626
Med23,-0.08875348914336179,0.5878148160991878,0.9396304484528626
Nr0b1,-0.08872093123093579,0.5879528798604738,0.9396304484528626
Fam63a,0.08866825185521023,0.5881762990784067,0.9397713391299288
Zfp346,0.08854459521754764,0.5887008826252688,0.9397739070333249
Gnb4,-0.08839153584077625,0.5893504751914773,0.9397739070333249
Dst,-0.08860203222592805,0.5884571952226982,0.9397739070333249
Spsb2,-0.08853046131951241,0.5887608549372743,0.9397739070333249
Nr2c2,-0.088422996345177,0.5892169302302733,0.9397739070333249
Gkn1,-0.08840168531588122,0.5893073908413196,0.9397739070333249
Cmtr1,-0.08836137285561474,0.5894785244372654,0.9397739070333249
Adrb3,0.08846363929186729,0.5890444262333867,0.9397739070333249
Wdfy1,-0.08858149441264673,0.5885443258693981,0.9397739070333249
Wnt6,-0.08832845478517284,0.589618283154405,0.9397739070333249
Aox4,-0.08844470377707525,0.5891247930344613,0.9397739070333249
Npy1r,-0.08845035108754952,0.5891008240269546,0.9397739070333249
Copa,-0.0884586942947173,0.58906541352143,0.9397739070333249
Tctex1d4,-0.08838428770026631,0.5893812442430142,0.9397739070333249
Ing1,-0.08845119340512607,0.5890972489948856,0.9397739070333249
Ahsg,0.08838718193970457,0.5893689578373453,0.9397739070333249
Pik3ap1,-0.08850040333253445,0.5888884042407343,0.9397739070333249
Tmod4,-0.0883368723928156,0.5895825435733422,0.9397739070333249
Psmg3,0.08835845401682452,0.5894909162474835,0.9397739070333249
Ankef1,-0.08846319934877749,0.5890462934030695,0.9397739070333249
Ddx49,0.08829952855755192,0.5897411054840636,0.9398548712092752
Gas8,-0.08825334953398374,0.5899372065900359,0.9400525838067381
Zfp42,-0.08817872159128787,0.590254175574736,0.9403024378137229
Gm7120,0.08819354779423691,0.5901911981605164,0.9403024378137229
Dmtn,0.08816553696596581,0.590310182433138,0.9403024378137229
Dynlt1f,-0.08814573266976078,0.5903943131634035,0.9403216639166669
Rtfdc1,0.0878534726011998,0.5916364542910284,0.9403619518467616
Mtag2,0.08704231729736073,0.5950897316454486,0.9403619518467616
Atg101,0.08773279887733891,0.5921496541779924,0.9403619518467616
Txndc16,0.08697001561431293,0.5953979469915318,0.9403619518467616
Ttf1,-0.08804232670919943,0.5908336749616434,0.9403619518467616
Gpx1,0.08720675720436082,0.5943889891618193,0.9403619518467616
Gatc,0.08708574735314639,0.5949046255656814,0.9403619518467616
Mtcp1,-0.0879799848324686,0.5910986262965694,0.9403619518467616
Gid8,0.08786471668176106,0.5915886451588712,0.9403619518467616
Gm20767,0.08767551535655585,0.592393334640689,0.9403619518467616
Pcyt1a,0.08769027337981343,0.5923305509011365,0.9403619518467616
Kitl,0.08810699606047702,0.5905588850200034,0.9403619518467616
Pdia6,0.08708864094048975,0.5948922934771008,0.9403619518467616
Farsa,-0.08802233883268847,0.5909186174392174,0.9403619518467616
Sertad2,-0.08785267618850216,0.5916398406502428,0.9403619518467616
Mina,0.0870860991069903,0.594903126431343,0.9403619518467616
Rbm38,-0.08711235631278982,0.5947912257260504,0.9403619518467616
Ets1,0.08789216231705264,0.5914719548765528,0.9403619518467616
Entpd7,-0.08710083105890204,0.5948403419749444,0.9403619518467616
Crocc,-0.08734134568961546,0.5938157134657003,0.9403619518467616
Emc8,0.08795551279393114,0.5912026455443069,0.9403619518467616
Elane,-0.08782504269124493,0.59175734378159,0.9403619518467616
Plat,0.08780124768144193,0.5918585327962926,0.9403619518467616
Sulf2,-0.08701133800857004,0.5952217852696331,0.9403619518467616
Stambpl1,-0.08699262885157803,0.595301541667834,0.9403619518467616
D3Ertd246e,-0.08722749976576127,0.5943006216698208,0.9403619518467616
Efnb3,-0.08716745386683813,0.5945564444452857,0.9403619518467616
Lonp2,0.08720779031959824,0.5943845877520129,0.9403619518467616
Spn,-0.08783403364415118,0.5917191113783741,0.9403619518467616
Ltbp1,0.08746384285548549,0.5932941427227937,0.9403619518467616
Dnajb9,0.08779743367994465,0.5918747526348921,0.9403619518467616
Cyp1a2,-0.08707973903466935,0.5949302325714558,0.9403619518467616
Mir425,-0.0875375846741985,0.5929802564810798,0.9403619518467616
Timm10,0.08727055121764352,0.594117231437787,0.9403619518467616
Ceacam1,0.0872145457130017,0.5943558078977895,0.9403619518467616
Fzd2,-0.0872002345234335,0.5944167782384928,0.9403619518467616
Cadm1,-0.08728748845958866,0.5940450888329818,0.9403619518467616
Sfrp2,0.08787350199253305,0.5915512916989143,0.9403619518467616
Car7,-0.08699542952280585,0.5952896022314682,0.9403619518467616
Casq1,0.0870034645580365,0.5952553489321422,0.9403619518467616
Ccdc102a,0.08761682584575906,0.5926430399557053,0.9403619518467616
Grin3b,0.08734876926909657,0.5937840997182067,0.9403619518467616
Fkbp3,-0.087415441773938,0.5935002027047415,0.9403619518467616
Mrpl16,-0.08708204112620246,0.5949204211741359,0.9403619518467616
Ccdc34,0.08717629231977336,0.5945187857211993,0.9403619518467616
Sin3a,-0.08709109469987875,0.5948818359615152,0.9403619518467616
Pitrm1,0.08739223405243005,0.5935990166095273,0.9403619518467616
Fgf14,0.08741580542222505,0.593498654417103,0.9403619518467616
Fcna,-0.08699981082555279,0.5952709246657744,0.9403619518467616
Mmp10,-0.08739973536739243,0.5935670767312488,0.9403619518467616
Fbxo31,0.08709669516227407,0.5948579680087475,0.9403619518467616
Fbn1,0.08796997287544403,0.5911411815315044,0.9403619518467616
Ipo9,-0.08694396985229617,0.5955089940575462,0.9403619518467616
Art4,0.08749481310013069,0.5931623075938206,0.9403619518467616
l7Rn6,0.08727928388846416,0.5940800349795536,0.9403619518467616
Nat3,-0.08704198960292514,0.5950911284252234,0.9403619518467616
Alx4,0.0876005789721529,0.5927121731091527,0.9403619518467616
4922502D21Rik,-0.08699030658436849,0.5953114417141937,0.9403619518467616
Rcc1,0.08693760173790485,0.5955361460695562,0.9403619518467616
Aadat,-0.08766851065232509,0.5924231351102998,0.9403619518467616
Npdc1,0.08693885604431409,0.595530797986574,0.9403619518467616
Wbscr16,-0.08774149790079384,0.5921126527842381,0.9403619518467616
Armcx2,-0.08698804460778325,0.5953210848022966,0.9403619518467616
Pafah2,0.08782516277092019,0.5917568331575874,0.9403619518467616
1700123K08Rik,0.08770460231775085,0.5922695952670101,0.9403619518467616
Parp1,-0.08710489374355054,0.5948230281636615,0.9403619518467616
Reg3b,0.08737425091399167,0.5936755900307165,0.9403619518467616
Uqcc2,0.08758521204449812,0.592777565074482,0.9403619518467616
Nnmt,-0.08732405076055648,0.5938893676795194,0.9403619518467616
1700020D05Rik,-0.08771930925195698,0.5922070343804546,0.9403619518467616
Otulin,0.08748406196905564,0.5932080719544055,0.9403619518467616
Cbx5,-0.08691663248791129,0.5956255572614577,0.9403893401941635
Nme7,-0.08687344662345431,0.5958097160403439,0.940566293807216
Ppargc1b,-0.08684627666106426,0.5959255899589074,0.9406354207540563
Aire,0.08681879915360917,0.5960427850952268,0.9407066161958895
Gm16136,0.08676931262172281,0.5962538759346552,0.9407740814127636
Pramel6,0.08677821140825992,0.5962159147656583,0.9407740814127636
Igkv1-117,0.086758074394239,0.5963018183282219,0.9407740814127636
Cabp4,-0.08659116089205275,0.5970140630236009,0.9408229889539721
Rad52,0.08666309770974702,0.5967070543035982,0.9408229889539721
Wrn,-0.08669194110186645,0.5965839763325693,0.9408229889539721
Slc25a20,0.08667141624626147,0.5966715570899859,0.9408229889539721
Uncx,-0.0865986087304012,0.5969822744072892,0.9408229889539721
Cgnl1,-0.08663722508211064,0.5968174647325475,0.9408229889539721
Tmem42,-0.08658184861515923,0.5970538103707443,0.9408229889539721
Fktn,-0.08665009136680775,0.5967625572959783,0.9408229889539721
Ankzf1,0.08668650163814193,0.5966071863177611,0.9408229889539721
Rhox6,0.08660911858938626,0.5969374177808645,0.9408229889539721
Dpysl2,0.08654404729679625,0.5972151681112452,0.9409636233619462
Dtx2,-0.08646833616372288,0.5975384015402292,0.9410184168113023
Optc,-0.0865097186830132,0.5973617181512617,0.9410184168113023
Slc35e1,-0.08648906959193693,0.5974498770762631,0.9410184168113023
Brat1,-0.08647673175330751,0.5975025546579128,0.9410184168113023
Reg2,-0.08640163708888302,0.5978232203627407,0.9412397686430265
Flywch1,0.08641002745302599,0.5977873886573426,0.9412397686430265
Hn1,0.08629154134134874,0.5982934759444112,0.9416597292624075
Tssk6,0.0863203372477496,0.5981704641354708,0.9416597292624075
Aldh7a1,-0.08628850529125566,0.5983064461119335,0.9416597292624075
Stx12,0.08620423421672406,0.5986665034466504,0.941999180450421
Nek4,-0.08621834421186635,0.5986062106586869,0.941999180450421
Cnih1,0.08617379374940688,0.5987965858687171,0.9420902639258366
Cd46,-0.08608825318293643,0.5991621927428539,0.9423238539661486
Tcta,-0.08607147527001283,0.5992339137260404,0.9423238539661486
D4Ertd58e,-0.08609535275004976,0.5991318451146994,0.9423238539661486
Orm1,-0.08610663620707162,0.5990836144556981,0.9423238539661486
Nkx3-2,-0.08455967624187355,0.6057110552820266,0.9424327898210819
Ssu72,0.08413171442175675,0.6075498308166503,0.9424327898210819
Ccdc167,0.08476298224435351,0.6048383367816836,0.9424327898210819
Tnfaip8,-0.08451997387644958,0.605881543535312,0.9424327898210819
Adss,0.08570318113844269,0.600809170293156,0.9424327898210819
Ippk,-0.08448297964380033,0.6060404204085772,0.9424327898210819
Mas1,-0.08555514216779489,0.6014428424246212,0.9424327898210819
Rfxank,0.08479472577656015,0.6047021201920963,0.9424327898210819
Adrbk1,-0.08487674807326724,0.604350207961279,0.9424327898210819
Adrb2,0.0842751338219939,0.6069333616369217,0.9424327898210819
Cyp2c68,-0.08597842287656725,0.5996317521372709,0.9424327898210819
Vasp,0.08545357532238479,0.6018777536770471,0.9424327898210819
Mlec,-0.08511287172816363,0.6033376044790116,0.9424327898210819
Cul3,0.08561773961026278,0.6011748639024616,0.9424327898210819
Cer1,0.08452565172943943,0.6058571607239795,0.9424327898210819
Cel,-0.08474418212679095,0.6049190170677177,0.9424327898210819
Pla2g4f,-0.08576311989223119,0.6005526848830849,0.9424327898210819
Chid1,0.08566293090974685,0.6009814315816271,0.9424327898210819
Park2,-0.08595902035121979,0.599714720007422,0.9424327898210819
Vps37a,0.08432072608621467,0.6067374432007602,0.9424327898210819
Pkhd1l1,-0.08498665640742083,0.6038787847672751,0.9424327898210819
Anapc16,0.08531828652882736,0.6024572653958331,0.9424327898210819
Tex14,0.08516362900128865,0.6031200263188093,0.9424327898210819
Plekhg5,0.08408053827960262,0.6077698668121743,0.9424327898210819
Akr1c12,-0.08461032760467264,0.605493578974035,0.9424327898210819
Tcea2,0.0859328523503096,0.5998266255505944,0.9424327898210819
Cd300a,0.08514467592731653,0.603201267527748,0.9424327898210819
Meox2,-0.0840795782263591,0.607773994951643,0.9424327898210819
Mpdu1,-0.0851797085093654,0.6030511060260304,0.9424327898210819
Mpp6,0.08433609237523766,0.6066714172554327,0.9424327898210819
Coro1c,0.08442957416165307,0.6062698079004512,0.9424327898210819
Angptl4,-0.08427735855429926,0.6069238009455498,0.9424327898210819
Afg3l2,0.08494532715922029,0.6040560379999009,0.9424327898210819
Cwf19l1,-0.08499148342183947,0.6038580840279553,0.9424327898210819
Wdr31,0.08563630508413925,0.601095394975852,0.9424327898210819
Dnajb13,0.08565623401055451,0.6010100946880543,0.9424327898210819
Dhcr24,0.08519852743298069,0.6029704481369933,0.9424327898210819
Olig3,-0.08436859631519257,0.6065317638979298,0.9424327898210819
Nr1i3,-0.08426176390322836,0.6069908195905369,0.9424327898210819
Fars2,0.0843395964824577,0.6066563612039464,0.9424327898210819
Fastkd1,-0.08454136533786948,0.6057896827538038,0.9424327898210819
LOC102638854,-0.08414052175829899,0.6075119662517069,0.9424327898210819
Krtap28-13,0.08422530235897444,0.607147526413701,0.9424327898210819
Rspo2,0.08521196691905884,0.6029128492446234,0.9424327898210819
4930427A07Rik,-0.08546005137130026,0.6018500192151552,0.9424327898210819
Fpr-rs3,0.08517679967594591,0.6030635736816464,0.9424327898210819
Sh3bgrl3,-0.08471606479687781,0.6050396902427504,0.9424327898210819
Sgsh,-0.08481364922721711,0.6046209226496548,0.9424327898210819
Ptgdr,-0.08597214056961326,0.5996586156237349,0.9424327898210819
Zfp821,-0.08407053643388654,0.6078128743806641,0.9424327898210819
Klra7,-0.08576191178238689,0.6005578540865075,0.9424327898210819
Rab11a,0.08537972389295098,0.6021940688151038,0.9424327898210819
Zim1,-0.08512703373216533,0.6032768938008191,0.9424327898210819
1810058I24Rik,0.08521117000934221,0.6029162645733985,0.9424327898210819
Obp1a,0.084766159415011,0.6048247024628408,0.9424327898210819
Gemin2,0.08458424989687373,0.6056055420067177,0.9424327898210819
Sel1l,0.08466430432814412,0.6052618603252138,0.9424327898210819
Nudt1,-0.08406098620863207,0.6078539411624581,0.9424327898210819
Kif4,0.0849833088715849,0.6038931409078624,0.9424327898210819
Gpx6,0.0842841497202335,0.6068946165847526,0.9424327898210819
Gm9798,0.08529433595461766,0.6025598821371229,0.9424327898210819
Gmpr,0.08429603724654877,0.6068435325093507,0.9424327898210819
Gnl2,-0.08436092049207157,0.6065647419225185,0.9424327898210819
Gpr137b-ps,0.08474763222470381,0.6049042107169058,0.9424327898210819
Prss23os,-0.08439854841841335,0.6064030862214376,0.9424327898210819
Maf1,0.08430987716434116,0.6067840606790672,0.9424327898210819
Prr3,-0.08405081549126832,0.6078976773640927,0.9424327898210819
Lce3c,0.08444994024352095,0.6061823271925869,0.9424327898210819
Lzts2,-0.08439913514788602,0.6064005656763081,0.9424327898210819
Ltn1,0.08440539597604524,0.6063736699035852,0.9424327898210819
Ppp1r3c,0.08424953517302997,0.6070433751801765,0.9424327898210819
Adam17,0.08561665146724587,0.6011795217997106,0.9424327898210819
Dmbx1,0.08535990474929012,0.6022789684697966,0.9424327898210819
Sp4,0.08409205621654577,0.6077203416533501,0.9424327898210819
Rdh12,0.08468414580077832,0.6051766913273241,0.9424327898210819
Dpt,0.08514371078581297,0.6032054046697259,0.9424327898210819
Hars,-0.08427071585622005,0.6069523478381647,0.9424327898210819
Zadh2,0.0856448290951411,0.601058909676179,0.9424327898210819
Kansl1,-0.08453681698753296,0.6058092141333007,0.9424327898210819
Lrmp,0.08415056164766961,0.607468803867752,0.9424327898210819
Zbtb44,0.0853118672074008,0.6024847684041188,0.9424327898210819
E2f4,-0.0859446228259224,0.5997762888966148,0.9424327898210819
Acp6,-0.08576814444590494,0.6005311862582001,0.9424327898210819
Eef2,-0.08405598309157154,0.6078754554459481,0.9424327898210819
Acadvl,-0.0843330347091991,0.6066845552144093,0.9424327898210819
Eif6,-0.08427817876179212,0.6069202761547428,0.9424327898210819
Abca8b,0.08572906031472664,0.6006984244846725,0.9424327898210819
Slfn2,0.08528163689496107,0.6026142944626112,0.9424327898210819
Emr4,0.08465489751991295,0.6053022405270425,0.9424327898210819
Slc4a1ap,-0.08484158002908303,0.6045010842030012,0.9424327898210819
Erlin1,0.08468254755155791,0.6051835515870531,0.9424327898210819
Prom2,-0.08431947219739165,0.6067428310466401,0.9424327898210819
Rps6kb2,-0.084074381842216,0.6077963391186988,0.9424327898210819
Zfp275,-0.08592840395487905,0.5998456496526995,0.9424327898210819
Lcn4,-0.08430628618535375,0.6067994913277273,0.9424327898210819
Fam114a2,0.08477838691106487,0.6047722313050724,0.9424327898210819
Pgm1,-0.08566510315933111,0.6009721343527749,0.9424327898210819
Ubxn4,-0.08536963621575039,0.6022372809762276,0.9424327898210819
Trim39,-0.08409288199781408,0.6077167909987269,0.9424327898210819
Mvd,-0.08499736807871408,0.6038328479662203,0.9424327898210819
Uba1,-0.08450251639617654,0.6059565149745791,0.9424327898210819
Bscl2,-0.08574520357341775,0.6006293462793506,0.9424327898210819
Trim46,-0.08445315576131208,0.6061685156942083,0.9424327898210819
Mxd3,-0.08527080254145432,0.6026607185923016,0.9424327898210819
C1qtnf6,-0.08430936271169823,0.6067862713025447,0.9424327898210819
Bhlhe23,0.08412634069994884,0.6075729340358906,0.9424327898210819
Myt1l,0.08487700203850414,0.6043491184684322,0.9424327898210819
Bad,0.08463953781440166,0.6053681768610317,0.9424327898210819
Bola2,-0.08407907174610477,0.607776172774165,0.9424327898210819
B4galnt1,-0.08521903966627775,0.6028825378091012,0.9424327898210819
Birc2,0.08602863373103316,0.5994170657983562,0.9424327898210819
Pdap1,0.08437073488472623,0.6065225759854529,0.9424327898210819
Hspa9,0.08474354473337654,0.6049217525051327,0.9424327898210819
Mtrr,-0.08434707250768392,0.606624239577808,0.9424327898210819
Batf,0.08557564816574163,0.601355051158129,0.9424327898210819
Aup1,-0.08458675095423836,0.6055948035013414,0.9424327898210819
Htr3b,-0.08514910613888224,0.6031822772876192,0.9424327898210819
Mycs,0.08410494853190538,0.6076649088657141,0.9424327898210819
Trpm1,-0.08565965124520133,0.6009954686600083,0.9424327898210819
Lima1,0.08399790532045913,0.6081252229225598,0.9426735606933336
Ascl1,0.08397487849713513,0.6082242630128875,0.9427150977616306
Gpatch8,-0.08395715491553934,0.6083004979645534,0.9427212824156126
Lamc3,-0.08391121449124382,0.6084981210554559,0.9428036074154172
Rps19,0.08392470753912441,0.6084400749412164,0.9428036074154172
Fcrl1,0.08366011466765459,0.6095787477763552,0.9429012388558677
Celsr3,-0.0838600835984303,0.6087181030278465,0.9429012388558677
Itpr1,-0.08381704016617111,0.6089033153105523,0.9429012388558677
5730559C18Rik,0.08377169779619552,0.6090984446668304,0.9429012388558677
Akr1a1,0.08375625141854842,0.6091649234715921,0.9429012388558677
Ppa2,0.08365392566096586,0.6096053925272693,0.9429012388558677
Apoa1bp,-0.0835440368248625,0.6100785623158933,0.9429012388558677
Dhodh,0.08356807333484786,0.6099750508149213,0.9429012388558677
Cysrt1,0.08355719602880048,0.610021892262375,0.9429012388558677
Opn1sw,-0.08355807916169417,0.6100180891314522,0.9429012388558677
Stk11ip,-0.08374887351625958,0.6091966778617461,0.9429012388558677
Slc35f4,-0.08363322489260486,0.6096945163959838,0.9429012388558677
Rcl1,0.08386152907471324,0.6087118836647705,0.9429012388558677
Tspan9,-0.08371664973491474,0.6093353765091389,0.9429012388558677
Omt2a,-0.08363557443674616,0.6096844005391877,0.9429012388558677
Pcmtd1,-0.08367138813153428,0.6095302147755353,0.9429012388558677
1700052N19Rik,0.08367338138103582,0.6095216338701182,0.9429012388558677
Ints12,-0.08361340623885519,0.6097798474487003,0.9429012388558677
Fam203a,-0.08364501146221884,0.60964377054074,0.9429012388558677
Rabep2,0.08360272383799301,0.6098258435404611,0.9429012388558677
Ddx24,0.08367347849021929,0.6095212158179861,0.9429012388558677
Nedd4l,0.08352044040014021,0.6101801855972664,0.9429466179368462
Fastkd2,-0.0834669075091947,0.6104107625852374,0.9431912422705462
Phf1,-0.08343134283782651,0.6105639664710625,0.9432045931669106
Tmem30b,-0.08343969219772354,0.6105279980664102,0.9432045931669106
Olfr2,0.0833615198086264,0.6108647925812534,0.9434884577009852
Serpinb8,-0.08335512957976715,0.6108923273136351,0.9434884577009852
Mettl23,-0.08331323867953887,0.6110728427249501,0.9436555650553697
Magee1,0.08328902694548114,0.6111771853468022,0.9437050161626342
Eprs,-0.08325585816237345,0.6113201409520709,0.9437575072239747
Cd320,0.0832184085654421,0.6114815629951686,0.9437575072239747
Ndufa2,0.0832140208311319,0.6115004769391299,0.9437575072239747
9130401M01Rik,0.08322173610352468,0.611467219334548,0.9437575072239747
Zdhhc1,-0.08318742690097662,0.6116151189012626,0.9438228106128874
Mfap4,-0.0831558107906049,0.61175142202164,0.9439215213385811
Ribc1,-0.08297274670109969,0.6125408893551674,0.9441197666397122
Cnnm1,-0.08307275229536755,0.6121095620258719,0.9441197666397122
Fam115c,-0.08301479723153865,0.61235950902078,0.9441197666397122
Ms4a4d,-0.08305377860443895,0.6121913866659738,0.9441197666397122
Thbd,-0.08296676475759016,0.6125666935839054,0.9441197666397122
Msln,-0.08295825035670003,0.6126034228016279,0.9441197666397122
Oaz2,0.08296743039792658,0.6125638221983534,0.9441197666397122
Zmiz1,0.08304415555993526,0.6122328880487602,0.9441197666397122
Capns1,0.08309530425633992,0.6120123117698952,0.9441197666397122
Afp,0.08299407448601598,0.6124488915737467,0.9441197666397122
Trim31,-0.08285537463006998,0.6130472763432392,0.9446436756637335
Cdh23,0.08284590216238094,0.613088151520895,0.9446436756637335
P4hb,0.08282221225517948,0.6131903820142485,0.9446896452070754
Spast,0.08278697502904858,0.6133424561521514,0.944775737020303
Rplp0,0.08277571192560597,0.6133910678240484,0.944775737020303
Zpbp,-0.0827137667781142,0.6136584516630645,0.94489507829884
Zbtb22,-0.08270743539963293,0.613685783476333,0.94489507829884
Cope,-0.08271581928602878,0.6136495913347261,0.94489507829884
Dgcr2,-0.08267255858874062,0.6138363513991119,0.9449039223082472
Adsl,-0.08268915184285477,0.6137647142029332,0.9449039223082472
Eomes,-0.08245854710049459,0.6147605956908755,0.9451243154182571
Rnpepl1,0.08252521978493395,0.6144725981913941,0.9451243154182571
Pfkl,0.08245541423451276,0.6147741296764754,0.9451243154182571
Ddx3x,0.08252078027889964,0.6144917732621136,0.9451243154182571
Celf4,0.08245821533763498,0.6147620289012035,0.9451243154182571
Git2,0.0825172164368284,0.6145071663489814,0.9451243154182571
Tigd5,0.08245492514193002,0.6147762425680257,0.9451243154182571
Sacm1l,-0.08249004824145244,0.6146245174183695,0.9451243154182571
S100a8,-0.08251645187406673,0.6145104686988774,0.9451243154182571
Dyrk1b,0.08260329027856624,0.614135436487521,0.9451243154182571
Ptcd1,0.08258758033222763,0.6142032767393639,0.9451243154182571
Pdzrn3,0.08226682767540992,0.6155890458377058,0.9452026299488133
Spryd7,0.0823526530544182,0.6152181249432624,0.9452026299488133
Stxbp4,-0.08237623656585256,0.6151162173416728,0.9452026299488133
Ier5,-0.08229670162948502,0.6154599260622975,0.9452026299488133
Itga8,0.08231273195483818,0.6153906450696538,0.9452026299488133
Rgs9,-0.08234097812480799,0.6152685764484169,0.9452026299488133
Tead1,-0.08226181525851073,0.6156107113385086,0.9452026299488133
Serpinb6b,0.08225874841701089,0.6156239675021047,0.9452026299488133
Tpst2,-0.08234289921142846,0.6152602746378628,0.9452026299488133
Zkscan6,-0.08230210206095545,0.6154365857439343,0.9452026299488133
Kifc3,-0.08238906572826779,0.615060783630741,0.9452026299488133
Med26,-0.0822272880560495,0.615759958916546,0.9453002004590598
Rfpl4,0.08213292388088969,0.6161679328299783,0.9457477992545249
Gprc5d,0.08212632326513568,0.6161964740027566,0.9457477992545249
Myl9,-0.08209844216711684,0.6163170382224292,0.9458215961148393
1700029F12Rik,-0.082015790255996,0.6166744998284173,0.9461476247220479
Folr1,0.08202242755540773,0.6166457910568425,0.9461476247220479
Med29,-0.08197560920062921,0.6168483092394863,0.946191793495481
Boll,-0.08197758908583669,0.6168397444752709,0.946191793495481
Igk-V21,0.08194831036622018,0.6169664058612511,0.9462617101649583
Hrk,0.08186949614826855,0.6173074126604385,0.9463621198341903
Pofut2,-0.08186613241377769,0.6173219682756248,0.9463621198341903
Gpr143,-0.08189949507474853,0.6171776068546257,0.9463621198341903
Dopey2,-0.08188488693083742,0.6172408151395181,0.9463621198341903
Zic4,-0.08177940420705776,0.6176973079116902,0.9464568005033992
Cwc15,-0.081754820270588,0.6178037182097667,0.9464568005033992
Spdef,0.08174151635376899,0.617861306601226,0.9464568005033992
Gon4l,-0.08182153568102343,0.6175149611582147,0.9464568005033992
Magea5,-0.08175351442501153,0.617809370701109,0.9464568005033992
Wnt16,0.08173455374694333,0.617891446355158,0.9464568005033992
Cep250,0.08178654441945318,0.6176664032536704,0.9464568005033992
Rnf185,-0.08171586868418439,0.6179723332355528,0.9464695981679259
Ssx2ip,0.08160918556866939,0.6184342416670726,0.9466166043797798
Vps72,0.08134504166778056,0.6195785082519514,0.9466166043797798
Cyp2c44,-0.08162907553814154,0.618348113070173,0.9466166043797798
Calr,0.08141587376893784,0.6192715815814798,0.9466166043797798
Defb10,0.0812750396830454,0.6198818978025303,0.9466166043797798
Ap4s1,-0.08128863540586052,0.6198229690976096,0.9466166043797798
Usp36,-0.08143136359893839,0.6192044698330796,0.9466166043797798
Crb1,0.08163928708152292,0.6183038963783282,0.9466166043797798
Wbscr27,-0.08129274862920599,0.6198051413650207,0.9466166043797798
Cntn6,-0.08132645413130521,0.6196590610815997,0.9466166043797798
Hmg20a,-0.08127996654539299,0.6198605427670065,0.9466166043797798
Rtkn2,-0.08160910772379537,0.61843457876453,0.9466166043797798
4933436I01Rik,0.08127883665148826,0.6198654401630406,0.9466166043797798
Atg16l1,-0.08130840372245832,0.6197372901783753,0.9466166043797798
AA408396,0.08138912091996653,0.6193874987289503,0.9466166043797798
Nrip2,0.08143247911821239,0.6191996368101242,0.9466166043797798
Olfr74,0.08149935170858474,0.6189099368285467,0.9466166043797798
Spint1,0.0814205389931745,0.6192513685699791,0.9466166043797798
Cd33,0.0813384571491593,0.6196070431081814,0.9466166043797798
Haus6,0.08162974993822186,0.6183451928318076,0.9466166043797798
Dido1,0.08155389187768984,0.6186737026531401,0.9466166043797798
Lipt2,-0.08158834594148166,0.6185244876929601,0.9466166043797798
Ccdc115,-0.08147622898994919,0.6190101010297147,0.9466166043797798
Ppm1m,0.08144523920859732,0.6191443543869828,0.9466166043797798
Vmn1r172,-0.08157324731616487,0.6185898756097545,0.9466166043797798
Nek8,0.08125700452047709,0.6199600720844551,0.9466252025076124
Kcnma1,-0.08120771007438363,0.6201737613863034,0.9466266210499527
Gm16499,0.08120658633255534,0.6201786331026167,0.9466266210499527
Mia2,-0.08123865078416358,0.6200396312943959,0.9466266210499527
Nop14,-0.08118955853503569,0.6202524549577686,0.9466285713150787
Avil,0.08115820160225974,0.6203884081649047,0.9467253348314632
Peg3,-0.08110912989787136,0.6206011906529731,0.9468649461994911
Pknox1,0.0810793225826673,0.6207304540290982,0.9468649461994911
Tnfrsf1b,-0.08107709653125984,0.6207401080285004,0.9468649461994911
Psd3,-0.08107017072488344,0.620770144435332,0.9468649461994911
A230050P20Rik,-0.0809694880927901,0.6212068587920225,0.9469776051842409
Taf6,0.08100993969673013,0.6210313838208787,0.9469776051842409
Tmem234,0.08100051055633258,0.621072284708026,0.9469776051842409
C3,0.08098519995984282,0.6211386999464368,0.9469776051842409
Apc2,-0.08098781847320387,0.6211273409983766,0.9469776051842409
Actg2,0.08069552992628581,0.6223957826963741,0.9470360782323228
Soat2,0.0803086056816581,0.6240765001715554,0.9470360782323228
Arpp19,0.08064044611973878,0.6226349449595263,0.9470360782323228
Keg1,-0.0808978016334613,0.6215178760715894,0.9470360782323228
Ebf2,0.08030533251171813,0.6240907258239087,0.9470360782323228
Nop56,0.08092520079995698,0.6213989953133822,0.9470360782323228
Npffr2,0.08051619679602902,0.6231745437248029,0.9470360782323228
Col14a1,0.08074222406941813,0.6221930752732848,0.9470360782323228
Ercc3,-0.0805896981500511,0.6228553143427016,0.9470360782323228
Metrn,0.08034115879550116,0.6239350268205417,0.9470360782323228
Slc39a9,0.08017523336827162,0.6246562591267992,0.9470360782323228
Gtsf1l,0.08020736959156043,0.6245165459409743,0.9470360782323228
Ppl,0.08036876956060046,0.623815042534131,0.9470360782323228
AA517841,0.08024569341329743,0.6243499482110618,0.9470360782323228
Srms,0.08074034561563673,0.6222012294605077,0.9470360782323228
Hdhd1a,-0.08069561763166591,0.6223954019273322,0.9470360782323228
Shcbp1,0.08071163325196817,0.6223258723749056,0.9470360782323228
Atp12a,-0.08066888833572272,0.6225114502865052,0.9470360782323228
G6pc3,0.08088591110654647,0.6215694700606293,0.9470360782323228
Atp6v1c2,-0.08018312255856985,0.6246219594884401,0.9470360782323228
Ptplad1,-0.08041663897599514,0.6236070447757651,0.9470360782323228
Xrcc6,-0.08021232779029726,0.6244949911295328,0.9470360782323228
Sept8,0.08082948236410002,0.6218143424016698,0.9470360782323228
Jph3,0.08031572174818705,0.6240455732001375,0.9470360782323228
Rnf220,0.08043459336620583,0.623529038134014,0.9470360782323228
Bag2,0.08055767872881414,0.6229943723450895,0.9470360782323228
Nkx6-1,-0.08074539613526083,0.6221793057372742,0.9470360782323228
Sepp1,-0.08042628971735157,0.6235651146083676,0.9470360782323228
Stxbp2,-0.08060273079100003,0.6227987180780902,0.9470360782323228
Rttn,0.08041189556988454,0.6236276541540701,0.9470360782323228
Cxcl12,-0.08067621390966143,0.6224796445938758,0.9470360782323228
Adam19,0.08044820710324083,0.6234698929649961,0.9470360782323228
Mbd3l2,-0.0802028220304535,0.6245363158443453,0.9470360782323228
Adam15,0.08071270736361975,0.622321209381788,0.9470360782323228
Myh4,-0.0802465977993068,0.6243460169620803,0.9470360782323228
Efna4,-0.08055103741930537,0.6230232166142773,0.9470360782323228
Apoa4,-0.08068695216774996,0.6224330231057277,0.9470360782323228
Cdk4,-0.08024090799311512,0.6243707499771514,0.9470360782323228
Pik3c2a,0.08019887468995421,0.6245534765717213,0.9470360782323228
Alox12,-0.08034203219936904,0.6239312312495404,0.9470360782323228
Mgl2,-0.08038365785250588,0.6237503483489482,0.9470360782323228
Anpep,0.08074542493319473,0.622179180729648,0.9470360782323228
Nat2,0.08076149641779261,0.6221094183246518,0.9470360782323228
Pax3,-0.08067713039430957,0.6224756655070158,0.9470360782323228
Mrpl13,-0.08030332218369773,0.6240994630533054,0.9470360782323228
Tpbpa,0.08031421286835995,0.6240521308568132,0.9470360782323228
Ccdc136,0.0801819809846712,0.6246269226348965,0.9470360782323228
Topors,0.08012936418157521,0.6248556982685829,0.9470412948133405
Tmub1,0.08008352875570572,0.6250550158526301,0.9470412948133405
Krtap5-4,0.08006626784578608,0.6251300822968848,0.9470412948133405
Wnk4,-0.08010292274229831,0.6249706770785655,0.9470412948133405
Bak1,-0.08011384370092546,0.6249231870113303,0.9470412948133405
Pigk,0.08004405849876299,0.6252266743941092,0.9470412948133405
Cep350,0.08004092427148618,0.6252403061396987,0.9470412948133405
Bmp15,0.08011633917714688,0.6249123355702699,0.9470412948133405
Tbx21,-0.08002139110030462,0.6253252647339019,0.947060048689959
Blm,0.07997494147385495,0.6255273135415378,0.947256111686611
Mfsd8,-0.07993377557602427,0.6257064005533017,0.9474173614318907
Sox12,0.0798948103717251,0.6258759324351297,0.9474541812466367
Stk3,0.07991137226179358,0.6258038718609,0.9474541812466367
Rgs17,0.07987695620678299,0.6259536193611842,0.947461869741804
Tmod3,-0.0795794687926237,0.6272486058786029,0.9475468594749056
2810408M09Rik,-0.07979168386888057,0.6263247084487062,0.9475468594749056
Rras2,-0.07972347780298929,0.6266215909826851,0.9475468594749056
Hypk,-0.0795808870035615,0.6272424297835815,0.9475468594749056
Galns,0.0798154119831311,0.6262214394426806,0.9475468594749056
Coq5,-0.07957893927049313,0.6272509118738818,0.9475468594749056
Padi1,-0.07956380284190907,0.6273168303321105,0.9475468594749056
Ptpn21,0.07964790062561808,0.6269506229379413,0.9475468594749056
Yaf2,-0.07956603997361768,0.6273070875529765,0.9475468594749056
Ccdc114,0.07966823056667287,0.6268621080212975,0.9475468594749056
Gpr3,-0.07963205389920129,0.6270196217261925,0.9475468594749056
Sirt7,-0.07973070171553157,0.6265901446131508,0.9475468594749056
Srpr,0.07963101845496418,0.6270241302947471,0.9475468594749056
Cbfb,0.07964496536971509,0.6269634032123939,0.9475468594749056
Krt33a,-0.07963382475043541,0.6270119110517152,0.9475468594749056
Jag2,0.07963511901203481,0.6270062755766814,0.9475468594749056
Aldh3b1,0.07971876289065183,0.6266421157753199,0.9475468594749056
Pyy,-0.07968691443108734,0.626780764344721,0.9475468594749056
Tmem208,-0.07952498316319583,0.6274859007695939,0.947634098566169
Pex19,-0.07951719356817447,0.6275198287769381,0.947634098566169
Cnot7,-0.07950014673602862,0.6275940797130872,0.9476365593816334
Pnpt1,-0.07944574151052221,0.6278310758978756,0.9478847286117527
Mucl1,-0.07869479099946167,0.631105910444353,0.9479227403844613
Rars2,0.07855727083383761,0.6317063491749004,0.9479227403844613
Oxt,-0.07935164607755188,0.6282410510470646,0.9479227403844613
AA517650,-0.07888973983313084,0.6302551109586838,0.9479227403844613
Pkhd1,0.07876415959954772,0.6308031190671803,0.9479227403844613
Alg14,0.07931040457457103,0.6284207741173816,0.9479227403844613
Fev,0.07881007331671204,0.6306027387226802,0.9479227403844613
Anp32a,0.07859612490408852,0.631536682384507,0.9479227403844613
Snx11,-0.07864002848212621,0.6313449870291787,0.9479227403844613
Phxr2,-0.07878363035384871,0.6307181401832158,0.9479227403844613
Rcvrn,0.07915519760223069,0.6290973197172861,0.9479227403844613
Nit1,-0.07929908371238245,0.6284701119467573,0.9479227403844613
Cd209f,-0.07861892641319845,0.6314371217457897,0.9479227403844613
Diap2,0.07877260628589322,0.6307662534839054,0.9479227403844613
Msrb2,0.07904143388895551,0.6295933964941197,0.9479227403844613
Tmem11,0.07877686195584128,0.630747679922047,0.9479227403844613
Fubp1,-0.07890204762177526,0.6302014121810429,0.9479227403844613
Dcpp3,-0.07918073099312335,0.6289860002344063,0.9479227403844613
Brd3,-0.07896187883041254,0.6299403947188202,0.9479227403844613
Pou5f1,-0.07922014608016514,0.6288141750954375,0.9479227403844613
Peg12,0.07926665479772908,0.6286114499332858,0.9479227403844613
Pitpnb,0.07879922160059323,0.6306500964033881,0.9479227403844613
Mms22l,0.07920332958457883,0.6288874822431794,0.9479227403844613
LOC102640192,0.0786219417095192,0.6314239561989936,0.9479227403844613
Homer3,0.07868893755870379,0.6311314631026153,0.9479227403844613
Kmo,0.07859660221558093,0.6315345981859166,0.9479227403844613
Ttc1,-0.07897771420537664,0.6298713189933631,0.9479227403844613
Reg3g,0.07914745789031048,0.629131064542702,0.9479227403844613
Nt5c3,-0.0786829919094467,0.6311574187036375,0.9479227403844613
Kpna3,0.0792140669772711,0.6288406749784181,0.9479227403844613
Tmed9,-0.07920654151797717,0.6288734803932989,0.9479227403844613
BC037034,-0.07880560045363201,0.6306222584544352,0.9479227403844613
Jag1,0.07878104217517949,0.6307294358676939,0.9479227403844613
LOC102631817,0.07855766503162555,0.6317046277142249,0.9479227403844613
Atp1b4,-0.07882092043394162,0.6305554025060331,0.9479227403844613
Cdh1,0.07856300590495555,0.6316813043157785,0.9479227403844613
Nme1,0.07911208103923413,0.629285315222865,0.9479227403844613
Ccr10,0.07869961721989421,0.6310848423270572,0.9479227403844613
Acot11,0.07868418064135171,0.6311522292872078,0.9479227403844613
C79130,0.0790382168481502,0.6296074269215977,0.9479227403844613
Ints9,0.0790919601655624,0.629373053195288,0.9479227403844613
Col9a3,0.07909937557529462,0.6293407174086927,0.9479227403844613
Mpc1,-0.0786768539897539,0.6311842140957622,0.9479227403844613
Islr,-0.07895666693575602,0.6299631302530895,0.9479227403844613
Snap91,-0.07925948414629835,0.6286427041473431,0.9479227403844613
Neurod6,0.07939131091284835,0.6280682179261432,0.9479227403844613
Clcn7,0.0793311052034988,0.6283305619585374,0.9479227403844613
Mettl7a2,0.07856384981438945,0.6316776190249903,0.9479227403844613
Mgst3,-0.07880497040035542,0.6306250080481315,0.9479227403844613
Edrf1,-0.07885711267770601,0.6303974716522462,0.9479227403844613
Eif4a1,-0.07863864373096997,0.6313510328936504,0.9479227403844613
Gng3,-0.0785981243320884,0.6315279518249046,0.9479227403844613
Tmem38b,-0.07889764162826547,0.6302206352870132,0.9479227403844613
Emc2,-0.07822573923513658,0.6331547961539423,0.9481246938247941
Neo1,-0.0783575490987116,0.632578769413646,0.9481246938247941
Gm5617,0.07825743517361543,0.6330162619687152,0.9481246938247941
Mep1a,-0.07833228859167311,0.6326891453498575,0.9481246938247941
Htatip2,0.0782511432975357,0.6330437610785138,0.9481246938247941
Sfpq,0.07843061525067199,0.6322595487901957,0.9481246938247941
Slc45a2,0.07820140617131201,0.633261157276483,0.9481246938247941
Ap1m1,-0.07824174008157149,0.6330848593985485,0.9481246938247941
B3galnt2,-0.07826308737391385,0.632991559006836,0.9481246938247941
Nifk,-0.07845406665871461,0.632157104672362,0.9481246938247941
Lsr,-0.07819386781876161,0.6332941092326543,0.9481246938247941
Cd19,0.07838887208980137,0.6324419138666704,0.9481246938247941
Sh3rf1,-0.07829983321957178,0.6328309703323942,0.9481246938247941
Eltd1,0.07845429802670459,0.6321560940067639,0.9481246938247941
C78282,-0.07826536265526485,0.6329816149876851,0.9481246938247941
Pigb,-0.07832403713931443,0.6327252017501159,0.9481246938247941
Raly,-0.07821340978375625,0.6332086879736774,0.9481246938247941
Copg2os2,-0.07831219388157028,0.6327769546775235,0.9481246938247941
Swi5,0.0782081735784184,0.6332315758785366,0.9481246938247941
Nfya,0.07831243041189064,0.6327759210659639,0.9481246938247941
Rps6ka1,-0.07812247858053314,0.6336062019574672,0.9481321137998284
Pno1,-0.078104585778991,0.6336844334132905,0.9481321137998284
Gp2,-0.07806979564823444,0.6338365546670424,0.9481321137998284
Snrpd3,0.07808898837081728,0.6337526319513864,0.9481321137998284
Prg2,0.07816089860216285,0.6334382334854369,0.9481321137998284
Ctr9,-0.07809682259463567,0.6337183770172915,0.9481321137998284
Slc31a1,-0.0780925217187522,0.6337371823927052,0.9481321137998284
Prp2,-0.07805978247333807,0.6338803403164766,0.9481321137998284
Ubqln4,-0.07802533461407873,0.6340309830479929,0.9482487447327518
Cpa3,0.07800117567665749,0.6341366399733426,0.9482980764396226
Zdhhc4,0.07791422051893424,0.6345169872220888,0.9483788150018598
Ptgfrn,0.0778891416298448,0.634626700329239,0.9483788150018598
Epor,0.0779056028468213,0.6345546862886337,0.9483788150018598
Atp6ap1,-0.077955553052795,0.6343361850864142,0.9483788150018598
Rassf3,0.07795457923943726,0.6343404446365242,0.9483788150018598
Polr1c,0.07793604621241809,0.634421511941055,0.9483788150018598
Chrd,-0.0778681848912988,0.6347183858439049,0.9484072159483701
Kcnip4,0.07783849819129628,0.6348482736680707,0.9484926864088223
Eif2ak2,0.07781222873320005,0.6349632186986187,0.9485558146305982
Lyrm1,-0.0761779471608302,0.6421300243607406,0.9485977160660332
Etfa,-0.07775182500876464,0.6352275528183576,0.9485977160660332
Enpep,0.07574865262337409,0.6440177328485414,0.9485977160660332
Acaa1a,0.0768859905549596,0.6390212357822262,0.9485977160660332
Trim10,0.07633255437515166,0.6414506998314943,0.9485977160660332
Fbxl3,0.07713008482065102,0.6379508440431932,0.9485977160660332
Slc6a14,-0.07578061846949412,0.6438770985962099,0.9485977160660332
Eme1,0.07688032263558658,0.6390460987245988,0.9485977160660332
Tmem66,-0.07621111031793695,0.6419842864286613,0.9485977160660332
Zfp131,0.07671714809204054,0.6397620413690317,0.9485977160660332
Ift27,0.07749798590764985,0.6363388509078634,0.9485977160660332
Ccdc96,0.07703898588382921,0.6383502461845478,0.9485977160660332
Rpgrip1,0.07584150550764394,0.6436092575286472,0.9485977160660332
Npas1,0.07743678037048406,0.6366069192001407,0.9485977160660332
Tubgcp2,-0.07712375402610779,0.6379785968200189,0.9485977160660332
Ccdc88a,0.07518753284892041,0.6464882928733805,0.9485977160660332
Adam33,0.07536431736250461,0.6457095382622022,0.9485977160660332
Ly75,0.07633029079149126,0.6414606437427619,0.9485977160660332
Slc16a6,-0.07676957666641368,0.6395319727231563,0.9485977160660332
Esrp1,-0.07681983873238768,0.6393114411389396,0.9485977160660332
Rgcc,0.07661587926072137,0.6402065224721288,0.9485977160660332
Prpf40b,-0.07628752776338162,0.6416485126123765,0.9485977160660332
Lta4h,-0.07775619133282449,0.6352084438140403,0.9485977160660332
AA511261,0.07646223267583906,0.6408811225091933,0.9485977160660332
Hook2,0.07626160732135312,0.641762397982318,0.9485977160660332
Atp7a,0.07600254350899664,0.6429010592499427,0.9485977160660332
Igf2bp3,0.07678242070847391,0.6394756149716587,0.9485977160660332
Fam189b,0.07714874480424445,0.6378690455937547,0.9485977160660332
Hoxa9,0.07643391456408473,0.6410054856793233,0.9485977160660332
Prcc,0.07584763758466051,0.6435822849823367,0.9485977160660332
Arid2,0.07577521810396494,0.6439008567681015,0.9485977160660332
Lrp8,0.07765843839149629,0.6356363082587058,0.9485977160660332
Ralb,-0.0771953723748532,0.6376646653352094,0.9485977160660332
Eef1b2,-0.07681895712246627,0.6393153090687236,0.9485977160660332
F2,-0.07593219894093126,0.64321037754191,0.9485977160660332
Dynlrb1,-0.07553279205982057,0.6449677214030917,0.9485977160660332
Pfkm,-0.07535525531852866,0.6457494488583133,0.9485977160660332
AA517858,-0.07568745140190151,0.6442870212952763,0.9485977160660332
C030018P15Rik,-0.07531265983009745,0.6459370583171962,0.9485977160660332
Fam111a,-0.07760776562229696,0.6358581469026529,0.9485977160660332
BC028528,0.07607562017734287,0.6425797876638808,0.9485977160660332
F12,-0.07635847605609775,0.6413368302380582,0.9485977160660332
Muc13,0.07517260098892922,0.6465540856308475,0.9485977160660332
Smpd4,-0.07617840932410667,0.6421279932631674,0.9485977160660332
Rpl22l1,0.07702343433459612,0.6384184379883991,0.9485977160660332
Igf1r,-0.07672969595231517,0.6397069755711053,0.9485977160660332
Anapc2,-0.07651082678451847,0.6406677359030223,0.9485977160660332
Psap,0.07554118236159243,0.644930786254653,0.9485977160660332
Arhgef7,-0.07544838884686926,0.6453393196004029,0.9485977160660332
C1galt1,0.07742008200354268,0.636680062381215,0.9485977160660332
Acan,-0.07695833726282092,0.638703911881873,0.9485977160660332
Myh2,-0.07774590949274961,0.635253442142041,0.9485977160660332
Htatsf1,-0.07648993763389854,0.6407594610631484,0.9485977160660332
Cd8b1,0.07754558034388824,0.6361304268320007,0.9485977160660332
Cd209b,0.07523768647357335,0.6462673245911447,0.9485977160660332
Spag5,0.07605441990679183,0.6426729854295901,0.9485977160660332
AA675344,-0.07536981921949382,0.6456853077192256,0.9485977160660332
Txndc12,0.0775010322650449,0.6363255096011804,0.9485977160660332
Sox2,0.07525024390231506,0.6462120032000515,0.9485977160660332
Eif1a,0.07574029535435163,0.6440545027200552,0.9485977160660332
Dph7,-0.07675110650709582,0.6396130203959087,0.9485977160660332
Gtf2h2,-0.07640896564132646,0.6411150602356546,0.9485977160660332
Exosc1,-0.07744707379552854,0.6365618329491705,0.9485977160660332
Slc29a3,0.07595612882915867,0.6431051469403006,0.9485977160660332
4930483J18Rik,0.07680650670873584,0.639369934332982,0.9485977160660332
5430417L22Rik,-0.07747409980317181,0.6364434621709572,0.9485977160660332
Pnmt,0.07750650689665274,0.6363015341119557,0.9485977160660332
Senp6,0.07564467468524078,0.6444752664849192,0.9485977160660332
Inhbe,-0.07658644033908733,0.6403357557244583,0.9485977160660332
Capn9,0.0767034406575556,0.6398221979987636,0.9485977160660332
Agpat3,0.07742854908560634,0.6366429739573265,0.9485977160660332
2210010C04Rik,-0.07577556654707904,0.6438993238300288,0.9485977160660332
Pdcd6ip,-0.07555584840388994,0.6448662264531049,0.9485977160660332
Chl1,0.07554972533658659,0.6448931798473831,0.9485977160660332
Agap2,0.07541680919828739,0.6454783748242283,0.9485977160660332
Bnip3,-0.07721505089521492,0.6375784170764544,0.9485977160660332
Ap2a1,0.07556847915178487,0.6448106279741462,0.9485977160660332
Pold2,-0.07603923624629913,0.6427397369652489,0.9485977160660332
Uts2,0.07675907613977889,0.6395780488977725,0.9485977160660332
Rnf219,-0.07617619965286065,0.6421377042644845,0.9485977160660332
Cspg5,-0.0756643506490258,0.6443886769284578,0.9485977160660332
Ctnna2,-0.07606265870040381,0.6426367665435591,0.9485977160660332
Polg2,-0.07571504412987545,0.6441656065913781,0.9485977160660332
Zfp59,-0.07591896642086715,0.6432685697761571,0.9485977160660332
2310031A07Rik,0.0767947315440818,0.6394215986466554,0.9485977160660332
Zfyve19,-0.07531078593367134,0.6459453122653673,0.9485977160660332
Mthfd1,-0.07592114180943062,0.643259003000604,0.9485977160660332
Ap1b1,-0.0770443321308234,0.6383268041390806,0.9485977160660332
Chchd3,-0.07711513865850196,0.6380163653997659,0.9485977160660332
Pla2g5,0.0758702401974131,0.6434828688865171,0.9485977160660332
Bhlha15,0.07587727772481741,0.6434519159857508,0.9485977160660332
Ncor1,0.07599323006407059,0.6429420089510005,0.9485977160660332
Rnf128,-0.07528571849631248,0.6460557306146506,0.9485977160660332
Myt1,-0.07637615091147758,0.6412591920127835,0.9485977160660332
Asgr2,0.0766523021172205,0.6400466444884765,0.9485977160660332
Clec11a,-0.07557843048353124,0.6447668251312885,0.9485977160660332
Gpr85,0.07522902397676547,0.6463054880197983,0.9485977160660332
Kctd10,0.07558959288363062,0.6447176928697449,0.9485977160660332
Mgat4c,0.07772048176438524,0.6353647315553526,0.9485977160660332
Tdrp,0.07664896089891471,0.6400613101129893,0.9485977160660332
Cables2,-0.07515708029003992,0.6466224756232175,0.9485977160660332
Clstn3,0.07539081252314572,0.645592854994397,0.9485977160660332
Golga5,0.07525013516242654,0.6462124822427829,0.9485977160660332
Kdm4b,-0.07568159237216564,0.6443128035721533,0.9485977160660332
Tcstv1,0.07619934723782261,0.6420359786985672,0.9485977160660332
Gmcl1,-0.07547564668876032,0.6452193038301663,0.9485977160660332
Myo7b,-0.07725813239580331,0.6373896125134016,0.9485977160660332
Cnn2,0.07568820815735254,0.6442836912711322,0.9485977160660332
Rad51c,0.07662113752724177,0.6401834403835038,0.9485977160660332
Cabp7,-0.07757976200583053,0.6359807558999309,0.9485977160660332
Neu1,0.075878252002725,0.6434476308994934,0.9485977160660332
Hsd17b10,0.0755471602582965,0.6449044713037483,0.9485977160660332
Cad,0.07680744130088889,0.6393658338169934,0.9485977160660332
Tfg,-0.07638072025506878,0.641239121389952,0.9485977160660332
Rassf2,0.07535427518449206,0.6457537655713024,0.9485977160660332
Nudcd3,0.07548918272455121,0.6451597080733468,0.9485977160660332
Tomm22,-0.07557713764520244,0.6447725157622575,0.9485977160660332
Mef2b,-0.07536716923188626,0.6456969783972003,0.9485977160660332
Chrna6,0.07659599212047542,0.640293823477337,0.9485977160660332
Sema3a,-0.07553855538635186,0.64494235043868,0.9485977160660332
Chrdl1,-0.07633277650008322,0.6414497240410093,0.9485977160660332
Pelo,-0.07634602131920361,0.6413915408386883,0.9485977160660332
Rad9b,0.07628297870808734,0.6416684990119729,0.9485977160660332
Slc6a18,-0.07746975555996817,0.636462488876705,0.9485977160660332
Olfr154,0.07569748761479417,0.6442428585114677,0.9485977160660332
Rnf103,-0.0761167960197426,0.642398790768403,0.9485977160660332
Pop7,-0.07664783690218462,0.6400662437059446,0.9485977160660332
Mrpl45,0.07560033678409642,0.6446704040174627,0.9485977160660332
Sh3gl3,-0.07622469626985215,0.6419245856241134,0.9485977160660332
Rgs14,-0.07613944880069376,0.6422992241279741,0.9485977160660332
Map2k3os,-0.07711755762494829,0.6380057608982757,0.9485977160660332
Celsr1,-0.07556183472544083,0.6448398754206504,0.9485977160660332
Pop5,0.07605959663087096,0.6426502277371833,0.9485977160660332
D7Ertd183e,-0.07580279088399106,0.6437795575884913,0.9485977160660332
Rex2,0.07736443669267729,0.6369238267830303,0.9485977160660332
Rarg,-0.07724470129534089,0.6374484719554042,0.9485977160660332
Foxn4,-0.07541189659507329,0.6455000076009787,0.9485977160660332
Mtmr6,0.07639475376542518,0.6411774813752953,0.9485977160660332
Sh3yl1,0.07571037248823985,0.6441861623353649,0.9485977160660332
Ssbp1,0.07574102325185943,0.644051300123145,0.9485977160660332
Fopnl,-0.07736849535752138,0.6369060458418687,0.9485977160660332
Adora1,-0.07638545897812785,0.6412183070305839,0.9485977160660332
Map1lc3a,0.07530254138864836,0.6459816274738452,0.9485977160660332
Fmnl1,-0.07698168320184616,0.6386015259425242,0.9485977160660332
Krt8,0.07689102838006152,0.6389991371297172,0.9485977160660332
4833420G17Rik,0.07639629553759462,0.641170709519156,0.9485977160660332
Vmn1r51,-0.07519108716581807,0.6464726322176595,0.9485977160660332
Adck4,-0.07608571640725348,0.6425354057999486,0.9485977160660332
Anxa8,-0.07604475310354007,0.6427154830410214,0.9485977160660332
Stc1,-0.0760161965478196,0.6428410308640315,0.9485977160660332
Flna,-0.07745081936515634,0.6365454272794563,0.9485977160660332
Cenpb,-0.07614154767106328,0.642289999181351,0.9485977160660332
Ubxn8,0.07530368875999222,0.6459765735366615,0.9485977160660332
Vmn1r65,0.0765861899687603,0.640336854862477,0.9485977160660332
Nsf,-0.07530166800746718,0.6459854745502129,0.9485977160660332
Sh3bp1,0.07690537248521465,0.6389362176639128,0.9485977160660332
Sh3d19,-0.07521663480452859,0.6463600711477824,0.9485977160660332
Hemgn,0.07518039440076826,0.6465197459846831,0.9485977160660332
Myl12b,-0.07707362143926866,0.638198383255803,0.9485977160660332
Myl3,0.07556964930141431,0.6448054772599663,0.9485977160660332
BC003965,0.07513418964194395,0.6467233453716108,0.9486390438122919
Aebp1,-0.07511417477954405,0.6468115475966525,0.9486617831391164
Strm,0.07507806904169231,0.6469706712155692,0.9487885242404993
5830411J07Rik,-0.07504205143639825,0.6471294212067811,0.948914688990593
Shox2,-0.07498424817121091,0.6473842237970768,0.9490880366103033
C2cd3,-0.07496573571197584,0.6474658366085462,0.9490880366103033
Eaf2,0.07497728543464409,0.6474149188028149,0.9490880366103033
Rnf144a,0.07488707672521154,0.6478126508922539,0.949159819496491
Znrf4,0.07487767089471531,0.6478541267194359,0.949159819496491
Phf10,-0.07471457548687854,0.648573469791917,0.949159819496491
Eng,-0.07475599200107015,0.6483907709282628,0.949159819496491
Pcdhb4,-0.07484906317571338,0.6479802811189277,0.949159819496491
Il2rb,-0.0744955782510675,0.649539845848244,0.949159819496491
Flywch2,0.07468038452768867,0.6487243095353585,0.949159819496491
Lyve1,0.07470588405110519,0.6486118124129325,0.949159819496491
Nrbp1,-0.07457293484347104,0.6491984299241114,0.949159819496491
Mras,0.07463554648225493,0.6489221409501202,0.949159819496491
Nudt16,0.07465704476489042,0.6488272848275671,0.949159819496491
Gltpd1,-0.07438843379921856,0.6500128432755463,0.949159819496491
Elf5,0.07464124309026207,0.6488970054954097,0.949159819496491
Msx2,-0.07448863450056924,0.6495704956360258,0.949159819496491
Asf1b,-0.07436223231612815,0.6501285314799274,0.949159819496491
Lamb3,0.07459306511956038,0.6491095953784637,0.949159819496491
Fam50b,0.07443171438219937,0.6498217621899507,0.949159819496491
Fam53a,0.07436622162350469,0.650110916869427,0.949159819496491
Cuzd1,-0.07480783954214773,0.6481620855572081,0.949159819496491
Rae1,0.07462792746496162,0.6489557593309772,0.949159819496491
Chchd6,0.07460820042801501,0.6490428065567573,0.949159819496491
Otub1,-0.07458214874002797,0.6491577685952573,0.949159819496491
Arhgap5,-0.07461403673839812,0.6490170528824641,0.949159819496491
Smim19,0.07439339304848261,0.6499909474244101,0.949159819496491
Ttyh1,0.07484224435574145,0.6480103521419975,0.949159819496491
2210409E12Rik,-0.07436113439961574,0.6501333793133295,0.949159819496491
Klk4,-0.07490653305367005,0.6477268597103907,0.949159819496491
Zfp46,-0.0744941481768076,0.6495461581664881,0.949159819496491
Sele,0.07486519691423928,0.6479091333707077,0.949159819496491
Ak1,0.07458500558988869,0.6491451613869632,0.949159819496491
Psen2,0.0744120085586742,0.6499087595521044,0.949159819496491
Tarbp2,-0.07452422764504205,0.6494133928890027,0.949159819496491
Kap,0.07473683346332927,0.6484752817325976,0.949159819496491
Acy1,-0.07454634123344321,0.6493157940788931,0.949159819496491
Sytl1,-0.0743968277355263,0.6499757829137047,0.949159819496491
Stab1,0.07462039688594495,0.6489889881302642,0.949159819496491
Ptch1,-0.07396270906603392,0.6518935177428633,0.9492931734044285
Capn3,-0.07415741519430126,0.6510331337529338,0.9492931734044285
Shkbp1,-0.07407550303483033,0.651395042167173,0.9492931734044285
Zfp948,0.07422811237557612,0.6507208367001027,0.9492931734044285
Rarres2,-0.07400398722768285,0.6517110786593039,0.9492931734044285
Armc7,0.07411698182316134,0.6512117690582716,0.9492931734044285
Ptges2,0.07392879366180978,0.6520434296286224,0.9492931734044285
Zfp445,-0.07402855981141884,0.651602483124863,0.9492931734044285
Atg10,0.0739347758084219,0.6520169865785809,0.9492931734044285
Tert,0.0740353389582686,0.6515725247084386,0.9492931734044285
Cebpg,0.07396064285403535,0.6519026503833036,0.9492931734044285
Pmm2,0.07395547168390207,0.6519255071241473,0.9492931734044285
Snrnp70,-0.07418624828582446,0.6509057599269771,0.9492931734044285
Cntnap4,-0.07411616271737306,0.6512153880715624,0.9492931734044285
Hmgcr,-0.0742347875260094,0.6506913528657458,0.9492931734044285
Cd72,-0.07409414477043165,0.65131267167389,0.9492931734044285
Pou3f3,-0.07397113386920916,0.6518562806773581,0.9492931734044285
Sp2,0.07413020965980706,0.6511533262292836,0.9492931734044285
Dsc3,0.07416315564230257,0.6510077738514268,0.9492931734044285
Irf6,0.07422648488308015,0.6507280253362582,0.9492931734044285
Ddx10,-0.07414447113696922,0.6510903188089707,0.9492931734044285
Rpap1,-0.07414501620493623,0.6510879107359653,0.9492931734044285
Homer2,-0.0742479551960646,0.6506331933423397,0.9492931734044285
Cdk5rap2,-0.07397800546321276,0.6518259092832519,0.9492931734044285
Actl6b,-0.07429206818951972,0.6504383674544608,0.9492931734044285
Setd6,-0.0738075892105594,0.6525792796443577,0.9493318862964575
Zfx,0.07386862201534294,0.6523094304049425,0.9493318862964575
Gjb5,-0.07387868869693118,0.652264925795998,0.9493318862964575
Fam129a,-0.07382551514197962,0.6525000179470726,0.9493318862964575
Ppap2a,-0.07381269085945073,0.6525567217129118,0.9493318862964575
Kdm6a,0.07381626934708935,0.6525408989091008,0.9493318862964575
Kpna1,-0.07389958360954553,0.6521725534159498,0.9493318862964575
Olfr67,0.07377130026949466,0.652739746673435,0.9494594754588845
Fign,-0.07371860531610169,0.6529727861835537,0.9496925865926429
Tnfrsf12a,-0.073626309294243,0.6533810334815027,0.9497995344550176
Atp11b,0.07351840652361984,0.6538584341161403,0.9497995344550176
Atp1b3,-0.07365404236419393,0.6532583534727407,0.9497995344550176
Itih4,0.07349198935448518,0.6539753330192063,0.9497995344550176
Tm4sf20,-0.07357747874153428,0.6535970612508006,0.9497995344550176
Helz2,-0.07355130558897487,0.6537128630187938,0.9497995344550176
Mrpl9,0.07350525365257723,0.6539166360534647,0.9497995344550176
Mdm1,0.07355485149925056,0.6536971738720732,0.9497995344550176
Rab14,-0.0736003769330961,0.6534957556684284,0.9497995344550176
Usmg2,-0.07364505126941465,0.6532981255359199,0.9497995344550176
L3hypdh,0.07351914317360164,0.6538551744701482,0.9497995344550176
Cldn3,-0.07348809820151436,0.65399255246213,0.9497995344550176
Mettl9,-0.07353735649761335,0.6537745831881503,0.9497995344550176
Gdf3,-0.07324255012999033,0.6550795136811556,0.9498182366736868
Zswim6,-0.07231674636239731,0.6591837758184718,0.9498182366736868
Nup93,0.07219344868313822,0.6597310933915158,0.9498182366736868
Aqp7,0.07337028197250361,0.6545140024503615,0.9498182366736868
Kctd2,0.07226203930149004,0.6594265994100941,0.9498182366736868
Dcun1d5,-0.07290591972960354,0.6565707590064895,0.9498182366736868
Cldn2,-0.07297860128916998,0.6562486788815711,0.9498182366736868
Wwox,-0.07269531815731832,0.657504347284583,0.9498182366736868
Grin2d,0.07219238700239901,0.6597358069128492,0.9498182366736868
Pgrmc2,0.07236733964309154,0.6589592411026144,0.9498182366736868
Hdhd3,-0.0726751856191243,0.6575936197717308,0.9498182366736868
Mfsd4,-0.07342969437361258,0.6542510261149808,0.9498182366736868
Ivd,0.07188899132498866,0.6610832944547431,0.9498182366736868
P2rx1,-0.07259263492236943,0.657959716239656,0.9498182366736868
Ppic,0.07196748464543691,0.6607345808056759,0.9498182366736868
Depdc7,-0.07273765385216555,0.6573166353475595,0.9498182366736868
Usp22,-0.07310528624952761,0.6556874292115678,0.9498182366736868
Fiz1,0.07311999737470955,0.6556222664032245,0.9498182366736868
Zfp598,-0.07277594276244387,0.6571468835324723,0.9498182366736868
Bap1,-0.07280884773387385,0.6570010141111535,0.9498182366736868
Cdk12,-0.07209483508046188,0.6601689590712628,0.9498182366736868
Atp6v0a2,-0.07244635410380389,0.658608628747499,0.9498182366736868
Mfsd6,0.07275052241660246,0.6572595814486253,0.9498182366736868
Clec2h,0.0727693981746007,0.6571758974571076,0.9498182366736868
Gsap,0.07260291291618884,0.6579141312008827,0.9498182366736868
Tmed7,0.0727739290387883,0.6571558108624481,0.9498182366736868
Ano1,0.07189831733045572,0.6610418592932148,0.9498182366736868
Krtap12-1,0.0722696719780569,0.6593927189146324,0.9498182366736868
Nans,0.07291180568299814,0.6565446738842546,0.9498182366736868
Ubxn1,0.07289490230656465,0.6566195865957631,0.9498182366736868
Arfgef1,-0.0721281945906089,0.6600208236626177,0.9498182366736868
Tnrc6b,0.07189775798703806,0.6610443444122629,0.9498182366736868
Nfe2,-0.07184946518425585,0.661258918505611,0.9498182366736868
Car1,0.07182993612990336,0.6613456970701018,0.9498182366736868
Meis1,0.07177823761984824,0.6615754428022944,0.9498182366736868
Gata6,-0.07317683639685953,0.6553705210682115,0.9498182366736868
Ap3s2,-0.07201563527004548,0.6605207008153529,0.9498182366736868
Itgam,-0.07217368714279053,0.6598188303161542,0.9498182366736868
Mbd3,-0.07224459841790039,0.6595040197190225,0.9498182366736868
Sugt1,-0.07186920354880366,0.6611712141106474,0.9498182366736868
Thtpa,-0.07287904052324191,0.6566898860409769,0.9498182366736868
Col26a1,0.07178167202380047,0.6615601795648042,0.9498182366736868
Usp9x,-0.072423376654332,0.658710579906093,0.9498182366736868
Hmbox1,0.0728209381773087,0.6569474195749848,0.9498182366736868
Trpm5,-0.07210870046801827,0.6601073872896547,0.9498182366736868
Col10a1,-0.07329984214602857,0.6548258404069635,0.9498182366736868
Ces4a,-0.07282080110522125,0.6569480271792526,0.9498182366736868
Rhno1,0.0723584917109843,0.6589985064906378,0.9498182366736868
Tbpl1,0.07233268154932984,0.6591130518646051,0.9498182366736868
Pter,0.07205655990693739,0.6603389379378735,0.9498182366736868
Nt5c3b,0.07244528476432492,0.6586133732873681,0.9498182366736868
Coch,-0.07228917398634988,0.6593061548597408,0.9498182366736868
Rars,-0.072490165408913,0.6584142537436248,0.9498182366736868
Nat1,0.07205632918369255,0.6603399626215647,0.9498182366736868
Stag2,0.07178974732737718,0.661524291670406,0.9498182366736868
Pcdhb11,-0.07285804098990235,0.6567829602991863,0.9498182366736868
Gm17509,-0.0717925587424118,0.6615117974762412,0.9498182366736868
1200014J11Rik,-0.07271381759294089,0.6574223203244183,0.9498182366736868
D2Ertd93e,-0.07326559747441111,0.6549774619831403,0.9498182366736868
Zfpl1,0.0725173347089482,0.6582937239901487,0.9498182366736868
Setdb1,-0.07229136192778195,0.6592964434507457,0.9498182366736868
Abca2,0.07204953906089592,0.6603701190480937,0.9498182366736868
Vcp,0.07296669077397415,0.6563014549625843,0.9498182366736868
Esf1,-0.07185996654465264,0.6612122567893687,0.9498182366736868
Tmem70,0.07299154579994105,0.6561913229036005,0.9498182366736868
Ebf3,0.071913092668657,0.660976214865298,0.9498182366736868
Vldlr,-0.0719579019617921,0.6607771491145531,0.9498182366736868
Fancm,0.0721138404622918,0.66008456274544,0.9498182366736868
Ankrd36,-0.07293055479334885,0.65646158492639,0.9498182366736868
Abcc8,-0.0725296535747185,0.6582390771358594,0.9498182366736868
Abcg4,-0.07196069090470768,0.6607647599357664,0.9498182366736868
Dvl1,-0.07300541463441375,0.6561298733968657,0.9498182366736868
Dnpep,0.07207930259938551,0.6602379363980231,0.9498182366736868
Pdx1,-0.07309371966770069,0.6557386649829726,0.9498182366736868
Rnase1,-0.07289691675414872,0.6566106587613123,0.9498182366736868
Has1,-0.07266935000798526,0.6576194971060525,0.9498182366736868
Smg8,0.07252534125298032,0.6582582065321922,0.9498182366736868
AI413582,-0.07231114635081844,0.6592086305982663,0.9498182366736868
BC017643,0.07207775814176978,0.6602447952385948,0.9498182366736868
Laptm4a,-0.07278292656401048,0.6571159229788106,0.9498182366736868
Ino80c,0.0729038404270368,0.6565799740646863,0.9498182366736868
Eif2b2,0.0734112648103062,0.6543325964313498,0.9498182366736868
Eif2ak3,0.07185302528568846,0.6612430994249977,0.9498182366736868
Snx15,-0.07259876468870265,0.6579325293112241,0.9498182366736868
F2rl2,-0.07202410777512165,0.6604830694791761,0.9498182366736868
Rrad,-0.07245356458268162,0.6585766369876627,0.9498182366736868
Lsm12,0.07204814662234314,0.6603763032361607,0.9498182366736868
Naa38,-0.07252228755493756,0.6582717528165569,0.9498182366736868
Anks1,0.07300374021594568,0.6561372922332913,0.9498182366736868
Josd2,0.07260273536258334,0.6579149186781004,0.9498182366736868
Slc18a3,-0.07254225389924167,0.6581831834585923,0.9498182366736868
Sphk2,0.07237191463109531,0.6589389385417544,0.9498182366736868
A230006K03Rik,0.07274696016136131,0.6572753748330697,0.9498182366736868
Msl2,0.07263914704633553,0.6577534346316813,0.9498182366736868
Slc4a7,0.07235693773662401,0.6590054028134023,0.9498182366736868
A030005K14Rik,-0.07215503226095873,0.6599016578654164,0.9498182366736868
Cck,0.0720112241183893,0.6605402936248397,0.9498182366736868
Fam109b,-0.0733232667973858,0.654722133047615,0.9498182366736868
Slco1a6,0.0729376844581649,0.6564299899765582,0.9498182366736868
Inpp5e,-0.0718647631256147,0.6611909440771799,0.9498182366736868
C1qtnf1,0.07237467722566283,0.6589266790052533,0.9498182366736868
Prl3b1,-0.07237579882760804,0.6589217017082902,0.9498182366736868
B4galnt2,-0.07208676806507786,0.6602047830975053,0.9498182366736868
LOC102631579,0.07200864936400607,0.6605517298918684,0.9498182366736868
Ptcd2,0.07163753689593681,0.6622008585053732,0.94989913827392
Slc6a20b,-0.07166401698040356,0.6620831377809804,0.94989913827392
Atg2b,-0.07163454691519608,0.6622141513432332,0.94989913827392
Mrpl17,0.07170544257074625,0.6618989902304186,0.94989913827392
Gfi1b,0.07167876087108777,0.662017595188432,0.94989913827392
Cyp2j6,0.07168826328273545,0.6619753543641548,0.94989913827392
Rpl3l,0.07174016116233055,0.6617446715171311,0.94989913827392
Ptpn22,0.07168051971962448,0.6620097765500292,0.94989913827392
Med24,-0.07152058452269586,0.6627208775489251,0.9499254360111626
Mrc2,0.07127035277499925,0.6638340141762428,0.9499254360111626
Zscan22,-0.07142238928048086,0.6631576100306379,0.9499254360111626
Tectb,-0.0713703410987432,0.6633891418597325,0.9499254360111626
Rpe,-0.07153625373782374,0.6626511970034297,0.9499254360111626
Nit2,0.07146171808857177,0.6629826788503312,0.9499254360111626
Gcg,-0.07129602909290507,0.6637197636048657,0.9499254360111626
Slc2a2,-0.07128285582554547,0.6637783791073224,0.9499254360111626
Gpm6a,-0.07147183767092913,0.6629376705445957,0.9499254360111626
Fryl,0.07158984094599606,0.6624129165313477,0.9499254360111626
AB041806,-0.07136734523318501,0.6634024696080292,0.9499254360111626
Cd7,-0.07139134888515473,0.6632956869826823,0.9499254360111626
Abcb4,0.07146971055822152,0.6629471310930697,0.9499254360111626
Cd99l2,-0.0713098781334924,0.6636581432354167,0.9499254360111626
Nkain1,-0.07136543605186356,0.6634109630603084,0.9499254360111626
Mybpc3,0.07152966981000738,0.6626804752126505,0.9499254360111626
Dbndd1,-0.07147885636447215,0.662906454547231,0.9499254360111626
Haao,0.07131536985081366,0.6636337087896239,0.9499254360111626
Csn3,-0.07134231813096281,0.663513811847384,0.9499254360111626
Gpa33,-0.0714716440323386,0.6629385317697278,0.9499254360111626
Col6a2,0.07131738853834739,0.6636247270714642,0.9499254360111626
Atp6v1d,-0.07149248524847407,0.662845840927991,0.9499254360111626
Mdn1,-0.07124598600595447,0.6639424443608695,0.9499764206650204
Bcr,-0.07115194066152246,0.6643609993112656,0.9500544306863238
Fxn,0.07116146483806704,0.6643186069592133,0.9500544306863238
Sall3,-0.0711724916738925,0.6642695274656971,0.9500544306863238
Anxa6,0.07117015385674066,0.6642799327772952,0.9500544306863238
2210418O10Rik,0.07118496047193217,0.6642140315174515,0.9500544306863238
Arf6,0.0710579762977911,0.6647792899790768,0.9501581503349522
Obox2,0.07106726600729797,0.6647379317392588,0.9501581503349522
Akr1c14,-0.07107751077113265,0.6646923226388448,0.9501581503349522
Cr2,-0.0711159703910759,0.6645211128034247,0.9501581503349522
Snrpn,-0.07105386312802207,0.6647976023111437,0.9501581503349522
Actr3,0.07102555436394992,0.6649236413596349,0.9502342126932292
Grm8,-0.07100242672686667,0.6650266189511209,0.95027730515694
Klkb1,0.07097335144711547,0.6651560871252244,0.9503582372601614
Smyd2,-0.07090538211109709,0.6654587809279547,0.9506866249538956
Arl2,-0.07087016612826398,0.6656156310685124,0.9508066086275883
Mpdz,0.070672073443024,0.6664981759709839,0.950895409966051
Zfp319,-0.07063759177053307,0.666651842546504,0.950895409966051
Trp53bp1,-0.07070168946025597,0.666366203317313,0.950895409966051
Gm16489,-0.07075599311312628,0.6661242441569788,0.950895409966051
Vwa8,-0.07081957336054946,0.665840992144032,0.950895409966051
Prl6a1,0.07073292468217683,0.66622702557313,0.950895409966051
Agxt,0.07046559054448395,0.6674185529904546,0.950895409966051
C77068,0.07065797885852303,0.6665609865246069,0.950895409966051
Krt20,-0.07078606595582063,0.6659902632325869,0.950895409966051
Dnajb2,-0.07062505012120895,0.6667077372333483,0.950895409966051
Ppp2r3c,0.070599134206683,0.6668232427361196,0.950895409966051
Csf1,0.07064021278667161,0.6666401616122699,0.950895409966051
Fnta,0.07055422226380594,0.6670234294638595,0.950895409966051
Tspo2,-0.07050093208954811,0.6672609888889554,0.950895409966051
Pi4k2a,0.0706698063291849,0.6665082789031274,0.950895409966051
Rtca,0.07055668430798744,0.6670124547898577,0.950895409966051
Fam13c,-0.07081130387362272,0.6658778304915725,0.950895409966051
Rbp2,-0.0707711237463274,0.6660568327362808,0.950895409966051
Cyp2b10,0.07046376237020277,0.6674267039527214,0.950895409966051
Irx6,0.07058336980465975,0.6668935071765024,0.950895409966051
Igk-V28,-0.07066171587478873,0.6665443328224877,0.950895409966051
C1qtnf4,0.07047931063424397,0.6673573827670796,0.950895409966051
Fgfbp1,-0.07053570819706251,0.6671059588569974,0.950895409966051
Galntl5,0.07047358498112241,0.667382910011946,0.950895409966051
Rabl6,-0.07030060563802369,0.6681542876322653,0.9509360574869896
Trappc13,0.07028557329172003,0.6682213375476262,0.9509360574869896
1500004A13Rik,0.07042135194116164,0.6676158020696918,0.9509360574869896
1700067P10Rik,0.07024493778187667,0.6684025993770151,0.9509360574869896
Hid1,-0.07030055599265833,0.6681545090652512,0.9509360574869896
Setd4,0.07024569991056177,0.6683991996045556,0.9509360574869896
Pes1,0.07026084784857152,0.6683316276120697,0.9509360574869896
Slc7a4,0.07037812765795565,0.6678085489359886,0.9509360574869896
Nanp,0.07025097231792614,0.6683756801449348,0.9509360574869896
Cxcr4,0.07026709958929106,0.6683037405381165,0.9509360574869896
Retn,-0.07026726433087496,0.6683030056827599,0.9509360574869896
Ero1lb,-0.07043173227314693,0.6675695168198204,0.9509360574869896
Rsbn1,0.07034251448227757,0.6679673712869919,0.9509360574869896
Uchl5,0.07022655048372982,0.6684846249919969,0.9509490757135689
Hsp90b1,-0.07003501075055847,0.6693392986912718,0.9513521834379913
Nedd4,-0.06953808554175667,0.6715584741257961,0.9513521834379913
Dkk3,0.0701177357759978,0.6689701211365231,0.9513521834379913
Anapc1,-0.06966685715819246,0.6709831504481922,0.9513521834379913
Srek1,0.06951939537118622,0.6716419924712218,0.9513521834379913
Ppox,0.06949449024215103,0.6717532885890963,0.9513521834379913
Mterfd1,-0.06982949408192278,0.6702567772502763,0.9513521834379913
Cdr2,0.0700055041460258,0.6694709958060177,0.9513521834379913
Cdkn2c,0.06953600892769969,0.6715677534380944,0.9513521834379913
Cln6,0.06962368252952239,0.6711760255956165,0.9513521834379913
Ip6k1,-0.06946157500811749,0.6719003904388179,0.9513521834379913
Il17re,0.06962265419854882,0.6711806197283114,0.9513521834379913
Gpd2,-0.06971375522311901,0.6707736640736689,0.9513521834379913
Usp14,-0.06954403509702278,0.6715318889006737,0.9513521834379913
Samd4,-0.06990384061255003,0.6699248231882747,0.9513521834379913
Rab9,0.07006530856359572,0.6692040798956241,0.9513521834379913
Papss1,0.06994080077023862,0.6697598197211652,0.9513521834379913
Pdyn,0.06992031568741194,0.669851270705869,0.9513521834379913
Akr1c20,0.06952673037684236,0.6716092150367116,0.9513521834379913
Pde9a,-0.06959202656135247,0.6713174557841284,0.9513521834379913
Sema3e,0.06966896070953353,0.6709737537072479,0.9513521834379913
Utp18,0.06961275459659917,0.6712248473946727,0.9513521834379913
Ptpn11,0.06947362397481086,0.6718465409230745,0.9513521834379913
Aggf1,0.06991563922973698,0.6698721483164867,0.9513521834379913
Vps29,-0.07004920845650009,0.669275933263415,0.9513521834379913
Mastl,0.06993401373684847,0.6697901183868029,0.9513521834379913
Bicc1,0.06960878806436767,0.6712425686498507,0.9513521834379913
Lce3a,-0.06946100011334422,0.6719029598102941,0.9513521834379913
Hao1,0.06984745213201458,0.6701765899040292,0.9513521834379913
Rab11fip5,0.0697253817175513,0.6707217339663931,0.9513521834379913
Sgk2,-0.07002362834031736,0.6693901008061602,0.9513521834379913
Ear3,0.06998181644410005,0.6695767281187055,0.9513521834379913
4930542C12Rik,0.07008755250460487,0.669104811716043,0.9513521834379913
Dtd2,0.0698247045658675,0.6702781642638154,0.9513521834379913
Tesc,-0.07011612446565375,0.6689773112404208,0.9513521834379913
Mela,0.06987767836067686,0.6700416297635963,0.9513521834379913
Hmbs,0.07000159282322181,0.6694884539526447,0.9513521834379913
Coil,0.06955391227240956,0.6714877541786394,0.9513521834379913
Ncln,0.06955366208051166,0.6714888721119017,0.9513521834379913
Mrpl19,0.06949595739418322,0.6717467319921292,0.9513521834379913
Rrm1,0.06972184997897386,0.670737508436217,0.9513521834379913
Adra2c,-0.06966564398352981,0.670988569823056,0.9513521834379913
Kras,0.06989953123167744,0.6699440627713056,0.9513521834379913
Trp53rk,0.06944211948787932,0.6719873447594992,0.9513684346063476
Adam34,0.06940326769639273,0.6721610006669236,0.9515110542094475
Col6a3,-0.06932144363270298,0.6725267823936044,0.9515127380954294
Slco1a4,-0.06937997995772151,0.6722650976149884,0.9515127380954294
Dtymk,-0.06933494428721751,0.6724664249103898,0.9515127380954294
Slu7,0.06934843298899795,0.6724061228021314,0.9515127380954294
Serpina1c,0.0693255710931458,0.6725083295175605,0.9515127380954294
Rasa1,-0.06928470760134331,0.6726910282810024,0.9516419371247614
Vmn1r148,0.06925205857170755,0.6728370133355657,0.9517452777252895
Glb1l,-0.06920565075075576,0.6730445381916175,0.9518324676343792
B3galt5,-0.06920744323306466,0.6730365222074017,0.9518324676343792
Krt23,-0.0691585925860157,0.67325499460614,0.9518844628212243
Ankfy1,0.06914849762409059,0.6733001449796843,0.9518844628212243
Ppp1r15a,0.06916127149323187,0.6732430132011882,0.9518844628212243
Gapdh,-0.06913188878597813,0.6733744314432514,0.951886356397247
Il17a,-0.06890678467508302,0.6743815447784562,0.9519693615116915
Mlx,-0.06894916556461343,0.6741918920941782,0.9519693615116915
Pex3,0.06892683428140105,0.6742918212688056,0.9519693615116915
Nmd3,0.06909101348630461,0.6735572671493372,0.9519693615116915
Prrc1,0.06901707864675814,0.6738880236143505,0.9519693615116915
Nol6,0.06897678589353273,0.6740683025347396,0.9519693615116915
Ndufa3,0.0689101238966993,0.6743666012128724,0.9519693615116915
Arhgap18,0.0689582526788195,0.6741512301205248,0.9519693615116915
Lgals2,0.06901394931343417,0.6739020243452059,0.9519693615116915
Gpr182,-0.06903285513807508,0.6738174407019681,0.9519693615116915
Pbld1,-0.06894615791265325,0.674205350582006,0.9519693615116915
Klf16,-0.0689569243586518,0.6741571738802575,0.9519693615116915
Ptpru,0.06896941147148833,0.6741012992352675,0.9519693615116915
Hsd17b4,0.06886486780941553,0.6745691396842971,0.9521007388962914
Spesp1,0.06885338337528495,0.6746205404119174,0.9521007388962914
Erp29,0.0688019363055251,0.6748508184991505,0.9521168051243826
Gt(ROSA)26Sor,-0.06883408317841579,0.6747069251874971,0.9521168051243826
Shmt2,-0.06881041798248569,0.674812852420287,0.9521168051243826
Nr5a1,0.06877643674786005,0.6749649653926206,0.9521749009090061
Mcf2,0.06873486628521536,0.6751510672469019,0.9523344802188761
Il1rapl2,-0.06871681296231713,0.6752318937060852,0.9523455448520001
Lmx1a,-0.06850361395201862,0.6761866663482692,0.9523527449384893
Tmem219,-0.06819758846981853,0.677557982059711,0.9523527449384893
Macrod2,-0.06866981589439375,0.6754423202359494,0.9523527449384893
Itgb2l,0.06823536780419673,0.6773886376863865,0.9523527449384893
Csnk1g1,-0.06820047966483596,0.6775450218628722,0.9523527449384893
Akap12,-0.06841993771943683,0.6765615259370105,0.9523527449384893
Spsb4,0.06817810328024593,0.6776453295079705,0.9523527449384893
Cys1,-0.06821478955376112,0.6774808770227196,0.9523527449384893
Vprbp,0.06857024058165516,0.6758882397083779,0.9523527449384893
Pias4,0.0684460983655654,0.6764443214259908,0.9523527449384893
Hdac3,0.06830576261612799,0.6770731357101942,0.9523527449384893
Vasn,-0.06848631877050633,0.676264140662754,0.9523527449384893
Ilf2,0.06855954137216219,0.6759361592717863,0.9523527449384893
Hoxd12,0.06826587691072482,0.6772518927604171,0.9523527449384893
Nelfe,0.06839673469721501,0.6766654857761296,0.9523527449384893
Iffo1,-0.06848975687398041,0.6762487393181769,0.9523527449384893
Dpm1,-0.06865670713435883,0.6755010180763701,0.9523527449384893
Elac2,0.06835351378477526,0.6768591497517344,0.9523527449384893
Trpc2,0.06847704553426612,0.6763056817164829,0.9523527449384893
Ddx21,0.06814552094871137,0.6777913972138669,0.9523527449384893
2810449G22Rik,0.06835058488075121,0.6768722742761675,0.9523527449384893
Oit1,0.06859496204573277,0.675777521961731,0.9523527449384893
Plcb2,-0.06819738349756962,0.677558900880581,0.9523527449384893
Sclt1,-0.06866927163323033,0.6754447572690199,0.9523527449384893
Zfp369,0.06822049598498281,0.677455298240011,0.9523527449384893
Adam3,0.06855715070779783,0.6759468667317909,0.9523527449384893
Col1a1,0.06853907902065455,0.6760278093058307,0.9523527449384893
Tob1,-0.06838218386028234,0.6767306828747865,0.9523527449384893
Arhgap10,0.06817956371635535,0.6776387825837864,0.9523527449384893
Prss29,0.06816124080733713,0.6777209231599157,0.9523527449384893
Slc27a3,-0.0686061465814529,0.67572743292856,0.9523527449384893
Cpxm1,0.06829235029095372,0.6771332442943305,0.9523527449384893
Hebp2,-0.06816533293926545,0.6777025780559056,0.9523527449384893
Epb4.1l1,-0.06827645762550497,0.6772044712013554,0.9523527449384893
Sec16a,0.0682297102500728,0.6774139964951879,0.9523527449384893
AA517864,0.06810529402345834,0.6779717512544732,0.9524099476992406
0610009B22Rik,-0.06810388184820314,0.677978082931891,0.9524099476992406
Gm11767,0.06805667144796419,0.6781897691317413,0.9525022384458178
Samt3,0.0680728997319044,0.6781170006714311,0.9525022384458178
Loh12cr1,-0.06803961871328532,0.678266237444608,0.9525071171345987
Tceb3,-0.06800383009013256,0.6784267316157617,0.9526222159536116
Ppp1r42,0.06797250768903525,0.6785672080074197,0.9526222159536116
Map6,0.06798342522014941,0.6785182433098393,0.9526222159536116
BC051019,-0.0679459905134652,0.6786861416909387,0.9526866892131087
Bbx,0.06787422383359532,0.679008063375881,0.9527800682955709
Mmp1b,-0.06763654245206686,0.6800746078917814,0.9527800682955709
BC022687,-0.06775417039839324,0.6795467038719121,0.9527800682955709
Chodl,0.06766737921128883,0.6799362012368557,0.9527800682955709
Ckap5,-0.06778173608529879,0.6794230123383697,0.9527800682955709
Allc,-0.06761249866975116,0.6801825320574413,0.9527800682955709
Slc25a47,-0.06761421326732037,0.6801748356266016,0.9527800682955709
Trim54,0.06758945093171065,0.6802859909809054,0.9527800682955709
Gabrb2,0.06771874074916893,0.6797056938767677,0.9527800682955709
Rab11b,0.06766923270565127,0.6799278823919866,0.9527800682955709
Foxa3,-0.06763082017224922,0.6801002926669011,0.9527800682955709
Fhl3,-0.06763113571844243,0.6800988763111586,0.9527800682955709
Ccdc59,-0.06774491976599956,0.6795882146786807,0.9527800682955709
Ovol1,0.06763833947344641,0.6800665419305558,0.9527800682955709
Xkr6,0.0675961457512968,0.6802559380547759,0.9527800682955709
Wnt7b,-0.06768510111356982,0.6798566633426107,0.9527800682955709
Catsperg1,0.0677312868876307,0.6796493917759321,0.9527800682955709
Tsks,0.06773568493770235,0.6796296554577075,0.9527800682955709
Vmn1r58,0.06786309838128379,0.6790579733111807,0.9527800682955709
Vps26b,-0.0678690181607255,0.6790314164043341,0.9527800682955709
Lst1,-0.06779191617322385,0.6793773347029545,0.9527800682955709
Lrpap1,0.06753055528247943,0.6805503926156613,0.9528825679797293
Ubxn2b,0.06750808699777773,0.6806512695332252,0.9528825679797293
Impact,-0.0675231877327975,0.6805834704721099,0.9528825679797293
Angptl1,0.067518967595719,0.6806024177434733,0.9528825679797293
Edn1,0.06739877938766523,0.6811421079700637,0.9530797445146558
Kcnip2,0.06737933220173921,0.6812294472567981,0.9530797445146558
Bptf,-0.06743912414032657,0.6809609281217028,0.9530797445146558
Ifna1,-0.06745898457385202,0.6808717452815849,0.9530797445146558
Myf6,-0.0673679856974053,0.6812804073746225,0.9530797445146558
Chchd5,0.0673927637754454,0.6811691242756974,0.9530797445146558
Il2,0.0673628699603667,0.6813033839246463,0.9530797445146558
Krtap19-3,0.06734145128948475,0.6813995855579461,0.9531121440610612
Fam213b,0.06729099955317376,0.6816262075816949,0.9532247757725365
Hunk,0.0673022298845788,0.6815757602447013,0.9532247757725365
Pgap2,0.06717210104289144,0.6821603872046965,0.9535283796389097
Mybl2,-0.0671784586107634,0.6821318206223155,0.9535283796389097
Nmur2,0.0671564757161783,0.6822305985658121,0.9535283796389097
Vip,0.06712109948624151,0.682389568633186,0.9535283796389097
Magea4,0.06711257209984342,0.6824278900642025,0.9535283796389097
Map2k7,-0.06722612997019432,0.681917631327819,0.9535283796389097
Dnajc21,0.06712706668552251,0.682362752937597,0.9535283796389097
Csgalnact2,0.06719887269190271,0.6820400964689005,0.9535283796389097
Ncr1,0.06682665035185043,0.6837132360520848,0.95355260702212
Uqcr11,-0.06692619283180923,0.6832656523059744,0.95355260702212
Nemf,-0.0666087382072378,0.6846934148197515,0.95355260702212
Htr1d,-0.0666176247862055,0.6846534330211058,0.95355260702212
Wap,-0.06659285697178806,0.6847648684504481,0.95355260702212
Per3,-0.0667651973254892,0.6839896050467869,0.95355260702212
Recql,0.06656383259538735,0.6848954630435429,0.95355260702212
Atl3,0.06704202655017708,0.68274494530532,0.95355260702212
Acsf2,-0.06671715905442022,0.6842056717734678,0.95355260702212
Zfp418,0.06679499596393713,0.6838555885624419,0.95355260702212
9030624J02Rik,0.06656695058024574,0.6848814333187192,0.95355260702212
Chek1,0.066712650101133,0.6842259533817885,0.95355260702212
Tars2,-0.06667612933614654,0.6843902342222111,0.95355260702212
Spo11,0.06698161375644739,0.6830165014730979,0.95355260702212
Slmo2,-0.06705392640227965,0.6826914597889628,0.95355260702212
Drd4,-0.06701478502770902,0.6828673915753897,0.95355260702212
Dok5,0.06653996838537023,0.6850028460591121,0.95355260702212
Lrwd1,0.06655817960650773,0.6849208995599148,0.95355260702212
Prpf4b,0.06657665114449215,0.6848377851739896,0.95355260702212
Dlg4,0.06663233090100004,0.6845872702079575,0.95355260702212
Diablo,-0.06701422964937137,0.6828698879916668,0.95355260702212
Ppnr,0.06669996606212075,0.68428300825854,0.95355260702212
D2Ertd239e,0.0668024444656904,0.6838220910786423,0.95355260702212
Fam60a,-0.06665412787423851,0.6844892097141397,0.95355260702212
Lingo1,-0.06668627160370927,0.6843446100263297,0.95355260702212
Cops7a,0.06664070078835647,0.6845496150766611,0.95355260702212
Tbp,-0.06677210915937,0.6839585189295095,0.95355260702212
Cntn3,-0.06663539469893716,0.6845734864605063,0.95355260702212
Fen1,-0.0666717946048197,0.6844097339943954,0.95355260702212
Cplx1,-0.06655148029847592,0.6849510445798219,0.95355260702212
Tnni1,-0.06658124514414189,0.6848171145941913,0.95355260702212
Rtn2,-0.06677922955513728,0.6839264953156601,0.95355260702212
Sh3pxd2a,-0.06658103352379692,0.6848180667695637,0.95355260702212
Klf5,-0.06678003014126624,0.6839228947533892,0.95355260702212
Cdc42ep4,-0.06655170904502793,0.6849500152764546,0.95355260702212
Hdhd2,-0.06646522415856314,0.6853392143656152,0.9535764781773376
Il1rap,0.06647303223847498,0.685304073307883,0.9535764781773376
Ceacam9,-0.06648471191904201,0.6852515088860182,0.9535764781773376
Acr,0.06639002592069168,0.6856776837104728,0.9535764781773376
Stat2,-0.06640614613302195,0.6856051213045746,0.9535764781773376
Prss41,-0.06648772577947193,0.6852379452294687,0.9535764781773376
4933415F23Rik,0.06640754656887676,0.6855988176055633,0.9535764781773376
Pgr,-0.06641547592614114,0.6855631260385322,0.9535764781773376
Hmg20b,-0.0664418173160241,0.6854445629907614,0.9535764781773376
Spp2,0.06633440775727126,0.6859280599093698,0.9536424868885104
Tex264,0.06631517639915949,0.6860146410606098,0.9536424868885104
Fundc1,0.06633110263509683,0.6859429395707477,0.9536424868885104
Acer1,0.06631454705695372,0.68601747447486,0.9536424868885104
Ylpm1,0.06580744223285732,0.6883018695570704,0.9538158121882199
Nusap1,0.06601603834479175,0.6873618723636318,0.9538158121882199
Gbp8,0.06626443988043325,0.6862430792104193,0.9538158121882199
Ypel3,0.06545472316691829,0.6898923351842463,0.9538158121882199
Exosc2,-0.06546926327100827,0.6898267466285362,0.9538158121882199
Fshb,-0.06549149903576904,0.6897264480712466,0.9538158121882199
Fgf16,0.06548738244093681,0.6897450163608434,0.9538158121882199
Ginm1,0.06604463046994043,0.6872330621727327,0.9538158121882199
Gale,0.0662366922592763,0.6863680223691184,0.9538158121882199
Rpp21,-0.06559704570027089,0.6892504285539299,0.9538158121882199
Cacna1d,0.06548756302960153,0.6897442017950222,0.9538158121882199
Hao2,-0.06566473237518175,0.6889452185348206,0.9538158121882199
Cacna1g,-0.06581045608508507,0.6882882850713679,0.9538158121882199
Tnks1bp1,-0.06603772918190844,0.6872641523551014,0.9538158121882199
Casd1,0.06545661527627661,0.6898837999989584,0.9538158121882199
Tmem98,0.0657485038160097,0.68856754418312,0.9538158121882199
Cd47,0.06585939774286276,0.6880677008505238,0.9538158121882199
Cd70,-0.06563783314602559,0.6890665058819676,0.9538158121882199
BC004004,0.06586851466095124,0.6880266128187982,0.9538158121882199
Tubb2a-ps2,-0.0659510968769373,0.6876544707223975,0.9538158121882199
Tvp23a,0.06583287605538209,0.6881872333286079,0.9538158121882199
Tlr2,-0.06549694634582076,0.6897018777290203,0.9538158121882199
Wnt8b,-0.06577856090967706,0.688432052465002,0.9538158121882199
Txnrd1,0.06559415756461563,0.6892634526530894,0.9538158121882199
Ucp3,-0.06573815201215942,0.6886142102925352,0.9538158121882199
Stc2,0.06550692012216677,0.6896568913320693,0.9538158121882199
Rnf5,-0.06608277335474383,0.6870612379121703,0.9538158121882199
Rfxap,0.06587248538707902,0.6880087178561765,0.9538158121882199
D17892,0.06563941060446826,0.6890593929939226,0.9538158121882199
Daf2,-0.06576277322378002,0.68850321923435,0.9538158121882199
Spock1,-0.0659914079699961,0.687472841188473,0.9538158121882199
Dlgap5,0.06548032959352704,0.6897768292940176,0.9538158121882199
Dlx6,0.06544347064370785,0.689943095351721,0.9538158121882199
Ahsa2,0.06610369708972438,0.6869669879731488,0.9538158121882199
Ces2a,-0.06614661176060291,0.686773694936964,0.9538158121882199
Gpaa1,-0.06558817476159867,0.689290432479108,0.9538158121882199
Nupl1,-0.0656316889017348,0.6890942110186229,0.9538158121882199
Pitpnm2,-0.06563334464080468,0.6890867450542432,0.9538158121882199
Ly6g6c,0.06622988821961759,0.6863986610889539,0.9538158121882199
Pou2f3,0.06577114650637558,0.6884654743450724,0.9538158121882199
Krt77,-0.06606575021854005,0.6871379210941091,0.9538158121882199
Mak16,-0.06607147477776769,0.6871121336578951,0.9538158121882199
Prl7a2,-0.06608277237712892,0.6870612423158932,0.9538158121882199
Ppp2r3d,-0.065705758823898,0.6887602463796665,0.9538158121882199
Ms4a10,-0.06575596736602758,0.6885338990475989,0.9538158121882199
Jarid2,-0.06550062683518322,0.6896852768829176,0.9538158121882199
Ptpro,-0.06619863089446856,0.6865394195046377,0.9538158121882199
Krtap6-5,-0.06622013063218211,0.6864426005174031,0.9538158121882199
Pqlc1,-0.0657317096909138,0.6886432529373105,0.9538158121882199
Rax,-0.06596493086090384,0.6875921371273024,0.9538158121882199
Mturn,-0.06586590774228568,0.6880383615663361,0.9538158121882199
Mogat1,0.06566372284829972,0.6889497703108762,0.9538158121882199
4632415L05Rik,-0.065039684613066,0.6917654225670818,0.9538191244995922
Imp3,0.0650516281343875,0.6917114966315356,0.9538191244995922
Usp34,-0.06528346905496445,0.690665001684335,0.9538191244995922
Cd209a,-0.06518716893628763,0.691099620035245,0.9538191244995922
Trap1a,-0.06511081629036904,0.6914442786778909,0.9538191244995922
Nme5,0.06509104413209095,0.6915335405093779,0.9538191244995922
Col4a2,0.06506732201281878,0.6916406397244601,0.9538191244995922
Setd3,-0.06520859115321341,0.691002929930569,0.9538191244995922
Cyp39a1,0.0650535168376372,0.6917029691198222,0.9538191244995922
Crk,0.06534913492078652,0.690368694515239,0.9538191244995922
Reep6,0.06536439574443731,0.69029983862896,0.9538191244995922
Bag5,0.06519692270617647,0.6910555953976159,0.9538191244995922
1700001K19Rik,0.06513491660554693,0.691335482620145,0.9538191244995922
Mesp1,-0.06525952492659937,0.6907730567429926,0.9538191244995922
Ryr3,0.06511376717629071,0.6914309571782964,0.9538191244995922
Clec14a,-0.06507545760257832,0.6916039090080338,0.9538191244995922
Unc93b1,0.06541456728630239,0.6900734843644933,0.9538191244995922
H2-Oa,0.06504807862548212,0.6917275227925671,0.9538191244995922
Sema4b,-0.0651043237112304,0.6914735891306755,0.9538191244995922
Nub1,-0.06517238115862561,0.6911663680130937,0.9538191244995922
Wdr4,0.06507594919430588,0.6916016895816595,0.9538191244995922
Fbxo18,-0.06503803494852076,0.6917728710448419,0.9538191244995922
Appl1,-0.06538080770560281,0.6902257915114028,0.9538191244995922
Nol7,-0.06509562040764667,0.6915128804649603,0.9538191244995922
Cldn7,0.06517536463740087,0.6911529012293963,0.9538191244995922
Tdrd1,0.06499315214573549,0.691975534009603,0.9539507356985973
Slc13a3,0.06498186578698081,0.6920264994134093,0.9539507356985973
Csnk1a1,-0.06496832648615244,0.6920876400382114,0.9539507356985973
Ptprj,0.06490643627967348,0.692367146632783,0.9540336743834408
Lhb,0.06492954921380921,0.6922627602222995,0.9540336743834408
Ctsf,-0.0649191474963868,0.6923097374936169,0.9540336743834408
Glyat,0.06485724106985204,0.6925893479616759,0.9541383447584364
Tmprss4,0.0648653038831728,0.6925529287689316,0.9541383447584364
Mllt1,0.0647577361483384,0.6930388588451477,0.9541532041644157
Il6st,0.06476037948589448,0.6930269163515097,0.9541532041644157
Ace2,-0.06477798806149987,0.6929473632988092,0.9541532041644157
Pmfbp1,-0.0647771513878836,0.6929511432013821,0.9541532041644157
Abtb1,0.06478121526668726,0.6929327835799316,0.9541532041644157
Acvr1,-0.06481009798452518,0.6928023032237058,0.9541532041644157
Rab4b,-0.0646864790009547,0.6933608222087941,0.9544957663258312
Kcnk3,0.06456509272218267,0.6939094027640336,0.954646683886966
Aif1,0.06457664447406021,0.693857190621543,0.954646683886966
Arf1,-0.06459118432648792,0.693791474622849,0.954646683886966
Ramp3,0.06460625242345062,0.6937233733425547,0.954646683886966
Ddx1,-0.06462781571932286,0.693625920528177,0.954646683886966
Thrap3,-0.06457058859531863,0.6938845620958332,0.954646683886966
Ufsp2,-0.06443167290481049,0.6945125365711665,0.9546712408845625
Ctla2a,0.06443607077727517,0.6944926528384765,0.9546712408845625
Wfikkn1,0.06451128770287594,0.6941526107743923,0.9546712408845625
Dcaf15,0.0645156661255636,0.6941328184626405,0.9546712408845625
Hsd17b12,-0.06444537307662865,0.6944505957676682,0.9546712408845625
Slc22a19,-0.06443907420115004,0.6944790738205375,0.9546712408845625
Actr1b,-0.06444169074682714,0.6944672440217747,0.9546712408845625
Hs1bp3,-0.06453152092261004,0.6940611497172029,0.9546712408845625
Crisp3,0.06439563205444275,0.6946754923310727,0.9546941020988065
Ramp2,-0.06439815873598045,0.6946640677240815,0.9546941020988065
Wnt1,0.06427989558316559,0.6951988730057204,0.9548262300817623
Cd300ld,-0.0642575853209915,0.6952997792945818,0.9548262300817623
Mlf2,-0.06434046600232508,0.6949249462483559,0.9548262300817623
Sac3d1,-0.06425507951026062,0.6953111130464754,0.9548262300817623
Sult2b1,-0.06427927216625308,0.6952016925684409,0.9548262300817623
Rgl1,-0.06424493147234095,0.6953570131402396,0.9548262300817623
Eml3,0.0642921960733018,0.6951432416799515,0.9548262300817623
Riok1,0.06433406545585311,0.6949538906772925,0.9548262300817623
Zfhx3,0.06421353330593925,0.6954990351496851,0.9548289955777778
Nfam1,0.06419595627898846,0.6955785448664539,0.9548289955777778
Kcnj15,0.06420003105169034,0.6955601123499489,0.9548289955777778
Smc3,0.06414004996638047,0.6958314576370701,0.9550757011366495
Slamf6,0.06403868005748879,0.6962901210209317,0.9551346640151905
B4galt7,0.06409220659321994,0.6960479194339897,0.9551346640151905
Ccdc107,-0.06407061494819535,0.6961456157851262,0.9551346640151905
Il1f10,-0.06403875848777063,0.6962897661118452,0.9551346640151905
Fzd1,-0.0640334933617724,0.6963135917523571,0.9551346640151905
Nup153,0.06410711174690764,0.6959804803516938,0.9551346640151905
Rpl11,0.0639561451621526,0.696663637981616,0.9555143800737973
Adh4,-0.06389498510613115,0.6969404653591398,0.9555927427205437
Otoa,0.06389625860993052,0.6969347007494007,0.9555927427205437
Pink1,-0.06392312983318954,0.6968130699081283,0.9555927427205437
Ipo8,-0.0638459025487502,0.6971626534625577,0.9556965505865023
Lct,-0.06385471780174123,0.697122746603345,0.9556965505865023
Ddt,-0.06349936173035456,0.6987320612846293,0.9557658542206701
Med8,0.06354940650973787,0.6985053460723788,0.9557658542206701
Supv3l1,0.06373533058794884,0.697663280738458,0.9557658542206701
Mthfr,0.06363835282366435,0.6981024583263754,0.9557658542206701
Ogdh,-0.06366714509466603,0.6979720587283182,0.9557658542206701
Hapln1,-0.06364315907122665,0.6980806903611119,0.9557658542206701
Ms4a6c,0.06356795009867723,0.6984213453103845,0.9557658542206701
Hamp,-0.06376680659557321,0.6975207571649807,0.9557658542206701
Mypop,0.06352333593322786,0.6986234491400154,0.9557658542206701
Cap1,-0.06354912668748508,0.6985066136675911,0.9557658542206701
Ighmbp2,-0.06371346780664208,0.6977622813291959,0.9557658542206701
Magea6,-0.06370485343411142,0.697801290838205,0.9557658542206701
Idi1,-0.06354416311191338,0.6985290988006017,0.9557658542206701
Pip4k2b,0.06366446229044337,0.6979842087467616,0.9557658542206701
Rnf121,-0.06349510619682167,0.6987513410426234,0.9557658542206701
Crp,0.06355376721245944,0.6984855921825797,0.9557658542206701
Gpr97,0.06350491808975597,0.6987068883845706,0.9557658542206701
Mark3,0.06376471336438737,0.6975302350253988,0.9557658542206701
Amn,-0.06355652741177975,0.6984730886358725,0.9557658542206701
Zmynd10,0.0636241963265421,0.6981665758128339,0.9557658542206701
Ptcra,0.0637215445646116,0.6977257070323345,0.9557658542206701
Senp1,-0.06346784706174534,0.6988748431959513,0.9557899066781814
Lce1a1,0.06344728755950675,0.6989679963687213,0.9557899066781814
Alb,-0.06344272615653172,0.6989886642217706,0.9557899066781814
Mgarp,0.06336509927273128,0.6993404253809511,0.9560842660421297
Ibsp,0.06336288219737007,0.6993504727850508,0.9560842660421297
Prdx3,-0.06328735375442963,0.6996927835906369,0.9560850942180925
Hspb3,0.06326106106074308,0.6998119607823305,0.9560850942180925
Cd79b,-0.0631637812150743,0.7002529613188271,0.9560850942180925
Mettl8,-0.06323976404552442,0.699908498987766,0.9560850942180925
Urod,0.06326958865012274,0.6997733069361386,0.9560850942180925
Trib3,0.06321056040120604,0.7000408847579569,0.9560850942180925
Snrpa1,0.0630556669945138,0.7007431865355075,0.9560850942180925
Dtnbp1,0.06323024111635388,0.6999516673473821,0.9560850942180925
Cd6,0.06315781200669933,0.7002800246691991,0.9560850942180925
Vrk1,0.06312370238282264,0.7004346784684405,0.9560850942180925
Cct2,-0.06312713962637234,0.7004190934117758,0.9560850942180925
Pof1b,-0.0630809680098014,0.7006284531849658,0.9560850942180925
Slc25a33,-0.06305903860528224,0.700727896818212,0.9560850942180925
Tanc1,0.06330194849694938,0.6996266327695972,0.9560850942180925
Plagl1,0.06321951651000522,0.7000002840929342,0.9560850942180925
Lrrc51,0.0631290451513188,0.7004104534820947,0.9560850942180925
Gja8,0.06308156216026445,0.7006257589466509,0.9560850942180925
Abcb8,0.06310223570453603,0.7005320147228292,0.9560850942180925
Atp6v1f,0.06328411251871231,0.6997074748092673,0.9560850942180925
Moxd2,0.06303104475347202,0.7008548478513703,0.9561226499922555
Wdr33,0.06301728387556958,0.7009172557150676,0.9561226499922555
Ppef2,-0.06299151876958238,0.7010341097331011,0.9561820944817848
Slc25a25,-0.06295416254160723,0.7012035452034594,0.9563132380183885
Mrpl50,-0.06290904010530572,0.7014082238370347,0.9564924143431358
Tnfrsf25,-0.06286885396044034,0.701590527865938,0.9566410447359064
Mis12,0.06280702210847218,0.701871058256466,0.9569235648509691
Opn1mw,-0.06277413201026145,0.7020202954680009,0.9570270409070147
Tnfrsf17,0.06269125685983575,0.7023963842400532,0.957439717742448
Eno3,-0.06266236465990961,0.702527513262322,0.957518437493215
Noc4l,0.06261264990278088,0.7027531657866054,0.9577259593054218
Slc25a30,0.06249777972030343,0.7032746472409878,0.9580364204872794
Syt11,-0.06251458192045672,0.7031983615008075,0.9580364204872794
Ghrh,0.06250837128452959,0.7032265588546236,0.9580364204872794
Zan,0.06252405172216453,0.7031553676969338,0.9580364204872794
Aldh8a1,-0.062190772813794766,0.7046690099692094,0.9580961634578681
Il24,0.062199282688522164,0.704630347535682,0.9580961634578681
Cd55,-0.06243688898886612,0.7035511277602907,0.9580961634578681
Hus1,0.062242668558403554,0.704433245867816,0.9580961634578681
Zbtb2,-0.06221502162146292,0.7045588435783858,0.9580961634578681
Pyroxd1,0.062201679891787216,0.7046194565840158,0.9580961634578681
Msgn1,0.062287604682822684,0.704229120638683,0.9580961634578681
Thpo,0.06214516485126934,0.7048762300009931,0.9580961634578681
Dpp4,-0.062116334483867004,0.7050072313221281,0.9580961634578681
Cilp2,0.062139310373427584,0.7049028313119476,0.9580961634578681
Myc,0.06215301681702608,0.7048405531158399,0.9580961634578681
Mrpl34,-0.062381995536803694,0.7038004079121387,0.9580961634578681
Vgll4,0.06245519387220305,0.7034680087983495,0.9580961634578681
Gtf2ird1,-0.06234686548224066,0.7039599545978776,0.9580961634578681
Fmod,0.06233010197817304,0.7040360919644141,0.9580961634578681
Rpp40,0.062215310986566734,0.7045575289786905,0.9580961634578681
Nfxl1,0.062118897581478344,0.7049955846247685,0.9580961634578681
Nphp1,-0.062157197440306365,0.7048215579100966,0.9580961634578681
Xpo5,0.06228271622232204,0.7042513258351639,0.9580961634578681
Smarcc1,-0.06245498797631941,0.7034689437139279,0.9580961634578681
Lamp5,0.062250074801702776,0.7043996011850113,0.9580961634578681
Tbl1x,-0.062366760375445474,0.7038695984625749,0.9580961634578681
BC006965,-0.062290283429708326,0.7042169528773985,0.9580961634578681
Col17a1,-0.06203129557035398,0.7053936835631862,0.9583711265751531
6330590E21Rik,-0.06200716914910497,0.7055033367982926,0.9583711265751531
Chst5,-0.062020121505453524,0.7054444683640224,0.9583711265751531
Npy4r,0.062022242705394436,0.7054348276688869,0.9583711265751531
Fgd2,-0.061985910330814284,0.7055999615983225,0.9583712355563623
Eps8l3,0.061942519583589026,0.7057971931716333,0.9583712355563623
Rab33a,-0.061956085792750026,0.7057355263489983,0.9583712355563623
Hspg2,-0.061959677718337054,0.7057191991200374,0.9583712355563623
Osgep,-0.0619034884657117,0.7059746236804254,0.9585124195615307
Slc25a44,-0.06185040980454468,0.7062159361147774,0.9587402986227352
Polr3d,-0.061827623123203806,0.7063195399296593,0.9587409490800398
Ahcyl2,0.06180625116146671,0.7064167160095347,0.9587409490800398
Krt36,0.06180182708893921,0.706436832355321,0.9587409490800398
Mapk10,-0.06175704094135772,0.7066404864704636,0.9588371732380925
Ezh2,0.061753916799688176,0.7066546934654561,0.9588371732380925
Armc5,-0.061327319343169755,0.7085955204320291,0.9589396561742877
Cox6b2,0.061415578237036896,0.7081938389005453,0.9589396561742877
Orc5,0.061653993083710654,0.7071091448372827,0.9589396561742877
Calb2,-0.061546374290898556,0.707598700615186,0.9589396561742877
Sema6a,-0.061339108525031195,0.7085418615070854,0.9589396561742877
Sfrp5,-0.06137637306543944,0.7083722592310798,0.9589396561742877
Muc20,-0.061395470780727227,0.7082853448620811,0.9589396561742877
H2afy,0.0615836435064648,0.7074291510961106,0.9589396561742877
Dtd1,-0.06164475776251513,0.7071511517685334,0.9589396561742877
Ropn1,-0.06153912336611451,0.7076316889280235,0.9589396561742877
Fpr3,0.061330089346326805,0.7085829125342096,0.9589396561742877
Pdcd10,-0.061609839661109236,0.7073099844348335,0.9589396561742877
Angpt4,-0.061673457508272994,0.707020613433279,0.9589396561742877
C79741,0.061368424217417596,0.7084084357449685,0.9589396561742877
Pitx1,0.061388996594890846,0.7083148087166214,0.9589396561742877
Lipa,-0.06131734940621912,0.7086409000297843,0.9589396561742877
Myb,0.0616439814536738,0.7071546828527617,0.9589396561742877
Atp1a1,0.061365153516433325,0.708423321418366,0.9589396561742877
Tbx19,0.06163918852041409,0.7071764839062864,0.9589396561742877
Morc4,0.06151135050488311,0.707758047109271,0.9589396561742877
Rsl24d1,-0.06154757072459299,0.7075932574505444,0.9589396561742877
Churc1,0.0615863526360635,0.7074168269234801,0.9589396561742877
Suclg2,0.06146219479951764,0.7079817089445991,0.9589396561742877
Glis1,0.06146535946798175,0.7079673087880902,0.9589396561742877
Dnajb5,0.06150186921633402,0.707801185819922,0.9589396561742877
Sdhc,-0.06152263551506833,0.7077067028082134,0.9589396561742877
Spats2,-0.06121246425031863,0.7091183574397342,0.9590439316554379
Ccdc106,0.06116143189097001,0.7093507045610477,0.9590439316554379
Rps28,-0.061168272387755074,0.7093195587668171,0.9590439316554379
Osbpl11,0.0612014614195306,0.7091684505336435,0.9590439316554379
Ldlrap1,0.061155125646962794,0.7093794182188893,0.9590439316554379
Nebl,0.06123498297839777,0.7090158389950152,0.9590439316554379
Rps4l,0.06116748811101596,0.7093231296722162,0.9590439316554379
Rps2,-0.06118318301771426,0.709251670009563,0.9590439316554379
Col6a1,0.061227600551346566,0.7090494475949185,0.9590439316554379
Fibin,-0.061136932699321196,0.7094622566695189,0.9590565614089456
Coro2b,-0.061059555347294306,0.7098146163634222,0.9594334917056451
Aox3,0.060825712385186526,0.7108798330058869,0.9597037856022225
Upp1,0.06090401907858959,0.7105230673551608,0.9597037856022225
Myod1,0.06092922462230376,0.7104082431826136,0.9597037856022225
Trim16,0.06089597134871174,0.7105597301624083,0.9597037856022225
Tdrd3,0.06083237068678299,0.710849495487544,0.9597037856022225
Kcnj6,-0.06095876535840634,0.7102736776769848,0.9597037856022225
Pcdh15,0.0607967848522012,0.7110116417096788,0.9597037856022225
Fjx1,-0.06078963239307049,0.7110442332134483,0.9597037856022225
Rbm4b,-0.06084588474287019,0.7107879220819175,0.9597037856022225
Osbpl10,0.060809235795841916,0.710954907839076,0.9597037856022225
Map1s,-0.06083210320413378,0.7108507142226244,0.9597037856022225
C80012,0.06081211877152626,0.7109417715048789,0.9597037856022225
Socs5,0.06097275081940889,0.7102099732695061,0.9597037856022225
Ogfod2,-0.06092786778213705,0.7104144241312651,0.9597037856022225
Sobp,-0.06073257368936393,0.71130424913962,0.9599554397582895
Mob4,-0.06013205776680956,0.7140426614392363,0.9600945291512513
Olfm3,-0.060286426981916066,0.7133383975829022,0.9600945291512513
Ly6f,0.06029177314074822,0.7133140113347507,0.9600945291512513
Nlrp6,-0.06041800005917947,0.7127383115622221,0.9600945291512513
Phkg1,0.06005679261239401,0.7143861176919359,0.9600945291512513
Mrpl48,0.06056196744080181,0.7120818841272489,0.9600945291512513
AW549877,0.06013544953806205,0.7140271850781583,0.9600945291512513
Zfp318,-0.0606513827073859,0.7116742888262602,0.9600945291512513
Nphs1,-0.0600672728344145,0.7143382902767628,0.9600945291512513
G6pc2,-0.06058405325211135,0.7119811999546541,0.9600945291512513
Sf3a3,-0.06017625452621821,0.7138410038977943,0.9600945291512513
Cxcl11,-0.060356038462234904,0.713020889221565,0.9600945291512513
Actb,-0.06008129591879419,0.7142742963109361,0.9600945291512513
Hps3,0.06015679786487973,0.713929776978028,0.9600945291512513
Glis2,0.06004850685888802,0.7144239311869607,0.9600945291512513
Hira,-0.06010486124394136,0.714166760747876,0.9600945291512513
Tnfrsf13b,0.060374569567409206,0.7129363737825791,0.9600945291512513
Ccs,0.060114919189605355,0.7141208649494373,0.9600945291512513
Lrrc26,0.06048960900596633,0.7124117820300282,0.9600945291512513
Gm9744,0.060653893620049956,0.7116628440412763,0.9600945291512513
Cinp,-0.060533128458405305,0.7122133614113765,0.9600945291512513
Dcbld1,0.06029295783787479,0.7133086074318438,0.9600945291512513
Noc2l,-0.06031975840255569,0.7131863622945687,0.9600945291512513
Chst2,-0.06050001717192883,0.7123643258812526,0.9600945291512513
Slc25a23,-0.06008827926613038,0.7142424286833761,0.9600945291512513
Ube2z,-0.06038714524711647,0.7128790212992994,0.9600945291512513
Gm4354,0.06013011177609716,0.7140515408766335,0.9600945291512513
Psmd12,0.060159214484782585,0.7139187506998728,0.9600945291512513
Fam227b,-0.06045657343995718,0.7125624148417748,0.9600945291512513
Irf2bp1,-0.06060098217025821,0.71190402800574,0.9600945291512513
Smarce1,-0.060076159247241814,0.7142977371581158,0.9600945291512513
Cfdp1,-0.060476930678087584,0.7124695903902811,0.9600945291512513
Cpa5,-0.060061113472873344,0.7143663989400668,0.9600945291512513
Rnf111,0.06007566561400711,0.7142999898324678,0.9600945291512513
Fxyd3,-0.060108712960359675,0.7141491847203354,0.9600945291512513
Gdf2,0.060175304552575824,0.7138453381705847,0.9600945291512513
Atg4b,-0.06012844962046318,0.714059125219997,0.9600945291512513
Eln,0.060114711820085626,0.7141218111956655,0.9600945291512513
Capza2,0.06007785327541811,0.7142900065497104,0.9600945291512513
1700080E11Rik,-0.06015594717592308,0.7139336584178146,0.9600945291512513
Zfp532,-0.060199498701397264,0.7137349545520508,0.9600945291512513
Rnf145,-0.06000577013519246,0.7146189779840773,0.9601588801188452
Rgs16,-0.06001656249385445,0.7145697209530482,0.9601588801188452
Klc3,0.05997547094331237,0.7147572713181385,0.9602458183290836
Akt2,-0.05992577908345197,0.7149840964317247,0.9604516650543108
Ugt2b37,0.059893810180065274,0.7151300349826664,0.9605112185247637
Papolb,0.059867696026023445,0.7152492536136967,0.9605112185247637
Mterfd2,-0.05988345264331492,0.715177319355529,0.9605112185247637
Atp6v0c,-0.059834546837578315,0.7154005983985179,0.9605822958762413
Lmo7,-0.05982385636087435,0.7154494086612913,0.9605822958762413
Tmc6,0.059799402696841496,0.7155610624985714,0.960633364665006
Amfr,0.05977821140475738,0.7156578250816996,0.9606644336478858
A4galt,-0.05973493613974726,0.7158554394024936,0.9607180927912945
Zfp764,-0.05972109001599006,0.7159186707259213,0.9607180927912945
Fgf18,-0.059734796967271214,0.7158560749548404,0.9607180927912945
Gm11517,-0.05969781795642832,0.7160249516618644,0.9607619120036678
Vpreb3,-0.0596440954068809,0.7162703159478048,0.9609396657013126
Dbn1,-0.05963656584047262,0.716304707508366,0.9609396657013126
Prl2b1,0.05960295356254423,0.7164582392258407,0.9610468301457643
Ppap2c,0.059578609324888426,0.716569443642574,0.9610972011606485
Zfp521,-0.05952937662301433,0.7167943553843181,0.9613000558489175
Abcd2,-0.05945632158359021,0.7171281372799843,0.9614322213289772
Gne,-0.05939618025513326,0.7174029548664786,0.9614322213289772
Tcf4,-0.059291679952878276,0.7178805520607983,0.9614322213289772
Fam49b,-0.059292122124283156,0.7178785309934395,0.9614322213289772
Bmp8a,-0.05934517575922008,0.717636047778426,0.9614322213289772
Sept9,0.059348736157134194,0.7176197758099931,0.9614322213289772
Igkv1-135,-0.05933655933624109,0.7176754276177599,0.9614322213289772
Timm9,0.05939754222633362,0.7173967309263778,0.9614322213289772
Hoxa5,0.059337455639202376,0.7176713311912484,0.9614322213289772
Scnm1,-0.05934405041766258,0.7176411909140943,0.9614322213289772
Nodal,0.05926065549151447,0.7180223625184721,0.9614322213289772
Stat5a,-0.059300388309144296,0.7178407484310969,0.9614322213289772
P2ry14,-0.05928089463992897,0.7179298498946377,0.9614322213289772
Il3,-0.05927693571270101,0.7179479457495349,0.9614322213289772
Gp1bb,-0.05942440932627893,0.7172739570980661,0.9614322213289772
Sdhd,0.059249848508219426,0.7180717625160711,0.9614322213289772
4931432E15Rik,0.059198288609073044,0.7183074638191871,0.9614518509976994
Lman1,-0.05920776572232347,0.7182641382248347,0.9614518509976994
Slc10a2,0.05919888099477241,0.718304755642866,0.9614518509976994
Mmp15,-0.05917854176380362,0.718397741220226,0.9614740641213056
Snd1,-0.05897652055964727,0.7193215366039339,0.9621696441555988
Dnase1l3,0.05891977612725469,0.7195810834021372,0.9621696441555988
Hic1,-0.05900656728001988,0.7191841161326555,0.9621696441555988
Tes,0.0589819598571835,0.7192966590332271,0.9621696441555988
Mmp14,-0.05893525318029244,0.7195102890225624,0.9621696441555988
Mrps21,-0.05899061166102165,0.7192570890709351,0.9621696441555988
Csn2,-0.0589462492691142,0.7194599925942455,0.9621696441555988
Zfp322a,-0.05901288145460286,0.719155238938698,0.9621696441555988
Txndc5,-0.058963849572285766,0.71937949062229,0.9621696441555988
1600012H06Rik,-0.058857116715018296,0.7198677196131991,0.9622773500488088
Gm16793,0.05878372541519854,0.7202034950040621,0.9622773500488088
Rap2a,0.05883654006562341,0.719961855634032,0.9622773500488088
Hadh,-0.05886113217764544,0.7198493497465366,0.9622773500488088
Sfmbt1,-0.05875801352753828,0.7203211421999179,0.9622773500488088
Ankrd61,0.058800834915199864,0.7201252122280458,0.9622773500488088
Rem2,-0.05875709957610285,0.7203253241839807,0.9622773500488088
Ppdpf,0.05878963445012084,0.7201764585112906,0.9622773500488088
Ubap1,-0.058762801794315055,0.7202992325669921,0.9622773500488088
Zfy2,-0.058669426867368056,0.7207265255174824,0.96229538973783
Arid5a,0.05873212040011353,0.7204396248272004,0.96229538973783
Syt17,-0.058718518240659115,0.7205018685098876,0.96229538973783
Ints4,0.058661704730657835,0.7207618663737063,0.96229538973783
Chrna1,0.058702675717441935,0.7205743662764905,0.96229538973783
Cyp24a1,0.058657459190088614,0.7207812965972527,0.96229538973783
Sprr2h,-0.05845980970361233,0.721686046328621,0.9624201551908201
Pnpo,0.058544899684097394,0.7212964990232802,0.9624201551908201
Tnfrsf10b,-0.05849256046960176,0.7215361033929151,0.9624201551908201
Gpr162,-0.0585453922366429,0.7212942442799659,0.9624201551908201
Rsrc1,0.05860984775889913,0.720999207345919,0.9624201551908201
Camk2g,0.05846816724156237,0.7216477820516652,0.9624201551908201
Gatad2a,0.05852797745322506,0.7213739647744818,0.9624201551908201
Gpcpd1,0.05849863336583064,0.721508300913756,0.9624201551908201
Heph,0.05859066836793549,0.721086994575378,0.9624201551908201
Gli1,0.05851679753175209,0.721425145107203,0.9624201551908201
Cers2,0.058465840280798265,0.7216584357793736,0.9624201551908201
Ifnar2,-0.0584146405704731,0.7218928604424296,0.962499227129178
Snapc2,0.05842869866284335,0.7218284912103434,0.962499227129178
Adprm,0.058372774642145256,0.722084566991192,0.962575414658436
Cftr,0.05836994274581168,0.7220975349905303,0.962575414658436
Atpaf2,-0.05830757769706111,0.7223831395803029,0.9626795395386019
Epb4.1l5,0.058282727321254016,0.7224969533211434,0.9626795395386019
Uba1y,-0.0582562353313055,0.7226182918063151,0.9626795395386019
Taok1,0.058258111863739664,0.722609696710414,0.9626795395386019
Rad9a,0.05826990307187372,0.7225556900856669,0.9626795395386019
C80171,-0.05827561291299825,0.7225295380697234,0.9626795395386019
Tm6sf2,-0.058218527563178926,0.7227910118036712,0.9627894837071144
Twist2,-0.05820600269423617,0.7228483846945053,0.9627894837071144
Btg2,-0.058183640787001854,0.7229508218433836,0.9628121122233148
Prr14,0.05814928901512322,0.7231081919785354,0.9628121122233148
Slc3a1,-0.058154057223602104,0.7230863475240294,0.9628121122233148
Col12a1,-0.05813786893629065,0.723160511295939,0.9628121122233148
Gng10,0.058118443065121816,0.7232495106398253,0.9628323673065784
Ammecr1l,-0.05808615292064231,0.7233974550754677,0.9628328632476314
Hist1h1e,-0.05808769094799247,0.7233904080475877,0.9628328632476314
F11,-0.057992086149821,0.7238284969232252,0.9628676182300394
Ldlr,-0.05804501332182769,0.7235859590064757,0.9628676182300394
Ddx46,-0.05800090074040468,0.7237881024335654,0.9628676182300394
Ube3b,0.05797214138776722,0.7239199000893439,0.9628676182300394
Peli2,0.058058167543736695,0.7235256839529552,0.9628676182300394
Arl6ip1,0.057969999854780206,0.7239297145552188,0.9628676182300394
Mmp23,0.05796773645948943,0.723940087551147,0.9628676182300394
Golt1a,-0.057913157812789516,0.7241902321060978,0.9629088810764604
BC027072,0.057846907611527366,0.7244939060404879,0.9629088810764604
Prkce,-0.05783326755285983,0.7245564335199558,0.9629088810764604
Clasrp,-0.05789166719945185,0.7242887351977086,0.9629088810764604
Sdhaf2,0.057832174214236844,0.7245614455735891,0.9629088810764604
Tbx1,-0.05791631273307355,0.7241757717552396,0.9629088810764604
a,-0.057876071056046585,0.7243602233766863,0.9629088810764604
Lrrc1,0.05789822882467308,0.7242586592792195,0.9629088810764604
Hs2st1,0.05780787197634116,0.7246728540424032,0.9629588668431078
Tyk2,0.05760645969707658,0.7255963920935367,0.9633857658575797
Zdhhc5,0.05721692486772997,0.7273835707070446,0.9633857658575797
Msh5,-0.05731671473263608,0.7269256063450306,0.9633857658575797
Prkcg,0.05765420215857948,0.72537744480965,0.9633857658575797
Zfp60,0.057261791303789104,0.7271776546555857,0.9633857658575797
Apoa1,-0.057235869175691165,0.7272966229459178,0.9633857658575797
Hspa5,0.05758198156342284,0.7257086569928717,0.9633857658575797
Tnip2,-0.057312397293704735,0.7269454184580431,0.9633857658575797
Clcf1,0.05748330179058317,0.726161290322997,0.9633857658575797
Nlrx1,-0.057367040857049155,0.726694679303822,0.9633857658575797
Srp68,-0.057390888568792736,0.7265852593845759,0.9633857658575797
Pbdc1,-0.057231224491721105,0.7273179401255357,0.9633857658575797
Hoxd10,-0.05725369917232061,0.7272147924330636,0.9633857658575797
Gdap10,-0.05736820334637624,0.7266893453613609,0.9633857658575797
Bicd1,0.05727166272184321,0.727132351873031,0.9633857658575797
Tor1aip1,-0.05743380634175631,0.7263883536493116,0.9633857658575797
Slc5a8,0.05720671087976052,0.7274304506854727,0.9633857658575797
Vnn1,-0.0572542170773095,0.7272124155583077,0.9633857658575797
Synj2,0.057398070493344854,0.7265523077261296,0.9633857658575797
Papd4,0.057238275780175964,0.7272855777023648,0.9633857658575797
Plin3,0.05730051584808979,0.7269999415880054,0.9633857658575797
Rag2,0.057294785406229884,0.7270262386425713,0.9633857658575797
Il2ra,0.057348324257385695,0.7267805598465445,0.9633857658575797
Tnfsf10,0.05757381756380782,0.725746101027658,0.9633857658575797
Serpinb1b,0.0574307243724763,0.7264024930984263,0.9633857658575797
Sdhb,-0.057487525390439644,0.7261419153304196,0.9633857658575797
Ccne1,-0.057595469022738384,0.7256467983278584,0.9633857658575797
Spert,0.05757447065920028,0.7257431055954213,0.9633857658575797
Gm15270,-0.0573050668499246,0.726979057206023,0.9633857658575797
Uchl1,-0.057585537564441,0.7256923476477064,0.9633857658575797
Arhgap39,0.05769848264975762,0.7251743925897137,0.9633857658575797
Dsn1,0.057345377049069626,0.7267940833090036,0.9633857658575797
Sema4g,0.05729213264364414,0.7270384122964924,0.9633857658575797
Avpr1b,0.05710720808003834,0.7278871958896344,0.9635017264317142
Surf1,0.05711869015549817,0.7278344854690719,0.9635017264317142
Eps15,-0.05711772530591578,0.727838914729666,0.9635017264317142
Fkbpl,0.057139945311981015,0.7277369131807514,0.9635017264317142
Mia,0.05714312720434682,0.7277223069791814,0.9635017264317142
Mvp,0.05702113763460652,0.7282823545725846,0.9636731371010284
Thyn1,0.05700669301544911,0.728348677883204,0.9636731371010284
Eya2,-0.05698851623589899,0.7284321402822209,0.9636731371010284
Pigyl,-0.05696641159810021,0.7285336422332475,0.9636731371010284
Serpina12,0.0570051835916686,0.7283556085983496,0.9636731371010284
Ptger1,-0.05698113060363827,0.7284660537681564,0.9636731371010284
Slc9b1,-0.05701213120744121,0.7283237078883076,0.9636731371010284
Nes,-0.05693225612612438,0.7286904888299268,0.963782909866381
Kdm4c,0.05683367723727169,0.7291432350970791,0.9642839844716514
Rbms1,-0.056624822616761133,0.7301027347877075,0.9643582131010547
Tlr1,0.05670031271644246,0.7297558805758071,0.9643582131010547
Irf1,0.056732307388204915,0.7296088900493054,0.9643582131010547
Insl5,0.056596256026137604,0.7302340028853952,0.9643582131010547
C1ql3,0.05663695267190676,0.7300469974232593,0.9643582131010547
Cd180,0.05667923477767901,0.7298527222287043,0.9643582131010547
Chrna2,-0.05660480341433066,0.730194725494393,0.9643582131010547
Zfp87,0.056799162862931345,0.7293017708467211,0.9643582131010547
Ifngr2,-0.056719116309754555,0.7296694916453996,0.9643582131010547
Smdt1,-0.05662367286890561,0.73010801792445,0.9643582131010547
Mib1,-0.05671632933370842,0.7296822955883924,0.9643582131010547
Zfp33b,0.05668233162374571,0.7298384936588684,0.9643582131010547
Ift122,-0.05662098535136631,0.7301203672194614,0.9643582131010547
Tada3,-0.05660197575046992,0.7302077192465444,0.9643582131010547
Ube2l6,-0.05652214737668876,0.7305745779589483,0.9647103488955997
Agbl3,0.05650016238767276,0.730675621973923,0.9647461490577478
Ap4b1,-0.056470975138200256,0.7308097745448132,0.9648256523710308
Reps1,-0.05642051566332636,0.731041717924513,0.9649366151322042
Trmt2a,-0.05642188970053192,0.7310354016886891,0.9649366151322042
Dusp14,0.05639232105140732,0.731171327880288,0.9650100796510446
Bambi,-0.056356814241719885,0.7313345618683449,0.9651279022876246
Retsat,0.056202114728899015,0.7320458859281287,0.9651296853943743
Cpn2,-0.05617414057400704,0.73217453654867,0.9651296853943743
Fam161a,0.056013364901892675,0.7329140634590106,0.9651296853943743
Cela2a,-0.055571077589008214,0.7349496461614307,0.9651296853943743
Slc33a1,0.05559976816992107,0.7348175485763273,0.9651296853943743
Slc27a1,0.056126354019853705,0.7323943186139472,0.9651296853943743
Golph3,-0.05575423702134305,0.7341064648752674,0.9651296853943743
Gas6,0.05562784046939216,0.734688304670865,0.9651296853943743
Klhl20,0.055724645836021,0.7342426690708952,0.9651296853943743
C1ql1,0.05625790372535354,0.7317893380265977,0.9651296853943743
Fgf23,0.055849040048832406,0.7336701512536383,0.9651296853943743
Ms4a4c,0.05555275494806723,0.7350340112996622,0.9651296853943743
Trim29,-0.05570692846896263,0.7343242233772544,0.9651296853943743
Mrps35,-0.055833192267407135,0.7337430822741031,0.9651296853943743
Ccl25,-0.055837909725098805,0.733721372442729,0.9651296853943743
Btbd2,0.05582215434336939,0.7337938797782101,0.9651296853943743
Tdo2,-0.05591275081513833,0.7333769784922148,0.9651296853943743
Serpinb11,0.05565649138138586,0.7345564039746835,0.9651296853943743
Psg16,-0.05610818826028785,0.7324778726843268,0.9651296853943743
Rfng,-0.05571864249172741,0.7342703025849749,0.9651296853943743
Uhmk1,-0.056085991935347426,0.7325799694428318,0.9651296853943743
Irak4,0.05566659915157205,0.7345098723766172,0.9651296853943743
Il1r2,-0.05604175561032463,0.7327834568822003,0.9651296853943743
Sall1,-0.05582685099595401,0.7337722652360767,0.9651296853943743
Pars2,0.055634317459345405,0.7346584858113852,0.9651296853943743
Arf4,0.0562900097783575,0.7316417095660888,0.9651296853943743
Zfp385a,-0.05620198380801612,0.7320464880053652,0.9651296853943743
Hiat1,0.055653456110951294,0.7345703771605703,0.9651296853943743
Styx,0.05612792219633815,0.7323871058659914,0.9651296853943743
Gimap6,-0.05586647665521857,0.7335899110601443,0.9651296853943743
Tnks2,0.05627838904639735,0.7316951423852663,0.9651296853943743
Dhh,-0.055957633062938154,0.7331704688798746,0.9651296853943743
Oas1a,-0.05602602866768269,0.7328558051016387,0.9651296853943743
Pinlyp,-0.056031170191072135,0.7328321524536714,0.9651296853943743
Ublcp1,0.05565426733982401,0.7345666425754362,0.9651296853943743
Slmo1,0.056148082654511974,0.7322943807997264,0.9651296853943743
Pigf,0.055836100256100495,0.7337296996308577,0.9651296853943743
Hmx1,0.05591826153072253,0.7333516219497961,0.9651296853943743
Sspo,0.055959389420256946,0.7331623879905772,0.9651296853943743
Tyrp1,-0.05615754645196921,0.7322508546921989,0.9651296853943743
D930048N14Rik,0.0561454010540004,0.7323067142203098,0.9651296853943743
Mrps23,0.05598383323817027,0.7330499263472507,0.9651296853943743
Lgi1,-0.05561536820274164,0.7347457257070185,0.9651296853943743
Kcnip3,0.05610279208432003,0.7325026931530675,0.9651296853943743
Cd200r1,-0.05567138581863847,0.7344878370410086,0.9651296853943743
Tspan32,0.05595287808035099,0.7331923463913881,0.9651296853943743
Creld2,0.055789368095013114,0.7339447713125733,0.9651296853943743
Syp,0.056159922301732626,0.732239927755502,0.9651296853943743
Nt5dc3,0.055555038703087464,0.7350234957715654,0.9651296853943743
Ctnnal1,-0.05561756301985648,0.7347356208953506,0.9651296853943743
Klk6,0.05552862465740003,0.7351451217809466,0.9651784580057926
Mtap,-0.05550258078414546,0.7352650492728621,0.9652387955695751
Cir1,-0.05547816714032812,0.7353774752296703,0.9652892741446502
Akirin1,-0.05539877725354102,0.7357431053361297,0.9654161744609578
Xrcc4,0.05538207533212912,0.7358200330404476,0.9654161744609578
D030056L22Rik,0.05537685670088683,0.7358440701347756,0.9654161744609578
Zfpm1,-0.055416682938826775,0.7356606358976729,0.9654161744609578
Vcan,0.055377897423879455,0.735839276529976,0.9654161744609578
U90926,-0.05531997332707597,0.73610609122573,0.9654687289581417
Sept4,-0.055326069916313565,0.7360780072413757,0.9654687289581417
Gjb3,0.05532866602906244,0.7360660483267971,0.9654687289581417
Dock6,0.05487964622238196,0.7381353163728113,0.9654765479686782
Ceacam12,-0.054675807918954426,0.7390752639530007,0.9654765479686782
Galnt10,0.055088601787344975,0.7371721452271207,0.9654765479686782
Grpel2,0.054769701184127266,0.7386422548561582,0.9654765479686782
Eftud2,-0.054941600955830526,0.7378496993751829,0.9654765479686782
Prkar1a,0.05507897650192135,0.7372165042179497,0.9654765479686782
Scfd1,0.05528507187739029,0.7362668712548999,0.9654765479686782
Scara5,0.05507711953970265,0.7372250622874204,0.9654765479686782
Dnah1,-0.05521173827431172,0.7366047307367676,0.9654765479686782
Gtpbp2,0.054627789859712644,0.7392967390201697,0.9654765479686782
Ica1,-0.05488233638927896,0.7381229137666022,0.9654765479686782
Ftcd,0.05460885823752508,0.739384063346424,0.9654765479686782
Psmb4,-0.05509309638772712,0.7371514317339358,0.9654765479686782
Fshr,0.05510178255504605,0.7371114017831104,0.9654765479686782
Lrrc3b,0.05480555548812914,0.7384769250724603,0.9654765479686782
Lrp1,0.05517435058608322,0.7367769997365504,0.9654765479686782
Sparcl1,0.055217620607902126,0.7365776281700595,0.9654765479686782
Dhrs7b,0.054639352193526836,0.7392434079199546,0.9654765479686782
Il15ra,0.05471906734223587,0.7388757543115554,0.9654765479686782
Thoc2,0.05466052882856988,0.7391457339812149,0.9654765479686782
Srfbp1,-0.05519883591129701,0.7366641788033539,0.9654765479686782
Gm1976,0.05458035886649872,0.7395155258599846,0.9654765479686782
Elp3,-0.05498412088947986,0.7376536978309582,0.9654765479686782
Cdca7,-0.054771785727115455,0.7386326423993543,0.9654765479686782
Svs6,0.054706936779713874,0.7389316980458863,0.9654765479686782
Vps13c,-0.054967313470045985,0.7377311720937858,0.9654765479686782
Suox,-0.0549991307768539,0.7375845114123762,0.9654765479686782
Ttc8,0.054853412356883506,0.7382562669122834,0.9654765479686782
Entpd6,0.054698428381236834,0.7389709378401861,0.9654765479686782
Pex5l,-0.05500459932934152,0.7375593052091411,0.9654765479686782
Tubb6,-0.0548946827051556,0.7380659937546056,0.9654765479686782
Ptrh2,0.054966801884381265,0.7377335303004083,0.9654765479686782
B4galt5,-0.05458186173500092,0.7395085932209613,0.9654765479686782
Tnmd,0.055199600630688406,0.7366606552929401,0.9654765479686782
Npr1,0.054612956014254636,0.7393651616090129,0.9654765479686782
Hoxb13,-0.05504619369987279,0.737367592737056,0.9654765479686782
Lama4,-0.054581930169277544,0.7395082775383583,0.9654765479686782
Ttc19,-0.054921999134852295,0.7379400619703469,0.9654765479686782
Vti1b,-0.05515052602158842,0.7368867810914662,0.9654765479686782
Rbp4,-0.054689265736568446,0.7390131956444027,0.9654765479686782
Gart,-0.0548721534209591,0.7381698611268825,0.9654765479686782
Cmtm7,-0.054719765901806175,0.7388725327328636,0.9654765479686782
Brwd3,0.05474259342942596,0.7387672603123515,0.9654765479686782
Elp5,-0.05491277880971448,0.7379825679739118,0.9654765479686782
Gabbr1,-0.05521113950751675,0.7366074895426236,0.9654765479686782
Hoxa13,-0.05470216569886814,0.7389537016669822,0.9654765479686782
Pik3r2,0.05450448347805004,0.739865559588613,0.9655471234195231
Vamp1,-0.054533637742068916,0.7397310572055142,0.9655471234195231
Ctsk,0.05451335331261797,0.7398246380803832,0.9655471234195231
Cd209e,0.054513341636337184,0.7398246919491527,0.9655471234195231
Clec2g,-0.05439074393300656,0.7403903636819735,0.9659421971291815
Cdrt4,-0.054391420113442814,0.7403872433985477,0.9659421971291815
Mphosph6,0.05440307449608988,0.7403334640256938,0.9659421971291815
Rph3a,0.05435095246859689,0.7405739911782716,0.9660851755358658
Bcl7b,0.05429825690572277,0.7408171887184107,0.9662312607846967
Pglyrp1,0.05423902181406826,0.741090595537246,0.9662312607846967
Cdc7,-0.054235913549619194,0.7411049429425177,0.9662312607846967
Slc22a26,-0.05419834816883816,0.7412783471312436,0.9662312607846967
Stk19,-0.05428088100430905,0.7408973862025293,0.9662312607846967
Il6ra,0.054218916052944835,0.7411834029724591,0.9662312607846967
Nup98,-0.05420837006981024,0.7412320842168507,0.9662312607846967
Canx,-0.05427795301385923,0.7409109004306058,0.9662312607846967
Brinp1,0.05414675338691058,0.7415165316134844,0.9664451878769834
Adamts8,0.05368205380516475,0.7436628152220567,0.9665139366673479
Dpp3,-0.05371935731194161,0.7434904556417865,0.9665139366673479
Chm,0.05408150864406093,0.7418177629842629,0.9665139366673479
Rbm22,-0.05401707053406533,0.7421153058670313,0.9665139366673479
Rqcd1,0.0540368511636406,0.7420239650671041,0.9665139366673479
Ikbkg,0.05372223747038191,0.7434771484591772,0.9665139366673479
Dlx1as,-0.05379164248568776,0.7431564980963794,0.9665139366673479
Rps11,0.0539946790929745,0.7422187066118284,0.9665139366673479
Cbx7,-0.053810191968772146,0.7430708066326321,0.9665139366673479
Eda,0.05370515561513568,0.7435560727050241,0.9665139366673479
Myo1e,0.05370277712533046,0.7435670623702082,0.9665139366673479
Lmna,0.05387288626562934,0.7427812048010753,0.9665139366673479
Man2b2,0.05385661100490473,0.7428563813969937,0.9665139366673479
Mrpl33,0.053997005805463,0.7422079619589027,0.9665139366673479
Trabd,0.05374408535285197,0.7433762070834042,0.9665139366673479
Zfp740,-0.05367297654623608,0.7437047581735359,0.9665139366673479
Ankrd26,-0.053670272394424706,0.7437172532820017,0.9665139366673479
Syk,0.053843056848717506,0.7429189907363138,0.9665139366673479
Tspan10,0.053752388628314975,0.7433378454333299,0.9665139366673479
Tslp,-0.05409025105456555,0.7417773976476396,0.9665139366673479
Hoxb3,-0.05370197019213068,0.7435707907661079,0.9665139366673479
Fam96b,-0.053927165367267355,0.742530502042263,0.9665139366673479
Abcf3,0.05396831809739612,0.7423404437206239,0.9665139366673479
Ccl8,0.05372511037157003,0.74346387487738,0.9665139366673479
Slc14a2,0.053959940613196214,0.7423791328288941,0.9665139366673479
Scand1,0.0537013800402832,0.7435735175377318,0.9665139366673479
Ahr,0.05396639489119202,0.7423493254669827,0.9665139366673479
Musk,0.05378449849345127,0.7431895013677349,0.9665139366673479
Adap2,-0.053817277225654735,0.743038076248304,0.9665139366673479
Lhx6,0.05362724493814679,0.7439160791372058,0.966546858927218
H2-Q2,-0.05360067401700165,0.7440388687197415,0.966546858927218
Ripk3,0.053626020807947934,0.7439217359581198,0.966546858927218
Gnai1,0.0536008545257225,0.7440380345323732,0.966546858927218
Cntn2,0.05354802416527493,0.7442821919643641,0.9667667054492322
Lin37,0.05350169439572242,0.7444963261245474,0.9667968167941055
Olfr749,0.05344683397517475,0.7447499120556631,0.9667968167941055
Naga,0.05344747901774745,0.7447469302733754,0.9667968167941055
Wdtc1,0.05344777546532916,0.7447455599120612,0.9667968167941055
Ecel1,-0.05346619424643576,0.7446604185420029,0.9667968167941055
Fez1,0.0534504171162807,0.744733348624903,0.9667968167941055
Tiam2,-0.05340355264515228,0.7449499929326238,0.9668641792100465
4930520O04Rik,-0.0534106633204793,0.7449171206256009,0.9668641792100465
Lrrc14,-0.053354205797840504,0.7451781327734199,0.9670640929448391
D15Ertd30e,0.053275871389501926,0.7455403297968082,0.9674373030772088
Gadd45gip1,-0.05318531836555657,0.7459590868037694,0.9674373030772088
Polr3g,0.052942951469648794,0.7470802370295786,0.9674373030772088
Lypd3,-0.05312385392992868,0.7462433646947064,0.9674373030772088
Upb1,0.05288577091112079,0.7473448169074332,0.9674373030772088
N4bp1,-0.053141555322748384,0.746161491092065,0.9674373030772088
Ptprf,-0.0527809617425062,0.7478298499174252,0.9674373030772088
Ube2e1,-0.052918556440082073,0.747193111800872,0.9674373030772088
Cyp2c39,-0.05275239270996388,0.7479620768300952,0.9674373030772088
Col4a3,0.052610126229628705,0.748620634462825,0.9674373030772088
Mef2c,0.05308814940656096,0.7464085155279069,0.9674373030772088
Klra1,0.05287933259263325,0.7473746093333986,0.9674373030772088
Fcer2a,-0.05286323686556072,0.7474490915958719,0.9674373030772088
Pam16,-0.05293504322706831,0.7471168275878941,0.9674373030772088
Krtap5-2,-0.05260298818159028,0.7486536812379228,0.9674373030772088
Tff3,-0.052609729097720395,0.7486224730395913,0.9674373030772088
Pla2r1,-0.0527064029664985,0.748174946857429,0.9674373030772088
Ces2g,0.0526995803411526,0.7482065278465416,0.9674373030772088
Cep164,-0.05312824792436008,0.7462230410677773,0.9674373030772088
Wnt11,0.05285061823795108,0.747507485250628,0.9674373030772088
Klrc3,-0.052737187239009,0.7480324555478224,0.9674373030772088
Klrc2,0.053091193269808726,0.7463944357583687,0.9674373030772088
Mrps26,0.05314529774127928,0.74614418175825,0.9674373030772088
Cd96,0.053113397862955526,0.7462917279947396,0.9674373030772088
B3gnt8,0.05265282886503322,0.7484229444083743,0.9674373030772088
Akr1d1,0.0527518497117748,0.7479645900709548,0.9674373030772088
Tab3,0.05272738939200157,0.7480778060311541,0.9674373030772088
AA517631,0.05275528790528461,0.7479486766001194,0.9674373030772088
Il1rl2,0.05260993211785299,0.7486215331298125,0.9674373030772088
Sdf2l1,-0.05300881040038322,0.7467755354433638,0.9674373030772088
Gm26672,-0.05308788439732505,0.7464097413649013,0.9674373030772088
Gpr33,-0.05325320557007813,0.7456451400357484,0.9674373030772088
Rpl8,-0.05273341062343344,0.7480499359607853,0.9674373030772088
2210016L21Rik,0.052616629392865245,0.7485905273614717,0.9674373030772088
5430435G22Rik,-0.05323087681934094,0.7457483958481204,0.9674373030772088
Grb10,-0.05296083150314324,0.7469975100360011,0.9674373030772088
Hsd17b2,0.052624502151430615,0.7485540800410195,0.9674373030772088
Gm9817,0.052900437672858555,0.7472769497967986,0.9674373030772088
Nufip1,-0.05268051656930196,0.7482947734680754,0.9674373030772088
Abca3,-0.05261640672353479,0.7485915582275254,0.9674373030772088
3010003L21Rik,0.053007634088263415,0.746780977426083,0.9674373030772088
Saa3,0.052941603518706595,0.747086473811536,0.9674373030772088
AF366264,0.052823055307231526,0.7476350394309816,0.9674373030772088
Acp1,0.05257234400988566,0.7487955583245665,0.9675248282579728
Rce1,-0.05250812893269179,0.7490928881037032,0.9677173643070214
Ucn2,0.05251633681392667,0.7490548819158456,0.9677173643070214
ND5,-0.05246158092893926,0.7493084369249874,0.9677680900997417
Ccnj,-0.05245885429298108,0.7493210636566193,0.9677680900997417
Gal3st1,0.05245160242361096,0.7493546465145062,0.9677680900997417
Hist2h2bb,0.052430708999298865,0.7494514048223544,0.9677972668507574
Gpr155,0.05241198410428166,0.7495381236617078,0.9678134747339823
Snapc3,-0.05237852471140856,0.7496930882365478,0.9678961959525322
Neto1,0.052366121233548696,0.7497505363390449,0.9678961959525322
Bnip1,0.052276811949358556,0.7501642199850652,0.9679960028240493
Styxl1,-0.05226245748298467,0.7502307165260156,0.9679960028240493
4933434I20Rik,0.05218245309093618,0.7506013651855127,0.9679960028240493
Gabrr1,-0.052186354578890065,0.750583288933918,0.9679960028240493
Ost4,0.052271082451087005,0.7501907614718638,0.9679960028240493
Emcn,0.052214135300883834,0.7504545798032282,0.9679960028240493
Pus7,0.052290665806303246,0.7501000441170562,0.9679960028240493
Ppp1r2-ps9,0.052192159458187344,0.7505563941821843,0.9679960028240493
Lsm14a,-0.052173284249537474,0.7506438464691974,0.9679960028240493
Mob1b,0.052245646129371305,0.7503085966760865,0.9679960028240493
Serpinb9b,-0.05224579789238273,0.7503078936094398,0.9679960028240493
Arhgap31,-0.0521517495861853,0.7507436240917366,0.9680290069933865
Ccdc97,0.052122934340774835,0.7508771411894861,0.9681055049285253
Vmn1r56,0.05208734877457921,0.7510420384209596,0.9681267963405219
Arr3,0.05208790135072105,0.7510394778007679,0.9681267963405219
Lrrn1,-0.052025673958725024,0.7513278533795624,0.9683995613146887
Tpsab1,0.05194427788527535,0.7517051090771101,0.9684075395742135
Ltbp2,-0.0519486302203473,0.7516849354306635,0.9684075395742135
Polrmt,-0.051959380616267196,0.7516351065976798,0.9684075395742135
Osbpl5,0.051969903435931664,0.7515863335181548,0.9684075395742135
Ltv1,-0.05200254673035898,0.7514350382402251,0.9684075395742135
Art5,0.051922212287123286,0.7518073884307432,0.9684361452569877
Ncl,-0.051907465770005747,0.7518757443174606,0.9684361452569877
Clk2,-0.051840766386908474,0.7521849444404519,0.96872925356366
Enpp3,0.051826349118457654,0.7522517837658492,0.96872925356366
Il17ra,-0.05180201645413326,0.7523645953368989,0.9687442541065302
Fanca,0.05179181129604322,0.7524119101363846,0.9687442541065302
Syt4,-0.05171802620950641,0.7527540298830495,0.9689542638688765
Emc6,-0.05171566681020155,0.7527649704605994,0.9689542638688765
Ddx27,-0.05170858971625705,0.7527977873478942,0.9689542638688765
Tspyl1,0.051657710177510634,0.7530337307482264,0.969162358470619
Asz1,-0.0515200043490387,0.753672419514734,0.9694645703405966
Wac,0.05140733838108452,0.7541950870043417,0.9694645703405966
Sh2b1,0.05139887106233564,0.754234371836749,0.9694645703405966
Maff,0.05143196807203481,0.7540808188202835,0.9694645703405966
C230052I12Rik,0.05148404466507373,0.7538392284422006,0.9694645703405966
Gucy2c,0.05158740918654043,0.7533597720250369,0.9694645703405966
Sgip1,0.051405582836817905,0.7542032319505285,0.9694645703405966
Tlm,0.05149340965023937,0.753795785354451,0.9694645703405966
Pcdhb6,-0.05144464390287789,0.7540220118838888,0.9694645703405966
Rims2,-0.05140957237200834,0.7541847223143647,0.9694645703405966
Wnt8a,-0.05153222519902862,0.7536157321313228,0.9694645703405966
Defb4,0.051405727817057385,0.7542025593056159,0.9694645703405966
Mov10,0.05145115660276771,0.7539917980485683,0.9694645703405966
Arl4c,-0.05110716970017143,0.7555881009950984,0.9695809941867479
Pomt1,-0.05126683617307483,0.7548470342986543,0.9695809941867479
Agmat,0.05111226553831477,0.7555644462705562,0.9695809941867479
Dzip1,-0.051338601459628715,0.754514014573918,0.9695809941867479
Il11,-0.05115410423761716,0.7553702402756943,0.9695809941867479
Smarcal1,0.051322166849915536,0.7545902740562864,0.9695809941867479
Fzd9,-0.051255008457624124,0.7549019236664676,0.9695809941867479
Ppp3cc,0.05116458399169279,0.7553215977983757,0.9695809941867479
Trmt10b,0.05128689413592984,0.7547539530827484,0.9695809941867479
Cdk5,-0.05120974562249602,0.755111987280357,0.9695809941867479
Mageb3,0.05117099222162477,0.755291854011154,0.9695809941867479
Prss42,-0.05125715741973105,0.7548919508046469,0.9695809941867479
BC021785,0.05113496664550232,0.7554590709858682,0.9695809941867479
Pde4b,0.05113742150325548,0.7554476761386725,0.9695809941867479
Lama2,0.051217090374523246,0.7550778993497609,0.9695809941867479
Tmem203,0.05123910681076217,0.7549757208889248,0.9695809941867479
Ubald1,0.05127537719635681,0.7548073983264847,0.9695809941867479
Smim11,0.050750264911343566,0.7572453649061431,0.9698002519050213
Polh,-0.05081683251721262,0.7569361845379189,0.9698002519050213
Dapk1,0.050984700514854354,0.7561566625092954,0.9698002519050213
Ids,0.05082177120688693,0.7569132476893148,0.9698002519050213
Dlx3,-0.050821022015618667,0.7569167271596389,0.9698002519050213
Haus1,0.0507911193447473,0.7570556078835211,0.9698002519050213
AA517545,-0.05098563489014762,0.75615232422498,0.9698002519050213
Akap2,0.0510216002833301,0.7559853430518368,0.9698002519050213
Htr5b,-0.05080821075339986,0.7569762272280789,0.9698002519050213
Acd,-0.05075970954109104,0.757201496138019,0.9698002519050213
Fdft1,-0.050953358562395065,0.7563021866103409,0.9698002519050213
Lrrc48,0.05090103380442376,0.7565451538654615,0.9698002519050213
Fmnl3,-0.0510022906957841,0.7560749928645549,0.9698002519050213
Abhd16a,-0.05096153907786613,0.7562642028190723,0.9698002519050213
Zfml,-0.050793229461828196,0.7570458073656648,0.9698002519050213
Zfp474,0.050807963149002586,0.756977377204203,0.9698002519050213
Mrpl47,-0.05091396340919364,0.7564851138686768,0.9698002519050213
Glb1,-0.05079274059599727,0.7570480779181404,0.9698002519050213
Tns1,-0.05075375356056019,0.7572291606145642,0.9698002519050213
Cdca4,-0.05097070231554701,0.756221656692191,0.9698002519050213
Slc12a8,-0.05072525486921118,0.7573615359531591,0.9698538452063565
Xirp1,-0.05070531900501978,0.7574541411737234,0.9698772532799448
Mtg1,0.050667163237681986,0.7576313896284397,0.970009027007605
C5ar1,0.05063837990201118,0.7577651072258509,0.9700850470116873
Nasp,0.050468289308947055,0.7585554262212074,0.9701841853104857
Penk,-0.05045100650304573,0.7586357430656241,0.9701841853104857
Ciita,0.05053007985641118,0.7582682921039903,0.9701841853104857
Krt17,0.050463366622490166,0.7585783027396399,0.9701841853104857
Clptm1,-0.05057938370800469,0.7580392043159105,0.9701841853104857
Rab22a,-0.05043673008792475,0.7587020903833949,0.9701841853104857
Ptafr,0.050452025237211685,0.7586310087266774,0.9701841853104857
Fgf13,0.05053151191500057,0.7582616378428741,0.9701841853104857
Olfr49,-0.05043316728775562,0.7587186481724608,0.9701841853104857
Nop10,-0.050420728409010115,0.7587764575250068,0.9701841853104857
Gramd1a,-0.05055543506017195,0.7581504780275586,0.9701841853104857
Slirp,-0.050539399801361996,0.7582249859674557,0.9701841853104857
Stk25,-0.0504137073062787,0.7588090884572624,0.9701841853104857
Zcchc17,0.05028859329023574,0.759390628365992,0.9702479532750696
Kbtbd4,0.05025662196891696,0.7595392536892672,0.9702479532750696
Sorbs3,-0.04993050471570258,0.7610557428672177,0.9702479532750696
Kctd11,-0.05021391458424369,0.7597378005650676,0.9702479532750696
Gm6787,-0.05008309176253244,0.7603460871356913,0.9702479532750696
Amph,-0.05017972603742857,0.7598967538041718,0.9702479532750696
Mapk11,-0.050117017490722206,0.7601883296590546,0.9702479532750696
Dnlz,0.04998262396998794,0.7608133245008556,0.9702479532750696
Dusp19,-0.049907243403477526,0.7611639434191806,0.9702479532750696
Rbm5,0.05020730896941545,0.7597685114061122,0.9702479532750696
Heatr5b,-0.05014871578915751,0.7600409382015754,0.9702479532750696
Hoxc6,-0.0500348321388198,0.7605705142111733,0.9702479532750696
Defb6,-0.050125803935703185,0.7601474734485947,0.9702479532750696
Ppig,-0.04993051498783748,0.7610556950870844,0.9702479532750696
Tango2,-0.050243783522330644,0.7595989381703251,0.9702479532750696
Pla2g2a,0.049994779432164294,0.7607567898171794,0.9702479532750696
Ido1,0.05032498684902653,0.7592214552943377,0.9702479532750696
Fbxl8,-0.05001942732844033,0.7606421568085077,0.9702479532750696
Ranbp17,-0.04991449897610728,0.7611301934882035,0.9702479532750696
Rp2h,0.05018067366609974,0.7598923478566934,0.9702479532750696
Kif3b,-0.04997236592615699,0.7608610352631101,0.9702479532750696
Nsmf,0.04999234863998673,0.7607680952635035,0.9702479532750696
Zg16,-0.049982952468660934,0.7608117966481155,0.9702479532750696
Smr2,0.04991202478264087,0.7611417023686787,0.9702479532750696
Psmc4,0.0502421322648705,0.759606614774362,0.9702479532750696
Ift172,-0.050056227604431125,0.7604710142201772,0.9702479532750696
Aco1,0.0499387174093702,0.7610175423513612,0.9702479532750696
Asb8,-0.05009322443944558,0.760298968379845,0.9702479532750696
Il1f6,-0.049949173781646435,0.7609689063657566,0.9702479532750696
Otx2,0.050036568204103384,0.7605624404731484,0.9702479532750696
Brap,0.05025720917554763,0.7595365238637629,0.9702479532750696
Aph1a,0.049852262390389576,0.7614197059834928,0.9704791700897244
Crygb,0.0498195011801222,0.7615721170998446,0.9705786264318657
Igkv4-72,-0.0497885117036711,0.7617162936126545,0.9706675698585476
Defa3,0.04959260785513044,0.7626278992265002,0.9706978027698324
Anapc7,0.04957423892975513,0.7627133914721351,0.9706978027698324
Cdc23,-0.049324112931197955,0.7638777867498476,0.9706978027698324
Kifc5b,0.0493265570799895,0.7638664062837418,0.9706978027698324
Pbx3,0.04964351956757849,0.7623909609760743,0.9706978027698324
Sirt1,0.04952434819660763,0.7629456052414278,0.9706978027698324
Wdpcp,-0.04938623934321676,0.7635885277852489,0.9706978027698324
Nr4a2,-0.04965440067676657,0.7623403239861635,0.9706978027698324
Chrnb1,-0.0496606051740528,0.7623114507797074,0.9706978027698324
Rbpms,0.049633161684070996,0.7624391639196809,0.9706978027698324
Mrpl55,-0.04967536174258229,0.7622427809341048,0.9706978027698324
Csn1s2a,-0.049477571542437454,0.7631633425068355,0.9706978027698324
Cyc1,-0.04945886089078214,0.7632504421894539,0.9706978027698324
Atp5d,-0.049392850436579094,0.7635577484905879,0.9706978027698324
Vmn1r49,0.0494143946457459,0.7634574474106737,0.9706978027698324
Fxr2,0.04957082006728611,0.7627293037598268,0.9706978027698324
Aip,-0.049382392311293696,0.7636064385857237,0.9706978027698324
Ext1,-0.049397796367185824,0.763534721925638,0.9706978027698324
Ifng,-0.049531333777121406,0.7629130900467208,0.9706978027698324
1700082M22Rik,0.04967624271265277,0.7622386813851033,0.9706978027698324
Itga3,-0.049662289952170806,0.7623036105601806,0.9706978027698324
Zbed3,-0.0493877457715355,0.7635815142704929,0.9706978027698324
Tlx3,0.04969177249224846,0.7621664153597285,0.9706978027698324
Ube2f,-0.049405345319228924,0.7634995769519051,0.9706978027698324
Gng11,-0.04953163093113997,0.7629117069174017,0.9706978027698324
Cdk2,0.04935065873916587,0.7637541864472565,0.9706978027698324
Nrm,-0.049738934377894166,0.761946964688203,0.9706978027698324
Dram1,-0.04935192491823876,0.7637482911116498,0.9706978027698324
Med28,-0.04931992430902224,0.7638972899565797,0.9706978027698324
Prss58,0.049294764128155776,0.7640144445537533,0.9707521408940533
1810009N02Rik,-0.04923597056825986,0.7642882272754769,0.970808349502646
Tmem80,-0.04921645185678846,0.764379125634534,0.970808349502646
Slc40a1,0.049237624665538465,0.7642805243053908,0.970808349502646
Cnn1,-0.0491970178232516,0.7644696326143049,0.970808349502646
Mchr1,-0.049189409703871825,0.7645050654831168,0.970808349502646
Dbil5,0.049202950099832735,0.7644420048688733,0.970808349502646
Stra6,-0.04915047422568711,0.7646864045997388,0.970849668575792
Ppat,-0.0491518573407163,0.7646799626403438,0.970849668575792
Mre11a,0.04908731268659721,0.7649806000265135,0.9708821589479469
Coro1b,0.049033169331226756,0.7652328151413621,0.9708821589479469
Csde1,0.04904285573109293,0.7651876914605511,0.9708821589479469
Phlda3,0.049086424332869596,0.7649847380455257,0.9708821589479469
Mmaa,0.049054892299345454,0.7651316206411549,0.9708821589479469
Sh3glb2,0.049037075189089785,0.7652146197809047,0.9708821589479469
Rnf8,0.0490611515581848,0.7651024631285634,0.9708821589479469
Matn3,0.04898426738890439,0.7654606339336631,0.9709998572039482
4930430F08Rik,-0.04898131118677854,0.7654744065489322,0.9709998572039482
Arl16,-0.04895028969054319,0.765618936341258,0.9710887927990937
Crx,-0.04893363774278768,0.7656965212037457,0.9710928083572434
D1Ertd259e,-0.04891233621008844,0.765795772591606,0.9711242989842436
Rfx1,0.048438746629980954,0.7680033042319481,0.9712542137245145
Nprl2,0.04851660700113403,0.7676402562556819,0.9712542137245145
Tnni3,0.04813033595303287,0.7694418230783264,0.9712542137245145
Slc12a2,0.04868094583301896,0.7668741297080255,0.9712542137245145
Chchd1,0.04805310373299801,0.7698021714721379,0.9712542137245145
Gmeb1,0.048436859202855335,0.7680121055237025,0.9712542137245145
Esrp2,-0.048646592612309324,0.7670342627258895,0.9712542137245145
Fga,0.048073218830577115,0.7697083144888929,0.9712542137245145
Epn3,-0.04833079657030375,0.7685067320393251,0.9712542137245145
Polr3f,0.04877447792094094,0.7664381885758493,0.9712542137245145
Ripk1,0.0485385528652722,0.7675379353622245,0.9712542137245145
Zfp397,0.04866449618136177,0.7669508064533036,0.9712542137245145
Pex11b,0.04808436256981824,0.7696563191706208,0.9712542137245145
Mrpl41,-0.04803305268686635,0.769895732676247,0.9712542137245145
Trappc4,0.04844432681369931,0.7679772833483962,0.9712542137245145
Hba-x,0.04819050949194679,0.7691610984162321,0.9712542137245145
Kcns2,-0.04855740595678552,0.7674500372555539,0.9712542137245145
LOC102636151,0.04821936292448715,0.769026499774343,0.9712542137245145
Zbtb3,0.048125688362107975,0.7694635064125234,0.9712542137245145
Phc1,-0.048541155257671276,0.7675258021559822,0.9712542137245145
Cdx2,-0.04846729610333752,0.7678701780777102,0.9712542137245145
Fabp5,-0.04866233145110287,0.7669608970645316,0.9712542137245145
Tpgs1,-0.04818949277217086,0.7691658414382838,0.9712542137245145
Zbp1,-0.04831851642730822,0.7685640064827168,0.9712542137245145
Fut10,-0.04883782222230682,0.7661429874513316,0.9712542137245145
C86187,0.048189268300835475,0.7691668886034977,0.9712542137245145
Herc4,0.04853321287975513,0.7675628322887386,0.9712542137245145
Bcl9,0.04794321135348064,0.7703149836652433,0.9712542137245145
C80425,-0.04808812313041208,0.7696387730716765,0.9712542137245145
Prss40,0.04818912300492671,0.7691675664132831,0.9712542137245145
Ap4m1,0.047996924892854946,0.770064318179625,0.9712542137245145
Gtse1,0.0483236714920047,0.7685399631798069,0.9712542137245145
Pdik1l,0.048025790002748765,0.7699296222148115,0.9712542137245145
Hnf4a,-0.04838503570267623,0.768253775257014,0.9712542137245145
Rps6kl1,0.04831731239708602,0.7685696221281079,0.9712542137245145
Dlat,-0.048696632388683346,0.7668010119356096,0.9712542137245145
1110001J03Rik,-0.04812299037014509,0.7694760939693082,0.9712542137245145
Has3,-0.04852770789303049,0.7675884987408153,0.9712542137245145
Ocln,-0.04812634487285083,0.7694604434517808,0.9712542137245145
Tor1a,-0.04831358937623843,0.7685869865177241,0.9712542137245145
Pdzk1,0.04859768374052332,0.7672622607709375,0.9712542137245145
Mvk,0.04828249227749387,0.7687320293945632,0.9712542137245145
Zfp703,-0.04877280407968543,0.7664459895396828,0.9712542137245145
Nip7,-0.04813463341563561,0.7694217734151769,0.9712542137245145
Parp8,-0.04793268754884916,0.7703640977890049,0.9712542137245145
Defb2,-0.04817023675308954,0.7692556727264345,0.9712542137245145
Leprot,0.04850432992940624,0.7676974987764688,0.9712542137245145
Eri1,0.0479701330655473,0.7701893450970217,0.9712542137245145
Inpp1,-0.048326226656413146,0.768528045928627,0.9712542137245145
Agrn,-0.048786446488897676,0.7663824095083993,0.9712542137245145
Psmd6,-0.047986827757647635,0.7701114368923541,0.9712542137245145
Ccnk,-0.048260724923477626,0.7688335609666747,0.9712542137245145
Tnfrsf8,0.04857920219044296,0.7673484208673094,0.9712542137245145
Prop1,0.04843655924439592,0.7680135042673457,0.9712542137245145
Pigm,-0.04795538151588798,0.7702581871192646,0.9712542137245145
Zfp593,-0.04823512973384158,0.7689529517439343,0.9712542137245145
BC053393,0.048506164030910126,0.7676889471035295,0.9712542137245145
Golm1,-0.048334857443502535,0.7684877924297108,0.9712542137245145
Hsd3b5,-0.04816093344824564,0.7692990746100994,0.9712542137245145
2310034C09Rik,-0.04877557746223808,0.7664330641579624,0.9712542137245145
Hoxb9,0.04788952357962903,0.7705655509489387,0.9714143439602649
Ppp1cc,-0.04784133220309956,0.7707904846327538,0.9714163641078621
Il23a,-0.04784781448808107,0.7707602274775621,0.9714163641078621
Prmt6,0.04784781345962099,0.7707602322780471,0.9714163641078621
Sdf2,-0.0478229125379895,0.770876463266547,0.9714308999676651
Ccdc82,0.04779701808926513,0.7709973367950156,0.9714894020701196
Aptx,-0.04776658155459751,0.7711394190063925,0.9715746141367593
Zdhhc6,-0.047407833514903006,0.7728146381740326,0.9716856090040312
2610018G03Rik,0.047582687069178876,0.7719980154322068,0.9716856090040312
Sprr1b,-0.04753518080946406,0.7722198621275543,0.9716856090040312
Bcar3,0.047322433627023805,0.7732135674272108,0.9716856090040312
Rnf135,0.047304549227416226,0.7732971179594197,0.9716856090040312
Cdk18,-0.04742736663069411,0.7727234007060804,0.9716856090040312
Rp9,-0.04744444932346035,0.772643611315461,0.9716856090040312
Pate4,-0.04754252898128278,0.7721855462117598,0.9716856090040312
Itga2b,0.04753723307606008,0.7722102780143525,0.9716856090040312
Mapk8ip1,0.04756574227251105,0.7720771429795554,0.9716856090040312
Hist1h1t,-0.04736254246145154,0.7730261998086465,0.9716856090040312
Oas2,-0.04754628080046638,0.7721680253978899,0.9716856090040312
Mgat5,-0.04730596230408904,0.7732905164026406,0.9716856090040312
Tmem184a,0.04737138348101756,0.7729849007974363,0.9716856090040312
Helb,-0.04742580076800734,0.772730714606699,0.9716856090040312
Myo1d,-0.047429196067854985,0.7727148557136656,0.9716856090040312
Phtf1,0.04744251371741687,0.7726526519821384,0.9716856090040312
Ppp4r1,0.04770689333895148,0.7714180728438684,0.9716856090040312
Ints1,0.047608780941184634,0.7718761684778702,0.9716856090040312
Klk1b3,-0.0472853138525928,0.7733869825362762,0.9716856090040312
Pet2,-0.04733095266678962,0.7731737698867059,0.9716856090040312
Fhl2,0.04750872288850054,0.7723434238416934,0.9716856090040312
Dusp7,-0.047323219091208436,0.7732098980303105,0.9716856090040312
Prkx,0.04763893355817459,0.7717353754021041,0.9716856090040312
Pou2f1,-0.047631155300539775,0.7717716941363655,0.9716856090040312
Slc22a29,0.047711248122298,0.7713977416642648,0.9716856090040312
C78344,-0.04729189472682933,0.7733562374362128,0.9716856090040312
Aurka,-0.047662933334700446,0.7716233170201929,0.9716856090040312
Strn3,0.04743559762175727,0.7726849553344914,0.9716856090040312
Slc44a4,0.04718957792291825,0.7738342869083719,0.972154001142519
Uck1,0.047135343406293356,0.774087715999916,0.9722013720849588
Wasf1,-0.047095747624251755,0.7742727546393025,0.9722013720849588
Hibadh,-0.04707260909082084,0.7743808908750273,0.9722013720849588
Olfr157,-0.047108894494712235,0.7742113154993333,0.9722013720849588
Echdc2,-0.04715971815202702,0.7739738140307394,0.9722013720849588
Rimklb,-0.04706990650925203,0.7743935214538327,0.9722013720849588
Stk11,0.0470827198529868,0.7743336384759842,0.9722013720849588
Ttr,0.04698802192112516,0.7747762370200997,0.9723142282054769
BC005624,0.04697928953772055,0.7748170537635097,0.9723142282054769
Gtf3c1,0.04696789294659836,0.7748703243571856,0.9723142282054769
Tnfrsf18,-0.04700510245011242,0.7746964011844157,0.9723142282054769
Tek,0.046960317631216886,0.7749057338655834,0.9723142282054769
Notch2,0.04695502134180655,0.7749304907147643,0.9723142282054769
Erbb3,0.04692979895687483,0.7750483925157028,0.9723686639685997
Kdr,-0.0468962134510077,0.7752053950462501,0.9724721399690941
Lrrc46,-0.0468669951466019,0.7753419890432367,0.9725499966380078
Usp11,0.046838412529112486,0.7754756174202724,0.9726241187732733
Ncaph2,-0.046799850452266326,0.7756559110725421,0.9727567499842
Chmp1a,-0.046733001916612046,0.7759684819419292,0.9729617296877326
Atoh8,-0.046745580793677965,0.775909662988058,0.9729617296877326
Aqp5,0.04667011963013481,0.7762625378397041,0.973236919318822
Dtnb,-0.046653212800046556,0.7763416041340012,0.9732425393740592
Col8a1,-0.04662755777041857,0.7764615862296184,0.9732994465619874
Mob2,0.046575345365228484,0.7767057856030168,0.9733395258840597
Mx1,0.046572876439978,0.7767173333612318,0.9733395258840597
Itgb3,0.0465906183583125,0.7766343511429122,0.9733395258840597
Mllt3,-0.04654764910117009,0.7768353303014306,0.9733939144520231
Med17,-0.046530636960239125,0.7769149046075733,0.9734001526859553
Spi16,-0.04650348000172775,0.7770419357660834,0.9734658429158624
Pcdhb5,-0.04648368359443643,0.7771345401837515,0.9734883953976935
Csdc2,-0.04640911207585946,0.7774833999069395,0.973551567544924
Adam12,-0.04644235061447328,0.7773278986145479,0.973551567544924
Tbxas1,-0.04641317292222469,0.7774644014343752,0.973551567544924
Aqp8,0.04643473966183772,0.7773635045398664,0.973551567544924
Gabra3,0.04621810091924693,0.7783771743103124,0.9735852331361688
Uso1,-0.04623626170857052,0.7782921852098094,0.9735852331361688
Cd38,0.04627053873562882,0.7781317817700528,0.9735852331361688
Mnat1,0.04622768091914783,0.7783323413972233,0.9735852331361688
Chic1,0.046211882834833774,0.7784062743433908,0.9735852331361688
Mapk8ip2,0.04627594413083255,0.7781064873708905,0.9735852331361688
Tmprss15,0.04638475718157127,0.7775973456630758,0.9735852331361688
Spire2,0.04627655212792633,0.7781036422786219,0.9735852331361688
Cnpy3,-0.04624229553933575,0.7782639485486623,0.9735852331361688
Hltf,-0.04623639744622094,0.7782915499921446,0.9735852331361688
Pyhin1,-0.046196083545886044,0.778480214770694,0.9735852331361688
Grb14,0.04622107275327966,0.7783632665156135,0.9735852331361688
Gzma,-0.04635105320080086,0.7777550389026634,0.9735852331361688
Slc8a1,0.046148009339464155,0.7787052126452454,0.973679984650039
Tmed10,0.046159954816582575,0.7786493035889083,0.973679984650039
Trpv4,0.046039961188938786,0.7792109639781803,0.9738728948078178
Krt13,-0.04592886632763558,0.7797310659359145,0.9738728948078178
Ms4a8a,0.045862060443544274,0.7800438681683639,0.9738728948078178
Pex6,-0.04608580306894019,0.7789963769917718,0.9738728948078178
Zfp423,0.04592407530472243,0.7797534976398988,0.9738728948078178
Emp2,0.045887082447486564,0.7799267049113346,0.9738728948078178
Vac14,0.04605931625303968,0.7791203605517414,0.9738728948078178
Amd1,-0.04599877984026529,0.7794037480899949,0.9738728948078178
Ciao1,0.04592992112070692,0.7797261273877382,0.9738728948078178
Gm5595,0.045993380545858484,0.7794290249763411,0.9738728948078178
Pax6,-0.04584404271882206,0.7801282373688496,0.9738728948078178
Sgms1,0.045881991854785614,0.7799505407763697,0.9738728948078178
Foxh1,0.04585752030124006,0.7800651274638702,0.9738728948078178
Cant1,0.04595999414644834,0.7795853287191523,0.9738728948078178
Ccdc6,-0.04604337634355546,0.7791949770206271,0.9738728948078178
Tmed8,0.045867267360881696,0.7800194868732377,0.9738728948078178
Icosl,-0.045932526214541705,0.7797139303560846,0.9738728948078178
Slc52a3,0.04570332259854783,0.780787250548504,0.9738786614949667
Epha5,-0.045538494464466346,0.7815593491723866,0.9738786614949667
Slc6a6,-0.043856673882168636,0.7894486369026259,0.9738786614949667
Cited4,-0.04473149207989068,0.7853424061703983,0.9738786614949667
Snai1,0.04336092999844863,0.7917779600659207,0.9738786614949667
Dlx6as2,0.043143472464742975,0.7928002557896828,0.9738786614949667
Pkdcc,-0.042989341094812915,0.7935250454766603,0.9738786614949667
Gm13583,-0.04300031389751876,0.7934734413766598,0.9738786614949667
Pkp1,-0.04551829278414669,0.7816539928211925,0.9738786614949667
Ppp2r4,0.04582340935152531,0.7802248574137144,0.9738786614949667
Tfec,-0.04398153288596193,0.7888622408296784,0.9738786614949667
Klc4,0.043483954885031456,0.7911997499188038,0.9738786614949667
Zyg11a,-0.04395808893198389,0.7889723361907695,0.9738786614949667
Sirt4,-0.045675803057853945,0.7809161455712557,0.9738786614949667
Tmtc4,0.043560683867216995,0.7908391813947566,0.9738786614949667
2310067B10Rik,0.04295113891382252,0.7937047133636423,0.9738786614949667
Odc1,0.04439930107570485,0.7869010075546978,0.9738786614949667
Plcz1,-0.044687586491558476,0.7855483608435962,0.9738786614949667
Tmppe,-0.04501465802803428,0.7840144485500454,0.9738786614949667
Hsd11b1,-0.04342650408915652,0.7914697523524035,0.9738786614949667
Iqgap2,-0.04436327332471757,0.7870700928383031,0.9738786614949667
Hic2,-0.04374617042533226,0.7899677040900348,0.9738786614949667
Slc51a,0.04346700496725368,0.7912794073282252,0.9738786614949667
Sprr2i,-0.044842995554699464,0.7848194218286964,0.9738786614949667
Gfra2,0.04437783028984015,0.7870017730419032,0.9738786614949667
Myo1f,0.043213699219150144,0.7924700749502287,0.9738786614949667
Tmem129,0.04402460960547297,0.7886599579668601,0.9738786614949667
Gm6277,0.043552438780802775,0.7908779251299999,0.9738786614949667
5730493B19Rik,0.04371120199515569,0.7901319789280254,0.9738786614949667
Zfp213,0.0440317873022071,0.7886262536772667,0.9738786614949667
Tefm,0.04575169633230326,0.7805606928355913,0.9738786614949667
Sepn1,-0.04347888026410693,0.7912235982701612,0.9738786614949667
Letmd1,0.045191116900652036,0.7831872049657606,0.9738786614949667
Apool,0.0448014274289945,0.7850143782310944,0.9738786614949667
Serpinf1,-0.04375033492535432,0.7899481406558628,0.9738786614949667
Nlrp3,-0.04500142908561373,0.7840764752132678,0.9738786614949667
Mgme1,-0.04318847103623001,0.7925886848226418,0.9738786614949667
Ntsr1,-0.04381377853564539,0.789650118756671,0.9738786614949667
Pfkfb1,0.043341633142707385,0.7918686637784804,0.9738786614949667
Rspry1,-0.043393388063858306,0.7916253987209078,0.9738786614949667
Plcg2,-0.04499938309806294,0.7840860683663816,0.9738786614949667
Dnd1,0.04552025501223318,0.7816447997711145,0.9738786614949667
Zfp39,-0.04517881964419185,0.7832448475187516,0.9738786614949667
Kcne1l,0.044570740181810585,0.7860965369230537,0.9738786614949667
Sema4a,-0.04447489256312843,0.7865462719356002,0.9738786614949667
Hyal2,0.043801195759727775,0.7897092232151591,0.9738786614949667
Chaf1b,-0.04415571744162731,0.7880443726739859,0.9738786614949667
Cgref1,0.04375618127977548,0.7899206766351532,0.9738786614949667
Tnfrsf11a,0.04351024009335839,0.7910762245754512,0.9738786614949667
Gid4,-0.04502552552623942,0.7839634949554499,0.9738786614949667
Ap3b1,0.04356518812523776,0.7908180160464091,0.9738786614949667
Kit,0.045534028787467255,0.7815802703427419,0.9738786614949667
Ap3m1,-0.043406145545667865,0.7915654372476819,0.9738786614949667
Gtf2h1,0.04484594486885842,0.7848055898822572,0.9738786614949667
Ear4,-0.045357199677305206,0.782408810505494,0.9738786614949667
Cfi,0.04332579872668619,0.791943094435132,0.9738786614949667
Onecut1,-0.04580054482219065,0.7803319289840015,0.9738786614949667
C80068,-0.04294522802311189,0.7937325136505582,0.9738786614949667
2010107E04Rik,-0.043857578969815486,0.7894443857944093,0.9738786614949667
Ncmap,-0.04499640442094165,0.7841000347348436,0.9738786614949667
Mkrn2,-0.04298787657936655,0.7935319330233717,0.9738786614949667
Prc1,0.043538047634428735,0.7909455503941085,0.9738786614949667
Mios,0.045755188016224725,0.780544340244596,0.9738786614949667
Chd1l,-0.04499327945270326,0.7841146870992017,0.9738786614949667
Zcchc3,-0.04391912525169519,0.7891553224439862,0.9738786614949667
Casp4,0.04523719647121797,0.7829712198443872,0.9738786614949667
Tnc,0.04299244912644221,0.7935104286002947,0.9738786614949667
Cela3b,0.043991044768934284,0.7888175730963276,0.9738786614949667
Dolpp1,-0.04385417320769027,0.7894603823561858,0.9738786614949667
Pprc1,0.04430243040112341,0.7873556615259181,0.9738786614949667
Pstk,-0.04516205917202789,0.7833234128524922,0.9738786614949667
Gsta3,-0.04335384136639932,0.7918112794545691,0.9738786614949667
Rarb,-0.04484587417302211,0.7848059214369217,0.9738786614949667
Dpp7,-0.04446752087397072,0.7865808639968881,0.9738786614949667
Foxk1,-0.043331108637894244,0.7919181346732038,0.9738786614949667
Adh7,-0.04436578826814346,0.7870582894171612,0.9738786614949667
Nr1i2,-0.04371507317524806,0.7901137924598916,0.9738786614949667
Sorcs1,-0.04327130612953535,0.7921992535914346,0.9738786614949667
Trhr2,-0.04522845717327314,0.7830121816826049,0.9738786614949667
0610007P14Rik,-0.04545550896976511,0.7819481501539907,0.9738786614949667
C330027C09Rik,-0.04295572844065582,0.7936831279229684,0.9738786614949667
Rasal2,-0.04340419575988364,0.791574601367521,0.9738786614949667
Socs1,0.04559863577141804,0.7812776083971605,0.9738786614949667
Catsper2,0.04342393000844615,0.7914818503395402,0.9738786614949667
Yipf7,0.043093221825770474,0.7930365371101381,0.9738786614949667
Rgs10,-0.043171250448369135,0.7926696496565642,0.9738786614949667
Scg3,0.04446636737147082,0.7865862769065413,0.9738786614949667
Rpl7a,0.04486929480417873,0.7846960835586037,0.9738786614949667
Ndufs5,-0.04323369780669926,0.7923760550673635,0.9738786614949667
Pole2,-0.04411803500774881,0.788221289031365,0.9738786614949667
Mapk6,0.04389870144926825,0.7892512436060195,0.9738786614949667
Mtss1,-0.045580669741802686,0.7813617701365432,0.9738786614949667
D10Wsu102e,-0.04305221956937377,0.7932293449573562,0.9738786614949667
Igfbp1,0.0431324286999847,0.7928521826921199,0.9738786614949667
Ccnd1,-0.043183560273014586,0.7926117732052511,0.9738786614949667
Gnptab,0.04564981831170229,0.7810378570578215,0.9738786614949667
Mtpn,0.043318276109613016,0.7919784555749868,0.9738786614949667
Abcd4,0.04462629378261888,0.7858358990202877,0.9738786614949667
Stambp,-0.044048935542062406,0.7885457322097448,0.9738786614949667
Vmn2r10,-0.043122730702327076,0.7928977826010477,0.9738786614949667
Crym,0.04447495875157925,0.7865459613443679,0.9738786614949667
Hdac6,-0.043955934897324946,0.7889824519664348,0.9738786614949667
Ogg1,0.04525108960915423,0.7829061026548487,0.9738786614949667
Map2k3,-0.0443819489223033,0.7869824434530475,0.9738786614949667
Crhr1,0.04409148598116276,0.7883459408600891,0.9738786614949667
U2af1,0.043376591182388805,0.7917043475148637,0.9738786614949667
F9,-0.045467727861972236,0.7818908994452516,0.9738786614949667
Rab8a,0.043946422867265224,0.7890271227445803,0.9738786614949667
Smim8,-0.04423193326430566,0.7876865755119868,0.9738786614949667
Bcdin3d,0.04485816449283263,0.7847482819075207,0.9738786614949667
Gabpb1,-0.0456055851275983,0.7812450548184356,0.9738786614949667
Map3k7,0.0430112398053754,0.7934220586446292,0.9738786614949667
Cstf2t,-0.04296392025032554,0.7936446006038671,0.9738786614949667
Mtx1,-0.044533566249661434,0.7862709562093884,0.9738786614949667
BC048403,0.045079746098137835,0.7837092878950005,0.9738786614949667
Lamc1,-0.04293287944186208,0.793790592663075,0.9738786614949667
Samhd1,0.044847647470478515,0.7847976049036236,0.9738786614949667
Rnf32,-0.04324552686547426,0.7923204441097651,0.9738786614949667
Hgs,0.04312565636329999,0.7928840260975286,0.9738786614949667
Abcc3,-0.04304376950210355,0.7932690817580865,0.9738786614949667
Marveld3,0.04419053550947811,0.7878809132443928,0.9738786614949667
Sap30,-0.043814102690022234,0.7896485961368511,0.9738786614949667
Cyhr1,0.043376833063706925,0.7917032106090368,0.9738786614949667
Stx18,-0.04575355851518378,0.7805519716699723,0.9738786614949667
Muc3,0.04326998752475938,0.7922054523529597,0.9738786614949667
Acss1,0.04387413188447942,0.7893666393882439,0.9738786614949667
Acsm2,-0.04323791205094704,0.7923562428845383,0.9738786614949667
Gorasp1,0.04503031121885941,0.7839410569202101,0.9738786614949667
Pdha2,-0.04472191648483206,0.7853873227048777,0.9738786614949667
Zfp790,0.04338577718597136,0.7916611711673703,0.9738786614949667
Fam69b,0.04416406129963662,0.788005200210409,0.9738786614949667
Gjb4,0.043609697503397674,0.7906088756848062,0.9738786614949667
Prrx2,0.04529726984159116,0.7826896657800713,0.9738786614949667
Fam92a,-0.044747095001576045,0.7852692184791539,0.9738786614949667
Avp,-0.04426781632292291,0.7875181358125589,0.9738786614949667
Serpina3a,0.04322746804271297,0.7924053429222941,0.9738786614949667
Pdxdc1,-0.044653058892359,0.7857103344375972,0.9738786614949667
Rom1,0.04393391299713234,0.7890858730703114,0.9738786614949667
Gcc1,-0.044914446958158695,0.7844843404921429,0.9738786614949667
Cd3g,-0.045379622513363145,0.78230373479142,0.9738786614949667
Kif5b,0.043712308175906434,0.790126782176132,0.9738786614949667
Hmgxb4,-0.04357644430387814,0.7907651242829072,0.9738786614949667
Prpf3,-0.04357267437088809,0.7907828387578106,0.9738786614949667
Neurog2,-0.04539395477688457,0.7822365742441453,0.9738786614949667
Sept7,-0.044898099754004515,0.7845609997523219,0.9738786614949667
Amh,0.04520494591109518,0.7831223837268418,0.9738786614949667
Col22a1,0.04445017084946593,0.7866622814793852,0.9738786614949667
Tbcd,-0.04467170573193777,0.785622858555403,0.9738786614949667
Kalrn,0.04322758435486535,0.7924047961040169,0.9738786614949667
Coa6,-0.04541060624990932,0.7821585478259946,0.9738786614949667
Fgf2,0.04438780814980658,0.7869549451017093,0.9738786614949667
Tmem160,0.04401236264513273,0.788717466822171,0.9738786614949667
Skp2,-0.04573263577819876,0.7806499606338995,0.9738786614949667
Tcap,0.043907534084428775,0.7892097604399211,0.9738786614949667
Cnr1,0.045571258881855745,0.7814058561831214,0.9738786614949667
Aarsd1,0.04423790776119885,0.7876585298204551,0.9738786614949667
Cdkn1c,-0.04526338462278208,0.7828484770458162,0.9738786614949667
Tceanc2,-0.04475071383925937,0.7852522440629645,0.9738786614949667
Fgfr1,0.044377858983300704,0.7870016383771767,0.9738786614949667
Usp43,-0.04496247160184992,0.7842591428456186,0.9738786614949667
Ccdc92,0.04356634521644668,0.7908125789388312,0.9738786614949667
Serpinb9c,-0.04490485274357445,0.7845293317687845,0.9738786614949667
Ang3,0.04529944005156589,0.7826794948501739,0.9738786614949667
Parva,0.044633869749642674,0.7858003569635992,0.9738786614949667
Tbc1d1,-0.04437493281658619,0.7870153715518208,0.9738786614949667
Gmip,0.04299649497128244,0.7934914013475272,0.9738786614949667
C80360,0.04397498761941328,0.7888929777243702,0.9738786614949667
Fchsd1,0.04295656847782655,0.7936791770798854,0.9738786614949667
Tamm41,-0.04350950607199116,0.7910796739877685,0.9738786614949667
Lcmt2,0.04465758095008329,0.7856891203735767,0.9738786614949667
Gkap1,0.04502419788847934,0.7839697197018355,0.9738786614949667
Tardbp,0.04299520070097409,0.7934974881747684,0.9738786614949667
Atp4b,-0.04388017910432797,0.7893382370395512,0.9738786614949667
Vmn1r41,0.044520584263053616,0.7863318697329813,0.9738786614949667
2810004N23Rik,0.04314662765563266,0.7927854204884687,0.9738786614949667
Taf1a,0.04520195330763203,0.7831364109519089,0.9738786614949667
Eva1a,0.04409455442378584,0.7883315337878072,0.9738786614949667
Ntmt1,0.04561186580895706,0.7812156338845435,0.9738786614949667
Pan2,0.04398186630205602,0.788860675099333,0.9738786614949667
Ier3ip1,-0.04517525872129873,0.7832615393067215,0.9738786614949667
Slc35c2,-0.043362793527345934,0.7917692007973032,0.9738786614949667
Ddx20,-0.044453303989480684,0.786647578611128,0.9738786614949667
Ubc,-0.04529057594041956,0.7827210377058564,0.9738786614949667
Mt4,0.04281862840569036,0.7943279987233371,0.9739437803882631
Ubp1,0.04281430259688057,0.7943483479258793,0.9739437803882631
Sepsecs,0.042811562006158134,0.7943612401099969,0.9739437803882631
Ddx52,-0.04285729752615361,0.7941460995522539,0.9739437803882631
Krr1,0.04281052213160583,0.7943661318623867,0.9739437803882631
Telo2,0.04281329991023614,0.794353064720807,0.9739437803882631
Gja1,0.04289652305651466,0.7939615935460664,0.9739437803882631
Phf20,-0.04277547648522598,0.794530997078545,0.9740543950467808
Omp,-0.04274477606015174,0.7946754280040451,0.9741399398802052
Strn4,0.04266760494720054,0.7950385100129502,0.974401945821263
Higd2a,0.04268002025286846,0.7949800945431817,0.974401945821263
Zfp264,0.0426443834567192,0.7951477726849171,0.9744443356278628
Prkrir,-0.04256088143898897,0.7955407001698156,0.9746512624651135
Sectm1a,-0.042576119637029244,0.795468991676051,0.9746512624651135
Immt,-0.042577181382438774,0.7954639953331546,0.9746512624651135
Med6,-0.04254337286943929,0.7956230946240116,0.974660698624552
Serpina3c,0.04247791435826023,0.7959311576575167,0.9746720792298175
Trim62,-0.04247796060824986,0.7959309399839436,0.9746720792298175
Arhgap17,0.042507024367727,0.7957941555456055,0.9746720792298175
Ntrk3,-0.042525439734830854,0.7957074892316087,0.9746720792298175
Slco6b1,-0.04245865296190816,0.7960218118537705,0.974691622678038
Pabpc4,-0.0424385276283683,0.796116534892891,0.9747161440999564
Npy5r,-0.042174361034176634,0.797360131920277,0.9748651664246462
Tuba8,0.04203521060551551,0.7980153901743736,0.9748651664246462
Snx29,-0.04208164069417569,0.7977967366968828,0.9748651664246462
Hmgcs2,0.042051392532306324,0.7979391828814519,0.9748651664246462
Magi1,-0.04231268284053046,0.7967089056900378,0.9748651664246462
Tcea3,-0.04195080922288616,0.7984128993684998,0.9748651664246462
Pllp,-0.04205576158387857,0.7979186075390899,0.9748651664246462
Bpifb1,-0.04222131089913211,0.7971390749676679,0.9748651664246462
Kansl1l,-0.0421858531585676,0.7973060214589888,0.9748651664246462
Tex12,0.041996741538583716,0.7981965638001043,0.9748651664246462
Kat6a,-0.04201734961399185,0.7980995069217433,0.9748651664246462
Armcx4,0.042312104248130596,0.7967116294624264,0.9748651664246462
H2-T24,-0.042192376266728344,0.797275307919652,0.9748651664246462
Rps24,0.041944280374024964,0.798443650600255,0.9748651664246462
Ppp6r3,-0.04198795106757904,0.7982379647380076,0.9748651664246462
Chrna5,-0.04193495681672912,0.7984875655583179,0.9748651664246462
Cbln1,-0.042335900031510255,0.7965996106888021,0.9748651664246462
Cacna2d3,-0.04212421081357602,0.7975962738050759,0.9748651664246462
Pgm2,-0.042107550021259564,0.7976747280938118,0.9748651664246462
Clvs1,0.041982254569731856,0.7982647941082822,0.9748651664246462
Sel1l2,-0.04200730882849632,0.7981467951762705,0.9748651664246462
Ets2,-0.04192080980563993,0.7985542006217368,0.9748651664246462
Ndufb9,-0.04224237386304972,0.7970399077703473,0.9748651664246462
Nicn1,-0.04199515897239427,0.7982040172557971,0.9748651664246462
Slc2a4,0.04223603864681805,0.7970697344828983,0.9748651664246462
Ptpn2,-0.042014574341598596,0.7981125773238387,0.9748651664246462
Ndufs2,-0.0419948309257706,0.7982055622681565,0.9748651664246462
Wrap53,0.04208301377550317,0.7977902706591392,0.9748651664246462
Lif,-0.04230817459595834,0.7967301286907679,0.9748651664246462
Pcbp3,-0.04229061615012027,0.7968127881026048,0.9748651664246462
Gap43,-0.04231213424869585,0.7967114882321861,0.9748651664246462
Cdc27,-0.04185449035750369,0.7988665955762273,0.9748961285152288
Socs7,0.041869535796440975,0.7987957220759114,0.9748961285152288
Sqle,-0.04187198835947645,0.7987841691026039,0.9748961285152288
Trp63,0.04185198349110236,0.7988784046450563,0.9748961285152288
Etv4,-0.04169416000109751,0.7996219470961353,0.9750739919313588
Nup133,0.04170402908440005,0.7995754466936674,0.9750739919313588
A930018P22Rik,0.04169578222597119,0.7996143035744633,0.9750739919313588
Zbtb16,0.041752752313295005,0.7993458858318823,0.9750739919313588
Ackr1,-0.04176079706871158,0.7993079842730317,0.9750739919313588
Nol11,-0.04172307353884384,0.7994857163155951,0.9750739919313588
Pear1,-0.04179088414321474,0.7991662377589671,0.9750739919313588
Gmppa,-0.04173965979499584,0.7994075700346989,0.9750739919313588
Akap1,-0.04164739542338748,0.7998422977815586,0.9752248587170772
Bcap29,0.04163618159818803,0.7998951385430974,0.9752248587170772
Usp27x,0.041607156175709835,0.800031913393509,0.9753004893378082
Gramd3,0.041555731803046475,0.8002742513822625,0.9755047833990792
Slfn8,0.04151904201023461,0.8004471632854848,0.975624419364122
Brk1,0.041498499982697085,0.8005439778169433,0.9756512904205934
Pla2g10,-0.041396321177209774,0.8010255881241071,0.9758741411985805
Thoc1,-0.041412562306746406,0.8009490324180812,0.9758741411985805
Ercc5,-0.04138322870196931,0.8010873033175662,0.9758741411985805
Prkcdbp,0.041380374258653374,0.801100758718614,0.9758741411985805
Olfr1264,-0.04139931508941362,0.8010114756076855,0.9758741411985805
Pkp2,0.04130191060929258,0.8014706453580889,0.9762335901500703
Gcgr,0.041265454270905645,0.8016425186391533,0.9763518037821832
Rchy1,0.04124433467347847,0.8017420909445823,0.9763819453789877
Brd8,0.041221310771790115,0.8018506448215719,0.9764230183162274
Ptpmt1,-0.04120125154953622,0.8019452235924566,0.976447067524304
Efhd1,0.04112692464638645,0.80229569646999,0.976782659380192
Anapc5,-0.041067646563665454,0.8025752360066987,0.9769406953965869
Ece1,0.04107994643425282,0.8025172312062419,0.9769406953965869
Rprd1b,-0.0410257745341435,0.8027727072614326,0.9770899223071013
Mbip,0.040997060903348564,0.8029081293300777,0.9771249735815367
Arg2,0.04098791449663598,0.8029512676614927,0.9771249735815367
Mok,-0.04092248175294484,0.8032598923058591,0.9774093933885822
Eif2ak1,-0.04088093084804235,0.8034558888438579,0.977551386849576
Ikzf2,-0.0408659802493839,0.8035264139281595,0.977551386849576
Trav12n-1,0.040702543523337846,0.8042974747375232,0.9776459716428936
Tsn,-0.04073439121255759,0.8041472101491243,0.9776459716428936
Shoc2,0.04067579843931171,0.8044236692166785,0.9776459716428936
H2-DMa,-0.04081019309267519,0.803789586526425,0.9776459716428936
Fgd1,-0.040699650086208114,0.8043111269565856,0.9776459716428936
Stra8,0.04062718566410693,0.8046530565901353,0.9776459716428936
Zfp777,-0.040773372486071,0.8039632967520485,0.9776459716428936
Faah,-0.040652285832059556,0.8045346153891111,0.9776459716428936
Mgat3,-0.040777654503052777,0.8039430948312981,0.9776459716428936
Atad2b,0.04080733268185406,0.8038030808957781,0.9776459716428936
Gjc3,-0.040630933622838344,0.8046353706804218,0.9776459716428936
Mrps34,-0.040678544320172164,0.8044107127878822,0.9776459716428936
Nckipsd,-0.040669993241619344,0.8044510611832804,0.9776459716428936
Cebpa,0.040746355317906914,0.804090762517059,0.9776459716428936
Dtna,-0.04060412868640849,0.8047618601361163,0.9776601751696725
Parvb,0.04059295449099528,0.8048145912845905,0.9776601751696725
Trem1,0.04056023234548069,0.8049690121345696,0.9777567382801824
Apba3,0.04052812959675839,0.80512051675079,0.977849741537701
Supt6,0.040475236729559966,0.8053701522083296,0.9779244386971263
Stxbp6,0.04035632406804553,0.8059314440760899,0.9779244386971263
Erf,0.04044717038593367,0.8055026227403898,0.9779244386971263
Tex13,-0.040390969212046775,0.8057679024746713,0.9779244386971263
Vhl,0.04048101043466213,0.8053429014937277,0.9779244386971263
Isca1,-0.040371385786790975,0.8058603446220234,0.9779244386971263
Fip1l1,-0.04036275750013565,0.805901074618627,0.9779244386971263
Phip,0.04039782287055186,0.8057355508629342,0.9779244386971263
Nelfb,0.040381925893839314,0.8058105904964991,0.9779244386971263
Slc7a9,-0.04042021739635168,0.8056298431742528,0.9779244386971263
Tspan8,-0.040329484348022096,0.8060581457170468,0.9779872378857968
Hsf1,0.040113759278988276,0.8070766837088604,0.978043095058904
Hoxd1,-0.04014354812563848,0.8069360188323134,0.978043095058904
Gcm1,0.04015742537689333,0.8068704915059313,0.978043095058904
Pcbp2,-0.040218646025665675,0.8065814271282647,0.978043095058904
Ttc5,-0.040290946898625044,0.8062400767379339,0.978043095058904
C76336,-0.0401708521476402,0.8068070925000331,0.978043095058904
Dennd6a,0.040135543980689165,0.8069738143631292,0.978043095058904
Cyp17a1,-0.040268629264201425,0.8063454402199841,0.978043095058904
Gpsm3,0.04008028074175031,0.807234778388468,0.978043095058904
Cnga2,-0.04008142509977997,0.8072293743018076,0.978043095058904
Nkiras2,-0.0401506323509026,0.8069025675030723,0.978043095058904
Cdv3,0.04009507931014736,0.8071648946655681,0.978043095058904
Lor,0.0400657479397009,0.8073034084511805,0.978043095058904
Siva1,0.040212741382724945,0.8066093059115971,0.978043095058904
Dio1,-0.040170416877442355,0.8068091477561132,0.978043095058904
Prps1l3,-0.04015160204986531,0.8068979886621765,0.978043095058904
Snord116,-0.04002870831445747,0.8074783314545577,0.9780607698783557
Hspb7,0.04001504572420263,0.8075428565153961,0.9780607698783557
Tpte,-0.04001755195247118,0.8075310201241958,0.9780607698783557
Slamf9,0.039700416658207116,0.8090291045395395,0.9782281917268989
Fgf22,-0.03970365031755127,0.809013826116458,0.9782281917268989
Lhx2,-0.03975979422316005,0.8087485675514997,0.9782281917268989
Slc19a3,-0.03982918959609339,0.8084207287665981,0.9782281917268989
Cpb2,0.03987604170997742,0.8081994066999404,0.9782281917268989
Clint1,0.03975464187793683,0.8087729095784653,0.9782281917268989
Mast1,0.03976310167035035,0.8087329417532806,0.9782281917268989
Cbll1,-0.039935394825949495,0.8079190521067073,0.9782281917268989
Trim43a,0.03978418164465514,0.8086333525664628,0.9782281917268989
Slc4a8,-0.039944313928767114,0.8078769246603744,0.9782281917268989
Arntl2,-0.039700126978254265,0.809030473225281,0.9782281917268989
Tecpr1,0.039831556573080705,0.8084095471990355,0.9782281917268989
Trappc1,-0.039741077919050814,0.8088369927150931,0.9782281917268989
Tekt1,0.03975822400740122,0.8087559859483349,0.9782281917268989
Pla1a,-0.039778778264074735,0.8086588797586332,0.9782281917268989
Usb1,-0.03991537768567136,0.8080136005876402,0.9782281917268989
R3hcc1,-0.03976152270079845,0.8087404014735031,0.9782281917268989
Klra21,-0.03992106667739728,0.8079867290782016,0.9782281917268989
Rfc3,-0.039678549932623576,0.8091324223992039,0.9782585195295396
Slc29a1,-0.039370920774375665,0.8105862595253611,0.9782585195295396
Igfbp2,0.039482643006237814,0.8100581971894165,0.9782585195295396
Fut7,-0.03943175743041673,0.8102987013065696,0.9782585195295396
Otos,-0.03954788440108271,0.8097498662586146,0.9782585195295396
Agpat5,-0.03954345201903973,0.8097708128441855,0.9782585195295396
Klc1,-0.039400437247495756,0.8104467403007947,0.9782585195295396
Bche,0.03945431197696296,0.8101920981162632,0.9782585195295396
Vamp4,-0.039491710308201144,0.8100153434845896,0.9782585195295396
Tmco5,0.03946617904673427,0.8101360101698564,0.9782585195295396
Fbxo16,-0.03963819109514185,0.8093231214713897,0.9782585195295396
Eif4e2,0.039598729972009715,0.8095095888262127,0.9782585195295396
Cntn4,-0.03939623214271245,0.8104666167602941,0.9782585195295396
Taok3,0.03938624686434508,0.810513815078427,0.9782585195295396
Srpx,0.03939620801152731,0.8104667308225856,0.9782585195295396
Il4ra,0.03940345023241467,0.8104324987574034,0.9782585195295396
Cnot2,0.03965524285243297,0.8092425491417419,0.9782585195295396
Tnfsf9,0.039385531840455186,0.8105171948707953,0.9782585195295396
Lmo1,-0.03936169163862398,0.810629885176865,0.9782585195295396
Kiss1r,-0.03956844988025577,0.8096526793959531,0.9782585195295396
Tc2n,0.039369390285967816,0.8105934940281989,0.9782585195295396
Gpr35,0.03867663285438726,0.8138696239978722,0.9785291470207512
Slc5a5,-0.03920584920903393,0.8113666258884165,0.9785291470207512
Apob,0.039085504221683436,0.8119356585437787,0.9785291470207512
Atp8a1,0.038754645130834,0.8135005443205521,0.9785291470207512
Ddx39b,0.038952315608637884,0.8125655267234644,0.9785291470207512
Rab33b,0.03863962752887953,0.814044711185786,0.9785291470207512
Ivns1abp,0.03921791002727973,0.8113096032191007,0.9785291470207512
Ccdc12,0.03863245276154446,0.8140786589054545,0.9785291470207512
Smpd1,-0.03892594124128732,0.8126902681478166,0.9785291470207512
Stam,0.038822190827987824,0.8131810132499059,0.9785291470207512
D15Ertd55e,0.03908819262973981,0.8119229458241555,0.9785291470207512
Ndufs8,0.038992132704411465,0.8123772142320291,0.9785291470207512
Slc2a9,0.03866410319075742,0.8139289059563735,0.9785291470207512
Elovl2,-0.03863674313652911,0.8140583587734439,0.9785291470207512
Sapcd1,0.038745022008794094,0.8135460696985031,0.9785291470207512
Cenpn,0.03912875635749085,0.8117311369863687,0.9785291470207512
Ptgir,-0.03872302788921754,0.8136501223664265,0.9785291470207512
Mmgt2,0.03915520234228267,0.8116060906188289,0.9785291470207512
Nin,0.03901017342734778,0.8122918950309047,0.9785291470207512
Adrb1,-0.03925474290607943,0.8111354657496395,0.9785291470207512
Hsdl2,-0.03891229094468942,0.8127548309358266,0.9785291470207512
Acrv1,-0.03900636124201938,0.8123099236614445,0.9785291470207512
Trim33,-0.03889885227494814,0.8128183939197207,0.9785291470207512
Hsd17b7,0.03880180108212536,0.8132774657902229,0.9785291470207512
Ifitm1,-0.03914154800391713,0.8116706528140923,0.9785291470207512
Clstn2,-0.039188439196123415,0.8114489407820649,0.9785291470207512
Acsf3,-0.038767739730634625,0.813438596893107,0.9785291470207512
Krtap16-1,-0.039053149410089784,0.8120886588492808,0.9785291470207512
Cutal,-0.03898169608456812,0.8124265726160571,0.9785291470207512
Fgf4,0.03896056547975055,0.8125265086498322,0.9785291470207512
Reep5,-0.038638562823411673,0.8140497488651357,0.9785291470207512
Tbcc,-0.03928678865587226,0.8109839677227063,0.9785291470207512
Entpd5,-0.03889975839839882,0.8128141080498905,0.9785291470207512
Ccser2,-0.038647361304600295,0.8140081188534147,0.9785291470207512
Fbn2,0.03911848874069013,0.8117796872542045,0.9785291470207512
Cd177,-0.03908767644515072,0.8119253867112215,0.9785291470207512
Wasl,-0.03884345960050993,0.8130804052985274,0.9785291470207512
Ksr1,0.03867170399602112,0.813892943930566,0.9785291470207512
Hnrnph2,0.03896208145122297,0.8125193388526392,0.9785291470207512
Lonp1,0.03871414442666857,0.8136921502741765,0.9785291470207512
Zfp92,0.03877210944974279,0.8134179250332307,0.9785291470207512
AI462493,-0.03886289731731853,0.8129884612930748,0.9785291470207512
Eif5,-0.03877385064966781,0.813409687960196,0.9785291470207512
Trim44,0.03859981286001384,0.8142331000508807,0.9785316661080891
Ajuba,0.03846407016884216,0.8148754603953147,0.9785316661080891
Mrps18a,0.038481456790585906,0.814793177184066,0.9785316661080891
Lce1l,0.03854187168379941,0.8145072747466089,0.9785316661080891
Tfam,-0.03845836462233042,0.814902462639191,0.9785316661080891
Wfdc18,-0.0384576945598234,0.8149056338107598,0.9785316661080891
Pet100,0.038468244396345525,0.8148557054466159,0.9785316661080891
Slc23a2,-0.038522155228219765,0.8146005767741484,0.9785316661080891
Rpl4,-0.038513289114834634,0.814642533701226,0.9785316661080891
Akap4,0.038526437425515696,0.8145803123944703,0.9785316661080891
Lrrc59,0.03852930595348534,0.8145667378992294,0.9785316661080891
Dhx8,0.03841698638437548,0.8150982965984018,0.9786729547582393
Lpar4,-0.03837739286240261,0.8152856938358445,0.9788078957460608
Lag3,0.038357877964033935,0.8153780619645259,0.9788287332635786
Dgka,0.038260771641411104,0.8158377217027761,0.9788729695208676
Prim1,0.03822615767817418,0.8160015834676401,0.9788729695208676
Igkv5-39,-0.03830473429418441,0.8156296141105855,0.9788729695208676
Rnaseh1,-0.03823906328966016,0.8159404877128217,0.9788729695208676
Stx1a,0.03831041308125219,0.8156027331031304,0.9788729695208676
Rbms2,0.038260553301580694,0.8158387552956959,0.9788729695208676
Nrk,0.03826162490857732,0.8158336824476224,0.9788729695208676
Rraga,-0.03822331673572342,0.8160150327571459,0.9788729695208676
Tor1aip2,-0.03807311112031435,0.816726191153361,0.9789171048255172
Kcnk5,-0.038117245385268936,0.8165172201500672,0.9789171048255172
Lancl1,0.038188843393475544,0.8161782367788275,0.9789171048255172
Csn1s1,0.0381026103985322,0.8165865139121197,0.9789171048255172
Katna1,-0.03808461001087116,0.8166717439877567,0.9789171048255172
Pycr2,0.03807294196160677,0.816726992124715,0.9789171048255172
Ssr4,-0.038137866692675985,0.8164195845834126,0.9789171048255172
Dcaf8,0.03816102480308481,0.8163099411542215,0.9789171048255172
C77614,0.03811378260691314,0.8165336156003418,0.9789171048255172
Ugcg,-0.03801328056451707,0.8170095015262426,0.9789485574106522
Ripply3,0.03780615613135074,0.8179904491579191,0.9789485574106522
Trpc6,0.03773125589029758,0.8183452435543477,0.9789485574106522
Fgf3,-0.03777901664491185,0.8181190020355885,0.9789485574106522
Defb3,0.03791943466898335,0.817453926001869,0.9789485574106522
Srsf2,0.03800062878946864,0.817069413180612,0.9789485574106522
Kcnj2,0.03783742372813957,0.8178423480428666,0.9789485574106522
Nt5c1b,0.03778609985016146,0.8180854502516346,0.9789485574106522
Cacnb4,0.037968659330371496,0.8172208068424569,0.9789485574106522
Lce1i,0.03790143002685187,0.817539196462276,0.9789485574106522
Polk,0.037840327727747425,0.8178285933528718,0.9789485574106522
Ccr1l1,0.037858643916651114,0.8177418405689616,0.9789485574106522
Stard3,0.03772633098038005,0.8183685735224293,0.9789485574106522
B3gat3,-0.037893775725449816,0.8175754480369553,0.9789485574106522
Calm4,0.03793888750178508,0.8173617991034856,0.9789485574106522
Rnf14,-0.03770308060388861,0.8184787157138644,0.9789485574106522
Abcf1,-0.03791771419163176,0.8174620741422456,0.9789485574106522
Xrcc2,0.03784516674136847,0.8178056736529067,0.9789485574106522
Slc6a1,-0.03775214434903671,0.8182462937278956,0.9789485574106522
Foxb1,-0.03798751971408518,0.8171314913870499,0.9789485574106522
Bst1,-0.03770743444579311,0.8184580903482697,0.9789485574106522
Vav1,0.03781274074150636,0.8179592602042357,0.9789485574106522
Uts2r,-0.0379190688070165,0.8174556587140436,0.9789485574106522
Nucb2,0.0375852748458166,0.8190368382903324,0.9790185972580625
Epha6,-0.037206007747924,0.8208342446063557,0.9790185972580625
Gnb2,-0.03720132560767698,0.8208564394269757,0.9790185972580625
Tpm3,-0.03722361653472052,0.8207507745869078,0.9790185972580625
En1,-0.03725453857847211,0.8206042009404857,0.9790185972580625
Fas,-0.03736270889723529,0.8200915079066364,0.9790185972580625
Ccnt1,0.037409047613428496,0.8198718986801046,0.9790185972580625
Dlgap4,-0.03739956116330992,0.8199168559685408,0.9790185972580625
Mien1,-0.03732721154337333,0.8202597463367864,0.9790185972580625
Copg1,0.037498605823224125,0.8194474997008525,0.9790185972580625
Rfc1,0.037243297718659994,0.8206574830985515,0.9790185972580625
Itih2,0.0376667151659224,0.8186509934626087,0.9790185972580625
Pus10,-0.037249993481683,0.8206257448027697,0.9790185972580625
Celf1,-0.03761262270558989,0.8189072661525085,0.9790185972580625
Scamp5,-0.03726192652105709,0.8205691821898213,0.9790185972580625
D17Wsu92e,-0.03762716831924408,0.8188383519616547,0.9790185972580625
Ern1,-0.03760497958808522,0.818943478220736,0.9790185972580625
H1fx,-0.037578603329003396,0.8190684481330213,0.9790185972580625
Skil,0.0373038284550186,0.8203705737951994,0.9790185972580625
Ptpn4,-0.03730608504966743,0.8203598782015716,0.9790185972580625
Rbm14,0.037517006020026486,0.8193603107528994,0.9790185972580625
Wdr1,0.03727939282548269,0.8204863934439532,0.9790185972580625
Xpnpep2,-0.037199922451002405,0.8208630908575724,0.9790185972580625
Pgam5,0.03728917110700943,0.8204400460525719,0.9790185972580625
Nmbr,0.03744228218283795,0.8197144008401485,0.9790185972580625
Akr1c6,-0.03754146212024377,0.819244429210159,0.9790185972580625
Chchd4,0.03720559638273921,0.8208361946017148,0.9790185972580625
Mycn,-0.037333786149054485,0.8202285856561752,0.9790185972580625
AA408954,-0.03731725514373396,0.8203069356996389,0.9790185972580625
Sod3,-0.03720117601138115,0.8208571485627452,0.9790185972580625
Chtf18,0.037498729238588,0.8194469148928956,0.9790185972580625
Atp5g2,-0.037146220094038555,0.8211176668325871,0.9792327211203098
Fut9,-0.03693837250337569,0.8221031311460065,0.9795492245849758
Abhd10,-0.03703324306819058,0.8216532908296439,0.9795492245849758
Cxcr2,-0.037071493718243344,0.8214719359579495,0.9795492245849758
Nr2f2,-0.03682835639801489,0.8226248531865249,0.9795492245849758
Stra13,0.036741976167668194,0.8230345389186662,0.9795492245849758
Nck2,-0.03675471951308929,0.8229740967572589,0.9795492245849758
Slc25a29,-0.03688131403645138,0.8223737066987399,0.9795492245849758
Wnt5b,-0.03700806303615704,0.8217726797649721,0.9795492245849758
Tas2r105,0.03697906880200318,0.8219101581073082,0.9795492245849758
Sar1b,0.036781918812910354,0.8228450926955103,0.9795492245849758
Sept6,-0.03686493501236019,0.8224513808539023,0.9795492245849758
Gpx8,0.03698905134881985,0.8218628245431137,0.9795492245849758
Slc1a1,-0.03677170028308736,0.8228935578335543,0.9795492245849758
Zfp281,0.03691064675508273,0.8222346063083099,0.9795492245849758
Dhrs2,0.0368880499455455,0.8223417634986011,0.9795492245849758
Svs2,0.03693452749737391,0.8221213638437344,0.9795492245849758
Xpo6,0.03704033597528599,0.8216196611117208,0.9795492245849758
Slc5a2,-0.03681563803643705,0.8226851712765663,0.9795492245849758
C77080,-0.03694151497933642,0.8220882298527019,0.9795492245849758
Prrg2,-0.03692146516717931,0.8221833049832977,0.9795492245849758
Hoxa7,0.03679360858252047,0.822789650423043,0.9795492245849758
Sncaip,-0.036806506209757575,0.822728480463424,0.9795492245849758
Wfdc15b,0.03639143758288168,0.8246975336886984,0.9798922069709757
Hace1,-0.0365458877143775,0.8239647152124994,0.9798922069709757
Rcn3,-0.03659075923925909,0.8237518400074901,0.9798922069709757
Ndufb3,-0.03632205984012628,0.825026755533999,0.9798922069709757
Ptgr2,0.03653379708608843,0.8240220764533096,0.9798922069709757
Tst,0.03634440504494116,0.8249207165698178,0.9798922069709757
Eci1,-0.03618317221284114,0.8256859112250541,0.9798922069709757
Rpp25,-0.03655308525790727,0.8239305685117031,0.9798922069709757
Spns1,0.03643602459202546,0.8244859675681289,0.9798922069709757
Pde2a,-0.03636461337579395,0.8248248206496336,0.9798922069709757
Dbf4,-0.036488987613624846,0.8242346723532644,0.9798922069709757
Ap1s1,-0.03610608926042199,0.8260517929124618,0.9798922069709757
Invs,0.03623158635133384,0.8254561266179932,0.9798922069709757
Hmgb3,-0.03614237209573931,0.8258795685968898,0.9798922069709757
Lmcd1,0.03647793946936694,0.8242870914441188,0.9798922069709757
Trpd52l3,-0.03628584530285931,0.8251986175185664,0.9798922069709757
Rbm17,-0.03615364040757132,0.8258260826872232,0.9798922069709757
Col4a5,-0.03636216143704149,0.8248364558676531,0.9798922069709757
Parn,-0.03627777438112019,0.8252369204416183,0.9798922069709757
Melk,-0.036318864546889845,0.8250419190085374,0.9798922069709757
Tnfrsf13c,0.03656457040173816,0.8238760811435482,0.9798922069709757
Ube3a,0.03611195273645155,0.826023960135578,0.9798922069709757
Ky,0.03643616025193884,0.8244853238773948,0.9798922069709757
Cntfr,-0.03637928563724688,0.8247551969087199,0.9798922069709757
Phykpl,-0.0362684697590325,0.82528107872551,0.9798922069709757
Ice1,-0.03620292740647215,0.8255921468859404,0.9798922069709757
Auh,-0.03639329049781789,0.8246887413424633,0.9798922069709757
Dda1,0.03627344335097183,0.8252574747713765,0.9798922069709757
Fam173a,0.036462340790231744,0.8243611022561006,0.9798922069709757
Trmt10c,0.03630608943387648,0.8251025447482749,0.9798922069709757
Rd3,-0.03616606411179834,0.8257671134796369,0.9798922069709757
Atxn10,-0.036347803553877706,0.824904589234065,0.9798922069709757
Ubr4,0.03630473779675447,0.825108959150779,0.9798922069709757
Zrsr1,-0.03609568716608392,0.8261011701193735,0.9798922069709757
Tcf19,0.0362080250050981,0.8255679524566049,0.9798922069709757
Pard3b,-0.03630482702495929,0.8251085357042354,0.9798922069709757
Sfxn1,0.036158918564540045,0.8258010297642655,0.9798922069709757
Lck,-0.03603484128942429,0.8263900091738147,0.9800708847859615
Gm13152,0.036032311448022644,0.8264020189516388,0.9800708847859615
Syncrip,0.03594976542708869,0.8267939056278082,0.9801793108510284
Cps1,-0.03596668924684604,0.8267135566739705,0.9801793108510284
Foxn2,-0.035994345046473225,0.8265822592564207,0.9801793108510284
BC023105,0.03595071291957064,0.8267894071885524,0.9801793108510284
Fancl,-0.035912598872903996,0.8269703665425234,0.9802104017634107
Ssna1,0.03591861841163252,0.8269417861805556,0.9802104017634107
Nln,-0.035879499055533046,0.8271275259949551,0.9803076373031943
Diap3,0.03585515455579984,0.8272431188586392,0.980355595130904
Ttk,-0.03580455082614618,0.8274834071361454,0.9804622700190285
Ahrr,-0.03580998698508784,0.8274575932029689,0.9804622700190285
Ier5l,0.035534639447634374,0.8287653126984738,0.9806538345344595
Armc12,-0.03567338362472831,0.8281063144828807,0.9806538345344595
Osgin1,-0.03550297930756665,0.8289157055431169,0.9806538345344595
Hgfac,0.03568145242008432,0.8280679932519246,0.9806538345344595
Txlnb,0.035503132881710545,0.8289149760171954,0.9806538345344595
Art2b,0.03553447828863371,0.8287660782256708,0.9806538345344595
Mff,-0.03553618198224474,0.8287579854565996,0.9806538345344595
Aqp3,-0.035567646508251866,0.8286085278169273,0.9806538345344595
Psmd4,-0.035616370860423276,0.8283770966300084,0.9806538345344595
Fam104a,0.035493919698881236,0.8289587417994265,0.9806538345344595
Asph,-0.03557397333906363,0.8285784758294816,0.9806538345344595
Zc3h7a,-0.035542457188622055,0.828728177543772,0.9806538345344595
Rps15a-ps6,-0.03562609906200285,0.8283308912055044,0.9806538345344595
Nfatc4,-0.03572145412645655,0.8278780182022183,0.9806538345344595
Myo15b,-0.035485695075485046,0.828997811997059,0.9806538345344595
Chad,0.03555171979520237,0.8286841795692204,0.9806538345344595
Zfp386,-0.035716868874672666,0.8278997938897571,0.9806538345344595
Ss18,0.03569615777388622,0.8279981538981562,0.9806538345344595
Adcy9,-0.035276657163256606,0.8299909545952798,0.9807243607595821
Stim1,0.03532764204061615,0.8297487015179648,0.9807243607595821
Poglut1,0.035315977542944584,0.8298041237086062,0.9807243607595821
AA517023,0.03536312773711811,0.8295801010995018,0.9807243607595821
Src,0.03528108619760767,0.8299699095853268,0.9807243607595821
AK134344,0.03545677404173432,0.8291352013743449,0.9807243607595821
Tbx3,0.035352184286429,0.8296320950933055,0.9807243607595821
Ino80,-0.03530374769161353,0.829862232931987,0.9807243607595821
Gm9779,-0.03527339782124882,0.8300064417639602,0.9807243607595821
Sptlc2,0.035282013433120464,0.8299655037450919,0.9807243607595821
Prpf40a,-0.03531261251923073,0.8298201122816576,0.9807243607595821
Smarcd3,-0.035267498525097245,0.83003447315724,0.9807243607595821
Sun2,0.03543654914786764,0.829231282591105,0.9807243607595821
Chmp7,-0.03522341954251365,0.8302439273653047,0.980794224894972
Tes3-ps,-0.03522641370408369,0.830229699377738,0.980794224894972
Scd3,0.0349662627040226,0.8314661040368005,0.9808445575611705
Med16,-0.03499614042958845,0.8313240863516634,0.9808445575611705
Cnot6l,-0.03505134250721741,0.8310617078335809,0.9808445575611705
Thumpd3,-0.03477707928495764,0.8323654661257469,0.9808445575611705
Ocel1,-0.03492061753072905,0.8316830788381793,0.9808445575611705
Plcb4,0.0349319242024691,0.8316293313585845,0.9808445575611705
Hoxa1,0.034673685828225755,0.8328570752506628,0.9808445575611705
Osr2,0.034763250100871994,0.8324312168300099,0.9808445575611705
Pdia4,0.034841691396767197,0.8320582828368617,0.9808445575611705
Mea1,0.035098115593461425,0.8308394063182478,0.9808445575611705
Itgb7,0.034785902415139854,0.832323517213126,0.9808445575611705
Tshr,-0.03470936995448432,0.8326873996686798,0.9808445575611705
Tac4,-0.03494412557322402,0.8315713316428017,0.9808445575611705
Hmga2,-0.034689996922835975,0.8327795162220166,0.9808445575611705
Zmym5,-0.035155377872983805,0.8305672690644691,0.9808445575611705
Sf3b1,-0.035138978808898776,0.830645203214295,0.9808445575611705
Akna,-0.03484558730615563,0.8320397613929795,0.9808445575611705
3110009E18Rik,-0.034990724350090895,0.8313498302073093,0.9808445575611705
Xiap,0.03474928333402929,0.8324976227635635,0.9808445575611705
Mecp2,-0.0351123337108685,0.8307718334036346,0.9808445575611705
2310042E22Rik,-0.034864541591372575,0.8319496525299819,0.9808445575611705
Trim26,0.035012850886683385,0.8312446588031258,0.9808445575611705
Epha1,-0.03466100925085139,0.8329173532328401,0.9808445575611705
Tmigd1,0.034835829091051755,0.8320861528370738,0.9808445575611705
Pctp,0.03503419447614156,0.8311432115189701,0.9808445575611705
Aanat,0.03471027633935262,0.8326830899638198,0.9808445575611705
Prpf38a,0.0351484138907194,0.8306003641829943,0.9808445575611705
Marc1,0.034777550386761155,0.8323632262963643,0.9808445575611705
Adam11,-0.034798576338162496,0.8322632607619065,0.9808445575611705
Jdp2,0.03511298786365389,0.8307687245098424,0.9808445575611705
Ascl3,-0.03500208491054726,0.831295831075354,0.9808445575611705
Gdf5,-0.034909679672300555,0.8317350738124177,0.9808445575611705
Dennd1b,-0.03473420381326291,0.832569320593915,0.9808445575611705
Gfpt1,-0.03489409284045538,0.831809169643432,0.9808445575611705
Phkg2,-0.03467831758643796,0.8328350511525692,0.9808445575611705
Fpr1,-0.03460136098811221,0.8332009968661381,0.9808947541204948
4930453N24Rik,0.03463365827028913,0.8330474120687373,0.9808947541204948
Defb8,0.03458881483169516,0.8332606597766636,0.9808947541204948
Ppp1r14c,0.0346112268359785,0.833154080711122,0.9808947541204948
Rabac1,0.03455249575949793,0.8334333791249198,0.981009576420808
Etl4,0.034514901224468465,0.8336121718588037,0.9811315261644745
Ndufaf3,-0.0344499338522987,0.8339211634361376,0.9812861282372186
Hsd17b13,0.03443984927820796,0.8339691288336849,0.9812861282372186
Serf2,-0.034450793766893285,0.8339170734388794,0.9812861282372186
Slc9a8,-0.03438910577792266,0.8342104894509599,0.981481622653104
Ddx41,-0.03428377396560527,0.8347115442739003,0.981982594773722
Fam174a,-0.03424260179761867,0.8349074136875397,0.9820064225438186
Dnajc18,0.03423206032492622,0.8349575644205433,0.9820064225438186
Cacng8,0.034236906031722976,0.8349345110424746,0.9820064225438186
Pnn,0.034163553551941825,0.8352834983132511,0.9821241998098409
1110004E09Rik,-0.03417709440905805,0.8352190730684573,0.9821241998098409
Pafah1b2,-0.03417289108521699,0.8352390717061067,0.9821241998098409
Apip,0.034137244741837595,0.8354086743516516,0.982182880585161
Slc1a4,0.03411542903096387,0.8355124753486628,0.98221642259682
Kcnn3,-0.033920620438752186,0.8364395076494596,0.982223077213482
Rgl2,0.03370170994238559,0.8374814823625827,0.982223077213482
Ybx2,-0.03400222099590255,0.8360511710000575,0.982223077213482
Pde4a,0.03371870254448133,0.8374005912219711,0.982223077213482
Scn3a,0.03404906085130704,0.8358282769424153,0.982223077213482
Ndc1,0.03369804073470097,0.8374989493706035,0.982223077213482
Trappc2l,-0.033931465303455276,0.8363878948789722,0.982223077213482
Plvap,-0.0338072860211311,0.8369789263438516,0.982223077213482
Ltbp3,0.03369018303114451,0.8375363556695322,0.982223077213482
Cct8,-0.03387899677959241,0.8366376085537174,0.982223077213482
Ifna9,-0.03379112357437742,0.8370558577576765,0.982223077213482
Atp6v0a4,-0.03366494438895512,0.8376565055482551,0.982223077213482
Lig1,0.03375534314106754,0.8372261736560088,0.982223077213482
Alg1,0.033839133737659344,0.8368273390179032,0.982223077213482
Krtap13,-0.03377275278290925,0.8371433023807086,0.982223077213482
Chst7,0.034093621719862285,0.8356162390103967,0.982223077213482
Chtop,-0.03366834331718311,0.837640324569531,0.982223077213482
Klc2,-0.03364854093829254,0.8377345969003447,0.982223077213482
Zfp871,-0.033746096251933574,0.8372701902562838,0.982223077213482
B4galt2,-0.03367751701500292,0.8375966524680587,0.982223077213482
Ngef,-0.03398171362453137,0.8361487620280642,0.982223077213482
Creb3l1,-0.033904766200769224,0.836514962143063,0.982223077213482
Tlr7,-0.033784328601802874,0.8370882014842232,0.982223077213482
Stx19,-0.033739047800035754,0.8373037422749742,0.982223077213482
Tfcp2,0.03374536920977576,0.8372736511075111,0.982223077213482
Cd22,-0.03387904243836942,0.8366373912431204,0.982223077213482
Oma1,0.03404058671947404,0.835868601396628,0.982223077213482
Dusp26,-0.03363978257289767,0.8377762931554951,0.982223077213482
Elovl7,-0.03393084382543299,0.8363908525934123,0.982223077213482
Zfp101,-0.03383565413035262,0.8368439008251258,0.982223077213482
Ahsp,0.033583816856495516,0.8380427409715135,0.9822310888115396
Gch1,0.03353826756699472,0.838259609701917,0.9822310888115396
Mrpl51,0.03351766304532333,0.8383577154130313,0.9822310888115396
Lmo4,0.03360633225613054,0.8379355450956154,0.9822310888115396
Mark2,-0.0335381522807122,0.8382601586159126,0.9822310888115396
Pgrmc1,0.03351186830843013,0.8383853067041864,0.9822310888115396
Slc5a1,-0.0335942055340454,0.8379932801074704,0.9822310888115396
Psmc3ip,-0.0335652460156619,0.838131158871738,0.9822310888115396
Slc11a2,0.033334338130008745,0.8392306943151238,0.9823553997051553
Kctd4,0.03332649725140409,0.8392680360270237,0.9823553997051553
Abcb10,-0.03343802717452655,0.8387369127998676,0.9823553997051553
Rs1,-0.03330140010439245,0.8393875619126857,0.9823553997051553
Tmem55a,-0.03339730682042694,0.8389308217889089,0.9823553997051553
Eci3,0.033408118081230426,0.8388793380432575,0.9823553997051553
Klhl26,-0.03341620046719581,0.8388408497452198,0.9823553997051553
Asb9,-0.03332575719637496,0.8392715605116831,0.9823553997051553
Plagl2,0.03336158185308932,0.8391009503116068,0.9823553997051553
Slc7a1,0.0332881407819475,0.8394507111923988,0.9823553997051553
Kri1,-0.03337691181985686,0.8390279454904221,0.9823553997051553
Pxn,-0.033284074183809936,0.8394700790951173,0.9823553997051553
Gast,0.033416809385576646,0.838837950092042,0.9823553997051553
Gli3,-0.03325046047482484,0.8396301738308456,0.9824546393757805
Srpk3,-0.033215599625262,0.8397962148654731,0.982514121518266
Rnf19b,-0.03320817117531833,0.8398315971656631,0.982514121518266
Inppl1,-0.03315197768143449,0.8400992608946838,0.9826388350631345
Prodh,0.033138363572449626,0.84016411087435,0.9826388350631345
Tax1bp3,-0.03316150248401718,0.8400538906702105,0.9826388350631345
Asf1a,-0.03307168696315792,0.8404817352369174,0.9829222228989546
Dclre1a,-0.03303332248098656,0.8406645012147352,0.9830478605924438
LOC102633720,0.032255836096632684,0.8443700859906068,0.9831074622101055
Cyp2c50,-0.032509320203138015,0.8431616014984851,0.9831074622101055
Ctu1,0.03285564565241079,0.8415110452285663,0.9831074622101055
Il20,-0.03246282072558932,0.8433832622410309,0.9831074622101055
Calcb,0.03268176433733872,0.8423396685264654,0.9831074622101055
Tgfbr3,0.03285636641725999,0.8415076107924139,0.9831074622101055
Malat1,-0.032125525001381876,0.8449914748409403,0.9831074622101055
Ebna1bp2,-0.03294817082890019,0.8410701865138793,0.9831074622101055
Cdkn2a,0.03286935837102526,0.8414457047585981,0.9831074622101055
Parvg,0.03247910432080214,0.843305637838429,0.9831074622101055
Bdkrb1,-0.03250011492995187,0.843205481681085,0.9831074622101055
Msantd2,0.03259059344207143,0.8427742033578629,0.9831074622101055
Bspry,0.032689168346818044,0.8423043817876428,0.9831074622101055
Osbpl1a,-0.03244899704805453,0.8434491612372494,0.9831074622101055
Rpp25l,0.03233271260817196,0.8440035418272618,0.9831074622101055
Dctn4,0.03236690625064426,0.8438405178641131,0.9831074622101055
Atp1a3,-0.032359308469647616,0.8438767410366632,0.9831074622101055
Nsg2,-0.032491706384686625,0.8432455643698694,0.9831074622101055
Alox8,0.032432351459445175,0.8435285139315876,0.9831074622101055
Elf4,-0.03224990313420385,0.8443983754088572,0.9831074622101055
Pde1b,-0.032608107957309354,0.8426907230045665,0.9831074622101055
Dnajc4,-0.032311619943718325,0.8441041077290541,0.9831074622101055
Mal2,0.03218870094535036,0.8446902090701693,0.9831074622101055
Rhod,-0.03206875431995767,0.8452622137475644,0.9831074622101055
Dpm2,0.03295967698159845,0.8410153658490408,0.9831074622101055
Snrpb2,0.03282299161430469,0.8416666442478251,0.9831074622101055
Atp2a1,0.03249510762278321,0.8432293509653204,0.9831074622101055
Prickle1,0.03245960822093143,0.8433985765153652,0.9831074622101055
Hc,-0.032166193505958354,0.8447975374227006,0.9831074622101055
LOC102638292,0.03235696196829889,0.8438879282753189,0.9831074622101055
Igf2bp2,0.032189948501902765,0.8446842600840045,0.9831074622101055
Pip,0.03268414737019777,0.8423283112080473,0.9831074622101055
Polr2m,0.032644844679960525,0.8425156281136646,0.9831074622101055
Fam83g,-0.03293943573824714,0.8411118050227945,0.9831074622101055
Slc31a2,0.03255427396762142,0.8429473199491149,0.9831074622101055
Slamf8,0.03255622962387427,0.8429379981457379,0.9831074622101055
Xylb,-0.03292523913242736,0.8411794458971976,0.9831074622101055
Ergic1,-0.032093881871518015,0.8451423785901265,0.9831074622101055
Bloc1s6,-0.03230203421011496,0.8441498114962901,0.9831074622101055
Lect2,0.03223082294201331,0.8444893544030543,0.9831074622101055
Uxt,-0.032084839100353604,0.8451855038574916,0.9831074622101055
Ubl4b,0.03280194871476518,0.8417669183045492,0.9831074622101055
Psma7,-0.03274217232386461,0.8420517788507066,0.9831074622101055
Arf5,0.03295046182001859,0.841059271109802,0.9831074622101055
Ikzf4,-0.03268023070535893,0.8423469776932913,0.9831074622101055
Pet112,0.03222891624003258,0.8444984461263543,0.9831074622101055
Smc1b,0.03275159430307047,0.8420068777526191,0.9831074622101055
Adora2a,0.03232448973150799,0.8440427466962391,0.9831074622101055
Fyco1,-0.03233470880712366,0.8439940244428923,0.9831074622101055
Gp5,0.032616705457204014,0.8426497448839679,0.9831074622101055
Ccr9,0.032451834689051814,0.8434356338073143,0.9831074622101055
Otud7a,-0.03234781524228734,0.8439315367118335,0.9831074622101055
Ufm1,-0.03205848484366601,0.8453111905891166,0.9831074622101055
Cdk7,-0.0321480181375816,0.8448842099136773,0.9831074622101055
Dgke,-0.032111563787342874,0.8450580541955051,0.9831074622101055
Trub2,-0.03221827890471492,0.8445491684607301,0.9831074622101055
2700079J08Rik,-0.0325960195983197,0.8427483402108822,0.9831074622101055
Trpv6,0.03245712790227672,0.843410400435934,0.9831074622101055
Dact1,0.03296643398701851,0.8409831726616079,0.9831074622101055
Msx3,0.03211665119415786,0.8450337928450328,0.9831074622101055
Pla2g2d,-0.032081075218123194,0.8452034540589193,0.9831074622101055
Mrpl1,-0.032035576579899375,0.84542044589106,0.9831469029883649
Nab1,0.031968329825930765,0.8457411784369222,0.9832570061852635
Pcx,0.031977914633618876,0.8456954623806145,0.9832570061852635
Ndufa6,-0.031997399830070695,0.845602526532713,0.9832570061852635
Tbc1d8b,0.031941756312717284,0.8458679269524136,0.9832666210169511
Spef1,-0.03193500021371575,0.8459001523133032,0.9832666210169511
0610009O20Rik,-0.031742815506872135,0.8468169373689672,0.9832809207633187
Elavl2,-0.03181644125669211,0.8464656954415899,0.9832809207633187
Nudcd1,0.03187372942850857,0.8461924136020295,0.9832809207633187
Prpf38b,0.03175410115536622,0.8467630957892089,0.9832809207633187
Fgl1,-0.031758287172108234,0.8467431253047292,0.9832809207633187
Cort,-0.03186240898399703,0.8462464141860697,0.9832809207633187
Akt3,0.031726226186977895,0.8468960829009142,0.9832809207633187
Gja3,0.03173958970316309,0.8468323271563447,0.9832809207633187
Klra18,-0.0317112788574556,0.8469673959215038,0.9832809207633187
Crtc3,-0.031768428271124076,0.846694744922361,0.9832809207633187
Adam25,-0.03176485406621333,0.8467117964061791,0.9832809207633187
Sash3,-0.03178783566100997,0.8466021591064237,0.9832809207633187
Pycard,0.031740895849282524,0.8468260957381493,0.9832809207633187
Phf8,-0.03181417497812085,0.8464765066223471,0.9832809207633187
Ms4a3,0.03156886396122468,0.8476469085175566,0.9836560859340385
Nipbl,0.03156212439197586,0.8476790680051159,0.9836560859340385
Kpnb1,0.03160338571456496,0.8474821832637761,0.9836560859340385
Yipf4,0.031567550137133873,0.8476531777292328,0.9836560859340385
Cacul1,0.03154875965351272,0.8477428417820674,0.9836560859340385
Dctn1,-0.03159774833878961,0.8475090823529265,0.9836560859340385
Lin7c,-0.03152158197385983,0.8478725308923877,0.9837190944798405
Igkv9-120,0.03148785769420709,0.8480334649715876,0.9838183396527602
Gosr2,0.03144579643719635,0.8482341917148322,0.9838762637943862
Slain1,-0.03145260290882344,0.8482017089314969,0.9838762637943862
Ppp1r15b,0.031427986540514,0.8483191876825904,0.9838873949044639
Mtdh,0.03139550410532826,0.8484742110603445,0.9838922936218284
Hba-a1,-0.03140810086227751,0.8484140920274439,0.9838922936218284
Prdm4,0.031337650762742586,0.8487503311767213,0.9839501662691041
2010107G23Rik,-0.031366099481389645,0.8486145501384651,0.9839501662691041
Pcdhb8,-0.03134386247030599,0.848720683369775,0.9839501662691041
Obp2a,0.03130272802124103,0.8489170172959217,0.9840203479846139
Tg,-0.03129336901894183,0.8489616888352198,0.9840203479846139
Hrc,-0.03122639979851315,0.849281353231055,0.9842160193882803
Cyth3,0.031227820000210724,0.849274573941167,0.9842160193882803
Rprd2,-0.03116473829868898,0.8495757024076276,0.9842950935231658
A630072M18Rik,0.031148225577421425,0.8496545312998594,0.9842950935231658
Kcnn2,0.031114344094439365,0.8498162799983541,0.9842950935231658
Brd4,-0.031101499456211674,0.8498776012510928,0.9842950935231658
Mrps33,-0.031139261264722683,0.8496973259659518,0.9842950935231658
Htr1f,0.031132392072629866,0.8497301190267046,0.9842950935231658
Tpp2,0.03110936870468841,0.849840032777897,0.9842950935231658
Hist1h3d,-0.031010670041517946,0.8503112513917166,0.9847099325000452
C78651,-0.03094646071192553,0.8506178334173887,0.9848901604492907
Fbxw14,0.030950625830672065,0.8505979454821183,0.9848901604492907
Angel2,0.03091276977543082,0.8507787067494532,0.9849890288682117
Edn2,0.0308429690473755,0.8511120215392058,0.9851127167877503
Mgat4b,0.030859000384165128,0.8510354659947287,0.9851127167877503
Cradd,-0.030856067099443957,0.8510494734144544,0.9851127167877503
4921524J17Rik,-0.030812775405333077,0.8512562108145106,0.9851631286123539
Samd4b,0.030802230173850524,0.851306570483018,0.9851631286123539
Naa15,-0.030778307332296983,0.8514208181557031,0.9852079680867049
Vmn1r14,-0.03075946210635268,0.8515108188138039,0.9852247450524318
Yipf3,-0.03059824500212317,0.852280828808001,0.9857870745450519
Kcna2,0.030431091482158716,0.8530793291272873,0.9857870745450519
Dok2,0.030484959091477373,0.8528219858470815,0.9857870745450519
Rorb,0.030338643138546017,0.85352101874209,0.9857870745450519
1700029P11Rik,0.030464715707129837,0.8529186934625796,0.9857870745450519
Ppm1d,0.03008152529140134,0.8547496698753846,0.9857870745450519
Zfp771,-0.030522214213286974,0.8526440143010368,0.9857870745450519
Stap1,0.030079239178000514,0.8547605956444029,0.9857870745450519
Oas1c,-0.029962026678395093,0.8553208106367597,0.9857870745450519
Fscn3,0.030236157490216794,0.8540107128168147,0.9857870745450519
Rxfp2,-0.03057326556834183,0.8524001479284993,0.9857870745450519
Prl7d1,0.03052612338922992,0.8526253401652656,0.9857870745450519
Metap2,0.030391725903892306,0.8532674005270866,0.9857870745450519
Zfp292,0.030303311427936564,0.8536898338896994,0.9857870745450519
Wfdc21,-0.029977903847327177,0.8552449220689397,0.9857870745450519
Zfp142,-0.030096838911421397,0.8546764838443714,0.9857870745450519
Nudt16l1,-0.030619281074417824,0.8521803483298067,0.9857870745450519
Otud6b,0.030367553303607,0.8533828903668953,0.9857870745450519
Fbxo3,-0.030032388569131437,0.8549845092132872,0.9857870745450519
Tfap2a,0.029966804331825216,0.8552979746178168,0.9857870745450519
Krt6a,0.03029841156395398,0.8537132459586205,0.9857870745450519
Arrdc1,-0.030243295627113358,0.8539766038927571,0.9857870745450519
Plcl2,-0.0305481664050015,0.852520042087182,0.9857870745450519
Safb,-0.030074898980896155,0.8547813383389755,0.9857870745450519
Gpatch2,-0.030357697522695834,0.8534299793264062,0.9857870745450519
Lrrk1,-0.030268151101714588,0.8538578362740932,0.9857870745450519
Wdsub1,0.029998049064303266,0.8551486351583397,0.9857870745450519
Ykt6,0.030257419445554032,0.8539091152776072,0.9857870745450519
Cyp2c38,-0.03014676579344184,0.8544378839518295,0.9857870745450519
Tdrd7,0.02996619826513966,0.8553008714626902,0.9857870745450519
Pdia5,0.03002234376948756,0.8550325178192768,0.9857870745450519
Slc26a4,-0.030172137961185758,0.8543166353927816,0.9857870745450519
Mfi2,0.03019222830580074,0.8542206298621302,0.9857870745450519
Scube1,0.029969515449073503,0.8552850161876768,0.9857870745450519
Zfp7,-0.030640397654705307,0.8520794855162187,0.9857870745450519
Racgap1,0.030200744005370605,0.8541799365715627,0.9857870745450519
Zbtb37,0.03025076717349012,0.8539409020711549,0.9857870745450519
Def8,0.030226945162841384,0.8540547334380553,0.9857870745450519
Pick1,-0.030218624599620384,0.8540944931701427,0.9857870745450519
Man2a1,0.030137378548393157,0.8544827445354859,0.9857870745450519
Nos3,-0.030370780333434242,0.8533674723650113,0.9857870745450519
Mrpl24,-0.03015610686781273,0.8543932444419005,0.9857870745450519
Nkx1-2,0.03002057897634394,0.855040952608757,0.9857870745450519
Mafk,0.02997080559549782,0.8552788496383786,0.9857870745450519
Tcerg1,-0.02980064288161161,0.8560922511486613,0.9858874809103135
Rgs6,-0.029852633203998925,0.85584371521165,0.9858874809103135
Cts6,-0.029814359713397975,0.8560266775619177,0.9858874809103135
Abcb1a,-0.029856848996221343,0.8558235625006129,0.9858874809103135
Cbx2,-0.029849384997621492,0.8558592426403003,0.9858874809103135
Ict1,-0.029818977420638874,0.8560046027262517,0.9858874809103135
Adam23,-0.02976994454967766,0.8562390084417644,0.9858874809103135
Mms19,-0.02979319372431096,0.8561278623756526,0.9858874809103135
Paics,0.02978297524835631,0.8561767129656247,0.9858874809103135
Slc1a3,0.029841124202338504,0.8558987320214877,0.9858874809103135
Mylk,0.029774500414454737,0.8562172282600351,0.9858874809103135
Nsun6,-0.02972898324538566,0.8564348362979839,0.9860202748524731
Rhot2,0.02971421021706819,0.8565054652044435,0.9860202748524731
Rtp3,-0.029681546546379126,0.8566616318795963,0.986100895939357
Defb13,0.029667950920296473,0.8567266347815534,0.986100895939357
Myoc,0.029636330501774933,0.8568778206043728,0.9861879238901448
Gpc4,-0.029598017784233873,0.8570610105950337,0.9862828423895841
1700093K21Rik,0.029587467097419724,0.8571114593223912,0.9862828423895841
Zfp868,0.029541321411213555,0.8573321139269326,0.9863806759176289
U2af2,0.02953807015352195,0.857347660836673,0.9863806759176289
Armc1,0.02951167772138532,0.8574738664212813,0.9864389035467953
Nlgn1,-0.0294852636425467,0.8576001788703751,0.9864972438363473
Plxna3,0.02946548249377622,0.85769477476102,0.9865190935087307
Epyc,-0.029433534756414068,0.8578475567427788,0.9866078589755438
Aes,-0.029412372369507278,0.8579487632057966,0.9866372971774425
Rev1,0.02938390335970571,0.85808491606163,0.9867069148473924
Fbxo21,0.029295060785079364,0.858509830029261,0.9871085357345868
Maats1,-0.02913828522935654,0.859259743920511,0.9871160575046876
4930550L24Rik,-0.029066294924662953,0.8596041385815705,0.9871160575046876
Hsbp1,-0.02918751144812604,0.8590242646079029,0.9871160575046876
Mtnr1a,0.029135470287013077,0.8592732098708094,0.9871160575046876
Scgb2b27,0.029176083100436026,0.859078932404844,0.9871160575046876
Slc15a1,0.029223180021566486,0.8588536470591444,0.9871160575046876
Flt4,-0.029228731927776357,0.858827090538617,0.9871160575046876
Prpf39,-0.029091371238538163,0.85948417313023,0.9871160575046876
Lpin2,-0.029144376149212205,0.8592306066766349,0.9871160575046876
Sec11c,0.02925866582225006,0.8586839097989877,0.9871160575046876
Mepce,0.029056484002851216,0.8596510749853068,0.9871160575046876
Grin2c,-0.02907390081396903,0.8595677515814054,0.9871160575046876
Tfap2c,-0.029150832399430057,0.8591997219876122,0.9871160575046876
Foxb2,-0.029090465415608672,0.8594885065484603,0.9871160575046876
Pirb,0.029177285828683473,0.8590731790939098,0.9871160575046876
Eef2k,0.028995644236840503,0.8599421485104518,0.9873634048317541
Tie1,-0.02888110611848757,0.8604901765778767,0.9874386564941262
Lrp10,0.02888422121690308,0.860475271015662,0.9874386564941262
Slc25a38,-0.028936994178597953,0.8602227624517693,0.9874386564941262
Mrpl18,0.028937335585093264,0.8602211289294878,0.9874386564941262
Ahdc1,-0.02890040144618704,0.8603978503076433,0.9874386564941262
Sva,-0.02887123910335591,0.8605373899648404,0.9874386564941262
Pnliprp1,-0.028893752554446567,0.8604296644113218,0.9874386564941262
P2ry2,-0.028842613498452494,0.8606743652624498,0.9875089943119413
Bag3,-0.02881247892565525,0.8608185652268827,0.9875876083739751
Nfkb1,0.02862886504932919,0.8616972863795257,0.9879904974691969
Folh1,0.028693012173277785,0.861390279478065,0.9879904974691969
Phf19,-0.0286652340697593,0.8615232225872475,0.9879904974691969
Mfn1,-0.028638411836548486,0.8616515944222113,0.9879904974691969
Pde6a,-0.028684107675513576,0.8614328950837492,0.9879904974691969
Agtpbp1,0.028568636311921383,0.861985557438323,0.9879904974691969
Plk1,-0.028569816888073744,0.8619799067184899,0.9879904974691969
Cops8,0.02862334564338789,0.8617237030480196,0.9879904974691969
Aloxe3,-0.028573878926880743,0.8619604641906566,0.9879904974691969
Atrn,0.028577552999818182,0.8619428786874528,0.9879904974691969
Zfp26,0.028565077525041293,0.8620025912856776,0.9879904974691969
Mkrn1,0.028517223503713808,0.8622316464377813,0.9881662352333223
Gata1,-0.026487376737750378,0.8719571690935946,0.9881947476622577
Foxg1,-0.025927754092016447,0.8746416570369154,0.9881947476622577
Rab1b,-0.028342814950507854,0.8630665498031649,0.9881947476622577
Npy2r,0.02603668451847955,0.8741190171917126,0.9881947476622577
Cdx4,-0.027326390470816687,0.8679349995470986,0.9881947476622577
Ift80,0.026896008926213365,0.8699978305401208,0.9881947476622577
Retnlb,0.02697184380955162,0.869634292399234,0.9881947476622577
Igll1,0.02841686253361856,0.862712062717806,0.9881947476622577
Mrvi1,-0.026227974929387467,0.8732013427019267,0.9881947476622577
Tmem9b,-0.026085510497725072,0.8738847702498492,0.9881947476622577
Nucb1,0.02591091041404714,0.8747224762059612,0.9881947476622577
Tfap2d,-0.02623107097234467,0.8731864913896066,0.9881947476622577
Tm2d1,0.028145143450641112,0.8640129840762352,0.9881947476622577
Tfip11,-0.025972236292628608,0.874428228761226,0.9881947476622577
Mrps17,0.028109547138757962,0.8641834352710484,0.9881947476622577
Ccer1,0.027973544971074436,0.8648347284141759,0.9881947476622577
Snap29,0.026191791941989066,0.8733749107934536,0.9881947476622577
Cacna1h,-0.02769178491223534,0.8661843013993633,0.9881947476622577
Acer2,0.02624335381662778,0.873127572599971,0.9881947476622577
Dut,0.026726483906946454,0.8708105927462477,0.9881947476622577
Grem1,-0.02730493381269346,0.8680378224625366,0.9881947476622577
Rbfox2,0.027883747893510915,0.8652647988749728,0.9881947476622577
Imp4,0.026875300414256672,0.8700971076361455,0.9881947476622577
Wnt2b,0.027959707426902517,0.8649009989889788,0.9881947476622577
Sgta,0.02706207202279007,0.8692017883365446,0.9881947476622577
Serbp1,-0.027132521482925526,0.8688641176515641,0.9881947476622577
Ifitm2,0.027254244708100676,0.8682807389615661,0.9881947476622577
Thy1,-0.027102857330034185,0.8690062979651142,0.9881947476622577
Tm9sf2,-0.027208965213074233,0.8684977407486456,0.9881947476622577
Agap1,0.02746474629389841,0.8672720309830426,0.9881947476622577
Ccna1,0.027845743026171075,0.8654468288885281,0.9881947476622577
Gipc3,-0.02809883268356717,0.86423474205222,0.9881947476622577
Car5b,-0.028240406474330057,0.8635568503840677,0.9881947476622577
Adck1,0.02774854864988864,0.865912385756732,0.9881947476622577
Zfp352,0.028334092161326485,0.8631083099741828,0.9881947476622577
Cept1,0.02784036942131552,0.8654725671046999,0.9881947476622577
Chst10,0.02811422231259077,0.8641610480987929,0.9881947476622577
Kcnh3,0.027879372324015893,0.8652857559870295,0.9881947476622577
Rec8,0.027716750233491703,0.8660647080896824,0.9881947476622577
2210407C18Rik,-0.026124698388964005,0.8736967702326063,0.9881947476622577
Immp1l,-0.02658099905125859,0.8715081980204735,0.9881947476622577
Sf3a1,-0.02680055064641646,0.8704554754331058,0.9881947476622577
Ap5s1,0.027803436338936796,0.8656494708297454,0.9881947476622577
Egfbp2,-0.026005864051310862,0.8742668863226923,0.9881947476622577
Tmem168,-0.02823329320146155,0.8635909083629216,0.9881947476622577
Rela,0.02730011887627348,0.8680608965053664,0.9881947476622577
Pibf1,-0.026013338189171675,0.8742310268500508,0.9881947476622577
Ptprv,0.026315430735776576,0.8727818444801263,0.9881947476622577
Cct7,-0.02660614997790803,0.8713875918135601,0.9881947476622577
Mrps11,0.026421448867556065,0.8722733526612847,0.9881947476622577
Ccr2,-0.027338109846247405,0.8678788397414243,0.9881947476622577
Phactr1,-0.027365549274273423,0.8677473510915852,0.9881947476622577
Tpo,0.02622009928075054,0.8732391213413787,0.9881947476622577
Cabp5,-0.025932698545916573,0.8746179328352374,0.9881947476622577
Ring1,-0.027732458899404247,0.865989459096485,0.9881947476622577
Lmf1,0.02609471747420348,0.8738406001059145,0.9881947476622577
Orm2,-0.02650533495890419,0.8718710464908325,0.9881947476622577
Fgf15,-0.027867741686182078,0.8653414622059756,0.9881947476622577
Slc8a3,0.026167080279258393,0.8734934546984329,0.9881947476622577
Dqx1,-0.025898623001176693,0.8747814343065128,0.9881947476622577
Tubb3,0.028017686129913757,0.8646233340281597,0.9881947476622577
Vps41,-0.02635905411943188,0.8725726089977177,0.9881947476622577
Ndufa10,0.027279945845850882,0.8681575704243734,0.9881947476622577
Marveld1,0.026063100244318984,0.8739922841570525,0.9881947476622577
Pltp,0.025994183544436347,0.8743229276182015,0.9881947476622577
Drd2,-0.026775391988099705,0.8705760974028852,0.9881947476622577
Stx3,0.027622013663370838,0.8665185469324566,0.9881947476622577
B3gnt5,-0.02706816607011186,0.8691725781452125,0.9881947476622577
Sp3,-0.028321869055568136,0.8631668284290726,0.9881947476622577
Vps28,-0.027966014579744625,0.8648707927516649,0.9881947476622577
Cog2,-0.02718274159291176,0.8686234215006847,0.9881947476622577
Cyp2s1,0.0261084412760872,0.8737747613226212,0.9881947476622577
Lasp1,0.026582618575781668,0.8715004318338365,0.9881947476622577
Heatr6,0.026454018045888216,0.8721171517452329,0.9881947476622577
Mettl22,-0.027053605700370624,0.8692423696684186,0.9881947476622577
Ropn1l,0.026288157517824703,0.87291266207679,0.9881947476622577
Pln,-0.0268040869416147,0.8704385210588431,0.9881947476622577
Tceal1,-0.026623714383245022,0.8713033668722736,0.9881947476622577
Fam122a,0.026486679501051935,0.8719605128738034,0.9881947476622577
Pbx1,-0.027741313898127725,0.8659470416172286,0.9881947476622577
Fcer1a,-0.027796409350330863,0.8656831297138866,0.9881947476622577
Pde7b,0.02824022440026884,0.8635577221422548,0.9881947476622577
Cyp2c55,-0.02738267915886868,0.8676652670690312,0.9881947476622577
2410004B18Rik,-0.02757922494594379,0.8667235410425486,0.9881947476622577
BC025446,-0.026145395702204106,0.8735974795713144,0.9881947476622577
Ttc17,0.027108460476027302,0.8689794417826261,0.9881947476622577
Rai1,-0.026667721366296193,0.8710923502157635,0.9881947476622577
Slc17a1,0.02716534944432829,0.8687067777432453,0.9881947476622577
Ndst4,0.02663411313420437,0.8712535033515852,0.9881947476622577
Bcl6b,0.026688337355995,0.8709934979583709,0.9881947476622577
Hnf1a,-0.027193971808955653,0.8685695985811966,0.9881947476622577
Grk6,-0.027806495456290884,0.8656348178979234,0.9881947476622577
Bcl2l15,0.026310928311401676,0.8728034404036691,0.9881947476622577
Bdh1,0.027490192535859444,0.8671501079032085,0.9881947476622577
Pef1,-0.02771657292783336,0.8660655574407603,0.9881947476622577
Mdm2,0.026308740768753502,0.8728139330053022,0.9881947476622577
Rnf138rt1,-0.02769945967888432,0.8661475360711254,0.9881947476622577
Pnoc,0.02699535223695339,0.8695216025657939,0.9881947476622577
BC029722,0.027865753367083298,0.8653509855405094,0.9881947476622577
Pemt,-0.027791882582927394,0.8657048127962623,0.9881947476622577
Lrrc8a,0.026358101827919308,0.8725771764875372,0.9881947476622577
Cops2,0.026832124124537556,0.8703041018391067,0.9881947476622577
Vtn,-0.026087391060534967,0.873875748286941,0.9881947476622577
Med10,0.025915214554432502,0.8747018240078699,0.9881947476622577
Ogt,0.028171261605483715,0.8638879222704965,0.9881947476622577
Abi3bp,0.026707492952018904,0.8709016498483404,0.9881947476622577
Sowaha,-0.026101627704892112,0.8738074487560085,0.9881947476622577
Gnrhr,-0.02662286495978739,0.8713074400018535,0.9881947476622577
Slc13a2,0.02797135722895572,0.8648452058602857,0.9881947476622577
Ttbk2,-0.026842894036709652,0.8702524683516957,0.9881947476622577
Kctd9,-0.026666441946783852,0.8710984850056225,0.9881947476622577
Slc12a6,0.027138023269627703,0.8688377480108308,0.9881947476622577
Mcmbp,0.026350604739276362,0.8726131350206375,0.9881947476622577
Myct1,-0.026502999764035706,0.8718822453529492,0.9881947476622577
Hrg,-0.026476077180367444,0.8720113593234667,0.9881947476622577
Ddb1,-0.02702389088712771,0.8693848031643374,0.9881947476622577
Prpf8,0.028288293001893835,0.8633275782589158,0.9881947476622577
4930549C01Rik,0.02797081106577743,0.8648478215263051,0.9881947476622577
Rpf1,0.02761537462139326,0.8665503530126263,0.9881947476622577
Ubd,-0.02705016992263375,0.8692588383538895,0.9881947476622577
Snx20,0.025888995786340168,0.8748276285534832,0.9881947476622577
Dct,0.02825313325662544,0.8634959157967697,0.9881947476622577
Magohb,0.028371126601796626,0.8629310107871779,0.9881947476622577
Tcf21,0.028165246705056393,0.8639167231969712,0.9881947476622577
Msmo1,0.027167322360662487,0.8686973219784875,0.9881947476622577
Gm3716,-0.028043727783168205,0.8644986233236346,0.9881947476622577
Cldn23,0.026155644492453,0.8735483140040482,0.9881947476622577
Myo1h,-0.027576157489612122,0.8667382370667814,0.9881947476622577
Aard,0.02793179740836947,0.8650346679192811,0.9881947476622577
Gpr56,0.027547134566857003,0.8668772864793064,0.9881947476622577
Rreb1,0.02753521394144535,0.8669343995348568,0.9881947476622577
2310033P09Rik,-0.026803498631227076,0.8704413416438105,0.9881947476622577
S100pbp,0.028337892519123695,0.8630901157973868,0.9881947476622577
Haus2,0.02609537718029727,0.8738374352031393,0.9881947476622577
Cldn10,0.027259336187611116,0.8682563386377617,0.9881947476622577
Ddx5,0.0273319015543621,0.8679085900957593,0.9881947476622577
Ldhc,-0.028425529416974817,0.862670573512939,0.9881947476622577
Msh6,0.026375193616764516,0.8724951994825974,0.9881947476622577
Vmn1r45,-0.02795050347204089,0.8649450789256391,0.9881947476622577
Cln8,-0.026929830732804826,0.869835692048942,0.9881947476622577
Kcnq2,-0.026887285875049672,0.870039648824244,0.9881947476622577
Rpn2,-0.026947846251575813,0.8697493294351417,0.9881947476622577
Zfp697,-0.027687396143796165,0.8662053255473865,0.9881947476622577
Wdr78,-0.027444028625736826,0.8673712997256398,0.9881947476622577
Psmb5,0.027606931117260803,0.8665908041311466,0.9881947476622577
Tcf7l2,-0.02826677576359121,0.8634305976380925,0.9881947476622577
Stard10,-0.026053874531824926,0.8740365454290947,0.9881947476622577
D18Ertd232e,0.02839960489624603,0.8627946777253512,0.9881947476622577
Cmah,-0.026287659229552073,0.8729150521755619,0.9881947476622577
4930507D05Rik,0.02662925241822064,0.8712768111319549,0.9881947476622577
Wdr46,-0.0261753048526916,0.8734540004445441,0.9881947476622577
Slc6a13,-0.028316514436641214,0.8631924640317483,0.9881947476622577
Slc35b2,0.027976565078733754,0.8648202646725492,0.9881947476622577
Kansl2,-0.02655088694003393,0.8716525982005695,0.9881947476622577
Lce1g,-0.02759276718153559,0.866658661400126,0.9881947476622577
Atp6v1g1,0.027669330856299974,0.8662918672056148,0.9881947476622577
D2hgdh,-0.026079257888016034,0.8739147671296725,0.9881947476622577
Triobp,0.026348111588453224,0.8726250930556135,0.9881947476622577
Map3k14,-0.028323044039793657,0.863161203129809,0.9881947476622577
Popdc2,0.027341684507910947,0.8678617099142796,0.9881947476622577
Asb11,-0.026367617975194484,0.8725315342255072,0.9881947476622577
D4Ertd335e,-0.02660729018148761,0.8713821242618647,0.9881947476622577
Lgr5,-0.02709838025874654,0.8690277569103142,0.9881947476622577
Dak,0.026986709387445688,0.869563032585883,0.9881947476622577
Pfdn1,-0.02771214477220464,0.8660867697752457,0.9881947476622577
Pga5,-0.02811956111529458,0.8641354832477189,0.9881947476622577
AA407331,0.025822784294918712,0.8751453416405797,0.9882114540557221
Traf3ip2,0.02585382781232693,0.8749963783079391,0.9882114540557221
Fxyd6,0.025825057304061965,0.8751344343939268,0.9882114540557221
Mgat2,0.025830753464642166,0.8751071009311803,0.9882114540557221
Tal1,0.02579158890606316,0.8752950378289727,0.9882115627166708
Mmp7,-0.025791200950479216,0.87529689952328,0.9882115627166708
Emg1,-0.025760566960080878,0.8754439057899625,0.9882540693648203
Dedd2,0.02575179164543237,0.8754860174616693,0.9882540693648203
Anks3,0.02561784935354242,0.8761288304426131,0.98829138661985
Fau,0.025524613563500855,0.8765763300071275,0.98829138661985
Pole4,0.02556675552806735,0.8763740586454687,0.98829138661985
Itga4,0.02538197285575107,0.87726102622559,0.98829138661985
Dcps,0.025394898222369528,0.8771989790945816,0.98829138661985
Lipt1,-0.025384224156723735,0.8772502189955224,0.98829138661985
Gif,-0.02567143871917697,0.8758716364714876,0.98829138661985
Gpbp1l1,0.025440337044182696,0.8769808593731059,0.98829138661985
Gbf1,0.025513577871625507,0.876629299915974,0.98829138661985
D12Ertd216e,-0.025672586222942013,0.8758661293341702,0.98829138661985
Stard7,-0.025453038505969586,0.876919890151833,0.98829138661985
AI596198,0.025712272416538073,0.8756756694662716,0.98829138661985
Tsta3,-0.025496772287775266,0.8767099655433036,0.98829138661985
Tgif1,0.02544585030913017,0.8769543946619718,0.98829138661985
Lims2,0.025427318789043935,0.877043349953498,0.98829138661985
Gtf2h4,0.025418447935479524,0.8770859324681629,0.98829138661985
Wdr12,0.02552389976433167,0.8765797561364362,0.98829138661985
Fmo1,-0.02553883235830211,0.8765080823604924,0.98829138661985
Cox16,0.0255132085239199,0.8766310727464811,0.98829138661985
Pknox2,0.02543597128908952,0.8770018159102653,0.98829138661985
Plbd1,-0.025647380281901923,0.875987099776088,0.98829138661985
Chrnb3,0.025718533126346813,0.8756456240050068,0.98829138661985
Irx2,0.025560804548485663,0.8764026214760693,0.98829138661985
Gpr124,-0.025332803488084192,0.8774970659528669,0.9883119575414767
Lims1,-0.02534756249274502,0.877426213645043,0.9883119575414767
Ubr3,-0.025314067084313645,0.8775870135240148,0.9883119575414767
Mrpl40,0.02530930952641159,0.8776098532917886,0.9883119575414767
Gm9222,-0.025299284996547777,0.8776579786949676,0.9883119575414767
Tmem30a,0.024899400388679282,0.8795780675608158,0.9883720219992134
Rragd,0.024246100333258424,0.882716353715423,0.9883720219992134
Plcg1,0.023041732559769917,0.8885062315905058,0.9883720219992134
Noa1,0.02393608236700231,0.8842061955874017,0.9883720219992134
Mpz,-0.023815383767137287,0.8847863344419267,0.9883720219992134
Napa,-0.0234547770063279,0.886519930974671,0.9883720219992134
Pstpip1,0.022996263254222486,0.8887249296920401,0.9883720219992134
Nup62,0.023128716767781055,0.8880878770043846,0.9883720219992134
Pbsn,-0.024898547237243607,0.8795821647585548,0.9883720219992134
Vmn1r50,-0.02405735512252879,0.8836233545081194,0.9883720219992134
Chrnb2,-0.023745700478557435,0.885121293631709,0.9883720219992134
Bmp7,-0.023072353233409067,0.8883589567786179,0.9883720219992134
Rnps1,-0.02344826178589309,0.8865512571406716,0.9883720219992134
Brs3,-0.024528702241176436,0.8813585961610683,0.9883720219992134
Mrc1,0.02389903101941761,0.8843842771516047,0.9883720219992134
Ociad1,-0.02424148471978554,0.8827385320149548,0.9883720219992134
Itk,0.02376686163016384,0.885019572522959,0.9883720219992134
Pls3,-0.02477394931365728,0.8801805689905506,0.9883720219992134
Ccr7,-0.023642591562338756,0.8856169603917893,0.9883720219992134
Agk,-0.02458090170192537,0.8811078394083776,0.9883720219992134
Fam131a,0.023427728472346792,0.8866499854856491,0.9883720219992134
Impad1,0.02377080609144269,0.8850006117920686,0.9883720219992134
Chfr,-0.02468235017250601,0.8806205306840593,0.9883720219992134
Pum1,0.023338908528154203,0.8870770684335151,0.9883720219992134
Atp8a2,0.02461835474472019,0.8809279285233911,0.9883720219992134
Smc6,-0.023208226316064118,0.8877054971991757,0.9883720219992134
Tmem216,-0.02381387789861413,0.8847935727710221,0.9883720219992134
Eefsec,-0.02452300165336996,0.88138598141456,0.9883720219992134
Aym1,-0.024402846259760358,0.881963230397188,0.9883720219992134
Rcor2,0.024532859431211678,0.881338625372398,0.9883720219992134
Eif4ebp1,0.023170583804899985,0.8878865257520024,0.9883720219992134
Cyr61,-0.023207054405527817,0.8877111330137777,0.9883720219992134
C4bp-ps1,0.023843868474423158,0.8846494173240028,0.9883720219992134
Rdh11,-0.024384250560323582,0.8820525727710744,0.9883720219992134
Ndufb6,-0.02386039670944203,0.884569972696104,0.9883720219992134
Chpf2,-0.0248674079856983,0.8797317107769118,0.9883720219992134
Krt15,-0.02417922516753268,0.8830377011456528,0.9883720219992134
Tead3,0.024278182801785866,0.8825621978657676,0.9883720219992134
Cldn19,-0.023084558488273777,0.8883002547260126,0.9883720219992134
Epgn,-0.024224633819792413,0.8828195023170131,0.9883720219992134
Slc46a2,-0.02397703149932214,0.8840093861790388,0.9883720219992134
Otof,0.023038599097556796,0.8885213026557042,0.9883720219992134
Prokr1,0.024401493884783982,0.8819697277879448,0.9883720219992134
Gpr37l1,0.02485401318975611,0.8797960403953442,0.9883720219992134
Trim30d,0.023496866732467255,0.8863175611291689,0.9883720219992134
Lepr,0.024765616616508813,0.8802205905338776,0.9883720219992134
Klf13,0.023648189196786473,0.8855900503003136,0.9883720219992134
Clcn2,0.024992369587197083,0.8791316075204332,0.9883720219992134
Lypla2,0.024987193923814516,0.8791564613508336,0.9883720219992134
Ptprk,0.024677220214775603,0.8806451714906554,0.9883720219992134
Msh3,-0.024901297863793234,0.8795689550851662,0.9883720219992134
Orai1,0.025270985796179833,0.8777938387221669,0.9883720219992134
Ppp1r1a,-0.02305097849452377,0.8884617614806073,0.9883720219992134
Zyx,0.023817053174532702,0.8847783100331659,0.9883720219992134
Rab18,-0.02464613152910469,0.8807945025342109,0.9883720219992134
Nckap5l,0.025169142608258664,0.8782827992581846,0.9883720219992134
Ints8,0.02412663958752788,0.8832903969227244,0.9883720219992134
Car5a,0.02409095835721997,0.8834618664229387,0.9883720219992134
Esam,-0.023175323394931613,0.8878637320478289,0.9883720219992134
Wdr82,-0.023993734410931562,0.8839291106603671,0.9883720219992134
Hcn3,0.02461303109863853,0.8809535010515172,0.9883720219992134
Agap3,-0.022986931550658743,0.8887698142492735,0.9883720219992134
Trim60,-0.025155143467063795,0.8783500140405892,0.9883720219992134
Mrgpra3,0.023445330420883488,0.88656535164047,0.9883720219992134
Rras,-0.023651258903725502,0.8855752930296945,0.9883720219992134
Zfp626,-0.02355869379295169,0.8860203053916912,0.9883720219992134
Igkv6-20,0.024861212617389224,0.8797614644563898,0.9883720219992134
Ntng1,-0.023163750753091485,0.8879193875124599,0.9883720219992134
Sec23a,0.0238604998491549,0.8845694769480238,0.9883720219992134
Limd2,0.023301252978256876,0.8872581409610253,0.9883720219992134
Slc38a3,0.023218335540458702,0.8876568813204083,0.9883720219992134
Card14,0.023916157447652513,0.8843019609589218,0.9883720219992134
Ccdc159,0.023160682396411215,0.8879341440222388,0.9883720219992134
Nrf1,0.023219623271657188,0.8876506885701556,0.9883720219992134
Rpl27,-0.024366472804146815,0.8821379866552502,0.9883720219992134
Siah1a,0.024483829954280747,0.8815741632353332,0.9883720219992134
Trim13,0.023412735813133245,0.8867220742596684,0.9883720219992134
S100g,-0.024515956305428847,0.8814198269884445,0.9883720219992134
Shbg,-0.023917391523298092,0.8842960295616579,0.9883720219992134
Nr1h4,0.02347243575471054,0.8864350258590694,0.9883720219992134
2010010I01Rik,-0.023215272027553156,0.8876716139004386,0.9883720219992134
Miox,0.024431712349848384,0.8818245470325833,0.9883720219992134
Slc22a4,-0.02352138620314581,0.8861996732309261,0.9883720219992134
Uimc1,0.024769144573211027,0.8802036458933216,0.9883720219992134
Gm10083,0.023927927579357133,0.8842453898501992,0.9883720219992134
Tas1r1,0.02405409008195229,0.8836390456497254,0.9883720219992134
Papolg,-0.025132208139218296,0.8784601363279039,0.9883720219992134
LOC171588,-0.024358692844275078,0.8821753661552043,0.9883720219992134
Lrrc42,-0.02349717983341833,0.8863160557471409,0.9883720219992134
Snn,-0.02356486910056467,0.885990616197464,0.9883720219992134
Slc22a27,-0.02316989755487596,0.8878898260824958,0.9883720219992134
Nts,0.02448961911482731,0.881546351576327,0.9883720219992134
Ppp5c,0.023057788963067604,0.8884290054224018,0.9883720219992134
Nolc1,0.023199491773888827,0.8877475024596736,0.9883720219992134
Osr1,-0.02497405662612435,0.8792195478940603,0.9883720219992134
Pm20d1,-0.02346784775237219,0.8864570853406962,0.9883720219992134
Arl10,0.023242448142364962,0.8875409239106373,0.9883720219992134
Ifitm10,0.02332480448268466,0.8871448892805018,0.9883720219992134
Tbc1d20,0.023962817041889028,0.8840777028514655,0.9883720219992134
Ctsb,0.024081942051325262,0.88350519592134,0.9883720219992134
Zfp358,0.02345098265928926,0.8865381747497363,0.9883720219992134
Arl4d,0.023488382135657754,0.886358355015103,0.9883720219992134
Csf2rb,0.024869320922843337,0.8797225237971396,0.9883720219992134
Acin1,0.02400558934240407,0.8838721355833852,0.9883720219992134
Wash,0.02413710126701945,0.8832401232926048,0.9883720219992134
Smagp,0.023374909860841918,0.8869039555297502,0.9883720219992134
LOC102633540,-0.023572716296949205,0.8859528892303368,0.9883720219992134
Mlc1,0.024432175530029625,0.8818223217709494,0.9883720219992134
Retnla,-0.025219644688553023,0.8780403277779668,0.9883720219992134
Bcl2,-0.024439864110464917,0.8817853835647199,0.9883720219992134
Rtn1,0.02484345694919966,0.8798467381298438,0.9883720219992134
C8a,0.025064252529658035,0.8787864328618138,0.9883720219992134
Cab39l,-0.02405644439298196,0.8836277312906352,0.9883720219992134
Elovl3,0.023870060425104797,0.8845235235665566,0.9883720219992134
Fzd8,-0.024414774008357558,0.8819059246814774,0.9883720219992134
2810428I15Rik,-0.02431744527267639,0.8823735477593659,0.9883720219992134
Cdsn,0.025135391740055645,0.8784448503737655,0.9883720219992134
Tpsg1,0.023993066392093667,0.8839323211908945,0.9883720219992134
Mto1,0.0232043173485571,0.8877242957672298,0.9883720219992134
Rad51ap1,0.023597420545741408,0.8858341201615183,0.9883720219992134
C80256,-0.02314559756030854,0.8880066913650673,0.9883720219992134
Cops6,0.023844174347988783,0.8846479471021919,0.9883720219992134
Irs2,-0.024554496043484086,0.8812346860402253,0.9883720219992134
Klra15,0.023504995582616157,0.8862784779305132,0.9883720219992134
Iars,-0.02507797684327539,0.8787205324935877,0.9883720219992134
Tubb4a,0.02316902854841905,0.887894005332284,0.9883720219992134
Toporsl,0.02394611849502064,0.8841579594173268,0.9883720219992134
Aldh16a1,-0.024651109812135506,0.8807705896433565,0.9883720219992134
Orc6,-0.023752996883889176,0.8850862198032805,0.9883720219992134
Hesx1,0.0242413808971344,0.8827390308899912,0.9883720219992134
Lrriq4,-0.024972328064554707,0.8792278486623016,0.9883720219992134
Cxcr6,0.024969827154148017,0.8792398583675765,0.9883720219992134
Cd79a,-0.022997094019489326,0.8887209338104066,0.9883720219992134
Aldh18a1,0.0233916824344875,0.886823306071293,0.9883720219992134
Snca,0.025069414253684294,0.8787616475962993,0.9883720219992134
2010109I03Rik,-0.0235618784568096,0.8860049943783548,0.9883720219992134
Dnase2b,0.023741100288276983,0.8851434068577552,0.9883720219992134
Il31ra,0.02462197443043616,0.8809105411602062,0.9883720219992134
Polr2i,-0.023844030804056966,0.8846486370650694,0.9883720219992134
Scarb1,-0.02344390907879805,0.8865721857059876,0.9883720219992134
Aldoc,0.02460171658705499,0.8810078515244787,0.9883720219992134
Tmem134,0.022997681328866117,0.8887181089240723,0.9883720219992134
Tbl1xr1,0.024076252356018867,0.8835325389521428,0.9883720219992134
Hif1a,0.023445354075210027,0.8865652379063269,0.9883720219992134
Arih1,0.023866702596310966,0.8845396630961724,0.9883720219992134
Slco3a1,-0.02456462875166509,0.8811860105393585,0.9883720219992134
Higd1a,0.022958520263621277,0.8889064717046464,0.9884397570748983
Ahi1,-0.02281093974765334,0.8896163783779946,0.9884710593881515
Tapbpl,0.022885536435217832,0.889257535672631,0.9884710593881515
Pcdhb20,0.022855942798481025,0.8893998915219683,0.9884710593881515
Huwe1,-0.022880834687434536,0.8892801525216273,0.9884710593881515
Ptpn5,-0.022917521084854505,0.8891036818965292,0.9884710593881515
Serp1,0.022910846584665294,0.8891357875140046,0.9884710593881515
Arglu1,-0.022815090301376753,0.8895964118519406,0.9884710593881515
Top3a,0.022847044400107715,0.8894426966033944,0.9884710593881515
Nacc1,-0.022837355007722798,0.8894893070393595,0.9884710593881515
Lair1,0.022787410015098774,0.8897295710015344,0.9885126583226072
Mrpl21,-0.022708779939228478,0.8901078454632395,0.9887645590746414
Arl4a,-0.02271875578486628,0.890059852276773,0.9887645590746414
Aspn,-0.021136049513789043,0.8976786792842277,0.9888520436296887
Arl6,0.0208706710838516,0.8989570242115456,0.9888520436296887
Trim17,-0.021188448989061116,0.8974262963985167,0.9888520436296887
2510039O18Rik,-0.020868905389636507,0.898965530484228,0.9888520436296887
Zfp280d,-0.020941986314252557,0.8986134703673408,0.9888520436296887
C1galt1c1,0.02167181613687543,0.8950986037486164,0.9888520436296887
Bcl2l10,-0.021828738993688205,0.8943431068672076,0.9888520436296887
4930414L22Rik,0.021825292233883513,0.8943597001681998,0.9888520436296887
Pelp1,-0.021880498429459903,0.8940939330574961,0.9888520436296887
C81600,0.02261692599528364,0.8905497665694981,0.9888520436296887
C80993,0.022056645570030932,0.8932460195904228,0.9888520436296887
Arsi,-0.021800748710595758,0.8944778581846378,0.9888520436296887
Actr8,-0.021396444755545696,0.8964245758408768,0.9888520436296887
Wdhd1,0.022421566606331413,0.8914897693997295,0.9888520436296887
Tubb5,-0.02199919862603511,0.8935225377035894,0.9888520436296887
BC002059,0.0225963678649446,0.8906486786555636,0.9888520436296887
Naa10,0.02237497140554581,0.8917139903784295,0.9888520436296887
Mus81,-0.021689555323992346,0.8950131949650958,0.9888520436296887
Ndufv3,0.02133251317427297,0.8967324582343895,0.9888520436296887
2610528J11Rik,-0.022025508937809204,0.8933958928000597,0.9888520436296887
Myh1,0.021325841354645037,0.896764589278986,0.9888520436296887
Blk,-0.0218173525834615,0.894397923187438,0.9888520436296887
Car14,0.021388705064676976,0.8964618479653199,0.9888520436296887
Ak5,0.022515809778037604,0.8910362857901173,0.9888520436296887
Pdlim3,-0.021004037513884303,0.8983145592495417,0.9888520436296887
Brix1,-0.021107546574578633,0.8978159681292615,0.9888520436296887
Ace,-0.022133061174690355,0.8928782152236754,0.9888520436296887
Zfp451,-0.021730124273059433,0.8948178720355551,0.9888520436296887
Brca1,0.020860116858834484,0.8990078695931086,0.9888520436296887
Camsap1,0.020942197968770483,0.8986124507692601,0.9888520436296887
4932416H05Rik,-0.02256354688936298,0.8908065946593412,0.9888520436296887
Tpm2,0.02181686138505614,0.8944002879193688,0.9888520436296887
BC002189,0.0210530383564711,0.8980785232741282,0.9888520436296887
Vps4a,0.02241999516958859,0.8914973311878464,0.9888520436296887
Acy3,0.021718215611337705,0.8948752067734944,0.9888520436296887
Zfp296,-0.02242752702656718,0.8914610878090914,0.9888520436296887
Nup188,-0.02179900701905696,0.8944862431594653,0.9888520436296887
Ugt2b1,-0.0225910498259729,0.8906742657860668,0.9888520436296887
Nkd1,0.0218986819390721,0.8940063985555644,0.9888520436296887
Akr1b7,-0.020901262326377124,0.8988096518879864,0.9888520436296887
Ythdf3,-0.022536399262750147,0.890937216719137,0.9888520436296887
Nek3,0.02192833456829944,0.8938636548329288,0.9888520436296887
Slc2a5,-0.02122946412304716,0.8972287530214103,0.9888520436296887
Lyzl1,0.022411039066837023,0.8915404283240608,0.9888520436296887
Syt9,0.021524833750828715,0.8958063220788997,0.9888520436296887
Gbp2b,0.021338604144262915,0.8967031246593512,0.9888520436296887
Slc5a4a,0.022093465708621543,0.8930687938858995,0.9888520436296887
Poc5,0.021952613738896936,0.8937467805609631,0.9888520436296887
Kcnh2,-0.021792230200965514,0.894518868700434,0.9888520436296887
Llgl1,0.022503557583575633,0.8910952396112779,0.9888520436296887
Evi5,0.02223853527786049,0.8923705809894089,0.9888520436296887
Gss,0.021501969201898084,0.8959164214551975,0.9888520436296887
Tmem150a,-0.021101417649988907,0.8978454894162381,0.9888520436296887
Gtf2f1,0.022108723349134586,0.8929953559993016,0.9888520436296887
Rer1,-0.021888611722245918,0.8940548759270427,0.9888520436296887
Prmt5,-0.021192182967289162,0.8974083119981444,0.9888520436296887
Clec1b,-0.021230522797135786,0.897223654150388,0.9888520436296887
Lgals8,0.021402545866293532,0.8963951947949167,0.9888520436296887
Clic1,0.020835050269953904,0.8991286303675573,0.9888520436296887
Clic3,-0.021365436884046962,0.8965739020930361,0.9888520436296887
Dcakd,0.02236923781460741,0.8917415815676869,0.9888520436296887
Slc27a5,-0.021609650336468476,0.8953979219590911,0.9888520436296887
Il5ra,-0.020871718613130738,0.8989519777200787,0.9888520436296887
Kif13a,0.021546066832164822,0.8957040803394631,0.9888520436296887
Mnt,-0.02115707529186805,0.8975774071538432,0.9888520436296887
Stag3,0.0219788684039028,0.8936203991049781,0.9888520436296887
Rhbdd3,-0.021761342632263855,0.8946675723685256,0.9888520436296887
Cttn,0.02178939079527249,0.8945325384604721,0.9888520436296887
Sez6,-0.022232686018671458,0.8923987317141742,0.9888520436296887
Proz,0.02110652193706421,0.8978209035077638,0.9888520436296887
Cers5,-0.022141759887144292,0.8928363478331267,0.9888520436296887
Timd2,0.021678761017728195,0.8950651661292082,0.9888520436296887
Cenpt,0.021237875819753983,0.8971882400409708,0.9888520436296887
Proser1,0.020945022889033424,0.8985988423653859,0.9888520436296887
Gzmm,-0.02113181869726428,0.8976990574930204,0.9888520436296887
Prg3,-0.022081843708820343,0.8931247333169436,0.9888520436296887
Morn3,0.021823234438724238,0.8943696067721412,0.9888520436296887
Tlr5,-0.021342338409923424,0.896685140828964,0.9888520436296887
Tgm2,-0.022096799001195686,0.8930527500513626,0.9888520436296887
Fgfrl1,-0.02124988265790566,0.8971304123248051,0.9888520436296887
Tgfb1i1,0.021453473173283933,0.896149949869719,0.9888520436296887
Pja2,0.021791894679830136,0.8945204839994245,0.9888520436296887
Stfa3,-0.022293467299382988,0.8921062157813365,0.9888520436296887
Six6,0.02228192738585065,0.89216175172168,0.9888520436296887
Tfap4,-0.020866969131754867,0.8989748584635775,0.9888520436296887
Rabepk,0.021090013177128664,0.8979004218649188,0.9888520436296887
Ints3,-0.021798800581598853,0.8944872370060232,0.9888520436296887
Lamb1,-0.02197688229804081,0.893629959488748,0.9888520436296887
Lipf,0.022458358939413916,0.8913127264779264,0.9888520436296887
Ctsr,-0.020837349922296102,0.899117551475189,0.9888520436296887
Fam26e,-0.021024901100375675,0.8982140588029066,0.9888520436296887
Tmem68,0.02139314560193573,0.8964404635897834,0.9888520436296887
Cml2,0.022090445608799116,0.8930833302929209,0.9888520436296887
Rab30,0.022159843443701775,0.8927493115403964,0.9888520436296887
Sec23b,-0.021088486031555782,0.897907777771343,0.9888520436296887
Glce,-0.021007049931831258,0.8983000482601913,0.9888520436296887
Ddah2,0.02110322471646217,0.8978367852773707,0.9888520436296887
Ppm1a,0.021543918192807748,0.8957144264161934,0.9888520436296887
Sdc4,-0.02230350462875285,0.8920579114365517,0.9888520436296887
Ltbp4,-0.021103983998082314,0.8978331280314039,0.9888520436296887
Krit1,-0.021997096083975938,0.8935326584148872,0.9888520436296887
Rps6ka3,0.021366969744081688,0.8965665201384841,0.9888520436296887
Plxdc1,-0.021016609718317772,0.8982539984294998,0.9888520436296887
Foxo4,-0.021592142183823045,0.8954822233358609,0.9888520436296887
Ptprr,-0.022244377779604873,0.892342462910606,0.9888520436296887
Med14,-0.021317465074209,0.8968049291150283,0.9888520436296887
Clk4,0.021174060450404153,0.8974955980694627,0.9888520436296887
Mettl7a1,-0.02088159420774475,0.8989044020469371,0.9888520436296887
Il12b,-0.022066975158822635,0.8931962998735334,0.9888520436296887
Rpl7,0.02195375239386135,0.8937412993932163,0.9888520436296887
Rbbp4,-0.02215036160519566,0.8927949475519512,0.9888520436296887
Il1a,0.02187550816303011,0.8941179561567574,0.9888520436296887
Gm10229,0.022504880020476625,0.8910888764217941,0.9888520436296887
Clns1a,0.021483273459331,0.8960064481994454,0.9888520436296887
Gzmk,0.02119866784501863,0.8973770782306862,0.9888520436296887
Cbs,-0.021267373080071754,0.8970461752952734,0.9888520436296887
Mrpl4,-0.021093093326035855,0.8978855855257549,0.9888520436296887
Gckr,0.022553479577599088,0.8908550336775294,0.9888520436296887
Clpb,0.020818134795023223,0.899210123556333,0.9888583265031679
Prrc2a,0.02072345462294755,0.8996662794610896,0.9889039595171932
Mcm3,-0.02078798949645444,0.8993553560999972,0.9889039595171932
Itpa,-0.0207151434714314,0.8997063228897324,0.9889039595171932
Ackr3,0.02072508314508542,0.8996584332100184,0.9889039595171932
Nepn,-0.020757933965102567,0.8995001592509584,0.9889039595171932
Tmem150b,0.02073737948864255,0.8995991894805544,0.9889039595171932
Hoxb4,-0.02069063727767839,0.8998243959831091,0.9889504373943899
Sox1,0.020600910925310432,0.9002567231617452,0.9893422587617999
Crim1,-0.017186564567413732,0.9167271508996381,0.9893571645501565
Eif4g2,-0.020034324301022186,0.9029873225310804,0.9893571645501565
Tsix,-0.017560769276826566,0.9149203060337218,0.9893571645501565
Bhmt,-0.017850310457191366,0.9135225351649864,0.9893571645501565
Kcnmb1,-0.0171205263073871,0.9170460574714914,0.9893571645501565
Zfp219,-0.01771815760608261,0.9141604777428571,0.9893571645501565
Kcnmb2,0.018653139174461826,0.9096481472050879,0.9893571645501565
Mettl13,-0.017723981331331587,0.9141323637513854,0.9893571645501565
Rrnad1,0.01744478386992973,0.9154802979771207,0.9893571645501565
Ctdspl,0.017242050990939357,0.9164592099124504,0.9893571645501565
Prl7c1,-0.01703057593221199,0.9174804582012617,0.9893571645501565
Zfp202,0.018852683302047608,0.9086854659782517,0.9893571645501565
Gtf2f2,0.018846740924714337,0.9087141326258301,0.9893571645501565
Gpr180,0.019610200205656562,0.9050320320726719,0.9893571645501565
Suv39h1,0.01839927542304618,0.9108730642311382,0.9893571645501565
Gpr146,0.01940790253138024,0.9060075172542216,0.9893571645501565
Bet1l,0.018485297665258537,0.910457976695353,0.9893571645501565
Orc3,0.01793788605965394,0.9130998088998985,0.9893571645501565
Snai3,0.018831662005000586,0.9087868753962883,0.9893571645501565
Sf3b6,0.017819399458779847,0.9136717475161926,0.9893571645501565
Cspp1,0.019766539080008094,0.9042782516705151,0.9893571645501565
Efna5,0.01794485747725983,0.913066158929488,0.9893571645501565
Baalc,0.018716177440557157,0.9093440119883214,0.9893571645501565
Sln,0.01942932821322095,0.9059041958083649,0.9893571645501565
Mtmr7,0.019235286521310953,0.9068399797006566,0.9893571645501565
Col25a1,-0.019848879042544013,0.903881285306639,0.9893571645501565
Fv1,-0.017999102181275876,0.9128043329067032,0.9893571645501565
Crnkl1,0.018918452635752078,0.9083681951630248,0.9893571645501565
Tbc1d13,-0.019254005130067597,0.9067497022910491,0.9893571645501565
Tspan14,0.018526446897258245,0.9102594251306781,0.9893571645501565
Prl3d1,-0.018737057012653466,0.9092432788300358,0.9893571645501565
Egr2,0.018052080221746605,0.9125486291563537,0.9893571645501565
Blzf1,0.01801834712206574,0.9127114443365011,0.9893571645501565
Smoc2,-0.01934773838664344,0.9062976556884975,0.9893571645501565
Ythdf2,-0.019209890004345455,0.9069624655590134,0.9893571645501565
Mcm7,-0.019386532130731715,0.9061105735728849,0.9893571645501565
Rab21,0.019630515487988217,0.9049340784522968,0.9893571645501565
Trpc4,-0.02023937436483476,0.9019989838711964,0.9893571645501565
Cpne2,-0.020082592598240547,0.9027546574756676,0.9893571645501565
Wnt3a,0.018881424824102117,0.9085468154233989,0.9893571645501565
Kcnab3,0.019823426230180703,0.9040039926325429,0.9893571645501565
Elovl4,0.018565483550363693,0.9100710718539764,0.9893571645501565
Kcnk10,0.018604809385326576,0.9098813279605055,0.9893571645501565
Gprc6a,0.01980930921431982,0.9040720512959419,0.9893571645501565
Klrb1f,-0.02050607379389247,0.9007137050934811,0.9893571645501565
Crygf,0.017288511956304847,0.9162348590897536,0.9893571645501565
Usp5,0.01757972049401961,0.9148288108858003,0.9893571645501565
Adig,0.01745351421736083,0.9154381454311029,0.9893571645501565
Lnx1,0.01907106704289635,0.907632036132288,0.9893571645501565
Acpp,0.01998067984597573,0.9032459109706374,0.9893571645501565
Pdcl2,0.017138998430681614,0.916956852164587,0.9893571645501565
Srrm3,0.019632602361230003,0.904924016310064,0.9893571645501565
Mylk2,0.01960307752275655,0.9050663756251706,0.9893571645501565
Klf3,-0.019414174722922773,0.9059772706021982,0.9893571645501565
Dpysl4,0.017201468756108947,0.9166551785103085,0.9893571645501565
Arid5b,-0.020572609014211644,0.9003930954958439,0.9893571645501565
Acot6,0.01941331269597125,0.90598142758345,0.9893571645501565
Lrrc56,0.018367905128587648,0.9110244424891498,0.9893571645501565
Dbt,0.01729020620011058,0.9162266780368987,0.9893571645501565
Acot2,0.019132513006954083,0.9073356626399918,0.9893571645501565
Zc3h10,-0.01806639372858484,0.9124795450270116,0.9893571645501565
Gca,-0.01714378505246023,0.916933736837595,0.9893571645501565
Atp5s,-0.018536295895049095,0.9102119029191401,0.9893571645501565
Daglb,0.01854303922683783,0.9101793659676743,0.9893571645501565
Gm14743,-0.01724676391677524,0.9164364518457611,0.9893571645501565
Gbx2,-0.01924833678852051,0.9067770398465083,0.9893571645501565
Kif20a,-0.01893508739932238,0.9082879513039454,0.9893571645501565
Sstr3,0.01884200008722938,0.9087370029982955,0.9893571645501565
Serpina10,0.017371708129175593,0.9158331365366641,0.9893571645501565
Sdc1,0.02047935624834907,0.9008424516487176,0.9893571645501565
Srgap1,-0.01700361867976936,0.9176106482888942,0.9893571645501565
Ghrl,-0.02003958233620629,0.9029619771373212,0.9893571645501565
Dhx36,-0.017136731119445595,0.9169678013790483,0.9893571645501565
Spin1,-0.01907991722822619,0.9075893481349583,0.9893571645501565
Ubtf,-0.01782322418757267,0.9136532847846698,0.9893571645501565
Dll4,0.018038534630428985,0.9126140075013894,0.9893571645501565
Sec24b,-0.018032215561420643,0.9126445069297956,0.9893571645501565
Uckl1,-0.017331289871779416,0.9160282984080256,0.9893571645501565
Otor,0.018461077066137435,0.910574847327206,0.9893571645501565
Pdcd6,0.020305808136030605,0.9016788038184137,0.9893571645501565
Ggt5,-0.018444430858266497,0.9106551706005891,0.9893571645501565
Acvr1c,0.019778835426993525,0.9042189687759323,0.9893571645501565
Spcs3,-0.017784088086508443,0.9138422045998205,0.9893571645501565
Sema5b,-0.017446988822092467,0.9154696518340828,0.9893571645501565
Dnajc30,-0.017960074606529788,0.9129927086630266,0.9893571645501565
Gjd4,-0.01909525723382433,0.9075153577097734,0.9893571645501565
Dnase1l2,-0.019253533346372084,0.9067519776287085,0.9893571645501565
Glipr2,-0.01710344331656012,0.9171285552545079,0.9893571645501565
Sema6c,-0.019207215536100216,0.9069753644752554,0.9893571645501565
Selp,0.017762031276004876,0.9139486803502612,0.9893571645501565
Ttc4,0.019486346776408783,0.9056292413131326,0.9893571645501565
Uap1,-0.01815165955462257,0.9120680221967434,0.9893571645501565
Atp6v1b1,0.017369062579563572,0.9158459105820594,0.9893571645501565
Snx14,-0.017957557004574957,0.9130048606145471,0.9893571645501565
Uqcrc1,0.019730387368790944,0.9044525483940397,0.9893571645501565
Lrfn1,-0.019707642305978365,0.9045622103765479,0.9893571645501565
Prelid1,0.019649064918677857,0.9048446403495868,0.9893571645501565
Sub1,-0.018962007770030088,0.908158092883662,0.9893571645501565
Cxcl5,0.019684980737921805,0.9046714714648245,0.9893571645501565
Satb1,-0.017060696022866296,0.9173349955875472,0.9893571645501565
Mat2a,-0.01926350484509779,0.906703886827408,0.9893571645501565
Serpinb9g,0.018782770850093854,0.9090227378434366,0.9893571645501565
Mau2,-0.018004281974752272,0.9127793317550619,0.9893571645501565
Wrnip1,0.017665924701168147,0.9144126361216698,0.9893571645501565
Mbd3l1,-0.018888085100744623,0.908514686277525,0.9893571645501565
Aqp1,-0.017733497505461805,0.9140864247021616,0.9893571645501565
Sult1d1,0.016958351271691267,0.9178292718636302,0.9893571645501565
Sult1e1,0.019498105088520186,0.9055725417589751,0.9893571645501565
Mbd4,0.018046355832983238,0.9125762580841976,0.9893571645501565
Muc5ac,-0.020344591516615645,0.9014918926522467,0.9893571645501565
Cul1,0.017980194317305884,0.9128955955916183,0.9893571645501565
Kctd14,-0.018337438957688218,0.9111714607136794,0.9893571645501565
Zc3h8,-0.017226312634910243,0.9165352087116152,0.9893571645501565
Nov,-0.019543250868524147,0.9053548491831158,0.9893571645501565
Avpi1,0.020291134965248484,0.9017495204525531,0.9893571645501565
Dscaml1,0.017554251490260242,0.9149517736897652,0.9893571645501565
D630032N06Rik,0.01935238905270198,0.9062752276849245,0.9893571645501565
Tyw1,0.017344954188881267,0.9159623189491312,0.9893571645501565
Klhl9,-0.017279708140514834,0.9162773705065839,0.9893571645501565
D1Ertd83e,-0.019015123979711265,0.9079018776560316,0.9893571645501565
Mapk1,-0.01983865517901979,0.903930574025205,0.9893571645501565
Uox,0.016978995157618842,0.9177295693971357,0.9893571645501565
Stat4,0.019105365240743216,0.9074666035197901,0.9893571645501565
B230308N11Rik,0.019159070993577935,0.9072075686628792,0.9893571645501565
Purb,-0.016968993559016942,0.9177778733351553,0.9893571645501565
Steap1,0.018154703521247047,0.9120533313444806,0.9893571645501565
Osbpl2,-0.018252130424245012,0.9115831423028495,0.9893571645501565
Adam28,0.018217041225332412,0.9117524819588327,0.9893571645501565
Cysltr1,-0.018167145464984456,0.911993284075403,0.9893571645501565
Gm4788,0.018151250075255674,0.9120699984363154,0.9893571645501565
Nmur1,0.016969109544996492,0.9177773131651483,0.9893571645501565
Adam9,-0.020315503358888026,0.901632078555955,0.9893571645501565
Cyp3a11,-0.019150713529432154,0.9072478779863616,0.9893571645501565
Stau2,0.02011615923391406,0.9025928625652271,0.9893571645501565
Cnp,0.018623233829973496,0.9097924331668006,0.9893571645501565
Notum,0.020463962369600384,0.9009166327872994,0.9893571645501565
Fgf12,-0.01927890360846416,0.9066296218917352,0.9893571645501565
Iah1,0.017063348139651314,0.917322187519446,0.9893571645501565
Pla2g6,-0.017043052020736568,0.9174202056027401,0.9893571645501565
Vmn1r13,-0.019290130193346952,0.9065754789515654,0.9893571645501565
Cdadc1,-0.01817000028212978,0.9119795062311495,0.9893571645501565
Hip1r,-0.017072768056632756,0.9172766953616058,0.9893571645501565
Tia1,0.017023256197716666,0.9175158086680719,0.9893571645501565
Icos,0.019882273137390848,0.9037202964706293,0.9893571645501565
Mog,0.01868786527285026,0.909480605723236,0.9893571645501565
Pip5k1a,0.017642216613059043,0.9145270913597712,0.9893571645501565
Lats1,-0.017317721692536935,0.9160938141820919,0.9893571645501565
Nfe2l3,0.020286506227713812,0.9017718285770397,0.9893571645501565
Cacng1,0.016951946162228424,0.9178602064559886,0.9893571645501565
2010012O05Rik,0.01951873069777997,0.9054730844326946,0.9893571645501565
Obox3,0.01983542976114836,0.9039461236689501,0.9893571645501565
Fgf8,0.017286195982443957,0.9162460423249217,0.9893571645501565
Calca,0.017657596807996067,0.9144528404008432,0.9893571645501565
Cd37,-0.018768050955526677,0.9090937515262834,0.9893571645501565
Chuk,-0.0175351066602635,0.9150442049982754,0.9893571645501565
Hemk1,-0.018380693330032564,0.9109627322967311,0.9893571645501565
Gzmn,0.02042588512260454,0.9011001255997774,0.9893571645501565
Ercc8,-0.01935583210831515,0.9062586234702066,0.9893571645501565
Slc28a3,0.01903247784208672,0.907818170205396,0.9893571645501565
Cd27,-0.01808784442102311,0.9123760144151949,0.9893571645501565
Clasp2,-0.01785902476156379,0.9134804703248883,0.9893571645501565
Krtap6-3,-0.017784417483183945,0.913840614500437,0.9893571645501565
Pim1,0.018643315694063547,0.909695542789883,0.9893571645501565
Fam129b,0.0184076507459394,0.9108326493722559,0.9893571645501565
Isy1,-0.020300035876708773,0.901706622856426,0.9893571645501565
Hpn,-0.020304722044796775,0.9016840381578155,0.9893571645501565
Ntn4,0.01975113869084257,0.9043525004008184,0.9893571645501565
Ceacam10,-0.017275152196452735,0.9162993701033872,0.9893571645501565
Hs6st2,0.017796323118688125,0.9137831425373157,0.9893571645501565
Ext2,0.018349368137821905,0.9111138946664482,0.9893571645501565
Tm2d2,0.017354066880889994,0.9159183177419664,0.9893571645501565
Tm6sf1,0.017058938336476665,0.9173434841261805,0.9893571645501565
Slc16a11,0.017063144399744965,0.9173231714552802,0.9893571645501565
C8b,-0.018659376406889944,0.9096180544314575,0.9893571645501565
C80060,0.01702751979659607,0.9174952177102731,0.9893571645501565
Mixl1,-0.020310283009203067,0.9016572375270833,0.9893571645501565
Hk1,0.01846591041095056,0.9105515250509618,0.9893571645501565
Timp2,-0.018239722321870083,0.9116430230943156,0.9893571645501565
2700099C18Rik,-0.020500634029909624,0.9007399180431799,0.9893571645501565
Ms4a1,-0.019949516107103854,0.9033961374017883,0.9893571645501565
Rhox4b,0.020337024951329247,0.9015283582787428,0.9893571645501565
Fam117a,-0.020540317669352808,0.9005486941567176,0.9893571645501565
Tmco4,-0.018077604277398723,0.9124254377465225,0.9893571645501565
Ralgapa1,-0.01830028845539054,0.9113507387759392,0.9893571645501565
Tpm4,-0.018575423978520897,0.910023109666675,0.9893571645501565
Akap17b,0.01698820569955016,0.9176850862104328,0.9893571645501565
Hsd17b6,-0.0197575860573816,0.9043214161071065,0.9893571645501565
Amelx,0.018550991896213165,0.9101409940728917,0.9893571645501565
Fbxw9,0.017007352860883992,0.9175926139348729,0.9893571645501565
2310039H08Rik,-0.018136588062086095,0.9121407609405726,0.9893571645501565
Pikfyve,0.017046967099540785,0.9174012980300543,0.9893571645501565
Ror1,-0.017081464669745413,0.9172346965185483,0.9893571645501565
Fam198b,0.01834101914320351,0.9111541839467017,0.9893571645501565
Sharpin,0.018120540306935187,0.9122182121124169,0.9893571645501565
Mrpl32,0.019505068066420262,0.9055389659117663,0.9893571645501565
Ccl28,0.018056136233905912,0.912529052755214,0.9893571645501565
Vsx1,-0.017514152961471477,0.9151453707418624,0.9893571645501565
Tmem53,-0.018193088049599102,0.9118680815421396,0.9893571645501565
Tnni2,-0.019785057719220244,0.9041889701758553,0.9893571645501565
Tnfsf8,0.01936094944849095,0.9062339450493283,0.9893571645501565
Aldoart2,-0.017000195579084904,0.9176271803036777,0.9893571645501565
Nup88,0.018843133456967583,0.9087315354795051,0.9893571645501565
Psd,-0.018435717039923964,0.9106972178938083,0.9893571645501565
Krt80,0.018530391071641995,0.9102403941346009,0.9893571645501565
1110035H17Rik,0.02015382786983056,0.902411299985299,0.9893571645501565
Mfsd5,-0.01932796954474543,0.9063929924024534,0.9893571645501565
Nup155,-0.017938628715718462,0.9130962242054339,0.9893571645501565
Ano10,0.0197768282851871,0.9042286455331324,0.9893571645501565
Krt82,0.018831500415499313,0.908787654929944,0.9893571645501565
Tmem60,-0.01967488589490725,0.904720143544089,0.9893571645501565
Env,-0.018897654296531386,0.9084685247589632,0.9893571645501565
Iigp1b,0.01867679906113246,0.9095339959876435,0.9893571645501565
Casp9,-0.019869969405365492,0.9037796108310191,0.9893571645501565
Pex5,-0.017376720102110322,0.9158089362628848,0.9893571645501565
Ifi35,0.01703117187167008,0.9174775801337928,0.9893571645501565
Tollip,0.019620587459408975,0.9049819479800061,0.9893571645501565
Tcf23,-0.01791387800951271,0.9132156931944921,0.9893571645501565
Hcfc1,-0.017158216766665724,0.9168640442781311,0.9893571645501565
Fam3c,0.01782908464282164,0.9136249952771042,0.9893571645501565
Enkd1,-0.017066488592131033,0.9173070211203541,0.9893571645501565
Slc22a1,0.02039306390546688,0.9012582937008373,0.9893571645501565
Cbln3,-0.0200477175701002,0.902922762914228,0.9893571645501565
Nr6a1,0.0191297455290534,0.9073490108143528,0.9893571645501565
Plk2,0.017184719664616318,0.9167360599865717,0.9893571645501565
Ccl5,-0.019934762318319636,0.9034672599201,0.9893571645501565
Nrbf2,-0.0173943004074184,0.9157240504573799,0.9893571645501565
Parg,0.017074649658208728,0.9172676084625223,0.9893571645501565
Phospho2,0.0202598480823508,0.901900308457529,0.9893571645501565
Slc22a22,0.01980472338626927,0.9040941598845027,0.9893571645501565
Akr1b8,0.018811514336486174,0.9088840716008432,0.9893571645501565
Mpp1,0.01995389181226791,0.9033750438945631,0.9893571645501565
Prss35,0.018130606200412687,0.9121696310693713,0.9893571645501565
Hpx,0.016917296803625522,0.9180275535516429,0.9894558145118848
Sptb,0.01686375858048708,0.9182861353492915,0.9894893294940467
Lnx2,0.0168787875269409,0.918213546930204,0.9894893294940467
Lat2,0.01686478973351907,0.918281154955669,0.9894893294940467
Rpp30,-0.016411265087957136,0.9204719275863618,0.9895845112688476
Zfp14,0.016435752677377624,0.9203536248018915,0.9895845112688476
Olfr1508,-0.016737071279360582,0.9188980480974767,0.9895845112688476
Glud1,0.01677337853570477,0.9187226757726097,0.9895845112688476
Phgr1,0.0167161606940684,0.9189990526371128,0.9895845112688476
Cldn18,-0.016607989664808486,0.9195215710257686,0.9895845112688476
Slc22a2,0.016448176010800685,0.9202936066535602,0.9895845112688476
Syt12,-0.016456017004948927,0.9202557263789182,0.9895845112688476
Klrg1,-0.016763798050005222,0.9187689513499817,0.9895845112688476
Sntb2,-0.016620459895794987,0.9194613321463344,0.9895845112688476
C80719,-0.016724143419392396,0.9189604934839042,0.9895845112688476
Pax4,-0.01643645488077063,0.9203502323882693,0.9895845112688476
B3galt2,0.01641419180114559,0.920457788162564,0.9895845112688476
Slc29a2,-0.016752837126269227,0.9188218950170636,0.9895845112688476
Exoc4,-0.016491735875795915,0.9200831686514974,0.9895845112688476
Cacng5,-0.016531729007007667,0.9198899660924826,0.9895845112688476
Dgat2,0.016405893829722958,0.9204978770619413,0.9895845112688476
Ttc39d,-0.016653738847084796,0.9193005764395817,0.9895845112688476
BC038268,-0.01665644910315259,0.9192874845399369,0.9895845112688476
Foxp3,0.016767078025281382,0.9187531084139142,0.9895845112688476
Gfra1,-0.016678165771426265,0.9191825828383416,0.9895845112688476
Ahsa1,-0.016482808101010625,0.920126298373236,0.9895845112688476
Myl6,-0.016451508082373438,0.9202775092119376,0.9895845112688476
Ppp1ca,-0.016415453225869306,0.9204516940232499,0.9895845112688476
Prr13,-0.01650612310417108,0.9200136649831667,0.9895845112688476
Adamts10,-0.016543010294354017,0.9198354681796965,0.9895845112688476
Gpc3,0.016513225346138558,0.9199793547686225,0.9895845112688476
Btbd1,0.016418056754604393,0.9204391159839911,0.9895845112688476
Srrm4,0.016386471357536396,0.920591711026326,0.9896038584053487
Ptrh1,0.01625963949897424,0.9212044867885878,0.9897508322173447
U2af1l4,0.016323369104806956,0.9208965780152356,0.9897508322173447
Ptk2b,0.016315707390536813,0.9209335949140625,0.9897508322173447
Resp18,0.016291251334040843,0.921051753253505,0.9897508322173447
H2-DMb2,-0.01625544406173383,0.9212247573710748,0.9897508322173447
Tuba3b,0.016280329198962794,0.9211045235764531,0.9897508322173447
Chrna7,-0.016248278837686016,0.9212593768190566,0.9897508322173447
Lhx3,-0.01614629962300848,0.9217521137361262,0.9900356681325797
Fhl5,0.016158018120103666,0.9216954916134569,0.9900356681325797
Pds5a,0.01616407017753343,0.9216662490696427,0.9900356681325797
Angptl3,-0.01608959914591848,0.9220260875754495,0.9902484293639539
Plin5,0.01604447736802892,0.9222441198025072,0.9904010796891546
Tshz2,-0.015946665955848524,0.9227167711916028,0.9904679550181179
Strbp,0.015941185311591433,0.9227432559011041,0.9904679550181179
Ankrd49,-0.015943517118321014,0.9227319876498392,0.9904679550181179
Marco,-0.01596268205430193,0.9226393753196646,0.9904679550181179
Tsnaxip1,0.01593734468973298,0.9227618154000506,0.9904679550181179
Zbtb33,-0.01598681906582544,0.922522737382597,0.9904679550181179
Stip1,-0.015901883620616595,0.9229331800139842,0.9905704117455568
Pth,-0.015883912953401465,0.9230200240107411,0.99058214436353
Kmt2e,-0.01586533741183836,0.9231097919742642,0.9905970127855406
Pcbp4,-0.01584155564610032,0.9232247207945748,0.9906388768726591
Gtf3a,-0.015760836517900258,0.9236148186195127,0.9907892232995035
Ptf1a,0.015671167053535082,0.9240481912449197,0.9907892232995035
Tesk1,-0.0156855317688378,0.9239787651625785,0.9907892232995035
Cyp2c37,0.015673603541491235,0.9240364154214582,0.9907892232995035
Higd1b,0.01571225833591111,0.9238495944508508,0.9907892232995035
F10,0.015733668657711124,0.9237461187248335,0.9907892232995035
Vmn1r25,-0.01576571673066657,0.9235912331422858,0.9907892232995035
Kif21a,-0.01577637978844799,0.9235397000903146,0.9907892232995035
Deptor,-0.01569856857877701,0.9239157574381118,0.9907892232995035
Capn7,0.01564562255044394,0.9241716516545853,0.9908401842445718
Fzd6,-0.015562394029823621,0.9245739191907436,0.9910104680228192
Esr1,0.015546358473750407,0.9246514257151563,0.9910104680228192
Appbp2,0.015566905339861058,0.9245521142680596,0.9910104680228192
Satb2,0.01559648761346305,0.9244091328818358,0.9910104680228192
1700120K04Rik,0.015534197644278413,0.9247102045096058,0.9910104680228192
Tbl2,0.015495191409464665,0.9248987418492461,0.9910613640423372
Ampd2,0.01549294625978204,0.9249095939388139,0.9910613640423372
Minpp1,0.015474860635026252,0.9249970125516497,0.9910736527454205
Pdzk1ip1,-0.01544074092014836,0.9251619357520177,0.9911689736968865
Cpsf3,-0.015419522986283634,0.9252644975829362,0.9911974738494158
Rab3il1,0.015296650567459248,0.9258584524661552,0.9912763058849055
Nudt22,0.015164319710632236,0.9264981711037089,0.9912763058849055
Pcdhb16,0.015252115661379954,0.9260737398290251,0.9912763058849055
Tmem135,0.01522477107546341,0.9262059294780342,0.9912763058849055
Drg2,0.015259649501555006,0.9260373199437628,0.9912763058849055
D10Wsu159e,0.015323314277187847,0.9257295591111112,0.9912763058849055
Mical2,-0.015175444941437135,0.9264443874220094,0.9912763058849055
Slc12a3,-0.015234878223013924,0.9261570691200911,0.9912763058849055
Ptgs1,-0.015330898807253529,0.9256928955405027,0.9912763058849055
Cyp2d26,0.015152867285929641,0.9265535368900445,0.9912763058849055
Cenpe,0.015356168486418088,0.925570743117309,0.9912763058849055
Magea7-ps,-0.015346640487613626,0.9256168008196244,0.9912763058849055
As3mt,0.015192294954278145,0.9263629285112991,0.9912763058849055
C78891,0.015245439427392524,0.9261060140167542,0.9912763058849055
A430005L14Rik,0.01531440510244873,0.92577262619086,0.9912763058849055
Dnmt3l,-0.015161480588924638,0.9265118965689125,0.9912763058849055
Slc39a3,0.015123242838366566,0.9266967553117753,0.9913302828024911
Zcchc18,0.015111002971894855,0.9267559291828944,0.9913302828024911
Rtn3,0.015075506375422829,0.9269275402692342,0.9914325797519046
Myh8,0.015028542718238468,0.9271545945615106,0.9915128916926038
Gamt,0.015040803855420363,0.9270953153503332,0.9915128916926038
Pdxp,0.01498140303278448,0.9273825053762175,0.9916701671771347
Lancl2,-0.014888097971385357,0.927833632543922,0.9916701671771347
Mrpl14,-0.01489284581029042,0.9278106763696136,0.9916701671771347
Rab3d,0.014916129305958379,0.9276980996375196,0.9916701671771347
2810043O03Rik,0.014937803889963103,0.9275933032597484,0.9916701671771347
Ctsw,-0.014900753283515365,0.9277724432375728,0.9916701671771347
Reg1,-0.014964344815409066,0.9274649797461733,0.9916701671771347
Loxl1,0.014835946133389743,0.9280857944092417,0.9918584382675016
Mki67,-0.01479451277855664,0.9282861355520043,0.9919594402259772
Rab12,-0.01475351503631736,0.9284843745053325,0.9919594402259772
Fam65b,-0.014779603895896616,0.928358224934377,0.9919594402259772
Appl2,-0.014756595545874487,0.9284694789824827,0.9919594402259772
Epcam,0.014409042177253846,0.9301501857289334,0.9923699531763286
Kcna6,0.014584402686900828,0.929302137038614,0.9923699531763286
Habp2,-0.014322840241751292,0.9305670876544533,0.9923699531763286
Rps6kc1,-0.01448967497147279,0.9297602340090957,0.9923699531763286
Krt32,-0.014319985636953487,0.930580893795782,0.9923699531763286
Smad9,0.014345751470014614,0.9304562794369974,0.9923699531763286
Dnajc12,0.014331784518488709,0.9305238292693164,0.9923699531763286
C78948,0.014312363600863642,0.9306177574541139,0.9923699531763286
Usp4,-0.014387710962724062,0.9302533491131134,0.9923699531763286
BC021614,0.014369404893837845,0.9303418829531819,0.9923699531763286
Gna14,-0.014536187730112131,0.9295352987014427,0.9923699531763286
Zfpm2,-0.014483976346977833,0.929787792863907,0.9923699531763286
Pdgfa,-0.014591052363892245,0.9292699804472134,0.9923699531763286
Amz2,0.014557056457200474,0.9294343793938008,0.9923699531763286
BC021891,0.014513161460343121,0.929646652901885,0.9923699531763286
2310030G06Rik,-0.01450385056237088,0.9296916804242665,0.9923699531763286
Slc17a9,-0.014503892287273303,0.9296914786420882,0.9923699531763286
Apof,-0.014487107178828323,0.9297726519829681,0.9923699531763286
St3gal5,0.014486808240436324,0.9297740976650294,0.9923699531763286
Unk,-0.01432126686411627,0.9305746972077024,0.9923699531763286
Klk7,-0.01453882316002221,0.9295225539393744,0.9923699531763286
Abcg1,-0.014458118163674087,0.9299128454019445,0.9923699531763286
Eps15l1,0.014343018584098293,0.930469496743527,0.9923699531763286
Fsip1,-0.014282992705088024,0.9307598098399305,0.9923982803199548
Icam4,0.014275422137612199,0.93079642523074,0.9923982803199548
Smad3,0.01416488189166162,0.9313310734067383,0.9928871876539647
Sphk1,0.01305737781862782,0.936689255188461,0.9929451432186674
Wiz,-0.01362934541647112,0.9339216929530268,0.9929451432186674
Sh3bp5l,-0.012952032897237096,0.9371990620403388,0.9929451432186674
Fcho1,0.013287166459056187,0.9355772976628024,0.9929451432186674
Slc12a1,-0.013390957560038951,0.9350750856125458,0.9929451432186674
Ndufb8,0.013277634495800918,0.9356234209781733,0.9929451432186674
Fbxw5,0.012630662998735259,0.9387544468474089,0.9929451432186674
Apbb1,-0.01371167648464848,0.9335233798046566,0.9929451432186674
Ankrd33b,0.012875439183421534,0.9375697449892734,0.9929451432186674
Alox12e,0.013218373580983551,0.9359101774621932,0.9929451432186674
Tnfrsf19,0.01247096369002601,0.9395274491011485,0.9929451432186674
Snx2,0.012597327462132754,0.9389157985106922,0.9929451432186674
Spic,-0.013452303586046887,0.9347782629001112,0.9929451432186674
Slc37a3,0.013207153412021524,0.9359644713800354,0.9929451432186674
Dpf2,0.013013832823545223,0.9368999842210621,0.9929451432186674
Pbk,0.012620712427085781,0.938802609660869,0.9929451432186674
Vit,0.01342230604297502,0.9349234049568662,0.9929451432186674
Pax9,-0.013820621862408618,0.932996331624472,0.9929451432186674
Erp44,-0.013038796068677853,0.9367791780949267,0.9929451432186674
Nlrp5,0.012483582584972487,0.9394663671842708,0.9929451432186674
Alpk3,0.013534916748321513,0.9343785523321343,0.9929451432186674
Psmc3,-0.012499942173818158,0.9393871788795671,0.9929451432186674
Smc4,0.012591718355847823,0.938942948101702,0.9929451432186674
Alppl2,-0.0135849549590566,0.934136457841632,0.9929451432186674
Sh2d1a,0.013321671643469138,0.9354103354522453,0.9929451432186674
Vmn1r53,0.013366564689256719,0.9351931128107753,0.9929451432186674
Sgol1,0.013988390817022939,0.9321847637996159,0.9929451432186674
Fam195b,0.012689304371320787,0.9384706147295991,0.9929451432186674
Psg19,0.01258085985013365,0.9389955063905884,0.9929451432186674
Utp20,-0.012834007037337478,0.9377702651963487,0.9929451432186674
Prdx5,-0.013227471178542867,0.9358661547776647,0.9929451432186674
Ppp2cb,-0.013158839359877631,0.9361982641357263,0.9929451432186674
Ermap,-0.013917120644513928,0.9325295192326865,0.9929451432186674
Cbfa2t2,-0.012797018176328476,0.9379492841884275,0.9929451432186674
S100a3,-0.013595132937876328,0.9340872155063292,0.9929451432186674
March2,0.012925279436640723,0.9373285366746866,0.9929451432186674
Cyp4f13,0.013578404091342162,0.9341681518819803,0.9929451432186674
Haus4,-0.013525118112749921,0.934425960669825,0.9929451432186674
Gpr31b,0.012855996366673733,0.9376638424297234,0.9929451432186674
Rgs18,-0.012833052991308255,0.9377748825598463,0.9929451432186674
Nsa2,-0.012512660079024815,0.9393256184615197,0.9929451432186674
Hspb1,0.013827288005167701,0.9329640835085178,0.9929451432186674
Gnaq,-0.013717514661884526,0.9334951356061383,0.9929451432186674
Scn5a,0.013417431119740449,0.9349469922892985,0.9929451432186674
D830044I16Rik,-0.014072862968450131,0.9317761615359574,0.9929451432186674
Hsd3b3,0.012500849779624455,0.9393827856455974,0.9929451432186674
C78532,0.012747720426229237,0.9381878803214954,0.9929451432186674
Pgp,0.014131434430302254,0.9314928538106728,0.9929451432186674
Ubac1,0.013766443060845311,0.9332584306068124,0.9929451432186674
Tmem45b,0.012903317740858301,0.9374348224754528,0.9929451432186674
Nrg4,-0.012674066709198744,0.9385443663709873,0.9929451432186674
Rwdd2b,0.012571638995775366,0.9390401381679173,0.9929451432186674
Hcst,0.01292382476775352,0.9373355766570524,0.9929451432186674
Tecta,0.012732367313544147,0.9382621888791189,0.9929451432186674
Tusc2,0.013786213520668505,0.9331627869404918,0.9929451432186674
Tmem14c,-0.013316616055392642,0.9354347980525527,0.9929451432186674
Nrgn,-0.013267081092358664,0.9356744870754429,0.9929451432186674
Calb1,0.01381575908043769,0.9330198558704244,0.9929451432186674
Cygb,-0.013193869678014246,0.9360287511546498,0.9929451432186674
Pycr1,0.014003935771110617,0.932109569694529,0.9929451432186674
Cyp2a12,-0.013665035700944368,0.9337490234611927,0.9929451432186674
Brox,0.013207186463771146,0.9359643114436301,0.9929451432186674
Suv420h1,-0.012844838558016854,0.9377178432607197,0.9929451432186674
Sult1c2,-0.012496896679526925,0.9394019204999094,0.9929451432186674
Ctsq,-0.013551969613901685,0.9342960466601514,0.9929451432186674
Zfp936,-0.013206340688558844,0.9359684041247514,0.9929451432186674
Cyp2c54,0.012719373484738615,0.938325078966822,0.9929451432186674
Gnat2,0.012754301177648388,0.9381560298536837,0.9929451432186674
Ttc39b,-0.0132301249520591,0.935853313373681,0.9929451432186674
Tulp3,0.012670162126176719,0.9385632649784608,0.9929451432186674
Tcte2,-0.01248479125769868,0.9394605166061771,0.9929451432186674
Sacs,0.01324262031786574,0.9357928494749292,0.9929451432186674
Crtc2,0.013290984920499715,0.9355588209266416,0.9929451432186674
Rcor3,-0.013143435282470438,0.9362728058671844,0.9929451432186674
Cxcl9,-0.012493494473254199,0.9394183887960629,0.9929451432186674
Zak,-0.012747835922696694,0.9381873213242865,0.9929451432186674
Cox7c,-0.012568349750197497,0.9390560591729784,0.9929451432186674
Ubn1,-0.012675489010531308,0.9385374822853928,0.9929451432186674
Nr1d2,0.013825592535336809,0.9329722854996516,0.9929451432186674
Bcl6,0.013835191403889231,0.9329258501771339,0.9929451432186674
Sec22a,0.013369752693947141,0.9351776872760004,0.9929451432186674
Ccdc166,0.013062255233386133,0.9366656519741041,0.9929451432186674
Dgcr8,-0.012521696018169435,0.9392818806283179,0.9929451432186674
Ssb,-0.012828850387320219,0.9377952222200839,0.9929451432186674
Taar1,0.0136727348013408,0.9337117756113416,0.9929451432186674
Hist2h2aa2,0.012578934095628316,0.9390048276214447,0.9929451432186674
Hes1,-0.013851831136543433,0.9328453545877715,0.9929451432186674
Yy1,-0.013136945552557299,0.9363042104141444,0.9929451432186674
Rpusd1,-0.013541129809053812,0.9343484920453078,0.9929451432186674
Madcam1,-0.013614253699656612,0.9339947074946693,0.9929451432186674
Plaur,-0.012807773056980666,0.9378972323315329,0.9929451432186674
Asb16,-0.01405697204909292,0.9318530266232987,0.9929451432186674
Comt,-0.013137612259651916,0.9363009841378919,0.9929451432186674
Chtf8,-0.01332621550598675,0.9353883489989969,0.9929451432186674
Rab2b,-0.012988733743224111,0.9370214490483074,0.9929451432186674
Ppib,-0.013973037134975741,0.9322590332288732,0.9929451432186674
Myo9a,0.013071569137532497,0.9366205794523155,0.9929451432186674
Zrsr2,0.012783752246226087,0.9380134894480711,0.9929451432186674
Ube2k,-0.012531089074775324,0.9392364143713753,0.9929451432186674
Zfp444,0.013420866362313917,0.9349303708511155,0.9929451432186674
Pdcd7,0.013049866584031466,0.9367256043153511,0.9929451432186674
Cdk6,-0.01401757368864618,0.9320436007716613,0.9929451432186674
Actr10,-0.013443167161592145,0.9348224689576202,0.9929451432186674
H2-Ke6,-0.013679979544881673,0.9336767260382687,0.9929451432186674
Tmem51,-0.013145706254500707,0.9362618163947282,0.9929451432186674
Dennd4b,0.014110303483680505,0.9315950624027767,0.9929451432186674
Mdfi,-0.01391259424606954,0.9325514151877743,0.9929451432186674
Tbc1d10b,0.012379485927332535,0.9399702580964453,0.9930110020968681
C77137,0.012380281461855372,0.9399664071432288,0.9930110020968681
Astn2,0.012390224897465017,0.9399182739476859,0.9930110020968681
Npvf,0.01238893317618027,0.9399245267723957,0.9930110020968681
Nlrp4c,-0.012400544306330018,0.9398683209914214,0.9930110020968681
Slc35a3,0.012273993755073317,0.940480926675703,0.993035473135129
Aar2,-0.012342578838641075,0.9401489160865333,0.993035473135129
Blvrb,0.011983499721501523,0.9418872715468304,0.993035473135129
H2-M10.1,0.012032363773026763,0.9416506982749814,0.993035473135129
Tpsb2,0.011938512133750663,0.942105081246696,0.993035473135129
Htt,0.012329323935561977,0.9402130804347788,0.993035473135129
Tcstv3,0.011942268094710507,0.9420868964177797,0.993035473135129
Taf5l,0.012256941958742247,0.9405634734626737,0.993035473135129
Aqp9,-0.012054486657860705,0.941543592803305,0.993035473135129
Myo18a,0.012185531059741364,0.9409091759730611,0.993035473135129
Lrrc40,0.012131743216692956,0.9411695714487825,0.993035473135129
Rpap2,-0.01218477177674184,0.9409128517421074,0.993035473135129
Lrrfip2,-0.011968736110158602,0.9419587498843859,0.993035473135129
Lcp2,-0.01210874604098076,0.941280906187506,0.993035473135129
D3Wsu167e,-0.012096891065517047,0.9413382993251369,0.993035473135129
Il27ra,0.01210577677991099,0.9412952811558967,0.993035473135129
Jph2,-0.012154298593058329,0.941060376590815,0.993035473135129
Tmem131,-0.011945203984315375,0.942072682058738,0.993035473135129
Tmem41b,0.012186322819017504,0.940905342984168,0.993035473135129
Naip2,-0.012241079599887373,0.9406402627765426,0.993035473135129
Mmel1,-0.01192772592007982,0.9421573038420107,0.993035473135129
Derl2,0.012292292494979904,0.9403923441586468,0.993035473135129
Epha2,0.01209777365533685,0.94133402645983,0.993035473135129
Ppp2r1b,-0.011939645342680274,0.9420995947089749,0.993035473135129
Cyp2b19,0.011951260168598103,0.9420433605813832,0.993035473135129
Dlx5,-0.012079378014900763,0.9414230852446681,0.993035473135129
C76628,0.011918837829451112,0.9422003366454159,0.993035473135129
Cfhr2,-0.012084185840406471,0.9413998090616726,0.993035473135129
Lamtor5,-0.012297259786982708,0.940368298071779,0.993035473135129
AA522020,0.011769465994270539,0.9429235621909187,0.9931606821727342
Acta2,-0.011781189032260993,0.9428668002506645,0.9931606821727342
Mfap2,0.011822244195306498,0.9426680167908355,0.9931606821727342
Paxip1,0.011768545983219884,0.9429280168164614,0.9931606821727342
Muc4,-0.011787714411051474,0.9428352050440773,0.9931606821727342
Cyp2c29,-0.011874538342302317,0.9424148204677837,0.9931606821727342
Rabep1,-0.011843174038310091,0.942566678628182,0.9931606821727342
Uqcr10,0.011831894224851642,0.9426212931492399,0.9931606821727342
Mitd1,0.011713229919655873,0.9431958561194845,0.99321415042836
Ipp,0.011718631711925482,0.9431697004859759,0.99321415042836
Gcm2,0.011695183562183777,0.9432832375092854,0.99321415042836
Phc2,0.011701193055795882,0.9432541391628438,0.99321415042836
Btc,-0.011647295384403344,0.9435151175637698,0.9932681235077321
Havcr1,0.011643416859843865,0.9435338980177461,0.9932681235077321
Tgfb3,-0.011637437266413217,0.943562852249356,0.9932681235077321
Tfb2m,0.01160550771478919,0.9437174618518352,0.9933467941439936
Galnt7,-0.011590561598137612,0.9437898347610724,0.9933467941439936
1500015O10Rik,0.011573212968275648,0.9438738417867768,0.9933550900456207
Dnajb6,-0.011525342276093009,0.9441056483370257,0.9933907721082033
Ndufs7,-0.011525089441217353,0.9441068726630416,0.9933907721082033
Mink1,0.011519047606629038,0.9441361296410404,0.9933907721082033
Tbx20,0.011365048996916576,0.9448818757400936,0.9936241236904977
Thnsl1,-0.011402282119423008,0.9447015683593323,0.9936241236904977
Lama5,0.011404638960408638,0.9446901550655311,0.9936241236904977
Sh3bgr,-0.01139859702405524,0.9447194139100689,0.9936241236904977
Cdk2ap2,-0.011363179240090367,0.9448909304065741,0.9936241236904977
Dxo,0.011448726387582573,0.9444766581751322,0.9936241236904977
Abcg2,0.011370102539717996,0.9448574029943647,0.9936241236904977
Bpifa1,-0.011344441030482271,0.9449816742462814,0.993639473589019
Cltb,-0.011257249081016758,0.9454039287631356,0.99368822535403
Aim2,-0.01125624502417215,0.9454087913074015,0.99368822535403
C80678,0.011316254368665674,0.9451181754981209,0.99368822535403
Eny2,-0.011282795991588214,0.9452802083260338,0.99368822535403
Sgcd,0.011266961243459115,0.945356893853563,0.99368822535403
AI118078,0.011226085407711224,0.9455548521055428,0.9937616998328952
Rab20,0.011164942709531946,0.9458509668395374,0.9939928538527119
Pccb,0.011095435157368242,0.9461876009976751,0.9941122246978473
Mansc1,-0.01109689809683539,0.9461805156995092,0.9941122246978473
Mcoln2,-0.011094298660082633,0.9461931052760566,0.9941122246978473
Cast,-0.010885703900292277,0.9472034101730572,0.9941557307604868
D8Ertd67e,-0.010902476593362243,0.947122170645257,0.9941557307604868
Capn12,0.010962053141896267,0.9468336122095043,0.9941557307604868
Hnf4g,0.011012274068633652,0.9465903726141854,0.9941557307604868
Pfn1,-0.01090294175764457,0.947119917601826,0.9941557307604868
Dll1,0.01099957431037788,0.946651882080393,0.9941557307604868
Serpina6,-0.011022975028457057,0.9465385442699492,0.9941557307604868
Dnm2,0.010883554036229847,0.9472138232028884,0.9941557307604868
Dusp2,-0.010870061334074269,0.9472791763194406,0.9941557307604868
Rpf2,0.011059369431138872,0.946362275505481,0.9941557307604868
Arid3b,-0.010821927802520042,0.9475123180619434,0.9941557307604868
Zfand2b,-0.010821585966241132,0.9475139738103397,0.9941557307604868
Cep85,0.010821222931062736,0.9475157322398263,0.9941557307604868
Sh2b2,0.010818342897743987,0.9475296822337478,0.9941557307604868
Obsl1,0.010935660356880098,0.9469614446194388,0.9941557307604868
Znfx1,-0.011051997879549405,0.9463979778968538,0.9941557307604868
Creld1,0.010972983607178752,0.9467806713015421,0.9941557307604868
Mcpt2,-0.010735268061267633,0.9479320774892521,0.9942161982391496
Cacna2d1,-0.010698290158371858,0.948111193812221,0.9942161982391496
Runx3,0.010717423752733136,0.9480185127799502,0.9942161982391496
Kcnj5,0.010733921960710968,0.9479385977891283,0.9942161982391496
Ndst2,0.01072767016657912,0.9479688805409056,0.9942161982391496
Gdf9,-0.010700017032129113,0.9481028289986616,0.9942161982391496
Nxt1,0.010696337834206126,0.9481206506926184,0.9942161982391496
Pou4f3,0.010667166839006505,0.9482619531350162,0.9942202667570496
Irs4,-0.01063738359453194,0.9484062228165954,0.9942202667570496
Lgals4,0.01065195761765958,0.9483356262276289,0.9942202667570496
Zbtb46,-0.010632620408599271,0.9484292957768222,0.9942202667570496
Pspn,-0.010598386212926319,0.948595128018178,0.9943142280913492
Rcn2,0.008068396051847594,0.9608557532834632,0.9943254621658157
Akr1cl,-0.00873695869867976,0.9576148845413737,0.9943254621658157
Igfbpl1,-0.008186402091944246,0.9602836723986021,0.9943254621658157
Rbmxl1,0.008650197638192405,0.9580354249492505,0.9943254621658157
Fanci,0.00898787655290165,0.9563987194793176,0.9943254621658157
Hps1,-0.009200592638818205,0.9553677861889079,0.9943254621658157
Rasl10a,-0.009111889769681955,0.9557976783883559,0.9943254621658157
Hsd11b2,0.010000952334052118,0.9514894527231732,0.9943254621658157
Rdh13,0.01041804345433948,0.9494687514370882,0.9943254621658157
Fblim1,0.009269636894823645,0.9550331763231552,0.9943254621658157
Zfr2,-0.00926065428775646,0.9550767084103366,0.9943254621658157
Zranb1,-0.00878088088097796,0.957401993016525,0.9943254621658157
Fbp1,-0.008966055922010111,0.9565044774745896,0.9943254621658157
Ift74,-0.00822504721000333,0.9600963289979322,0.9943254621658157
2610201A13Rik,-0.010447578180464552,0.9493256743179228,0.9943254621658157
2010003K11Rik,-0.008450149805578394,0.9590051195334325,0.9943254621658157
Wbscr22,0.008816110590780246,0.9572312360630653,0.9943254621658157
Itgae,0.008261020813073642,0.959921938359385,0.9943254621658157
Ptprg,0.009550616012118061,0.9536715401206834,0.9943254621658157
Hgsnat,0.008582033661982312,0.9583658307769747,0.9943254621658157
Galm,-0.008055034700722913,0.9609205288823593,0.9943254621658157
Sbf2,0.008093088745943328,0.9607360441552619,0.9943254621658157
Galnt2,0.009348956465061025,0.9546487780918379,0.9943254621658157
Nox4,-0.009684191127479511,0.953024273043557,0.9943254621658157
Adam7,-0.0089329892888286,0.9566647427805076,0.9943254621658157
Nmu,0.008224830819985793,0.9600973780055759,0.9943254621658157
Kdm5a,-0.008078905865094554,0.9608048020576525,0.9943254621658157
Scly,-0.008171904484419849,0.9603539542696765,0.9943254621658157
Scn2a1,0.008685690754817049,0.9578633846037602,0.9943254621658157
Kif17,-0.008807189392941464,0.9572744765715804,0.9943254621658157
Adam2,0.008707970603507573,0.9577553918281372,0.9943254621658157
Zbtb7c,0.009182030222516856,0.9554577466471154,0.9943254621658157
Pth2,0.008781727685474989,0.9573978885688815,0.9943254621658157
Klhl11,-0.009634404733269965,0.9532655204643334,0.9943254621658157
Gm12185,-0.010418328704054165,0.9494673695749738,0.9943254621658157
Scx,-0.010293289351065788,0.9500731228473194,0.9943254621658157
Ptpn6,-0.00807519614465196,0.9608227866424472,0.9943254621658157
Kif5a,-0.009925664972090607,0.9518542318935411,0.9943254621658157
Gjb2,-0.009970771557784095,0.9516356822375549,0.9943254621658157
Yipf5,-0.009632115322231715,0.9532766142427911,0.9943254621658157
Gdi2,0.00955994286289056,0.953626343933973,0.9943254621658157
Nog,-0.008215120306948912,0.9601444523422386,0.9943254621658157
Ostc,-0.00931831880915526,0.9547972530511312,0.9943254621658157
Sec23ip,-0.008889549980036266,0.9568752841725217,0.9943254621658157
Actr2,-0.010212661968237152,0.9504637363659661,0.9943254621658157
Gimap7,0.008276835236595,0.9598452747189307,0.9943254621658157
Klf7,-0.010195020147361114,0.9505492067275738,0.9943254621658157
Hipk3,0.009829775269278208,0.9523188460753156,0.9943254621658157
Wt1,-0.009730910934510046,0.9527978888268241,0.9943254621658157
Gpc6,0.00922237630055012,0.9552622150289425,0.9943254621658157
Fgf6,-0.010418998406321746,0.949464125273622,0.9943254621658157
Aig1,-0.009518750110142664,0.9538259573958253,0.9943254621658157
Zfp704,-0.010060159886313182,0.9512025893301898,0.9943254621658157
Hdgf,-0.010379364067585878,0.949656130932643,0.9943254621658157
Aicda,-0.009470531679602079,0.954059619544029,0.9943254621658157
Zfp623,-0.010090620358004159,0.9510550091646824,0.9943254621658157
Krtap15,-0.008754757136841236,0.9575286148894318,0.9943254621658157
Psmd1,0.008187725659585872,0.9602772559877941,0.9943254621658157
Krt86,-0.009444812962121315,0.9541842516051418,0.9943254621658157
Wdr77,-0.009493181848101636,0.9539498584254226,0.9943254621658157
9430015G10Rik,-0.009594352890003871,0.9534596005195211,0.9943254621658157
Gzmc,-0.0086148377048533,0.9582068215218995,0.9943254621658157
Abcc2,0.008935473629110534,0.9566527017781777,0.9943254621658157
Kcna1,0.008091005356047967,0.9607461443092614,0.9943254621658157
Gtf2ird2,-0.0096341369491984,0.9532668180627686,0.9943254621658157
Ptbp3,0.009132889502185531,0.9556959035939846,0.9943254621658157
Kmt2c,-0.01007306638100723,0.9511400575227343,0.9943254621658157
Fut4,-0.009607934399919754,0.9533937880279414,0.9943254621658157
Kcnj4,-0.00853018123177906,0.9586171753477455,0.9943254621658157
Zfp30,-0.00827496260851736,0.9598543526473161,0.9943254621658157
Fxr1,0.008851250384369276,0.9570609167263671,0.9943254621658157
Fxyd2,-0.010138069511342381,0.9508251223685967,0.9943254621658157
AW209491,-0.009888716375842106,0.9520332570787751,0.9943254621658157
Gpr84,-0.009363272402839008,0.9545794012731519,0.9943254621658157
Ryk,-0.008456865016968096,0.958972567886243,0.9943254621658157
S1pr1,-0.008301723319292803,0.9597246253580431,0.9943254621658157
Gtpbp1,-0.009451219476679635,0.9541532057493879,0.9943254621658157
Rab27a,0.009060280872173506,0.9560478027149923,0.9943254621658157
Enox2,-0.008713412928723307,0.9577290124122237,0.9943254621658157
Il17rc,-0.008308426083063048,0.9596921326758399,0.9943254621658157
Daxx,0.009927136640075258,0.9518471013404491,0.9943254621658157
Snrnp48,0.010065888415691254,0.9511748346419748,0.9943254621658157
Snrnp40,0.010377289195543132,0.9496661825727818,0.9943254621658157
D9Ertd26e,-0.008441506177192184,0.9590470191768194,0.9943254621658157
Nbea,-0.008553348245285272,0.9585048772868919,0.9943254621658157
Plxnb3,0.008466757139527454,0.9589246164375397,0.9943254621658157
Traf7,0.008646869159352309,0.9580515586669318,0.9943254621658157
Lmod1,0.008561537662235715,0.9584651806962412,0.9943254621658157
Pcdhb15,0.009953267331023202,0.9517204930210215,0.9943254621658157
Atp6v1c1,0.008301255246284918,0.959726894416511,0.9943254621658157
Egln2,-0.010238203669436143,0.9503399939202127,0.9943254621658157
Comp,0.008811715531450742,0.957252538636433,0.9943254621658157
Degs2,-0.010290861928259808,0.9500848827629644,0.9943254621658157
Tlr4,-0.008664964198207139,0.9579638490470055,0.9943254621658157
Tapbp,0.008616664214372047,0.958197968026382,0.9943254621658157
Map3k6,0.010438594692290174,0.9493691934931385,0.9943254621658157
Tmc4,0.01011520209829953,0.9509359124190966,0.9943254621658157
Eif3l,0.008287489374909649,0.9597936268048439,0.9943254621658157
Tmed1,-0.009140534587617136,0.9556588520011458,0.9943254621658157
Mmp1a,-0.009994155547808194,0.9515223838444824,0.9943254621658157
Usp47,-0.009508607798097563,0.9538751058193419,0.9943254621658157
Cox15,0.008123614247458874,0.9605880589500517,0.9943254621658157
Elf1,0.009815986491101228,0.9523856580423089,0.9943254621658157
Smap1,-0.009772923051642514,0.9525943190514958,0.9943254621658157
Elp4,0.009068869324174961,0.9560061782055427,0.9943254621658157
Cdc45,0.009481103478230297,0.9540083892539467,0.9943254621658157
Cphx3,-0.008594114191421172,0.9583072733054656,0.9943254621658157
Chchd10,0.008904077751197179,0.9568048707464477,0.9943254621658157
Tox4,-0.009509843396511931,0.9538691182495078,0.9943254621658157
Arcn1,0.009374038059962998,0.9545272297652919,0.9943254621658157
Upk3b,0.00968772464164082,0.9530071510221938,0.9943254621658157
Tcf7,-0.009871098773795798,0.9521186195484359,0.9943254621658157
Dera,-0.00962905101303103,0.9532914629513176,0.9943254621658157
Srd5a2,0.008790316307445364,0.9573562597163522,0.9943254621658157
Mad2l2,-0.008584101507047744,0.9583558073789005,0.9943254621658157
Clrn3,0.008061514723193214,0.9608891138159964,0.9943254621658157
Pcsk7,-0.008048926372291832,0.9609501420318111,0.9943254621658157
Ly6i,-0.008786399831660664,0.9573752427708682,0.9943254621658157
Ltbr,0.010459354804664816,0.9492686244201811,0.9943254621658157
Mst1,-0.008556954555906271,0.9584873963926098,0.9943254621658157
Dmrtb1,-0.008317575572949935,0.9596477792103734,0.9943254621658157
Tenm1,-0.008639745596786434,0.9580860878706389,0.9943254621658157
Dnah5,-0.010086108567159793,0.9510768685726796,0.9943254621658157
Srek1ip1,0.00849857789350596,0.9587703682392811,0.9943254621658157
Ugp2,-0.009562616279123658,0.9536133890806646,0.9943254621658157
Atf5,-0.009253046645282667,0.9551135771521295,0.9943254621658157
Atmin,0.00887788644217042,0.9569318154121547,0.9943254621658157
Ddost,-0.008757055883188257,0.9575174728188438,0.9943254621658157
Arhgef2,-0.009080212346856027,0.9559512036532646,0.9943254621658157
Btnl10,-0.008852351576169514,0.9570555793804065,0.9943254621658157
Tceal8,0.008510038977063192,0.958714812030824,0.9943254621658157
Ssrp1,0.008668724123749472,0.9579456241301286,0.9943254621658157
Dsg2,0.009228312581646364,0.9552334458823039,0.9943254621658157
Tex43,-0.009830120725972004,0.9523171722078831,0.9943254621658157
Tex9,0.010186447900580766,0.9505907373817918,0.9943254621658157
Meox1,0.010376092301170464,0.9496719808862276,0.9943254621658157
BC016548,0.009895137333930968,0.9520021457717963,0.9943254621658157
Cirh1a,0.009671251909134048,0.953086971582054,0.9943254621658157
Tbc1d19,-0.00867201575427773,0.9579296691252374,0.9943254621658157
Cyp4f15,-0.008417306787402495,0.9591643253049564,0.9943254621658157
Ehf,-0.009195556893934205,0.9553921912529914,0.9943254621658157
Cd40lg,0.0086816221994853,0.9578831053972008,0.9943254621658157
Pard6b,-0.008904854699832432,0.9568011050285002,0.9943254621658157
Fam160b1,-0.009701005080215914,0.9529427994128278,0.9943254621658157
Cyp2c65,0.010196548300198421,0.9505418031754356,0.9943254621658157
Nefh,0.00852270348083155,0.9586534226035814,0.9943254621658157
Lep,-0.008300235310967907,0.9597318387164702,0.9943254621658157
Capn10,0.01022594777520355,0.950399370185406,0.9943254621658157
Cars,-0.00823948109462114,0.960026357081358,0.9943254621658157
Lars,0.008425899885646173,0.959122670315026,0.9943254621658157
Top3b,-0.008503161266105617,0.9587481508760161,0.9943254621658157
Mxd4,0.009802529348293534,0.9524508634041072,0.9943254621658157
Tnnt1,-0.010280543746110399,0.9501348704379349,0.9943254621658157
Csnk1d,0.008890876636680837,0.9568688540997297,0.9943254621658157
Vax1,0.010425595039753145,0.9494321686262602,0.9943254621658157
Cadps2,0.009858581695035567,0.9521792687876653,0.9943254621658157
Lbx1,0.00873394814733219,0.9576294768341274,0.9943254621658157
Cyp2g1,-0.009430455731876616,0.954253826719819,0.9943254621658157
Prr5,0.009489948178279412,0.9539655285121824,0.9943254621658157
F2rl3,-0.009099936304420452,0.955855610920683,0.9943254621658157
Ctage5,0.01019616025471593,0.9505436831669676,0.9943254621658157
Ccdc22,0.00806930432355832,0.9608513500065518,0.9943254621658157
Gemin8,-0.0080084074280296,0.9611465789476034,0.9944301803445337
Slc7a7,0.007980893709589952,0.9612799674201814,0.9944301803445337
Mcat,-0.007994889468292944,0.9612121148574537,0.9944301803445337
Acad10,-0.007945486004567391,0.961451627968811,0.9945289174288557
Hoxc9,-0.007864564905020952,0.9618439487423885,0.9945405457321258
Prf1,-0.007867452374090164,0.9618299496004172,0.9945405457321258
Cfl2,0.007901966847499149,0.9616626160009315,0.9945405457321258
Wnt3,-0.00788377814125127,0.9617507985726164,0.9945405457321258
Prdm5,0.007883958960599242,0.9617499219212803,0.9945405457321258
3110002H16Rik,-0.007789576649976784,0.9622075135465331,0.994837639194098
Sp100,-0.007660718486700266,0.9628322721136936,0.9949645654035847
Tcf3,-0.007728220184649862,0.9625049928562356,0.9949645654035847
Gak,0.007542684598524267,0.9634045684548324,0.9949645654035847
Usp13,0.007425440703635712,0.9639730516057937,0.9949645654035847
AF067061,-0.007339949287795266,0.9643875864112673,0.9949645654035847
Rab6a,-0.007548386305042067,0.9633769228939474,0.9949645654035847
Car6,-0.007583492894643463,0.9632067043343452,0.9949645654035847
Kdelr1,-0.007620004024060347,0.9630296773277968,0.9949645654035847
Oscar,0.0073212999842855704,0.9644780152116545,0.9949645654035847
Napb,-0.007360032651241719,0.9642902044535772,0.9949645654035847
Ambra1,-0.0074602793039736165,0.9638041271192535,0.9949645654035847
Hdgfl1,0.007276762509197779,0.9646939751311329,0.9949645654035847
Xrn1,0.007508586229253934,0.9635699002456125,0.9949645654035847
Akap3,-0.0073564745049932816,0.9643074574666292,0.9949645654035847
Oxld1,0.007632824006691571,0.9629675190572649,0.9949645654035847
Hivep2,-0.007310895936786214,0.9645284636875334,0.9949645654035847
Tsr1,0.00733177382971507,0.9644272284226321,0.9949645654035847
Crisp1,-0.007703309607084021,0.9626257701127058,0.9949645654035847
0610012G03Rik,0.007424764173391283,0.9639763319625317,0.9949645654035847
Psmd13,0.007413230484636392,0.9640322565456846,0.9949645654035847
Aaas,0.007381302827645806,0.964187068307833,0.9949645654035847
Epb4.1l4a,0.007438577033456773,0.9639093563413034,0.9949645654035847
Mtmr1,-0.007284813358384241,0.9646549368020407,0.9949645654035847
Pafah1b3,0.0077377166271099555,0.9624589502030029,0.9949645654035847
Lamtor4,0.007279849375475906,0.9646790069988423,0.9949645654035847
Id4,0.007446673813631708,0.9638700968847282,0.9949645654035847
Hoxd13,-0.007681016709466131,0.9627338563926693,0.9949645654035847
Cyth2,-0.007339334431733676,0.9643905677864703,0.9949645654035847
Plekhn1,-0.007609367190772193,0.9630812506559054,0.9949645654035847
Mlst8,-0.007613128778117964,0.9630630123564224,0.9949645654035847
Tra2a,0.007475634728541287,0.9637296726151793,0.9949645654035847
Tenm4,0.007241894594517237,0.9648630495126497,0.9950602966166574
Zgpat,0.00721863221500733,0.964975849507422,0.9950979816834479
Mesp2,0.007173218251808696,0.96519606506803,0.9952443100036389
Hyi,-0.007149762595653953,0.9653098041811685,0.9952443100036389
Klra16,-0.007142183187473487,0.9653465577221286,0.9952443100036389
Tmc1,-0.0071166940533838085,0.9654701583608802,0.995293102895491
Kank3,-0.0069040394028745,0.966501382147708,0.995341550015473
Ppp2r5c,-0.007037261188634067,0.965855345127651,0.995341550015473
AK138291,0.006568194380077733,0.9681300958455269,0.995341550015473
Bpifa2,0.006597674544400299,0.9679871238872579,0.995341550015473
Cst11,-0.00654501162152666,0.9682425275080536,0.995341550015473
Pdcd1lg2,-0.0067213462115823935,0.9673873553429253,0.995341550015473
Ddx47,-0.006681764294261896,0.9675793133167965,0.995341550015473
Papss2,0.006925085649161914,0.9663993205027475,0.995341550015473
Cst3,0.006901312241149955,0.9665146072798897,0.995341550015473
Dhfr,0.006790741810140031,0.9670508160021885,0.995341550015473
Cnot8,-0.006987672530379327,0.9660958147403127,0.995341550015473
Dhx32,-0.006551034706210944,0.9682133167168497,0.995341550015473
Sppl2b,0.006855200500324139,0.9667382234114092,0.995341550015473
Csnk1g2,0.007076645896115288,0.965664359428185,0.995341550015473
Cstf1,-0.006545507847868608,0.968240120905168,0.995341550015473
Parp16,-0.0066706454345313885,0.9676332360734667,0.995341550015473
Mri1,0.006891928665900563,0.9665601121717272,0.995341550015473
Gjb1,0.006763799105106855,0.967181476103785,0.995341550015473
Ncapd2,0.007024004788981544,0.9659196289293506,0.995341550015473
Phf23,-0.006935361889978151,0.9663494870948539,0.995341550015473
Fibp,-0.006551856782199872,0.9682093298109664,0.995341550015473
Kpna2,-0.00656888998115182,0.9681267223308202,0.995341550015473
Tspan33,0.006860306548679514,0.9667134618164097,0.995341550015473
Gramd4,-0.006931096918738466,0.9663701695510847,0.995341550015473
Apobec2,-0.007061622200025636,0.9657372126471456,0.995341550015473
AI597479,0.0067766116804535755,0.9671193407272509,0.995341550015473
Trpt1,0.006665347580018942,0.967658928946541,0.995341550015473
Scn1a,-0.007028528300451132,0.9658976931982748,0.995341550015473
Zeb2,0.006711000143370713,0.9674375298621829,0.995341550015473
Psma8,0.006820382690609115,0.9669070718924279,0.995341550015473
C77609,-0.006566455836283643,0.9681385274090628,0.995341550015473
Stard5,0.006745124187957747,0.96727204159728,0.995341550015473
Duoxa2,0.0067596782609317336,0.9672014604313962,0.995341550015473
Hils1,0.006540762689828627,0.968263134025321,0.995341550015473
Rabgap1l,-0.006708217750654246,0.9674510234351301,0.995341550015473
Slc6a2,0.006643413922129955,0.9677653003888789,0.995341550015473
Serinc1,0.0065142710363414675,0.968391613986365,0.9953952084212743
B230354O11Rik,0.006492309591876329,0.9684981237848509,0.9954262773525929
Kdm5d,0.006429354346962748,0.9688034503847213,0.9954264743362384
Ect2,0.006435150681785207,0.9687753385681063,0.9954264743362384
Rgs3,0.006470196562106592,0.96860536927166,0.9954264743362384
Gja10,0.006458739021452388,0.9686609371462599,0.9954264743362384
Itsn2,-0.006361760337851035,0.9691312792009533,0.9955534127916256
Cdh15,-0.006332704112334268,0.9692722024560981,0.9955534127916256
Sla2,-0.006351019992641069,0.9691833699797551,0.9955534127916256
Abt1,0.006325228152647293,0.9693084611477969,0.9955534127916256
Alcam,0.0063455121607624825,0.9692100830648515,0.9955534127916256
Tomm34,-0.0062971054359026064,0.969444857926034,0.9955979934925342
Gopc,-0.0062848164706752856,0.9695044603655171,0.9955979934925342
Lrr1,-0.006239704019815706,0.9697232606091019,0.9957443207183011
Mrps15,0.0061865532077989,0.9699810504557933,0.9959306575967934
Sprr3,-0.006044451703451444,0.9706702793186545,0.9961507987468841
Igfbp3,0.00604715174345063,0.9706571832407581,0.9961507987468841
Nkg7,-0.006053943564137695,0.9706242407191715,0.9961507987468841
Ccnt2,0.0060164350593797135,0.9708061696424342,0.9961507987468841
Naa40,0.00602124661599489,0.9707828318886538,0.9961507987468841
Nmt1,0.006081072364857151,0.9704926577429884,0.9961507987468841
Adam22,0.00606900400632203,0.9705511928799767,0.9961507987468841
Krtap5-1,0.006109811183454424,0.9703532664931389,0.9961507987468841
Phkb,-0.0059929254193038725,0.9709202000536311,0.9961894708680478
Ube2w,0.005786382434749823,0.9719220328260576,0.9962575753314045
Scn7a,-0.005814524645755127,0.9717855271449987,0.9962575753314045
Gm1549,-0.005527440941071156,0.9731780809010931,0.9962575753314045
Acly,0.005598497534486001,0.9728334003198282,0.9962575753314045
Ddx39,-0.0055586551756762565,0.9730266666474504,0.9962575753314045
Kdelc1,-0.005774831994303294,0.9719780592307331,0.9962575753314045
Mapkapk2,-0.005651832197772327,0.9725746881520005,0.9962575753314045
Gapdhs,0.005589688936739225,0.972876128721832,0.9962575753314045
Recql4,0.005919252058178043,0.971277546511896,0.9962575753314045
Rb1,0.005891401995886703,0.9714126322866131,0.9962575753314045
Trappc2,-0.005899654398567758,0.971372604210895,0.9962575753314045
Egr4,-0.005611956445671489,0.9727681144973828,0.9962575753314045
2310050C09Rik,0.0058755174750537344,0.9714896799494238,0.9962575753314045
Eif2d,-0.005522787821127299,0.9732006523679525,0.9962575753314045
Prpmp5,0.005687118640560285,0.972403524524222,0.9962575753314045
Usp42,0.0056649177263423415,0.972511214161537,0.9962575753314045
Ovol2,0.005538871130685556,0.9731226351444613,0.9962575753314045
Arhgef40,-0.0056329863016995425,0.9726661042449946,0.9962575753314045
Lin9,-0.00583442853735412,0.9716889824428228,0.9962575753314045
Dpp6,-0.005746338454410023,0.9721162701391516,0.9962575753314045
Zhx1,-0.005851148397477371,0.9716078823200169,0.9962575753314045
Elavl1,0.005901956533162394,0.9713614377756266,0.9962575753314045
Vipas39,-0.005632308662491253,0.9726693912866184,0.9962575753314045
Arl6ip4,-0.005539035285326712,0.973121838861227,0.9962575753314045
Zmat5,-0.00572479941369514,0.9722207480296376,0.9962575753314045
Slc22a12,-0.00585399775991595,0.9715940614391906,0.9962575753314045
Epn1,-0.005833684975638353,0.9716925891148027,0.9962575753314045
Slc26a8,0.005654798066428107,0.97256030159505,0.9962575753314045
Cluap1,-0.0055797157565404655,0.9729245063212615,0.9962575753314045
Sft2d2,0.005424355238452121,0.9736781361181187,0.9965118429964965
Nmb,-0.005451937163331192,0.9735443388805917,0.9965118429964965
Il9,-0.005424682439010888,0.9736765488960051,0.9965118429964965
Rgr,-0.005243857292113715,0.9745537307611253,0.9965517570920055
She,-0.005350071889905133,0.9740384807993506,0.9965517570920055
Ccnb1,-0.005351463120041227,0.9740317319689711,0.9965517570920055
Scn4a,-0.005206672596412056,0.9747341170681889,0.9965517570920055
2700060E02Rik,-0.005218020269743908,0.9746790683567893,0.9965517570920055
Cnih2,-0.005394732866339572,0.9738218321248622,0.9965517570920055
Mynn,0.005216906863771286,0.9746844695969081,0.9965517570920055
Timm10b,-0.005318507969788871,0.9741915972211255,0.9965517570920055
Slc37a1,0.005215259264751376,0.974692462261151,0.9965517570920055
Cish,0.0051959125515469865,0.9747863152365972,0.9965517570920055
Dffb,-0.005319183620349594,0.9741883196343946,0.9965517570920055
Slc16a7,0.005230683677646239,0.9746176370147361,0.9965517570920055
Ube2g2,0.0053598204295957075,0.9739911908585513,0.9965517570920055
Samt4,0.005206930775664358,0.9747328646132852,0.9965517570920055
Wdr54,-0.004911244090460922,0.9761673088502288,0.9968524411785564
Nespas,0.004996014424489656,0.9757560609993199,0.9968524411785564
Cd93,0.005111588863178814,0.9751953822002459,0.9968524411785564
Zfp113,0.005084297800673048,0.9753277765603292,0.9968524411785564
Znhit2,0.004953840686489484,0.9759606584814143,0.9968524411785564
Rbp1,0.00498150863380268,0.9758264327861935,0.9968524411785564
Tab2,0.0049164473485749675,0.9761420660215387,0.9968524411785564
Atxn7l3,-0.004899078729026401,0.9762263273676736,0.9968524411785564
Zfp68,0.005062592705433214,0.9754330727307831,0.9968524411785564
Car11,0.0049517412101033114,0.9759708437106271,0.9968524411785564
Arhgdig,0.005038617906678401,0.9755493801872623,0.9968524411785564
Col4a4,-0.005047213476579741,0.9755076809762566,0.9968524411785564
Smpdl3a,0.005021545891235422,0.9756322008898783,0.9968524411785564
Tmem116,-0.0049388793607908175,0.9760332407202279,0.9968524411785564
Tmem184c,-0.004973134966583926,0.9758670559469615,0.9968524411785564
Hcfc1r1,0.004876789215524985,0.9763344620762863,0.9968848509885335
Myl1,0.004851828151733369,0.9764555579419139,0.9969304886616097
Htr1a,-0.004826652611543876,0.976577694821374,0.9969771819530676
Trim3,-0.004780436943837375,0.976801907307484,0.9970591609153321
Timm8b,-0.004778601044404107,0.9768108140962224,0.9970591609153321
Bcl2l11,-0.004729610206571846,0.9770484920597472,0.9970949700649878
Il12a,0.004641090662010133,0.9774779474026994,0.9970949700649878
Pfdn6,0.004312843561501055,0.979070499958492,0.9970949700649878
Mfge8,0.004206079515401674,0.9795885026163875,0.9970949700649878
Mrpl20,-0.004740373261596762,0.9769962751757517,0.9970949700649878
Plekhh2,0.004147562480469641,0.9798724215980206,0.9970949700649878
5430421N21Rik,-0.004208538354418949,0.9795765726195881,0.9970949700649878
Olfr15,0.004152639772186822,0.9798477869774336,0.9970949700649878
Plec,0.004651386601086611,0.9774279960213048,0.9970949700649878
Ckap2,0.0040991504210523165,0.9801073139903439,0.9970949700649878
Herpud2,-0.004156915074461273,0.9798270435603214,0.9970949700649878
Tha1,0.00419462545223705,0.9796440764346739,0.9970949700649878
Mrps12,0.004212534313283419,0.9795571847076061,0.9970949700649878
Zfp93,-0.004385708341827578,0.9787169759450473,0.9970949700649878
Cops7b,-0.004276712504074618,0.9792458013694613,0.9970949700649878
Tspan7,-0.004395488726242835,0.9786695239451592,0.9970949700649878
Mocos,-0.00447573757910618,0.978280179044152,0.9970949700649878
Ifnab,0.0041366343613543684,0.9799254440333672,0.9970949700649878
Nudt2,-0.0042454358385717065,0.9793975508853984,0.9970949700649878
Ifna11,0.004678776246378267,0.9772951138698183,0.9970949700649878
Kcnc3,0.004339245667701919,0.978942402260989,0.9970949700649878
Tspan1,-0.004473404983776677,0.9782914960750381,0.9970949700649878
Suv39h2,-0.004241841247250198,0.979414991327342,0.9970949700649878
Polr3a,-0.004233556873700021,0.9794551859549764,0.9970949700649878
Fam118a,-0.004187480556428542,0.9796787427065854,0.9970949700649878
Eqtn,0.004454822333266198,0.9783816534894929,0.9970949700649878
Ddit3,0.004186252902552277,0.9796846991557214,0.9970949700649878
Fkbp10,-0.004708119216274895,0.9771527557147082,0.9970949700649878
Pank3,0.004126106382195108,0.9799765250959676,0.9970949700649878
Madd,0.004585076891067512,0.9777497030731421,0.9970949700649878
Dusp12,-0.0045698565387957855,0.9778235463442098,0.9970949700649878
Pcid2,-0.004377528626898864,0.9787566619466634,0.9970949700649878
Nelfa,0.0045720849491033095,0.9778127349470913,0.9970949700649878
Ndfip2,0.004515445227649272,0.9780875304360508,0.9970949700649878
Eri3,-0.004563635835189884,0.9778537268459544,0.9970949700649878
Pus3,-0.004094146081099648,0.9801315948366617,0.9970949700649878
Lhx8,-0.004120282257224789,0.9800047833997767,0.9970949700649878
Ttc7b,0.00434043630891417,0.9789366255215567,0.9970949700649878
Wdr26,-0.004400651929300488,0.9786444733922344,0.9970949700649878
Eras,-0.004268500782004193,0.9792856433010056,0.9970949700649878
Adipor1,0.004291587786047642,0.979173629057047,0.9970949700649878
Atg13,-0.004182630249978421,0.9797022758959235,0.9970949700649878
Fzd4,0.004438610575261915,0.9784603082560384,0.9970949700649878
Zkscan1,0.003996798463911105,0.9806039247077436,0.9971867685093008
Nup35,-0.00400877786812902,0.9805458003926995,0.9971867685093008
Fgd6,0.004006977149311986,0.9805545375112907,0.9971867685093008
Pxk,0.004016244793216668,0.9805095707669739,0.9971867685093008
Sct,0.004022593521987901,0.9804787666745848,0.9971867685093008
Cebpzos,-0.003935621946263159,0.9809007558959445,0.9973083670418362
Spi1,-0.00392908394318844,0.9809324787224302,0.9973083670418362
Kcna5,0.003924898875753811,0.9809527849629832,0.9973083670418362
S100a14,0.003894166527634239,0.9811019008169395,0.9973822611218638
Nipa2,-0.0037914313695032046,0.9816003845417904,0.9978075815638611
Kcnj3,0.003766080900495944,0.9817233891829078,0.9978075815638611
Armc6,-0.003760467929939407,0.9817506242924368,0.9978075815638611
Nfix,0.003744903944906021,0.981826143557359,0.9978075815638611
Slc46a1,0.003672012049153361,0.9821798301753067,0.9979579737104197
Cdh4,-0.0036671215214638224,0.9822035601473614,0.9979579737104197
Usf1,0.0036697968153246237,0.9821905790006716,0.9979579737104197
Pcgf1,0.003629340491055397,0.9823868829359482,0.9980665240914971
Sptlc1,0.003577753707769071,0.9826371959884113,0.9980963924147832
Kdm3b,-0.0035602280885679355,0.9827222354008073,0.9980963924147832
Rapgef1,0.00357040932800388,0.9826728330376139,0.9980963924147832
Cog6,-0.0035955465015798946,0.982550860352408,0.9980963924147832
Vrk3,-0.0035022273549050373,0.9830036731471331,0.9982903935071084
Hrh1,0.0034452130774364265,0.9832803261933634,0.9982903935071084
Rest,0.0034683619764707633,0.9831679994829263,0.9982903935071084
Timm44,0.0034855409218907778,0.9830846413137492,0.9982903935071084
Fam149b,0.0034420315229600493,0.9832957642537254,0.9982903935071084
Sh2b3,-0.003425453924515982,0.9833762048882836,0.9982943906633898
Bmpr2,-0.003401465193057193,0.983492607354091,0.9983348917435655
Pcnx,0.0033655577564711066,0.9836668445215081,0.9984340894649314
D0Kist5,0.002746571071999311,0.9866705202142335,0.9984623447147838
Unc5c,-0.0032429980945145997,0.9842615581052547,0.9984623447147838
Kcnk4,-0.0022958812717612798,0.9888576351029887,0.9984623447147838
Bud13,0.0025232118777512667,0.9877544308282552,0.9984623447147838
BC125002,-0.002672268215415201,0.9870310924078198,0.9984623447147838
Naa35,-0.0026390222180233745,0.9871924272693368,0.9984623447147838
Tex19.1,-0.002603008949413712,0.9873671915780408,0.9984623447147838
Cbx6,0.0023843694757668932,0.9884282115426706,0.9984623447147838
Ncam2,0.0033088971016206822,0.9839417860134156,0.9984623447147838
Ero1l,0.00323929366648694,0.9842795337520244,0.9984623447147838
Smyd5,-0.0022441522877005037,0.9891086715770043,0.9984623447147838
Dock2,0.0020931359180521064,0.9898415470926625,0.9984623447147838
Btg1,-0.002967008017147695,0.9856008127593456,0.9984623447147838
Rgs7,0.00242618879377713,0.9882252680385505,0.9984623447147838
Hbs1l,-0.0025996362893894566,0.987383558368726,0.9984623447147838
Tirap,-0.002288296300518352,0.9888944442771581,0.9984623447147838
Plekha6,-0.0031909114706198793,0.9845143078492691,0.9984623447147838
Ppp3cb,-0.003056025997173924,0.9851688446406957,0.9984623447147838
Gbgt1,-0.003241060374674465,0.9842709608426636,0.9984623447147838
Matn4,0.002662533129388269,0.987078334398155,0.9984623447147838
Edn3,-0.002358025954917218,0.9885560534466025,0.9984623447147838
Klk1b8,-0.0020194467182423443,0.9901991602942607,0.9984623447147838
Cts7,0.0020984899628968506,0.9898155640205614,0.9984623447147838
1700102P08Rik,-0.0020844160272632155,0.9898838645687124,0.9984623447147838
Vsig4,0.0022059425155086065,0.9892941010733888,0.9984623447147838
Ctrl,0.0021167325215101953,0.9897270333246714,0.9984623447147838
Tmem19,0.002926174757063098,0.9857989612983903,0.9984623447147838
Lpo,0.002214260996134583,0.9892537319917138,0.9984623447147838
Galnt3,-0.0026368176440065933,0.9872031255560332,0.9984623447147838
Six4,-0.0020495649030113005,0.9900529967194558,0.9984623447147838
Fgg,-0.0020081862636223916,0.990253807367421,0.9984623447147838
Tti1,-0.0024058387566680806,0.9883240239344026,0.9984623447147838
Hhip,0.0031863440788886845,0.9845364711336212,0.9984623447147838
Vil1,-0.0025023297555567168,0.9878557680373427,0.9984623447147838
Psmb7,-0.0025590175110793566,0.987580672908593,0.9984623447147838
Mbd6,-0.002009357784806413,0.9902481219641128,0.9984623447147838
Zkscan3,-0.0023298766835239465,0.9886926587367163,0.9984623447147838
Ntn3,-0.0027985871677957096,0.9864181012857837,0.9984623447147838
Psors1c2,-0.0021176576855502865,0.9897225435290413,0.9984623447147838
Tstd2,-0.0026409937173773215,0.9871828600417463,0.9984623447147838
Slpi,0.002778033900066977,0.9865178401461876,0.9984623447147838
Slc22a5,-0.0030596679086851448,0.9851511720069138,0.9984623447147838
Cox18,-0.001988033785198353,0.9903516076054446,0.9984623447147838
Sycp3,0.0028117678214561108,0.9863541396187259,0.9984623447147838
Nkx3-1,-0.002782515366746555,0.9864960929123294,0.9984623447147838
LOC100043315,0.0028311281999222593,0.9862601897899947,0.9984623447147838
Dcaf13,-0.0026895907818412688,0.9869470303351748,0.9984623447147838
Lhpp,0.002249600435242073,0.9890822321212724,0.9984623447147838
1700001G17Rik,0.002590839691056846,0.9874262463835254,0.9984623447147838
Ofa,-0.0030643125065898504,0.9851286337760433,0.9984623447147838
Carkd,-0.002787561182625701,0.9864716070695646,0.9984623447147838
Bloc1s5,0.002509511748249975,0.987820915089247,0.9984623447147838
Dag1,-0.0028733227365810806,0.9860554335801165,0.9984623447147838
Abhd6,-0.002025379184242864,0.9901703700079617,0.9984623447147838
Mtf2,-0.0025477532747996126,0.9876353360440773,0.9984623447147838
Gm15498,0.002220684959431507,0.9892225569049645,0.9984623447147838
Phf21a,-0.002985047023900943,0.98551327646566,0.9984623447147838
Tpi1,-0.0032233308102854468,0.984356993206697,0.9984623447147838
Pcdhb1,0.002817839564903097,0.9863246753382945,0.9984623447147838
Pbld2,0.002095656953076175,0.9898293125590881,0.9984623447147838
Epb4.1l4b,-0.0024407717340021416,0.9881544991625536,0.9984623447147838
Omd,0.0026376717557710914,0.987198980749367,0.9984623447147838
Rhd,-0.00304598408332536,0.9852175737741312,0.9984623447147838
Gm6607,0.0028347915755009517,0.9862424125999406,0.9984623447147838
Abhd17a,0.0025144944524928842,0.9877967349139569,0.9984623447147838
Gnat1,-0.0024808572489500645,0.9879599704642629,0.9984623447147838
H1foo,-0.0026548882592541626,0.9871154331114258,0.9984623447147838
Wbp5,-0.00317861749160147,0.9845739644504199,0.9984623447147838
Npr3,-0.0027147802002076304,0.9868247926398734,0.9984623447147838
Tlr8,-0.0032326319656170405,0.9843118595116735,0.9984623447147838
Dhx30,0.003098321080759557,0.9849636051635362,0.9984623447147838
Zfp553,0.0027470762493057893,0.9866680687303019,0.9984623447147838
Ubr2,0.002762402567504397,0.9865936944571811,0.9984623447147838
Rab3b,-0.002808938292990959,0.986367870445201,0.9984623447147838
Asic5,-0.0020782051457675574,0.9899140058829119,0.9984623447147838
Mark4,-0.0032340354937977606,0.9843050489195083,0.9984623447147838
Cyct,0.002001244745149039,0.9902874946310839,0.9984623447147838
B3gnt3,0.0026333295140881247,0.9872200526463186,0.9984623447147838
Irak1,0.0030107550991036584,0.9853885254385314,0.9984623447147838
Tulp1,0.0024378801521850115,0.9881685315793954,0.9984623447147838
Vav2,-0.0021910004125694433,0.9893666142553885,0.9984623447147838
Nr4a3,-0.00287648625941391,0.9860400820780564,0.9984623447147838
Glt25d1,-0.002324347671027296,0.98871949045667,0.9984623447147838
Mcpt1,-0.0024764823673432616,0.9879812010447147,0.9984623447147838
Mta1,-0.002323501755738878,0.9887235955962149,0.9984623447147838
Crkl,-0.002255570445791701,0.9890532601157404,0.9984623447147838
Agrp,-0.002645511626118951,0.9871609356883448,0.9984623447147838
Usp33,-0.0019262051011363223,0.9906516638331571,0.9985528176458074
Ctsm,0.001890342861036576,0.9908257047855508,0.9985528176458074
Etv5,0.0018591657674019622,0.990977008852265,0.9985528176458074
Itga2,-0.0018655721024581063,0.9909459185485286,0.9985528176458074
Olfr64,0.0019489646092439687,0.9905412111991456,0.9985528176458074
Pcp4l1,0.0018856781299327005,0.9908483429505087,0.9985528176458074
Mtmr3,0.00186251616478724,0.9909607491840599,0.9985528176458074
Afmid,-0.001330488619146919,0.9935427480654712,0.9989881587310089
Cabyr,0.0012347522440595048,0.994007376464805,0.9989881587310089
Por,-0.0015625756840372664,0.9924163902471007,0.9989881587310089
Fbxo15,-0.0016312501994240876,0.9920831037672474,0.9989881587310089
Bcl7a,-0.0012919916380793005,0.9937295816310592,0.9989881587310089
Fst,0.0011864816436885247,0.9942416443742519,0.9989881587310089
Cpn1,-0.0014809159423156395,0.9928126973210792,0.9989881587310089
Iglv1,-0.0015233054216936307,0.9926069745590669,0.9989881587310089
Tysnd1,0.0014407476876969216,0.9930076405378996,0.9989881587310089
T,-0.0012635934857513538,0.9938674037595566,0.9989881587310089
Fam166a,-0.001268468777375273,0.99384374294517,0.9989881587310089
Mrpl36,-0.001354291588079905,0.9934272276482742,0.9989881587310089
Pdk3,0.001341340129542902,0.9934900835687817,0.9989881587310089
Zfp125,-0.001258229430167392,0.9938934366538396,0.9989881587310089
Mut,0.001524039158629629,0.9926034136230929,0.9989881587310089
Cuta,0.0016317246363896135,0.9920808012664395,0.9989881587310089
Suz12,0.0013107819138251143,0.9936383886164224,0.9989881587310089
Psmd5,0.0015760710515373528,0.9923508953511927,0.9989881587310089
Psg28,-0.0016616303777451016,0.9919356651572023,0.9989881587310089
C78513,-0.0014292891202756716,0.9930632509411345,0.9989881587310089
C9,0.0015703599828865318,0.9923786119561024,0.9989881587310089
Vipr1,0.0011868006177523282,0.9942400963209901,0.9989881587310089
Arhgef16,-0.0011985469781269787,0.9941830885917867,0.9989881587310089
Hcls1,0.001525247350124694,0.9925975500879066,0.9989881587310089
Sept1,-0.001556132978210138,0.9924476576113525,0.9989881587310089
Timm22,0.001437310509135413,0.9930243217547869,0.9989881587310089
Plekha5,-0.0016779828088079973,0.9918563049734823,0.9989881587310089
Vax2,0.0011892061947754561,0.9942284215123612,0.9989881587310089
Tmem45a,-0.0016723134533213166,0.9918838189837696,0.9989881587310089
Kank2,0.001653166984647114,0.9919767389828702,0.9989881587310089
Chrac1,-0.0014710499037924453,0.9928605788099443,0.9989881587310089
Rnase2b,-0.00150397948048009,0.9927007663140204,0.9989881587310089
Brms1,-0.001271606636595523,0.993828514257845,0.9989881587310089
Acsl4,-0.0013002213629456551,0.9936896410998165,0.9989881587310089
Psmd10,0.0012900373697372427,0.9937390660955495,0.9989881587310089
Ermp1,-0.0012717899586342837,0.9938276245576986,0.9989881587310089
Hoxb2,0.0012648868817129596,0.9938611266367718,0.9989881587310089
Defb9,0.0011518549425559629,0.9944096957023616,0.9990800830936338
Sstr5,-0.0010901903545356526,0.9947089686611419,0.999149975526075
Zcchc6,-0.0010910442648179378,0.9947048244260398,0.999149975526075
Cib2,-0.0011104349383925635,0.9946107167880321,0.999149975526075
Cacna1c,0.0010574754043799145,0.9948677424001858,0.9991556353867486
Slc39a11,0.0010632758094990167,0.994839591586709,0.9991556353867486
Prss37,-0.0010318012648277985,0.9949923454762218,0.9992038722579051
Dtl,-0.0010141607154483898,0.9950779595777395,0.9992129507141149
Nme6,-0.0009900917019719073,0.9951947727448115,0.9992533540741033
Cxcl17,-0.0009645636736758753,0.9953186669927176,0.9993008606284506
Usp49,0.0009240066995700104,0.9955155008869253,0.9993085566640326
Arhgef12,-0.0009437629533483127,0.9954196184462326,0.9993085566640326
Cdkn2b,-0.0009156463236235851,0.9955560760696165,0.9993085566640326
Rac2,-0.0008751607594630851,0.9957525636925535,0.9993151125610533
Cyp46a1,0.0008221968491290564,0.9960096125310399,0.9993151125610533
Gemin7,0.0007985462258325454,0.9961243958202096,0.9993151125610533
Pigp,0.000788065616450457,0.9961752612609533,0.9993151125610533
Mettl3,0.0007881342558004137,0.9961749281342095,0.9993151125610533
C78228,0.0008498965437799008,0.9958751780286009,0.9993151125610533
Morc1,0.000793268684006411,0.996150009261414,0.9993151125610533
Haus8,-0.000860124889113067,0.995825536984372,0.9993151125610533
Hyou1,-0.0007404715841760617,0.9964062490970726,0.9993218204319905
4930429B21Rik,0.0007362868277293166,0.9964265589643497,0.9993218204319905
Gspt1,0.0007266578395132998,0.9964732913151804,0.9993218204319905
Hnrnpd,-0.0007235700938179746,0.9964882770680559,0.9993218204319905
Lsm8,0.0006575134167482106,0.9968088701328797,0.9994382480656075
Klrk1,-0.0006365237847829336,0.9969107392767222,0.9994382480656075
Chmp4c,-0.0006691617357375598,0.9967523372763833,0.9994382480656075
Phxr1,-0.0006520673865154193,0.9968353013891769,0.9994382480656075
Mecr,-0.0005700184847455491,0.9972335102642444,0.9995596294051866
Bpnt1,-0.0005648217137733449,0.9972587318346295,0.9995596294051866
Dpy30,0.000564227635625847,0.9972616150836175,0.9995596294051866
Galt,-0.0004397480420606081,0.9978657545604767,0.9995793244396058
Gorasp2,0.0004347730738329693,0.9978898997057855,0.9995793244396058
Rtn4r,0.0004798429791537711,0.9976711608056824,0.9995793244396058
Plekha3,-0.0005191994452621424,0.9974801512142062,0.9995793244396058
Tmco6,0.0005174985199292564,0.9974884063493836,0.9995793244396058
P2rx6,-0.0004977553506452245,0.9975842262883952,0.9995793244396058
Klrb1a,-0.0004339115974364962,0.9978940807322205,0.9995793244396058
Cetn1,-0.00048077326978437977,0.9976666458045115,0.9995793244396058
Slfn4,-0.00038486535351962896,0.9981321182639421,0.9995930321665538
Mpv17l,-0.0003837411365294984,0.998137574460127,0.9995930321665538
Oxsm,-0.0003842202684758409,0.9981352490746083,0.9995930321665538
Oraov1,-0.00035530543585846644,0.9982755823287898,0.9996545218178481
Wnt4,0.00029749363467914417,0.9985561622799742,0.9998587600975587
Xylt2,-7.968113658568205e-05,0.9996132801824169,0.9999656422829204
Mbtps1,-0.0001282289068408609,0.9993776612790564,0.9999656422829204
Ing4,0.00018979936137836442,0.9990788389170611,0.9999656422829204
Cwh43,9.313254191659787e-05,0.9995479959160989,0.9999656422829204
Cdh2,1.1421532896197728e-05,0.9999445673911913,0.9999656422829204
Rundc3a,0.00016199574439237352,0.9992137793166253,0.9999656422829204
Ubap2l,-0.0001549738184480373,0.9992478591123539,0.9999656422829204
Nr2c1,-0.00021977028125795786,0.9989333798874278,0.9999656422829204
Loxl4,2.58009268423254e-05,0.9998747792705924,0.9999656422829204
Tmlhe,9.321838159959383e-05,0.999547579306795,0.9999656422829204
Acadsb,0.00015396378243275185,0.9992527611608931,0.9999656422829204
Ei24,2.9195034558771075e-05,0.9998583065042197,0.9999656422829204
Pla2g4a,-2.593749058715581e-05,0.9998741164799992,0.9999656422829204
Gtf3c5,7.079186856215097e-06,0.9999656422829204,0.9999656422829204
D8Ertd28e,-0.00014139260665942664,0.9993137733575257,0.9999656422829204
Padi3,0.00019336390781937192,0.9990615389637979,0.9999656422829204
Gck,3.13822338055638e-05,0.9998476912777405,0.9999656422829204
