"bootstrap","module","mean_3m","mean_12m","mean_24m","delta_24m_minus_3m"
1,"Homeostatic",-0.240001473989406,0.00629808649342631,-0.169471475485954,0.0705299985034521
1,"MHCII",-0.182927969049449,0.543626218480387,-0.48909620310179,-0.306168234052342
1,"Complement",-0.312397443175017,0.478883373355164,-0.517098131377422,-0.204700688202405
1,"Phagocytic",-0.106427477157119,0.203265444111905,-0.228161760927569,-0.12173428377045
1,"Interferon",-0.107061930390486,0.16560863864062,-0.195124868849854,-0.0880629384593679
1,"APP_CD74",0.461413971390387,0.873456712379336,0.355498343369121,-0.105915628021266
1,"PTPRC_MRC1",0.294673493562397,0.537060458663423,-0.00857632107900254,-0.303249814641399
2,"Homeostatic",-0.126051917651506,0.0671077861132632,-0.163113767383192,-0.0370618497316858
2,"MHCII",-0.175127464342414,0.00955782682327181,-0.417262722581609,-0.242135258239196
2,"Complement",-0.147091955060034,0.331894947992768,-0.526061242762513,-0.37896928770248
2,"Phagocytic",-0.0122503353519253,-0.0229318876353271,-0.24581455791331,-0.233564222561384
2,"Interferon",-0.141560389014092,-0.0115619270565209,-0.112383139146847,0.029177249867245
2,"APP_CD74",0.771694801070787,0.792076631290529,0.133727859431076,-0.637966941639711
2,"PTPRC_MRC1",0.694684044435886,0.595174440699071,0.251235149512785,-0.443448894923101
3,"Homeostatic",-0.151052892497824,-0.072659143679853,-0.0902854202227111,0.0607674722751133
3,"MHCII",-0.320628700125257,0.296580575570879,-0.449679056519764,-0.129050356394508
3,"Complement",-0.22818420671851,0.0988720575589918,-0.680383122554638,-0.452198915836128
3,"Phagocytic",-0.0900931612128283,0.0401929355049976,-0.206237432154015,-0.116144270941186
3,"Interferon",-0.0722307065053756,0.0119305862787241,-0.161282686495059,-0.0890519799896834
3,"APP_CD74",0.582203220800264,0.795306174292072,0.256856388636693,-0.32534683216357
3,"PTPRC_MRC1",0.248026432711275,0.521706712479263,0.248272611452871,0.000246178741595632
4,"Homeostatic",-0.12596349803528,0.0402365984376264,-0.244211278622587,-0.118247780587307
4,"MHCII",-0.457574012529548,0.00435587877854086,-0.343185263380114,0.114388749149434
4,"Complement",-0.0566315327159513,0.129766837537928,-0.542156483810334,-0.485524951094382
4,"Phagocytic",-0.0842453099101637,-0.0511525969990095,-0.236463848977269,-0.152218539067106
4,"Interferon",0.00168202084472411,0.0780329080905906,-0.0769250612796632,-0.0786070821243873
4,"APP_CD74",0.553586885225299,0.695707963018105,0.160236211368601,-0.393350673856698
4,"PTPRC_MRC1",0.536976486399147,0.0988607370380288,-0.128623950602248,-0.665600437001395
5,"Homeostatic",-0.224613467337651,0.27233891867901,-0.131562609682121,0.0930508576555301
5,"MHCII",-0.316737259700853,0.540988160315537,-0.471211350691217,-0.154474090990363
5,"Complement",-0.268941271549267,0.183744471691018,-0.594968428603627,-0.32602715705436
5,"Phagocytic",-0.0385334087901668,0.114839448834414,-0.174057073978827,-0.135523665188661
5,"Interferon",-0.066191597846,0.0769363993661285,-0.0898749244911798,-0.0236833266451799
5,"APP_CD74",0.715586916955976,0.843913625506075,0.0426474537401488,-0.672939463215827
5,"PTPRC_MRC1",0.453349021205716,0.795011931484906,0.165906408183731,-0.287442613021985
6,"Homeostatic",-0.225327519040433,0.0477976899347595,-0.165984862739102,0.0593426563013319
6,"MHCII",-0.656672843234866,0.0146130570679938,-0.336773903466331,0.319898939768536
6,"Complement",-0.252458263404644,0.260819562400451,-0.591750432270857,-0.339292168866213
6,"Phagocytic",-0.111582264208529,0.1057301065605,-0.301120733710024,-0.189538469501495
6,"Interferon",-0.163810916674012,0.0295945571628717,-0.138264347979108,0.0255465686949039
6,"APP_CD74",0.408418658306009,0.575533843395379,0.263055708249106,-0.145362950056904
6,"PTPRC_MRC1",0.141885312803469,0.38835948916326,0.102551451919762,-0.0393338608837077
7,"Homeostatic",-0.310568386936424,-0.075986053862476,-0.174745448626874,0.13582293830955
7,"MHCII",-0.614703958968046,0.783637759522682,-0.513414134993649,0.101289823974397
7,"Complement",-0.241672478047333,0.614040706846169,-0.669153518706545,-0.427481040659212
7,"Phagocytic",-0.149975692673165,0.0813100261756516,-0.281982426337737,-0.132006733664572
7,"Interferon",-0.143417249555558,0.0585112369077975,-0.0966969457364224,0.046720303819136
7,"APP_CD74",0.462641823993661,0.973916960832138,0.126350238392229,-0.336291585601432
7,"PTPRC_MRC1",0.208241617298126,0.681615476597941,-0.158627389312606,-0.366869006610732
8,"Homeostatic",-0.200189062528839,0.325210137544418,-0.247177518611576,-0.0469884560827378
8,"MHCII",-0.389554677482599,0.451750549751029,-0.44846582067733,-0.0589111431947311
8,"Complement",-0.288333065707912,0.392994636483738,-0.444267821742706,-0.155934756034794
8,"Phagocytic",-0.171444321724244,0.213776778689827,-0.22649913394085,-0.0550548122166058
8,"Interferon",-0.105070287918417,0.159196507642291,-0.0986815017340263,0.0063887861843909
8,"APP_CD74",0.573554925636028,0.867171336499202,0.140080289416394,-0.433474636219634
8,"PTPRC_MRC1",0.0150787593834508,0.74963946370127,0.0724643330474557,0.0573855736640049
9,"Homeostatic",-0.125551415654393,-0.0449537807699181,-0.268979300553464,-0.143427884899071
9,"MHCII",-0.38631924081207,0.0841278259472897,-0.437364684038707,-0.0510454432266378
9,"Complement",-0.146482035071351,0.30919579561232,-0.644631161625928,-0.498149126554578
9,"Phagocytic",-0.0334768557641814,0.109869113134635,-0.300331249382339,-0.266854393618157
9,"Interferon",-0.091059637390374,0.0397864548953171,-0.11660475948668,-0.0255451220963059
9,"APP_CD74",0.703289641366282,0.689233726813669,0.162781287408526,-0.540508353957756
9,"PTPRC_MRC1",0.0639037898272625,0.600446570128172,0.0495785363593439,-0.0143252534679187
10,"Homeostatic",-0.14851928061362,-0.0399658909944154,-0.120402946466966,0.0281163341466533
10,"MHCII",-0.445727415327538,0.338417937866235,-0.424820192669897,0.0209072226576416
10,"Complement",-0.0497718918202119,0.279907839033398,-0.619256272650087,-0.569484380829875
10,"Phagocytic",-0.0481362979270639,0.00148963834365996,-0.274461371371226,-0.226325073444162
10,"Interferon",-0.178705857696774,0.102051552458769,-0.0942582456427877,0.0844476120539866
10,"APP_CD74",0.444657544105796,1.00403681337616,0.285760445348657,-0.158897098757139
10,"PTPRC_MRC1",0.140621897719298,0.428556872823348,0.398190216100501,0.257568318381203
11,"Homeostatic",-0.0710543154740539,-0.108163552888148,-0.194846719747864,-0.123792404273811
11,"MHCII",-0.326977421227291,0.234187471433434,-0.545710481466436,-0.218733060239145
11,"Complement",-0.335709640166099,0.254522102163666,-0.586532358706549,-0.25082271854045
11,"Phagocytic",-0.256229043248135,0.102084048766827,-0.340476803359986,-0.0842477601118503
11,"Interferon",-0.155174580218447,0.169414678351076,-0.141990513782266,0.013184066436181
11,"APP_CD74",0.636023989178162,0.765600919931004,0.130316633704003,-0.505707355474159
11,"PTPRC_MRC1",0.102831831374891,0.199336324241408,-0.252145627166624,-0.354977458541516
12,"Homeostatic",-0.330278646423814,0.230027425666408,-0.113662390978233,0.216616255445581
12,"MHCII",-0.0843248057176254,0.367968203369,-0.296681347320027,-0.212356541602402
12,"Complement",-0.493894081435148,0.71333775341316,-0.656061043476362,-0.162166962041214
12,"Phagocytic",-0.210789507632567,0.223283863177112,-0.284219992455525,-0.0734304848229582
12,"Interferon",-0.160034706012377,0.0959020127201896,-0.0760063837079046,0.0840283223044726
12,"APP_CD74",0.627496538614507,1.27150737920597,0.361835705332799,-0.265660833281708
12,"PTPRC_MRC1",-0.0321385493464511,0.720104870251905,-0.0793789201349843,-0.0472403707885331
13,"Homeostatic",-0.274935293620535,-0.106086007489441,-0.160812436628621,0.114122856991914
13,"MHCII",-0.49553398090105,0.0388369624454411,-0.365753388936449,0.1297805919646
13,"Complement",-0.229098679490948,0.386165019211701,-0.54195487937004,-0.312856199879092
13,"Phagocytic",-0.0877296321667461,0.141979719773515,-0.140953361696965,-0.0532237295302188
13,"Interferon",-0.0790835379590126,0.0148319733713716,-0.126392816582875,-0.0473092786238626
13,"APP_CD74",0.389095371715331,0.746327786676236,0.321436762308551,-0.06765860940678
13,"PTPRC_MRC1",0.584526053459439,0.306687372078722,-0.00533047743774481,-0.589856530897184
14,"Homeostatic",-0.210174378676246,0.156717109276098,-0.260518899068282,-0.0503445203920352
14,"MHCII",-0.403184709407618,0.333361334181137,-0.497652078863205,-0.0944673694555865
14,"Complement",-0.154333947500976,0.801078828057919,-0.606624228643129,-0.452290281142153
14,"Phagocytic",-0.06322424259871,0.192689446139898,-0.372424418120905,-0.309200175522195
14,"Interferon",-0.154117847651413,0.161514439311987,-0.123275835184104,0.0308420124673091
14,"APP_CD74",0.508229775158444,1.1393176822045,0.158883747398409,-0.349346027760035
14,"PTPRC_MRC1",0.31170315654034,0.406953002843187,0.30457318481716,-0.00712997172317981
15,"Homeostatic",-0.257182654431546,0.0269606182492901,-0.173293956127955,0.0838886983035906
15,"MHCII",-0.685753725671324,0.0345061298467408,-0.497754768236837,0.187998957434487
15,"Complement",-0.172197455406339,-0.00987956374347968,-0.653244375956437,-0.481046920550098
15,"Phagocytic",-0.0971684549870857,-0.0469897840430839,-0.255552811050477,-0.158384356063392
15,"Interferon",-0.117567076587619,0.0440837822434948,-0.143515913869657,-0.0259488372820374
15,"APP_CD74",0.391709963575536,0.593345628926926,0.124016635807943,-0.267693327767592
15,"PTPRC_MRC1",0.154594004369772,0.252858073341403,-0.221629759825629,-0.3762237641954
16,"Homeostatic",-0.253807733986843,0.250184956311742,-0.123412746824278,0.130394987162565
16,"MHCII",-0.0723317771916367,0.572158059966432,-0.399587951762513,-0.327256174570877
16,"Complement",-0.343456935048714,0.487223680856673,-0.479601302255111,-0.136144367206398
16,"Phagocytic",-0.196624774060161,0.0697667671198273,-0.0891545852545815,0.107470188805579
16,"Interferon",-0.0684170781877563,0.0763738914134141,-0.0253642644630652,0.0430528137246911
16,"APP_CD74",0.746839665947996,0.929691491046064,-0.0987749150153498,-0.845614580963346
16,"PTPRC_MRC1",0.320062331883049,0.62004886387227,0.12916347240618,-0.190898859476869
17,"Homeostatic",-0.28715130630102,-0.0624779204919522,-0.12086774239784,0.16628356390318
17,"MHCII",-0.279299963350016,0.0150602554203506,-0.420028254374416,-0.1407282910244
17,"Complement",-0.254552270633486,-0.185888675448214,-0.567309723168457,-0.31275745253497
17,"Phagocytic",-0.150022505472665,0.00527009107033337,-0.250218871973502,-0.100196366500837
17,"Interferon",-0.0784898075706656,0.10509647356627,-0.102926922741073,-0.0244371151704072
17,"APP_CD74",0.610598317012605,0.676730881778559,0.259788147193998,-0.350810169818607
17,"PTPRC_MRC1",0.763143124080223,0.580795838313392,-0.0809410425562524,-0.844084166636475
18,"Homeostatic",-0.0920751693762097,0.018630181744271,-0.0833148558661295,0.00876031351008018
18,"MHCII",-0.391994569027431,0.293016792139074,-0.337435942362588,0.054558626664843
18,"Complement",-0.346391410443417,0.362159983386932,-0.642882678802968,-0.296491268359551
18,"Phagocytic",-0.240238567726532,0.0823421258110638,-0.165901203332548,0.0743373643939837
18,"Interferon",-0.0940470711221363,0.200045947056552,-0.110690326532195,-0.0166432554100585
18,"APP_CD74",0.712633375904223,0.811082248882736,0.0247732859811343,-0.687860089923089
18,"PTPRC_MRC1",0.0700498358963832,0.457956243798655,0.218878951889972,0.148829115993589
19,"Homeostatic",-0.253124276961215,-0.0469413251048431,-0.105718609349751,0.147405667611464
19,"MHCII",-0.611051444344208,-0.081676490109721,-0.478275324796561,0.132776119547647
19,"Complement",0.123534346979764,-0.0140749207375123,-0.68828520273733,-0.811819549717094
19,"Phagocytic",0.207272958143059,-0.0850466962258452,-0.275756278106448,-0.483029236249507
19,"Interferon",-0.138092173246953,-0.00187257278664263,-0.0987900163516804,0.0393021568952724
19,"APP_CD74",0.426720493448332,0.547018045915503,0.33053958112005,-0.0961809123282825
19,"PTPRC_MRC1",0.459176350772695,0.373696076655403,-0.240261037021545,-0.69943738779424
20,"Homeostatic",-0.198516953026914,0.0933394594124329,-0.104771509309576,0.0937454437173386
20,"MHCII",-0.509628535894304,-0.0521914685073903,-0.460872819247035,0.0487557166472691
20,"Complement",-0.282115258087765,0.379676947075502,-0.61650271494918,-0.334387456861415
20,"Phagocytic",-0.066531086209314,0.0744674639208748,-0.300497006751567,-0.233965920542253
20,"Interferon",-0.0578500376098379,0.0298865342806947,-0.0946799338398297,-0.0368298962299918
20,"APP_CD74",0.466467661003283,0.922661976733604,0.212191914791873,-0.25427574621141
20,"PTPRC_MRC1",0.388414750314783,0.610745467895548,0.0788020336612901,-0.309612716653493
21,"Homeostatic",-0.232746550013383,0.0446498925213847,-0.133178870712768,0.0995676793006148
21,"MHCII",-0.408519322828928,0.592121243328353,-0.452775391182641,-0.0442560683537131
21,"Complement",-0.0186965555991649,0.902305980167533,-0.629227707368357,-0.610531151769192
21,"Phagocytic",-0.0122140503116802,0.0953313024117772,-0.249914939810345,-0.237700889498665
21,"Interferon",-0.0931981535687242,0.281556718373278,-0.126021023234183,-0.0328228696654592
21,"APP_CD74",0.627786980218294,1.07730830926594,-0.0381109068757881,-0.665897887094082
21,"PTPRC_MRC1",0.251536951691125,0.311902487152217,0.0625611913819377,-0.188975760309187
22,"Homeostatic",-0.039119391803555,-0.0884188729476405,-0.227418580782337,-0.188299188978782
22,"MHCII",-0.116314097754083,0.112233658756379,-0.500198432630916,-0.383884334876832
22,"Complement",-0.370217563128835,0.353169064271817,-0.65516677738304,-0.284949214254205
22,"Phagocytic",-0.11083376385509,-0.0194308024282179,-0.214865818643936,-0.104032054788846
22,"Interferon",-0.0741568264817062,0.108378200900088,-0.0658494927271213,0.00830733375458487
22,"APP_CD74",0.712008388194583,0.755756820198375,0.0900745363584416,-0.621933851836141
22,"PTPRC_MRC1",-0.0204225684573968,0.467963366054318,-0.130550496296542,-0.110127927839145
23,"Homeostatic",-0.174567559576178,-0.0944184126493485,-0.114044769294875,0.0605227902813035
23,"MHCII",-0.367453020649763,0.250441467663603,-0.500993345192226,-0.133540324542463
23,"Complement",0.067386434948273,0.211023620649609,-0.703516795706117,-0.77090323065439
23,"Phagocytic",-0.0943980897537907,0.0935370080458913,-0.250686617387089,-0.156288527633299
23,"Interferon",-0.101086822456722,0.102514792338595,-0.0681971044537817,0.0328897180029403
23,"APP_CD74",0.620586652067002,0.996571809548575,0.0780602598203337,-0.542526392246669
23,"PTPRC_MRC1",0.419313808072118,0.262843218499092,0.17728445712311,-0.242029350949008
24,"Homeostatic",-0.0976482300198493,0.0503565669352166,-0.085834422553442,0.0118138074664073
24,"MHCII",-0.302889542926958,0.286551340899884,-0.483292358152843,-0.180402815225885
24,"Complement",-0.338040437340288,0.244970012245178,-0.588201444780335,-0.250161007440047
24,"Phagocytic",0.076411267942293,0.110092101663262,-0.125309913980812,-0.201721181923105
24,"Interferon",-0.0955779583217035,0.0276221560532437,-0.105635733399346,-0.0100577750776427
24,"APP_CD74",0.495672883196027,0.771312337285565,0.0333280503583868,-0.46234483283764
24,"PTPRC_MRC1",-0.010015651749238,0.615807180604182,0.534835355833912,0.54485100758315
25,"Homeostatic",-0.188150000788025,0.0627511913533498,-0.276449664973037,-0.0882996641850121
25,"MHCII",-0.257086903436942,0.311452387243501,-0.226657824255472,0.03042907918147
25,"Complement",-0.137537234047027,0.352708332695417,-0.616136929723784,-0.478599695676758
25,"Phagocytic",-0.0249500127932915,0.169050998244868,-0.289231233140206,-0.264281220346914
25,"Interferon",-0.10037463975706,0.0592908525188619,-0.105166481187186,-0.00479184143012579
25,"APP_CD74",0.623084037039659,0.872059235302424,0.363756559436915,-0.259327477602743
25,"PTPRC_MRC1",0.231136417661997,0.865069324473421,0.666531515918994,0.435395098256997
26,"Homeostatic",-0.326293560039463,0.289404441910914,-0.194927365307391,0.131366194732072
26,"MHCII",-0.167592850714888,0.422779980172847,-0.613166891227028,-0.44557404051214
26,"Complement",-0.013052290404595,0.410433200008726,-0.615817336745007,-0.602765046340412
26,"Phagocytic",-0.0666436038499678,0.0896659317149968,-0.268330506779569,-0.201686902929601
26,"Interferon",-0.142891257322661,0.123664114028249,-0.173515359277526,-0.0306241019548647
26,"APP_CD74",0.636880507034454,0.906614607577897,0.176114254434843,-0.46076625259961
26,"PTPRC_MRC1",0.168794306953478,0.68772427405474,-0.101038979628244,-0.269833286581722
27,"Homeostatic",-0.22129540013507,-0.0776460992614495,-0.249095636473202,-0.0278002363381317
27,"MHCII",-0.537307196678641,0.160670419741874,-0.533065662270902,0.00424153440773867
27,"Complement",-0.123896032994103,0.323327916415743,-0.628582329823627,-0.504686296829524
27,"Phagocytic",-0.170722776519316,-0.0321007163308376,-0.307329583591679,-0.136606807072362
27,"Interferon",-0.116552533014372,-0.0493987260587509,-0.166793526516328,-0.0502409935019556
27,"APP_CD74",0.55694736972975,0.716560303791609,0.188426092373537,-0.368521277356213
27,"PTPRC_MRC1",0.28087250903677,0.330908787988478,-0.240517859526587,-0.521390368563357
28,"Homeostatic",-0.0838781721347586,0.0713897973602537,-0.161161959239512,-0.0772837871047535
28,"MHCII",-0.508405901036757,0.00447915721820187,-0.247475041982426,0.260930859054331
28,"Complement",0.00117785701091033,0.167819834113416,-0.574681690302257,-0.575859547313168
28,"Phagocytic",-0.134114457350718,0.0316833272452026,-0.293623953600368,-0.15950949624965
28,"Interferon",-0.112353086709795,0.130483047843386,-0.104057573878583,0.00829551283121181
28,"APP_CD74",0.480503372980315,0.408447718887603,0.2767687014118,-0.203734671568515
28,"PTPRC_MRC1",0.202422913723771,0.463525820713978,-0.0220452815822885,-0.22446819530606
29,"Homeostatic",-0.18835063202292,0.0571380675844741,-0.3236595337691,-0.135308901746179
29,"MHCII",-0.323578734368875,0.487187406252663,-0.502698470576883,-0.179119736208008
29,"Complement",-0.0336015797613741,0.384609444974863,-0.535187412531406,-0.501585832770032
29,"Phagocytic",-0.0138498266767773,0.143410062230933,-0.256944387270151,-0.243094560593374
29,"Interferon",-0.0687053014554157,0.187457861758285,-0.109356643395149,-0.0406513419397335
29,"APP_CD74",0.597944289278417,0.81792171130154,0.146439179904499,-0.451505109373918
29,"PTPRC_MRC1",0.439235364084569,0.425854137635527,-0.143228471791061,-0.582463835875629
30,"Homeostatic",-0.211502624417981,0.154718599717311,-0.149956077180155,0.0615465472378267
30,"MHCII",-0.445192282182525,0.459262622784344,-0.273351307944049,0.171840974238476
30,"Complement",0.117317680401963,0.272600089527647,-0.572580709825348,-0.689898390227311
30,"Phagocytic",-0.0219891901505619,0.00962314424404115,-0.260662314655878,-0.238673124505317
30,"Interferon",-0.0216470821646624,0.0670367681365339,-0.124167664873863,-0.1025205827092
30,"APP_CD74",0.744366544458339,0.851787610643444,0.214132636276016,-0.530233908182324
30,"PTPRC_MRC1",0.534653267165125,0.647656993206085,0.256173209079628,-0.278480058085497
31,"Homeostatic",-0.0960169319181943,0.0259173464000776,-0.36999305101496,-0.273976119096766
31,"MHCII",-0.309883429593184,0.0733787893709383,-0.43655947895906,-0.126676049365876
31,"Complement",-0.316120256413564,0.590646547071745,-0.724668648765909,-0.408548392352346
31,"Phagocytic",-0.206720210411261,0.13241034875746,-0.32325727013498,-0.116537059723719
31,"Interferon",-0.0792237867494498,0.148480838530449,-0.117088499755045,-0.0378647130055956
31,"APP_CD74",0.505782524905566,0.823737479073998,0.320803042658951,-0.184979482246615
31,"PTPRC_MRC1",0.335407229015553,0.619445098090575,-0.201020994914547,-0.5364282239301
32,"Homeostatic",-0.0392628765105334,0.0881830034299687,-0.161264409376898,-0.122001532866364
32,"MHCII",-0.276533709516757,0.378201176385329,-0.405929872494638,-0.129396162977882
32,"Complement",-0.381963173789511,0.515719238563985,-0.643536142211736,-0.261572968422225
32,"Phagocytic",-0.00117885815277624,0.0875385062866598,-0.222242845794301,-0.221063987641524
32,"Interferon",-0.0756036352701418,0.0952337080949721,-0.104195569713104,-0.0285919344429618
32,"APP_CD74",0.618238951501417,1.08963324274693,0.110986968101203,-0.507251983400214
32,"PTPRC_MRC1",0.0234345808817168,0.491533047534282,0.394627690516677,0.37119310963496
33,"Homeostatic",-0.138482030094617,-0.114871973034322,-0.048986958800214,0.0894950712944027
33,"MHCII",-0.530446170928402,0.433633859356735,-0.308350678357441,0.222095492570962
33,"Complement",-0.0186566916483307,0.12704544118879,-0.65201778526682,-0.63336109361849
33,"Phagocytic",-0.210280391116152,-0.0132995498557174,-0.215436750665173,-0.00515635954902149
33,"Interferon",-0.0320632863159876,0.0155219263554938,-0.0423260599671749,-0.0102627736511873
33,"APP_CD74",0.553317710536389,0.613158978354889,0.119375980265577,-0.433941730270812
33,"PTPRC_MRC1",0.300802404072874,0.452519249477839,0.505051675753072,0.204249271680198
34,"Homeostatic",-0.195849845502251,0.0445046442996391,-0.184307573136373,0.0115422723658778
34,"MHCII",-0.37208378163525,0.540925873795363,-0.406025467796374,-0.033941686161124
34,"Complement",-0.286719581530769,0.305251688655617,-0.593947749151304,-0.307228167620534
34,"Phagocytic",-0.20415506388165,0.0662481236706775,-0.246847740418461,-0.042692676536811
34,"Interferon",-0.110741649832665,0.036545841642669,-0.150389640554452,-0.0396479907217868
34,"APP_CD74",0.594782533003505,0.641567994295845,0.186286650696109,-0.408495882307396
34,"PTPRC_MRC1",0.271783210010884,0.245884313139069,-0.0125809353173535,-0.284364145328237
35,"Homeostatic",-0.210856970350501,0.254796150422996,-0.181479955744649,0.0293770146058518
35,"MHCII",-0.374933532168395,0.589453475599177,-0.406248137467098,-0.0313146052987034
35,"Complement",-0.33511839775846,0.208379119718661,-0.527624483386188,-0.192506085627727
35,"Phagocytic",-0.100748342247106,0.109483047055228,-0.196910086983298,-0.0961617447361921
35,"Interferon",-0.0682368677751968,0.0861159797302749,-0.103905007144582,-0.0356681393693853
35,"APP_CD74",0.52370536576798,1.06032848644512,0.144988571855501,-0.378716793912478
35,"PTPRC_MRC1",0.580143900184396,0.490905285016381,-0.106497739823446,-0.686641640007843
36,"Homeostatic",-0.148003792105805,0.116123965119946,-0.10732707375291,0.0406767183528945
36,"MHCII",-0.138984891709523,0.489483415645528,-0.474040615364272,-0.33505572365475
36,"Complement",-0.239951422019669,0.551238546895197,-0.597954183849232,-0.358002761829563
36,"Phagocytic",-0.267338048802363,-0.0266963574073696,-0.265385406947642,0.00195264185472055
36,"Interferon",-0.150919793413787,0.0742007014181701,-0.0708138077286359,0.080105985685151
36,"APP_CD74",0.760582853442821,0.973743181846979,0.0481804055089655,-0.712402447933856
36,"PTPRC_MRC1",0.501212643511612,0.706852379128741,-0.0132447654959249,-0.514457409007537
37,"Homeostatic",-0.257819868699248,-0.0328876576853147,0.0724343085606049,0.330254177259853
37,"MHCII",-0.686746480929327,0.39334321608264,-0.45329239471672,0.233454086212607
37,"Complement",0.204174229572202,0.025922128552479,-0.497354968429671,-0.701529198001873
37,"Phagocytic",-0.251995369522928,0.0124222705070106,-0.0409317847281971,0.211063584794731
37,"Interferon",-0.117598902342467,0.0612353594203341,-0.0673292974423418,0.0502696049001252
37,"APP_CD74",0.428475028243829,0.700717986843607,-0.00343892454688402,-0.431913952790713
37,"PTPRC_MRC1",0.845650105598816,0.442582600768032,0.402388575494748,-0.443261530104068
38,"Homeostatic",-0.248905933295253,0.0384449462664707,-0.213420332812145,0.0354856004831084
38,"MHCII",-0.263988509999218,0.750548875530293,-0.420018684588163,-0.156030174588945
38,"Complement",-0.148242479231325,0.565883785234509,-0.629440261115461,-0.481197781884136
38,"Phagocytic",-0.063450075172701,0.0897635261770041,-0.28296405720987,-0.219513982037169
38,"Interferon",-0.100446886489995,0.0439422582316701,-0.125693609003599,-0.0252467225136041
38,"APP_CD74",0.625607406373509,1.10217441517826,0.21050067153675,-0.415106734836759
38,"PTPRC_MRC1",-0.071617538350068,0.47577999041364,0.142252703163033,0.213870241513101
39,"Homeostatic",-0.157784933744449,0.0209000711693482,-0.185264049492238,-0.0274791157477893
39,"MHCII",-0.334372847911319,-0.130155345984016,-0.403848440299502,-0.0694755923881829
39,"Complement",0.00487408563550264,0.489804241596163,-0.620304753517275,-0.625178839152778
39,"Phagocytic",-0.130093422824206,0.154877820217131,-0.171870882135594,-0.0417774593113887
39,"Interferon",0.0154332255593159,0.0914450931883121,-0.0108351405019416,-0.0262683660612575
39,"APP_CD74",0.581122180957898,0.547757922089895,-0.123995576774713,-0.705117757732612
39,"PTPRC_MRC1",0.809828219207991,0.345618241188444,0.363332677208594,-0.446495541999397
40,"Homeostatic",-0.173023030590319,0.0837821370301573,-0.282769295499904,-0.109746264909586
40,"MHCII",-0.4838481307224,0.480409450547314,-0.547867790997127,-0.0640196602747274
40,"Complement",-0.25361472224172,0.275071943656182,-0.59285087758935,-0.33923615534763
40,"Phagocytic",-0.0809909272863412,0.0274550043177134,-0.266758496105801,-0.18576756881946
40,"Interferon",-0.139048033666629,0.123400451556309,-0.139804085563724,-0.000756051897095267
40,"APP_CD74",0.545903618097663,1.17549048248171,0.141619225275906,-0.404284392821757
40,"PTPRC_MRC1",0.236171790070879,0.330046012144424,0.204303854100332,-0.0318679359705462
41,"Homeostatic",-0.199955711967575,0.205674345178437,-0.223808801434116,-0.0238530894665417
41,"MHCII",-0.409634001739303,0.499388746401792,-0.511442994392303,-0.101808992653001
41,"Complement",-0.227516680803783,0.657828624800619,-0.650372352894966,-0.422855672091183
41,"Phagocytic",-0.162098596320638,0.0569759331051153,-0.294008050962029,-0.131909454641391
41,"Interferon",-0.133991360132089,0.151601685457892,-0.0778073930413759,0.0561839670907131
41,"APP_CD74",0.44181729329196,0.843363642495688,-0.11697448742137,-0.55879178071333
41,"PTPRC_MRC1",0.412372053427035,0.631605176516307,0.471075003665352,0.0587029502383168
42,"Homeostatic",-0.217470080915033,0.293126885229604,-0.171655640018602,0.0458144408964306
42,"MHCII",-0.490396883200436,0.230546765458774,-0.249640314341479,0.240756568858957
42,"Complement",-0.170947353916548,0.532315429003742,-0.45910005366029,-0.288152699743742
42,"Phagocytic",-0.0262930129361488,0.0336878756129705,-0.155926393572594,-0.129633380636445
42,"Interferon",-0.0720781078207624,0.0776282761754374,-0.110891594701279,-0.0388134868805165
42,"APP_CD74",0.620000208769504,0.831393953421777,0.290441644720128,-0.329558564049376
42,"PTPRC_MRC1",0.270822759690654,0.582610821529969,0.333039121737236,0.0622163620465821
43,"Homeostatic",-0.1817960178079,-0.0561850633862659,-0.255191802589872,-0.0733957847819724
43,"MHCII",-0.327674416904432,0.0326441202216897,-0.109449525223865,0.218224891680567
43,"Complement",-0.226916286701056,0.256632132332707,-0.618611311056725,-0.391695024355669
43,"Phagocytic",-0.0382615950849629,-0.039486307854517,-0.28631709592078,-0.248055500835817
43,"Interferon",-0.0307086415605087,0.124906136302833,-0.0658919019849522,-0.0351832604244435
43,"APP_CD74",0.765727760255859,0.507316378185778,0.397741579547118,-0.367986180708742
43,"PTPRC_MRC1",0.323868665255971,0.357535222949575,-0.0169327872451828,-0.340801452501154
44,"Homeostatic",-0.0730339091767642,0.0669239184910274,-0.173989109618773,-0.100955200442009
44,"MHCII",-0.438788486978129,0.093898448062233,-0.395353599581182,0.0434348873969464
44,"Complement",-0.0681769719344539,0.161815656963011,-0.57874277243399,-0.510565800499536
44,"Phagocytic",0.0121847965282335,0.131145532497318,-0.28697103300737,-0.299155829535604
44,"Interferon",-0.134897396514377,-0.070851232694805,-0.18706181901924,-0.052164422504863
44,"APP_CD74",0.65314761370077,0.476310357197752,0.454021430128609,-0.19912618357216
44,"PTPRC_MRC1",0.0526857659068255,0.399751911450611,-0.0663313760360624,-0.119017141942888
45,"Homeostatic",-0.281379500400715,-0.0208769635422096,-0.226447526301117,0.0549319740995981
45,"MHCII",-0.16573525909917,0.127100123570823,-0.569797465651796,-0.404062206552626
45,"Complement",-0.332267874610423,0.24023189922016,-0.679899386960819,-0.347631512350396
45,"Phagocytic",-0.129209976276826,0.0781607702374061,-0.247627889625279,-0.118417913348453
45,"Interferon",-0.0966043138773873,0.00180064286053056,-0.108482713318709,-0.0118783994413215
45,"APP_CD74",0.534522114182464,0.648782213628832,0.0878802065711793,-0.446641907611285
45,"PTPRC_MRC1",-0.00472356625644831,0.391938721504471,0.531795526319002,0.53651909257545
46,"Homeostatic",-0.19713316211506,0.241998760583714,-0.327412828755054,-0.130279666639994
46,"MHCII",-0.665615666615711,0.128610825182827,-0.411293773026666,0.254321893589045
46,"Complement",-0.326798983476514,0.544425529260429,-0.521425298743732,-0.194626315267218
46,"Phagocytic",-0.195459856821971,0.083543321658598,-0.326223775860648,-0.130763919038677
46,"Interferon",-0.183537370139568,0.0995320091257422,-0.0953966366148262,0.0881407335247421
46,"APP_CD74",0.373627901973346,0.619588531517877,0.249115441325427,-0.124512460647919
46,"PTPRC_MRC1",0.149023249653229,0.671411844223977,0.142898672799873,-0.0061245768533558
47,"Homeostatic",-0.0844621327171021,0.162784003053428,-0.0949130660511898,-0.0104509333340877
47,"MHCII",-0.172763091739387,0.0728063206466891,-0.574941447055206,-0.40217835531582
47,"Complement",-0.173696731238013,0.507082672960255,-0.611242008604547,-0.437545277366535
47,"Phagocytic",-0.302343163212083,0.128640095657624,-0.209144890326503,0.0931982728855791
47,"Interferon",-0.0806090962523134,0.170169914305888,-0.139714341281154,-0.0591052450288409
47,"APP_CD74",0.610468388412071,0.93934891097037,0.016773027118928,-0.593695361293143
47,"PTPRC_MRC1",0.451340276899696,0.826610868919711,0.169524742503446,-0.28181553439625
48,"Homeostatic",-0.159278587415232,0.0622702408108042,-0.111649888119102,0.0476286992961299
48,"MHCII",-0.471811533626199,0.0209687425059221,-0.514715231146633,-0.0429036975204342
48,"Complement",-0.239161603093356,0.666724457999511,-0.668709563285003,-0.429547960191646
48,"Phagocytic",-0.154572512100414,0.211394412329177,-0.289248380688817,-0.134675868588403
48,"Interferon",-0.136895103743184,0.139664694344189,-0.0826125095615254,0.0542825941816584
48,"APP_CD74",0.620170531480349,0.659592668390367,0.228029771837813,-0.392140759642536
48,"PTPRC_MRC1",0.54079464859165,0.589620001184372,-0.224811086961098,-0.765605735552748
49,"Homeostatic",-0.0967426431582103,-0.0293628106188978,-0.20802030418734,-0.11127766102913
49,"MHCII",-0.545011288079322,0.14464014726042,-0.324635985691183,0.220375302388139
49,"Complement",-0.215600496762885,0.204871574214973,-0.640821100934802,-0.425220604171917
49,"Phagocytic",-0.185978778880437,0.0132490299865008,-0.286743958411721,-0.100765179531285
49,"Interferon",-0.0201945110578342,0.0215118104101057,-0.0969163665434747,-0.0767218554856405
49,"APP_CD74",0.592706563585416,0.93435392199893,0.216157817507359,-0.376548746078057
49,"PTPRC_MRC1",-0.0768917876337488,0.711458502648499,0.0156999557319773,0.0925917433657261
50,"Homeostatic",-0.3124744061219,0.231365123666823,-0.0479080922202415,0.264566313901658
50,"MHCII",-0.514471757454949,0.521938801011242,-0.5845314133893,-0.0700596559343506
50,"Complement",-0.087856301796322,0.502357139101906,-0.601027611404499,-0.513171309608177
50,"Phagocytic",-0.0422658728943162,0.255268251146126,-0.323906254336892,-0.281640381442576
50,"Interferon",-0.0187808800410851,0.191880368971327,-0.118538076971416,-0.0997571969303306
50,"APP_CD74",0.408061834672128,0.896857427312345,0.201666642071563,-0.206395192600565
50,"PTPRC_MRC1",0.259997413689506,0.782755810960324,0.0756083582582702,-0.184389055431236
51,"Homeostatic",-0.267032902051616,0.255028576922506,-0.127431704634701,0.139601197416914
51,"MHCII",-0.168043226707189,0.647186183144013,-0.42639686211494,-0.25835363540775
51,"Complement",-0.281466939356165,0.393831770637416,-0.492264604138068,-0.210797664781903
51,"Phagocytic",-0.0136952274848081,0.0377723996514419,-0.167291300886043,-0.153596073401235
51,"Interferon",-0.0733925699692231,0.0371184585710368,-0.0246669629743408,0.0487256069948823
51,"APP_CD74",0.716255675275496,1.02855814561728,-0.0544046223991185,-0.770660297674615
51,"PTPRC_MRC1",0.172992088558502,0.639385100135238,0.249305512825667,0.0763134242671653
52,"Homeostatic",-0.191361379235503,-0.0431136790395204,-0.231934464950483,-0.0405730857149801
52,"MHCII",-0.362734901921528,-0.0700408552414243,-0.474620057337532,-0.111885155416004
52,"Complement",-0.0819370841730395,0.24660113712354,-0.525140634046048,-0.443203549873009
52,"Phagocytic",-0.0587216886712272,-0.111673794721683,-0.168707866616432,-0.109986177945205
52,"Interferon",-0.0647743567206674,0.120581529019382,-0.0686430857804901,-0.00386872905982272
52,"APP_CD74",0.668209626104243,0.710170730993852,-0.064813372937936,-0.733022999042178
52,"PTPRC_MRC1",0.568475151956039,0.239379772385134,-0.101562990535617,-0.670038142491656
53,"Homeostatic",-0.105070332031428,0.173959197928801,-0.242776046181852,-0.137705714150424
53,"MHCII",0.20895047944237,0.0052510631026404,-0.618817520095247,-0.827767999537618
53,"Complement",-0.11165999346906,0.434436871673068,-0.486148779118539,-0.374488785649479
53,"Phagocytic",0.00804387280117336,0.165271884648911,-0.144065414986919,-0.152109287788092
53,"Interferon",-0.0887904837311162,0.149151613781327,-0.141737464818111,-0.0529469810869944
53,"APP_CD74",0.965625824739652,0.440724550756093,-0.053631198932371,-1.01925702367202
53,"PTPRC_MRC1",0.296235433837082,0.498403483778646,0.00662897002744216,-0.28960646380964
54,"Homeostatic",-0.250597205085522,0.0868112971595731,-0.124114237640355,0.126482967445167
54,"MHCII",-0.510901306879491,0.34063201482282,-0.219575680244846,0.291325626634645
54,"Complement",0.0471932916121834,0.0468350059015993,-0.475231600334549,-0.522424891946733
54,"Phagocytic",-0.250541473506149,-0.0763627258595282,-0.236120564040733,0.0144209094654153
54,"Interferon",-0.056585614601992,0.107211976425253,-0.102261704104274,-0.045676089502282
54,"APP_CD74",0.529004412258241,0.947505290131143,0.447976141191711,-0.0810282710665296
54,"PTPRC_MRC1",0.937995695584772,0.326660683974186,-0.0755976655583345,-1.01359336114311
55,"Homeostatic",-0.188390403341322,0.157812355193166,-0.173059905212712,0.01533049812861
55,"MHCII",-0.473553738275583,0.180587826191063,-0.483138394225317,-0.00958465594973407
55,"Complement",-0.21661241651161,0.290457613902815,-0.547264569834954,-0.330652153323344
55,"Phagocytic",-0.0188222929658315,0.115053602786482,-0.198488151752977,-0.179665858787145
55,"Interferon",-0.0214728507665773,-0.00768236027959257,-0.167679323113155,-0.146206472346577
55,"APP_CD74",0.449949995648426,0.734256838260591,0.11484065454287,-0.335109341105557
55,"PTPRC_MRC1",0.403392283009725,0.584014876685307,0.0612449915404187,-0.342147291469306
56,"Homeostatic",-0.248442287919712,0.142140859947012,-0.114921352622515,0.133520935297197
56,"MHCII",-0.534551559222912,0.737061569131753,-0.485665798486035,0.0488857607368774
56,"Complement",-0.284360815056209,0.611421900267071,-0.667893657141072,-0.383532842084863
56,"Phagocytic",-0.0484265006089362,0.200356745539683,-0.297996564443178,-0.249570063834241
56,"Interferon",-0.189855731080145,0.0175576367445038,-0.104615810582343,0.0852399204978018
56,"APP_CD74",0.373770281922257,0.885139358231424,0.161897526702478,-0.21187275521978
56,"PTPRC_MRC1",0.338173463761112,0.375098316624069,-0.218394570602483,-0.556568034363595
57,"Homeostatic",-0.237583478241896,-0.0553169901558876,-0.168452440498483,0.0691310377434134
57,"MHCII",-0.298571908229923,0.273584922397378,-0.55222411680643,-0.253652208576507
57,"Complement",-0.187780352576967,0.154718615471231,-0.718683186774006,-0.530902834197039
57,"Phagocytic",-0.112028403020977,-0.0135760135922978,-0.237271957296964,-0.125243554275987
57,"Interferon",-0.131335635446359,0.0111490186092096,-0.0557949553110294,0.0755406801353292
57,"APP_CD74",0.613822447882008,0.562342130595203,0.195637423669704,-0.418185024212304
57,"PTPRC_MRC1",-0.04525729270179,0.572964227499101,0.0622532220040995,0.10751051470589
58,"Homeostatic",-0.189990404835531,0.113608587129744,-0.202404654270591,-0.0124142494350596
58,"MHCII",-0.696449090358537,-0.0227216522455534,-0.359428356376605,0.337020733981932
58,"Complement",0.108342645151111,0.379031404825204,-0.50581143985963,-0.614154085010741
58,"Phagocytic",-0.225902607921678,0.159828326494194,-0.129188485737046,0.0967141221846323
58,"Interferon",-0.0143286475252272,0.203733079804996,-0.106797085166456,-0.0924684376412284
58,"APP_CD74",0.549771369939989,0.857155159125571,0.0627910958178813,-0.486980274122108
58,"PTPRC_MRC1",0.441715059131877,0.482097291216442,0.416516943065054,-0.0251981160668224
59,"Homeostatic",-0.167299219156227,0.149396411042419,-0.198270480162812,-0.0309712610065853
59,"MHCII",-0.508313077663108,-0.065573157139362,-0.535597855374313,-0.0272847777112051
59,"Complement",-0.337216181167096,0.194196937401773,-0.573758253221757,-0.236542072054661
59,"Phagocytic",-0.265582318717076,0.0577440339808673,-0.239830589573355,0.0257517291437211
59,"Interferon",-0.155283017290948,0.0483149157735439,-0.098836986258434,0.0564460310325144
59,"APP_CD74",0.549335947389943,0.100377225818212,0.245809289988679,-0.303526657401264
59,"PTPRC_MRC1",0.351009711175585,0.185093057905211,0.0261892962095527,-0.324820414966033
60,"Homeostatic",-0.270788745403536,0.194766253601918,-0.105438195620591,0.165350549782945
60,"MHCII",-0.376046391293414,0.421359464335058,-0.542721926366611,-0.166675535073197
60,"Complement",-0.389623029763433,0.521053331784413,-0.459329198813062,-0.0697061690496298
60,"Phagocytic",-0.0195672596095546,0.210040091540646,-0.210669617043133,-0.191102357433578
60,"Interferon",-0.155467535623231,0.107418464105791,-0.14191773104314,0.013549804580091
60,"APP_CD74",0.528700035229561,0.70686913824125,0.223069535852216,-0.305630499377345
60,"PTPRC_MRC1",0.171318032904982,0.491058993580374,-0.0157568396990951,-0.187074872604077
61,"Homeostatic",-0.204953154320654,-0.0411147983809446,-0.0484604571721944,0.15649269714846
61,"MHCII",-0.380590852548823,-0.020341045726625,-0.360949447820045,0.0196414047287779
61,"Complement",-0.310436724387832,0.32964297180175,-0.369070424961836,-0.0586337005740035
61,"Phagocytic",-0.0172203547203268,-0.0794286429030665,-0.0701836077659558,-0.052963253045629
61,"Interferon",-0.00675791484635449,-0.0253626232229176,-0.0197315113144339,-0.0129735964680794
61,"APP_CD74",0.741895904625784,0.595839957198829,0.190212943767475,-0.551682960858309
61,"PTPRC_MRC1",0.391752437493331,0.149121238960152,0.0754996876008916,-0.31625274989244
62,"Homeostatic",-0.194447652112058,0.181638386576223,-0.0746108481305528,0.119836803981505
62,"MHCII",-0.429836692594897,0.404504597461838,-0.274408282743932,0.155428409850965
62,"Complement",-0.171256336769659,0.154148069960891,-0.672539375809605,-0.501283039039946
62,"Phagocytic",-0.083190872521225,0.0351673187360576,-0.255205190555009,-0.172014318033784
62,"Interferon",-0.0698696022916552,0.0525300973926277,-0.0269272479009254,0.0429423543907298
62,"APP_CD74",0.704051294891086,0.81733771813249,0.284243987584512,-0.419807307306575
62,"PTPRC_MRC1",0.232821450041859,0.401063977039118,0.137439016758255,-0.0953824332836037
63,"Homeostatic",-0.293040472457557,0.0673268752207098,0.08557115490997,0.378611627367527
63,"MHCII",-0.444677007732697,0.283883115870834,-0.33209459905988,0.112582408672817
63,"Complement",-0.385681930470446,0.30719803449996,-0.611825693563052,-0.226143763092606
63,"Phagocytic",-0.0610675899200574,0.0767764950873444,-0.114310720633895,-0.0532431307138375
63,"Interferon",-0.103887001678745,0.0535752962691657,-0.0189326564843712,0.0849543451943742
63,"APP_CD74",0.526402053382775,0.532840855728256,0.116911782268374,-0.409490271114401
63,"PTPRC_MRC1",0.237229681569635,0.54543625294563,0.482497700090895,0.24526801852126
64,"Homeostatic",-0.133706176783254,-0.0181009835740434,-0.0149949630826771,0.118711213700577
64,"MHCII",-0.380059129107844,0.325036783728347,-0.354683285206033,0.0253758439018106
64,"Complement",-0.228056386984104,0.263544474472967,-0.566848620631689,-0.338792233647585
64,"Phagocytic",-0.05806305520629,0.104347101013502,-0.205513773786654,-0.147450718580364
64,"Interferon",-0.00190889451763462,0.0117617620610439,-0.0650224120487267,-0.0631135175310921
64,"APP_CD74",0.830380818848904,0.84386639214941,0.0748368848774063,-0.755543933971497
64,"PTPRC_MRC1",0.283237397690479,0.686594656666925,0.103925555969875,-0.179311841720605
65,"Homeostatic",-0.275777565716759,0.0604010876853137,-0.128540678352227,0.147236887364533
65,"MHCII",-0.444012390034177,-0.0597787081616777,-0.486952036466729,-0.0429396464325521
65,"Complement",0.0646257896491649,0.195627344559711,-0.607162991429797,-0.671788781078962
65,"Phagocytic",-0.0424573996708507,0.133027168929511,-0.221816844989967,-0.179359445319116
65,"Interferon",-0.0401907591678939,-0.0256826465194354,-0.0958827954557981,-0.0556920362879042
65,"APP_CD74",0.516050985629637,0.398869366377825,0.187987937838224,-0.328063047791413
65,"PTPRC_MRC1",0.467695761264101,0.442951963884322,-0.213302945330766,-0.680998706594868
66,"Homeostatic",-0.266129834340504,-0.0800892776232833,-0.110234095482932,0.155895738857571
66,"MHCII",-0.370057110583299,0.142028728118236,-0.577698346977974,-0.207641236394675
66,"Complement",-0.474657254452886,0.111524921978682,-0.547599232560912,-0.0729419781080258
66,"Phagocytic",-0.173692512189165,-0.0374650733600894,-0.275062291860904,-0.10136977967174
66,"Interferon",-0.209145493196754,-0.020066870491125,-0.163004924831213,0.0461405683655401
66,"APP_CD74",0.483792737828229,0.960680469390009,0.126717927622221,-0.357074810206009
66,"PTPRC_MRC1",-0.108088985095954,0.529561113622784,-0.15547669233147,-0.0473877072355167
67,"Homeostatic",-0.179955104563279,-0.0812233935572206,-0.174820384209874,0.00513472035340443
67,"MHCII",-0.221816390842946,-0.02631794478003,-0.528707869171648,-0.306891478328702
67,"Complement",-0.418969362063926,0.16724100004454,-0.520635272746773,-0.101665910682847
67,"Phagocytic",-0.102365317143818,0.0233794052606992,-0.169429056534104,-0.0670637393902858
67,"Interferon",-0.102566205234921,-0.0341322031865799,-0.147291836067048,-0.044725630832127
67,"APP_CD74",0.718092572911224,0.812960663172056,0.0119205178489916,-0.706172055062232
67,"PTPRC_MRC1",0.258410026880728,0.315425661947223,-0.187480769281487,-0.445890796162215
68,"Homeostatic",-0.253723159447533,0.0365706854725193,-0.196479970433477,0.0572431890140561
68,"MHCII",-0.59519026389765,-0.055892760310499,-0.510118976823013,0.0850712870746374
68,"Complement",-0.247022482108444,0.414303293186322,-0.56386540434864,-0.316842922240196
68,"Phagocytic",0.000990285449402979,0.0454841038400231,-0.278955247048182,-0.279945532497585
68,"Interferon",-0.102722209676824,0.0778691468028362,-0.085874783689632,0.0168474259871921
68,"APP_CD74",0.407205524923633,0.683751353421364,0.027171848921641,-0.380033676001992
68,"PTPRC_MRC1",0.431600095609395,0.306302828412545,-0.0087801160621781,-0.440380211671573
69,"Homeostatic",-0.128628131378213,-0.0571558258794591,-0.256120851183869,-0.127492719805656
69,"MHCII",-0.568898417123353,0.224693200502384,-0.214054560722517,0.354843856400836
69,"Complement",0.123081572001268,0.185374776961147,-0.593388862085856,-0.716470434087125
69,"Phagocytic",0.0876979186932951,-0.0150614764538415,-0.301417694050485,-0.38911561274378
69,"Interferon",-0.0718947530671583,0.06840371740015,-0.117821750500602,-0.0459269974334433
69,"APP_CD74",0.378751300771969,0.564550958737301,0.365808930553612,-0.0129423702183564
69,"PTPRC_MRC1",0.526165936046608,0.581128793099107,0.131710841137089,-0.394455094909519
70,"Homeostatic",-0.126784860934527,0.00539129661863994,-0.0988194334482148,0.0279654274863125
70,"MHCII",-0.275423009131874,0.427741323845725,-0.591596986823659,-0.316173977691785
70,"Complement",-0.237490827188415,0.337415900187196,-0.581144579022085,-0.34365375183367
70,"Phagocytic",0.0714831844618233,0.108808260288569,-0.156941661626296,-0.228424846088119
70,"Interferon",-0.0669438080605492,0.0208661219263899,-0.00131558797037661,0.0656282200901726
70,"APP_CD74",0.698014744715964,0.671712781750377,-0.16499768017992,-0.863012424895883
70,"PTPRC_MRC1",0.597754190290096,0.598752997690854,0.0527758495521133,-0.544978340737983
71,"Homeostatic",-0.181057666290255,0.120306727835307,-0.242785537006035,-0.0617278707157803
71,"MHCII",-0.533330764178393,0.381723235851691,-0.532079322593771,0.00125144158462231
71,"Complement",-0.283756852913268,0.167910515818754,-0.547065605898185,-0.263308752984917
71,"Phagocytic",-0.192859392987488,0.0640022180270858,-0.228644842160152,-0.035785449172664
71,"Interferon",-0.0606385831935533,-0.0144254117624194,-0.0807392321911312,-0.0201006489975779
71,"APP_CD74",0.499102682371409,0.641842760587279,0.0101912964097673,-0.488911385961642
71,"PTPRC_MRC1",0.471404491925415,0.541738860956116,-0.139283338472147,-0.610687830397562
72,"Homeostatic",-0.343477277383063,0.0253906445704761,-0.175448594976323,0.168028682406739
72,"MHCII",-0.5651977539338,0.154461768032306,-0.581364172967802,-0.016166419034002
72,"Complement",-0.243451814525405,0.28864276247466,-0.608115509197682,-0.364663694672277
72,"Phagocytic",-0.101543612572076,0.0614035881467684,-0.118759835370358,-0.0172162227982824
72,"Interferon",-0.176394372179241,0.00917832482906276,-0.153606405443802,0.0227879667354388
72,"APP_CD74",0.355674693960141,0.640228881049492,0.0224016522205493,-0.333273041739592
72,"PTPRC_MRC1",0.484063098499977,0.632776516495254,0.0710709676792057,-0.412992130820771
73,"Homeostatic",-0.23998609906064,-0.00533552616470861,-0.222739270298592,0.0172468287620479
73,"MHCII",-0.541410680822723,0.239552282829451,-0.379278972330693,0.162131708492031
73,"Complement",-0.239063983408032,0.0518761170979581,-0.68188153204663,-0.442817548638598
73,"Phagocytic",-0.253730472122771,0.0368787889619233,-0.303064633102265,-0.0493341609794944
73,"Interferon",-0.132075514237623,-0.0809608594623443,-0.171192784484655,-0.0391172702470322
73,"APP_CD74",0.310768794246776,0.808641952067197,0.10037360060827,-0.210395193638506
73,"PTPRC_MRC1",-0.00212579637729127,0.510547652303386,0.475991244575872,0.478117040953164
74,"Homeostatic",-0.21049510682761,0.00873736168647014,-0.163848602879895,0.0466465039477147
74,"MHCII",-0.398991377165801,0.849891572710637,-0.310779540326324,0.0882118368394765
74,"Complement",-0.0921020734716914,0.336884699492002,-0.519920376073397,-0.427818302601705
74,"Phagocytic",-0.00505743509047793,0.0821662145693707,-0.166514770749315,-0.161457335658838
74,"Interferon",-0.086388941446571,0.150389477840565,-0.127900126103984,-0.0415111846574127
74,"APP_CD74",0.575242460124248,1.29041805584254,0.127696174549621,-0.447546285574626
74,"PTPRC_MRC1",0.839127253754483,0.671394955939371,0.279794577612634,-0.559332676141849
75,"Homeostatic",-0.239317629860404,0.074007360391955,-0.0893972498991245,0.14992037996128
75,"MHCII",-0.499945554740813,0.48902074847753,-0.521743169853692,-0.0217976151128792
75,"Complement",-0.182089568740054,0.553123344887323,-0.567383079179254,-0.3852935104392
75,"Phagocytic",0.00972002990112283,0.126999456814845,-0.258145241786695,-0.267865271687818
75,"Interferon",-0.0520897910890542,0.0776162758341761,-0.0889375001947405,-0.0368477091056863
75,"APP_CD74",0.596369868767657,1.00510518119746,0.289956739722433,-0.306413129045224
75,"PTPRC_MRC1",0.375889277866165,0.421395292157846,0.0305329613624355,-0.34535631650373
76,"Homeostatic",-0.227334664022376,-0.116979354294953,-0.0905476502444809,0.136787013777895
76,"MHCII",-0.286623494084537,0.333659182045257,-0.394920965087661,-0.108297471003124
76,"Complement",-0.178074045508152,0.169289669155001,-0.645111476176181,-0.467037430668029
76,"Phagocytic",-0.194810618398639,0.0435891093151497,-0.184832564136294,0.00997805426234549
76,"Interferon",-0.0376305087538509,0.00784689734207604,-0.120162743338869,-0.0825322345850176
76,"APP_CD74",0.554501031071969,0.888356898145254,0.21636620202461,-0.338134829047359
76,"PTPRC_MRC1",0.47835265129176,0.259193842982794,0.113541994325689,-0.364810656966071
77,"Homeostatic",-0.19563856658592,0.153795697313113,-0.151782031001806,0.0438565355841145
77,"MHCII",-0.579989680368785,0.315506373770014,-0.456928856459766,0.123060823909019
77,"Complement",-0.153185436716765,0.654765833570454,-0.662707088106697,-0.509521651389932
77,"Phagocytic",-0.0808337035720822,0.03322010787278,-0.231188314955063,-0.15035461138298
77,"Interferon",-0.060401015499299,0.0691797006607924,-0.102671383474737,-0.042270367975438
77,"APP_CD74",0.457137909406732,0.773985256890202,0.105311282318716,-0.351826627088016
77,"PTPRC_MRC1",0.396510117438869,0.447470870370068,0.531436278365468,0.134926160926599
78,"Homeostatic",-0.310868178500121,0.121369203100458,-0.128852023774536,0.182016154725585
78,"MHCII",-0.532921855859312,0.235587072205686,-0.511786015575202,0.0211358402841095
78,"Complement",-0.250314162183781,0.269796150568327,-0.588426496764333,-0.338112334580552
78,"Phagocytic",-0.160484060223305,0.0299807761765611,-0.219780845883622,-0.0592967856603173
78,"Interferon",-0.0870557250667589,0.181374353856319,-0.106035340404634,-0.0189796153378748
78,"APP_CD74",0.570734658923936,0.747447957550716,0.0123301223196103,-0.558404536604326
78,"PTPRC_MRC1",0.265643206888646,0.528434429295379,0.144457215151469,-0.121185991737177
79,"Homeostatic",-0.176839072965336,0.0537806450579779,-0.158537678778694,0.0183013941866422
79,"MHCII",-0.442085887840463,0.243070881206764,-0.414967747926385,0.0271181399140777
79,"Complement",-0.0566414006686816,0.235594869606839,-0.611078188659064,-0.554436787990383
79,"Phagocytic",-0.127985960114564,0.0543102465441295,-0.196888169275449,-0.0689022091608848
79,"Interferon",-0.106525609311907,0.251613100228864,-0.0918635326931704,0.0146620766187361
79,"APP_CD74",0.553224084543399,0.773613093625674,0.0781990975571571,-0.475024986986242
79,"PTPRC_MRC1",0.127297236590719,0.38479767147939,0.368063593748733,0.240766357158014
80,"Homeostatic",-0.158731956894948,-0.174155419232773,-0.128373193864862,0.0303587630300858
80,"MHCII",-0.39827895667927,0.184340693144818,-0.317940699031845,0.080338257647425
80,"Complement",-0.178764394275,0.203178905638189,-0.355011824268517,-0.176247429993517
80,"Phagocytic",-0.0842776868064881,0.0452641534039739,0.014355611210916,0.0986332980174042
80,"Interferon",-0.104169848585966,0.0403943952330733,-0.0597886849433569,0.0443811636426094
80,"APP_CD74",0.560955152750189,0.995500034855764,0.155479484321399,-0.405475668428791
80,"PTPRC_MRC1",0.657243195866304,0.189709529482121,0.315586390360235,-0.341656805506069
81,"Homeostatic",-0.223189444939543,0.109827926549173,-0.16304972424039,0.0601397206991526
81,"MHCII",-0.341067216750034,0.171041279819474,-0.504090209996428,-0.163022993246394
81,"Complement",-0.274840740795496,0.240953990168744,-0.466635165680852,-0.191794424885356
81,"Phagocytic",-0.0901946957150435,0.0142022371214956,-0.119994602971373,-0.0297999072563291
81,"Interferon",-0.0635444937589696,-0.0252502588139605,-0.033640620219878,0.0299038735390917
81,"APP_CD74",0.59538646308203,0.712433158392028,-0.0833805647406928,-0.678767027822722
81,"PTPRC_MRC1",0.368307043215649,0.578475067707709,0.413558714578465,0.0452516713628166
82,"Homeostatic",-0.291688695829144,0.0830880667364483,-0.130174587845333,0.161514107983811
82,"MHCII",-0.615645885175965,0.314466100355127,-0.577067722114741,0.0385781630612243
82,"Complement",-0.154537340768274,0.147909300536153,-0.555700089284744,-0.40116274851647
82,"Phagocytic",-0.238380224478156,0.119366953746638,-0.223850470176585,0.0145297543015711
82,"Interferon",-0.108173134228001,-0.00504411521562323,-0.0691120696726148,0.0390610645553857
82,"APP_CD74",0.269055603985472,0.648406636341139,-0.103005120953591,-0.372060724939062
82,"PTPRC_MRC1",0.00826281313123927,0.460372599843684,-0.133627842824915,-0.141890655956154
83,"Homeostatic",-0.194852906512605,-0.188438490763316,-0.0560051311414552,0.138847775371149
83,"MHCII",-0.325435254362016,0.0766563216994597,-0.446705485726805,-0.121270231364789
83,"Complement",-0.0332877241178842,-0.173681256035368,-0.515619377614967,-0.482331653497083
83,"Phagocytic",0.0570663104379035,-0.0197522075192342,-0.150427639721448,-0.207493950159351
83,"Interferon",-0.130926057547854,0.0633337824200717,-0.127490715832837,0.00343534171501653
83,"APP_CD74",0.604916609669228,0.585977421688564,0.195668698120648,-0.40924791154858
83,"PTPRC_MRC1",0.446998678815398,0.201807573673752,0.110273400941043,-0.336725277874354
84,"Homeostatic",-0.28355269880021,-0.0598460070972359,-0.0423502511175105,0.241202447682699
84,"MHCII",-0.696525197056037,0.364621223829325,-0.399260489571389,0.297264707484648
84,"Complement",-0.268819124806353,0.341374800535716,-0.623959454820334,-0.355140330013981
84,"Phagocytic",-0.0728316942765598,-0.0502098693692414,-0.141146049385554,-0.0683143551089943
84,"Interferon",-0.153948772711989,0.0202278816205258,-0.0159077486300245,0.138041024081965
84,"APP_CD74",0.423756876409947,0.941686199696999,0.157752446051775,-0.266004430358172
84,"PTPRC_MRC1",0.026224851673754,0.291989865380252,0.27401197706089,0.247787125387136
85,"Homeostatic",-0.302667203144197,-0.0547401415579569,0.0480668051672724,0.350734008311469
85,"MHCII",-0.226891673824862,0.321207180037046,-0.430663792005453,-0.203772118180591
85,"Complement",-0.278049793468108,0.463405563151444,-0.53794507126206,-0.259895277793952
85,"Phagocytic",-0.158261437982099,0.152090463196682,-0.142566517680345,0.0156949203017545
85,"Interferon",-0.0942555261049531,0.0468383221711503,0.0288374904724844,0.123093016577437
85,"APP_CD74",0.81865465100206,0.762944173353716,0.00351544096348529,-0.815139210038575
85,"PTPRC_MRC1",0.257352472042743,0.737119444142918,0.420936339910067,0.163583867867323
86,"Homeostatic",-0.232367175361057,0.0793786878050683,-0.206115229634331,0.0262519457267261
86,"MHCII",-0.434113331322589,0.168728442444712,-0.428280614719157,0.0058327166034321
86,"Complement",-0.317169894925739,0.108940751689601,-0.632448239571558,-0.315278344645819
86,"Phagocytic",-0.0978340698530864,-0.0544579222091963,-0.250001989617005,-0.152167919763918
86,"Interferon",-0.0582090277056588,0.0945703549489093,-0.138197262339408,-0.0799882346337488
86,"APP_CD74",0.528022683199043,0.708510182473944,0.316558470930571,-0.211464212268472
86,"PTPRC_MRC1",0.255946935822483,0.597932162670633,-0.0508514945313048,-0.306798430353788
87,"Homeostatic",-0.315096988081748,0.152204363177845,-0.120832365611104,0.194264622470644
87,"MHCII",-0.511011833182441,0.27697718733045,-0.377471255885663,0.133540577296778
87,"Complement",-0.0497101633463422,0.379715624270518,-0.382672382561166,-0.332962219214824
87,"Phagocytic",-0.245402084613541,0.191694795592369,-0.0903219258412486,0.155080158772293
87,"Interferon",-0.105068659236937,0.0167874438606959,0.0241174584828799,0.129186117719816
87,"APP_CD74",0.542472967932764,0.748964780373655,-0.143898647350026,-0.68637161528279
87,"PTPRC_MRC1",0.327921556898998,0.48832141123828,0.512912985276506,0.184991428377508
88,"Homeostatic",0.00351602465798835,0.165035398583771,-0.118415630379008,-0.121931655036996
88,"MHCII",-0.261604850514887,0.292082561740107,-0.471518169305045,-0.209913318790158
88,"Complement",-0.0961534321317677,0.605212941540961,-0.593372195908192,-0.497218763776424
88,"Phagocytic",-0.166797081986437,0.0688241644803472,-0.218094173521704,-0.0512970915352675
88,"Interferon",-0.119347905120373,0.0953047635697299,-0.125871422371651,-0.00652351725127764
88,"APP_CD74",0.724060062486838,0.912313380503249,0.259924224283656,-0.464135838203182
88,"PTPRC_MRC1",0.161677082464312,0.49121993045462,0.392543293637867,0.230866211173556
89,"Homeostatic",-0.113771036728686,0.0876188785201625,-0.22722528677063,-0.113454250041944
89,"MHCII",-0.245447422726863,0.728395053109835,-0.507332019444214,-0.26188459671735
89,"Complement",-0.060356736448809,0.487147396111402,-0.554238321119071,-0.493881584670262
89,"Phagocytic",-0.0326653517885431,0.251814755059234,-0.285442366085855,-0.252777014297312
89,"Interferon",-0.0638566443906,0.0305919954517567,-0.0987995645272041,-0.0349429201366042
89,"APP_CD74",0.787225844986158,1.10215218421184,0.0474702914238829,-0.739755553562275
89,"PTPRC_MRC1",0.325134758112361,0.615976468682958,0.168918165524865,-0.156216592587496
90,"Homeostatic",-0.264737579120441,0.0335025817496052,-0.134613039314202,0.130124539806239
90,"MHCII",-0.531271819169226,0.178957807349675,-0.426101377641453,0.105170441527773
90,"Complement",-0.20633409152996,0.347676559028618,-0.464295806712374,-0.257961715182414
90,"Phagocytic",-0.140111988357132,0.00169037459506807,-0.200892413521697,-0.0607804251645649
90,"Interferon",-0.0874605052260601,0.12396483262856,-0.147874081093219,-0.0604135758671589
90,"APP_CD74",0.580016664448346,0.872438091213829,0.168966884835154,-0.411049779613192
90,"PTPRC_MRC1",0.967809716293141,0.551577945381822,0.143813041456244,-0.823996674836897
91,"Homeostatic",-0.293730837220631,-0.0302678174225424,-0.175203210621619,0.118527626599012
91,"MHCII",-0.563573663328961,0.017429222076908,-0.282148569158897,0.281425094170064
91,"Complement",-0.1977353846926,0.219603207338018,-0.559071226889545,-0.361335842196945
91,"Phagocytic",-0.0788274160484097,0.0159564607053577,-0.203123115346262,-0.124295699297852
91,"Interferon",-0.157295528445089,0.0887535142303792,-0.105572283657832,0.0517232447872572
91,"APP_CD74",0.642687958867896,0.642121806485472,0.133092731727769,-0.509595227140128
91,"PTPRC_MRC1",0.350539877642002,0.445291916480875,0.277237580035293,-0.073302297606709
92,"Homeostatic",-0.188556786376311,-0.108829113071227,-0.258323047689301,-0.0697662613129902
92,"MHCII",-0.493142383086541,0.577638251867955,-0.552669144522388,-0.0595267614358473
92,"Complement",-0.265861488561758,0.0665943469131383,-0.634691086549052,-0.368829597987294
92,"Phagocytic",-0.172332920882347,-0.0558063066097623,-0.234774966207705,-0.0624420453253587
92,"Interferon",-0.127937139129119,0.106510983081288,-0.164246482564966,-0.0363093434358467
92,"APP_CD74",0.494391509296684,0.903142152339788,0.176683090669373,-0.317708418627311
92,"PTPRC_MRC1",0.213583135824879,0.346720454935938,-0.0897535872891989,-0.303336723114078
93,"Homeostatic",-0.168709679028635,-0.14631686826929,-0.158704397397152,0.0100052816314834
93,"MHCII",-0.516132412467755,0.0195519710320357,-0.400588890584371,0.115543521883384
93,"Complement",-0.438766929498964,0.110717330929576,-0.585258701253366,-0.146491771754402
93,"Phagocytic",-0.143554677140874,0.0609791182094807,-0.136821494541065,0.00673318259980843
93,"Interferon",-0.153489201042193,-0.0490280445734193,-0.029337767898568,0.124151433143625
93,"APP_CD74",0.464137465602397,0.86043786616349,0.26745234209108,-0.196685123511317
93,"PTPRC_MRC1",0.241790052610299,0.222373309082161,0.19094561879473,-0.0508444338155688
94,"Homeostatic",-0.161282427051458,0.0764268743188209,-0.221608753074323,-0.0603263260228658
94,"MHCII",-0.630005220584287,0.144106166494203,-0.292206234893526,0.337798985690761
94,"Complement",-0.380264914953936,0.111722814189179,-0.570595149054843,-0.190330234100907
94,"Phagocytic",-0.191332998658387,0.0586087950649574,-0.153092798779703,0.0382401998786839
94,"Interferon",-0.16522493034232,0.212455482831247,-0.0880839592790214,0.0771409710632987
94,"APP_CD74",0.299632414519388,0.7642132181261,0.0178374773729887,-0.2817949371464
94,"PTPRC_MRC1",0.00800583561560552,0.488575338638111,0.527499113646504,0.519493278030899
95,"Homeostatic",-0.144987631722118,-0.018056101886942,-0.133778924851988,0.0112087068701306
95,"MHCII",-0.341556212748271,0.0186037946226078,-0.377907095172973,-0.0363508824247024
95,"Complement",-0.106653786234747,0.233117756144644,-0.581407627276404,-0.474753841041657
95,"Phagocytic",-0.0134726260906199,0.0387651297326324,-0.251421683504285,-0.237949057413665
95,"Interferon",0.0339462022492887,0.0213481921588997,-0.0948245244626431,-0.128770726711932
95,"APP_CD74",0.715511059673329,0.751282742284259,0.283555498015556,-0.431955561657772
95,"PTPRC_MRC1",0.290389614822747,0.322684426854105,0.0148677500531751,-0.275521864769572
96,"Homeostatic",-0.0955096301427064,0.043364637488203,-0.240881303761755,-0.145371673619049
96,"MHCII",-0.51397443670242,0.389941000157295,-0.501268541467949,0.0127058952344707
96,"Complement",-0.194260005560821,0.413548930119857,-0.67510229506294,-0.480842289502119
96,"Phagocytic",-0.197567095760919,0.176521915004172,-0.316109817760558,-0.118542721999639
96,"Interferon",-0.0684194280165019,0.159955414190006,-0.0925585273180469,-0.024139099301545
96,"APP_CD74",0.445357568503366,0.813995739244954,0.0413204684995135,-0.404037100003852
96,"PTPRC_MRC1",0.288807763389226,0.380506782219469,0.130332133424203,-0.158475629965023
97,"Homeostatic",-0.269607788814405,0.0941430397421877,-0.20129653083341,0.0683112579809947
97,"MHCII",-0.485857121537556,0.500144859951639,-0.51949242441266,-0.0336353028751045
97,"Complement",-0.269791475312168,0.582395545902075,-0.57923686473475,-0.309445389422582
97,"Phagocytic",-0.00471526920288469,0.203872149052135,-0.180166566546331,-0.175451297343446
97,"Interferon",-0.0927158609237822,0.101029001125884,-0.186121628193863,-0.0934057672700805
97,"APP_CD74",0.50875990554498,0.948690589963439,-0.0465880333598103,-0.555347938904791
97,"PTPRC_MRC1",0.275559558371499,0.49162239096476,0.17011417233679,-0.105445386034709
98,"Homeostatic",-0.273542253665561,-0.196930181056145,-0.169232544604446,0.104309709061115
98,"MHCII",-0.494439211232414,0.277918121802714,-0.501412759408557,-0.0069735481761426
98,"Complement",-0.0276577033969182,0.275621890393639,-0.591733466695894,-0.564075763298976
98,"Phagocytic",-0.132747140829275,-0.0877784840538218,-0.122683999837881,0.0100631409913934
98,"Interferon",-0.0562562332661103,0.0233329695611085,-0.0599448987471794,-0.00368866548106906
98,"APP_CD74",0.50025706779509,0.826897593087244,0.0742412476356117,-0.426015820159478
98,"PTPRC_MRC1",0.512095448924529,0.164340255080829,0.0421509937807887,-0.46994445514374
99,"Homeostatic",-0.120175599609042,0.240445656663849,-0.0603309841994837,0.0598446154095584
99,"MHCII",-0.434761722900078,0.304036745547934,-0.396358483372995,0.0384032395270837
99,"Complement",-0.0830055963724849,0.369795083387788,-0.504926753547918,-0.421921157175433
99,"Phagocytic",-0.191564863826379,0.102616017616202,0.00781222070569339,0.199377084532073
99,"Interferon",-0.0968934172897103,0.125853197223343,-0.0108034357178892,0.0860899815718211
99,"APP_CD74",0.598760004641027,0.812034431887037,-0.11328286078738,-0.712042865428407
99,"PTPRC_MRC1",0.355994397859652,0.916977923918529,0.326068086223192,-0.0299263116364592
100,"Homeostatic",-0.165644284011602,0.201428396563683,-0.211107674731778,-0.0454633907201757
100,"MHCII",-0.367362693495774,0.0248898042778378,-0.481582324457285,-0.114219630961511
100,"Complement",-0.0400282498204783,0.431634975190405,-0.610775596497077,-0.570747346676598
100,"Phagocytic",-0.245523526653929,0.123632794533889,-0.248058321965191,-0.00253479531126213
100,"Interferon",-0.0965182198831583,0.140340568705035,-0.0831601194563266,0.0133581004268317
100,"APP_CD74",0.574628415741933,0.794586830380621,-0.0737267960030823,-0.648355211745016
100,"PTPRC_MRC1",0.49036572611737,0.609918948659031,-0.161021878401488,-0.651387604518858
101,"Homeostatic",-0.354455875071869,0.0407991900572291,-0.222728979912336,0.131726895159533
101,"MHCII",-0.614991216315425,0.217670079040493,-0.384707164472651,0.230284051842773
101,"Complement",-0.231496498117221,0.283842217466779,-0.515124447571452,-0.283627949454231
101,"Phagocytic",-0.149674687317362,0.0302970340799049,-0.150305114914183,-0.000630427596820915
101,"Interferon",-0.103535452064481,0.0476248329052963,-0.0630333367056543,0.0405021153588266
101,"APP_CD74",0.423385640017896,0.782527824293373,-0.125438100077859,-0.548823740095755
101,"PTPRC_MRC1",0.720778467243478,0.536568364175708,0.481060147621397,-0.239718319622081
102,"Homeostatic",-0.257186378919338,-0.0553685700181858,-0.219365219592005,0.037821159327333
102,"MHCII",-0.318665871965803,-0.128090320550243,-0.444597181568637,-0.125931309602834
102,"Complement",-0.212583533102607,-0.214412772302798,-0.619106859183414,-0.406523326080806
102,"Phagocytic",-0.180097603278412,-0.0864412445190864,-0.285454805406299,-0.105357202127888
102,"Interferon",-0.0559799250142452,0.0337041208636908,-0.211377857031363,-0.155397932017118
102,"APP_CD74",0.608634516451945,0.427882848981936,0.276375384566245,-0.3322591318857
102,"PTPRC_MRC1",0.329414782370586,0.181795002152011,0.0773280136593157,-0.252086768711271
103,"Homeostatic",-0.273649713651482,-0.0685067350562242,-0.0707083081094812,0.202941405542001
103,"MHCII",-0.415472686437845,0.508137413974762,-0.467677209287887,-0.0522045228500415
103,"Complement",-0.26344341424264,0.204924239208772,-0.401442626693182,-0.137999212450543
103,"Phagocytic",-0.160465478901919,-0.083131460195076,-0.138135074221123,0.0223304046807958
103,"Interferon",-0.0197458858364135,0.0353713101186286,0.0177500072801386,0.0374958931165521
103,"APP_CD74",0.582365014650796,0.864872670773789,0.146089215230097,-0.436275799420699
103,"PTPRC_MRC1",0.160616105367826,0.571077013073408,0.154946056929663,-0.00567004843816304
104,"Homeostatic",-0.157425741048369,0.0831907837241342,-0.103470835076586,0.0539549059717828
104,"MHCII",-0.230207135811231,0.274341987873344,-0.403854830690057,-0.173647694878826
104,"Complement",-0.231449899324122,0.304174267859002,-0.644307984534555,-0.412858085210434
104,"Phagocytic",-0.238488914514779,-0.00215616143428202,-0.124467924849471,0.114020989665308
104,"Interferon",-0.112068031693107,-0.00234993697530923,0.00592386413970362,0.117991895832811
104,"APP_CD74",0.641978041298287,0.876927241011433,-0.0235388632917026,-0.665516904589989
104,"PTPRC_MRC1",0.101700184385525,0.377209967795612,0.31206989512801,0.210369710742485
105,"Homeostatic",-0.323332069763384,0.149818370075579,-0.170559592706828,0.152772477056555
105,"MHCII",-0.271000440405417,-0.086967123888572,-0.43465107595452,-0.163650635549103
105,"Complement",-0.37289105142013,0.611381651121955,-0.590231629624179,-0.21734057820405
105,"Phagocytic",-0.242014336305348,0.0608245958889806,-0.221147828764159,0.0208665075411889
105,"Interferon",-0.220803882053104,0.0211536506811062,-0.0725026661735177,0.148301215879586
105,"APP_CD74",0.486951991029559,0.804789408446559,0.116851822668798,-0.370100168360761
105,"PTPRC_MRC1",0.0639254565854521,0.515251614887796,0.379334613538802,0.31540915695335
106,"Homeostatic",-0.182261406151268,0.0519054168421568,-0.113834035293198,0.0684273708580699
106,"MHCII",-0.485655821044207,-0.166530001860788,-0.318149972368735,0.167505848675471
106,"Complement",0.0219048872976249,0.205660533100185,-0.599451609095783,-0.621356496393408
106,"Phagocytic",-0.0259128361315068,0.193037702783536,-0.248960674434365,-0.223047838302859
106,"Interferon",-0.0983494912779506,0.137173406590273,-0.149420135348841,-0.0510706440708906
106,"APP_CD74",0.614866874647864,0.663325728901466,0.205686787463666,-0.409180087184198
106,"PTPRC_MRC1",0.603364516670671,0.658503706852729,0.399273608339745,-0.204090908330925
107,"Homeostatic",-0.164373771830377,-0.0191004707335549,-0.137997935194341,0.026375836636036
107,"MHCII",-0.446777229317632,0.224845376414599,-0.461098171016159,-0.0143209416985274
107,"Complement",-0.118519162323271,0.0277260283347572,-0.496111033826822,-0.37759187150355
107,"Phagocytic",-0.096589920257083,-0.0204649942214166,-0.245133960641238,-0.148544040384155
107,"Interferon",-0.0543029955390823,0.126200425130514,-0.140656817325996,-0.0863538217869141
107,"APP_CD74",0.612546396517375,0.539411426863461,0.175958655288181,-0.436587741229194
107,"PTPRC_MRC1",0.397630332641522,0.407371054921446,-0.0428319629440243,-0.440462295585546
108,"Homeostatic",-0.179567858295896,0.244249866713271,-0.111770979227832,0.0677968790680642
108,"MHCII",-0.365561619128987,0.441078070800843,-0.377065198497078,-0.0115035793680914
108,"Complement",-0.380370651298243,0.381517227817482,-0.562509671840033,-0.18213902054179
108,"Phagocytic",-0.254831640956082,0.0903302024545663,-0.188315732938659,0.0665159080174231
108,"Interferon",-0.0599616274725432,0.130179949855342,-0.0238906558280115,0.0360709716445317
108,"APP_CD74",0.51785189060177,0.935356151101707,0.118697924855412,-0.399153965746358
108,"PTPRC_MRC1",-0.0742146679763439,0.875746203774678,0.446492085865586,0.52070675384193
109,"Homeostatic",-0.0907584826135802,0.300439908099968,-0.0106780279869836,0.0800804546265966
109,"MHCII",-0.408162765883823,0.232362656065865,-0.430641830450248,-0.0224790645664253
109,"Complement",-0.137709860186531,0.788220947357765,-0.521645231135242,-0.38393537094871
109,"Phagocytic",-0.108023366922751,0.28982421361663,-0.0745555734512113,0.0334677934715399
109,"Interferon",-0.00687534624936214,0.130239472344028,0.0125541440433412,0.0194294902927034
109,"APP_CD74",0.58411929547101,0.796858576314534,-0.00854072001520508,-0.592660015486215
109,"PTPRC_MRC1",0.244173457692601,0.800978319700896,0.153137057358646,-0.0910364003339554
110,"Homeostatic",-0.290410162381386,0.146303203652647,-0.186789531882058,0.103620630499328
110,"MHCII",-0.537826348532347,0.10997188414438,-0.249296086366566,0.288530262165782
110,"Complement",-0.318627821544345,0.231625265120782,-0.477561608834331,-0.158933787289986
110,"Phagocytic",-0.278091743211754,0.10201436925869,-0.0900492991868315,0.188042444024923
110,"Interferon",-0.171480201630659,-0.0437807442807868,-0.0311155091521578,0.140364692478501
110,"APP_CD74",0.360040161520616,0.768885359524517,0.116290362100307,-0.243749799420309
110,"PTPRC_MRC1",0.134058465754028,0.442643936548044,0.0248916425852976,-0.10916682316873
111,"Homeostatic",-0.168906145645833,-0.168196999231698,-0.0805500937597497,0.0883560518860834
111,"MHCII",-0.109843736258622,-0.043547311168572,-0.572105832872161,-0.462262096613539
111,"Complement",-0.304907164112679,-0.131936389653771,-0.553589759610094,-0.248682595497416
111,"Phagocytic",-0.0822541574411247,0.00994170849320759,-0.179175703903372,-0.0969215464622473
111,"Interferon",-0.08430397328123,0.0395438912868505,-0.14467963432329,-0.0603756610420597
111,"APP_CD74",0.587947227970853,0.42692626635999,0.0585331719269442,-0.529414056043909
111,"PTPRC_MRC1",0.123607747400614,0.2664500026046,0.161852192283119,0.0382444448825046
112,"Homeostatic",-0.0877337948973342,-0.0882487642434774,-0.128396837302204,-0.0406630424048696
112,"MHCII",-0.173231994583554,0.622327167946331,-0.379264764045957,-0.206032769462403
112,"Complement",-0.2773911641236,0.153024105043073,-0.600947428605586,-0.323556264481985
112,"Phagocytic",-0.159838470560269,0.0627762459512279,-0.183363793265177,-0.0235253227049077
112,"Interferon",-0.119276558670745,-0.0389094252077115,-0.150777049891706,-0.0315004912209608
112,"APP_CD74",0.553660891582536,0.722289740930505,0.146485842611673,-0.407175048970863
112,"PTPRC_MRC1",-0.245959223271411,0.312614674836561,0.331320816126458,0.57728003939787
113,"Homeostatic",-0.2761922646017,-0.0130192495801205,-0.118278528267912,0.157913736333788
113,"MHCII",-0.41494647529065,0.0826197584561077,-0.458966389943442,-0.0440199146527916
113,"Complement",-0.380419758906632,0.0710103518984236,-0.605497739412449,-0.225077980505817
113,"Phagocytic",-0.184903537727356,0.116089194377094,-0.102535850539363,0.0823676871879932
113,"Interferon",-0.125520684584824,0.0542096929521535,-0.0493287852041334,0.076191899380691
113,"APP_CD74",0.533208925555588,0.873463321508494,-0.10104513411562,-0.634254059671208
113,"PTPRC_MRC1",-0.204273690629384,0.417867772636292,-0.131625022168914,0.0726486684604706
114,"Homeostatic",-0.186682428581987,0.156990213810018,-0.132897820570433,0.0537846080115534
114,"MHCII",-0.487159753302207,0.311550634884828,-0.335715121887259,0.151444631414949
114,"Complement",-0.286671031633641,0.179583771152878,-0.5037352966645,-0.217064265030859
114,"Phagocytic",-0.218858999426665,0.0209460720073723,-0.164259679094515,0.0545993203321505
114,"Interferon",-0.0993965380125838,0.0195376978048329,0.012928141057837,0.112324679070421
114,"APP_CD74",0.621585140150972,0.782713670510278,0.154296053728876,-0.467289086422096
114,"PTPRC_MRC1",0.303386214216015,0.460751163187599,0.396474455404634,0.0930882411886186
115,"Homeostatic",-0.22562892643715,0.0360961166657595,-0.257026772935738,-0.0313978464985875
115,"MHCII",-0.498936773689361,0.0788540078538998,-0.450588671162088,0.0483481025272737
115,"Complement",-0.242623654160582,0.399285286264854,-0.627581019832729,-0.384957365672147
115,"Phagocytic",-0.206071489463598,0.145247052852767,-0.246374644851979,-0.0403031553883806
115,"Interferon",-0.0771302105080026,0.143390903565463,-0.182985040676073,-0.10585483016807
115,"APP_CD74",0.485621977247843,0.939814346159889,0.328524446667737,-0.157097530580106
115,"PTPRC_MRC1",0.428267967100788,0.623223438558121,-0.128406299916997,-0.556674267017785
116,"Homeostatic",-0.342480244188199,0.039268215855736,-0.212066924929981,0.130413319258218
116,"MHCII",-0.330509679123923,0.561669489514063,-0.449674735028508,-0.119165055904585
116,"Complement",-0.158484854705061,0.145964469575924,-0.422039237107189,-0.263554382402128
116,"Phagocytic",-0.242034272918834,-0.0755452432608276,-0.180295698848231,0.0617385740706029
116,"Interferon",-0.123560428737447,0.0166928915336955,-0.06350949041951,0.0600509383179374
116,"APP_CD74",0.579622428570918,0.901711388243354,0.14547000792717,-0.434152420643748
116,"PTPRC_MRC1",0.312361547844452,0.432163143116487,0.163707389237067,-0.148654158607385
117,"Homeostatic",-0.123001873363705,0.113890958995436,-0.0546936895259958,0.068308183837709
117,"MHCII",-0.383564634737218,0.280000331637252,-0.486235963008241,-0.102671328271023
117,"Complement",-0.0626592927519357,0.273030145335406,-0.724953821158117,-0.662294528406182
117,"Phagocytic",0.0960906299207478,0.100740794812326,-0.249988027520627,-0.346078657441375
117,"Interferon",-0.0143149053412856,0.174884227954888,-0.134083632901658,-0.119768727560372
117,"APP_CD74",0.62224827185494,0.778997209798308,0.262686789544644,-0.359561482310296
117,"PTPRC_MRC1",0.721027418994199,0.70160125647607,-0.0464995350359845,-0.767526954030183
118,"Homeostatic",-0.218084426653399,0.217537511596596,-0.184216744464133,0.0338676821892666
118,"MHCII",-0.417124618792435,0.633740404838243,-0.463712459793895,-0.0465878410014599
118,"Complement",-0.078548448819403,0.519120838634554,-0.511085095742878,-0.432536646923475
118,"Phagocytic",0.0290342452110271,0.0993690041624886,-0.123318415511971,-0.152352660722998
118,"Interferon",-0.0756572191210621,0.0217744596953013,-0.15596863889576,-0.0803114197746976
118,"APP_CD74",0.585524136630814,1.09993458352398,0.0775352428213488,-0.507988893809466
118,"PTPRC_MRC1",0.171481445417428,0.547904180783433,0.243108609358922,0.0716271639414937
119,"Homeostatic",-0.197443670392409,0.027026392242073,-0.0929402068879209,0.104503463504488
119,"MHCII",-0.222672671190691,0.574471177527519,-0.516909827195918,-0.294237156005227
119,"Complement",-0.248397680329672,0.809267554257411,-0.516265521905283,-0.26786784157561
119,"Phagocytic",-0.159815182528192,0.236363343857469,-0.171346313831578,-0.0115311313033865
119,"Interferon",-0.0428418766260391,0.125774650406787,-0.0331842234008564,0.0096576532251827
119,"APP_CD74",0.543955578857501,0.932824400495113,-0.0725069183573101,-0.616462497214811
119,"PTPRC_MRC1",0.33727455211197,0.593535925235177,0.114604408008677,-0.222670144103293
120,"Homeostatic",-0.198118863347777,0.0500399678126229,-0.260599706896316,-0.0624808435485396
120,"MHCII",-0.374677359516225,-0.157629088078954,-0.424875001830273,-0.0501976423140487
120,"Complement",-0.200578374652895,0.186775623897503,-0.484329481816875,-0.28375110716398
120,"Phagocytic",-0.0954047914510226,-0.0741135410718057,-0.163802068325636,-0.068397276874613
120,"Interferon",-0.0101874021198312,0.0693158390987988,-0.072640105528503,-0.0624527034086718
120,"APP_CD74",0.61959889113117,0.769782281375,-0.106265485115847,-0.725864376247017
120,"PTPRC_MRC1",0.298646155356676,0.397392783423493,0.283051458389904,-0.015594696966772
121,"Homeostatic",-0.0863855896373655,-0.103623490912554,-0.191684050219009,-0.105298460581643
121,"MHCII",-0.595782679627586,-0.339352799493901,-0.30695657452014,0.288826105107446
121,"Complement",-0.118141539081876,-0.0324308562954335,-0.39443817163838,-0.276296632556504
121,"Phagocytic",-0.053797244760303,-0.0548657087790426,-0.120143529944669,-0.0663462851843657
121,"Interferon",0.0161158393511742,0.0181164239037837,-0.0569722318870872,-0.0730880712382614
121,"APP_CD74",0.513873324486895,0.450680589484497,-0.0927229229763973,-0.606596247463293
121,"PTPRC_MRC1",0.591100266683885,0.333839868232298,0.360215607870021,-0.230884658813864
122,"Homeostatic",-0.0810506533231765,-0.0718989260297312,0.072942293783367,0.153992947106543
122,"MHCII",-0.463361159742371,-0.166047551839732,-0.23278999880657,0.230571160935801
122,"Complement",-0.133910121843785,0.1889592237352,-0.629913287186096,-0.49600316534231
122,"Phagocytic",-0.00285139718204799,0.0498052928191617,-0.261040891658484,-0.258189494476436
122,"Interferon",-0.0590064930549839,-0.059366401268199,-0.043562891435326,0.0154436016196579
122,"APP_CD74",0.478842904894432,0.235367990505312,0.288473961466074,-0.190368943428358
122,"PTPRC_MRC1",-0.045081145254344,0.229078758022574,0.0688628421337523,0.113943987388096
123,"Homeostatic",-0.198678718373874,-0.0542563243662965,-0.206386465664843,-0.00770774729096849
123,"MHCII",-0.348327178305356,-0.0842870690803467,-0.302268968093332,0.0460582102120236
123,"Complement",-0.386557753161062,-0.0399336124959463,-0.311018758539628,0.0755389946214334
123,"Phagocytic",-0.165427866025382,-0.0643945804665104,-0.036764335787012,0.12866353023837
123,"Interferon",-0.0909009325739359,-0.0685912786772188,-0.11298757072284,-0.022086638148904
123,"APP_CD74",0.399164212670313,0.752376395391556,0.044642863221613,-0.3545213494487
123,"PTPRC_MRC1",-0.166703160003083,0.21342213137676,0.14023099536771,0.306934155370793
124,"Homeostatic",-0.189949606259636,0.00104052297646124,-0.0973484603785499,0.092601145881086
124,"MHCII",-0.336065424312948,0.304272740463071,-0.411215056200712,-0.0751496318877632
124,"Complement",-0.356876036508817,0.53983100159946,-0.652414199320254,-0.295538162811437
124,"Phagocytic",-0.204900253228422,0.0326842134400165,-0.309274669210488,-0.104374415982066
124,"Interferon",-0.0750894056478877,0.0792228220671489,-0.158256520913027,-0.0831671152651389
124,"APP_CD74",0.665030935408263,1.22240178053733,0.38772936620986,-0.277301569198403
124,"PTPRC_MRC1",0.0252823078968311,0.183311275951294,0.0835379630720522,0.0582556551752212
125,"Homeostatic",-0.145383610615769,-0.00486679872666503,-0.19736300098702,-0.0519793903712507
125,"MHCII",-0.00723003113424422,0.371104393501122,-0.339334312416586,-0.332104281282342
125,"Complement",-0.242654567173951,-0.0246513833558538,-0.724249853853007,-0.481595286679056
125,"Phagocytic",-0.0704611659024848,-0.0219266571275691,-0.317286382865284,-0.2468252169628
125,"Interferon",-0.14645718342713,-0.0167453849965548,-0.0993675438648169,0.0470896395623126
125,"APP_CD74",0.787722933996746,0.85192748385454,0.362341138852887,-0.425381795143859
125,"PTPRC_MRC1",0.546016280624929,0.513761388473009,0.101247395060201,-0.444768885564728
126,"Homeostatic",-0.0590894686441868,-0.117384245916615,-0.309782751085347,-0.250693282441161
126,"MHCII",-0.347320701111332,0.147291338935365,-0.465474992204008,-0.118154291092677
126,"Complement",-0.193287793734096,0.107034637119756,-0.561742491377535,-0.36845469764344
126,"Phagocytic",-0.200682512649153,-0.0183580096235422,-0.293369098318477,-0.0926865856693238
126,"Interferon",-0.0246453606393841,0.0842431323326292,-0.111577093241787,-0.0869317326024033
126,"APP_CD74",0.612596286950769,0.677797543111701,0.0750754801400074,-0.537520806810762
126,"PTPRC_MRC1",0.251704873187474,0.452214426915233,0.00493429898900903,-0.246770574198465
127,"Homeostatic",-0.237597977774484,0.168049865618287,-0.202340757644646,0.0352572201298383
127,"MHCII",-0.401165337945743,0.365332480366573,-0.391743911180802,0.00942142676494118
127,"Complement",-0.356988425809889,0.496939485076658,-0.718858764866529,-0.361870339056639
127,"Phagocytic",-0.0936020917807642,0.125139834322657,-0.357812873344354,-0.26421078156359
127,"Interferon",-0.055049973105983,0.178930650875289,-0.17484705477724,-0.119797081671257
127,"APP_CD74",0.518041596014512,1.14380590403565,0.31505024411035,-0.202991351904162
127,"PTPRC_MRC1",0.175101111691656,0.32034974865899,0.0752707634406623,-0.0998303482509934
128,"Homeostatic",-0.292628000492146,0.00300011036700496,-0.190535517353093,0.102092483139053
128,"MHCII",-0.581113912084279,-0.13640670476878,-0.445352591435096,0.135761320649183
128,"Complement",-0.350094426972527,0.372340832832039,-0.539530255543065,-0.189435828570538
128,"Phagocytic",-0.0373510920715784,0.0683091103925285,-0.109108442572145,-0.0717573505005661
128,"Interferon",-0.164374973711503,0.0482339469964992,-0.0708408996515723,0.0935340740599311
128,"APP_CD74",0.434782920410208,0.910001491608767,-0.145233989053173,-0.580016909463381
128,"PTPRC_MRC1",-0.105832434710035,0.416417643434364,0.601676192293656,0.70750862700369
129,"Homeostatic",-0.160580214555872,0.161708446674192,-0.205925738261506,-0.0453455237056339
129,"MHCII",-0.464830180220252,0.231131694688715,-0.402508072093758,0.0623221081264935
129,"Complement",-0.109371982764054,0.455887943540084,-0.453218343150055,-0.343846360386002
129,"Phagocytic",-0.173175501812416,0.104740795930467,-0.197239825874307,-0.0240643240618909
129,"Interferon",-0.104996164276233,0.095657883479123,-0.135830569323353,-0.0308344050471201
129,"APP_CD74",0.57067960162997,0.725546397852141,0.260094582020546,-0.310585019609423
129,"PTPRC_MRC1",0.409681800675592,0.578795875367842,-0.240889588967923,-0.650571389643516
130,"Homeostatic",-0.302504478249384,-0.0822785282926322,-0.234235891383683,0.0682685868657009
130,"MHCII",-0.0484256509238693,0.195247870647874,-0.481778190773455,-0.433352539849586
130,"Complement",-0.151189480650641,0.00550524523524225,-0.556136425892588,-0.404946945241948
130,"Phagocytic",-0.0493230092809387,0.0218396674680414,-0.300150891227375,-0.250827881946437
130,"Interferon",-0.0760392833915694,0.0142758649020869,-0.0697346536211978,0.00630462977037165
130,"APP_CD74",0.520391270468715,0.870000181009043,0.111162701838343,-0.409228568630372
130,"PTPRC_MRC1",0.26309930732776,0.262642834019792,-0.00900121590570816,-0.272100523233468
131,"Homeostatic",-0.174807028359443,0.00429692115793261,-0.187241793602416,-0.0124347652429728
131,"MHCII",-0.405063905304955,0.398316335617807,-0.322302942944888,0.0827609623600677
131,"Complement",-0.270129574077775,0.450533222020971,-0.577802277235537,-0.307672703157762
131,"Phagocytic",0.00681621435610676,0.053995817057364,-0.209939696899169,-0.216755911255275
131,"Interferon",-0.0652032122834227,-0.00550583255463388,-0.177793654648385,-0.112590442364962
131,"APP_CD74",0.623862197898594,0.767676692779634,0.142772605895666,-0.481089592002928
131,"PTPRC_MRC1",0.359674689468455,0.277668318930927,0.263647708635117,-0.0960269808333375
132,"Homeostatic",-0.163201251729537,-0.00978781820186213,-0.233872190229929,-0.0706709385003917
132,"MHCII",-0.542214315485862,0.368934124348376,-0.299318072639059,0.242896242846803
132,"Complement",-0.145177974543853,0.0282625358641616,-0.449103228544217,-0.303925254000364
132,"Phagocytic",-0.155746422876151,-0.0721313295155009,-0.231048317188138,-0.0753018943119876
132,"Interferon",-0.0720088901809062,0.057431901500499,-0.126639632459602,-0.0546307422786959
132,"APP_CD74",0.530994584426372,0.840682581934374,0.27823583995466,-0.252758744471713
132,"PTPRC_MRC1",0.204181097457384,0.575422658977248,-0.253957512717051,-0.458138610174435
133,"Homeostatic",-0.241870290514273,-0.0931431679796864,-0.199840358335887,0.0420299321783865
133,"MHCII",-0.395608674327217,-0.21582407861113,-0.489014619237106,-0.0934059449098889
133,"Complement",-0.227050747387893,0.179810044380095,-0.594227217395786,-0.367176470007893
133,"Phagocytic",-0.114885092588273,-0.0361075692991526,-0.252057225704293,-0.13717213311602
133,"Interferon",-0.0505550304725238,0.0447767191317184,-0.153106906372518,-0.102551875899994
133,"APP_CD74",0.47018983447015,0.321401287364014,0.284734333346004,-0.185455501124145
133,"PTPRC_MRC1",0.291018472988217,0.0724696629617595,-0.00508502087435845,-0.296103493862576
134,"Homeostatic",-0.13994406489625,-0.156602188302605,-0.213520361793001,-0.0735762968967515
134,"MHCII",-0.40335481751958,0.0118531102403515,-0.598912602026783,-0.195557784507203
134,"Complement",-0.194185822877127,0.100605772222752,-0.706261458021648,-0.512075635144521
134,"Phagocytic",0.0013283935133658,-0.147227849750969,-0.264174321011278,-0.265502714524643
134,"Interferon",-0.0966240287177602,0.0460276086612407,-0.15309283194543,-0.0564688032276694
134,"APP_CD74",0.470609694497738,0.644015840236943,0.0811048472043045,-0.389504847293434
134,"PTPRC_MRC1",0.138006008328539,0.432676965334996,-0.0622637160514235,-0.200269724379963
135,"Homeostatic",-0.269345734444451,-0.0686185487980913,-0.109140287743712,0.160205446700739
135,"MHCII",-0.552981251764061,0.234760200457586,-0.510179304543151,0.0428019472209098
135,"Complement",-0.10543545113319,0.323849690471272,-0.581355082858952,-0.475919631725762
135,"Phagocytic",-0.205188589972049,0.190658527445967,-0.154054556442928,0.0511340335291215
135,"Interferon",-0.17558160727132,0.13029549989001,-0.103774614397746,0.0718069928735741
135,"APP_CD74",0.554133384554473,1.05563074679776,-0.100076862866181,-0.654210247420654
135,"PTPRC_MRC1",0.403118548596536,0.74120086644929,-0.0109771747298281,-0.414095723326364
136,"Homeostatic",-0.252047467786423,0.0602019928923007,-0.184938431811175,0.0671090359752489
136,"MHCII",-0.362328643568346,0.372780490058257,-0.419493934556013,-0.0571652909876668
136,"Complement",-0.187274909642453,0.28341630252915,-0.455537499791638,-0.268262590149185
136,"Phagocytic",-0.00792489306448424,0.171809768499322,-0.279092029753367,-0.271167136688883
136,"Interferon",-0.0279483360900742,0.103205616652472,-0.135114654587764,-0.10716631849769
136,"APP_CD74",0.677919510769031,1.10308869342165,0.258533690252182,-0.419385820516849
136,"PTPRC_MRC1",0.15243297151312,0.434702819971699,-0.262522917217118,-0.414955888730238
137,"Homeostatic",-0.190531974556319,0.121695972306784,-0.106830121288398,0.0837018532679204
137,"MHCII",-0.580449102231865,0.232798525712722,-0.284656340636461,0.295792761595404
137,"Complement",-0.0994181754487825,0.656397997411687,-0.442555467767463,-0.34313729231868
137,"Phagocytic",0.00873922561582435,0.262473000539432,-0.147708260972921,-0.156447486588745
137,"Interferon",-0.154339315958846,0.128179780867773,-0.0415697202313331,0.112769595727513
137,"APP_CD74",0.497200018268327,0.868932311398558,0.0052723921397347,-0.491927626128592
137,"PTPRC_MRC1",0.042388103559673,0.495798742910156,0.419418316644213,0.37703021308454
138,"Homeostatic",-0.207862188458144,0.179098797653408,-0.107446757855411,0.100415430602733
138,"MHCII",-0.146924917694039,0.737802635361275,-0.542268479005811,-0.395343561311772
138,"Complement",-0.250792595399095,0.689654539152954,-0.625879430706827,-0.375086835307732
138,"Phagocytic",-0.099801893099887,0.148098890739014,-0.219807471401102,-0.120005578301215
138,"Interferon",-0.084370042879606,0.0541018854078652,-0.145023233533211,-0.0606531906536053
138,"APP_CD74",0.755550894292732,0.973459285492328,0.173656931534651,-0.581893962758081
138,"PTPRC_MRC1",0.08473470917703,0.389764179196151,0.14288836082335,0.0581536516463203
139,"Homeostatic",-0.180700771617586,-0.199776202559162,-0.250151011690771,-0.0694502400731856
139,"MHCII",-0.472230326406603,0.022438347997623,-0.471711141370455,0.000519185036148229
139,"Complement",-0.041871540436257,-0.0643653710463103,-0.723086817637709,-0.681215277201452
139,"Phagocytic",-0.125870425069689,0.0484159791612151,-0.326544662294416,-0.200674237224727
139,"Interferon",-0.0927332298644936,-0.0116669002639826,-0.158168830178941,-0.0654356003144476
139,"APP_CD74",0.531492793442888,0.841967991234864,0.332615666166144,-0.198877127276745
139,"PTPRC_MRC1",0.82805337435065,0.229730301019353,-0.296221824667653,-1.1242751990183
140,"Homeostatic",-0.316442202001177,0.114620335697403,-0.147376803202679,0.169065398798498
140,"MHCII",-0.453867331937532,0.533987210980619,-0.2485287971482,0.205338534789332
140,"Complement",-0.435125490825081,0.149602030250895,-0.521587923072031,-0.0864624322469497
140,"Phagocytic",-0.0136602239712354,-0.0692564781175314,-0.245694767291863,-0.232034543320628
140,"Interferon",-0.0697824649193949,0.0519068103821733,-0.0771024386582346,-0.00731997373883966
140,"APP_CD74",0.491228245129354,0.960353616472657,0.235055241065671,-0.256173004063683
140,"PTPRC_MRC1",0.0430879562663262,0.377805713693317,0.436498594363991,0.393410638097665
141,"Homeostatic",-0.124533655604861,-0.0903220118893598,-0.161247542018606,-0.0367138864137452
141,"MHCII",-0.335510909903293,0.344089042314175,-0.3964654772457,-0.0609545673424073
141,"Complement",-0.185810363492139,0.388805231148271,-0.536366241570956,-0.350555878078817
141,"Phagocytic",-0.173973719219562,0.140139847382227,-0.128018661260321,0.0459550579592413
141,"Interferon",-0.0539963839131451,0.0384679212970362,-0.0788891065323655,-0.0248927226192204
141,"APP_CD74",0.755122741832926,0.604598446088964,0.0602197359722033,-0.694903005860723
141,"PTPRC_MRC1",0.349400994054347,0.67338401606781,0.0138150247943124,-0.335585969260035
142,"Homeostatic",-0.340573448693075,-0.118094300134315,-0.255671745171689,0.0849017035213865
142,"MHCII",-0.341984558224313,0.054374818518324,-0.249617021102101,0.0923675371222117
142,"Complement",-0.186716666363194,-0.00630811346810812,-0.541409402423303,-0.35469273606011
142,"Phagocytic",-0.0172814688600062,0.0512734221472137,-0.263199170915545,-0.245917702055539
142,"Interferon",-0.0434438464775935,0.0513296970525283,-0.100874065700305,-0.0574302192227112
142,"APP_CD74",0.482742528124585,0.826572584519884,0.335607263571192,-0.147135264553393
142,"PTPRC_MRC1",0.435607042437865,0.480217931823901,0.0765672132930554,-0.35903982914481
143,"Homeostatic",-0.259254146180925,-0.203417398547554,-0.0659315942329351,0.19332255194799
143,"MHCII",-0.337586424680762,0.366321745752502,-0.261310106236918,0.0762763184438446
143,"Complement",-0.14945559713151,0.151356402115053,-0.471928400669359,-0.322472803537849
143,"Phagocytic",-0.211086087149587,-0.016175888458142,-0.065315981620506,0.145770105529081
143,"Interferon",-0.120881651302729,0.0898136670056245,0.00231718017367273,0.123198831476402
143,"APP_CD74",0.678080924556114,0.966704887907961,-0.14836828042075,-0.826449204976864
143,"PTPRC_MRC1",0.49263561078779,0.107268968003544,0.518038736576417,0.0254031257886267
144,"Homeostatic",-0.146478082265859,-0.0822910688460851,-0.174856848727419,-0.0283787664615603
144,"MHCII",-0.341675531851186,0.0144418695224692,-0.458027928212564,-0.116352396361378
144,"Complement",-0.169889621074691,-0.0908863248971931,-0.52907580518489,-0.359186184110199
144,"Phagocytic",-0.103315223651194,-0.0387397703013199,-0.116170086288716,-0.0128548626375216
144,"Interferon",-0.170198644153443,-0.0296430982071465,-0.10864794319009,0.0615507009633528
144,"APP_CD74",0.605297037723871,0.57427975164627,0.0969514699576738,-0.508345567766197
144,"PTPRC_MRC1",0.0804178676179501,0.188368233869715,0.227077037757583,0.146659170139633
145,"Homeostatic",-0.200318992808967,-0.0306814626694802,-0.143609389775973,0.0567096030329937
145,"MHCII",-0.326116961224155,0.152591456785336,-0.58488394786517,-0.258766986641015
145,"Complement",-0.124556628405914,-0.0226475419076518,-0.54207902946073,-0.417522401054816
145,"Phagocytic",-0.176682924829449,-0.0430858855261725,-0.245011884456335,-0.0683289596268857
145,"Interferon",-0.118862995623977,0.0812854152422758,-0.0222460512611915,0.0966169443627852
145,"APP_CD74",0.727520611164375,0.745680221732682,0.132301767043281,-0.595218844121093
145,"PTPRC_MRC1",0.177647649209925,0.307194793218816,-0.077939875031266,-0.255587524241191
146,"Homeostatic",0.00194045416252251,-0.0422185934153298,-0.165176746460915,-0.167117200623438
146,"MHCII",-0.368641457295692,-0.14382580076726,-0.207206330213261,0.161435127082431
146,"Complement",-0.0438690248731359,0.0501046340187025,-0.665439200569508,-0.621570175696372
146,"Phagocytic",-0.0590336466430895,-0.0160097223350894,-0.246385872440684,-0.187352225797595
146,"Interferon",-0.102689293729667,0.0875375847732289,-0.0544833977572208,0.0482058959724463
146,"APP_CD74",0.77019468774819,0.70118127735621,0.0906013651717477,-0.679593322576442
146,"PTPRC_MRC1",0.23623922558576,0.440933780343167,0.41842144463811,0.18218221905235
147,"Homeostatic",-0.252533183068361,0.150164269916058,-0.106799074923075,0.145734108145286
147,"MHCII",-0.421662997483238,0.50927105206783,-0.255281763489085,0.166381233994153
147,"Complement",-0.357743670443642,0.553022033569325,-0.543910203213891,-0.186166532770249
147,"Phagocytic",-0.111125948965976,0.229193289458347,-0.195045542704251,-0.0839195937382747
147,"Interferon",-0.114688363293225,0.116811055153792,-0.112502215883184,0.00218614741004115
147,"APP_CD74",0.685476930197889,0.856793632673751,0.268507809418803,-0.416969120779086
147,"PTPRC_MRC1",-0.11983272610776,0.475109685057352,-0.13255675773586,-0.0127240316281003
148,"Homeostatic",-0.169655522281638,0.122018298615,-0.202585019034828,-0.0329294967531895
148,"MHCII",-0.473439013952172,0.803516642028295,-0.381396612199215,0.092042401752957
148,"Complement",-0.312021468291231,0.14455843618594,-0.499844410364023,-0.187822942072792
148,"Phagocytic",-0.227608390479752,-0.0422986719117118,-0.17923992485372,0.048368465626032
148,"Interferon",-0.052958899594328,0.116146476783315,-0.0838611762838523,-0.0309022766895243
148,"APP_CD74",0.468243455754125,1.16020440009458,0.203052408500239,-0.265191047253886
148,"PTPRC_MRC1",0.309660534404049,0.576289903739935,-0.301797981353318,-0.611458515757367
149,"Homeostatic",-0.174401447596399,0.193841775105823,-0.0439958062974313,0.130405641298968
149,"MHCII",-0.546582327870327,0.620831261591972,-0.396494555646525,0.150087772223802
149,"Complement",0.0692898887437033,0.556754728450795,-0.654600507776611,-0.723890396520315
149,"Phagocytic",-0.187116456906872,0.166106279273354,-0.200726805716698,-0.0136103488098256
149,"Interferon",-0.0223662381954558,0.0704458378512434,-0.0736549400585334,-0.0512887018630777
149,"APP_CD74",0.630177379364546,0.897189171664939,0.152605089323147,-0.477572290041399
149,"PTPRC_MRC1",0.632027536957784,0.818406622874908,0.0109760026086723,-0.621051534349112
150,"Homeostatic",-0.147241962822658,-0.174642930988468,-0.148734747576362,-0.00149278475370468
150,"MHCII",-0.408406742727032,0.630203143117372,-0.255605162508204,0.152801580218828
150,"Complement",-0.0950066972466985,0.321550576868825,-0.69410871887389,-0.599102021627191
150,"Phagocytic",-0.129444185329074,0.138444007223404,-0.240641044518671,-0.111196859189596
150,"Interferon",-0.0178438271028687,0.108050527540306,-0.0333367617200872,-0.0154929346172186
150,"APP_CD74",0.650743616386768,1.12482693272529,0.310912519248121,-0.339831097138647
150,"PTPRC_MRC1",0.254651438932461,0.631331887500935,0.0200389846848449,-0.234612454247616
151,"Homeostatic",-0.348367705312597,-0.0224566866894727,-0.0370556220146984,0.311312083297899
151,"MHCII",-0.461353938607148,0.590318903117034,-0.344745702836821,0.116608235770327
151,"Complement",-0.241335627308204,0.345351112244974,-0.474069151684111,-0.232733524375907
151,"Phagocytic",-0.103064131919273,-0.0865827159224885,-0.0660400133607967,0.0370241185584766
151,"Interferon",-0.206068713016411,-0.00385334810977298,-0.0601499368628038,0.145918776153607
151,"APP_CD74",0.436846824135545,0.99768373203788,0.295677673626333,-0.141169150509212
151,"PTPRC_MRC1",-0.0338557000239609,0.769539306498171,0.207056192611706,0.240911892635667
152,"Homeostatic",-0.282560816392885,-0.028416331525381,-0.161093631740011,0.121467184652874
152,"MHCII",-0.34007118857699,0.037660857338808,-0.40726527360205,-0.0671940850250598
152,"Complement",-0.181126849297054,-0.0284981434699549,-0.636293189047391,-0.455166339750337
152,"Phagocytic",-0.162215100814331,-0.057323580377181,-0.177408067319794,-0.0151929665054631
152,"Interferon",-0.0558535903695621,-0.0281830832599634,-0.0915599921504736,-0.0357064017809114
152,"APP_CD74",0.533605309010459,0.684331824016064,0.1659355018862,-0.367669807124259
152,"PTPRC_MRC1",0.663276310724465,0.562624796960244,0.254486032210917,-0.408790278513549
153,"Homeostatic",-0.285692040796873,-0.0620611216618716,-0.199725412430778,0.0859666283660953
153,"MHCII",-0.643453730800307,0.343437153890753,-0.421563368910748,0.22189036188956
153,"Complement",-0.204371776571194,0.191360144065276,-0.573354027964777,-0.368982251393583
153,"Phagocytic",0.00772699255018971,-0.0642511155504806,-0.199051838147751,-0.206778830697941
153,"Interferon",-0.147853647104692,-0.0560939247854689,-0.0879454390748678,0.0599082080298245
153,"APP_CD74",0.310494356734764,0.939920768576357,0.0772612394995601,-0.233233117235204
153,"PTPRC_MRC1",0.206519738919767,0.1853339944672,0.282129850447424,0.075610111527657
154,"Homeostatic",-0.280671782130703,0.126696590424334,-0.306917652321807,-0.0262458701911042
154,"MHCII",-0.419267087517148,0.276864629873962,-0.525281531258394,-0.106014443741246
154,"Complement",-0.280617070315906,0.38541700723957,-0.690245733424104,-0.409628663108198
154,"Phagocytic",-0.121128835062302,0.0816515030676054,-0.357578519055122,-0.236449683992819
154,"Interferon",-0.0580136764918803,0.126413081304862,-0.115632943452227,-0.0576192669603466
154,"APP_CD74",0.4914827281054,1.14916276590869,0.104580148520431,-0.386902579584969
154,"PTPRC_MRC1",0.3931362498676,0.595514504929295,-0.103379889276148,-0.496516139143749
155,"Homeostatic",-0.249352387593532,0.0649628021946759,-0.130763251558427,0.118589136035105
155,"MHCII",-0.626352169745887,-0.0173833395025827,-0.390613559439722,0.235738610306165
155,"Complement",-0.223364726352433,0.132532442013744,-0.518644325687844,-0.295279599335411
155,"Phagocytic",-0.128946458634366,0.0488726480584702,-0.266999351560055,-0.138052892925689
155,"Interferon",-0.0233423140251374,-0.0188345796379659,-0.162027969997053,-0.138685655971916
155,"APP_CD74",0.47033515611825,0.905602104728691,0.355260708168587,-0.115074447949663
155,"PTPRC_MRC1",0.23398308926239,0.498017753983336,0.0983519419336611,-0.135631147328729
156,"Homeostatic",-0.132116774659303,0.0689124300541427,-0.177320210587496,-0.0452034359281927
156,"MHCII",-0.496871109786786,0.565757060350566,-0.428588563026964,0.0682825467598216
156,"Complement",0.0501998287905002,0.209574935449764,-0.605211936945395,-0.655411765735895
156,"Phagocytic",-0.0569169207334075,0.059628939226458,-0.196854591742201,-0.139937671008793
156,"Interferon",0.00612421408632516,0.107504054476499,-0.0917526487956547,-0.0978768628819799
156,"APP_CD74",0.601548086030286,0.924935898759068,-0.0417632374055755,-0.643311323435861
156,"PTPRC_MRC1",0.473301023532833,0.430309692441831,-0.0908798775390079,-0.564180901071841
157,"Homeostatic",-0.0816142574847483,0.0540695653493082,-0.110542976329601,-0.0289287188448528
157,"MHCII",-0.495702723321923,0.376999228485166,-0.350856410678709,0.144846312643214
157,"Complement",-0.138732583071103,0.49685032016818,-0.600545131243921,-0.461812548172818
157,"Phagocytic",0.101156132742151,0.171149897998268,-0.229888394789072,-0.331044527531223
157,"Interferon",-0.0466254956315208,0.0887215018399665,-0.134220821425515,-0.0875953257939945
157,"APP_CD74",0.521820457680182,1.11273692011311,0.0223213379265618,-0.49949911975362
157,"PTPRC_MRC1",0.435286876313875,0.71525183915096,0.266649015800207,-0.168637860513668
158,"Homeostatic",-0.195414722837493,-0.0153875587010141,-0.240131279110431,-0.044716556272938
158,"MHCII",-0.151006267981469,0.177416213221967,-0.494687579154123,-0.343681311172654
158,"Complement",-0.205720594321272,0.0163676672217524,-0.540994703199385,-0.335274108878114
158,"Phagocytic",-0.0515843108962512,-0.0559018460338582,-0.16543116578307,-0.113846854886818
158,"Interferon",-0.129230745190902,0.0680463494865879,-0.061333351988312,0.0678973932025902
158,"APP_CD74",0.679920553555654,0.853365228740487,-0.0455238328079556,-0.72544438636361
158,"PTPRC_MRC1",0.121286893986683,0.377708685444577,0.193449629541821,0.0721627355551386
159,"Homeostatic",-0.249418121759215,0.151071533231855,-0.126313652749168,0.123104469010047
159,"MHCII",-0.566536779526827,0.243078859413917,-0.428314362839664,0.138222416687164
159,"Complement",-0.00650019801311896,0.320247437595453,-0.470764930392594,-0.464264732379475
159,"Phagocytic",-0.129556395849414,0.0825928228083287,-0.174968560535249,-0.045412164685835
159,"Interferon",-0.144297342092832,0.105550453000456,-0.0833783782498806,0.0609189638429519
159,"APP_CD74",0.52293210998388,0.715195527580297,0.16657669081078,-0.356355419173101
159,"PTPRC_MRC1",0.625452213140983,0.369619205496677,-0.116916347063908,-0.74236856020489
160,"Homeostatic",-0.103969741280183,0.109525049124393,-0.282512248320669,-0.178542507040486
160,"MHCII",-0.513569674963241,0.476872512074855,-0.439589108893396,0.0739805660698446
160,"Complement",-0.155506423964466,0.29936072141934,-0.389843912456212,-0.234337488491746
160,"Phagocytic",-0.253714134759464,0.0112409909521968,-0.12160166687072,0.132112467888744
160,"Interferon",-0.121872179117112,-0.0474593683369277,-0.174204395122834,-0.0523322160057221
160,"APP_CD74",0.373437628965209,0.846754339984805,0.0945349654601363,-0.278902663505073
160,"PTPRC_MRC1",0.379486657694222,0.656847145637833,0.0849225980517972,-0.294564059642425
161,"Homeostatic",-0.12509992378444,-0.0452596137578238,-0.168003389331311,-0.0429034655468709
161,"MHCII",-0.326857211028493,0.366355414278443,-0.241477851411765,0.0853793596167279
161,"Complement",-0.370281283276363,-0.0343365902623898,-0.565049783486875,-0.194768500210512
161,"Phagocytic",-0.231441574440639,0.00323287263427027,-0.193033259976835,0.0384083144638038
161,"Interferon",-0.144210915403011,0.0397691688864704,-0.0270808497664688,0.117130065636542
161,"APP_CD74",0.631280680768933,0.703341334789226,0.264046855686218,-0.367233825082715
161,"PTPRC_MRC1",0.366243239564304,0.402618228940755,0.0400720248133191,-0.326171214750984
162,"Homeostatic",-0.250236726028934,-0.037046075621021,-0.163555277418678,0.0866814486102558
162,"MHCII",-0.232509357806105,-0.274517174714847,-0.427020000361054,-0.194510642554948
162,"Complement",0.029313334587139,0.0713037981238125,-0.614358579806445,-0.643671914393584
162,"Phagocytic",-0.0270443684401246,-0.0869139337480702,-0.201901510455974,-0.174857142015849
162,"Interferon",-0.0810768284971693,0.00196682474255089,-0.0838092551821641,-0.00273242668499478
162,"APP_CD74",0.594428276789956,0.656107857483689,0.206901750521781,-0.387526526268176
162,"PTPRC_MRC1",0.441859275325008,0.196713942507761,0.205404803909866,-0.236454471415142
163,"Homeostatic",-0.332065094965666,0.187730994415473,-0.0612746619129275,0.270790433052739
163,"MHCII",-0.12559505715248,0.362236286515972,-0.380398682813334,-0.254803625660854
163,"Complement",-0.205817172448202,0.682962956922395,-0.521837011930442,-0.316019839482239
163,"Phagocytic",-0.0591702770539529,0.267739498915588,-0.00864892398152391,0.050521353072429
163,"Interferon",-0.151901181967357,0.163685104915234,-0.0424516725326187,0.109449509434738
163,"APP_CD74",0.627524851941064,0.870086890308268,0.000561697847060447,-0.626963154094004
163,"PTPRC_MRC1",0.151135557660027,0.833892362388669,0.446392292613661,0.295256734953634
164,"Homeostatic",-0.116120188859075,-0.0797165623301819,-0.0924756090480608,0.0236445798110144
164,"MHCII",-0.267037437776893,0.370420590002607,-0.379191970903673,-0.11215453312678
164,"Complement",-0.0574313651754752,0.106441175713103,-0.757242080657113,-0.699810715481638
164,"Phagocytic",-0.0313840809049504,-0.08201299848635,-0.372818180615918,-0.341434099710968
164,"Interferon",-0.127025355328859,0.124665705406871,0.009719970563611,0.13674532589247
164,"APP_CD74",0.571051400201232,0.788221344232151,0.347772435084335,-0.223278965116896
164,"PTPRC_MRC1",0.444908323573166,0.49671180268955,-0.211129522160364,-0.656037845733529
165,"Homeostatic",-0.254117478274028,0.0925014893129398,-0.154784878616535,0.0993325996574929
165,"MHCII",-0.469749289875848,-0.087537184880428,-0.44590492239399,0.0238443674818579
165,"Complement",0.0515364969273348,0.224283237070735,-0.590888798950044,-0.642425295877379
165,"Phagocytic",-0.0130179595730722,0.0283642700547304,-0.288638635128244,-0.275620675555171
165,"Interferon",-0.00891615493811144,-0.0193626503246181,-0.0607255370324619,-0.0518093820943505
165,"APP_CD74",0.642329638067659,0.741885881219906,0.0969780992356064,-0.545351538832052
165,"PTPRC_MRC1",0.356231195519427,0.475247456518021,0.0141695454464133,-0.342061650073014
166,"Homeostatic",-0.127638858733662,0.038910551100954,-0.141400812739723,-0.0137619540060616
166,"MHCII",-0.569517374792983,0.345209246791597,-0.419257862215647,0.150259512577336
166,"Complement",-0.0182437032609098,-0.125852861435007,-0.59115737517229,-0.57291367191138
166,"Phagocytic",-0.114339509410828,-0.0401240503841773,-0.122789989432068,-0.00845048002124026
166,"Interferon",-0.0709759390863335,0.085585694934809,-0.0790071700887615,-0.00803123100242797
166,"APP_CD74",0.540762085684288,0.786880878518282,-0.0186376255770727,-0.55939971126136
166,"PTPRC_MRC1",0.349532030563305,0.215616134217261,0.482943171043095,0.133411140479791
167,"Homeostatic",-0.136370387681029,-0.146081605029086,-0.226634383394668,-0.0902639957136387
167,"MHCII",-0.497368634985723,0.172218011846166,-0.440056114229529,0.0573125207561939
167,"Complement",-0.0578809692447326,0.00107444559566872,-0.662423259005017,-0.604542289760284
167,"Phagocytic",-0.126000815495397,0.0412100146013948,-0.295989651563621,-0.169988836068224
167,"Interferon",-0.0385834448080015,0.110905362356228,-0.0790188855426117,-0.0404354407346101
167,"APP_CD74",0.591485528120548,0.823709641925,0.258850889165817,-0.332634638954731
167,"PTPRC_MRC1",0.512881842199908,0.433535614602159,-0.0642968891059251,-0.577178731305833
168,"Homeostatic",-0.0538314802963671,0.0462979243491155,-0.176280572887213,-0.122449092590846
168,"MHCII",-0.319938587034509,0.491882931451923,-0.374475474042368,-0.0545368870078581
168,"Complement",-0.290871765213736,0.296721152477441,-0.535227890972995,-0.244356125759258
168,"Phagocytic",-0.133863207771819,0.0871274924842939,-0.265727045259476,-0.131863837487657
168,"Interferon",0.00209577123096565,0.0484530971412647,-0.089726027722267,-0.0918217989532326
168,"APP_CD74",0.659239922291626,0.67642427115405,0.332566424745437,-0.326673497546189
168,"PTPRC_MRC1",0.159791347999502,0.394185687962211,-0.149996133029192,-0.309787481028694
169,"Homeostatic",-0.112015924770911,0.149994985591105,-0.190108766677332,-0.078092841906421
169,"MHCII",-0.431374479727343,-0.198969562993804,-0.334654344800648,0.0967201349266946
169,"Complement",-0.453083090783173,0.560162852619116,-0.557983006031285,-0.104899915248112
169,"Phagocytic",-0.126802122509899,0.0905775034812693,-0.261106577861611,-0.134304455351712
169,"Interferon",-0.062974684896815,0.217230562391021,-0.0719307255578485,-0.00895604066103345
169,"APP_CD74",0.695706105630097,0.598780922399288,-0.0720306048271243,-0.767736710457221
169,"PTPRC_MRC1",-0.173100447783656,0.678115721903859,0.364346835529043,0.537447283312699
170,"Homeostatic",-0.036556340695177,-0.00970509642742188,-0.248024200141474,-0.211467859446297
170,"MHCII",-0.403290090389649,0.501081189503066,-0.346042637500494,0.0572474528891551
170,"Complement",-0.0662695626751712,0.298603117015723,-0.557444633454194,-0.491175070779023
170,"Phagocytic",0.00442031251888888,0.0409463738842693,-0.182984215768417,-0.187404528287305
170,"Interferon",-0.0594601480329328,0.0314698732706265,-0.000690370564358165,0.0587697774685746
170,"APP_CD74",0.566213219667875,0.987708306124937,-0.055296332653873,-0.621509552321748
170,"PTPRC_MRC1",0.466158560611169,0.507692398934081,0.0458680251008273,-0.420290535510341
171,"Homeostatic",-0.168889591796298,0.096524034313303,-0.133694002248275,0.035195589548023
171,"MHCII",-0.394872260646445,0.489712893673502,-0.606319570533741,-0.211447309887296
171,"Complement",-0.0118418562203887,0.381694944329013,-0.528567862278918,-0.51672600605853
171,"Phagocytic",-0.0859777691656585,0.123202963007705,-0.0235299562472849,0.0624478129183736
171,"Interferon",-0.0868161383584956,0.0865519143592271,-0.0583154664234964,0.0285006719349992
171,"APP_CD74",0.57351706477577,1.09630573598434,-0.174076365377512,-0.747593430153282
171,"PTPRC_MRC1",0.44130778886187,0.312812212030108,0.221013827829223,-0.220293961032648
172,"Homeostatic",-0.275844003809618,-0.00299502190183596,-0.194692621718608,0.0811513820910097
172,"MHCII",-0.148112929047495,0.756682887793811,-0.443523885927151,-0.295410956879656
172,"Complement",-0.0575112245213994,0.2632468158737,-0.600910151555243,-0.543398927033844
172,"Phagocytic",-0.00359446053339879,0.0587223293673757,-0.261403663873168,-0.257809203339769
172,"Interferon",-0.0468488316951839,0.0742750467530456,-0.136633639823254,-0.0897848081280702
172,"APP_CD74",0.574830657396682,1.03574139536648,0.243773298233655,-0.331057359163027
172,"PTPRC_MRC1",0.281234805681154,0.426829373531704,-0.0836917236419399,-0.364926529323094
173,"Homeostatic",-0.183300053789863,0.0990287566762255,-0.190323284342401,-0.00702323055253856
173,"MHCII",-0.42312474317874,0.666828184035913,-0.635932624506492,-0.212807881327752
173,"Complement",-0.349811728213663,0.469603742812713,-0.564908737136528,-0.215097008922865
173,"Phagocytic",-0.238873441160982,0.124139578569925,-0.216179746579917,0.0226936945810646
173,"Interferon",-0.0412132775930678,0.0601561440067406,-0.117002772004379,-0.075789494411311
173,"APP_CD74",0.663522645386164,0.781311835894487,0.0986459267133139,-0.56487671867285
173,"PTPRC_MRC1",0.168384529909746,0.538871103974309,0.167670740257195,-0.000713789652550062
174,"Homeostatic",-0.00144030860782399,0.148382651308296,-0.176711641201963,-0.175271332594139
174,"MHCII",-0.197714503449641,0.2473612487332,-0.351390107484174,-0.153675604034533
174,"Complement",-0.12820033575032,0.234270391808524,-0.64542937963859,-0.51722904388827
174,"Phagocytic",-0.0235497000633472,0.00787141660009236,-0.30905725372835,-0.285507553665003
174,"Interferon",-0.0510937049933323,0.121415966705511,-0.11503954560453,-0.0639458406111979
174,"APP_CD74",0.873120138951456,0.846601794035336,0.181506079394814,-0.691614059556642
174,"PTPRC_MRC1",0.369735658445644,0.631005360914266,-0.0449076199889914,-0.414643278434636
175,"Homeostatic",-0.0887531951683265,0.0411159117492372,-0.0595259822124311,0.0292272129558953
175,"MHCII",-0.26055998246117,0.217572431503998,-0.488666070079769,-0.228106087618599
175,"Complement",-0.114631193968259,0.491218618521164,-0.539665381615735,-0.425034187647476
175,"Phagocytic",-0.274767404887978,-0.000861219553981885,-0.184934588607912,0.0898328162800658
175,"Interferon",-0.124125636580412,0.153580532315841,-0.0984845915084144,0.0256410450719972
175,"APP_CD74",0.740138306039017,0.897758885535892,0.00471713167226675,-0.73542117436675
175,"PTPRC_MRC1",0.401082147004617,0.641776987928492,0.0700296781338808,-0.331052468870736
176,"Homeostatic",-0.215238103298047,-0.0224224773257574,-0.145251980917025,0.0699861223810224
176,"MHCII",-0.660361716892361,0.159294214305609,-0.329726814117526,0.330634902774835
176,"Complement",-0.0922329270331264,0.262169719316243,-0.636665383027,-0.544432455993873
176,"Phagocytic",0.0599624133952854,0.116790710876631,-0.258256397046979,-0.318218810442264
176,"Interferon",-0.0838860686661992,0.191686029980317,-0.101477432465167,-0.0175913637989674
176,"APP_CD74",0.549747567175319,0.785274866222714,0.401373206396262,-0.148374360779057
176,"PTPRC_MRC1",0.256235386425995,0.33816218255774,0.100321719151794,-0.1559136672742
177,"Homeostatic",-0.176574092696614,0.0538271474518247,-0.354617032941527,-0.178042940244912
177,"MHCII",-0.504521916577843,0.13519846195151,-0.545561549699751,-0.0410396331219075
177,"Complement",-0.247110059933447,0.399774160965679,-0.652498156456041,-0.405388096522595
177,"Phagocytic",-0.188701324719185,0.0853557701889323,-0.293211877481845,-0.10451055276266
177,"Interferon",-0.104184195084954,0.00439437184488394,-0.207668615346504,-0.10348442026155
177,"APP_CD74",0.606805650052869,0.563690147910484,-0.0236221250736392,-0.630427775126508
177,"PTPRC_MRC1",0.038317642470399,0.452558788188969,-0.0366472427237473,-0.0749648851941462
178,"Homeostatic",-0.299397496829155,-0.077665551111675,-0.0902570758364007,0.209140420992754
178,"MHCII",-0.208662882026098,0.0274048085264989,-0.335888967638605,-0.127226085612507
178,"Complement",-0.360226609765643,-0.0241958628637217,-0.456526546383156,-0.0962999366175132
178,"Phagocytic",-0.325077232791229,-0.0123780533712016,-0.149421013794917,0.175656218996312
178,"Interferon",-0.1657562288685,-0.00207491925489751,-0.108134496189858,0.0576217326786424
178,"APP_CD74",0.600276428906959,0.793109689550047,0.289631264251024,-0.310645164655935
178,"PTPRC_MRC1",-0.110873643254177,0.278964007407934,-0.0653612254538925,0.0455124178002847
179,"Homeostatic",-0.071720690236995,0.0864757859002077,-0.13883705370842,-0.0671163634714245
179,"MHCII",-0.15603005148564,0.520192835453164,-0.40230378144242,-0.24627372995678
179,"Complement",-0.283039352373494,0.320444211189732,-0.625243424353353,-0.342204071979859
179,"Phagocytic",0.0150193637204776,0.043056863294604,-0.230999429870763,-0.24601879359124
179,"Interferon",0.00264034073667943,0.106287575305043,-0.046670884055749,-0.0493112247924285
179,"APP_CD74",0.591432041461194,1.01520095005293,0.113223429220168,-0.478208612241027
179,"PTPRC_MRC1",0.0105816471522285,0.800298832698859,0.146822701969229,0.136241054817
180,"Homeostatic",-0.266015870032025,0.111781372764879,-0.160053083854266,0.105962786177759
180,"MHCII",-0.212057986254029,0.124341548621397,-0.46987860105973,-0.257820614805702
180,"Complement",-0.319059160656795,0.398290781409692,-0.58524236426193,-0.266183203605135
180,"Phagocytic",-0.0998559071918848,0.0549991703366546,-0.13260417498879,-0.032748267796905
180,"Interferon",-0.0865486964816396,0.147689300840632,-0.030710692478971,0.0558380040026686
180,"APP_CD74",0.588333208629372,0.676655974081631,-0.184779664116769,-0.77311287274614
180,"PTPRC_MRC1",0.339418694626913,0.478707500889256,0.190928950788261,-0.148489743838651
181,"Homeostatic",-0.207404702322875,0.0380071250678934,-0.199160020424615,0.00824468189825914
181,"MHCII",-0.198749713114495,0.288158640657535,-0.491977180042696,-0.293227466928201
181,"Complement",-0.259544219941232,0.154327855729506,-0.497646716802414,-0.238102496861182
181,"Phagocytic",-0.0406034296614232,0.0932483685594385,-0.084921260476261,-0.0443178308148379
181,"Interferon",-0.136759167312206,0.0894218084852608,-0.0492975911555517,0.0874615761566547
181,"APP_CD74",0.780215594428756,0.854617274253504,0.0374614033058983,-0.742754191122858
181,"PTPRC_MRC1",0.591718156587231,0.243933455913065,0.360097031180044,-0.231621125407187
182,"Homeostatic",-0.273445400197613,0.0569742555961007,-0.155734509018831,0.117710891178782
182,"MHCII",-0.471655392657486,0.219701787027675,-0.419618283744015,0.0520371089134716
182,"Complement",-0.5529361062172,0.290202259113726,-0.629114756960777,-0.0761786507435771
182,"Phagocytic",-0.141422710058012,0.0048238438894231,-0.167048340654661,-0.0256256305966492
182,"Interferon",-0.0989409009223555,0.107840781492467,-0.032469528710414,0.0664713722119415
182,"APP_CD74",0.514062723259808,0.796705745562335,-0.217515425165044,-0.731578148424851
182,"PTPRC_MRC1",-0.0535083151527479,0.633571880051427,0.334235883696462,0.38774419884921
183,"Homeostatic",-0.180541348892463,0.0194734370091488,-0.206602533918453,-0.0260611850259907
183,"MHCII",-0.615689733775311,0.384087741052238,-0.313439112789224,0.302250620986087
183,"Complement",-0.157079870047996,0.319773965010454,-0.636594552866126,-0.47951468281813
183,"Phagocytic",-0.0220359410710717,0.0731637527407253,-0.31711193283492,-0.295075991763848
183,"Interferon",-0.0772975562834419,0.122243746476007,-0.118380777191117,-0.0410832209076752
183,"APP_CD74",0.383615615363528,0.93021918423046,0.15201933253669,-0.231596282826839
183,"PTPRC_MRC1",0.135088625283558,0.569673610394549,0.0672168463996247,-0.0678717788839332
184,"Homeostatic",-0.234079700622353,-0.080154386595288,-0.151394427728248,0.0826852728941044
184,"MHCII",-0.37149388570849,0.0268739034280253,-0.220800900444827,0.150692985263663
184,"Complement",-0.33447547945652,0.194215324595402,-0.52416020468919,-0.18968472523267
184,"Phagocytic",-0.251111021920005,0.0410307346885017,-0.126985232394564,0.124125789525442
184,"Interferon",-0.122684666256312,0.0985276367862274,-0.0474844675409601,0.0752001987153519
184,"APP_CD74",0.44962591651359,0.560103311969377,0.25381330386693,-0.19581261264666
184,"PTPRC_MRC1",0.0657888756030839,0.270263643547558,0.123111691552939,0.0573228159498556
185,"Homeostatic",-0.264657508238834,-0.0931790791927683,-0.284266793897687,-0.0196092856588525
185,"MHCII",-0.445680360006599,0.366780403241697,-0.537413173527102,-0.0917328135205027
185,"Complement",-0.340118106862268,0.373234102109936,-0.61857334574564,-0.278455238883372
185,"Phagocytic",0.0650278976513549,0.128659026059866,-0.234282251658697,-0.299310149310052
185,"Interferon",-0.111148825829635,0.0336383558635785,-0.118976226350359,-0.007827400520724
185,"APP_CD74",0.740233778111081,0.958196204257847,-0.104710039099976,-0.844943817211057
185,"PTPRC_MRC1",0.365978545194739,0.640845263380139,0.289773545961373,-0.0762049992333668
186,"Homeostatic",-0.222165096112146,-0.0583604697660156,-0.109747396028515,0.11241770008363
186,"MHCII",-0.594733683672521,0.154373075788658,-0.373237677180161,0.22149600649236
186,"Complement",-0.207984116468318,0.135980672270085,-0.497510075488855,-0.289525959020537
186,"Phagocytic",0.0360270247102585,0.0767368882400168,-0.173188941412929,-0.209215966123187
186,"Interferon",-0.163258991810619,0.0108820769745196,-0.0318597083052502,0.131399283505369
186,"APP_CD74",0.304541284177435,0.491282543184578,-0.0152675570299935,-0.319808841207428
186,"PTPRC_MRC1",0.0265676925086991,0.578593361761587,0.0374120562984221,0.010844363789723
187,"Homeostatic",-0.224560361264086,0.201662583530205,-0.0532370637779241,0.171323297486162
187,"MHCII",-0.200602354222247,0.71093451812022,-0.441719087136198,-0.241116732913952
187,"Complement",-0.118942128014124,0.517835990529792,-0.387560989055704,-0.26861886104158
187,"Phagocytic",-0.0586058857400511,0.0385856021828869,-0.0369331394296866,0.0216727463103644
187,"Interferon",-0.109120512674144,0.070027295381743,-0.0520753692710488,0.0570451434030947
187,"APP_CD74",0.612619693754077,1.0260337631425,-0.0629284172222913,-0.675548110976368
187,"PTPRC_MRC1",0.364674662846701,0.580732823456409,0.159258652956423,-0.205416009890278
188,"Homeostatic",-0.187947559096656,-0.0716078253860839,-0.240234235567367,-0.0522866764707113
188,"MHCII",-0.567012003982943,0.0549411909713419,-0.428279721255802,0.138732282727141
188,"Complement",-0.172141756616676,0.0115618813045122,-0.59601867642628,-0.423876919809605
188,"Phagocytic",-0.147397460982513,0.0071241444521575,-0.277743484925525,-0.130346023943012
188,"Interferon",-0.130198535954616,0.0262129892882172,-0.0658623394273794,0.0643361965272368
188,"APP_CD74",0.561898996544734,0.686107303175858,0.0361930301826959,-0.525705966362038
188,"PTPRC_MRC1",0.287218141042084,0.781843106137051,0.175406648953379,-0.111811492088705
189,"Homeostatic",-0.174214593392395,0.112324692991467,-0.00642205215919372,0.167792541233202
189,"MHCII",-0.515668668341755,0.119658384312909,-0.47230496134393,0.0433637069978253
189,"Complement",-0.0962592346332128,0.232511929599732,-0.591814594222029,-0.495555359588817
189,"Phagocytic",-0.0205084851166599,-0.042512740671785,-0.0962591110523184,-0.0757506259356585
189,"Interferon",-0.0598172327424391,0.0603324639583645,-0.08634651275869,-0.0265292800162509
189,"APP_CD74",0.525778457982249,0.780773332345089,0.135868750678609,-0.38990970730364
189,"PTPRC_MRC1",0.793436355142342,0.816232890994876,0.084827731647277,-0.708608623495065
190,"Homeostatic",-0.278295172798982,0.106581514834978,-0.176449125056934,0.101846047742048
190,"MHCII",-0.489873722057674,0.36698772724258,-0.453828577797836,0.0360451442598385
190,"Complement",0.0612664227483126,0.330256587362021,-0.687944958210373,-0.749211380958686
190,"Phagocytic",0.0697981711287615,-0.0256317668774431,-0.306689676797098,-0.37648784792586
190,"Interferon",-0.126642308555589,0.0244728870823715,-0.0858862757803428,0.040756032775246
190,"APP_CD74",0.558714716566707,0.741883905170974,0.157348763062707,-0.401365953504
190,"PTPRC_MRC1",0.766341809071644,0.44001108548449,0.129765173452306,-0.636576635619338
191,"Homeostatic",-0.275229168644899,0.0434292872967158,-0.182633724859921,0.0925954437849772
191,"MHCII",-0.109868706528398,0.433339219124236,-0.412631528591238,-0.302762822062841
191,"Complement",-0.35463917141737,0.190701674922887,-0.611313852556598,-0.256674681139228
191,"Phagocytic",-0.0933757415051964,0.150424360301982,-0.181726783917646,-0.0883510424124497
191,"Interferon",-0.193632418860453,0.0719429828853256,-0.0733121315288872,0.120320287331566
191,"APP_CD74",0.793185311670918,0.926725969328078,0.0545933392138141,-0.738591972457104
191,"PTPRC_MRC1",0.293724485283822,0.601796073046564,0.22871670309725,-0.0650077821865724
192,"Homeostatic",-0.101475215347926,0.0666499406894288,-0.19136298359591,-0.0898877682479847
192,"MHCII",-0.181953626173452,0.327099744164559,-0.447588016412657,-0.265634390239205
192,"Complement",-0.239073726138883,0.702362228959574,-0.463956879799543,-0.22488315366066
192,"Phagocytic",-0.237920139547215,0.150440487547693,-0.167941266367822,0.0699788731793936
192,"Interferon",-0.154479507378948,0.141753054801051,-0.0451302284800013,0.109349278898946
192,"APP_CD74",0.682066880062661,1.01447605752844,-0.00519740025467647,-0.687264280317338
192,"PTPRC_MRC1",-0.0674699685416672,0.785168941293449,-0.165207784459773,-0.0977378159181058
193,"Homeostatic",-0.105356756568727,-0.162610996453704,0.00172067945187845,0.107077436020606
193,"MHCII",-0.632375973142281,0.116981766665375,-0.612721755746188,0.0196542173960931
193,"Complement",-0.422900961374201,0.216369880921593,-0.39984842417844,0.0230525371957612
193,"Phagocytic",-0.0922585417632076,-0.0102857838973751,-0.131837352210632,-0.0395788104474247
193,"Interferon",-0.0694793000145218,0.0895914237044542,-0.0889997624080675,-0.0195204623935456
193,"APP_CD74",0.403668600110785,0.72929520302158,-0.0328568284782156,-0.436525428589001
193,"PTPRC_MRC1",-0.292477550499216,0.11485577478602,0.0367373470929134,0.329214897592129
194,"Homeostatic",-0.124624361375628,-0.00856049825231412,-0.201145992907986,-0.0765216315323583
194,"MHCII",-0.304064203320945,0.154598994820712,-0.247155090321992,0.0569091129989527
194,"Complement",0.0462508173262968,0.0290320682580971,-0.62395202268429,-0.670202840010587
194,"Phagocytic",0.051717084372827,0.075346283752605,-0.247400457002979,-0.299117541375806
194,"Interferon",-0.108497675347896,0.074312537155221,-0.209620206163179,-0.101122530815283
194,"APP_CD74",0.616107474982388,0.811260164490758,0.154996772254026,-0.461110702728362
194,"PTPRC_MRC1",0.386828973153564,0.331085552210291,0.0170264445065181,-0.369802528647046
195,"Homeostatic",-0.152153253548381,0.108395241986682,-0.22686484360636,-0.0747115900579783
195,"MHCII",-0.361325237522722,0.201088210236567,-0.452241455042571,-0.0909162175198486
195,"Complement",-0.0976724939621595,0.366575344599218,-0.62422372280166,-0.526551228839501
195,"Phagocytic",-0.0806204470911572,0.16862518339847,-0.254875502058447,-0.17425505496729
195,"Interferon",0.00312410084656427,0.0660516820397516,-0.158706169251361,-0.161830270097925
195,"APP_CD74",0.780156607904788,0.740166816506459,0.418287785222433,-0.361868822682355
195,"PTPRC_MRC1",0.815588132304709,0.560657023499429,-0.223430377071551,-1.03901850937626
196,"Homeostatic",-0.0807889552879187,0.170827420518922,-0.0408909603200212,0.0398979949678974
196,"MHCII",-0.426553518651565,0.357895744242632,-0.380901570675223,0.0456519479763415
196,"Complement",-0.212465812274095,0.436562511075767,-0.534528568625626,-0.322062756351531
196,"Phagocytic",-0.0268667220412637,0.15330423349418,-0.150574786773509,-0.123708064732245
196,"Interferon",-0.0798748447415897,0.128539210530912,-0.0238857450392654,0.0559890997023243
196,"APP_CD74",0.669299667429609,0.764649058370444,0.186391745746958,-0.482907921682651
196,"PTPRC_MRC1",0.0339641644159989,0.387233925008369,0.115119060376417,0.081154895960418
197,"Homeostatic",-0.19941433531278,0.175589346855394,-0.123194226594549,0.0762201087182316
197,"MHCII",-0.255403254338054,0.295861575067006,-0.449198683341705,-0.19379542900365
197,"Complement",-0.3962351322986,0.46042364438567,-0.495879062219159,-0.0996439299205583
197,"Phagocytic",-0.210319948120985,0.118430712864836,-0.242162085935322,-0.0318421378143365
197,"Interferon",-0.142500087291089,0.161883467316286,-0.136848715713465,0.00565137157762413
197,"APP_CD74",0.528294799586929,0.797968319712145,0.250452212260319,-0.27784258732661
197,"PTPRC_MRC1",0.0505733016166515,0.555246520676745,-0.164517438826833,-0.215090740443485
198,"Homeostatic",-0.12547197782253,-0.097675522127789,-0.0169060824308305,0.1085658953917
198,"MHCII",-0.381614642233391,0.108322494587887,-0.542822881088143,-0.161208238854753
198,"Complement",-0.272638932804089,-0.0796691871665452,-0.472336627838372,-0.199697695034284
198,"Phagocytic",-0.171065960720806,-0.105684626965213,0.00212023875315176,0.173186199473958
198,"Interferon",-0.132297458544738,-0.0457334187607517,-0.0491937293994255,0.0831037291453124
198,"APP_CD74",0.460567606983846,0.826244638475559,0.0241511439269348,-0.436416463056912
198,"PTPRC_MRC1",-0.0331473835251114,-0.0676203763272275,0.0932171576783043,0.126364541203416
199,"Homeostatic",-0.225699483263561,-0.283919569108582,-0.19629850779865,0.0294009754649109
199,"MHCII",-0.497526936787652,-0.0837144281121035,-0.434182716684252,0.0633442201033997
199,"Complement",-0.239392797965347,-0.222360497020663,-0.721400187140611,-0.482007389175264
199,"Phagocytic",-0.113840182021747,-0.0656515033336064,-0.36194865004767,-0.248108468025923
199,"Interferon",-0.130960135099487,0.0680230858105853,-0.144699533821605,-0.0137393987221183
199,"APP_CD74",0.487112797758687,0.558452975895009,0.417975362241462,-0.0691374355172246
199,"PTPRC_MRC1",0.296990268424837,0.225059589053953,-0.280245252018782,-0.577235520443619
200,"Homeostatic",-0.174565280073995,0.024657160663844,-0.198577266231593,-0.0240119861575983
200,"MHCII",-0.521303304588747,0.431416148937696,-0.470017221871902,0.0512860827168453
200,"Complement",0.00438378010448586,0.617973210928356,-0.595420847049306,-0.599804627153791
200,"Phagocytic",-0.147444848208408,0.147038969105431,-0.191924828163679,-0.0444799799552709
200,"Interferon",-0.0479147251212878,0.0293893174638047,-0.0629981897853986,-0.0150834646641108
200,"APP_CD74",0.543068701639919,0.913927058578064,0.15233549775072,-0.390733203889199
200,"PTPRC_MRC1",0.157724512277161,0.468343117896777,0.0928384953761397,-0.0648860169010213
201,"Homeostatic",-0.271111429562853,-0.153764700145448,-0.117917663437937,0.153193766124915
201,"MHCII",-0.32650176132417,0.175470460079116,-0.494207093395005,-0.167705332070835
201,"Complement",-0.331346359844318,0.147521087078363,-0.583409493155766,-0.252063133311448
201,"Phagocytic",-0.0620807443886503,0.00294410319755975,-0.246436521100301,-0.18435577671165
201,"Interferon",-0.0965879417950827,0.049398526633756,-0.0949263782286982,0.0016615635663845
201,"APP_CD74",0.680081476751961,1.08783393670255,0.22757717197584,-0.452504304776121
201,"PTPRC_MRC1",0.105666677111307,0.60497595422365,-0.0189417718236814,-0.124608448934988
202,"Homeostatic",-0.245928739868309,0.0891213290760366,-0.0754049356757805,0.170523804192528
202,"MHCII",-0.517125434803819,0.384507169182942,-0.553473769893814,-0.0363483350899958
202,"Complement",-0.392306242646311,0.287198702040297,-0.628397539300457,-0.236091296654146
202,"Phagocytic",-0.217665588297439,0.1307200966105,-0.183426890477775,0.0342386978196643
202,"Interferon",-0.159557560251868,0.209925808846962,-0.091724555274524,0.0678330049773437
202,"APP_CD74",0.406323664563675,1.01516539817801,0.145977133574654,-0.260346530989021
202,"PTPRC_MRC1",-0.112958009034409,0.316536841799954,-0.0228782866163795,0.0900797224180297
203,"Homeostatic",-0.264053922159475,-0.068135676208307,-0.20425015978037,0.0598037623791043
203,"MHCII",-0.368229818398075,0.102174681257959,-0.581541927485544,-0.213312109087469
203,"Complement",-0.42090633358692,0.353395430271742,-0.540182313002783,-0.119275979415864
203,"Phagocytic",-0.193415637964751,0.0904456976708548,-0.26644032169982,-0.0730246837350691
203,"Interferon",-0.152106846797533,0.0348477883602153,-0.146107669933604,0.00599917686392942
203,"APP_CD74",0.496281422170269,0.383924272007537,-0.0260896350801733,-0.522371057250443
203,"PTPRC_MRC1",0.470021800064772,0.306797287008016,-0.179274473212149,-0.64929627327692
204,"Homeostatic",-0.228466522814199,-0.124335569281586,-0.243363102512938,-0.014896579698739
204,"MHCII",-0.206923374654662,0.151901921938599,-0.522092885020768,-0.315169510366106
204,"Complement",-0.4020207499335,0.00950752477976756,-0.635531408882993,-0.233510658949493
204,"Phagocytic",-0.180458014683382,0.150809299867798,-0.162655204416154,0.0178028102672281
204,"Interferon",-0.103082998360723,0.0378856776882824,-0.153123272963871,-0.0500402746031479
204,"APP_CD74",0.788104100509546,1.10661427046484,-0.0330639466508138,-0.82116804716036
204,"PTPRC_MRC1",0.360653952229897,0.126622475749561,0.0756791939186182,-0.284974758311279
205,"Homeostatic",-0.158707151181392,-0.0797046040286754,-0.248095962725872,-0.08938881154448
205,"MHCII",-0.204949444820565,0.278894624489562,-0.483928230128236,-0.27897878530767
205,"Complement",-0.276267147283516,0.0120622969234857,-0.645235483081866,-0.36896833579835
205,"Phagocytic",-0.181677295506102,-0.0715137595347044,-0.226993326155505,-0.0453160306494028
205,"Interferon",-0.0604428196709359,-0.0175107811946025,-0.144626247849487,-0.0841834281785514
205,"APP_CD74",0.649391480396128,0.902448060273115,-0.0303525968594868,-0.679744077255615
205,"PTPRC_MRC1",0.184397272080613,0.346938526981777,0.235017264681674,0.0506199926010609
206,"Homeostatic",-0.233045573986821,-0.0494782123551444,-0.0787029578430634,0.154342616143758
206,"MHCII",-0.404665288211093,0.0174217098601536,-0.314875319949801,0.089789968261292
206,"Complement",-0.0653546632053148,-0.206907496355124,-0.592699599259997,-0.527344936054682
206,"Phagocytic",-0.109890615641097,-0.124941088587731,-0.17050685659548,-0.0606162409543831
206,"Interferon",-0.0910370520651264,0.0139375331476573,-0.0847127552066675,0.00632429685845889
206,"APP_CD74",0.534852560345853,0.493351785191672,0.359720815854396,-0.175131744491457
206,"PTPRC_MRC1",0.453932266628217,0.0791046405538736,-0.0896766412869428,-0.543608907915159
207,"Homeostatic",-0.0720966464560572,0.0356903297295039,-0.148122672727761,-0.0760260262717039
207,"MHCII",-0.385636351835813,0.0811995552865516,-0.424851924785187,-0.0392155729493746
207,"Complement",-0.296381908046643,0.151439918490565,-0.605631991389501,-0.309250083342858
207,"Phagocytic",-0.0687645021114586,0.11197008039712,-0.276762057646177,-0.207997555534718
207,"Interferon",-0.0345265023880911,0.119917909213229,-0.0928347109862906,-0.0583082085981995
207,"APP_CD74",0.548418299739309,0.639499140126769,0.284145354500924,-0.264272945238384
207,"PTPRC_MRC1",0.127096948118043,0.420394716415584,-0.123587571802245,-0.250684519920287
208,"Homeostatic",-0.221186743119005,0.00253494101063669,-0.215309267201055,0.00587747591795038
208,"MHCII",-0.54818786161932,0.327460395714889,-0.376334013465631,0.171853848153689
208,"Complement",-0.333913303825681,0.519802733513107,-0.653219453960152,-0.319306150134471
208,"Phagocytic",-0.0459914100973874,0.0332782135567815,-0.324604028268523,-0.278612618171135
208,"Interferon",-0.0346420117028732,0.169007166578402,-0.151220945151275,-0.116578933448402
208,"APP_CD74",0.560483365661077,1.0828374314629,0.277000892645357,-0.283482473015719
208,"PTPRC_MRC1",0.185068166247837,0.178141264115887,0.088743566207569,-0.0963246000402684
209,"Homeostatic",-0.180558977609796,0.156114078259645,-0.228721929441413,-0.0481629518316168
209,"MHCII",-0.321908886832025,0.394200703607227,-0.340911756140256,-0.0190028693082311
209,"Complement",-0.445988463329589,0.602598522257034,-0.65910350230805,-0.213115038978462
209,"Phagocytic",-0.167057173153225,0.251876127932364,-0.275913780896668,-0.108856607743443
209,"Interferon",-0.0633482418766901,0.0437575835214778,-0.0396019403485648,0.0237463015281253
209,"APP_CD74",0.562722011351523,1.04198284710789,0.0952132634564897,-0.467508747895033
209,"PTPRC_MRC1",0.0517855317797348,0.780714460433456,0.327924507659909,0.276138975880174
210,"Homeostatic",-0.266982701494639,-0.00401162824976111,-0.0955691590721335,0.171413542422506
210,"MHCII",-0.392220242082565,0.261247207727699,-0.40345540423268,-0.0112351621501149
210,"Complement",-0.351236894205026,0.271153604304292,-0.494265391177364,-0.143028496972338
210,"Phagocytic",-0.147739653387172,0.0669947901522093,-0.162647527133984,-0.0149078737468119
210,"Interferon",-0.180169338437771,0.030658629572453,-0.0701360614401353,0.110033276997636
210,"APP_CD74",0.340525735816495,1.14715612823286,0.245903762877055,-0.0946219729394404
210,"PTPRC_MRC1",0.196384198092402,0.551688191699805,-0.0564953230430705,-0.252879521135473
211,"Homeostatic",-0.271845874928734,0.101530046757351,-0.13077756334534,0.141068311583394
211,"MHCII",-0.287974414244032,-0.292200510945542,-0.372057874366774,-0.0840834601227423
211,"Complement",-0.179046168047082,0.267393895193367,-0.607665723055377,-0.428619555008295
211,"Phagocytic",-0.136452259673454,0.0705110207602197,-0.329646117331318,-0.193193857657864
211,"Interferon",-0.0326765722490746,0.0208292546722983,-0.101669494645653,-0.0689929223965784
211,"APP_CD74",0.508015745728823,0.571498500662592,0.247286707713635,-0.260729038015188
211,"PTPRC_MRC1",-0.0514585478253009,0.341439456456551,0.247590978216538,0.299049526041839
212,"Homeostatic",-0.149816892118814,-0.082901138801329,-0.213255909809705,-0.0634390176908915
212,"MHCII",-0.474271376123577,0.19153143627348,-0.4493241919165,0.0249471842070772
212,"Complement",-0.310598585481721,-0.0221810425425358,-0.459701819240755,-0.149103233759034
212,"Phagocytic",-0.194112457122783,-0.0399523310177982,-0.261464595011905,-0.0673521378891213
212,"Interferon",-0.101329013260813,0.000659177606310117,-0.120750795123831,-0.0194217818630182
212,"APP_CD74",0.486060622466128,0.822202914283023,0.165543159266874,-0.320517463199253
212,"PTPRC_MRC1",0.0962872882362281,0.324369274823908,-0.17910198972367,-0.275389277959898
213,"Homeostatic",-0.303005600020662,0.0533979815678664,-0.0278299195952759,0.275175680425387
213,"MHCII",-0.221953930482748,0.146453979662939,-0.457881928218056,-0.235927997735308
213,"Complement",-0.364177459592271,0.147762214554994,-0.674772820657324,-0.310595361065054
213,"Phagocytic",-0.1227208281752,0.112643565639322,-0.27260046722596,-0.14987963905076
213,"Interferon",-0.167061452037098,0.0389976918819162,-0.0684014791145072,0.0986599729225903
213,"APP_CD74",0.640416021416716,0.565431334418656,0.0376548559597995,-0.602761165456916
213,"PTPRC_MRC1",0.395932999335449,0.735828347033111,0.315025518183202,-0.0809074811522471
214,"Homeostatic",-0.227441470843065,0.116739527883101,-0.171661582345463,0.0557798884976019
214,"MHCII",-0.594542751296587,0.25746696579595,-0.378017559685809,0.216525191610778
214,"Complement",-0.0747439635082687,0.314337508520614,-0.607964793462715,-0.533220829954446
214,"Phagocytic",0.0565637383662038,0.0700333598915406,-0.198248782378769,-0.254812520744972
214,"Interferon",0.00965070684070924,0.117019505776031,0.00622311606337407,-0.00342759077733518
214,"APP_CD74",0.482935390540197,0.748088168401557,-0.24166608928741,-0.724601479827607
214,"PTPRC_MRC1",0.603767774243511,0.589081388012881,0.439509830273432,-0.164257943970079
215,"Homeostatic",0.0203266108655388,0.181857521352278,-0.0240803020586282,-0.044406912924167
215,"MHCII",-0.433024818434316,-0.348302590805888,-0.440111915459078,-0.00708709702476179
215,"Complement",0.118770747491335,0.259585529068273,-0.565706519686263,-0.684477267177597
215,"Phagocytic",-0.0662284932536094,0.159479565957251,-0.0910669764537331,-0.0248384832001237
215,"Interferon",0.00269352555520836,0.0268600622722318,0.0335650856804461,0.0308715601252377
215,"APP_CD74",0.643822541299635,0.278106742102346,-0.101930350947338,-0.745752892246974
215,"PTPRC_MRC1",0.739862379795896,0.487579050959691,0.391981514678683,-0.347880865117213
216,"Homeostatic",-0.0828665929677306,-0.037405316177577,-0.192444819944003,-0.109578226976272
216,"MHCII",-0.535737780400427,0.0722690887592849,-0.525727896131262,0.010009884269165
216,"Complement",-0.222304221595268,0.597763355417135,-0.584110353905575,-0.361806132310306
216,"Phagocytic",-0.0512617053325283,0.0729857936623678,-0.265777666229526,-0.214515960896997
216,"Interferon",-0.0330467859627063,-0.0259575246448215,-0.0547551094166888,-0.0217083234539825
216,"APP_CD74",0.529949788224777,0.746477007338502,0.201403434644596,-0.328546353580181
216,"PTPRC_MRC1",0.0257482574507381,0.387051737351859,-0.113755799989555,-0.139504057440293
217,"Homeostatic",-0.179647540501813,0.0292332741128991,-0.223277413298087,-0.0436298727962736
217,"MHCII",-0.309988103824604,0.407916267876995,-0.558785312064083,-0.248797208239479
217,"Complement",-0.358884305018513,0.201258999639568,-0.555596146551035,-0.196711841532522
217,"Phagocytic",-0.0826612355614234,-0.0556957674627049,-0.297576736920624,-0.214915501359201
217,"Interferon",-0.151032808576583,0.195421809656331,-0.185841368499714,-0.0348085599231309
217,"APP_CD74",0.53629184611549,0.709348125797772,0.178526748729726,-0.357765097385764
217,"PTPRC_MRC1",-0.0162233956653717,0.577981954815005,0.154632644196516,0.170856039861888
218,"Homeostatic",-0.172113912401011,-0.0914848854915658,-0.15693370639253,0.0151802060084816
218,"MHCII",-0.387318269712162,0.747991149049037,-0.478125751474384,-0.0908074817622216
218,"Complement",-0.250438415476552,0.183735815940741,-0.545391857537853,-0.294953442061301
218,"Phagocytic",-0.247396419134676,0.0430956330969499,-0.296445769317816,-0.04904935018314
218,"Interferon",-0.186195488277545,-0.00706556025386297,-0.0994681722238816,0.0867273160536635
218,"APP_CD74",0.463336582954624,0.916516749219452,0.263586305997198,-0.199750276957425
218,"PTPRC_MRC1",0.130113161243659,0.291743494613915,-0.178192609347028,-0.308305770590687
219,"Homeostatic",-0.176830683582592,0.195505125258885,-0.176424195124634,0.000406488457958376
219,"MHCII",-0.357232674624931,0.213299678987223,-0.275044001685138,0.0821886729397929
219,"Complement",-0.271561258185367,0.29432072557567,-0.706914998331638,-0.435353740146271
219,"Phagocytic",-0.219179981488944,0.11165363568785,-0.342246260791868,-0.123066279302924
219,"Interferon",-0.084652367908751,0.16412705400909,-0.115456112076171,-0.0308037441674197
219,"APP_CD74",0.453374071552833,0.91495323585813,0.291001303891666,-0.162372767661167
219,"PTPRC_MRC1",0.0841898281828179,0.860573587859317,0.0574140564975607,-0.0267757716852572
220,"Homeostatic",-0.111857921464081,-0.0529122035987023,-0.0650838472171342,0.0467740742469467
220,"MHCII",-0.133510174423491,0.0699051516238679,-0.59825478014353,-0.464744605720039
220,"Complement",-0.171387535761894,0.172620877457867,-0.766484817175334,-0.59509728141344
220,"Phagocytic",-0.0454632113629302,0.128286938058025,-0.413740317894312,-0.368277106531382
220,"Interferon",-0.048915970649658,0.115141264355861,-0.0599515315572334,-0.0110355609075753
220,"APP_CD74",0.838781558825629,0.65787812945533,0.119765397215645,-0.719016161609984
220,"PTPRC_MRC1",0.171721918872488,0.651769277935989,-0.122459353153683,-0.29418127202617
221,"Homeostatic",-0.114181300331103,0.0978723909066951,-0.221686986875375,-0.107505686544272
221,"MHCII",-0.207257681101553,0.448620345232269,-0.432205226402523,-0.22494754530097
221,"Complement",-0.247251444347249,0.234505196941302,-0.718102752913424,-0.470851308566175
221,"Phagocytic",-0.15722517218691,0.0926062941887244,-0.266986697049209,-0.109761524862298
221,"Interferon",-0.095273409135388,0.00570408188870878,-0.102696584809004,-0.0074231756736157
221,"APP_CD74",0.65307189894119,0.833747123147797,0.181820956566368,-0.471250942374822
221,"PTPRC_MRC1",0.0668273376960079,0.683070283165082,-0.130367927293978,-0.197195264989986
222,"Homeostatic",-0.232151579770854,0.0808461509076737,-0.291563543947898,-0.0594119641770438
222,"MHCII",-0.354820456421395,0.0749908236961557,-0.33923450437439,0.0155859520470055
222,"Complement",-0.288500546228778,0.534533513061442,-0.632042115829761,-0.343541569600984
222,"Phagocytic",-0.0657414921179602,0.088120489865981,-0.265733585702922,-0.199992093584962
222,"Interferon",-0.129139637999576,0.0404407434281213,-0.0955549554118868,0.0335846825876887
222,"APP_CD74",0.578448563524011,0.879372474836819,-0.0606448624385516,-0.639093425962563
222,"PTPRC_MRC1",-0.0466632300930123,0.662675546470382,0.326032856701157,0.372696086794169
223,"Homeostatic",-0.184865272383361,0.14124486805719,-0.170269385351954,0.014595887031407
223,"MHCII",-0.555012465641482,0.987623908247517,-0.380905282550237,0.174107183091245
223,"Complement",-0.00589492359436997,0.498180307744101,-0.590271985945399,-0.584377062351029
223,"Phagocytic",-0.193169285237369,0.0956865926609586,-0.303384604236257,-0.110215318998888
223,"Interferon",-0.17876643117141,0.0621490255382858,-0.0688739967192472,0.109892434452163
223,"APP_CD74",0.33671374782846,1.39547106733837,0.119277823956494,-0.217435923871965
223,"PTPRC_MRC1",0.687048641977753,0.651189809097084,0.161739855470016,-0.525308786507737
224,"Homeostatic",-0.182167390218696,0.040119926299166,-0.0832740810487874,0.0988933091699082
224,"MHCII",-0.482164137398552,-0.104866387502013,-0.37259535628564,0.109568781112913
224,"Complement",-0.250550588375554,0.370447420476704,-0.604305760465434,-0.35375517208988
224,"Phagocytic",-0.230124514747219,0.107995901127315,-0.344366645558449,-0.114242130811231
224,"Interferon",-0.0925808245338226,0.0807039075785134,-0.155974553578878,-0.0633937290450555
224,"APP_CD74",0.519456255728524,0.538187746641317,0.301515746195258,-0.217940509533266
224,"PTPRC_MRC1",0.44376714169945,0.33287480328497,0.0302100410569405,-0.41355710064251
225,"Homeostatic",-0.21410988238032,-0.0199810281287895,-0.1920588115496,0.0220510708307197
225,"MHCII",-0.231454685249127,0.251404042299249,-0.508937151364033,-0.277482466114906
225,"Complement",-0.300527264605003,0.449123861249835,-0.512708354494236,-0.212181089889233
225,"Phagocytic",-0.0391478381019503,0.0254281619966957,-0.198066855128574,-0.158919017026623
225,"Interferon",-0.156266250811205,0.197022332069908,-0.156986521007303,-0.000720270196098299
225,"APP_CD74",0.666380504311436,0.904557745227147,0.173021210530879,-0.493359293780557
225,"PTPRC_MRC1",0.206784293064734,0.346487685697726,0.0406503873771868,-0.166133905687548
226,"Homeostatic",-0.113194626826694,0.0771295646109972,-0.123595253341246,-0.0104006265145516
226,"MHCII",-0.298130795823343,0.365793893847783,-0.121460711210259,0.176670084613084
226,"Complement",-0.209379073565454,0.369129310751538,-0.411870293860649,-0.202491220295195
226,"Phagocytic",-0.0788854548338222,0.072322183925399,-0.0807512191008196,-0.00186576426699744
226,"Interferon",-0.042188091294874,0.127173081971432,-0.0953146028017353,-0.0531265115068614
226,"APP_CD74",0.577044124523974,1.05299042777004,0.129958399717334,-0.44708572480664
226,"PTPRC_MRC1",0.356091957121435,0.496889134167106,0.576928209672434,0.220836252550998
227,"Homeostatic",-0.105758508168462,0.0932914085017257,-0.0989948225715794,0.00676368559688295
227,"MHCII",-0.384459750087618,0.567281220175463,-0.556294099460632,-0.171834349373015
227,"Complement",-0.0592144445341055,0.457340805188991,-0.573544237992888,-0.514329793458782
227,"Phagocytic",-0.100429315140821,0.114169796184989,-0.163633945689944,-0.0632046305491235
227,"Interferon",-0.0460512184724868,0.0918519062144659,-0.0990337175711254,-0.0529824990986386
227,"APP_CD74",0.571416544234113,1.04342711902954,0.108643718186553,-0.46277282604756
227,"PTPRC_MRC1",0.542160074049142,0.819974611083768,-0.13767993559206,-0.679840009641203
228,"Homeostatic",-0.137088709643104,0.0921216134129445,-0.202150912641742,-0.0650622029986377
228,"MHCII",-0.11774957894354,-0.0224049024472353,-0.205024491640822,-0.0872749126972825
228,"Complement",-0.185117543649579,0.227307584805593,-0.441823469252081,-0.256705925602501
228,"Phagocytic",-0.104026023658404,-0.0336242341256718,-0.163669772469348,-0.0596437488109442
228,"Interferon",0.00189883119562807,0.11437190832435,-0.0744479894367143,-0.0763468206323424
228,"APP_CD74",0.577131271576901,0.500964888747963,0.215063758641642,-0.362067512935259
228,"PTPRC_MRC1",0.209948586522306,0.412443441124328,0.287406270454958,0.0774576839326518
229,"Homeostatic",-0.137907678506209,0.0620306431304957,-0.229964209070567,-0.0920565305643576
229,"MHCII",-0.58987720667432,0.264668621379644,-0.323695363184544,0.266181843489777
229,"Complement",0.00344924244275273,0.144927862806282,-0.605506786793727,-0.60895602923648
229,"Phagocytic",-0.10279383352231,0.0495296059791143,-0.256339410165375,-0.153545576643065
229,"Interferon",-0.000621112420353828,0.157178303839921,-0.12274336003443,-0.122122247614076
229,"APP_CD74",0.730802363352285,0.623177099528125,0.430635032071841,-0.300167331280443
229,"PTPRC_MRC1",0.66949386033097,0.458335521057615,-0.13660705689686,-0.806100917227831
230,"Homeostatic",-0.260908341794923,0.035139501755584,-0.078846798123501,0.182061543671422
230,"MHCII",-0.290347299859633,0.229592150041402,-0.508965215889132,-0.218617916029499
230,"Complement",-0.0793459362264007,0.304614123637748,-0.689548716157292,-0.610202779930891
230,"Phagocytic",-0.0954265782718073,0.0116676945170218,-0.24297929092894,-0.147552712657133
230,"Interferon",-0.140923856486771,0.0611332639831598,-0.0308278357031169,0.110096020783654
230,"APP_CD74",0.62633893342516,0.748790657891828,-0.0415901853548435,-0.667929118780003
230,"PTPRC_MRC1",0.659968007073413,0.296179020748418,0.105058417144884,-0.554909589928529
231,"Homeostatic",-0.266869298097492,-0.0360047021187453,-0.0942757859857405,0.172593512111751
231,"MHCII",-0.167318934985416,0.180638181889026,-0.508036532949001,-0.340717597963585
231,"Complement",-0.228849618420733,-0.12248279840145,-0.459697267879336,-0.230847649458603
231,"Phagocytic",-0.0302328809655423,-0.0737437083121407,-0.0778348674185795,-0.0476019864530372
231,"Interferon",-0.0686592191402428,0.0182324082849547,-0.0890606206293994,-0.0204014014891566
231,"APP_CD74",0.704045335003666,0.533242428311593,-0.0442135230622093,-0.748258858065875
231,"PTPRC_MRC1",0.170441138839058,0.383906621305567,0.0899658877704218,-0.0804752510686361
232,"Homeostatic",-0.217080584002135,-0.00228149879774659,-0.0569603273148555,0.160120256687279
232,"MHCII",-0.572670956634097,0.417791104855236,-0.426523136840276,0.146147819793821
232,"Complement",-0.323676178749967,0.182719614426726,-0.521710096395703,-0.198033917645736
232,"Phagocytic",-0.102959869410345,0.00132854228219442,-0.165776413795484,-0.0628165443851389
232,"Interferon",-0.107371640817787,0.0619817638509623,-0.140227062696579,-0.0328554218787919
232,"APP_CD74",0.436984137840041,0.834925912971141,0.0987653851783313,-0.338218752661709
232,"PTPRC_MRC1",0.00357587797252457,0.314159653767286,0.136799956254785,0.133224078282261
233,"Homeostatic",-0.0410355864112522,0.0393167098140913,-0.201882620782821,-0.160847034371569
233,"MHCII",-0.393963009217121,0.209334892556392,-0.258447768913425,0.135515240303696
233,"Complement",-0.323601653810913,0.44693473972374,-0.690493958061955,-0.366892304251042
233,"Phagocytic",-0.125465471714561,0.221133413254875,-0.3379070016993,-0.212441529984739
233,"Interferon",-0.16496316527807,0.20308675946731,-0.106140381196901,0.05882278408117
233,"APP_CD74",0.505738857908696,0.698616742513371,0.146046917282917,-0.359691940625779
233,"PTPRC_MRC1",0.238439500203639,0.422321075174365,0.0572364366129494,-0.181203063590689
234,"Homeostatic",-0.25414814184776,-0.0502091738669707,-0.13132001214551,0.12282812970225
234,"MHCII",-0.356359241091382,0.070265317790758,-0.409325242297292,-0.0529660012059096
234,"Complement",-0.305135533136493,0.257503369022716,-0.56043340649636,-0.255297873359867
234,"Phagocytic",-0.0478762415969608,0.00352331235225128,-0.237381517275162,-0.189505275678201
234,"Interferon",-0.146273257772821,0.117424528326901,-0.132717290382806,0.0135559673900148
234,"APP_CD74",0.583190946752627,0.770632013976437,-0.0107072415805915,-0.593898188333218
234,"PTPRC_MRC1",0.429010546095701,0.373167364846673,0.193602094890834,-0.235408451204867
235,"Homeostatic",-0.208328200035226,0.00655920155061226,-0.202003768466092,0.00632443156913332
235,"MHCII",-0.292935217108058,0.319950414417973,-0.438008844947438,-0.14507362783938
235,"Complement",-0.1187810284125,0.195578561452619,-0.631976057894158,-0.513195029481657
235,"Phagocytic",-0.139238249879585,0.0433135092921384,-0.310275192792087,-0.171036942912502
235,"Interferon",-0.0551484084952204,0.0263788976131077,-0.0947971271518791,-0.0396487186566587
235,"APP_CD74",0.725236714642342,0.895131539063048,-0.0495519969856782,-0.77478871162802
235,"PTPRC_MRC1",0.212785617075217,0.367599615567927,0.391944007577924,0.179158390502706
236,"Homeostatic",-0.102907690982199,-0.0516487253400854,-0.17231738790047,-0.0694096969182714
236,"MHCII",-0.330222333565759,-0.0661729355157959,-0.438600374534857,-0.108378040969098
236,"Complement",-0.303996365639472,0.15047501677534,-0.598842016575187,-0.294845650935715
236,"Phagocytic",-0.142183149809644,0.0408743938247601,-0.218195045304233,-0.0760118954945888
236,"Interferon",-0.113307566232441,-0.112459267172302,-0.0898381133945653,0.0234694528378755
236,"APP_CD74",0.657233590181203,0.740801105347547,0.0711960824709455,-0.586037507710258
236,"PTPRC_MRC1",0.338876662803144,0.337255126688064,0.0517060448470174,-0.287170617956127
237,"Homeostatic",-0.118165649012929,-0.113687685751279,-0.261950896044347,-0.143785247031418
237,"MHCII",-0.415098734018607,0.117257504812463,-0.441825575066787,-0.0267268410481796
237,"Complement",-0.18901324622163,0.0458220978502061,-0.596420187958831,-0.4074069417372
237,"Phagocytic",-0.111867532431299,-0.0616229139338501,-0.252411732069518,-0.140544199638219
237,"Interferon",-0.036576234631579,-0.0319949040265804,-0.0710998858446625,-0.0345236512130835
237,"APP_CD74",0.57819851059063,0.59394213262677,-0.0324203963100906,-0.61061890690072
237,"PTPRC_MRC1",0.132341205601501,0.458743893175187,0.0874715417797184,-0.0448696638217822
238,"Homeostatic",-0.209045191993347,0.103697845387887,-0.268352410374888,-0.0593072183815413
238,"MHCII",-0.390258527835272,0.205654421802697,-0.559955155407022,-0.16969662757175
238,"Complement",-0.277489759389046,0.316061690383746,-0.711952011035626,-0.43446225164658
238,"Phagocytic",-0.149454277633715,0.0346130757554195,-0.275827200867553,-0.126372923233838
238,"Interferon",-0.0588001637053701,0.0299820926174362,-0.159104286888595,-0.100304123183225
238,"APP_CD74",0.558417143152543,0.930919973893192,-0.00894897093378563,-0.567366114086329
238,"PTPRC_MRC1",0.489500761757175,0.44446103059478,0.0574061100887122,-0.432094651668463
239,"Homeostatic",-0.166919206725655,-0.0185029100557756,-0.130510374008655,0.0364088327170001
239,"MHCII",-0.253094573169395,0.432599368753827,-0.494557555647566,-0.241462982478171
239,"Complement",0.158612967688208,0.184745220041885,-0.512331553363728,-0.670944521051936
239,"Phagocytic",-0.267903293651965,-0.0185767989447223,-0.156142155092552,0.111761138559412
239,"Interferon",-0.0852126359865971,0.115683896900605,-0.0510167129231727,0.0341959230634244
239,"APP_CD74",0.809979892347162,0.991682510461556,-0.203192016804212,-1.01317190915137
239,"PTPRC_MRC1",0.776394629316579,0.551584320188619,0.468939034356346,-0.307455594960233
240,"Homeostatic",-0.19315826224104,0.0922649736806707,-0.12448726638245,0.0686709958585905
240,"MHCII",-0.52216242698791,0.177261038649744,-0.56196250482569,-0.0398000778377797
240,"Complement",-0.308210881742242,0.349500225309863,-0.605524420341813,-0.29731353859957
240,"Phagocytic",-0.0123075506519367,0.174724458128009,-0.130213311633309,-0.117905760981372
240,"Interferon",0.0187121492469672,0.0925700499306213,-0.0650851641532823,-0.0837973134002495
240,"APP_CD74",0.587086087572333,0.763684983484653,-0.0460692877248366,-0.63315537529717
240,"PTPRC_MRC1",0.410085840320886,0.484776001980591,0.0452415491012057,-0.36484429121968
241,"Homeostatic",-0.107593819079278,0.0562269366338106,-0.221731539475236,-0.114137720395957
241,"MHCII",-0.406980378503682,0.0499701961364313,-0.563675099505691,-0.156694721002009
241,"Complement",-0.0241654671181191,0.390475203170179,-0.622827194865566,-0.598661727747447
241,"Phagocytic",-0.0833545210369523,0.132467464459021,-0.267654247997094,-0.184299726960142
241,"Interferon",0.0215968798636605,0.0970877706610864,-0.164833489647582,-0.186430369511242
241,"APP_CD74",0.820542228877441,0.815626225458841,-0.0870736414953751,-0.907615870372817
241,"PTPRC_MRC1",0.175934707657086,0.511718089972826,0.111533036791957,-0.0644016708651297
242,"Homeostatic",-0.193853544727937,-0.109609388379284,-0.201918453839986,-0.0080649091120486
242,"MHCII",-0.427537791989193,0.0915382040210926,-0.557602794841643,-0.13006500285245
242,"Complement",-0.233625934658528,0.274770036604795,-0.445421297431206,-0.211795362772677
242,"Phagocytic",-0.0732025693222386,0.199246881705961,-0.256940263467653,-0.183737694145414
242,"Interferon",-0.0737676332227976,-0.0120801959694825,-0.0705591416600291,0.00320849156276858
242,"APP_CD74",0.702292731369214,0.81254848308656,0.0754725546484803,-0.626820176720734
242,"PTPRC_MRC1",0.67951357230625,0.0331158016435185,0.0723116664358028,-0.607201905870447
243,"Homeostatic",-0.215397316538039,-0.0219880830715025,-0.169690403823875,0.0457069127141632
243,"MHCII",-0.327694244062443,0.588742503461517,-0.41436856681125,-0.0866743227488069
243,"Complement",-0.103736969129986,0.503573395809208,-0.578927619304883,-0.475190650174897
243,"Phagocytic",-0.020822129809379,0.09628772453034,-0.202213914368704,-0.181391784559325
243,"Interferon",-0.0931027574467428,-0.0254411374788972,-0.122376818881135,-0.0292740614343927
243,"APP_CD74",0.680468265428424,0.72962753705919,0.083586907557948,-0.596881357870476
243,"PTPRC_MRC1",0.477291245363575,0.501980608758645,0.209166606356606,-0.268124639006969
244,"Homeostatic",-0.1716868207973,0.0172740122997491,-0.022581336136511,0.149105484660789
244,"MHCII",-0.429113558744967,0.540748024336466,-0.461674550375244,-0.032560991630277
244,"Complement",-0.35774949094841,0.449061947640372,-0.550514335062436,-0.192764844114027
244,"Phagocytic",-0.113222897836906,0.0272743056216235,-0.146208109685549,-0.0329852118486431
244,"Interferon",-0.125265737648671,0.030039642152057,-0.033677464408924,0.091588273239747
244,"APP_CD74",0.469930327459749,0.758332967024496,0.0512507155022339,-0.418679611957516
244,"PTPRC_MRC1",-0.0458364473945428,0.409123385878183,0.0329411887868292,0.078777636181372
245,"Homeostatic",-0.262150771077958,0.41734023055514,-0.17948543566045,0.0826653354175076
245,"MHCII",-0.552872249678037,0.380503095248917,-0.334264854541763,0.218607395136273
245,"Complement",-0.14746728955286,0.867124035334713,-0.545107812827162,-0.397640523274302
245,"Phagocytic",-0.153612322344579,0.240053272168615,-0.115079328262936,0.0385329940816431
245,"Interferon",-0.0717521276696251,0.0188849323968394,0.00905658227395402,0.0808087099435792
245,"APP_CD74",0.465814663889574,0.836573386599047,-0.0629262460844079,-0.528740909973982
245,"PTPRC_MRC1",0.400494800819648,0.757857325134526,0.508552251024944,0.108057450205296
246,"Homeostatic",-0.25318637487836,-0.121452055642357,-0.266293074262076,-0.0131066993837161
246,"MHCII",-0.22001258087079,-0.0962577566961433,-0.458260140768674,-0.238247559897884
246,"Complement",-0.0742732300362338,-0.243254415149567,-0.566633641279846,-0.492360411243612
246,"Phagocytic",-0.0344469862886893,-0.000915189220336461,-0.255655402260889,-0.2212084159722
246,"Interferon",-0.058035726042886,0.06258723072553,-0.088880601767852,-0.0308448757249661
246,"APP_CD74",0.782177651690089,0.699737998075412,0.234310855654724,-0.547866796035365
246,"PTPRC_MRC1",0.208210036470739,0.2693690660913,-0.217473149585978,-0.425683186056717
247,"Homeostatic",-0.115453610131186,0.0497864731908162,-0.175387517227045,-0.0599339070958587
247,"MHCII",-0.35357329280519,0.909969443122143,-0.244034008562775,0.109539284242415
247,"Complement",0.0350615151962304,0.270794125675173,-0.606722716696714,-0.641784231892944
247,"Phagocytic",-0.0231455437771233,0.125611009290591,-0.250301447800552,-0.227155904023429
247,"Interferon",-0.102644012781559,0.0793010308289365,-0.155701022205947,-0.0530570094243877
247,"APP_CD74",0.71293328365816,0.913437737197653,0.341968054405873,-0.370965229252286
247,"PTPRC_MRC1",0.31069695342192,0.513746004677696,0.252866857199403,-0.057830096222516
248,"Homeostatic",-0.225151854500863,0.229600067594243,-0.0667140434045038,0.158437811096359
248,"MHCII",-0.279950675087536,0.693562974640024,-0.252850926115176,0.0270997489723604
248,"Complement",-0.21898661973627,0.37585537326046,-0.572429288816109,-0.35344266907984
248,"Phagocytic",-0.0854810782362226,0.0641384105228383,-0.0643658229227954,0.0211152553134272
248,"Interferon",-0.118843335999518,0.142748941070047,0.00770758210050252,0.12655091810002
248,"APP_CD74",0.601250899487677,0.91465380437668,-0.0642984779005525,-0.665549377388229
248,"PTPRC_MRC1",0.561450785731925,0.435628036381583,0.306039718466088,-0.255411067265836
249,"Homeostatic",-0.153542621602463,0.145463611365204,-0.272698463058683,-0.11915584145622
249,"MHCII",-0.33652692761335,0.372828536129312,-0.313911102057865,0.0226158255554854
249,"Complement",-0.313830519541902,0.0754481564675208,-0.450237175872587,-0.136406656330685
249,"Phagocytic",-0.260538611050323,0.053852155632575,-0.169149923540621,0.0913886875097022
249,"Interferon",-0.0848309542582368,0.0065990817105934,-0.126210335413114,-0.0413793811548775
249,"APP_CD74",0.349184004664209,0.834366580181164,0.00115451249610407,-0.348029492168105
249,"PTPRC_MRC1",0.168642208898896,0.457812015369442,0.0247448078791883,-0.143897401019707
250,"Homeostatic",-0.301675794864781,0.097828564571254,-0.229055099989839,0.0726206948749426
250,"MHCII",-0.216346667998307,0.314458756994951,-0.294602031904103,-0.078255363905796
250,"Complement",-0.040246014713828,0.110961687630932,-0.606356734689834,-0.566110719976006
250,"Phagocytic",-0.0652642318430568,0.073135388944754,-0.287223235415182,-0.221959003572125
250,"Interferon",-0.0499780951444108,0.106081875484029,-0.0977510444443467,-0.0477729492999359
250,"APP_CD74",0.754972066601102,0.794079027804196,0.271784813726913,-0.483187252874189
250,"PTPRC_MRC1",0.37658690993788,0.685615179696081,0.164203363622813,-0.212383546315068
251,"Homeostatic",-0.106008018215221,-0.157935100811736,-0.170674630613154,-0.0646666123979323
251,"MHCII",-0.231932712528519,0.172130946632095,-0.399253519383873,-0.167320806855354
251,"Complement",-0.264792518872038,0.0898215023664327,-0.669015050767205,-0.404222531895168
251,"Phagocytic",-0.269101588367528,-0.0347379710611707,-0.259115705701008,0.00998588266652017
251,"Interferon",-0.161621366372023,0.0245617761977978,-0.144087700222117,0.0175336661499065
251,"APP_CD74",0.607748771757165,0.739234141865224,0.201722762730046,-0.406026009027118
251,"PTPRC_MRC1",0.330625175209048,0.350150389265504,0.134860084688826,-0.195765090520222
252,"Homeostatic",-0.183683988668573,0.19656814804646,-0.183514289103428,0.00016969956514451
252,"MHCII",-0.58754301788337,0.547477627003348,-0.420846218656321,0.16669679922705
252,"Complement",-0.143207691737243,0.344114542345534,-0.615719424876883,-0.47251173313964
252,"Phagocytic",-0.0406147368463008,0.0843561024007178,-0.225038355902434,-0.184423619056133
252,"Interferon",-0.0607055660996602,0.136839738926333,-0.0774651163007131,-0.0167595502010529
252,"APP_CD74",0.377474911187447,0.84338995419503,0.0288577092953922,-0.348617201892055
252,"PTPRC_MRC1",0.318199379340452,0.488733093978856,0.220276186154049,-0.0979231931864029
253,"Homeostatic",-0.33873362440966,-0.106177502780959,-0.272764770990273,0.0659688534193872
253,"MHCII",-0.457324254774291,-0.172854342618573,-0.298751157935787,0.158573096838505
253,"Complement",-0.278931040492175,0.0941061028894185,-0.588850697376021,-0.309919656883846
253,"Phagocytic",-0.122062999679182,-0.0524350137760072,-0.261626541513736,-0.139563541834554
253,"Interferon",-0.101387237442139,0.0725555460159406,-0.168307947211471,-0.0669207097693315
253,"APP_CD74",0.592338420497014,0.596192403738649,0.105563917827743,-0.486774502669271
253,"PTPRC_MRC1",0.0796538789014764,0.110469213764094,0.13206940431481,0.0524155254133339
254,"Homeostatic",-0.177293828064803,0.262738223150469,-0.22165104543276,-0.0443572173679566
254,"MHCII",-0.521224281774727,0.231551791387368,-0.389927873730847,0.13129640804388
254,"Complement",-0.0967833253667821,0.305670610294313,-0.567603473945011,-0.470820148578229
254,"Phagocytic",-0.194967090827966,0.0281915045206284,-0.219723286378846,-0.0247561955508797
254,"Interferon",-0.130724837119972,0.105664045243997,-0.112913694797248,0.0178111423227232
254,"APP_CD74",0.607009083471644,1.09126408175459,0.0910390336271421,-0.515970049844502
254,"PTPRC_MRC1",0.164671397636875,0.431090622812015,0.149460546137349,-0.0152108514995266
255,"Homeostatic",-0.19425277949007,-0.0189448551595739,-0.0114230406770817,0.182829738812989
255,"MHCII",-0.533829437351302,-0.0574843627537812,-0.453246837604877,0.0805825997464246
255,"Complement",-0.30509113998852,-0.176331184510921,-0.744007744823791,-0.43891660483527
255,"Phagocytic",-0.166177989133484,-0.170436082326774,-0.215725065956571,-0.0495470768230872
255,"Interferon",-0.0767064674971858,0.114028336138835,-0.0169085239791224,0.0597979435180633
255,"APP_CD74",0.546459554120279,0.63772778409008,0.104445006298207,-0.442014547822072
255,"PTPRC_MRC1",0.316720849860313,0.411774100936025,0.049742999419699,-0.266977850440614
256,"Homeostatic",-0.0444207154322795,-0.146538889722911,-0.123768655843989,-0.0793479404117097
256,"MHCII",-0.218052415447694,0.791344318457019,-0.405187248642309,-0.187134833194615
256,"Complement",-0.173595381278873,0.135907117582139,-0.428040715564791,-0.254445334285918
256,"Phagocytic",0.00718563202317064,0.0105658469476782,-0.183004205337963,-0.190189837361134
256,"Interferon",-0.109651564139091,0.0371720133869613,-0.0288206757435295,0.0808308883955619
256,"APP_CD74",0.819009228799965,1.21286132549295,0.204186489862997,-0.614822738936968
256,"PTPRC_MRC1",0.115435050726925,0.610811660077344,-0.0855241008586155,-0.20095915158554
257,"Homeostatic",-0.0556965324472005,0.107817589947369,-0.166902765183727,-0.111206232736526
257,"MHCII",-0.417515949422829,0.441945640437471,-0.49176091515558,-0.0742449657327516
257,"Complement",-0.15764519742633,0.167945747384759,-0.644827216259658,-0.487182018833329
257,"Phagocytic",0.0234714405630472,0.0592927908242022,-0.232059164399727,-0.255530604962774
257,"Interferon",-0.058453093199446,0.0857012065656208,-0.0217947353204859,0.0366583578789602
257,"APP_CD74",0.545073651198927,0.733555787328,0.0319770059882732,-0.513096645210654
257,"PTPRC_MRC1",0.288629550592008,0.383565591206304,0.244445442272267,-0.0441841083197413
258,"Homeostatic",-0.153257794803577,0.1414048197511,-0.0390617772986189,0.114196017504959
258,"MHCII",-0.428922776890398,0.27166144136548,-0.399438532628716,0.0294842442616821
258,"Complement",-0.389069188779351,0.234539294380062,-0.403645291686983,-0.0145761029076316
258,"Phagocytic",-0.177937269748647,0.131486532193835,-0.0847667601428303,0.0931705096058164
258,"Interferon",-0.0550679745575496,0.0285019664321574,-0.13677225047106,-0.0817042759135103
258,"APP_CD74",0.418260701786375,0.563133987689279,0.141047317889725,-0.277213383896649
258,"PTPRC_MRC1",-0.109208229146163,0.34862114477106,-0.0327079091614726,0.0765003199846904
259,"Homeostatic",-0.225580297253928,0.00585646597155192,-0.204606402994647,0.0209738942592807
259,"MHCII",-0.561475053026038,0.305527521719413,-0.321052057351103,0.240422995674934
259,"Complement",0.00141234461688202,0.417439423007495,-0.683586810437634,-0.684999155054516
259,"Phagocytic",0.0412465084540812,0.179636222982576,-0.328658197084939,-0.36990470553902
259,"Interferon",-0.112374827443462,-0.023658548616452,-0.15517415024834,-0.042799322804878
259,"APP_CD74",0.482769412613932,0.820959096731823,0.185088589833416,-0.297680822780517
259,"PTPRC_MRC1",0.203497344661305,0.251464376027179,0.0324087264578975,-0.171088618203408
260,"Homeostatic",-0.203788437850654,-0.0214299735465454,-0.249272227036927,-0.0454837891862733
260,"MHCII",-0.387029172216307,0.414874369382406,-0.377575556099023,0.00945361611728401
260,"Complement",-0.411463247384847,0.0550018517885106,-0.514626674683446,-0.103163427298598
260,"Phagocytic",-0.123765390106999,0.060340479993521,-0.199378970665044,-0.0756135805580449
260,"Interferon",-0.187193728850587,0.146966389668257,-0.116829378719712,0.0703643501308747
260,"APP_CD74",0.481189941227378,0.931776365316214,0.293024634251839,-0.188165306975539
260,"PTPRC_MRC1",-0.0840832018608527,0.372949184341475,-0.09809856449363,-0.0140153626327773
261,"Homeostatic",-0.235986149272914,-0.0617203103768639,-0.218240819316197,0.0177453299567172
261,"MHCII",-0.580285146478794,0.127453264140058,-0.471752677025879,0.108532469452915
261,"Complement",-0.173238155716099,0.226555782062192,-0.618806177735564,-0.445568022019466
261,"Phagocytic",-0.135988186181615,-0.0378560533290644,-0.248885823220175,-0.112897637038561
261,"Interferon",-0.106844857253704,-0.0418649088820377,-0.0412781039912371,0.0655667532624666
261,"APP_CD74",0.444778048836423,0.829423358114242,0.0354392733732379,-0.409338775463185
261,"PTPRC_MRC1",0.303521464349873,0.232022030811454,0.115878165583277,-0.187643298766596
262,"Homeostatic",-0.114438937966156,0.0733887383528834,-0.102381830252418,0.0120571077137379
262,"MHCII",-0.420104715153637,0.150868082174437,-0.293289183785813,0.126815531367824
262,"Complement",-0.0752938677687217,0.231152453281366,-0.641595148004335,-0.566301280235613
262,"Phagocytic",-0.0593634603201982,0.0725455116756419,-0.264731366119178,-0.20536790579898
262,"Interferon",-0.0332643353246722,-0.00280439208685627,-0.114473500403397,-0.0812091650787252
262,"APP_CD74",0.52720957348273,0.738687001865418,0.208716275929195,-0.318493297553535
262,"PTPRC_MRC1",0.389039434424371,0.396478194504834,0.465498741409166,0.0764593069847943
263,"Homeostatic",-0.269349038009056,0.0013251012587037,-0.229128018639128,0.0402210193699283
263,"MHCII",-0.417864375988949,0.168040071381219,-0.339950076173871,0.0779142998150778
263,"Complement",-0.240606677129378,0.0205215778484904,-0.548454974562215,-0.307848297432836
263,"Phagocytic",-0.249421370721465,-0.153973206472674,-0.216131601564136,0.033289769157329
263,"Interferon",-0.0735793271969374,0.151818468814358,-0.110188839687036,-0.0366095124900988
263,"APP_CD74",0.626988071616386,0.662936194008839,0.177987745052068,-0.449000326564318
263,"PTPRC_MRC1",-0.0584913327553763,0.474903173301619,0.322020861806194,0.38051219456157
264,"Homeostatic",-0.142160433133188,0.142017662509975,-0.19825750404354,-0.0560970709103526
264,"MHCII",-0.445580247534165,0.858085386120533,-0.48418998834825,-0.0386097408140851
264,"Complement",-0.206569117796601,0.475441133172355,-0.65042708250018,-0.443857964703579
264,"Phagocytic",-0.158066596231852,0.220704290613783,-0.226239553653274,-0.0681729574214211
264,"Interferon",-0.122859605200265,0.161057792498186,-0.142654158726062,-0.0197945535257966
264,"APP_CD74",0.480429772637401,1.09214692456595,-0.0544172513278795,-0.53484702396528
264,"PTPRC_MRC1",0.28557299606151,0.780154200161178,0.30977530226516,0.0242023062036499
265,"Homeostatic",-0.149200501148695,0.073744369451747,-0.210198519017262,-0.0609980178685676
265,"MHCII",-0.42439596866967,-0.154542293514882,-0.393943189975964,0.0304527786937063
265,"Complement",-0.0405488768794572,0.369783618221633,-0.678736586601552,-0.638187709722095
265,"Phagocytic",-0.121135096033987,0.0292213626838743,-0.301402790538677,-0.18026769450469
265,"Interferon",-0.0262455176717728,0.10953976419885,-0.156555106568069,-0.130309588896296
265,"APP_CD74",0.636979168569112,0.714157971986032,0.31534843833878,-0.321630730230332
265,"PTPRC_MRC1",0.158212895144119,0.19162712180926,0.022978495484952,-0.135234399659167
266,"Homeostatic",-0.260358230703758,-0.0499238725598376,-0.141286971614175,0.119071259089584
266,"MHCII",-0.377939487835235,0.498156674402707,-0.429444223235743,-0.0515047354005083
266,"Complement",-0.268330999788373,0.191193455774958,-0.465223262028925,-0.196892262240552
266,"Phagocytic",-0.0806714652553861,-0.0900753334560268,-0.113241756543167,-0.0325702912877812
266,"Interferon",-0.0221966159115675,0.00594547313530494,-0.0613929716906999,-0.0391963557791324
266,"APP_CD74",0.54872288856251,0.969879814669925,0.0650256036833861,-0.483697284879124
266,"PTPRC_MRC1",0.0645626586884456,0.486591918197203,-0.0754023749562152,-0.139965033644661
267,"Homeostatic",-0.280083613833072,0.00818189757756635,-0.228515903937164,0.0515677098959083
267,"MHCII",-0.487837723083012,0.636745635044151,-0.40154802683961,0.0862896962434026
267,"Complement",-0.12497658751845,0.193203697460476,-0.517750391727598,-0.392773804209148
267,"Phagocytic",-0.111829829803246,0.117713872986811,-0.149565360604051,-0.0377355308008051
267,"Interferon",-0.0353709038555733,-0.0783966242268413,-0.0922644646096245,-0.0568935607540512
267,"APP_CD74",0.662005615579088,0.984147025199491,0.00660881598109249,-0.655396799597996
267,"PTPRC_MRC1",0.621956269496693,0.342394546466555,0.0668088529251925,-0.555147416571501
268,"Homeostatic",-0.154436101374314,-0.0359409202664652,-0.288959828093129,-0.134523726718815
268,"MHCII",-0.413054850949213,0.0911931556261595,-0.553905347167913,-0.1408504962187
268,"Complement",-0.151464899481723,-0.021457882013336,-0.503229772847015,-0.351764873365292
268,"Phagocytic",-0.062966265877282,0.0489430490188237,-0.194755223074895,-0.131788957197613
268,"Interferon",-0.035681861438546,0.034520681922398,-0.0702428112374509,-0.0345609497989049
268,"APP_CD74",0.607556109668531,0.606279398499988,-0.218366959968734,-0.825923069637265
268,"PTPRC_MRC1",0.336916700575999,0.308929963058307,0.272075620437138,-0.0648410801388616
269,"Homeostatic",-0.219811948155501,0.0198077256150155,-0.209993576578142,0.00981837157735888
269,"MHCII",-0.565313498831858,0.144663755313562,-0.534006603187937,0.0313068956439204
269,"Complement",-0.157055053887471,0.341592262930643,-0.562348714592914,-0.405293660705443
269,"Phagocytic",-0.0712531557958398,0.114164385828592,-0.279044269577283,-0.207791113781443
269,"Interferon",-0.00377564843230202,0.00121002205510247,-0.0948739325629434,-0.0910982841306414
269,"APP_CD74",0.493154514921335,0.448927171869414,0.166634353053964,-0.326520161867371
269,"PTPRC_MRC1",0.141599746397859,0.629468228769434,-0.0109346131473462,-0.152534359545205
270,"Homeostatic",-0.253169831121866,0.133074704998555,-0.20462522875574,0.0485446023661257
270,"MHCII",-0.172047579389886,0.729213391867244,-0.592224824129593,-0.420177244739707
270,"Complement",-0.299306718697457,0.35621562226626,-0.65028729728592,-0.350980578588463
270,"Phagocytic",-0.268183896583321,0.102853932811362,-0.274334752560592,-0.00615085597727122
270,"Interferon",-0.0833785951920814,0.0211234629794056,-0.175495837722519,-0.0921172425304373
270,"APP_CD74",0.560561100696868,1.05044584059131,0.266666860344298,-0.29389424035257
270,"PTPRC_MRC1",0.0215476054557218,0.310257001087565,0.0600759982946843,0.0385283928389625
271,"Homeostatic",-0.280935769716281,0.0968731020380918,-0.13369641180029,0.147239357915991
271,"MHCII",-0.426004340651937,0.283057867024477,-0.296302473666236,0.129701866985701
271,"Complement",-0.218184900128275,0.613567628550627,-0.563229380020405,-0.345044479892129
271,"Phagocytic",-0.0663853979723418,0.0815415596576017,-0.118762141999254,-0.0523767440269123
271,"Interferon",-0.145525938674423,0.151178452057298,-0.104144307369314,0.0413816313051084
271,"APP_CD74",0.568935335731969,0.855893137053765,-0.0463195707554025,-0.615254906487372
271,"PTPRC_MRC1",0.552542582774827,0.420595286933247,0.362335769744339,-0.190206813030487
272,"Homeostatic",-0.208267092637028,-0.0606759305205884,-0.243134893956881,-0.0348678013198535
272,"MHCII",0.0426192349643264,0.0272786559940002,-0.544674517751152,-0.587293752715479
272,"Complement",-0.436756451997353,-0.107580969902084,-0.687303964369633,-0.25054751237228
272,"Phagocytic",-0.160649807769908,-0.0045354514803334,-0.262069872220253,-0.101420064450345
272,"Interferon",-0.120297013634635,0.0968906222807642,-0.082531270568772,0.0377657430658632
272,"APP_CD74",0.712014152867913,0.8559066600949,0.153454474169321,-0.558559678698592
272,"PTPRC_MRC1",0.100228795967586,0.579329801431722,0.255079847377631,0.154851051410045
273,"Homeostatic",-0.235117587668681,-0.0321136857633808,-0.136193514037274,0.0989240736314068
273,"MHCII",-0.240413047972988,0.103245315603322,-0.486232399786272,-0.245819351813283
273,"Complement",-0.296044230089061,0.0805729421672526,-0.6075103675818,-0.311466137492738
273,"Phagocytic",-0.231073072231243,-0.0454658950570278,-0.209228538743357,0.0218445334878854
273,"Interferon",-0.113678127240594,0.151134004697071,-0.111725353599895,0.00195277364069849
273,"APP_CD74",0.586573915156823,0.465997700490376,0.116924351384761,-0.469649563772063
273,"PTPRC_MRC1",-0.0831385080975521,0.499891975773473,0.106290387495998,0.18942889559355
274,"Homeostatic",-0.243007475923481,0.0601806049000609,-0.217735642442155,0.0252718334813258
274,"MHCII",-0.504116306288553,0.115760358904038,-0.449826125952463,0.0542901803360902
274,"Complement",-0.386837892516174,0.394648596170657,-0.699902424854699,-0.313064532338525
274,"Phagocytic",-0.161247659796411,0.10004649501718,-0.183044882429027,-0.0217972226326157
274,"Interferon",-0.126953174907607,0.0393538643777799,-0.0913403495138914,0.035612825393716
274,"APP_CD74",0.461171204440561,0.692315198222637,0.165374349215335,-0.295796855225226
274,"PTPRC_MRC1",0.0967508393152953,0.609546010031582,0.204944138418581,0.108193299103286
275,"Homeostatic",-0.121434808144168,0.0583172823233298,-0.218444120534089,-0.0970093123899208
275,"MHCII",-0.457401250923361,0.430141995052813,-0.316851309680281,0.14054994124308
275,"Complement",-0.308041960074294,-0.0479701522160918,-0.581808714382619,-0.273766754308324
275,"Phagocytic",-0.090067951967062,0.0529889944451952,-0.245006097782325,-0.154938145815263
275,"Interferon",-0.0791572923562587,0.0188420551700283,-0.0879066011245598,-0.00874930876830116
275,"APP_CD74",0.795215260606665,0.755899516208423,0.232644346809206,-0.562570913797459
275,"PTPRC_MRC1",0.346335565308019,0.531358554613563,0.211734480836174,-0.134601084471845
276,"Homeostatic",-0.138024668933606,0.119806571176097,-0.0786942193858892,0.0593304495477172
276,"MHCII",-0.514129833838761,0.191060363976314,-0.419282560287722,0.0948472735510391
276,"Complement",-0.0756479449782934,0.392410907432557,-0.726358331396634,-0.65071038641834
276,"Phagocytic",-0.0269581810329627,0.117492051718643,-0.379777357623219,-0.352819176590256
276,"Interferon",-0.047162113171075,0.0124177449035829,-0.114690951553025,-0.0675288383819501
276,"APP_CD74",0.61755696048986,0.525714064849065,0.266658367213552,-0.350898593276308
276,"PTPRC_MRC1",0.0828020611288452,0.431147317804755,-0.140574709536743,-0.223376770665588
277,"Homeostatic",-0.273806126373852,-0.133758439997866,-0.128579330308727,0.145226796065125
277,"MHCII",-0.704275530791269,0.00158374777309006,-0.435234311540666,0.269041219250603
277,"Complement",-0.351703018182642,-0.0823762766628519,-0.535775016661066,-0.184071998478424
277,"Phagocytic",-0.235680985707026,0.0290998855802712,-0.216857867489002,0.018823118218024
277,"Interferon",-0.163333753381421,-0.165598172300289,-0.0502585018307638,0.113075251550657
277,"APP_CD74",0.409448102918505,0.696703611103669,0.0612436811121641,-0.348204421806341
277,"PTPRC_MRC1",-0.0838449106369079,0.635811577300588,0.187857715366464,0.271702626003372
278,"Homeostatic",-0.177750420583065,0.116133521109101,-0.0341107976818583,0.143639622901206
278,"MHCII",-0.475531915924525,0.473450066792739,-0.493680413626542,-0.0181484977020174
278,"Complement",-0.248001669202449,0.440280058877136,-0.562635738933793,-0.314634069731344
278,"Phagocytic",-0.152741368083554,0.0351871527807482,-0.121741879983447,0.0309994881001074
278,"Interferon",-0.0474942409951815,0.00776711842501147,-0.147268836733452,-0.0997745957382709
278,"APP_CD74",0.672805798851912,0.886914018577134,-0.00891283106049981,-0.681718629912412
278,"PTPRC_MRC1",0.353117684417654,0.547483206909087,0.362103057217921,0.00898537280026684
279,"Homeostatic",-0.207363191502777,0.113012241099982,-0.0899958069187094,0.117367384584068
279,"MHCII",-0.504612559934647,0.502126122201637,-0.49966182289825,0.00495073703639742
279,"Complement",-0.088215895619013,0.679720236262986,-0.577903972283598,-0.489688076664585
279,"Phagocytic",-0.0643696921843925,0.229844435821324,-0.0888659057179256,-0.0244962135335331
279,"Interferon",-0.127494957758861,-0.0217773835105233,-0.0318183142736798,0.0956766434851809
279,"APP_CD74",0.602248040585028,0.986651032572004,-0.0428656192654766,-0.645113659850504
279,"PTPRC_MRC1",0.0699863697003792,0.533257015627367,0.246829574539331,0.176843204838952
280,"Homeostatic",-0.299703752366531,-0.0702383237010319,-0.195343897319039,0.104359855047492
280,"MHCII",-0.617722745166598,0.100444345494006,-0.453278938969594,0.164443806197004
280,"Complement",-0.103668327741414,0.407268100083137,-0.636238349793211,-0.532570022051797
280,"Phagocytic",-0.178696666529694,0.114032446436793,-0.23383374091575,-0.0551370743860568
280,"Interferon",-0.0734053862498872,0.15131608088731,-0.0849002829338269,-0.0114948966839397
280,"APP_CD74",0.481984700035234,0.765694861861032,-0.0153393652589468,-0.49732406529418
280,"PTPRC_MRC1",0.176937698039757,0.621884441712162,0.393935250320651,0.216997552280894
281,"Homeostatic",-0.0986435560915118,-0.0234401824388062,-0.149300055840693,-0.0506564997491811
281,"MHCII",-0.55106782525585,0.243824975865575,-0.225415432263598,0.325652392992252
281,"Complement",-0.188740137112254,0.192000347623434,-0.472277801212631,-0.283537664100377
281,"Phagocytic",-0.0450547301889552,-0.0764912343307487,-0.136646990355893,-0.0915922601669382
281,"Interferon",-0.0265713911215609,0.128281525911099,-0.0349973728178784,-0.00842598169631754
281,"APP_CD74",0.431311645754106,1.01529986289258,0.0378678141787068,-0.393443831575399
281,"PTPRC_MRC1",0.496771738306606,0.636621372445924,0.405588052933824,-0.0911836853727817
282,"Homeostatic",-0.255228262049771,-0.187879263953088,-0.181087687964802,0.0741405740849694
282,"MHCII",-0.0959746397419179,0.012431475888241,-0.384873596270487,-0.288898956528569
282,"Complement",-0.198140532181185,0.116879985452256,-0.554263531330654,-0.356122999149469
282,"Phagocytic",-0.205522033864825,0.0538885137588394,-0.149503564287606,0.0560184695772189
282,"Interferon",-0.0624428541242636,0.119775228990548,-0.133245480254924,-0.0708026261306606
282,"APP_CD74",0.724081737372042,0.440861061519167,0.0100735537579302,-0.714008183614111
282,"PTPRC_MRC1",0.41869457303617,0.544323308496831,0.151028003663792,-0.267666569372379
283,"Homeostatic",-0.274646079149613,-0.119331035998256,-0.0727318912868258,0.201914187862788
283,"MHCII",-0.131586057723354,0.431097625785503,-0.384445308987861,-0.252859251264507
283,"Complement",-0.356941020616507,-0.00665230718088023,-0.469855741191721,-0.112914720575213
283,"Phagocytic",-0.125893423641681,-0.175878234785814,-0.00424632264911063,0.12164710099257
283,"Interferon",-0.0821048070421749,0.0255780420895169,-0.0751092568569681,0.00699555018520678
283,"APP_CD74",0.800194961176892,0.962561506908822,0.0477900992835312,-0.75240486189336
283,"PTPRC_MRC1",0.073788996720786,0.658271505812633,0.254723496309446,0.18093449958866
284,"Homeostatic",-0.211037632060017,0.0914943936671028,-0.198449189310091,0.012588442749926
284,"MHCII",-0.415125644013604,0.304781696581729,-0.287641530176699,0.127484113836905
284,"Complement",-0.279378146326166,0.310476015815152,-0.544795174622396,-0.26541702829623
284,"Phagocytic",-0.255336539903432,0.0166943533751313,-0.208660932020499,0.046675607882933
284,"Interferon",-0.095795326984384,0.165819640835885,-0.153952126184446,-0.058156799200062
284,"APP_CD74",0.670104166043378,0.787875403825786,0.289266297445986,-0.380837868597392
284,"PTPRC_MRC1",0.384082316015329,0.46786640144605,0.0815107641622733,-0.302571551853056
285,"Homeostatic",-0.23337027567516,0.00933755337620382,-0.140848315393536,0.0925219602816242
285,"MHCII",-0.537552172524383,0.641617704751598,-0.484396021903378,0.0531561506210046
285,"Complement",-0.271110025712552,0.272015973055111,-0.565917449398082,-0.294807423685529
285,"Phagocytic",-0.0680002467084088,0.0411567555687575,-0.192172800362866,-0.124172553654458
285,"Interferon",-0.126688043287917,0.0548952091489891,-0.13415730718208,-0.00746926389416283
285,"APP_CD74",0.570612835594856,0.866736529571338,0.125007508666341,-0.445605326928515
285,"PTPRC_MRC1",-0.101023922010823,0.348595513765944,0.12641652574863,0.227440447759453
286,"Homeostatic",-0.157504783619858,-0.0298183172228752,-0.213542981935984,-0.056038198316126
286,"MHCII",-0.374179594592812,0.178383897460289,-0.430968445662569,-0.0567888510697561
286,"Complement",-0.420063864415491,0.36628031545566,-0.646047878793416,-0.225984014377926
286,"Phagocytic",-0.074838206932974,-0.0114962104007432,-0.181176692577855,-0.106338485644881
286,"Interferon",-0.163857388905083,0.059136947760013,-0.0721515160881133,0.0917058728169695
286,"APP_CD74",0.552363534755334,0.83307956440188,0.0259468261225003,-0.526416708632833
286,"PTPRC_MRC1",0.213114585108179,0.545039454603417,0.0645313210944964,-0.148583264013682
287,"Homeostatic",-0.258320890498443,0.0361143514978855,-0.295620276602754,-0.0372993861043111
287,"MHCII",-0.400117352531358,0.0516437241469721,-0.500869180202924,-0.100751827671566
287,"Complement",-0.0340335076035711,0.338124296252298,-0.568851827583801,-0.53481831998023
287,"Phagocytic",-0.0783164791537787,0.237201658427243,-0.267878543155991,-0.189562064002213
287,"Interferon",-0.0219323364033474,0.106979435008951,-0.214499517775075,-0.192567181371728
287,"APP_CD74",0.458635265861117,0.7087951253649,0.349259174051374,-0.109376091809743
287,"PTPRC_MRC1",0.406693294729134,0.697350826857754,-0.233538279966045,-0.640231574695179
288,"Homeostatic",-0.270717083436157,-0.0769719608696968,-0.0878016596798246,0.182915423756332
288,"MHCII",-0.243820593853333,-0.233640715245073,-0.476744179436702,-0.232923585583368
288,"Complement",-0.315363754881811,-0.05766471710925,-0.536251316963586,-0.220887562081774
288,"Phagocytic",-0.280437321780722,-0.066065068261474,-0.20516342137446,0.0752739004062622
288,"Interferon",-0.236025817861327,0.0799037178987719,-0.0277834199067045,0.208242397954623
288,"APP_CD74",0.615128216807897,0.369877095583554,0.097048140180197,-0.5180800766277
288,"PTPRC_MRC1",0.301790794237555,0.32436253744926,0.221201925035911,-0.0805888692016442
289,"Homeostatic",-0.183263754473325,-0.00285985015179582,-0.138875334858498,0.044388419614827
289,"MHCII",-0.50519061133735,0.440057423648119,-0.596443520421739,-0.0912529090843885
289,"Complement",-0.119059918198481,0.0584100414960534,-0.50703789051194,-0.387977972313459
289,"Phagocytic",-0.213846280028044,0.0417459261733429,-0.19938671606003,0.0144595639680139
289,"Interferon",-0.115199923681544,0.14743086754492,-0.156760178826543,-0.0415602551449988
289,"APP_CD74",0.542517745284969,0.887224058019211,0.177999879837379,-0.36451786544759
289,"PTPRC_MRC1",0.732473124965007,0.408741176911808,-0.0864623505901145,-0.818935475555122
290,"Homeostatic",-0.148130966544318,-0.0129486712898276,-0.0398892138454363,0.108241752698881
290,"MHCII",-0.43420629939135,0.45438074312035,-0.298300644937032,0.135905654454318
290,"Complement",-0.31015081962632,0.230737777362748,-0.469348543906533,-0.159197724280213
290,"Phagocytic",0.0773718897584236,-0.0187543820573999,-0.176148066742719,-0.253519956501143
290,"Interferon",-0.0269005297224869,0.107011349611163,-0.0531010478843609,-0.026200518161874
290,"APP_CD74",0.519412308693729,1.18156062484921,0.2129305875203,-0.306481721173429
290,"PTPRC_MRC1",0.451122321383424,0.465236340530443,0.202635361155994,-0.24848696022743
291,"Homeostatic",-0.171110255218441,0.0559017630864346,-0.0773097112763604,0.0938005439420809
291,"MHCII",-0.221338974804887,0.00494312676173876,-0.367687553250594,-0.146348578445707
291,"Complement",-0.0432322719730086,0.0208138419433784,-0.714702223560941,-0.671469951587933
291,"Phagocytic",0.00755251430574114,0.00392247700885742,-0.210604026380431,-0.218156540686172
291,"Interferon",-0.0880559207813365,0.0589396848378254,-0.0867225627730186,0.00133335800831787
291,"APP_CD74",0.777004673629443,0.692194918489148,0.126377220996883,-0.65062745263256
291,"PTPRC_MRC1",0.253775883321709,0.738714018320465,0.481024337109363,0.227248453787654
292,"Homeostatic",-0.101434312964776,0.053464156998781,-0.294349528653573,-0.192915215688798
292,"MHCII",-0.267642550484201,0.590507457599785,-0.4102259673466,-0.142583416862399
292,"Complement",-0.0536799640272171,0.599120183278412,-0.607811031554599,-0.554131067527382
292,"Phagocytic",0.0182504975812427,0.114456550453612,-0.239227111886537,-0.257477609467779
292,"Interferon",-0.0460997230646815,0.118019443204416,-0.125039789370662,-0.0789400663059808
292,"APP_CD74",0.839036411270416,0.970465897484813,0.022290734826843,-0.816745676443573
292,"PTPRC_MRC1",0.18932314735131,0.340537020992079,0.113385210495821,-0.0759379368554897
293,"Homeostatic",-0.252494052124207,0.051253042153995,-0.231176477943165,0.0213175741810424
293,"MHCII",-0.320286306133716,0.3084913823733,-0.469242510090733,-0.148956203957017
293,"Complement",-0.371900840868722,0.177483797476824,-0.6747598980405,-0.302859057171778
293,"Phagocytic",-0.162965769722607,0.0423062073046706,-0.236150853200792,-0.0731850834781854
293,"Interferon",-0.195508149813374,-0.00030302819295117,-0.112724321216452,0.082783828596922
293,"APP_CD74",0.410881924263157,0.921719074301179,0.10430754268015,-0.306574381583007
293,"PTPRC_MRC1",0.0457725457450485,0.494996755539368,-0.00479243028345959,-0.0505649760285081
294,"Homeostatic",-0.24852478659152,0.256414801277744,-0.189429291620455,0.0590954949710657
294,"MHCII",-0.271022062887886,0.66696880166823,-0.397772615865634,-0.126750552977748
294,"Complement",-0.146115662787807,0.732781761721623,-0.518729959751881,-0.372614296964074
294,"Phagocytic",-0.0403430841012446,0.141562276245118,-0.187414382363178,-0.147071298261933
294,"Interferon",-0.124397976068746,0.125429194709504,-0.107627930193933,0.0167700458748124
294,"APP_CD74",0.676952067602347,1.01401751099879,0.0394709992473473,-0.637481068355
294,"PTPRC_MRC1",0.672582252908043,0.933329932197217,0.248673446458376,-0.423908806449667
295,"Homeostatic",-0.25067777942746,0.226431653623091,-0.0884045405212619,0.162273238906199
295,"MHCII",-0.215995311051439,0.27409886636455,-0.369688525404391,-0.153693214352952
295,"Complement",-0.391273646811729,0.740740973872005,-0.547548150647103,-0.156274503835375
295,"Phagocytic",-0.228894944218013,0.186936456273064,-0.216919263505752,0.0119756807122616
295,"Interferon",-0.075924057250425,0.133196744998843,-0.0632612276419818,0.0126628296084432
295,"APP_CD74",0.536957108281565,0.73269391600377,0.11643840963047,-0.420518698651095
295,"PTPRC_MRC1",0.435019145778882,0.638489655043958,0.273059542383027,-0.161959603395855
296,"Homeostatic",-0.0942535507332363,0.295213461327838,-0.219203992437214,-0.124950441703978
296,"MHCII",-0.23556350587056,-0.00914565696477245,-0.147736226966052,0.0878272789045074
296,"Complement",-0.302051859600099,0.513427068495305,-0.605416388534997,-0.303364528934898
296,"Phagocytic",-0.0439950422467927,0.207412630880339,-0.154034276236795,-0.110039233990002
296,"Interferon",-0.0879901179780309,0.0825470433390448,0.00204604053002002,0.0900361585080509
296,"APP_CD74",0.710021543458334,0.55619230026541,-0.110597538415972,-0.820619081874307
296,"PTPRC_MRC1",0.373177665309075,0.659959602977713,0.507667483708014,0.134489818398939
297,"Homeostatic",-0.265100805918441,-0.0620647841242745,-0.0249935195423149,0.240107286376126
297,"MHCII",-0.293867089722252,0.239669815362089,-0.508178939447614,-0.214311849725362
297,"Complement",-0.144868414265356,0.292970689368532,-0.516338393582199,-0.371469979316843
297,"Phagocytic",-0.136523326114272,0.186019999161745,-0.200738064964188,-0.0642147388499167
297,"Interferon",-0.0396614775622009,0.18334029547225,-0.194193047856215,-0.154531570294014
297,"APP_CD74",0.730524936140942,0.817879116172639,0.177323246751321,-0.553201689389621
297,"PTPRC_MRC1",0.160178860980876,0.475612323171433,-0.0887270250887535,-0.24890588606963
298,"Homeostatic",-0.207999837791257,-0.0944311395763999,-0.112158918851425,0.095840918939832
298,"MHCII",-0.0353708695498292,0.232579663283159,-0.54668529085791,-0.511314421308081
298,"Complement",-0.254042205542482,-0.0676655815271512,-0.600601698317407,-0.346559492774924
298,"Phagocytic",-0.0708741379483338,0.0134480664512929,-0.0552525273044522,0.0156216106438816
298,"Interferon",-0.116931549013713,0.0907480570667545,0.0381884109267781,0.155119959940492
298,"APP_CD74",0.826908451057817,0.713060807721724,-0.122135144228059,-0.949043595285875
298,"PTPRC_MRC1",0.274703227649473,0.581763728483745,0.0744095845377264,-0.200293643111746
299,"Homeostatic",-0.272419941129615,-0.14833668894888,-0.235844600823809,0.0365753403058063
299,"MHCII",-0.534246622695273,0.270186057979814,-0.481077318238503,0.0531693044567705
299,"Complement",-0.231142080315676,0.430856730158249,-0.611825479326259,-0.380683399010584
299,"Phagocytic",-0.033003311765527,0.0922573361803767,-0.266951010180192,-0.233947698414665
299,"Interferon",-0.131894431255434,0.141622102637639,-0.177917357918234,-0.0460229266628007
299,"APP_CD74",0.448609035233708,0.747374942159193,0.17582899724541,-0.272780037988297
299,"PTPRC_MRC1",0.377640856878261,0.250176199908215,0.0182178155463905,-0.359423041331871
300,"Homeostatic",0.0208391415043018,-0.108258344640046,-0.0437382530008978,-0.0645773945051996
300,"MHCII",-0.180242261406565,0.122171111401934,-0.507842971284426,-0.32760070987786
300,"Complement",0.00130173639274782,-0.00721282644119546,-0.596249039348908,-0.597550775741656
300,"Phagocytic",-0.155738115050164,-0.101426581488691,-0.298724255270601,-0.142986140220437
300,"Interferon",-0.0850457653469842,0.101133970591379,-0.101919169788556,-0.0168734044415714
300,"APP_CD74",0.904161901474075,0.634406626450092,0.172158782846568,-0.732003118627507
300,"PTPRC_MRC1",0.194084890655857,0.373156950917774,0.0162811900468406,-0.177803700609016
301,"Homeostatic",-0.183182007164871,0.152315969249209,-0.108555799137134,0.0746262080277368
301,"MHCII",-0.541136538253846,-0.0953154631921077,-0.299353035570374,0.241783502683472
301,"Complement",-0.356099246397493,0.437024939151916,-0.44058021652308,-0.0844809701255864
301,"Phagocytic",-0.0137662303510006,0.112359294153962,-0.193776406782598,-0.180010176431598
301,"Interferon",-0.0923075387710234,-0.0524167812647437,-0.13541511640809,-0.0431075776370667
301,"APP_CD74",0.590571004085025,0.642544606473589,0.294810999515412,-0.295760004569613
301,"PTPRC_MRC1",0.19544335994167,0.499176162147707,0.0571078448459184,-0.138335515095752
302,"Homeostatic",-0.247430547711014,0.149144508861443,-0.167211137242374,0.0802194104686398
302,"MHCII",-0.217113171471471,0.04640087196891,-0.380058306106771,-0.1629451346353
302,"Complement",-0.150288552826639,0.327535297230473,-0.460263789293551,-0.309975236466912
302,"Phagocytic",-0.0412198965509624,0.123964865018888,-0.160839042531203,-0.119619145980241
302,"Interferon",-0.0879367486849641,0.107093898889825,-0.0494704394131344,0.0384663092718296
302,"APP_CD74",0.6411086275976,0.91196478513991,0.121421076092225,-0.519687551505375
302,"PTPRC_MRC1",0.390156111177853,0.288198409590748,-0.0519555630721471,-0.44211167425
303,"Homeostatic",-0.189063515409787,0.0508939536641109,-0.144623241656011,0.0444402737537758
303,"MHCII",-0.465764216279641,-0.0838530104776799,-0.296883171655518,0.168881044624123
303,"Complement",-0.34326963184466,0.016780979351427,-0.698421891501686,-0.355152259657026
303,"Phagocytic",0.0100485245715247,0.246059353406049,-0.319837767844942,-0.329886292416467
303,"Interferon",-0.0758194383278899,-0.0313093497851353,-0.152123836614841,-0.0763043982869506
303,"APP_CD74",0.559217050496708,0.372904145083774,0.26189338522167,-0.297323665275038
303,"PTPRC_MRC1",-0.111190141181752,0.406177636661594,0.0885276665466423,0.199717807728395
304,"Homeostatic",-0.0616326270588669,0.0456947321421724,-0.272221206526693,-0.210588579467826
304,"MHCII",-0.237493595895708,0.434777322938079,-0.351074255049537,-0.113580659153829
304,"Complement",-0.112134580714755,0.49542664221361,-0.574761630073392,-0.462627049358637
304,"Phagocytic",-0.204769411244548,0.0864242466270607,-0.233982482313314,-0.0292130710687666
304,"Interferon",-0.178822684800361,0.0847634144667051,-0.132475562259451,0.04634712254091
304,"APP_CD74",0.544942308654031,0.917338026065142,0.049022275389015,-0.495920033265016
304,"PTPRC_MRC1",0.0376149123586883,0.322573030296675,0.20350898277958,0.165894070420891
305,"Homeostatic",-0.272636584115045,0.106527414282419,-0.257492225941563,0.0151443581734821
305,"MHCII",-0.40439027071336,0.301984362875749,-0.544454962211931,-0.140064691498571
305,"Complement",-0.39663085404397,0.53739315023998,-0.626164148284733,-0.229533294240763
305,"Phagocytic",-0.192896433882017,0.176234655817706,-0.272868825733385,-0.0799723918513678
305,"Interferon",-0.15422236767167,0.0891043506528232,-0.102886137377282,0.0513362302943884
305,"APP_CD74",0.292624302110685,0.922391682039553,-0.0140033420644519,-0.306627644175136
305,"PTPRC_MRC1",-0.102519534424857,0.459508450616965,0.0264834395964628,0.12900297402132
306,"Homeostatic",0.0148512085268556,0.0781519378513414,0.00975550453746513,-0.00509570398939042
306,"MHCII",-0.441981185726791,0.454589000180084,-0.458681583504349,-0.0167003977775585
306,"Complement",-0.306110525973663,0.556355506801409,-0.38427828462239,-0.0781677586487272
306,"Phagocytic",-0.160337303546433,0.14142228925183,-0.0931266359152042,0.0672106676312286
306,"Interferon",-0.0449903541246403,0.0673233234425195,-0.0865056216210949,-0.0415152674964546
306,"APP_CD74",0.554436126769662,0.962039764987357,0.123395127488703,-0.431040999280959
306,"PTPRC_MRC1",0.223127498661387,0.41380635229984,0.222607945057057,-0.000519553604329953
307,"Homeostatic",-0.284844126411813,0.101393208567628,-0.300282642722664,-0.0154385163108515
307,"MHCII",-0.302838293609962,0.450456017669649,-0.311575565618689,-0.00873727200872731
307,"Complement",-0.272189638398143,0.0803484208776723,-0.506756787559725,-0.234567149161582
307,"Phagocytic",-0.00869763631170466,-0.132273747343169,-0.210442347593231,-0.201744711281527
307,"Interferon",-0.16948566511971,-0.00156859004038559,-0.155354647814657,0.0141310173050531
307,"APP_CD74",0.541196064495363,1.18874670535263,0.219330225481078,-0.321865839014285
307,"PTPRC_MRC1",0.243620545291724,0.56594506258502,0.0675395496572301,-0.176080995634493
308,"Homeostatic",-0.178703210253079,-0.0527451790576798,-0.155437821619902,0.0232653886331767
308,"MHCII",-0.16270449611251,0.229027037902848,-0.173068923577654,-0.0103644274651442
308,"Complement",-0.187473440902089,-0.0268610754669813,-0.594532314349219,-0.40705887344713
308,"Phagocytic",0.0168067752235512,0.000524042151714092,-0.312689171464622,-0.329495946688173
308,"Interferon",-0.103672570648184,0.123678915452262,-0.114170859621566,-0.0104982889733814
308,"APP_CD74",0.895360476525718,0.906835362078569,0.433195383828473,-0.462165092697245
308,"PTPRC_MRC1",0.195623620879629,0.32811474837488,0.108791779592122,-0.0868318412875074
309,"Homeostatic",-0.161073702876227,0.175158578412002,-0.122091292212867,0.0389824106633603
309,"MHCII",-0.528520038679929,0.24249168694366,-0.429191088316173,0.0993289503637554
309,"Complement",-0.257343135994584,0.16591526670424,-0.57970690666762,-0.322363770673036
309,"Phagocytic",-0.0176373416690845,0.0333696969759298,-0.329163538489101,-0.311526196820016
309,"Interferon",-0.084811561146748,0.104564435247964,-0.127795083398387,-0.0429835222516391
309,"APP_CD74",0.463909503785048,0.875857933567855,0.400036504012265,-0.0638729997727825
309,"PTPRC_MRC1",0.111894848355833,0.282443449881414,-0.0311969187652482,-0.143091767121081
310,"Homeostatic",-0.296080445435247,0.00192840193049192,-0.148350464175231,0.147729981260016
310,"MHCII",-0.519173515717802,0.526174153523592,-0.461514149956763,0.0576593657610386
310,"Complement",-0.112250137566268,0.56117242948257,-0.67371618792678,-0.561466050360511
310,"Phagocytic",-0.27748079134359,0.264660770170679,-0.268922823886571,0.00855796745701914
310,"Interferon",-0.0873915818668012,0.128199319285117,-0.0445221056900141,0.0428694761767871
310,"APP_CD74",0.550687163410844,1.05633552154873,0.0527849793917946,-0.49790218401905
310,"PTPRC_MRC1",0.257892448450075,0.592530320226424,0.270179423208388,0.0122869747583131
311,"Homeostatic",-0.250310137493613,-0.0186693526234706,-0.262526620764281,-0.012216483270668
311,"MHCII",-0.496936694502686,0.324310573846769,-0.456897346238931,0.0400393482637554
311,"Complement",-0.17505461061,0.0444951638801502,-0.533941020419836,-0.358886409809836
311,"Phagocytic",-0.209491972963867,0.0580023242238401,-0.278614361452505,-0.0691223884886372
311,"Interferon",-0.102356058188634,0.0536822141986171,-0.20554805525662,-0.103191997067986
311,"APP_CD74",0.483816470631328,0.935219653649751,0.408581120136542,-0.0752353504947855
311,"PTPRC_MRC1",0.555970519229859,0.141624552176459,-0.176877540771585,-0.732848060001443
312,"Homeostatic",-0.20425996242668,-0.116861629158573,-0.172379624104114,0.0318803383225657
312,"MHCII",-0.094242668741773,0.074894217688198,-0.530307108862722,-0.436064440120949
312,"Complement",-0.109929990399808,0.373477058895101,-0.524424020203771,-0.414494029803963
312,"Phagocytic",0.0165814878599427,0.122468626821305,-0.223255883050975,-0.239837370910917
312,"Interferon",-0.102348010187894,0.169003119510923,-0.160413526562722,-0.0580655163748276
312,"APP_CD74",0.665191305375678,0.615888913708355,0.198838236353265,-0.466353069022412
312,"PTPRC_MRC1",0.451798137392932,0.44080474118258,-0.0638610777657893,-0.515659215158721
313,"Homeostatic",-0.0766138554803232,-0.0230911772896448,-0.136377952445717,-0.0597640969653935
313,"MHCII",-0.53703301569752,0.238423125449049,-0.511491466996706,0.0255415487008144
313,"Complement",-0.0791959267324473,0.111640932161159,-0.636400200306308,-0.55720427357386
313,"Phagocytic",-0.0750067728421326,-0.00837229638057062,-0.187777754264243,-0.11277098142211
313,"Interferon",-0.0668286573659608,0.0796634487143229,0.0326228493027582,0.099451506668719
313,"APP_CD74",0.642328729688404,0.798754061966443,-0.14341154211122,-0.785740271799624
313,"PTPRC_MRC1",0.268985652285204,0.154348264336576,0.0867223907938391,-0.182263261491365
314,"Homeostatic",-0.23030371709596,0.124903416507537,-0.163934752836892,0.0663689642590675
314,"MHCII",-0.232028221859029,0.345477824395473,-0.445325825718713,-0.213297603859683
314,"Complement",-0.341829858312024,0.358388870510433,-0.601018905112195,-0.259189046800171
314,"Phagocytic",-0.175236062324705,0.0524180313782569,-0.0741414797432076,0.101094582581497
314,"Interferon",-0.152014413044634,-0.0167397854330441,-0.049593374135179,0.102421038909455
314,"APP_CD74",0.609794307986262,0.752487971868254,0.10409774943892,-0.505696558547342
314,"PTPRC_MRC1",0.0651998246199998,0.364765501226618,0.159578737864864,0.0943789132448646
315,"Homeostatic",-0.159867433289711,-0.00483682261677774,-0.228056184092065,-0.0681887508023539
315,"MHCII",-0.526491342410191,0.186505466198714,-0.388788719810875,0.137702622599317
315,"Complement",-0.360686581354828,0.0422519929448258,-0.602695547534143,-0.242008966179315
315,"Phagocytic",-0.0759960552309611,0.0736176367338156,-0.290967603986085,-0.214971548755124
315,"Interferon",-0.0712628207122899,0.027107272445921,-0.116089730505726,-0.0448269097934357
315,"APP_CD74",0.458260169993857,0.492590523035644,0.140039752993267,-0.318220417000591
315,"PTPRC_MRC1",0.515868803938857,0.409505392141323,0.286604735284682,-0.229264068654175
316,"Homeostatic",-0.0720450714386879,-0.0314254026744478,-0.0922968366541003,-0.0202517652154125
316,"MHCII",-0.221918507894369,0.0107192488234506,-0.384708132338452,-0.162789624444083
316,"Complement",-0.307004865597485,0.257148012480465,-0.592552931439948,-0.285548065842462
316,"Phagocytic",-0.023977544989828,-0.0567120597818917,-0.204118514477713,-0.180140969487885
316,"Interferon",-0.0750464958533391,0.153159717324985,-0.0939527366241487,-0.0189062407708096
316,"APP_CD74",0.619099023257405,0.67343176206683,0.19611285165628,-0.422986171601125
316,"PTPRC_MRC1",-0.0565902178307387,0.497072374470552,0.239095412107885,0.295685629938624
317,"Homeostatic",-0.220701166818106,-0.192462013456583,-0.116988769862686,0.10371239695542
317,"MHCII",-0.389562310862137,-0.136391400382915,-0.42331180145223,-0.0337494905900924
317,"Complement",-0.231109037912733,-0.120756288486709,-0.67510222839548,-0.443993190482746
317,"Phagocytic",-0.141028378569494,0.0489117414431359,-0.154651368378097,-0.0136229898086034
317,"Interferon",-0.099458013830417,-0.0113992356207614,-0.0873081557120196,0.0121498581183974
317,"APP_CD74",0.528843024605419,0.610883819157527,-0.00774776379981046,-0.536590788405229
317,"PTPRC_MRC1",0.14091720789033,0.195461363536472,0.241580567862001,0.100663359971671
318,"Homeostatic",-0.18446498134678,0.00555384659539317,-0.177300610985359,0.00716437036142148
318,"MHCII",-0.294807554016212,0.870804147899355,-0.543129777292144,-0.248322223275932
318,"Complement",-0.453146176195255,0.285123684221387,-0.62328570551509,-0.170139529319835
318,"Phagocytic",-0.0660639777865335,0.0137942456893203,-0.199326322819732,-0.133262345033199
318,"Interferon",-0.0941460800568634,0.0262752592330352,-0.151496130156564,-0.0573500500997003
318,"APP_CD74",0.623650703104717,1.29516158880657,0.0594383378810576,-0.564212365223659
318,"PTPRC_MRC1",0.244303030061029,0.541046408202175,0.058588068727636,-0.185714961333393
319,"Homeostatic",-0.211399811694584,0.185344921610398,-0.111317535360286,0.100082276334298
319,"MHCII",-0.366484966969326,0.222678505810471,-0.447717283634835,-0.0812323166655088
319,"Complement",-0.314464401100021,0.343897765467454,-0.622624126771532,-0.30815972567151
319,"Phagocytic",-0.228357838047023,0.0486238270270429,-0.199556883503102,0.0288009545439202
319,"Interferon",-0.122262288150043,0.0445313041950195,-0.0380172818854291,0.0842450062646137
319,"APP_CD74",0.55730109924725,0.825650443440663,-0.00701279290280425,-0.564313892150055
319,"PTPRC_MRC1",0.330034578553841,0.552354552439517,-0.0776541006884813,-0.407688679242323
320,"Homeostatic",-0.140862464250742,0.126629107722816,-0.247953955855026,-0.107091491604284
320,"MHCII",-0.275221870927074,0.319590761670283,-0.284313469690683,-0.00909159876360871
320,"Complement",-0.464690953622631,0.449446700377196,-0.684248900180014,-0.219557946557383
320,"Phagocytic",-0.0468763193410603,0.090774969552656,-0.25757843476016,-0.2107021154191
320,"Interferon",-0.188907604233324,0.0914502361302782,-0.108619310749074,0.0802882934842501
320,"APP_CD74",0.595024803339525,0.904896988967975,0.0520041443076295,-0.543020659031895
320,"PTPRC_MRC1",0.0431847124196961,0.433444625089043,0.349253660036833,0.306068947617137
321,"Homeostatic",-0.236665056490337,-0.0253147210988594,-0.21466358495465,0.0220014715356869
321,"MHCII",-0.372527045390113,0.14838422163551,-0.455924780737818,-0.0833977353477051
321,"Complement",-0.312938450698622,0.318312953236105,-0.689795826317524,-0.376857375618902
321,"Phagocytic",-0.247654389497364,0.212788169581967,-0.31652958446706,-0.068875194969696
321,"Interferon",-0.135196079817791,-0.164631699398931,-0.0585250123166269,0.076671067501164
321,"APP_CD74",0.64061231628141,0.511764521731564,0.159514808483597,-0.481097507797813
321,"PTPRC_MRC1",0.1944688689616,0.157600099254612,0.00334045200516996,-0.19112841695643
322,"Homeostatic",-0.220375127713014,-0.0421213859462289,-0.0447387901345011,0.175636337578513
322,"MHCII",-0.389720914829755,0.122342233192906,-0.339389728117049,0.0503311867127065
322,"Complement",-0.0203483180911209,0.00510229950161916,-0.669945202745246,-0.649596884654125
322,"Phagocytic",-0.0946646587577283,0.053509436913951,-0.222201904696302,-0.127537245938573
322,"Interferon",-0.0455811883283277,0.0251689505213726,-0.0382124662938043,0.00736872203452335
322,"APP_CD74",0.565767649434209,0.785866559081475,0.153245540312273,-0.412522109121937
322,"PTPRC_MRC1",0.735351189953411,0.439948903466373,0.175185625364808,-0.560165564588603
323,"Homeostatic",-0.162229345089012,-0.0493399994423661,-0.101820240703322,0.0604091043856895
323,"MHCII",-0.329595829027479,0.335195963707532,-0.59069031338802,-0.261094484360542
323,"Complement",-0.389651768837584,0.216977820399574,-0.532460481472557,-0.142808712634973
323,"Phagocytic",-0.0726247227303722,-0.023109131002606,-0.063850976486947,0.00877374624342518
323,"Interferon",-0.137212091658915,0.140415248696019,-0.158403368811391,-0.0211912771524756
323,"APP_CD74",0.58761814285506,0.880550722845846,-0.0536043342459983,-0.641222477101059
323,"PTPRC_MRC1",0.020262741787199,0.795498384727888,0.626554208421199,0.606291466634
324,"Homeostatic",-0.122715501783659,0.127773715123218,-0.21772922984216,-0.0950137280585003
324,"MHCII",-0.378577406050128,0.36734294854466,-0.558475023478295,-0.179897617428167
324,"Complement",0.0454673378892238,0.500885556422875,-0.524664553828548,-0.570131891717772
324,"Phagocytic",0.0280739522592827,0.0812255306663715,-0.289358021262881,-0.317431973522164
324,"Interferon",-0.0679480169448726,0.109259404464304,-0.0844852939168008,-0.0165372769719283
324,"APP_CD74",0.600790424927144,0.880549506055858,0.251811352325559,-0.348979072601585
324,"PTPRC_MRC1",0.581167594748732,0.514554264572629,-0.370355673416237,-0.951523268164969
325,"Homeostatic",-0.0363271940324968,0.0331932811008091,-0.113512641881793,-0.0771854478492962
325,"MHCII",-0.415383230195519,0.188610965476746,-0.473237751335888,-0.0578545211403694
325,"Complement",-0.12108296337069,-0.0220746323165156,-0.608229691464978,-0.487146728094288
325,"Phagocytic",-0.153824483351279,-0.0408701879876371,-0.18099102959927,-0.0271665462479911
325,"Interferon",-0.0221886235136412,0.144937431573129,-0.024611232366719,-0.00242260885307776
325,"APP_CD74",0.431845071407032,0.821993290449162,-0.0226586861493481,-0.45450375755638
325,"PTPRC_MRC1",0.21129637721508,0.537005288563106,0.179744086929609,-0.0315522902854711
326,"Homeostatic",-0.249218362459184,0.0180174644622613,-0.172241247562429,0.0769771148967553
326,"MHCII",-0.0613307781732891,0.281829234477584,-0.353436050739825,-0.292105272566536
326,"Complement",-0.374539065183306,0.637282708020479,-0.497266405805832,-0.122727340622527
326,"Phagocytic",-0.149976296149368,0.245938892783724,-0.102681514249356,0.0472947819000115
326,"Interferon",-0.0940946327917173,0.10396406734422,-0.0863325153400846,0.00776211745163265
326,"APP_CD74",0.734722566077502,0.909791611706546,-0.103649803492691,-0.838372369570193
326,"PTPRC_MRC1",-0.00104237824518928,0.431658795715726,0.533906123631804,0.534948501876994
327,"Homeostatic",-0.15084684110787,-0.0144916815164631,-0.0714304122821118,0.0794164288257584
327,"MHCII",-0.0937738668532537,-0.0319807752804541,-0.478415315411223,-0.384641448557969
327,"Complement",-0.381147159805919,0.156251186135771,-0.653893849165506,-0.272746689359587
327,"Phagocytic",-0.109936532613066,0.0138447565614965,-0.16444527218659,-0.0545087395735246
327,"Interferon",-0.150659857904099,0.0526845500989574,-0.109087028160034,0.0415728297440651
327,"APP_CD74",0.661741882227469,0.871320549570891,-0.0124579447252232,-0.674199826952692
327,"PTPRC_MRC1",-0.0476053154220797,0.353253258981627,-0.0693129039599528,-0.0217075885378731
328,"Homeostatic",-0.231285318016846,-0.11542914174061,0.00216001419927041,0.233445332216117
328,"MHCII",-0.353947513989254,0.219182017483211,-0.284410367913676,0.0695371460755778
328,"Complement",-0.30539526557993,-0.0924102192626373,-0.520689971295508,-0.215294705715578
328,"Phagocytic",0.0212272848907779,-0.10960002837816,-0.150580749443381,-0.171808034334159
328,"Interferon",-0.125257999886813,0.0777259638254226,-0.161726087615855,-0.0364680877290426
328,"APP_CD74",0.512417471283764,0.692450264514188,0.392893722722731,-0.119523748561032
328,"PTPRC_MRC1",0.0636975559930906,0.201129019455807,0.108950906453883,0.045253350460792
329,"Homeostatic",-0.120820795109497,0.00788789232919504,-0.181762358062789,-0.0609415629532927
329,"MHCII",-0.252691354525293,0.108338846262197,-0.412422430454071,-0.159731075928778
329,"Complement",-0.0733546049334125,0.506673428856225,-0.643769516899409,-0.570414911965996
329,"Phagocytic",-0.072675617219956,0.0552601605856474,-0.314974245148701,-0.242298627928745
329,"Interferon",0.0220077976064439,0.115266657700539,-0.0666674909398405,-0.0886752885462844
329,"APP_CD74",0.555103569535407,1.07224521127126,0.0114859360472205,-0.543617633488187
329,"PTPRC_MRC1",0.0540824724581771,0.268102310502757,0.128504027704897,0.0744215552467196
330,"Homeostatic",-0.160510417325526,0.0491319735433288,-0.158116155609461,0.00239426171606552
330,"MHCII",-0.281991346387537,0.783346874444301,-0.539755588609575,-0.257764242222038
330,"Complement",-0.415305585805236,0.206211618771807,-0.63529828072347,-0.219992694918234
330,"Phagocytic",-0.128227480779115,0.055791571547544,-0.252280976405461,-0.124053495626346
330,"Interferon",-0.0800673803553181,0.0324741204206811,-0.160565654361053,-0.0804982740057352
330,"APP_CD74",0.654049516411812,0.985269599990608,0.0513338451419016,-0.60271567126991
330,"PTPRC_MRC1",0.0767117738213538,0.505961685226437,-0.171840343588756,-0.24855211741011
331,"Homeostatic",-0.229359967588279,0.0492046028526834,-0.14839034509117,0.0809696224971093
331,"MHCII",-0.348139202488183,0.0218123277254766,-0.282801085126102,0.0653381173620815
331,"Complement",-0.22651518490623,-0.0171856520520998,-0.599113994609646,-0.372598809703416
331,"Phagocytic",-0.182091720221861,-0.109265359360117,-0.251578512740206,-0.0694867925183459
331,"Interferon",-0.0731560493551643,0.127393359074459,-0.0913776834338347,-0.0182216340786704
331,"APP_CD74",0.526995284818041,0.526287293769238,0.265590504150101,-0.26140478066794
331,"PTPRC_MRC1",0.493872249503278,0.470679417060821,0.112662583979401,-0.381209665523878
332,"Homeostatic",-0.226172253941376,0.0571572319797592,-0.11673538658439,0.109436867356986
332,"MHCII",-0.316263857540065,0.193378684236707,-0.37727876508849,-0.0610149075484244
332,"Complement",-0.230473788726241,0.0367255264379,-0.597827842853109,-0.367354054126869
332,"Phagocytic",-0.108604461955117,0.0188043162349877,-0.298639575306024,-0.190035113350907
332,"Interferon",0.0255781465389951,0.0554740872632291,-0.138467679787568,-0.164045826326563
332,"APP_CD74",0.683835197924902,0.746528055135967,0.474794920632473,-0.209040277292429
332,"PTPRC_MRC1",0.349806312093584,0.481131924151234,-0.0857156615397349,-0.435521973633319
333,"Homeostatic",-0.280851793044967,-0.126672460973872,-0.192330886910016,0.0885209061349511
333,"MHCII",-0.373810009676335,0.788063978513432,-0.496003846164433,-0.122193836488098
333,"Complement",-0.164112953491374,0.283402140234517,-0.643203129232817,-0.479090175741444
333,"Phagocytic",-0.200414210063249,-0.0449095787482172,-0.140392932069938,0.0600212779933112
333,"Interferon",-0.107793971755791,0.0365289314761032,-0.101975705347764,0.00581826640802761
333,"APP_CD74",0.602613083150682,0.711269521941497,-0.123063977213614,-0.725677060364296
333,"PTPRC_MRC1",0.348301553016163,0.551665337428567,0.369664210199252,0.0213626571830893
334,"Homeostatic",-0.249499567988613,0.116739281139273,0.00182932296020557,0.251328890948818
334,"MHCII",-0.554771268305069,-0.193538290988551,-0.535725531641559,0.0190457366635103
334,"Complement",-0.275966439626022,0.154163545226782,-0.566694945427552,-0.290728505801531
334,"Phagocytic",-0.201054109479766,0.0179960430957215,-0.199003441812315,0.00205066766745063
334,"Interferon",-0.172351420286271,0.0576707140993227,-0.0913564602425153,0.0809949600437552
334,"APP_CD74",0.384431146323079,0.965845263403548,-0.00151281311854209,-0.385943959441621
334,"PTPRC_MRC1",0.453113253163783,0.562517388239931,0.166082859433999,-0.287030393729784
335,"Homeostatic",-0.279938651497264,0.134403636570073,-0.107032155179775,0.172906496317489
335,"MHCII",-0.3246906667653,0.0256626053403585,-0.476146570694998,-0.151455903929697
335,"Complement",-0.267550429821332,0.181063974228036,-0.681092449614653,-0.413542019793321
335,"Phagocytic",0.176350929037758,-0.00850850745998649,-0.227609211486687,-0.403960140524445
335,"Interferon",-0.113827442935746,0.0264308991603728,-0.0114212320263909,0.102406210909355
335,"APP_CD74",0.614868199963337,0.70416803524038,0.192341459472233,-0.422526740491104
335,"PTPRC_MRC1",0.648701780592911,0.42403623883602,0.0179523537977804,-0.63074942679513
336,"Homeostatic",-0.0679360476287526,0.0365745828663404,-0.280187114374988,-0.212251066746236
336,"MHCII",-0.550152484895493,0.843715487601048,-0.464428137468757,0.085724347426736
336,"Complement",0.078622108801228,0.187793741632506,-0.656104374669082,-0.73472648347031
336,"Phagocytic",-0.0410990782402071,-0.0243049908190212,-0.361211903183986,-0.320112824943779
336,"Interferon",-0.0478603419591524,0.168563534134799,-0.196443228021057,-0.148582886061905
336,"APP_CD74",0.493856439780176,0.804605997568808,0.145138006941167,-0.348718432839009
336,"PTPRC_MRC1",0.329313993241183,0.656597689578654,0.0380615150146432,-0.29125247822654
337,"Homeostatic",-0.149343601260751,-0.0640143016492724,-0.214943648411496,-0.0656000471507455
337,"MHCII",-0.444802425703797,0.128734350887408,-0.519095665947085,-0.0742932402432879
337,"Complement",-0.178243356925235,0.0871111879809299,-0.529488658231588,-0.351245301306353
337,"Phagocytic",-0.14696024283577,0.0784860651065268,-0.103980435372053,0.0429798074637171
337,"Interferon",-0.140955508127777,0.243591395608121,-0.0932620168034966,0.0476934913242808
337,"APP_CD74",0.567656163506116,0.974147229546215,-0.0670841938812781,-0.634740357387394
337,"PTPRC_MRC1",0.41456472514903,0.297326822264596,0.20232340377449,-0.212241321374539
338,"Homeostatic",-0.217676424406059,0.0578034767452435,-0.0165838782984845,0.201092546107575
338,"MHCII",-0.32243939986516,0.435655407226202,-0.492111021710104,-0.169671621844944
338,"Complement",-0.197253598967348,-0.0274102541414922,-0.53226495378325,-0.335011354815902
338,"Phagocytic",-0.0263132092622794,-0.0175706645445101,-0.119267935854134,-0.0929547265918548
338,"Interferon",-0.0111364103168068,0.0690029014022402,-0.176107024030844,-0.164970613714037
338,"APP_CD74",0.534455819281684,0.639623137421311,0.20479226463266,-0.329663554649024
338,"PTPRC_MRC1",-0.105216123273164,0.227240171648907,0.111831051798112,0.217047175071276
339,"Homeostatic",-0.229899379735079,-0.14181830219144,-0.170556143415742,0.059343236319337
339,"MHCII",-0.335241845457117,-0.0675300663381984,-0.31283959737399,0.0224022480831276
339,"Complement",-0.361675341108777,-0.136230129045536,-0.659303376478151,-0.297628035369374
339,"Phagocytic",-0.0422085169454382,0.0562160454621525,-0.282709954989535,-0.240501438044096
339,"Interferon",-0.0779539344953254,0.107210285983975,-0.0206257438638252,0.0573281906315002
339,"APP_CD74",0.552669343032756,0.599025286805269,0.24884400248325,-0.303825340549506
339,"PTPRC_MRC1",0.00656368317967833,0.305858469740476,0.155399727615747,0.148836044436069
340,"Homeostatic",-0.168735025858512,-0.199067478475958,-0.153973964882525,0.014761060975987
340,"MHCII",-0.243733390352956,0.186112500880976,-0.330935023887795,-0.087201633534839
340,"Complement",-0.318871149842818,0.0871749349347504,-0.451990217671543,-0.133119067828725
340,"Phagocytic",-0.00788961584805337,0.0218957896777183,-0.208213640551906,-0.200324024703853
340,"Interferon",-0.124646288132083,0.061069557401279,-0.153804348930515,-0.029158060798432
340,"APP_CD74",0.653921433113973,1.01105327969303,0.29104389752703,-0.362877535586942
340,"PTPRC_MRC1",0.193384803552667,0.155735794532848,0.132904910179048,-0.0604798933736189
341,"Homeostatic",-0.167646641048317,0.0554447670957833,-0.0900927611265871,0.0775538799217296
341,"MHCII",-0.273087682524163,0.15151249461814,-0.47007047142172,-0.196982788897557
341,"Complement",-0.242090706059734,0.198183716523404,-0.401552365258972,-0.159461659199238
341,"Phagocytic",-0.0831632721567251,0.133894933068437,-0.0601729844514843,0.0229902877052408
341,"Interferon",-0.14442373529718,0.057814011178544,-0.0640677261507225,0.0803560091464579
341,"APP_CD74",0.569169757480541,0.846497813839546,0.0629137243147687,-0.506256033165772
341,"PTPRC_MRC1",0.0269846781579127,0.790715275272793,0.0931119835196332,0.0661273053617205
342,"Homeostatic",-0.195446185439199,-0.0530736965885868,-0.153551700292923,0.0418944851462763
342,"MHCII",-0.428151321383211,0.109583981732577,-0.327045346791692,0.101105974591519
342,"Complement",0.0949799658622301,0.27471426752487,-0.703331431641855,-0.798311397504085
342,"Phagocytic",-0.081324866705669,-0.0450963445693464,-0.191990395068816,-0.110665528363147
342,"Interferon",-0.0802704262268584,0.126680686588579,0.00980612145006714,0.0900765476769255
342,"APP_CD74",0.573596564110211,1.05415510978198,0.0348216567259669,-0.538774907384244
342,"PTPRC_MRC1",0.456676455261216,0.409836454875722,0.411045922479103,-0.0456305327821126
343,"Homeostatic",-0.22627381160967,0.398734925653155,-0.218311333505485,0.00796247810418516
343,"MHCII",-0.441054146306027,0.190381107968956,-0.412770635123389,0.0282835111826382
343,"Complement",-0.150306531322119,0.633437334260002,-0.528962887731581,-0.378656356409462
343,"Phagocytic",-0.168764538656416,0.207279764206523,-0.138459498848507,0.0303050398079085
343,"Interferon",-0.134719943058023,0.235328490248294,-0.112626996185802,0.0220929468722215
343,"APP_CD74",0.511962155981598,0.696645148955829,0.00508763545903737,-0.506874520522561
343,"PTPRC_MRC1",0.457220899130551,0.760175547389915,0.233160825439142,-0.224060073691409
344,"Homeostatic",-0.270155913338066,0.0806446045620711,-0.161624551368397,0.108531361969669
344,"MHCII",-0.102238388338641,0.596177146978463,-0.477105715560295,-0.374867327221653
344,"Complement",-0.255317295406982,0.224591876365393,-0.750444931849314,-0.495127636442332
344,"Phagocytic",0.0146161211680154,0.136327695769948,-0.289092552392875,-0.30370867356089
344,"Interferon",-0.0993119908741577,-0.0784291286866783,-0.0694561773814675,0.0298558134926901
344,"APP_CD74",0.790526909207162,0.643807554708617,0.247292366702713,-0.543234542504449
344,"PTPRC_MRC1",0.514566694172519,0.770831416344735,0.1020874532271,-0.412479240945419
345,"Homeostatic",-0.150763965584183,0.0653760162079456,-0.220148055551338,-0.0693840899671554
345,"MHCII",-0.541327100815383,0.307392634514824,-0.357531425835637,0.183795674979746
345,"Complement",-0.203038494812409,0.400244035084566,-0.594245582428764,-0.391207087616355
345,"Phagocytic",-0.164716810292446,-0.0336224535645482,-0.17290435112422,-0.00818754083177367
345,"Interferon",-0.0633064519553232,0.0833036404862233,-0.0564360306723189,0.00687042128300425
345,"APP_CD74",0.39430248384383,0.695963587542373,0.0290269904451398,-0.36527549339869
345,"PTPRC_MRC1",0.371467451364825,0.648855897850784,0.297293318058702,-0.0741741333061223
346,"Homeostatic",0.0257077546303621,-0.0197320045036644,-0.144095609692443,-0.169803364322805
346,"MHCII",0.12716163996263,0.133306558495114,-0.459692659482519,-0.586854299445149
346,"Complement",-0.0501878528171871,0.280169124774537,-0.485364690615553,-0.435176837798366
346,"Phagocytic",-0.122277584634685,0.0245331449449502,-0.250174892137244,-0.127897307502559
346,"Interferon",-0.0455779552171124,0.0237559526492408,-0.072726177292138,-0.0271482220750256
346,"APP_CD74",0.757237491638293,0.885673482518193,0.0262440765846563,-0.730993415053636
346,"PTPRC_MRC1",0.265317936242239,0.393841223194305,0.355757871817555,0.090439935575316
347,"Homeostatic",-0.1020338299866,0.160968108132119,-0.193274827307892,-0.0912409973212913
347,"MHCII",-0.453912426991134,0.279927172659205,-0.354686173680612,0.0992262533105221
347,"Complement",-0.24690568289979,0.450977664436522,-0.535036005801622,-0.288130322901831
347,"Phagocytic",-0.173906297502945,0.20548145027512,-0.159526066989724,0.0143802305132205
347,"Interferon",-0.151094589011837,0.11629827651404,-0.020393270447841,0.130701318563996
347,"APP_CD74",0.70688401878396,0.719540190298387,-0.0214483490418081,-0.728332367825768
347,"PTPRC_MRC1",0.0716878305268292,0.742784040842147,0.181034702380429,0.1093468718536
348,"Homeostatic",-0.102832866883225,0.0103286974397135,-0.145894417305241,-0.0430615504220164
348,"MHCII",-0.513288362614643,0.387947868866444,-0.433590322547544,0.0796980400670981
348,"Complement",-0.319854626583516,0.190857395591741,-0.649131525408071,-0.329276898824555
348,"Phagocytic",-0.1896950292349,-0.026629614497297,-0.186079099385802,0.00361592984909848
348,"Interferon",-0.097866443411159,0.0788995309724687,-0.158538382036588,-0.0606719386254295
348,"APP_CD74",0.649615436388076,0.77856305748616,0.0491344048641197,-0.600481031523956
348,"PTPRC_MRC1",0.202864049554765,0.415291661407473,0.245184118620441,0.0423200690656763
349,"Homeostatic",-0.262374086170286,0.00519888082948312,-0.0592294666490885,0.203144619521198
349,"MHCII",-0.237140137146103,0.423753778230003,-0.469800055380345,-0.232659918234242
349,"Complement",-0.109124284290136,0.165028763255031,-0.617041114307883,-0.507916830017747
349,"Phagocytic",-0.107414824841221,0.0144113830466632,-0.211898114940034,-0.104483290098813
349,"Interferon",-0.0788294075788426,0.0652288695979606,-0.115568328647206,-0.0367389210683632
349,"APP_CD74",0.71033049653852,0.925455010525521,0.0476792593119398,-0.66265123722658
349,"PTPRC_MRC1",0.172891582465507,0.490178207929616,0.0427536100510762,-0.130137972414431
350,"Homeostatic",-0.191623492242495,0.170879375718218,-0.244538555202173,-0.0529150629596783
350,"MHCII",-0.517088102186669,0.421119554703183,-0.408153402536874,0.108934699649795
350,"Complement",-0.320224216868822,0.59010863927476,-0.609005394416645,-0.288781177547823
350,"Phagocytic",-0.0336172534878754,0.131779669714865,-0.23707079875719,-0.203453545269315
350,"Interferon",-0.109831797939319,0.0855392675817097,-0.098172058395014,0.0116597395443046
350,"APP_CD74",0.586678073206188,0.812236184443386,0.120171632281062,-0.466506440925126
350,"PTPRC_MRC1",0.00485723256151178,0.794644596556136,0.079704630637821,0.0748473980763092
351,"Homeostatic",-0.0406760810620686,0.119309678272683,0.0115846358496229,0.0522607169116915
351,"MHCII",-0.400880614105681,0.452123116836062,-0.512924536232163,-0.112043922126483
351,"Complement",-0.0800939963471937,0.384759378495924,-0.560601295873584,-0.48050729952639
351,"Phagocytic",-0.0845187035756105,0.0362696996789783,-0.140107048624672,-0.0555883450490618
351,"Interferon",0.0197889424134284,0.194362059753639,-0.105027708622962,-0.12481665103639
351,"APP_CD74",0.71991893614691,0.898437430718213,-0.0488574507986406,-0.768776386945551
351,"PTPRC_MRC1",0.474422040131325,0.324730136601983,0.304691311504515,-0.169730728626811
352,"Homeostatic",-0.151188173487867,-0.00845348208811901,-0.32021794461355,-0.169029771125683
352,"MHCII",-0.630760681896352,0.56413820278301,-0.506731928680932,0.12402875321542
352,"Complement",-0.308138189820507,0.15008385059047,-0.577199860416747,-0.26906167059624
352,"Phagocytic",-0.0658559721371545,0.0446189822058567,-0.23863295977114,-0.172776987633985
352,"Interferon",-0.0945141514290408,0.173439021165315,-0.169266047893146,-0.074751896464105
352,"APP_CD74",0.211686925496137,0.874169429246174,0.163800835053027,-0.0478860904431101
352,"PTPRC_MRC1",0.281162447604358,0.286309230597572,-0.0361794468851734,-0.317341894489531
353,"Homeostatic",-0.23668653922668,0.132754424381986,-0.130014117240291,0.106672421986389
353,"MHCII",-0.251721443292091,0.40174796272268,-0.498124163359028,-0.246402720066937
353,"Complement",-0.0874516083658933,0.256206401749027,-0.556034811770334,-0.468583203404441
353,"Phagocytic",-0.0896757397301951,0.026523221566481,-0.228502131204371,-0.138826391474176
353,"Interferon",-0.0624844714400885,-0.0218941801058135,-0.0934623168455572,-0.0309778454054687
353,"APP_CD74",0.551690780284649,0.915938421271438,0.184987423088263,-0.366703357196386
353,"PTPRC_MRC1",0.392818889648601,0.330337859837535,-0.106377687522083,-0.499196577170683
354,"Homeostatic",-0.183701510152739,0.0790912567535888,-0.266064086473625,-0.0823625763208862
354,"MHCII",-0.48993933840734,0.080652566214178,-0.285755622243364,0.204183716163976
354,"Complement",-0.185567976926105,0.0826865343627296,-0.630177223596267,-0.444609246670162
354,"Phagocytic",-0.134130630378941,0.0839004822934335,-0.26736420418253,-0.13323357380359
354,"Interferon",-0.122210726276812,-0.0211466193505934,-0.122876241912925,-0.000665515636112751
354,"APP_CD74",0.672063674885917,0.657878643861431,0.0786445647178337,-0.593419110168084
354,"PTPRC_MRC1",0.81115231275429,0.396858953554423,0.275569447266736,-0.535582865487554
355,"Homeostatic",-0.322447583760439,0.132140355075791,-0.128401217072479,0.194046366687959
355,"MHCII",-0.44756292919757,0.297556339537159,-0.384603830572193,0.0629590986253767
355,"Complement",-0.3344526369118,0.379164298426529,-0.598556982861057,-0.264104345949257
355,"Phagocytic",-0.0365101559168536,0.107651429031832,-0.210860876391302,-0.174350720474448
355,"Interferon",-0.113380373505906,0.028691599982785,-0.00808357904822898,0.105296794457677
355,"APP_CD74",0.4646002647121,0.879647464991751,0.281274319913209,-0.183325944798892
355,"PTPRC_MRC1",0.64456247553574,0.538001526823829,0.0921167313878017,-0.552445744147938
356,"Homeostatic",-0.240761980616542,0.103049375813682,-0.241147492588153,-0.000385511971610991
356,"MHCII",-0.486782759061179,0.418875192579489,-0.470207644470591,0.0165751145905876
356,"Complement",-0.370125700829974,0.208584803732357,-0.556951840979518,-0.186826140149543
356,"Phagocytic",-0.256531835590917,0.116639089220071,-0.234130807708823,0.0224010278820934
356,"Interferon",-0.049434479644373,0.00434542758323588,-0.103511877376933,-0.0540773977325605
356,"APP_CD74",0.48313767068472,0.74811919958882,0.135473890707587,-0.347663779977133
356,"PTPRC_MRC1",0.307631158329785,0.510923901168708,0.145035023098945,-0.16259613523084
357,"Homeostatic",-0.101398702313456,0.0119626933889688,-0.213507898250377,-0.112109195936921
357,"MHCII",-0.333191371823373,0.250997554641007,-0.426248972541005,-0.0930576007176316
357,"Complement",-0.111222126056307,0.112001284713927,-0.629019258618224,-0.517797132561917
357,"Phagocytic",-0.174698719296313,0.0256005743710542,-0.343093852871288,-0.168395133574975
357,"Interferon",-0.102415135857726,0.161323197479319,-0.0603102908296797,0.0421048450280459
357,"APP_CD74",0.754144391681749,0.679967101400604,0.077263602521759,-0.67688078915999
357,"PTPRC_MRC1",0.747921701350753,0.683240156032123,0.116114958644574,-0.631806742706179
358,"Homeostatic",-0.0993670953755251,-0.0195141252830944,-0.221992404392086,-0.122625309016561
358,"MHCII",-0.33517262283375,0.367986697800912,-0.41596790425521,-0.0807952814214608
358,"Complement",-0.166112308556357,0.256144290769503,-0.538050073048369,-0.371937764492012
358,"Phagocytic",-0.112123587745274,-0.0260178361502391,-0.232538276190419,-0.120414688445145
358,"Interferon",-0.0852075465964479,0.105642776096199,-0.103812825952288,-0.0186052793558405
358,"APP_CD74",0.6127548384023,0.793614893453131,0.163387185035126,-0.449367653367174
358,"PTPRC_MRC1",0.410811538832549,0.336761642530195,-0.114311222919563,-0.525122761752113
359,"Homeostatic",-0.17178854811495,0.0543299035789964,-0.105501215328133,0.0662873327868164
359,"MHCII",-0.385312782580424,0.0178419679894501,-0.485794211907464,-0.100481429327039
359,"Complement",-0.292998176168131,0.441338510872028,-0.588071362432342,-0.295073186264211
359,"Phagocytic",-0.213351370113127,0.0574036966555209,-0.194012997767702,0.0193383723454246
359,"Interferon",-0.147248863245702,0.0185840260258761,-0.015641811164598,0.131607052081104
359,"APP_CD74",0.476917705031334,0.522847229006027,0.113096961132271,-0.363820743899062
359,"PTPRC_MRC1",0.0470711463167916,0.48798342569603,0.224552560189105,0.177481413872314
360,"Homeostatic",-0.135840932530157,-0.186665645284604,-0.124310142673726,0.0115307898564302
360,"MHCII",-0.577795095034552,0.299795823866308,-0.356491865595018,0.221303229439534
360,"Complement",-0.304536191322731,-0.0887451348894651,-0.576679791123901,-0.27214359980117
360,"Phagocytic",0.171912858560446,-0.137927046878432,-0.212706119769138,-0.384618978329584
360,"Interferon",-0.120383629781475,0.0822043118629903,-0.121991892937257,-0.00160826315578239
360,"APP_CD74",0.484896554448009,0.945403797261361,0.250186643655308,-0.234709910792701
360,"PTPRC_MRC1",-0.176044186714396,0.224072739745504,0.221627974802711,0.397672161517108
361,"Homeostatic",-0.13324668868286,0.0603812245759774,-0.0766821199123777,0.0565645687704822
361,"MHCII",-0.469146291606976,0.0646931821857321,-0.655505270890927,-0.186358979283952
361,"Complement",-0.34499510861035,0.0609847432714251,-0.532619267100147,-0.187624158489797
361,"Phagocytic",0.0467402865185924,-0.0295570770449732,-0.123418968572982,-0.170159255091574
361,"Interferon",-0.0582378210830429,0.0507126033375726,-0.0500356789078316,0.00820214217521134
361,"APP_CD74",0.483821785670993,0.84982214306982,-0.133471760356061,-0.617293546027055
361,"PTPRC_MRC1",0.302629527936081,0.650882796987636,-0.174604434440349,-0.47723396237643
362,"Homeostatic",-0.241262034706549,-0.0813518841292616,-0.14777034072439,0.0934916939821585
362,"MHCII",-0.267857515102296,0.0538400667809842,-0.461892971274949,-0.194035456172653
362,"Complement",-0.155601611918854,0.116907836063027,-0.63189348497533,-0.476291873056476
362,"Phagocytic",-0.0745207470849324,-0.137309068767281,-0.215988511476897,-0.141467764391964
362,"Interferon",-0.155450297879079,0.0723796191441877,-0.0455710994473392,0.109879198431739
362,"APP_CD74",0.687912478005969,0.655949863235566,0.240227266460171,-0.447685211545798
362,"PTPRC_MRC1",0.537950921084937,0.306547407512358,-0.0392685575015835,-0.577219478586521
363,"Homeostatic",-0.177935486389621,0.0995440239211901,-0.151569560143477,0.0263659262461444
363,"MHCII",-0.594566288782477,0.14546730924062,-0.350756164213404,0.243810124569073
363,"Complement",-0.260490119075909,0.30388389643923,-0.478863382806282,-0.218373263730373
363,"Phagocytic",-0.0665219975831291,0.00915728748540313,-0.198773775139334,-0.132251777556205
363,"Interferon",-0.121981607667512,0.143859800258672,-0.0532760198660827,0.0687055878014293
363,"APP_CD74",0.411652343399791,0.607556447663505,0.122643386648065,-0.289008956751726
363,"PTPRC_MRC1",-0.0135825970127128,0.444768469704714,0.138569530865235,0.152152127877948
364,"Homeostatic",-0.264544126318376,-0.206326267976632,-0.171344246207365,0.0931998801110112
364,"MHCII",-0.488417246858314,0.109070946469745,-0.371012251237182,0.117404995621132
364,"Complement",-0.267731539260327,-0.156496070283805,-0.620375018308939,-0.352643479048612
364,"Phagocytic",-0.0459342554890924,-0.152464543664451,-0.11457695554789,-0.0686427000587976
364,"Interferon",-0.0871647348562843,0.0710924742451075,-0.0781295012462351,0.00903523361004917
364,"APP_CD74",0.29419568103726,0.596602310875813,-0.0712826693931818,-0.365478350430442
364,"PTPRC_MRC1",-0.0193415936173774,0.29243668755966,0.269038304773819,0.288379898391197
365,"Homeostatic",-0.263012847878274,-0.0340517302450363,-0.0987249593852335,0.164287888493041
365,"MHCII",-0.562247360596655,0.0263278387528531,-0.485868281180007,0.076379079416648
365,"Complement",-0.534042254658782,0.0258014658668209,-0.58672287690967,-0.0526806222508878
365,"Phagocytic",-0.300122268889564,0.00447759876638749,-0.348443786454192,-0.0483215175646273
365,"Interferon",-0.179790264384251,0.0542960706341607,-0.120996296136672,0.0587939682475795
365,"APP_CD74",0.375861117820671,0.928274056610921,0.498148975442963,0.122287857622293
365,"PTPRC_MRC1",-0.246191559130949,0.429382945899579,-0.247820908161722,-0.0016293490307723
366,"Homeostatic",-0.361615135189915,-0.131421714987126,-0.0324062033798068,0.329208931810108
366,"MHCII",-0.483897172571015,0.0973516360322896,-0.488887181639658,-0.00499000906864339
366,"Complement",-0.0713053843992569,0.268900356574754,-0.546090817594055,-0.474785433194798
366,"Phagocytic",0.0316306004051465,-0.0108777870857076,-0.20061100553199,-0.232241605937137
366,"Interferon",-0.0500677065363018,0.037477697302651,-0.000806636497221939,0.0492610700390799
366,"APP_CD74",0.395543421473461,0.683293888877922,0.109797538898122,-0.285745882575339
366,"PTPRC_MRC1",0.274578987844942,0.191586589563718,0.125357127459173,-0.149221860385769
367,"Homeostatic",-0.342518488880742,0.181105274477616,-0.153976137393142,0.1885423514876
367,"MHCII",-0.49429759816379,0.182093201097656,-0.433880452439432,0.0604171457243578
367,"Complement",-0.367582004174482,0.452685588602593,-0.433279721141385,-0.065697716966903
367,"Phagocytic",-0.0478115358275893,0.232994197002937,-0.0780097765640876,-0.0301982407364983
367,"Interferon",-0.116005926037823,0.112939162873917,-0.0649845392837253,0.0510213867540974
367,"APP_CD74",0.413095967899917,0.699509875890348,-0.012376772603622,-0.425472740503539
367,"PTPRC_MRC1",0.191258237986477,0.485356316445967,-0.0309449083258048,-0.222203146312281
368,"Homeostatic",-0.191831437602928,-0.0322216531004571,-0.182745540513458,0.00908589708946977
368,"MHCII",-0.545156947490843,0.169041909830881,-0.390886775354992,0.154270172135851
368,"Complement",-0.0655721131329004,0.217614488339335,-0.573728925610691,-0.50815681247779
368,"Phagocytic",-0.170994841628112,0.00273123551817671,-0.241057953955051,-0.070063112326939
368,"Interferon",-0.093814009227508,0.0186897680211523,-0.134126532727763,-0.0403125235002555
368,"APP_CD74",0.555617236602412,0.845987584854816,0.218538000224474,-0.337079236377938
368,"PTPRC_MRC1",0.531978936428672,0.200630807544806,0.0775207483129472,-0.454458188115724
369,"Homeostatic",-0.190980297411291,-0.0279418959910409,-0.17838073655956,0.0125995608517307
369,"MHCII",-0.20116342307773,0.401706692803648,-0.236936821699634,-0.0357733986219037
369,"Complement",0.0225042773461937,0.0896001357098361,-0.439388077190317,-0.461892354536511
369,"Phagocytic",-0.192143875530798,-0.0642543167068803,-0.183789898812212,0.0083539767185864
369,"Interferon",-0.0657192696988098,0.096432696403145,-0.0849163427776591,-0.0191970730788493
369,"APP_CD74",0.783632189884211,0.806794622487013,0.363358410984633,-0.420273778899578
369,"PTPRC_MRC1",0.69543725512708,0.224702705207252,0.0759544543971811,-0.619482800729899
370,"Homeostatic",-0.16827378562972,0.0376071621178133,-0.132380916992836,0.0358928686368834
370,"MHCII",-0.37494135442684,0.162955006881814,-0.44860799959661,-0.0736666451697694
370,"Complement",-0.306050711660108,0.159773153755713,-0.55906374960657,-0.253013037946462
370,"Phagocytic",-0.121983026376288,-0.0183948916610827,-0.294342191940592,-0.172359165564304
370,"Interferon",-0.0247824946513801,0.157316836415865,-0.164728028981928,-0.139945534330547
370,"APP_CD74",0.621751474932442,0.906968115394909,0.129612218572279,-0.492139256360163
370,"PTPRC_MRC1",0.138643663394386,0.417472326650932,0.253013819161234,0.114370155766848
371,"Homeostatic",-0.147780125459841,0.119757860901132,-0.206163566827867,-0.0583834413680256
371,"MHCII",-0.225033608613936,0.341369140806164,-0.311908773261935,-0.0868751646479987
371,"Complement",-0.19351642927954,0.570825382456673,-0.521026269817002,-0.327509840537462
371,"Phagocytic",-0.189539167205628,0.176815659240772,-0.228757455426908,-0.0392182882212799
371,"Interferon",-0.0958099035185157,0.130385843378215,-0.0987109708175661,-0.00290106729905043
371,"APP_CD74",0.60697811189714,1.13323762684345,0.339992366158151,-0.26698574573899
371,"PTPRC_MRC1",0.0613958383110706,0.291137280333322,0.156541671647468,0.0951458333363977
372,"Homeostatic",-0.103298224967547,0.127552041418862,-0.128748410119365,-0.0254501851518181
372,"MHCII",-0.122003227348985,0.313946521311894,-0.505152949585628,-0.383149722236643
372,"Complement",-0.182353978166754,0.193822123736397,-0.612406119882692,-0.430052141715938
372,"Phagocytic",-0.140197970684959,0.127241295487139,-0.250866507805246,-0.110668537120287
372,"Interferon",-0.0815215731476917,0.0853086185371003,-0.0699660435600173,0.0115555295876743
372,"APP_CD74",0.804943304551578,0.795630557871359,0.212235707404048,-0.59270759714753
372,"PTPRC_MRC1",0.381779416221697,0.702591391901367,-0.0375835728789488,-0.419362989100646
373,"Homeostatic",-0.113570888488631,-0.0466108165441119,-0.153175429243756,-0.0396045407551246
373,"MHCII",-0.375989836020702,0.448472168773464,-0.212008589827446,0.163981246193256
373,"Complement",0.0468352787771515,0.152176257933017,-0.558830796409275,-0.605666075186427
373,"Phagocytic",-0.200567559184424,0.0319025994854084,-0.183285921839379,0.0172816373450451
373,"Interferon",-0.0427454280249422,0.0506392361083257,-0.111070266539963,-0.0683248385150205
373,"APP_CD74",0.641457506689941,0.747987408248985,0.2907971019311,-0.35066040475884
373,"PTPRC_MRC1",0.364868347929352,0.513090482167203,0.106877448909398,-0.257990899019954
374,"Homeostatic",-0.279230475265681,-0.0105296363832402,-0.186566225814292,0.0926642494513887
374,"MHCII",-0.611645553484956,0.547403893706718,-0.411352655155709,0.200292898329247
374,"Complement",-0.306583674669949,0.154389365760811,-0.607708048250077,-0.301124373580128
374,"Phagocytic",-0.0519185992527273,0.106906276740326,-0.257262521748234,-0.205343922495507
374,"Interferon",-0.183137898204227,0.0197182551197356,-0.1429616482211,0.0401762499831263
374,"APP_CD74",0.507723405007821,0.845607719515663,0.240427297996879,-0.267296107010942
374,"PTPRC_MRC1",0.132339684374475,0.543145082282784,0.120816089920734,-0.0115235944537415
375,"Homeostatic",-0.152933670963825,-0.0517058758519446,-0.225365180338136,-0.0724315093743104
375,"MHCII",-0.0709738617031072,-0.0602857651095475,-0.509881219812438,-0.43890735810933
375,"Complement",-0.285057623969681,0.0292215390367178,-0.603538774707123,-0.318481150737442
375,"Phagocytic",-0.149473897550807,-0.00445070506515458,-0.200304829776992,-0.050830932226185
375,"Interferon",-0.100423947284539,0.00445071932820386,-0.0855814458633006,0.0148425014212384
375,"APP_CD74",0.819727876774155,0.594454551368007,0.0701608262149304,-0.749567050559225
375,"PTPRC_MRC1",0.272213708286456,0.79869494958722,0.109535399923771,-0.162678308362685
376,"Homeostatic",-0.172196958964197,0.100005864519336,-0.235859417831139,-0.0636624588669421
376,"MHCII",-0.276684490221304,0.29574115747255,-0.393419404219466,-0.116734913998162
376,"Complement",-0.165827348477018,0.500937273909326,-0.458899048155864,-0.293071699678846
376,"Phagocytic",0.0391396237181638,0.0821923601602198,-0.178642848208414,-0.217782471926578
376,"Interferon",-0.0852946671398953,0.0276184724765441,-0.172447775483877,-0.0871531083439814
376,"APP_CD74",0.686984928767734,0.641345806844697,0.240770599180569,-0.446214329587166
376,"PTPRC_MRC1",0.0433074257450608,0.323524633606838,0.0138343956524301,-0.0294730300926308
377,"Homeostatic",-0.206926239570838,-0.0080757089653636,-0.204608276908151,0.00231796266268652
377,"MHCII",-0.578890495731958,0.172579342803421,-0.312231586686182,0.266658909045776
377,"Complement",-0.0615896383819204,0.437725812667203,-0.665140872427316,-0.603551234045396
377,"Phagocytic",-0.213713703866995,0.114999933802186,-0.26531694675198,-0.0516032428849849
377,"Interferon",-0.151002224127578,0.0238579551761817,-0.0643215213051686,0.0866807028224094
377,"APP_CD74",0.528578733355058,0.977948787985178,0.238198638849241,-0.290380094505818
377,"PTPRC_MRC1",0.542978189063786,0.501817723434278,0.197562797249296,-0.345415391814489
378,"Homeostatic",-0.179389987364957,0.00900321350725184,-0.1049039427665,0.0744860445984573
378,"MHCII",-0.618705656194357,0.283945730019111,-0.47565573784063,0.143049918353728
378,"Complement",-0.298141281879922,0.197038933886486,-0.619408701953673,-0.321267420073752
378,"Phagocytic",-0.0651608088770475,-0.0598182468032934,-0.155149061764262,-0.0899882528872148
378,"Interferon",-0.0859847378424249,-0.00657492519007178,-0.0684000366896087,0.0175847011528162
378,"APP_CD74",0.611147482066594,0.755350610711793,-0.0598391743204565,-0.67098665638705
378,"PTPRC_MRC1",0.320722368690431,0.446797581334806,0.571421666693651,0.25069929800322
379,"Homeostatic",-0.217672753317286,-0.0811938718540943,-0.114639106120711,0.103033647196575
379,"MHCII",-0.165716903166426,0.494379631595181,-0.444013104726057,-0.278296201559631
379,"Complement",-0.210450176104233,0.122612527193045,-0.66856328614849,-0.458113110044257
379,"Phagocytic",-0.286744317479656,-0.00496510052317254,-0.273385243791058,0.013359073688598
379,"Interferon",-0.00409829242268383,0.0068614954901931,-0.0947612318461385,-0.0906629394234547
379,"APP_CD74",0.702715221664934,0.934070962620775,0.248502199213488,-0.454213022451446
379,"PTPRC_MRC1",0.286041797422303,0.376460922217947,-0.222611354508542,-0.508653151930846
380,"Homeostatic",-0.191371118996011,0.0987073255679127,-0.153558382386992,0.0378127366090189
380,"MHCII",-0.130635850279673,0.141677185343626,-0.513692871340656,-0.383057021060983
380,"Complement",-0.29513994728044,0.163340760403105,-0.600637087551622,-0.305497140271182
380,"Phagocytic",-0.0469963322770287,-0.0228614739403397,-0.16465436921843,-0.117658036941402
380,"Interferon",-0.0712881122988437,0.0864237655735154,-0.0369758582731478,0.0343122540256959
380,"APP_CD74",0.637816828959293,0.746874527759924,0.0262265037088366,-0.611590325250456
380,"PTPRC_MRC1",-0.189976793734915,0.460795322753599,0.355167847905131,0.545144641640046
381,"Homeostatic",-0.00302421827700335,0.00139260361912555,-0.179198362320806,-0.176174144043803
381,"MHCII",-0.259118656573434,0.0811178064756937,-0.450446664800724,-0.191328008227289
381,"Complement",-0.257700148026576,0.108180799974265,-0.59499387137065,-0.337293723344074
381,"Phagocytic",-0.124924713350748,0.0166565254882504,-0.226101488463977,-0.101176775113229
381,"Interferon",-0.0280821929153806,0.0526100250920089,-0.0574176417738582,-0.0293354488584777
381,"APP_CD74",0.717932253458903,0.620735721736416,-0.247488683237436,-0.96542093669634
381,"PTPRC_MRC1",0.359603434640648,0.271922113965711,0.243500280705549,-0.116103153935099
382,"Homeostatic",-0.0209087099449496,-0.0557695841322353,-0.141298376897465,-0.120389666952516
382,"MHCII",-0.284120634939581,-0.0162925019128801,-0.162528024741696,0.121592610197885
382,"Complement",-0.11404580209674,0.175110003595634,-0.645791362005536,-0.531745559908796
382,"Phagocytic",-0.142333462640794,0.0734786071064143,-0.240017161574587,-0.0976836989337937
382,"Interferon",-0.0246990325102005,0.0940273309935247,-0.11182376239717,-0.08712472988697
382,"APP_CD74",0.706195377571662,0.703776240382219,0.258408308287382,-0.447787069284279
382,"PTPRC_MRC1",0.569119632500197,0.131237583353579,0.311863872972215,-0.257255759527982
383,"Homeostatic",-0.268648835600187,-0.0679825371661393,-0.0637939499260549,0.204854885674132
383,"MHCII",-0.302555205590851,0.341000024612537,-0.420023594531804,-0.117468388940953
383,"Complement",-0.0690294192227844,0.402024307013957,-0.514077944443338,-0.445048525220554
383,"Phagocytic",-0.105377098219968,0.0502515544978804,-0.152051088610589,-0.0466739903906216
383,"Interferon",-0.213023218960985,0.0595749946316826,-0.040379851475595,0.17264336748539
383,"APP_CD74",0.569758605321082,0.788341461948249,0.00701928621592152,-0.56273931910516
383,"PTPRC_MRC1",0.0871198134720055,0.326256174002321,-0.0517811043839561,-0.138900917855962
384,"Homeostatic",-0.254296284360148,0.0428151350816331,-0.0432835696216181,0.21101271473853
384,"MHCII",-0.591310542954959,0.405286527074909,-0.353175866631601,0.238134676323358
384,"Complement",-0.13155323901942,0.190487914906549,-0.479404215582827,-0.347850976563406
384,"Phagocytic",-0.20348248181525,0.015725074780413,-0.11582697644112,0.0876555053741301
384,"Interferon",-0.141986548341116,0.0642666305865187,-0.100916657070374,0.0410698912707422
384,"APP_CD74",0.503418441014255,1.02001906211864,0.073280608558371,-0.430137832455884
384,"PTPRC_MRC1",0.346518135080378,0.281109913862501,0.337664747825374,-0.00885338725500362
385,"Homeostatic",-0.216872000419422,-0.0345295100965826,-0.267368561245207,-0.0504965608257842
385,"MHCII",-0.33468230697003,0.414090494195404,-0.447473913078198,-0.112791606108168
385,"Complement",-0.0938657517337364,0.509632441565443,-0.601066376632026,-0.50720062489829
385,"Phagocytic",-0.079645801985676,0.111529715163628,-0.227421899210832,-0.147776097225156
385,"Interferon",-0.148267741845798,0.209195858464629,-0.158147876150808,-0.00988013430500959
385,"APP_CD74",0.576054164249829,0.734670634606292,0.115642513924018,-0.460411650325812
385,"PTPRC_MRC1",0.661683851298245,0.728866347464153,0.119674957787945,-0.5420088935103
386,"Homeostatic",-0.258193422306876,0.127199099504637,-0.105421785411788,0.152771636895088
386,"MHCII",-0.394466747854541,0.503770120070907,-0.525921953763916,-0.131455205909376
386,"Complement",-0.0907351148388811,0.394418338002337,-0.554110671756681,-0.4633755569178
386,"Phagocytic",-0.09043456882041,0.177125845448795,-0.146478856450049,-0.0560442876296393
386,"Interferon",-0.104574254451034,-0.0712543802434857,-0.07361832928997,0.0309559251610639
386,"APP_CD74",0.659602285861999,1.00197345948649,0.157247579449373,-0.502354706412625
386,"PTPRC_MRC1",0.240446378314955,0.52704667162266,-0.0993134740352448,-0.3397598523502
387,"Homeostatic",-0.250897861820011,-0.0129837413224543,-0.29522386055547,-0.0443259987354591
387,"MHCII",-0.648667553802576,0.198138566249641,-0.249322563620546,0.399344990182029
387,"Complement",0.011547346652525,0.44408603637907,-0.571450619721789,-0.582997966374314
387,"Phagocytic",-0.0738437181828465,0.103472693655811,-0.318443360406881,-0.244599642224034
387,"Interferon",-0.154926024214288,0.122341406352825,-0.209749579880748,-0.0548235556664596
387,"APP_CD74",0.330529091754891,0.939530493013043,0.465771203260107,0.135242111505216
387,"PTPRC_MRC1",0.679503777634032,0.584953625533566,0.0658932645780939,-0.613610513055938
388,"Homeostatic",-0.262360772360311,0.205839563663262,-0.199686615029363,0.0626741573309487
388,"MHCII",-0.319756722355873,0.607351334279327,-0.470275988259925,-0.150519265904053
388,"Complement",-0.299768869274116,0.28502586443598,-0.578805588660375,-0.279036719386259
388,"Phagocytic",-0.129051553421732,0.123108596985795,-0.21523242559439,-0.0861808721726581
388,"Interferon",-0.0962519185943621,0.112943368043186,-0.133065752737916,-0.0368138341435543
388,"APP_CD74",0.632509905682716,0.96450884045136,0.286669490259965,-0.345840415422751
388,"PTPRC_MRC1",0.138065786934221,0.773122500201788,0.179276922665081,0.0412111357308601
389,"Homeostatic",-0.257654475177045,0.129606659392061,-0.167691338032973,0.0899631371440721
389,"MHCII",-0.414734681489129,0.325672536008684,-0.332524271909186,0.0822104095799431
389,"Complement",-0.211559067663191,0.0614814355006005,-0.511668081553808,-0.300109013890618
389,"Phagocytic",-0.0176292841980308,0.0830146990503233,-0.0952489220191926,-0.0776196378211618
389,"Interferon",-0.0792549503746924,0.161400414793857,-0.0705957115909782,0.0086592387837142
389,"APP_CD74",0.50702131551985,0.493307931267064,-0.00811941146536179,-0.515140726985212
389,"PTPRC_MRC1",0.473248154385035,0.448402742576694,0.40787224272743,-0.0653759116576053
390,"Homeostatic",-0.280979369202456,-0.087169596765603,-0.049300151632985,0.231679217569471
390,"MHCII",-0.48679298606424,-0.227743186789891,-0.505677586610074,-0.0188846005458341
390,"Complement",-0.157335930693076,0.0703890818931782,-0.525117828151571,-0.367781897458494
390,"Phagocytic",-0.199814342954867,-0.0702464546341514,-0.141221027637023,0.0585933153178447
390,"Interferon",-0.126296848045574,0.0350281729938039,-0.0925841476437041,0.0337127004018696
390,"APP_CD74",0.427853056329064,0.409754558078289,-0.0495009096905598,-0.477353966019623
390,"PTPRC_MRC1",0.379384602773251,0.543315374975739,0.112775180891624,-0.266609421881627
391,"Homeostatic",-0.099139510520173,0.013791886287955,-0.151507935588194,-0.052368425068021
391,"MHCII",-0.629704978159811,-0.0680013147390496,-0.484241015117459,0.145463963042352
391,"Complement",-0.0312658933945473,0.385372025912423,-0.567490910290814,-0.536225016896266
391,"Phagocytic",-0.278989031187343,0.0419183769496905,-0.262688826436527,0.016300204750816
391,"Interferon",-0.147556471322242,0.143392121011008,-0.123690051075374,0.0238664202468675
391,"APP_CD74",0.436755476417091,0.536530158651412,0.224105906476722,-0.212649569940368
391,"PTPRC_MRC1",0.298217557727463,0.379221259667703,-0.144031689190377,-0.44224924691784
392,"Homeostatic",-0.220502649471194,0.238059712651761,-0.0399473472392718,0.180555302231922
392,"MHCII",-0.40014913358251,0.130398849080958,-0.433601262762981,-0.0334521291804705
392,"Complement",-0.373709954443347,0.498074024376764,-0.57896961525245,-0.205259660809104
392,"Phagocytic",-0.258280123272201,0.212010201990007,-0.177719317695014,0.080560805577187
392,"Interferon",-0.028136481293509,0.190414239363667,-0.149754482246791,-0.121618000953282
392,"APP_CD74",0.639020845631236,0.83764988384364,0.0850016169426075,-0.554019228688629
392,"PTPRC_MRC1",0.142911388390012,0.565021594543442,0.25794607320466,0.115034684814647
393,"Homeostatic",-0.098823273001031,0.095591782988717,-0.0932094543920214,0.00561381860900961
393,"MHCII",-0.343794349956587,0.1630453893609,-0.447390369105446,-0.103596019148858
393,"Complement",-0.27012912216642,0.236828490625595,-0.576005820488935,-0.305876698322515
393,"Phagocytic",-0.171024318808742,0.135421610769703,-0.264700840607209,-0.0936765217984671
393,"Interferon",-0.0133799165828985,0.144652016077869,-0.0830923346987408,-0.0697124181158423
393,"APP_CD74",0.853883891796491,0.818937622219684,0.269870885578248,-0.584013006218243
393,"PTPRC_MRC1",0.20723136668668,0.565637313011669,-0.0857898888093462,-0.293021255496026
394,"Homeostatic",-0.29362851789908,-0.168880488238912,-0.100647760197343,0.192980757701737
394,"MHCII",-0.280089623501618,0.293268438920682,-0.317528185158089,-0.0374385616564701
394,"Complement",-0.373841640537264,0.192744457290057,-0.615969561485199,-0.242127920947935
394,"Phagocytic",-0.238334913391695,-0.0846617435459836,-0.338423391748432,-0.100088478356737
394,"Interferon",-0.173993281191741,0.0533969483620789,-0.113825358139807,0.0601679230519346
394,"APP_CD74",0.50750075995603,0.799656679813446,0.280478732359747,-0.227022027596282
394,"PTPRC_MRC1",0.117584029918362,0.41055599927397,0.284523017500272,0.16693898758191
395,"Homeostatic",-0.253162376677965,-0.00243599880940975,-0.0399349584676396,0.213227418210325
395,"MHCII",-0.508141811666867,0.0378007960068159,-0.442710272464034,0.0654315392028331
395,"Complement",-0.32696988228659,0.21006679141227,-0.611462303645194,-0.284492421358604
395,"Phagocytic",-0.172666822618962,0.142618575609371,-0.236817264165953,-0.0641504415469916
395,"Interferon",-0.0718116375883025,0.100408368202424,-0.155701009950328,-0.0838893723620251
395,"APP_CD74",0.477288202356027,0.715311466180827,0.204477008848401,-0.272811193507626
395,"PTPRC_MRC1",0.311650657094033,0.0948028642976896,0.136248766613152,-0.175401890480881
396,"Homeostatic",-0.178012024565096,0.00483196654923975,-0.113930327118684,0.0640816974464122
396,"MHCII",-0.071719358711934,0.228985360438002,-0.521421954736863,-0.449702596024929
396,"Complement",-0.210905472968884,0.108885371655617,-0.542431582742556,-0.331526109773672
396,"Phagocytic",-0.106781380588717,-0.0901677733539009,-0.14695728754901,-0.0401759069602932
396,"Interferon",-0.10968446860869,0.115611538047768,-0.123899849269359,-0.0142153806606688
396,"APP_CD74",0.795931048835691,0.881870770751988,0.102096165109371,-0.69383488372632
396,"PTPRC_MRC1",0.371901621001795,0.377778490055449,0.15917631098047,-0.212725310021325
397,"Homeostatic",-0.10907068588395,0.0368871714616532,-0.167968638814534,-0.0588979529305835
397,"MHCII",-0.575301530189474,0.268352413876202,-0.470438865271842,0.104862664917632
397,"Complement",-0.370238999486405,0.205904582730386,-0.606430970388202,-0.236191970901797
397,"Phagocytic",-0.0502751746421331,0.110787891524437,-0.193215334148647,-0.142940159506513
397,"Interferon",-0.111585208118078,0.0876625123246332,-0.126283585854432,-0.0146983777363544
397,"APP_CD74",0.486080672323393,0.849130529760418,0.0730304432417974,-0.413050229081596
397,"PTPRC_MRC1",0.17049152687256,0.478357671266976,-0.114733748297435,-0.285225275169995
398,"Homeostatic",-0.146068246836658,0.173781751857298,-0.17153199008955,-0.0254637432528922
398,"MHCII",-0.695879708280979,0.335201828540909,-0.506457154472595,0.189422553808384
398,"Complement",-0.100278608309203,0.449038649353333,-0.632791162205271,-0.532512553896068
398,"Phagocytic",-0.0799886039376261,0.198801724976522,-0.337733771633867,-0.257745167696241
398,"Interferon",-0.103574607507215,0.0467952776920186,-0.0864008609978763,0.017173746509339
398,"APP_CD74",0.452004821447357,0.691971095482725,0.354728226541094,-0.097276594906263
398,"PTPRC_MRC1",0.594047344314173,0.689237099259578,-0.230643338982338,-0.824690683296511
399,"Homeostatic",-0.187901312477704,0.141107969365068,-0.021223629876437,0.166677682601267
399,"MHCII",-0.455933562448211,0.377272433325789,-0.584191104205728,-0.128257541757517
399,"Complement",-0.111017247819066,0.412519437495834,-0.642962468975412,-0.531945221156347
399,"Phagocytic",-0.0249397594793644,0.103619916247349,-0.154255661219353,-0.129315901739989
399,"Interferon",-0.0746577437114802,0.0436884797632685,0.0190476013496036,0.0937053450610839
399,"APP_CD74",0.563887697643664,0.805821261828915,-0.174202809262872,-0.738090506906536
399,"PTPRC_MRC1",0.48827861926088,0.478339398968418,0.242797067634377,-0.245481551626503
400,"Homeostatic",-0.216062730295741,-0.0155547693043195,-0.14476637633621,0.0712963539595317
400,"MHCII",-0.430847050090907,0.00949237034691315,-0.297739696606541,0.133107353484366
400,"Complement",-0.291153847893454,0.386050460666483,-0.556311890512863,-0.265158042619409
400,"Phagocytic",-0.180332694061219,0.116181081381698,-0.0328698690866451,0.147462824974573
400,"Interferon",-0.168260851465983,0.218474821129527,-0.10230958456127,0.0659512669047133
400,"APP_CD74",0.483813456142117,0.717496143459115,-0.0604111844419101,-0.544224640584027
400,"PTPRC_MRC1",0.137777798075512,0.131765531225151,0.30517911133695,0.167401313261438
401,"Homeostatic",-0.254201823576408,-0.0425966146499675,-0.160799639031923,0.0934021845444856
401,"MHCII",-0.335822375349789,0.560607563207238,-0.282094610190512,0.0537277651592774
401,"Complement",-0.291155623969807,0.354354091831317,-0.607156122488421,-0.316000498518614
401,"Phagocytic",-0.204424888338112,-0.0584478541130244,-0.23338374184961,-0.0289588535114983
401,"Interferon",-0.228993347702289,0.0226730710615649,-0.133097537237491,0.095895810464798
401,"APP_CD74",0.535214003207603,0.80861872757385,0.332667703850971,-0.202546299356632
401,"PTPRC_MRC1",0.244206809602308,0.343931966929006,-0.140712796208268,-0.384919605810576
402,"Homeostatic",-0.276127018930611,0.319877856216004,-0.194688497928905,0.0814385210017065
402,"MHCII",-0.62404261625297,0.388006482485313,-0.484654438683961,0.139388177569008
402,"Complement",-0.431313507512578,0.865191287313129,-0.594168761266492,-0.162855253753913
402,"Phagocytic",-0.124043625061825,0.250582634449852,-0.400995312746293,-0.276951687684468
402,"Interferon",-0.0807510740307104,0.0816161872379661,-0.110365174471161,-0.0296141004404506
402,"APP_CD74",0.312967040258265,0.979385069584933,0.159200090807925,-0.15376694945034
402,"PTPRC_MRC1",0.275008514249151,0.669279549353241,0.00731770107202441,-0.267690813177126
403,"Homeostatic",-0.174229074302151,0.205153011664389,-0.228027158957601,-0.0537980846554502
403,"MHCII",-0.221790805432674,0.595943314569733,-0.536463054353245,-0.314672248920572
403,"Complement",-0.22516687142508,0.44756613900041,-0.562783170606426,-0.337616299181347
403,"Phagocytic",-0.0543294065157991,0.0453578149715928,-0.217789259412749,-0.163459852896949
403,"Interferon",-0.103503689825534,0.114269268389313,-0.0873278771787148,0.016175812646819
403,"APP_CD74",0.622954010618418,0.624558258020824,0.00297200557869637,-0.619982005039721
403,"PTPRC_MRC1",0.621906821002324,0.530718305724226,-0.147602748894053,-0.769509569896376
404,"Homeostatic",-0.1837220717309,0.139423436182846,-0.167591325226041,0.0161307465048586
404,"MHCII",-0.580616357803467,0.118557656388813,-0.541927666026256,0.0386886917772111
404,"Complement",-0.234887933044818,0.403253518698977,-0.665643002976829,-0.430755069932011
404,"Phagocytic",-0.1486404008125,0.129467804686773,-0.246377802068336,-0.0977374012558362
404,"Interferon",-0.164804201058457,0.11550739299349,-0.0512092016896061,0.113594999368851
404,"APP_CD74",0.407166890778699,0.747098198761811,0.236988624901625,-0.170178265877074
404,"PTPRC_MRC1",0.303704039245316,0.492341388664508,-0.148912154685851,-0.452616193931167
405,"Homeostatic",-0.086534147732121,-0.0695481800335422,-0.110168492083406,-0.023634344351285
405,"MHCII",-0.324783468643882,0.482851811909671,-0.431550731300254,-0.106767262656371
405,"Complement",-0.192724300782613,0.0847711695880351,-0.62769870491713,-0.434974404134517
405,"Phagocytic",0.0231763143355385,-0.0863294466325423,-0.194361763584906,-0.217538077920444
405,"Interferon",-0.107199757093803,-0.0497592353903977,-0.0696162802905488,0.0375834768032544
405,"APP_CD74",0.762277500466502,0.849260746490285,0.171597485433369,-0.590680015033133
405,"PTPRC_MRC1",0.42981022678733,0.381736306142026,0.035281712993294,-0.394528513794036
406,"Homeostatic",-0.14801877811855,0.0717737292637441,-0.0552075303775253,0.0928112477410246
406,"MHCII",-0.26878295262581,0.0984043669626534,-0.410785519838203,-0.142002567212394
406,"Complement",-0.329921197373247,0.477955858599949,-0.509606763836775,-0.179685566463527
406,"Phagocytic",-0.185252303180346,0.106049950037407,-0.0951721698911014,0.0900801332892447
406,"Interferon",-0.049453262001361,0.102227432071962,-0.0733721889584261,-0.0239189269570651
406,"APP_CD74",0.652962016351738,0.647434617158538,-0.0349814700847072,-0.687943486436446
406,"PTPRC_MRC1",0.248672960563405,0.553477121432783,0.251911297439976,0.00323833687657044
407,"Homeostatic",-0.208911878207619,0.0664464762623838,-0.0236933624443077,0.185218515763311
407,"MHCII",-0.53616851729973,0.654143649161675,-0.463221421118907,0.0729470961808236
407,"Complement",-0.0172643938303257,0.56951091582402,-0.59995174006408,-0.582687346233755
407,"Phagocytic",-0.0918294684336249,0.233270970019198,-0.202474003410981,-0.110644534977356
407,"Interferon",-0.0395869697283434,0.0521599099519747,-0.0481773909501932,-0.00859042122184985
407,"APP_CD74",0.539930798410527,1.12912023191079,0.165931281178889,-0.373999517231638
407,"PTPRC_MRC1",0.650639640253629,0.511311645060943,0.0253545707338762,-0.625285069519753
408,"Homeostatic",-0.228044627227119,-0.136365980197751,-0.203958845041858,0.0240857821852605
408,"MHCII",-0.521337712109842,0.0160972358763256,-0.437908896468279,0.0834288156415639
408,"Complement",-0.222559225015622,0.199115854666769,-0.543659590390163,-0.321100365374541
408,"Phagocytic",-0.0152156599259192,0.104317866241169,-0.172191913819778,-0.156976253893858
408,"Interferon",-0.150631009708745,0.11307881866711,-0.078538751818072,0.0720922578906735
408,"APP_CD74",0.520878401319478,0.657750756576672,-0.0659834437842394,-0.586861845103718
408,"PTPRC_MRC1",0.278046861938648,0.187679380043293,0.0205529660133796,-0.257493895925268
409,"Homeostatic",-0.233002911986514,0.0401726738392681,-0.269776002334049,-0.0367730903475355
409,"MHCII",-0.272593427626872,0.557266610664794,-0.166118295768518,0.106475131858354
409,"Complement",-0.210313902045098,0.525424546740866,-0.600084367301093,-0.389770465255996
409,"Phagocytic",-0.136110388557815,0.16183962866929,-0.295477896594802,-0.159367508036987
409,"Interferon",-0.134205321883885,0.0232752758237118,-0.17021782958287,-0.0360125076989851
409,"APP_CD74",0.682086715839434,1.01301357601879,0.333522942178137,-0.348563773661297
409,"PTPRC_MRC1",0.223302762517336,0.458160667666809,0.287901381211705,0.0645986186943687
410,"Homeostatic",-0.219800015766829,0.0764224386241322,-0.159297438363196,0.0605025774036332
410,"MHCII",-0.124180813186044,0.121707974709079,-0.405584074814829,-0.281403261628785
410,"Complement",-0.235087309014978,0.366620463506138,-0.633022443452728,-0.39793513443775
410,"Phagocytic",-0.190522487849218,0.178449834002088,-0.200337886453141,-0.0098153986039235
410,"Interferon",-0.147423350085052,-0.0477434665576736,-0.0574803525528039,0.0899429975322477
410,"APP_CD74",0.695147357453669,0.962108532419801,0.0296850797843173,-0.665462277669351
410,"PTPRC_MRC1",0.470325212879261,0.426432963536245,0.240301645963869,-0.230023566915393
411,"Homeostatic",-0.119451127538233,0.0293768304485865,-0.171134659592911,-0.0516835320546778
411,"MHCII",0.0569386267961067,0.0113542850511676,-0.441952969378675,-0.498891596174782
411,"Complement",-0.1724250803996,0.211343701687202,-0.578114352157343,-0.405689271757743
411,"Phagocytic",-0.058347336504343,0.105266101983247,-0.290471124299883,-0.23212378779554
411,"Interferon",-0.15870447319163,0.0176443226905598,-0.117329359711897,0.0413751134797329
411,"APP_CD74",0.910840402240881,0.706608642601733,0.298402323052264,-0.612438079188617
411,"PTPRC_MRC1",0.382969463795245,0.420270070090239,0.00764801404807547,-0.37532144974717
412,"Homeostatic",-0.0546823131827459,-0.106486187523844,-0.168782676023825,-0.114100362841079
412,"MHCII",-0.51508233457749,0.53371799093618,-0.479298414215359,0.035783920362131
412,"Complement",-0.134835847789088,0.0961983224074398,-0.550928409627521,-0.416092561838433
412,"Phagocytic",-0.0516055595542549,-0.0357963213232944,-0.17452369815715,-0.122918138602895
412,"Interferon",-0.04137436717289,0.0629298562050203,-0.0971350436169695,-0.0557606764440794
412,"APP_CD74",0.470435764846921,0.875592891266795,0.197039830280042,-0.273395934566879
412,"PTPRC_MRC1",0.0517038522309799,0.306947878745238,0.0384485825534627,-0.0132552696775171
413,"Homeostatic",-0.19228591879216,0.0392824254387093,-0.0976476899754651,0.0946382288166947
413,"MHCII",-0.405982113314645,0.0625908061860086,-0.507605770560945,-0.1016236572463
413,"Complement",-0.302847815980693,-0.09728017336393,-0.610978533149192,-0.3081307171685
413,"Phagocytic",0.0524046625637658,-0.109715323389002,-0.20410602227754,-0.256510684841306
413,"Interferon",-0.033582976840225,0.0155316330493066,-0.0264803147163477,0.00710266212387729
413,"APP_CD74",0.696146342745995,0.791878525406768,0.0336410103351716,-0.662505332410823
413,"PTPRC_MRC1",0.15929462062116,0.500932828284627,0.312366054691824,0.153071434070664
414,"Homeostatic",-0.194125538201472,0.10601925503609,-0.161682909639928,0.0324426285615441
414,"MHCII",-0.355554859953713,0.0771340031968828,-0.357195198606446,-0.00164033865273239
414,"Complement",-0.18928591719209,0.389021909937995,-0.597289079240921,-0.408003162048831
414,"Phagocytic",-0.0446955671855172,0.157796721540173,-0.230600942537431,-0.185905375351914
414,"Interferon",-0.0915236751769558,-0.0251007773169317,-0.0811030042092334,0.0104206709677223
414,"APP_CD74",0.592583672847008,0.606611170813428,0.27914068758257,-0.313442985264438
414,"PTPRC_MRC1",0.0762599938537365,0.40962673328759,0.0355953363323854,-0.0406646575213511
415,"Homeostatic",-0.285896049213731,0.115280539699483,-0.10372321243508,0.182172836778651
415,"MHCII",-0.258392573233203,0.0956390273105077,-0.434867000152682,-0.176474426919479
415,"Complement",-0.00493121286200596,0.45050152535241,-0.549981269390303,-0.545050056528297
415,"Phagocytic",-0.163029005142567,0.113647048309529,-0.101233918862216,0.0617950862803514
415,"Interferon",-0.146340391752534,-0.0311498895747149,-0.0472088451462137,0.0991315466063208
415,"APP_CD74",0.641971033016991,1.19779950769122,0.0453170875097494,-0.596653945507242
415,"PTPRC_MRC1",0.700264049535333,0.376325765187291,0.124569390671101,-0.575694658864233
416,"Homeostatic",-0.213498268832058,-0.0622044456648224,-0.133917315721773,0.0795809531102851
416,"MHCII",-0.228791977012033,0.092745548970255,-0.491154832682641,-0.262362855670607
416,"Complement",-0.350129761678353,0.472381372215196,-0.56761547193529,-0.217485710256937
416,"Phagocytic",-0.0411871366521432,0.0525503607112551,-0.127519372441874,-0.0863322357897307
416,"Interferon",0.00573493267691951,0.0984400548430094,-0.0948314280662578,-0.100566360743177
416,"APP_CD74",0.623364760254629,0.866578150448165,-0.13026581312666,-0.753630573381289
416,"PTPRC_MRC1",0.143625547737436,0.361996744410847,0.0312056144187177,-0.112419933318718
417,"Homeostatic",-0.209528219484787,0.0875788288211899,-0.215856922845065,-0.00632870336027741
417,"MHCII",-0.362034751360523,0.390595846906823,-0.499189487131948,-0.137154735771425
417,"Complement",-0.281929019871573,0.38067773196329,-0.6817277613812,-0.399798741509627
417,"Phagocytic",-0.0338011447777944,0.0836984928516306,-0.255558409261149,-0.221757264483354
417,"Interferon",-0.0706519698112768,-0.00852637795450484,-0.115787728033404,-0.0451357582221267
417,"APP_CD74",0.658618434681044,1.01567009797145,0.133206718510624,-0.52541171617042
417,"PTPRC_MRC1",0.2747775070959,0.210924418878795,0.03897789951914,-0.23579960757676
418,"Homeostatic",-0.158444638394889,-0.00378258578499997,-0.104136849458466,0.054307788936423
418,"MHCII",-0.480388660808698,-0.241733924212043,-0.363269487406806,0.117119173401892
418,"Complement",-0.359341114663049,0.34984247697543,-0.505538555703039,-0.14619744103999
418,"Phagocytic",-0.0860379832767881,0.00270318476298474,-0.192367711210685,-0.106329727933896
418,"Interferon",-0.148531781189259,0.189482870898588,-0.0352558639091299,0.113275917280129
418,"APP_CD74",0.393761039020332,0.472300603120906,0.1811055021192,-0.212655536901132
418,"PTPRC_MRC1",0.229978526782642,0.346735346159667,0.0153490235120235,-0.214629503270619
419,"Homeostatic",-0.227492592152028,-0.0939040233810337,-0.101831124719642,0.125661467432386
419,"MHCII",-0.358228023476432,0.475842006277353,-0.459550393037918,-0.101322369561486
419,"Complement",-0.129009231022227,0.205549484849144,-0.548662360223832,-0.419653129201605
419,"Phagocytic",-0.208987332188069,-0.087140410965179,-0.241086324046164,-0.0320989918580951
419,"Interferon",-0.0845749076216806,0.0497008128990026,-0.146035574800125,-0.0614606671784448
419,"APP_CD74",0.526566331282707,0.831546127451606,0.0220361359437354,-0.504530195338971
419,"PTPRC_MRC1",0.642687174606258,0.307743840615185,0.0253021901041045,-0.617384984502153
420,"Homeostatic",-0.215982120168078,0.020190262503073,-0.16130145196851,0.054680668199568
420,"MHCII",-0.234902103399679,0.0164773191577846,-0.560944003344088,-0.326041899944408
420,"Complement",-0.240735174372008,-0.0784969469803427,-0.67395494427113,-0.433219769899121
420,"Phagocytic",-0.139199970154311,-0.0446914082233703,-0.290253588811048,-0.151053618656737
420,"Interferon",-0.136056074220121,0.0476052827350274,-0.0866939610522285,0.0493621131678922
420,"APP_CD74",0.658060524953126,0.809082951789155,0.134455288733318,-0.523605236219808
420,"PTPRC_MRC1",0.399092348880109,0.630976400687347,-0.204571498036517,-0.603663846916626
421,"Homeostatic",-0.297489582045713,-0.0905855875944908,-0.18785242005552,0.109637161990194
421,"MHCII",-0.256202073971007,0.653616111159165,-0.539605306023726,-0.283403232052719
421,"Complement",-0.20849887668249,0.210170027913169,-0.389378515481188,-0.180879638798698
421,"Phagocytic",-0.255714592436494,0.0523328827878635,-0.149756682656542,0.105957909779952
421,"Interferon",-0.0963934830167401,0.045805131265363,-0.0801875787556682,0.0162059042610718
421,"APP_CD74",0.462175626876058,1.04128780941874,0.123080798045914,-0.339094828830144
421,"PTPRC_MRC1",0.271142516416561,0.494516178297409,-0.00151808824118145,-0.272660604657742
422,"Homeostatic",-0.181870696584104,-0.170714639137946,-0.175998540952912,0.00587215563119178
422,"MHCII",-0.432385203729474,0.0336209286038666,-0.379252078089434,0.0531331256400396
422,"Complement",-0.0806532488953521,0.124621540275211,-0.568625573489721,-0.487972324594369
422,"Phagocytic",-0.0928111473550616,-0.0512012660450611,-0.246706643476152,-0.153895496121091
422,"Interferon",-0.147083048810199,0.179273901854152,-0.0876112382482122,0.0594718105619872
422,"APP_CD74",0.520582435368952,0.926235300013503,0.155811941932006,-0.364770493436946
422,"PTPRC_MRC1",0.543331094850338,0.386172795048726,0.098459407168765,-0.444871687681573
423,"Homeostatic",-0.30729973293248,-0.0672713844658773,-0.039104460530665,0.268195272401815
423,"MHCII",-0.384129628846693,0.0158486828646616,-0.485063328653935,-0.100933699807242
423,"Complement",-0.289440243247619,0.386818546996032,-0.571331911975733,-0.281891668728114
423,"Phagocytic",-0.122046018519125,0.184695925349403,-0.255495860272241,-0.133449841753115
423,"Interferon",-0.121630323388105,0.0975962426287443,-0.107880679529955,0.0137496438581497
423,"APP_CD74",0.379143241034224,0.74108794549188,0.319201243530878,-0.0599419975033466
423,"PTPRC_MRC1",0.0785398878032136,0.303498603140932,-0.268443429681526,-0.34698331748474
424,"Homeostatic",-0.283792764530446,-0.000892324892047218,-0.188650916014123,0.095141848516323
424,"MHCII",-0.482527040092866,0.219510081431753,-0.513358774494044,-0.030831734401178
424,"Complement",-0.257488251054329,0.330773674183858,-0.566741651191042,-0.309253400136712
424,"Phagocytic",-0.139251523287658,0.0938420776357378,-0.211058204890327,-0.0718066816026696
424,"Interferon",-0.0229252647833745,0.103436664798915,-0.18202715380351,-0.159101889020135
424,"APP_CD74",0.652578289298343,0.749751350513794,0.311623562954723,-0.34095472634362
424,"PTPRC_MRC1",0.497418532825643,0.435416804803968,-0.416430269403766,-0.913848802229409
425,"Homeostatic",-0.310614024063632,-0.0776098392675591,-0.0717756963344439,0.238838327729188
425,"MHCII",-0.377992687601586,0.315642357749964,-0.499964754915694,-0.121972067314109
425,"Complement",-0.315390996351423,0.320230201363858,-0.578250249400333,-0.26285925304891
425,"Phagocytic",-0.151527920277332,0.105409208682163,-0.257984420548241,-0.106456500270909
425,"Interferon",-0.132312707892603,-0.00842405522797339,-0.100923335326527,0.0313893725660762
425,"APP_CD74",0.470855820949963,0.834009339614153,0.197251870713567,-0.273603950236396
425,"PTPRC_MRC1",0.180488814224619,0.432960771337252,-0.134948349955008,-0.315437164179626
426,"Homeostatic",-0.245728901554517,0.0446692399314897,-0.189104380581408,0.0566245209731087
426,"MHCII",-0.279285876881172,0.461541089871955,-0.478995363056696,-0.199709486175524
426,"Complement",-0.195362791977172,0.459575499202724,-0.698304127294307,-0.502941335317135
426,"Phagocytic",-0.181395533827705,0.0738236724599937,-0.148483723272794,0.032911810554911
426,"Interferon",-0.046424862944169,0.224713785745878,-0.0930279627646115,-0.0466030998204425
426,"APP_CD74",0.561408264463008,0.994663539413154,-0.0387725930420958,-0.600180857505104
426,"PTPRC_MRC1",-0.215915170358035,0.59751889876112,0.088800418205232,0.304715588563267
427,"Homeostatic",-0.112558474373622,0.0413864459942891,-0.0243120618243254,0.0882464125492967
427,"MHCII",-0.100829159672334,0.409117936659897,-0.408732512872915,-0.30790335320058
427,"Complement",-0.168207362219101,0.423641447629191,-0.650981817001343,-0.482774454782243
427,"Phagocytic",-0.0756926181374905,0.0162868255673711,-0.217004972354494,-0.141312354217003
427,"Interferon",-0.10993997248815,0.149917216825511,-0.0479292751720987,0.0620106973160518
427,"APP_CD74",0.822266531153166,0.847449217287779,0.119562685544555,-0.702703845608611
427,"PTPRC_MRC1",0.400210244281097,0.359265641423392,-0.0596472185950125,-0.459857462876109
428,"Homeostatic",-0.253338608803568,0.262380084465748,-0.240971318674385,0.0123672901291826
428,"MHCII",-0.311837454098727,0.243518137923903,-0.205809537098015,0.106027917000713
428,"Complement",-0.116322151259519,0.45942896000956,-0.609672216847843,-0.493350065588323
428,"Phagocytic",0.0101938298937517,0.209163572497892,-0.230565199040021,-0.240759028933773
428,"Interferon",-0.0944897954675798,0.247960639236405,-0.13581214269374,-0.0413223472261604
428,"APP_CD74",0.58410415434544,0.825143968687061,0.11913375871694,-0.4649703956285
428,"PTPRC_MRC1",0.421489241658756,0.612554420860561,0.519850676091339,0.0983614344325829
429,"Homeostatic",-0.26200770838445,0.200047823412761,-0.158992773676875,0.103014934707575
429,"MHCII",-0.483762957145326,-0.0649985547312561,-0.400643886954748,0.0831190701905777
429,"Complement",-0.0748747396238888,0.110247172096625,-0.384856201692312,-0.309981462068423
429,"Phagocytic",-0.0303092279768172,0.0237886906399206,-0.0631834688061704,-0.0328742408293533
429,"Interferon",-0.183085977728382,0.0116324624070025,-0.0447395021840323,0.138346475544349
429,"APP_CD74",0.432590472093934,0.939666464174925,0.12012333861745,-0.312467133476484
429,"PTPRC_MRC1",0.991412948750782,0.359760792447792,-0.120921496072832,-1.11233444482361
430,"Homeostatic",-0.141740220343219,-0.0199213153506249,-0.139742279796391,0.00199794054682828
430,"MHCII",-0.188802992739135,0.132695253499278,-0.376011924309909,-0.187208931570774
430,"Complement",-0.0258056315394225,0.142292716676812,-0.537065153401698,-0.511259521862276
430,"Phagocytic",0.0232426178224993,0.0534525446443516,-0.193029972081386,-0.216272589903885
430,"Interferon",-0.128008211435382,0.00410605420675411,-0.12819379889751,-0.000185587462128184
430,"APP_CD74",0.686257213797267,0.832775122686377,-0.0361458490349245,-0.722403062832192
430,"PTPRC_MRC1",0.298421480941751,0.501521416561687,0.0998512057000817,-0.198570275241669
431,"Homeostatic",-0.185186986363503,0.139419572920121,-0.190818077056555,-0.00563109069305162
431,"MHCII",-0.579646431117509,0.406856110201678,-0.522740297843241,0.056906133274268
431,"Complement",-0.318266496511625,0.497942936755607,-0.614732420567322,-0.296465924055697
431,"Phagocytic",-0.193018408788053,0.0932132189350763,-0.29844384464175,-0.105425435853697
431,"Interferon",-0.0853719986636224,0.0677705545000875,-0.138197849382504,-0.0528258507188818
431,"APP_CD74",0.47138300227558,0.83839346734061,0.16901291178037,-0.30237009049521
431,"PTPRC_MRC1",-0.164562095082291,0.447302708650633,-0.301001189519032,-0.136439094436741
432,"Homeostatic",-0.153721416914162,0.175448121956601,-0.0820658908378581,0.0716555260763042
432,"MHCII",-0.56275622672299,0.111234059688269,-0.408742146287801,0.154014080435188
432,"Complement",-0.375286043385659,0.486610933893734,-0.570622946395869,-0.19533690301021
432,"Phagocytic",-0.163619731269614,0.234189222542659,-0.0803699116077957,0.0832498196618183
432,"Interferon",-0.135020888320466,0.155018023810359,-0.0647418915336198,0.0702789967868463
432,"APP_CD74",0.422383898676838,0.599538548569482,0.0355764465774903,-0.386807452099348
432,"PTPRC_MRC1",0.014212408257486,0.738988870051437,0.206071896910465,0.191859488652979
433,"Homeostatic",-0.05347822031545,-0.109184715703377,-0.241017062198437,-0.187538841882987
433,"MHCII",-0.32285842401675,0.403899753799142,-0.362790273536531,-0.039931849519781
433,"Complement",-0.404988904978568,0.327256201364092,-0.538139635485967,-0.133150730507399
433,"Phagocytic",-0.0615953777666155,0.167015172075151,-0.162679920292994,-0.101084542526379
433,"Interferon",-0.174680703144424,0.070264423647036,-0.119112332815811,0.0555683703286124
433,"APP_CD74",0.46786710302218,0.919212097326129,0.117360446156626,-0.350506656865554
433,"PTPRC_MRC1",-0.14266799801367,0.228517358087414,0.243413003387188,0.386081001400858
434,"Homeostatic",-0.237956149494605,-0.160576370986995,-0.0620383246395859,0.175917824855019
434,"MHCII",-0.396509954255007,0.175618063882245,-0.509232094729839,-0.112722140474833
434,"Complement",-0.176124554140704,0.221083246475196,-0.612503949320798,-0.436379395180094
434,"Phagocytic",-0.0507498192212619,-0.0263680640479872,-0.248667905224416,-0.197918086003154
434,"Interferon",0.0127794153947113,0.01424570408083,-0.0634034170475952,-0.0761828324423065
434,"APP_CD74",0.579751078954251,0.692088296783322,0.116104779332472,-0.463646299621779
434,"PTPRC_MRC1",0.169679252687162,0.541575190384092,0.131508437656647,-0.0381708150305142
435,"Homeostatic",-0.0225186760958304,-0.00642487163724229,-0.0633335345224198,-0.0408148584265894
435,"MHCII",-0.159710034807809,0.656511358658988,-0.365953462686696,-0.206243427878888
435,"Complement",-0.193124869709174,0.232612999616234,-0.615911748531927,-0.422786878822753
435,"Phagocytic",-0.0955204147319625,-0.0626671932592042,-0.128288984980723,-0.0327685702487606
435,"Interferon",-0.152638830395473,0.00293023194447839,-0.048940736776025,0.103698093619448
435,"APP_CD74",0.763691442173793,1.10924959950031,0.0812079501228434,-0.68248349205095
435,"PTPRC_MRC1",0.299442180424663,0.621815865040036,0.362116459487645,0.0626742790629813
436,"Homeostatic",-0.313319199474468,0.0818407799220243,-0.131943077492651,0.181376121981817
436,"MHCII",-0.3823751519849,0.450055488568309,-0.372369681992525,0.0100054699923742
436,"Complement",-0.233870786695245,0.188355414027811,-0.499917455617812,-0.266046668922566
436,"Phagocytic",-0.230700679421382,0.0783021211069191,-0.116674385226455,0.114026294194927
436,"Interferon",-0.120641412914996,0.0818564172357455,-0.0136340566165443,0.107007356298452
436,"APP_CD74",0.536794271282378,0.820400730020542,-0.0816365951233747,-0.618430866405752
436,"PTPRC_MRC1",0.230085381549528,0.564521341098632,0.386542026138279,0.156456644588751
437,"Homeostatic",-0.220461062941444,0.313341773378261,-0.198129484723776,0.0223315782176683
437,"MHCII",-0.306799308549829,0.0960660983825757,-0.4513509710088,-0.144551662458971
437,"Complement",-0.241673468044423,0.46825021322951,-0.566421624870921,-0.324748156826498
437,"Phagocytic",-0.108721673129105,0.0475214057468876,-0.245989946094771,-0.137268272965667
437,"Interferon",-0.0519145099315458,0.102986002131312,-0.175015003215304,-0.123100493283758
437,"APP_CD74",0.537135983788465,0.609971800562353,-0.103782637513202,-0.640918621301667
437,"PTPRC_MRC1",0.398805799654694,0.700942525073105,-0.0264742279430488,-0.425280027597742
438,"Homeostatic",-0.287094947401435,0.0143040110910134,-0.0350290847479756,0.252065862653459
438,"MHCII",-0.302690645687248,0.757855238826027,-0.431885600234713,-0.129194954547465
438,"Complement",-0.154401167434719,0.276250997741857,-0.485681128233135,-0.331279960798416
438,"Phagocytic",-0.167257291280657,0.125964864152213,-0.0773486070605532,0.0899086842201042
438,"Interferon",-0.118767334276079,0.0481123117437507,-0.0193654211918856,0.0994019130841934
438,"APP_CD74",0.732319398557663,1.0443335384865,0.194995966466395,-0.537323432091268
438,"PTPRC_MRC1",0.235930024342115,0.693050939460966,-0.0982800373332359,-0.334210061675351
439,"Homeostatic",-0.205546478480548,-0.0734379098505959,-0.0788545824331346,0.126691896047413
439,"MHCII",-0.393487986384359,0.0740586660674594,-0.583889165625739,-0.19040117924138
439,"Complement",-0.295707671879936,0.156027708225438,-0.548711148427922,-0.253003476547986
439,"Phagocytic",-0.105442236122327,0.145162862514179,-0.0704750525262889,0.034967183596038
439,"Interferon",-0.114647418849655,0.15564407274998,-0.128232904787151,-0.0135854859374953
439,"APP_CD74",0.505778056929043,0.735907110971852,0.0163376558017111,-0.489440401127332
439,"PTPRC_MRC1",0.353724130604843,0.224712778998423,0.0122007230449532,-0.34152340755989
440,"Homeostatic",-0.135410079977181,-0.00308497331352897,-0.14954883422148,-0.0141387542442997
440,"MHCII",-0.215380251815979,0.475967248204087,-0.387293024091887,-0.171912772275909
440,"Complement",-0.358608765696015,0.195403098480665,-0.448331986758466,-0.0897232210624508
440,"Phagocytic",-0.115879682653901,0.00289923123287791,-0.139060662023172,-0.0231809793692716
440,"Interferon",-0.0374527384850704,0.218231755749276,-0.0770498324666834,-0.0395970939816129
440,"APP_CD74",0.840311220541258,0.845626282040275,-0.108397257066611,-0.948708477607869
440,"PTPRC_MRC1",0.163844715946307,0.20548539363632,0.744974955484101,0.581130239537795
441,"Homeostatic",-0.198058272746228,0.190914694532839,-0.0737324569921862,0.124325815754042
441,"MHCII",-0.524889794723987,0.453202432009973,-0.445223936219723,0.079665858504264
441,"Complement",-0.34930948074407,0.713802589654096,-0.604857864030648,-0.255548383286578
441,"Phagocytic",-0.143948171901479,0.129400114228766,-0.194050345377926,-0.0501021734764466
441,"Interferon",-0.0278410736475739,0.0804725220820208,0.00517774203050237,0.0330188156780763
441,"APP_CD74",0.583219296222848,0.901853556154671,0.309458032299759,-0.273761263923089
441,"PTPRC_MRC1",0.391134026324405,0.511358525165023,-0.00829810681605453,-0.39943213314046
442,"Homeostatic",-0.0816303510283711,0.061952421374316,-0.0945479461185733,-0.0129175950902023
442,"MHCII",-0.565439897856458,0.127626033265704,-0.0944344567014643,0.471005441154993
442,"Complement",-0.202430926231388,0.29957059438823,-0.432346492932333,-0.229915566700945
442,"Phagocytic",0.0701028060653442,-0.0182950536849124,-0.201267526240393,-0.271370332305737
442,"Interferon",-0.0389573735140925,0.100481942397473,-0.0774128973002437,-0.0384555237861512
442,"APP_CD74",0.49890150269595,0.528412581917524,0.162187532871691,-0.336713969824259
442,"PTPRC_MRC1",0.336598321334556,0.339683121763852,0.153080805971706,-0.183517515362849
443,"Homeostatic",-0.14960459070247,0.192496215362344,-0.172600474281696,-0.0229958835792261
443,"MHCII",-0.348323006457817,0.350207367361522,-0.42563386743822,-0.0773108609804031
443,"Complement",-0.39595955218142,0.215875406629117,-0.600299215814032,-0.204339663632611
443,"Phagocytic",-0.0291260002737679,0.0464400820614796,-0.199862015271143,-0.170736014997375
443,"Interferon",-0.148520649020102,0.0935659530867616,-0.0865024547069232,0.0620181943131792
443,"APP_CD74",0.483033806652946,0.764196535915772,0.0928041394736775,-0.390229667179269
443,"PTPRC_MRC1",0.0749706604558064,0.537837956650535,-0.0204371743553013,-0.0954078348111077
444,"Homeostatic",-0.19612694014895,-0.00125960899046979,-0.0723533940664259,0.123773546082524
444,"MHCII",-0.572942845344959,0.102065739629974,-0.329536934841038,0.243405910503921
444,"Complement",-0.155949281887745,0.188285435175793,-0.53060766637006,-0.374658384482315
444,"Phagocytic",-0.217608689096581,0.163547002836313,-0.149510083615452,0.0680986054811292
444,"Interferon",-0.144241018003723,0.0649177900665424,-0.109794139798543,0.0344468782051791
444,"APP_CD74",0.517773699094031,0.602981040834588,0.372097198263314,-0.145676500830716
444,"PTPRC_MRC1",0.667648462020198,0.451731278818945,-0.0255241659585789,-0.693172627978777
445,"Homeostatic",-0.263201323168719,-0.0036479846566712,-0.206703967868373,0.0564973553003458
445,"MHCII",-0.365419076070728,0.68906088579906,-0.185365551897597,0.180053524173131
445,"Complement",-0.0607980364770377,0.322561637079129,-0.551790467618711,-0.490992431141673
445,"Phagocytic",-0.159418896452836,0.0408148471060536,-0.207433122088677,-0.0480142256358417
445,"Interferon",-0.151570710568159,-0.055256256106176,-0.117941479738361,0.0336292308297975
445,"APP_CD74",0.491021580591422,0.886492231643332,0.222771434551616,-0.268250146039806
445,"PTPRC_MRC1",0.00070896323444072,0.551262975889674,0.275686163839262,0.274977200604822
446,"Homeostatic",-0.0382895590096866,-0.185209410479203,-0.1964341532811,-0.158144594271413
446,"MHCII",-0.359823996121268,0.115712167314406,-0.60319727506771,-0.243373278946442
446,"Complement",-0.120301698744256,-0.407637266268697,-0.486981477536048,-0.366679778791793
446,"Phagocytic",-0.0667069784947489,-0.262698791108645,-0.310064970037929,-0.24335799154318
446,"Interferon",-0.0199699852644852,-0.0811469881487464,-0.158476122172416,-0.138506136907931
446,"APP_CD74",0.753160633357035,0.649965212927901,0.176688640318053,-0.576471993038982
446,"PTPRC_MRC1",0.459110428900351,0.0631517094686622,-0.164098376861002,-0.623208805761353
447,"Homeostatic",-0.163030232323952,-0.0697116789552797,-0.210000881699628,-0.0469706493756763
447,"MHCII",-0.34873474153763,-0.0330520561230078,-0.558149553030933,-0.209414811493303
447,"Complement",-0.38381188100871,0.285464517663652,-0.464316097438441,-0.0805042164297315
447,"Phagocytic",-0.152945008102648,0.0223415149246477,-0.0830487840873568,0.0698962240152912
447,"Interferon",-0.170740268135966,-0.00675846742179714,-0.0589086838950358,0.11183158424093
447,"APP_CD74",0.545700410025591,0.768961221032077,0.0449004733639644,-0.500799936661626
447,"PTPRC_MRC1",0.0757565171271039,0.446027094122465,0.0812062504042367,0.0054497332771328
448,"Homeostatic",-0.168814975113307,-0.216715917860588,-0.103092500335263,0.0657224747780445
448,"MHCII",-0.396006937665378,0.262483695294278,-0.560711792872367,-0.164704855206989
448,"Complement",-0.53292753239691,-0.00547433670468881,-0.654035974395499,-0.121108441998589
448,"Phagocytic",-0.0763002605745135,-0.0396834551092095,-0.22617716132693,-0.149876900752417
448,"Interferon",-0.169584785618401,-0.00432397734160833,-0.0734075675607575,0.0961772180576437
448,"APP_CD74",0.496317607273106,0.929297884548449,0.0449900035824433,-0.451327603690663
448,"PTPRC_MRC1",0.182216716624771,0.462373949412663,0.0113770118541376,-0.170839704770633
449,"Homeostatic",-0.14806046735656,-0.0848702339210483,-0.313167825038304,-0.165107357681744
449,"MHCII",-0.631170258383273,0.304780033732964,-0.362328238638444,0.268842019744829
449,"Complement",-0.345627421459159,0.00640611895095983,-0.456418310731205,-0.110790889272047
449,"Phagocytic",-0.315761870208324,0.0869730245179095,-0.138514694084522,0.177247176123802
449,"Interferon",-0.112574943499215,0.0639122589017903,-0.128384353749031,-0.0158094102498169
449,"APP_CD74",0.349759460301471,0.849837539892701,-0.0961049600919929,-0.445864420393464
449,"PTPRC_MRC1",0.101060269770946,0.177279916964998,0.094249890972453,-0.00681037879849286
450,"Homeostatic",-0.273056442785391,-0.133339497135152,-0.160389601059434,0.112666841725957
450,"MHCII",-0.644377868610895,0.235617315686333,-0.421206249437788,0.223171619173106
450,"Complement",-0.323866235055838,0.0481206693788424,-0.585443018534129,-0.261576783478291
450,"Phagocytic",-0.170492655304507,-0.00700786232192575,-0.254833745756736,-0.0843410904522289
450,"Interferon",-0.0910244632633181,0.220466741453272,-0.0898569463114998,0.00116751695181835
450,"APP_CD74",0.415499248924895,0.952990929665774,0.0438036156812686,-0.371695633243626
450,"PTPRC_MRC1",0.076554061643107,0.23062319386012,0.258945261981145,0.182391200338038
451,"Homeostatic",-0.35440905225403,-0.0400475342116331,-0.0863098006020892,0.268099251651941
451,"MHCII",-0.453076549504576,0.128573083233413,-0.375642786614248,0.0774337628903284
451,"Complement",-0.457203548843063,0.326911050980836,-0.629532857330571,-0.172329308487508
451,"Phagocytic",-0.250487861956241,0.0652607705089815,-0.151144654229366,0.0993432077268753
451,"Interferon",-0.170135915188557,0.0721351585277363,0.0182411267352353,0.188377041923793
451,"APP_CD74",0.418868186099895,0.883115001863024,0.126237145017794,-0.292631041082101
451,"PTPRC_MRC1",0.33240456112508,0.422889132063168,-0.100956351396808,-0.433360912521888
452,"Homeostatic",-0.354275444633391,0.142985644043698,-0.0700255539380942,0.284249890695297
452,"MHCII",0.0499413384011022,0.619491871372065,-0.556112759344635,-0.606054097745737
452,"Complement",-0.481240085965163,0.156545297565418,-0.625397292897976,-0.144157206932813
452,"Phagocytic",0.0931278697802203,0.0861366791259509,-0.140803915593361,-0.233931785373581
452,"Interferon",-0.147490592796299,0.09255420327443,-0.0756591022009373,0.0718314905953615
452,"APP_CD74",0.755440334809188,1.05954255573579,-0.162490989403782,-0.91793132421297
452,"PTPRC_MRC1",-0.103797855132827,0.377706745502727,0.314671820673335,0.418469675806161
453,"Homeostatic",0.00655164604538669,-0.155439580791219,-0.128926840766543,-0.13547848681193
453,"MHCII",-0.310282083799258,0.247858859622477,-0.198185860808272,0.112096222990986
453,"Complement",-0.0145829856399639,-0.0450536020235892,-0.571492661630995,-0.556909675991031
453,"Phagocytic",-0.0544547502401857,-0.0236154250098827,-0.233584541205519,-0.179129790965334
453,"Interferon",-0.112458580774317,0.0650253003995061,-0.0569754124316178,0.0554831683426996
453,"APP_CD74",0.658755442573529,0.813450344992854,0.349683818856421,-0.309071623717108
453,"PTPRC_MRC1",0.72804396557134,0.111313772463199,0.0597196194638245,-0.668324346107515
454,"Homeostatic",-0.201673641860106,0.0482611847981514,-0.19407892815699,0.00759471370311648
454,"MHCII",-0.548843847167514,0.227525912900492,-0.519137116348836,0.0297067308186775
454,"Complement",-0.0823434582996002,0.281698515015397,-0.533542617504264,-0.451199159204664
454,"Phagocytic",-0.0729527229856101,0.0971845536261841,-0.167966292024216,-0.0950135690386054
454,"Interferon",-0.0177245590174451,0.0614599992229359,-0.206017748064916,-0.188293189047471
454,"APP_CD74",0.57847561105634,0.990689176159352,-0.0679232836742296,-0.646398894730569
454,"PTPRC_MRC1",0.33425884371655,0.653130281631384,0.176712671169612,-0.157546172546938
455,"Homeostatic",-0.188512269576067,0.0190301978367449,-0.208958927332718,-0.0204466577566505
455,"MHCII",-0.387520618693401,0.446677636865646,-0.511844532880696,-0.124323914187294
455,"Complement",-0.26223823548605,0.426209068838157,-0.471840251896952,-0.209602016410902
455,"Phagocytic",-0.0458774589254379,0.0621709674315835,-0.21386651499389,-0.167989056068452
455,"Interferon",-0.177185127213325,0.157282666769877,-0.114494783102564,0.0626903441107603
455,"APP_CD74",0.514104946047987,1.0459123239082,0.225986151685809,-0.288118794362178
455,"PTPRC_MRC1",0.582188155699432,0.325064136806287,0.0287317229608015,-0.553456432738631
456,"Homeostatic",-0.233715102038535,-0.139299643343205,-0.146578722047828,0.0871363799907063
456,"MHCII",-0.422338574187806,-0.308811029991479,-0.546181903617787,-0.123843329429981
456,"Complement",-0.461841818938558,0.108934844210327,-0.575422728833861,-0.113580909895303
456,"Phagocytic",-0.204576184816395,0.0603706842963373,-0.271845764178746,-0.0672695793623505
456,"Interferon",-0.174656285138808,-0.0990189070521695,-0.022101820841023,0.152554464297785
456,"APP_CD74",0.464687214015266,0.662419817732007,0.0671925651768308,-0.397494648838435
456,"PTPRC_MRC1",-0.184316642007445,0.232361070221774,0.108980875891083,0.293297517898528
457,"Homeostatic",-0.129053076518324,0.0733883669118647,0.0424884922150454,0.171541568733369
457,"MHCII",0.0145898006879313,0.201470833035128,-0.570132182719663,-0.584721983407594
457,"Complement",-0.263961616070089,0.545471659467154,-0.639047698399823,-0.375086082329734
457,"Phagocytic",-0.0858701970572429,0.00621151469838551,-0.271294400855373,-0.18542420379813
457,"Interferon",-0.0910363348350723,0.143531202701926,-0.177243291382119,-0.0862069565470464
457,"APP_CD74",0.828333025187434,0.685761579078267,0.301336353108113,-0.526996672079321
457,"PTPRC_MRC1",0.441745780026215,0.119533861694917,-0.145224577889934,-0.586970357916149
458,"Homeostatic",-0.232693694113964,-0.144375251023509,-0.241012544447786,-0.00831885033382168
458,"MHCII",-0.19593704060722,0.352613963550558,-0.29870045615694,-0.10276341554972
458,"Complement",-0.402849656186721,-0.0817839248734453,-0.699867575792789,-0.297017919606068
458,"Phagocytic",-0.183327850757465,-0.0947933378415001,-0.36975607942112,-0.186428228663655
458,"Interferon",-0.0373951351354187,0.00848600583934862,-0.0918672736891062,-0.0544721385536876
458,"APP_CD74",0.800799365975813,0.923239493495315,0.438510595210919,-0.362288770764894
458,"PTPRC_MRC1",-0.00826619887249155,0.224000527160026,-0.14607349296545,-0.137807294092958
459,"Homeostatic",-0.142590230591955,-0.00386665779665095,-0.0849169763253239,0.0576732542666315
459,"MHCII",-0.0935790391305312,0.100682861835374,-0.422460795814061,-0.32888175668353
459,"Complement",-0.211914111057471,0.0702331352911979,-0.508757905368451,-0.29684379431098
459,"Phagocytic",-0.104041055578055,0.103750516014676,-0.258601320395739,-0.154560264817683
459,"Interferon",-0.0852988223837647,0.0311533191710666,-0.111569191672004,-0.0262703692882389
459,"APP_CD74",0.70574031357014,0.792576438216865,0.373133145625136,-0.332607167945004
459,"PTPRC_MRC1",0.163590696462339,0.339166314701062,-0.141605773860679,-0.305196470323018
460,"Homeostatic",-0.146987906069468,-0.126924283110138,-0.140860597832217,0.00612730823725124
460,"MHCII",-0.499438336176145,-0.139031573528354,-0.62704623817561,-0.127607901999465
460,"Complement",-0.0843457148041122,-0.00778525981998622,-0.556248829652372,-0.47190311484826
460,"Phagocytic",0.0487589561550324,-0.0455494269719342,-0.197241517952068,-0.2460004741071
460,"Interferon",-0.046307644587231,-0.102642675129957,-0.132221312456115,-0.0859136678688844
460,"APP_CD74",0.678196799015071,0.556672719788102,0.179685787004939,-0.498511012010132
460,"PTPRC_MRC1",0.218502012483169,0.157452040512406,-0.188426211489195,-0.406928223972364
461,"Homeostatic",-0.104248948687829,0.0521551283701233,-0.155257551504009,-0.0510086028161796
461,"MHCII",-0.167993157436207,0.187657359829594,-0.265308701635089,-0.0973155441988822
461,"Complement",-0.172446245416813,0.508054967960203,-0.456286276688941,-0.283840031272128
461,"Phagocytic",-0.115496604381543,0.132308269290008,-0.195679336964443,-0.0801827325828999
461,"Interferon",-0.0777833535736563,-0.0160052572604627,-0.100189999085267,-0.022406645511611
461,"APP_CD74",0.746491409628159,0.659514326191409,0.214000682912452,-0.532490726715706
461,"PTPRC_MRC1",0.36400828000244,0.348637251509916,-0.0757042796039467,-0.439712559606387
462,"Homeostatic",-0.243984734372568,0.0834842070937419,-0.192096236464829,0.0518884979077389
462,"MHCII",-0.128088289207455,0.256955980260154,-0.46140301956629,-0.333314730358835
462,"Complement",-0.107682679336929,0.247993546264955,-0.607725331755065,-0.500042652418135
462,"Phagocytic",-0.202315947174589,0.0268557675080235,-0.240337939682767,-0.0380219925081774
462,"Interferon",-0.113212302463116,0.124144598616665,-0.0977805821632797,0.015431720299836
462,"APP_CD74",0.763159640491405,0.978813110402372,0.188602632575324,-0.574557007916081
462,"PTPRC_MRC1",0.604035100576906,0.463405222124931,0.0846353360913717,-0.519399764485534
463,"Homeostatic",-0.296380128123358,0.129779255009739,-0.159076769832671,0.137303358290687
463,"MHCII",-0.57866033837069,0.68351058686681,-0.39587470869071,0.18278562967998
463,"Complement",-0.0524640257323793,0.646479538062188,-0.486121382890605,-0.433657357158226
463,"Phagocytic",-0.0478004796633207,0.201662626551921,-0.258292015169029,-0.210491535505708
463,"Interferon",-0.09574187817168,0.0424143876073547,-0.105953887760369,-0.0102120095886891
463,"APP_CD74",0.419159176745733,1.09287590149811,0.319339980201214,-0.0998191965445194
463,"PTPRC_MRC1",0.39858240080873,0.654089827799058,0.255592305813067,-0.142990094995663
464,"Homeostatic",-0.199976041216464,0.0631287665349443,0.048198258466026,0.24817429968249
464,"MHCII",-0.549585920547915,0.119246764975773,-0.56598510627155,-0.0163991857236351
464,"Complement",-0.210785081745245,0.40779971535485,-0.595825549551176,-0.385040467805931
464,"Phagocytic",-0.205556086440533,0.00996933057182381,-0.14169720901931,0.0638588774212223
464,"Interferon",-0.0713855945211932,0.113606161001865,-0.0721874551555937,-0.000801860634400478
464,"APP_CD74",0.44360096549477,0.794132538634021,-0.0205409088710536,-0.464141874365824
464,"PTPRC_MRC1",0.261956810045877,0.395406222056986,0.331304633120244,0.069347823074367
465,"Homeostatic",-0.184958927673053,0.0567073781658545,-0.0339206329463303,0.151038294726722
465,"MHCII",-0.5086692603339,0.422356652854075,-0.630328020499356,-0.121658760165456
465,"Complement",-0.342270663268338,0.540950558653671,-0.658260268299742,-0.315989605031404
465,"Phagocytic",-0.0891581668502531,0.158348923160459,-0.251831409350955,-0.162673242500702
465,"Interferon",-0.018092081376388,0.0265617650967838,-0.173578552959906,-0.155486471583518
465,"APP_CD74",0.488875287478953,0.81318074252666,0.263327028614031,-0.225548258864923
465,"PTPRC_MRC1",0.186135169878919,0.262034082125835,-0.301779427044912,-0.487914596923831
466,"Homeostatic",-0.148699509013824,0.0568836819316027,-0.158083029932098,-0.00938352091827374
466,"MHCII",-0.680801530347672,0.213330076990767,-0.417681596002734,0.263119934344938
466,"Complement",-0.26297827941931,0.528802034082905,-0.476059266992988,-0.213080987573678
466,"Phagocytic",0.041914179417807,0.0515130282705217,-0.0476159625872668,-0.0895301420050738
466,"Interferon",-0.0464516883959946,0.0367067119348294,-0.0101084451509626,0.036343243245032
466,"APP_CD74",0.516406831573134,0.87350703094632,0.00318434761883823,-0.513222483954296
466,"PTPRC_MRC1",0.115062077372466,0.1707646278208,0.310586308708982,0.195524231336517
467,"Homeostatic",-0.194360556421456,-0.0417582344709176,-0.160528455729082,0.0338321006923742
467,"MHCII",-0.446265852364582,0.366136593721376,-0.370490906348712,0.0757749460158705
467,"Complement",0.065519709651525,-0.00357335621689221,-0.690854056726917,-0.756373766378442
467,"Phagocytic",-0.142253307544501,-0.0262096103771595,-0.330401981730551,-0.188148674186051
467,"Interferon",-0.158993893866193,0.041716554371162,-0.145624308875783,0.0133695849904104
467,"APP_CD74",0.622377930060098,0.959451073351159,0.351736964962115,-0.270640965097982
467,"PTPRC_MRC1",0.552360944185837,0.41620006130978,0.0169537594089379,-0.5354071847769
468,"Homeostatic",-0.239608689934302,-0.0621235926872431,-0.0531982485315391,0.186410441402763
468,"MHCII",-0.471407078399196,0.13942209392142,-0.28323621701384,0.188170861385356
468,"Complement",-0.467138020016777,0.108436602745166,-0.628462868676077,-0.1613248486593
468,"Phagocytic",-0.0779518529209361,0.0251273707260705,-0.355560554455986,-0.27760870153505
468,"Interferon",-0.131342846838372,0.0332286650453516,-0.0935746849529137,0.0377681618854579
468,"APP_CD74",0.52593612006295,0.844946263136989,0.489011037730444,-0.0369250823325052
468,"PTPRC_MRC1",0.342521120156424,0.479375838108536,0.0687780683937552,-0.273743051762669
469,"Homeostatic",-0.315095278680622,0.0829802564285674,-0.114910931743209,0.200184346937413
469,"MHCII",-0.556254543543107,0.682403770946024,-0.328960975568785,0.227293567974322
469,"Complement",-0.275844420615503,0.2630475339449,-0.37349400922017,-0.0976495886046668
469,"Phagocytic",-0.132769297189451,0.0631287806383598,-0.161764138637787,-0.0289948414483366
469,"Interferon",-0.1259853884717,0.00220207597218836,-0.00113377403302658,0.124851614438673
469,"APP_CD74",0.411739648383538,0.932058624050605,0.0577644047317082,-0.35397524365183
469,"PTPRC_MRC1",0.413073291807097,0.859756436241604,0.144767458122381,-0.268305833684716
470,"Homeostatic",-0.158183450181008,-0.191100342159729,-0.0461804478596433,0.112003002321365
470,"MHCII",-0.0548815125985964,0.0145177166319545,-0.421552600099515,-0.366671087500918
470,"Complement",-0.241081810463342,0.0875214453501389,-0.567981493974089,-0.326899683510747
470,"Phagocytic",-0.052916875365339,-0.0868872005434704,-0.251391046009185,-0.198474170643846
470,"Interferon",-0.0627371814800548,0.0110037491602438,-0.168329174856728,-0.105591993376673
470,"APP_CD74",0.754681555306165,0.777928843941698,0.334977177269814,-0.419704378036352
470,"PTPRC_MRC1",-0.0986578330318715,0.302667069641729,-0.124097996800632,-0.0254401637687603
471,"Homeostatic",-0.161477817033063,0.0681863186041062,-0.11559360990669,0.0458842071263731
471,"MHCII",-0.390922966986917,0.314208265185698,-0.299678015660374,0.0912449513265428
471,"Complement",-0.311520299900887,0.17800253532113,-0.667496155961486,-0.355975856060599
471,"Phagocytic",-0.261998286307208,0.0655838922940845,-0.206423530290538,0.0555747560166698
471,"Interferon",-0.0993141237674364,0.00574463050514976,-0.0667320472134118,0.0325820765540246
471,"APP_CD74",0.570009093500125,0.669445902733575,0.241646571286335,-0.32836252221379
471,"PTPRC_MRC1",0.180869417657722,0.266378566170323,0.412400866397949,0.231531448740227
472,"Homeostatic",-0.0277193140956246,0.0636809564126897,-0.225237195403619,-0.197517881307995
472,"MHCII",-0.646598406954075,0.513381361877711,-0.497908528252459,0.148689878701616
472,"Complement",-0.405569376393019,0.489589850094835,-0.514506528155275,-0.108937151762256
472,"Phagocytic",-0.0765836447097312,0.205625400393558,-0.270289348813729,-0.193705704103998
472,"Interferon",-0.137137044880187,0.193005689130074,-0.0864135251525585,0.0507235197276284
472,"APP_CD74",0.454569814273677,0.824282572413144,-0.00112044031255018,-0.455690254586227
472,"PTPRC_MRC1",-0.00923622387030518,0.509838341445528,0.103424491524538,0.112660715394843
473,"Homeostatic",-0.195749884918234,-0.101362068067445,-0.167345184122679,0.0284047007955555
473,"MHCII",-0.620071334195639,0.404385890157414,-0.430039107145247,0.190032227050392
473,"Complement",-0.01515544903042,0.18194070857055,-0.591085349635731,-0.575929900605311
473,"Phagocytic",-0.0251457738328999,-0.0156539867034254,-0.213202404058384,-0.188056630225484
473,"Interferon",-0.126895092376717,0.16937403542095,-0.157390598977262,-0.030495506600545
473,"APP_CD74",0.577096771064751,1.12272087287233,0.0914512611361336,-0.485645509928617
473,"PTPRC_MRC1",0.443089751268567,0.611584507264832,0.0992432366219595,-0.343846514646607
474,"Homeostatic",-0.2776970976347,-0.0374811874744142,-0.151008642020552,0.126688455614148
474,"MHCII",-0.317675168324259,0.154257881576541,-0.473672920336201,-0.155997752011942
474,"Complement",-0.302740202922538,-0.347707218465,-0.605231800337636,-0.302491597415098
474,"Phagocytic",-0.151897454851844,-0.132990829954318,-0.141324839683456,0.0105726151683886
474,"Interferon",-0.065585840880586,0.0569207446559533,-0.0665587867428356,-0.00097294586224958
474,"APP_CD74",0.633675888341952,0.701128193489953,-0.114812808739207,-0.748488697081158
474,"PTPRC_MRC1",0.0530966971398998,0.26309122570988,0.216279957767032,0.163183260627132
475,"Homeostatic",-0.280378774938168,0.0128152112688722,-0.182136545390662,0.0982422295475054
475,"MHCII",-0.302022335846072,0.331006142873357,-0.21785935491374,0.0841629809323313
475,"Complement",-0.328760945316645,0.448063140852643,-0.445383994504303,-0.116623049187659
475,"Phagocytic",-0.0235828090095947,0.174579830381197,-0.24482725534647,-0.221244446336875
475,"Interferon",-0.156074917469791,-0.0209967824872423,-0.0675751508097697,0.0884997666600209
475,"APP_CD74",0.622033611307477,0.916489622790251,0.324166588035261,-0.297867023272217
475,"PTPRC_MRC1",0.229873118729322,0.413925834497991,0.00816429493869918,-0.221708823790623
476,"Homeostatic",-0.203098176558982,0.12825250585579,-0.0109093772244025,0.19218879933458
476,"MHCII",-0.541160980308199,0.326659877441684,-0.420146836990469,0.12101414331773
476,"Complement",-0.0617172655898518,0.569368267856427,-0.639300405969508,-0.577583140379656
476,"Phagocytic",-0.128692944763937,0.198228849679149,-0.139788481506155,-0.0110955367422186
476,"Interferon",-0.0110062908259168,0.0485225009427642,0.0124405587439933,0.0234468495699101
476,"APP_CD74",0.520817307156826,1.00115281056009,0.043535315440426,-0.4772819917164
476,"PTPRC_MRC1",0.0798255321446778,0.483040703393781,0.176195815174908,0.0963702830302299
477,"Homeostatic",-0.209627242156995,0.0165188393306562,-0.112502728567012,0.0971245135899829
477,"MHCII",-0.283881711208112,0.56583297751709,-0.576334702956226,-0.292452991748114
477,"Complement",-0.294759883660244,0.0205364734532817,-0.622499777139001,-0.327739893478757
477,"Phagocytic",-0.0857337352980611,0.0676453313990664,-0.224255118939111,-0.13852138364105
477,"Interferon",-0.103697615783563,0.0351049420641893,-0.0841272192602137,0.0195703965233494
477,"APP_CD74",0.600706168443806,0.985901933362762,0.221515830766613,-0.379190337677193
477,"PTPRC_MRC1",0.13002552427656,0.393602804010391,0.0822143389552355,-0.0478111853213247
478,"Homeostatic",-0.104302135770554,-0.0791408646581573,-0.077281637456739,0.0270204983138152
478,"MHCII",-0.484821472033174,-0.0739197460209409,-0.507689775379997,-0.0228683033468233
478,"Complement",-0.232255756293402,-0.0137076861942095,-0.58741624707684,-0.355160490783438
478,"Phagocytic",-0.0333735634077475,0.0605022049344329,-0.143777631151788,-0.11040406774404
478,"Interferon",-0.0526874408435496,0.0268850862919532,-0.0217300372379521,0.0309574036055975
478,"APP_CD74",0.432060599615302,0.829795933495665,0.0375659391573525,-0.39449466045795
478,"PTPRC_MRC1",0.399724131256601,0.40987058241174,0.0166882630938437,-0.383035868162757
479,"Homeostatic",-0.143843453633547,-0.0830622173053801,-0.128699099295043,0.0151443543385048
479,"MHCII",-0.247526959144729,0.473414920177798,-0.445966358994191,-0.198439399849461
479,"Complement",-0.332784904451318,0.473623938393645,-0.577919977914965,-0.245135073463646
479,"Phagocytic",-0.148428665901415,0.125976766672909,-0.250957721880994,-0.102529055979579
479,"Interferon",-0.06756536035543,0.0427837188275766,-0.0522402058936412,0.0153251544617889
479,"APP_CD74",0.579983262139155,0.613413951598152,0.0695702065796825,-0.510413055559473
479,"PTPRC_MRC1",0.392129469297141,0.52265077641804,0.122092175890348,-0.270037293406793
480,"Homeostatic",-0.246574101615396,-0.0922536718877839,-0.25738771949377,-0.0108136178783739
480,"MHCII",-0.421966588970446,0.260414245125056,-0.170378358624273,0.251588230346173
480,"Complement",-0.0948396115001158,0.308589619743886,-0.517956563538496,-0.42311695203838
480,"Phagocytic",-0.151199757569872,0.017008637839019,-0.305519750767037,-0.154319993197164
480,"Interferon",-0.162863392336694,0.237436401677442,-0.0749234669424046,0.0879399253942896
480,"APP_CD74",0.5160179980163,0.904903066330418,0.264755411700983,-0.251262586315318
480,"PTPRC_MRC1",0.513369898878152,0.363186894560492,0.0926803232134157,-0.420689575664736
481,"Homeostatic",-0.0956621499833552,0.0798632131151492,-0.286483535710111,-0.190821385726755
481,"MHCII",-0.359746233226048,0.444372742806219,-0.4190041777026,-0.0592579444765524
481,"Complement",-0.181763474191424,0.408473393266084,-0.445008625396574,-0.26324515120515
481,"Phagocytic",-0.182370269811812,0.115243120891023,-0.212295246146394,-0.0299249763345816
481,"Interferon",-0.0609279032132921,0.0247532284672803,-0.0240099877366269,0.0369179154766652
481,"APP_CD74",0.77796836650214,0.962965907247969,-0.115723953478472,-0.893692319980612
481,"PTPRC_MRC1",0.125980809185356,0.349816994344445,0.184926905167471,0.058946095982115
482,"Homeostatic",-0.0942540895529532,-0.0570510292831284,-0.167082958174981,-0.0728288686220274
482,"MHCII",-0.514357546553117,0.382396585300826,-0.667751959854955,-0.153394413301839
482,"Complement",0.10490401456372,0.0414387071300464,-0.472237719768401,-0.577141734332121
482,"Phagocytic",-0.0553859638273344,-0.0396884042180292,-0.18627941204486,-0.130893448217525
482,"Interferon",-0.0463014290529756,0.0688381201160826,-0.0910089769559594,-0.0447075479029838
482,"APP_CD74",0.567059670878254,0.85838533961462,0.122145437475504,-0.44491423340275
482,"PTPRC_MRC1",0.445985929937401,0.67086228661812,-0.146522340968544,-0.592508270905945
483,"Homeostatic",-0.101475224967485,-0.0779910665790859,-0.0683852616836044,0.0330899632838801
483,"MHCII",-0.503103065491602,0.133635839551344,-0.482197095544143,0.020905969947459
483,"Complement",-0.241047384832555,0.0297637426233361,-0.552491366788474,-0.311443981955919
483,"Phagocytic",-0.0311597649225873,0.0237937457301986,-0.198997168361103,-0.167837403438516
483,"Interferon",-0.112978117075953,0.0772631649336421,-0.0812542607852006,0.0317238562907524
483,"APP_CD74",0.501228784152973,0.900221942168888,0.226220701158468,-0.275008082994505
483,"PTPRC_MRC1",0.401595164964317,0.319505046407273,0.173496466161014,-0.228098698803303
484,"Homeostatic",-0.225720479504019,-0.0092872093923548,-0.19084432347579,0.0348761560282282
484,"MHCII",-0.332329412737375,0.284864163976361,-0.461369356992312,-0.129039944254937
484,"Complement",-0.235710548249614,0.488520727351638,-0.580972496001987,-0.345261947752373
484,"Phagocytic",-0.208248622011831,0.17574708246472,-0.238067146520989,-0.0298185245091584
484,"Interferon",-0.0503216753180481,0.255373088380506,-0.130401112450196,-0.0800794371321476
484,"APP_CD74",0.608167567946325,0.829553578350495,0.20405246075118,-0.404115107195145
484,"PTPRC_MRC1",0.543472437023075,0.470028567464194,-0.0225256894208191,-0.565998126443894
485,"Homeostatic",-0.280545200072597,0.00521071985708646,-0.133010702770672,0.147534497301925
485,"MHCII",0.153773271666016,0.230444664822117,-0.35120265223136,-0.504975923897376
485,"Complement",0.0424636893236971,-0.144768082697611,-0.604171326248215,-0.646635015571912
485,"Phagocytic",-0.166479645383024,-0.0488064898246228,-0.199412194930944,-0.03293254954792
485,"Interferon",-0.124765847121134,0.031711031709349,-0.0444941305653281,0.0802717165558062
485,"APP_CD74",0.82651332072059,0.439381746791587,0.21945217554125,-0.607061145179339
485,"PTPRC_MRC1",0.232199450805628,0.558487902814083,0.280576254770772,0.0483768039651442
486,"Homeostatic",-0.343309707714409,0.16125927270323,-0.231239785849934,0.112069921864475
486,"MHCII",-0.347115209624515,0.323582499137045,-0.556250216254351,-0.209135006629836
486,"Complement",-0.31134198945584,0.576864961895761,-0.612827089166905,-0.301485099711065
486,"Phagocytic",-0.0711408311748094,0.122095442248288,-0.255282808318578,-0.184141977143769
486,"Interferon",-0.0453158326724478,0.0496456961123619,-0.133142996646352,-0.0878271639739039
486,"APP_CD74",0.499764464356397,0.839862807793519,-0.0204060323293314,-0.520170496685729
486,"PTPRC_MRC1",0.227484579305215,0.757510348554905,0.167958879457704,-0.059525699847511
487,"Homeostatic",-0.0719325968333782,-0.000466650535491384,-0.245695729649021,-0.173763132815643
487,"MHCII",-0.542801689127439,0.286576343244526,-0.205551163839892,0.337250525287547
487,"Complement",-0.114443429145406,0.328386110442671,-0.556388422827827,-0.441944993682421
487,"Phagocytic",0.118944073771026,0.124406339243065,-0.200076976098985,-0.31902104987001
487,"Interferon",-0.105693761972161,0.0942144832442939,-0.0959857737415567,0.00970798823060418
487,"APP_CD74",0.40679352625445,0.738542356650832,0.0565219681868337,-0.350271558067616
487,"PTPRC_MRC1",0.418166637986991,0.583168210199062,0.301250528616571,-0.11691610937042
488,"Homeostatic",-0.260363769990451,-0.0831212948982228,-0.177931423990453,0.0824323459999984
488,"MHCII",-0.496470927275472,0.0174037607703225,-0.527106536977145,-0.0306356097016727
488,"Complement",-0.132649837003397,0.082985583336687,-0.480633988583388,-0.34798415157999
488,"Phagocytic",-0.0856255500975845,-0.0225943720200691,-0.242752837105194,-0.157127287007609
488,"Interferon",-0.137418246350319,0.0791825171010643,-0.109011891969662,0.0284063543806572
488,"APP_CD74",0.361429831993671,0.799204573887438,0.227890431625737,-0.133539400367934
488,"PTPRC_MRC1",0.336179600019925,0.125331082449514,-0.105317379527926,-0.441496979547851
489,"Homeostatic",-0.237664027149379,0.104406495999852,-0.303406359173384,-0.0657423320240059
489,"MHCII",-0.279411097619833,0.412029380219672,-0.336519544466721,-0.0571084468468885
489,"Complement",-0.192497834139749,0.491723282702364,-0.61200129360844,-0.419503459468691
489,"Phagocytic",0.0279791438548417,0.302240931761677,-0.272682044247886,-0.300661188102728
489,"Interferon",-0.200744953755995,0.124626897504216,-0.150975930913802,0.0497690228421936
489,"APP_CD74",0.780905310517557,0.712366184848303,0.272410667654362,-0.508494642863195
489,"PTPRC_MRC1",0.222751207021393,0.54904783907926,-0.0554840215846929,-0.278235228606086
490,"Homeostatic",-0.24763089326628,0.0400177965453982,-0.103059723143329,0.144571170122952
490,"MHCII",-0.420846363493248,0.179196708507287,-0.509328138065251,-0.0884817745720036
490,"Complement",-0.176427773538835,0.428684104379869,-0.547009195621453,-0.370581422082617
490,"Phagocytic",-0.234399460416033,0.176754018832648,-0.171322314346266,0.0630771460697676
490,"Interferon",-0.137616999945665,0.108245659390327,-0.081512871195052,0.0561041287506128
490,"APP_CD74",0.438286910806025,0.97606985058912,0.0938799732861774,-0.344406937519847
490,"PTPRC_MRC1",0.216985947399066,0.636158372494099,-0.0475476115355743,-0.26453355893464
491,"Homeostatic",-0.0319410028842397,0.041408521917369,-0.1977918374277,-0.165850834543461
491,"MHCII",-0.321534418645406,0.375766372217467,-0.50205312051103,-0.180518701865624
491,"Complement",0.0208989366381352,0.361039389380894,-0.5635651754423,-0.584464112080435
491,"Phagocytic",0.015049879294401,0.127472947157011,-0.225728866242709,-0.24077874553711
491,"Interferon",-0.0679902687602062,0.0264838811220012,-0.0796468773170915,-0.0116566085568852
491,"APP_CD74",0.707201489021367,1.01654148819401,0.125884076834483,-0.581317412186884
491,"PTPRC_MRC1",0.79803110224023,0.652029190700869,0.0599953386194391,-0.73803576362079
492,"Homeostatic",-0.308517144263872,0.264307123533092,-0.0663787306142031,0.242138413649669
492,"MHCII",-0.666258705579323,0.504787561760104,-0.321523812183749,0.344734893395574
492,"Complement",-0.293761674073779,0.585076001299512,-0.345565294825518,-0.051803620751739
492,"Phagocytic",-0.0293838998149022,0.122937374641248,-0.00757421056428334,0.0218096892506189
492,"Interferon",-0.13114288381528,0.104103406509598,-0.0561174583090263,0.0750254255062535
492,"APP_CD74",0.308031034061068,1.1576900662379,-0.104599995889622,-0.41263102995069
492,"PTPRC_MRC1",0.317003223296212,0.830701056779547,0.488572856977867,0.171569633681655
493,"Homeostatic",-0.207468335814843,-0.00329090004577063,-0.218981740130642,-0.0115134043157999
493,"MHCII",-0.475033405492035,0.450147681261113,-0.340553993865748,0.134479411626287
493,"Complement",-0.156941808240086,0.325959186885136,-0.509736709994557,-0.352794901754471
493,"Phagocytic",-0.11371369001599,0.0473948038003858,-0.232065895084201,-0.11835220506821
493,"Interferon",-0.119569669305255,0.165147969904754,-0.0833345368059281,0.0362351324993268
493,"APP_CD74",0.53676398276168,0.941197257185654,0.159489098791998,-0.377274883969683
493,"PTPRC_MRC1",0.113781961489651,0.25361780669006,0.0177456457082434,-0.0960363157814081
494,"Homeostatic",-0.154467076107707,-0.0658001122889239,-0.067898146131949,0.0865689299757583
494,"MHCII",-0.682998750362126,0.0666353932307264,-0.351293919473875,0.33170483088825
494,"Complement",-0.31760377668145,0.138927945165406,-0.575271599887074,-0.257667823205624
494,"Phagocytic",-0.268349391855191,0.0411289300243605,-0.0897613143268992,0.178588077528292
494,"Interferon",-0.134325194225011,-0.0142819833316006,-0.0357462916879849,0.0985789025370263
494,"APP_CD74",0.408364835825265,0.784908656176647,-0.0805212735832753,-0.48888610940854
494,"PTPRC_MRC1",0.161980540018595,0.0812384252685002,0.484898679518015,0.322918139499419
495,"Homeostatic",-0.197301011789461,0.238454398584644,-0.128035309103193,0.0692657026862683
495,"MHCII",-0.452382917206361,0.412504167102483,-0.337983933733853,0.114398983472507
495,"Complement",-0.285564614847551,0.79407619722221,-0.600519225877967,-0.314954611030416
495,"Phagocytic",-0.210962556867962,0.23258501522665,-0.175593177311495,0.0353693795564673
495,"Interferon",-0.0081418735350618,0.00455255226802549,-0.11127836009556,-0.103136486560499
495,"APP_CD74",0.704828000698141,1.1112658174459,0.137642789730767,-0.567185210967373
495,"PTPRC_MRC1",0.320470002096082,0.937060887103725,0.574511942455284,0.254041940359202
496,"Homeostatic",-0.265973696839447,0.00492370817548324,-0.216735377401124,0.0492383194383234
496,"MHCII",-0.280054505926811,0.164162147111956,-0.479686154376562,-0.199631648449751
496,"Complement",-0.33182697054226,0.252134001791288,-0.777336449703086,-0.445509479160826
496,"Phagocytic",-0.25156775904498,-0.0342612874991293,-0.320887732738203,-0.0693199736932237
496,"Interferon",-0.150634422544414,0.114269327096782,-0.0845907575311349,0.0660436650132786
496,"APP_CD74",0.465895698945723,0.965539090108305,0.00700794819459054,-0.458887750751132
496,"PTPRC_MRC1",0.0385940750886598,0.328775269706595,0.408362251824741,0.369768176736081
497,"Homeostatic",-0.225038712940992,-0.108091592906903,-0.241380614316913,-0.0163419013759211
497,"MHCII",-0.154888197587065,-0.0469094536093079,-0.490832302165867,-0.335944104578801
497,"Complement",-0.292827777514782,0.000732464585728749,-0.716412545774754,-0.423584768259971
497,"Phagocytic",-0.144981195160903,-0.096843034565997,-0.265204565532045,-0.120223370371142
497,"Interferon",-0.131345811488309,0.0451667226003365,-0.128700878820425,0.00264493266788438
497,"APP_CD74",0.777117642628822,0.475318338276918,0.162334490143741,-0.614783152485081
497,"PTPRC_MRC1",0.137079208912551,0.27194294667342,0.212741366725144,0.0756621578125934
498,"Homeostatic",-0.154369554389208,-0.128512518797873,-0.196314492090273,-0.0419449377010646
498,"MHCII",-0.400053230541714,0.291934490204327,-0.384975325436408,0.0150779051053061
498,"Complement",-0.3389500090438,0.513811612681986,-0.565757944691513,-0.226807935647713
498,"Phagocytic",-0.0348841830916966,0.0859826971689372,-0.151261682863373,-0.116377499771677
498,"Interferon",-0.15477748939303,0.141088002409234,-0.148586276214631,0.00619121317839944
498,"APP_CD74",0.401427127670386,0.784952202567449,0.171428085762805,-0.229999041907581
498,"PTPRC_MRC1",-0.141154019570552,0.354639847366313,-0.0112867318995736,0.129867287670978
499,"Homeostatic",-0.0774313965993794,0.167695173624607,0.0161560472034143,0.0935874438027938
499,"MHCII",-0.553891475721717,0.175653174197412,-0.480916414619557,0.07297506110216
499,"Complement",-0.129785960258076,0.363187764052428,-0.526433085120399,-0.396647124862323
499,"Phagocytic",-0.0866210421065917,0.114055597737963,-0.0768423853678148,0.00977865673877687
499,"Interferon",-0.076726525059242,0.0442117978335003,-0.0435418161345871,0.0331847089246549
499,"APP_CD74",0.474433724830832,0.807621185727412,0.121429608737533,-0.353004116093299
499,"PTPRC_MRC1",0.591826643354752,0.603187681038555,0.297876313351945,-0.293950330002807
500,"Homeostatic",-0.0973582843918292,0.183133479196707,-0.143217464205595,-0.0458591798137655
500,"MHCII",-0.181215926850291,0.168585491816679,-0.173211392752147,0.00800453409814442
500,"Complement",-0.0978585233472104,0.218453055161746,-0.646975069601104,-0.549116546253894
500,"Phagocytic",-0.177062035727391,0.128269977503419,-0.236589389500132,-0.0595273537727409
500,"Interferon",-0.081653725597487,0.145009027434677,-0.0490507907024393,0.0326029348950477
500,"APP_CD74",0.637781652546867,0.596157799587058,0.382201661838888,-0.255579990707979
500,"PTPRC_MRC1",0.353665196651184,0.755000629654656,0.0988368404382139,-0.25482835621297
