"age_months","source","target","interaction","prob","pval","significant"
3,"Fibrocytes","Macrophages/Microglia","TGFB2_TGFBR1_TGFBR2",0.0235214460047748,0,TRUE
3,"Spiral ganglion neurons","Macrophages/Microglia","TGFB2_TGFBR1_TGFBR2",0.0134700295595385,0,TRUE
3,"Supporting cells","Macrophages/Microglia","TGFB2_TGFBR1_TGFBR2",0.0134321962261631,0,TRUE
3,"Fibrocytes","Supporting cells","TGFB2_TGFBR1_TGFBR2",0.00869776733131037,0,TRUE
3,"Spiral ganglion neurons","Supporting cells","TGFB2_TGFBR1_TGFBR2",0.00494402968645816,0.04,TRUE
3,"Supporting cells","Supporting cells","TGFB2_TGFBR1_TGFBR2",0.00493002369643326,0,TRUE
3,"Fibrocytes","Supporting cells","TGFB2_ACVR1_TGFBR1",0.00834030358393378,0,TRUE
3,"Spiral ganglion neurons","Supporting cells","TGFB2_ACVR1_TGFBR1",0.00445439075842576,0.1,FALSE
3,"Supporting cells","Supporting cells","TGFB2_ACVR1_TGFBR1",0.00444176567950762,0,TRUE
3,"Glia/Schwann","Inner hair cells","BMP5_ACVR1_ACVR2A",0.0055610557804473,0,TRUE
3,"Supporting cells","Inner hair cells","BMP5_ACVR1_ACVR2A",0.00372580503368105,0,TRUE
3,"Glia/Schwann","Spiral ganglion neurons","BMP5_ACVR1_ACVR2A",0.00448007355827849,0.03,TRUE
3,"Supporting cells","Spiral ganglion neurons","BMP5_ACVR1_ACVR2A",0.0030004904450468,0.12,FALSE
3,"Glia/Schwann","Supporting cells","BMP5_ACVR1_ACVR2A",0.00465737860332566,0,TRUE
3,"Supporting cells","Supporting cells","BMP5_ACVR1_ACVR2A",0.00311942244715905,0,TRUE
3,"Glia/Schwann","Glia/Schwann","BMP5_ACVR1_BMPR2",0.00569664876040448,0.31,FALSE
3,"Supporting cells","Glia/Schwann","BMP5_ACVR1_BMPR2",0.0038168215858873,0.78,FALSE
3,"Glia/Schwann","Inner hair cells","BMP5_ACVR1_BMPR2",0.00679631174480439,0.17,FALSE
3,"Supporting cells","Inner hair cells","BMP5_ACVR1_BMPR2",0.00455527117124477,0.57,FALSE
3,"Glia/Schwann","Spiral ganglion neurons","BMP5_ACVR1_BMPR2",0.00840169616301165,0.06,FALSE
3,"Supporting cells","Spiral ganglion neurons","BMP5_ACVR1_BMPR2",0.00563429329648784,0.28,FALSE
3,"Glia/Schwann","Supporting cells","BMP5_ACVR1_BMPR2",0.0119486200046586,0,TRUE
3,"Supporting cells","Supporting cells","BMP5_ACVR1_BMPR2",0.00802236133282878,0,TRUE
3,"Glia/Schwann","Inner hair cells","BMP5_BMPR1A_ACVR2A",0.00542627436054832,0.03,TRUE
3,"Supporting cells","Inner hair cells","BMP5_BMPR1A_ACVR2A",0.00363534135719927,0.22,FALSE
3,"Glia/Schwann","Spiral ganglion neurons","BMP5_BMPR1A_ACVR2A",0.00515669288636105,0.1,FALSE
3,"Supporting cells","Spiral ganglion neurons","BMP5_BMPR1A_ACVR2A",0.00345442577474338,0.29,FALSE
3,"Glia/Schwann","Supporting cells","BMP5_BMPR1A_ACVR2A",0.0075035721974757,0,TRUE
3,"Supporting cells","Supporting cells","BMP5_BMPR1A_ACVR2A",0.00503049820150198,0,TRUE
3,"Glia/Schwann","Fibrocytes","BMP5_BMPR1A_BMPR2",0.00701733991969352,0.45,FALSE
3,"Supporting cells","Fibrocytes","BMP5_BMPR1A_BMPR2",0.00470376187962735,0.82,FALSE
3,"Glia/Schwann","Glia/Schwann","BMP5_BMPR1A_BMPR2",0.00619693718643401,0.41,FALSE
3,"Supporting cells","Glia/Schwann","BMP5_BMPR1A_BMPR2",0.00415271020388184,0.9,FALSE
3,"Glia/Schwann","Inner hair cells","BMP5_BMPR1A_BMPR2",0.00663179150175546,0.45,FALSE
3,"Supporting cells","Inner hair cells","BMP5_BMPR1A_BMPR2",0.00444475765612069,0.83,FALSE
3,"Glia/Schwann","Spiral ganglion neurons","BMP5_BMPR1A_BMPR2",0.00966484271517123,0.15,FALSE
3,"Supporting cells","Spiral ganglion neurons","BMP5_BMPR1A_BMPR2",0.00648409744317202,0.43,FALSE
3,"Glia/Schwann","Supporting cells","BMP5_BMPR1A_BMPR2",0.0191648062108514,0,TRUE
3,"Supporting cells","Supporting cells","BMP5_BMPR1A_BMPR2",0.0128982980520947,0,TRUE
3,"Glia/Schwann","Inner hair cells","BMP5_BMPR1B_ACVR2A",0.0111663153709506,0,TRUE
3,"Supporting cells","Inner hair cells","BMP5_BMPR1B_ACVR2A",0.00749516819408799,0,TRUE
3,"Glia/Schwann","Fibrocytes","BMP5_BMPR1B_BMPR2",0.00539456077593034,0.19,FALSE
3,"Supporting cells","Fibrocytes","BMP5_BMPR1B_BMPR2",0.00361405675468465,0.61,FALSE
3,"Glia/Schwann","Glia/Schwann","BMP5_BMPR1B_BMPR2",0.0067151484681389,0.07,FALSE
3,"Supporting cells","Glia/Schwann","BMP5_BMPR1B_BMPR2",0.00450074969072193,0.24,FALSE
3,"Glia/Schwann","Inner hair cells","BMP5_BMPR1B_BMPR2",0.0136295813761035,0,TRUE
3,"Supporting cells","Inner hair cells","BMP5_BMPR1B_BMPR2",0.00915608551430284,0,TRUE
3,"Fibrocytes","Inner hair cells","BMP6_ACVR1_ACVR2A",0.00838389635277864,0,TRUE
3,"Fibrocytes","Spiral ganglion neurons","BMP6_ACVR1_ACVR2A",0.00675792701589169,0,TRUE
3,"Fibrocytes","Supporting cells","BMP6_ACVR1_ACVR2A",0.00702474510546833,0,TRUE
3,"Fibrocytes","Glia/Schwann","BMP6_ACVR1_BMPR2",0.00858772313299931,0,TRUE
3,"Fibrocytes","Inner hair cells","BMP6_ACVR1_BMPR2",0.0102397225682087,0,TRUE
3,"Fibrocytes","Spiral ganglion neurons","BMP6_ACVR1_BMPR2",0.012648130891309,0,TRUE
3,"Fibrocytes","Supporting cells","BMP6_ACVR1_BMPR2",0.0179553005332992,0,TRUE
3,"Fibrocytes","Inner hair cells","BMP6_BMPR1A_ACVR2A",0.00818126156598661,0,TRUE
3,"Fibrocytes","Spiral ganglion neurons","BMP6_BMPR1A_ACVR2A",0.0077758803037373,0,TRUE
3,"Fibrocytes","Supporting cells","BMP6_BMPR1A_ACVR2A",0.0113012453227232,0,TRUE
3,"Fibrocytes","Fibrocytes","BMP6_BMPR1A_BMPR2",0.0105715446377619,0,TRUE
3,"Fibrocytes","Glia/Schwann","BMP6_BMPR1A_BMPR2",0.00933952526386148,0,TRUE
3,"Fibrocytes","Inner hair cells","BMP6_BMPR1A_BMPR2",0.00999268535041388,0,TRUE
3,"Fibrocytes","Spiral ganglion neurons","BMP6_BMPR1A_BMPR2",0.0145403428086658,0.01,TRUE
3,"Fibrocytes","Supporting cells","BMP6_BMPR1A_BMPR2",0.0286937799607597,0,TRUE
3,"Fibrocytes","Inner hair cells","BMP6_BMPR1B_ACVR2A",0.016786405659515,0,TRUE
3,"Fibrocytes","Fibrocytes","BMP6_BMPR1B_BMPR2",0.00813357827508356,0,TRUE
3,"Fibrocytes","Glia/Schwann","BMP6_BMPR1B_BMPR2",0.010117856121527,0,TRUE
3,"Fibrocytes","Inner hair cells","BMP6_BMPR1B_BMPR2",0.0204637948187249,0,TRUE
3,"Inner hair cells","Inner hair cells","BMP8B_ACVR1_ACVR2A",0.00196495910754947,0,TRUE
3,"Inner hair cells","Spiral ganglion neurons","BMP8B_ACVR1_ACVR2A",0.00158188984136697,0,TRUE
3,"Inner hair cells","Supporting cells","BMP8B_ACVR1_ACVR2A",0.0016446847913282,0,TRUE
3,"Inner hair cells","Glia/Schwann","BMP8B_ACVR1_BMPR2",0.00201304740830876,0,TRUE
3,"Inner hair cells","Inner hair cells","BMP8B_ACVR1_BMPR2",0.0024033584355461,0,TRUE
3,"Inner hair cells","Spiral ganglion neurons","BMP8B_ACVR1_BMPR2",0.00297417284945872,0,TRUE
3,"Inner hair cells","Supporting cells","BMP8B_ACVR1_BMPR2",0.00423956877595539,0,TRUE
3,"Inner hair cells","Inner hair cells","BMP8B_BMPR1A_ACVR2A",0.00191716703147729,0,TRUE
3,"Inner hair cells","Spiral ganglion neurons","BMP8B_BMPR1A_ACVR2A",0.00182160140041574,0,TRUE
3,"Inner hair cells","Supporting cells","BMP8B_BMPR1A_ACVR2A",0.00265468663968497,0,TRUE
3,"Inner hair cells","Fibrocytes","BMP8B_BMPR1A_BMPR2",0.00248187694056066,0,TRUE
3,"Inner hair cells","Glia/Schwann","BMP8B_BMPR1A_BMPR2",0.00219054901888945,0,TRUE
3,"Inner hair cells","Inner hair cells","BMP8B_BMPR1A_BMPR2",0.00234492858780418,0,TRUE
3,"Inner hair cells","Spiral ganglion neurons","BMP8B_BMPR1A_BMPR2",0.0034241403421989,0,TRUE
3,"Inner hair cells","Supporting cells","BMP8B_BMPR1A_BMPR2",0.00683218517040776,0,TRUE
3,"Inner hair cells","Inner hair cells","BMP8B_BMPR1B_ACVR2A",0.00395997121548667,0,TRUE
3,"Inner hair cells","Fibrocytes","BMP8B_BMPR1B_BMPR2",0.00190592294478253,0,TRUE
3,"Inner hair cells","Glia/Schwann","BMP8B_BMPR1B_BMPR2",0.00237453149570203,0,TRUE
3,"Inner hair cells","Inner hair cells","BMP8B_BMPR1B_BMPR2",0.0048413158214849,0,TRUE
3,"Spiral ganglion neurons","Fibrocytes","NRG1_ERBB4",0.0750474377782351,0,TRUE
3,"Spiral ganglion neurons","Glia/Schwann","NRG1_ERBB4",0.0769019610872355,0,TRUE
3,"Spiral ganglion neurons","Inner hair cells","NRG1_ERBB4",0.0513499525801559,0,TRUE
3,"Spiral ganglion neurons","Macrophages/Microglia","NRG1_ERBB4",0.0315886355992199,0,TRUE
3,"Spiral ganglion neurons","Outer hair cells","NRG1_ERBB4",0.0254563900511238,0,TRUE
3,"Spiral ganglion neurons","Spiral ganglion neurons","NRG1_ERBB4",0.0570151508250889,0,TRUE
3,"Spiral ganglion neurons","Supporting cells","NRG1_ERBB4",0.112623588215934,0,TRUE
3,"Spiral ganglion neurons","Fibrocytes","NRG2_ERBB4",0.0243782323290959,0,TRUE
3,"Spiral ganglion neurons","Glia/Schwann","NRG2_ERBB4",0.0250145133380771,0,TRUE
3,"Spiral ganglion neurons","Inner hair cells","NRG2_ERBB4",0.0163967691080001,0,TRUE
3,"Spiral ganglion neurons","Macrophages/Microglia","NRG2_ERBB4",0.00994567665325468,0,TRUE
3,"Spiral ganglion neurons","Outer hair cells","NRG2_ERBB4",0.00798031709443842,0,TRUE
3,"Spiral ganglion neurons","Spiral ganglion neurons","NRG2_ERBB4",0.0182800549676411,0,TRUE
3,"Spiral ganglion neurons","Supporting cells","NRG2_ERBB4",0.0376161319161304,0,TRUE
3,"Spiral ganglion neurons","Fibrocytes","NRG3_ERBB4",0.195018144314004,0,TRUE
3,"Spiral ganglion neurons","Glia/Schwann","NRG3_ERBB4",0.199198837657351,0,TRUE
3,"Spiral ganglion neurons","Inner hair cells","NRG3_ERBB4",0.13913643177444,0,TRUE
3,"Spiral ganglion neurons","Macrophages/Microglia","NRG3_ERBB4",0.0887523628978654,0,TRUE
3,"Spiral ganglion neurons","Outer hair cells","NRG3_ERBB4",0.0723521126595439,0,TRUE
3,"Spiral ganglion neurons","Spiral ganglion neurons","NRG3_ERBB4",0.152925434366498,0,TRUE
3,"Spiral ganglion neurons","Supporting cells","NRG3_ERBB4",0.274816090751913,0,TRUE
3,"Spiral ganglion neurons","Fibrocytes","FGF1_FGFR1",0.00564082384251105,0,TRUE
3,"Spiral ganglion neurons","Glia/Schwann","FGF1_FGFR1",0.00418680889494384,0,TRUE
3,"Spiral ganglion neurons","Inner hair cells","FGF1_FGFR1",0.00219293210659273,0.01,TRUE
3,"Spiral ganglion neurons","Spiral ganglion neurons","FGF1_FGFR1",0.00214572477301853,0,TRUE
3,"Spiral ganglion neurons","Supporting cells","FGF1_FGFR1",0.00530634485749108,0,TRUE
3,"Spiral ganglion neurons","Fibrocytes","FGF1_FGFR2",0.00879443866422845,0.01,TRUE
3,"Spiral ganglion neurons","Glia/Schwann","FGF1_FGFR2",0.0360164231124058,0,TRUE
3,"Spiral ganglion neurons","Inner hair cells","FGF1_FGFR2",0.0193030555769223,0,TRUE
3,"Spiral ganglion neurons","Macrophages/Microglia","FGF1_FGFR2",0.0190613325417,0,TRUE
3,"Spiral ganglion neurons","Outer hair cells","FGF1_FGFR2",0.00829304024052456,0.01,TRUE
3,"Spiral ganglion neurons","Spiral ganglion neurons","FGF1_FGFR2",0.0196732291176498,0,TRUE
3,"Spiral ganglion neurons","Supporting cells","FGF1_FGFR2",0.0358931892520077,0,TRUE
3,"Spiral ganglion neurons","Supporting cells","FGF1_FGFR4",0.00301707133201143,0,TRUE
3,"Spiral ganglion neurons","Fibrocytes","FGF10_FGFR1",0.00562809215638499,0,TRUE
3,"Spiral ganglion neurons","Glia/Schwann","FGF10_FGFR1",0.00417734522293939,0,TRUE
3,"Spiral ganglion neurons","Inner hair cells","FGF10_FGFR1",0.00218796540047509,0,TRUE
3,"Spiral ganglion neurons","Spiral ganglion neurons","FGF10_FGFR1",0.00214086475597295,0,TRUE
3,"Spiral ganglion neurons","Supporting cells","FGF10_FGFR1",0.00529436409139386,0,TRUE
3,"Spiral ganglion neurons","Fibrocytes","FGF10_FGFR2",0.00877465188703737,0,TRUE
3,"Spiral ganglion neurons","Glia/Schwann","FGF10_FGFR2",0.0359376096767272,0,TRUE
3,"Spiral ganglion neurons","Inner hair cells","FGF10_FGFR2",0.0192600846767274,0,TRUE
3,"Spiral ganglion neurons","Macrophages/Microglia","FGF10_FGFR2",0.0190188893101804,0,TRUE
3,"Spiral ganglion neurons","Outer hair cells","FGF10_FGFR2",0.00827437215213108,0,TRUE
3,"Spiral ganglion neurons","Spiral ganglion neurons","FGF10_FGFR2",0.0196294506611172,0,TRUE
3,"Spiral ganglion neurons","Supporting cells","FGF10_FGFR2",0.0358146354656137,0,TRUE
3,"Spiral ganglion neurons","Fibrocytes","PDGFA_PDGFRA",0.00458543661711482,0,TRUE
3,"Spiral ganglion neurons","Inner hair cells","PDGFA_PDGFRA",0.00516318315154307,0,TRUE
3,"Spiral ganglion neurons","Outer hair cells","PDGFA_PDGFRA",0.00526769691783629,0,TRUE
3,"Spiral ganglion neurons","Supporting cells","PDGFA_PDGFRA",0.00555285237514058,0,TRUE
3,"Spiral ganglion neurons","Macrophages/Microglia","VEGFA_VEGFR1",0.00230931526432183,0,TRUE
3,"Spiral ganglion neurons","Spiral ganglion neurons","VEGFA_VEGFR1",0.00147762567464433,0,TRUE
3,"Spiral ganglion neurons","Supporting cells","VEGFA_VEGFR1",0.00369896366349184,0,TRUE
3,"Supporting cells","Fibrocytes","IGF1_IGF1R",0.00982676292874842,0,TRUE
3,"Supporting cells","Glia/Schwann","IGF1_IGF1R",0.0076795249159265,0,TRUE
3,"Supporting cells","Inner hair cells","IGF1_IGF1R",0.00472795955006433,0,TRUE
3,"Supporting cells","Macrophages/Microglia","IGF1_IGF1R",0.00697240230262426,0,TRUE
3,"Supporting cells","Outer hair cells","IGF1_IGF1R",0.0115980122764718,0,TRUE
3,"Supporting cells","Spiral ganglion neurons","IGF1_IGF1R",0.00503391700357159,0,TRUE
3,"Supporting cells","Supporting cells","IGF1_IGF1R",0.00683676855268862,0,TRUE
3,"Glia/Schwann","Macrophages/Microglia","SPP1_ITGAV_ITGB1",0.00314224721781646,0.17,FALSE
3,"Inner hair cells","Macrophages/Microglia","SPP1_ITGAV_ITGB1",0.00467094241016339,0.03,TRUE
3,"Spiral ganglion neurons","Macrophages/Microglia","SPP1_ITGAV_ITGB1",0.0205822400566481,0,TRUE
3,"Supporting cells","Macrophages/Microglia","SPP1_ITGAV_ITGB1",0.00450471644732794,0.03,TRUE
3,"Glia/Schwann","Supporting cells","SPP1_ITGAV_ITGB1",0.00231709471338674,0.18,FALSE
3,"Inner hair cells","Supporting cells","SPP1_ITGAV_ITGB1",0.00344574293442498,0,TRUE
3,"Spiral ganglion neurons","Supporting cells","SPP1_ITGAV_ITGB1",0.015247403547408,0,TRUE
3,"Supporting cells","Supporting cells","SPP1_ITGAV_ITGB1",0.00332297287668089,0,TRUE
3,"Glia/Schwann","Macrophages/Microglia","SPP1_ITGAV_ITGB5",0.0035529877503458,0.03,TRUE
3,"Inner hair cells","Macrophages/Microglia","SPP1_ITGAV_ITGB5",0.0052804486681727,0,TRUE
3,"Spiral ganglion neurons","Macrophages/Microglia","SPP1_ITGAV_ITGB5",0.0232195586478045,0,TRUE
3,"Supporting cells","Macrophages/Microglia","SPP1_ITGAV_ITGB5",0.00509264303910195,0,TRUE
3,"Glia/Schwann","Macrophages/Microglia","SPP1_ITGA9_ITGB1",0.00338667130993728,0,TRUE
3,"Inner hair cells","Macrophages/Microglia","SPP1_ITGA9_ITGB1",0.00503367774475378,0,TRUE
3,"Spiral ganglion neurons","Macrophages/Microglia","SPP1_ITGA9_ITGB1",0.0221531108565345,0,TRUE
3,"Supporting cells","Macrophages/Microglia","SPP1_ITGA9_ITGB1",0.00485460599238722,0,TRUE
3,"Glia/Schwann","Spiral ganglion neurons","SPP1_ITGA8_ITGB1",0.00249041180891473,0.75,FALSE
3,"Inner hair cells","Spiral ganglion neurons","SPP1_ITGA8_ITGB1",0.0037031687874667,0.52,FALSE
3,"Spiral ganglion neurons","Spiral ganglion neurons","SPP1_ITGA8_ITGB1",0.016372027432076,0,TRUE
3,"Supporting cells","Spiral ganglion neurons","SPP1_ITGA8_ITGB1",0.00357125964696734,0.75,FALSE
3,"Glia/Schwann","Supporting cells","SPP1_ITGA8_ITGB1",0.00372738658413082,0.78,FALSE
3,"Inner hair cells","Supporting cells","SPP1_ITGA8_ITGB1",0.0055391687748052,0.16,FALSE
3,"Spiral ganglion neurons","Supporting cells","SPP1_ITGA8_ITGB1",0.0243357175850602,0,TRUE
3,"Supporting cells","Supporting cells","SPP1_ITGA8_ITGB1",0.00534221086639228,0,TRUE
3,"Fibrocytes","Glia/Schwann","PTN_PTPRZ1",0.182997533770206,0,TRUE
3,"Glia/Schwann","Glia/Schwann","PTN_PTPRZ1",0.156126212428496,0,TRUE
3,"Inner hair cells","Glia/Schwann","PTN_PTPRZ1",0.153175970978122,0,TRUE
3,"Macrophages/Microglia","Glia/Schwann","PTN_PTPRZ1",0.157450120041152,0,TRUE
3,"Outer hair cells","Glia/Schwann","PTN_PTPRZ1",0.163449017251016,0,TRUE
3,"Spiral ganglion neurons","Glia/Schwann","PTN_PTPRZ1",0.151528816885918,0,TRUE
3,"Supporting cells","Glia/Schwann","PTN_PTPRZ1",0.216563667840741,0,TRUE
3,"Fibrocytes","Inner hair cells","PTN_PTPRZ1",0.0621845525347796,0,TRUE
3,"Glia/Schwann","Inner hair cells","PTN_PTPRZ1",0.0519258817476042,0,TRUE
3,"Inner hair cells","Inner hair cells","PTN_PTPRZ1",0.0508260702770104,0,TRUE
3,"Macrophages/Microglia","Inner hair cells","PTN_PTPRZ1",0.0524210872957802,0,TRUE
3,"Outer hair cells","Inner hair cells","PTN_PTPRZ1",0.0546780364939796,0,TRUE
3,"Spiral ganglion neurons","Inner hair cells","PTN_PTPRZ1",0.0502142573211715,0,TRUE
3,"Supporting cells","Inner hair cells","PTN_PTPRZ1",0.0756423788679946,0,TRUE
3,"Fibrocytes","Fibrocytes","PTN_SDC2",0.0380587116560193,0.05,FALSE
3,"Glia/Schwann","Fibrocytes","PTN_SDC2",0.0316458095921416,0.15,FALSE
3,"Inner hair cells","Fibrocytes","PTN_SDC2",0.0309615107558115,0.17,FALSE
3,"Macrophages/Microglia","Fibrocytes","PTN_SDC2",0.0319541272390319,0.17,FALSE
3,"Outer hair cells","Fibrocytes","PTN_SDC2",0.0333609109273292,0.12,FALSE
3,"Spiral ganglion neurons","Fibrocytes","PTN_SDC2",0.0305811111028045,0.18,FALSE
3,"Supporting cells","Fibrocytes","PTN_SDC2",0.0465544738544718,0,TRUE
3,"Fibrocytes","Supporting cells","PTN_SDC2",0.018673278681269,0.06,FALSE
3,"Glia/Schwann","Supporting cells","PTN_SDC2",0.0154742809422272,0.08,FALSE
3,"Inner hair cells","Supporting cells","PTN_SDC2",0.0151342048547393,0.08,FALSE
3,"Macrophages/Microglia","Supporting cells","PTN_SDC2",0.0156275858811247,0.07,FALSE
3,"Outer hair cells","Supporting cells","PTN_SDC2",0.0163277153213915,0.06,FALSE
3,"Spiral ganglion neurons","Supporting cells","PTN_SDC2",0.0149452637447315,0.08,FALSE
3,"Supporting cells","Supporting cells","PTN_SDC2",0.0229448928431499,0.01,TRUE
3,"Fibrocytes","Spiral ganglion neurons","PTN_NCL",0.0279793093287999,0.09,FALSE
3,"Glia/Schwann","Spiral ganglion neurons","PTN_NCL",0.0232237855913184,0.13,FALSE
3,"Inner hair cells","Spiral ganglion neurons","PTN_NCL",0.0227173295281839,0.13,FALSE
3,"Macrophages/Microglia","Spiral ganglion neurons","PTN_NCL",0.0234520366635185,0.12,FALSE
3,"Outer hair cells","Spiral ganglion neurons","PTN_NCL",0.0244939858173937,0.13,FALSE
3,"Spiral ganglion neurons","Spiral ganglion neurons","PTN_NCL",0.0224358744920169,0.12,FALSE
3,"Supporting cells","Spiral ganglion neurons","PTN_NCL",0.0343053096994769,0.07,FALSE
3,"Fibrocytes","Inner hair cells","PTN_ALK",0.273581784835085,0,TRUE
3,"Glia/Schwann","Inner hair cells","PTN_ALK",0.237272045511496,0,TRUE
3,"Inner hair cells","Inner hair cells","PTN_ALK",0.23321219225046,0,TRUE
3,"Macrophages/Microglia","Inner hair cells","PTN_ALK",0.239089094420536,0,TRUE
3,"Outer hair cells","Inner hair cells","PTN_ALK",0.247285548907177,0,TRUE
3,"Spiral ganglion neurons","Inner hair cells","PTN_ALK",0.230939092584089,0,TRUE
3,"Supporting cells","Inner hair cells","PTN_ALK",0.317310127597561,0,TRUE
3,"Inner hair cells","Inner hair cells","NTF3_NTRK2",0.00291177001047308,0,TRUE
3,"Inner hair cells","Spiral ganglion neurons","NTF3_NTRK2",0.0366342783747216,0,TRUE
3,"Inner hair cells","Spiral ganglion neurons","NTF3_NTRK3",0.0232908117666364,0,TRUE
3,"Glia/Schwann","Spiral ganglion neurons","SEMA3A_NRP1_PLXNA1",0.00569540011386282,0,TRUE
3,"Inner hair cells","Spiral ganglion neurons","SEMA3A_NRP1_PLXNA1",0.00967555467750517,0,TRUE
3,"Outer hair cells","Spiral ganglion neurons","SEMA3A_NRP1_PLXNA1",0.0180677650539098,0,TRUE
3,"Spiral ganglion neurons","Spiral ganglion neurons","SEMA3A_NRP1_PLXNA1",0.00178321816600824,0,TRUE
3,"Glia/Schwann","Spiral ganglion neurons","SEMA3A_NRP1_PLXNA2",0.00664254991927436,0,TRUE
3,"Inner hair cells","Spiral ganglion neurons","SEMA3A_NRP1_PLXNA2",0.0112771004148941,0,TRUE
3,"Outer hair cells","Spiral ganglion neurons","SEMA3A_NRP1_PLXNA2",0.0210289339044941,0,TRUE
3,"Spiral ganglion neurons","Spiral ganglion neurons","SEMA3A_NRP1_PLXNA2",0.00208113057677553,0.04,TRUE
3,"Glia/Schwann","Supporting cells","SEMA3A_NRP1_PLXNA2",0.0072740853064391,0,TRUE
3,"Inner hair cells","Supporting cells","SEMA3A_NRP1_PLXNA2",0.0123437868011701,0,TRUE
3,"Outer hair cells","Supporting cells","SEMA3A_NRP1_PLXNA2",0.0229965793512996,0,TRUE
3,"Spiral ganglion neurons","Supporting cells","SEMA3A_NRP1_PLXNA2",0.00227998786745248,0.03,TRUE
3,"Glia/Schwann","Macrophages/Microglia","SEMA3A_NRP1_PLXNA4",0.0125928719220805,0,TRUE
3,"Inner hair cells","Macrophages/Microglia","SEMA3A_NRP1_PLXNA4",0.0212900227272772,0,TRUE
3,"Outer hair cells","Macrophages/Microglia","SEMA3A_NRP1_PLXNA4",0.0393558413122446,0,TRUE
3,"Spiral ganglion neurons","Macrophages/Microglia","SEMA3A_NRP1_PLXNA4",0.00396168003826874,0,TRUE
3,"Glia/Schwann","Spiral ganglion neurons","SEMA3A_NRP1_PLXNA4",0.0132521289066323,0,TRUE
3,"Inner hair cells","Spiral ganglion neurons","SEMA3A_NRP1_PLXNA4",0.022394263100583,0,TRUE
3,"Outer hair cells","Spiral ganglion neurons","SEMA3A_NRP1_PLXNA4",0.0413574982019192,0,TRUE
3,"Spiral ganglion neurons","Spiral ganglion neurons","SEMA3A_NRP1_PLXNA4",0.00417098904975768,0,TRUE
3,"Spiral ganglion neurons","Macrophages/Microglia","GAS6_AXL",0.00190967167852957,0,TRUE
3,"Spiral ganglion neurons","Fibrocytes","GAS6_MERTK",0.00223070400337621,0,TRUE
3,"Spiral ganglion neurons","Macrophages/Microglia","GAS6_MERTK",0.0175683364247855,0,TRUE
3,"Spiral ganglion neurons","Spiral ganglion neurons","GAS6_MERTK",0.00142656771346004,0,TRUE
3,"Spiral ganglion neurons","Supporting cells","GAS6_MERTK",0.00450590503405568,0,TRUE
3,"Macrophages/Microglia","Inner hair cells","GRN_SORT1",0.00661088045763683,0,TRUE
3,"Macrophages/Microglia","Spiral ganglion neurons","GRN_SORT1",0.00205284584462324,0,TRUE
3,"Supporting cells","Macrophages/Microglia","PROS1_AXL",0.000620854689565836,0,TRUE
3,"Fibrocytes","Spiral ganglion neurons","FN1_ITGA3_ITGB1",0.00197368542385882,0,TRUE
3,"Glia/Schwann","Spiral ganglion neurons","FN1_ITGA3_ITGB1",0.00266281233675899,0,TRUE
3,"Inner hair cells","Spiral ganglion neurons","FN1_ITGA3_ITGB1",0.00351882234958494,0,TRUE
3,"Macrophages/Microglia","Spiral ganglion neurons","FN1_ITGA3_ITGB1",0.00494665838688936,0,TRUE
3,"Outer hair cells","Spiral ganglion neurons","FN1_ITGA3_ITGB1",0.00379886243097419,0,TRUE
3,"Spiral ganglion neurons","Spiral ganglion neurons","FN1_ITGA3_ITGB1",0.00324352595468653,0,TRUE
3,"Supporting cells","Spiral ganglion neurons","FN1_ITGA3_ITGB1",0.0131469364526581,0,TRUE
3,"Fibrocytes","Spiral ganglion neurons","FN1_ITGA8_ITGB1",0.00258479743600944,0.79,FALSE
3,"Glia/Schwann","Spiral ganglion neurons","FN1_ITGA8_ITGB1",0.00348655323110669,0.79,FALSE
3,"Inner hair cells","Spiral ganglion neurons","FN1_ITGA8_ITGB1",0.00460614691359398,0.79,FALSE
3,"Macrophages/Microglia","Spiral ganglion neurons","FN1_ITGA8_ITGB1",0.00647232201520068,0.79,FALSE
3,"Outer hair cells","Spiral ganglion neurons","FN1_ITGA8_ITGB1",0.00497228826655752,0.79,FALSE
3,"Spiral ganglion neurons","Spiral ganglion neurons","FN1_ITGA8_ITGB1",0.0042461457544058,0.79,FALSE
3,"Supporting cells","Spiral ganglion neurons","FN1_ITGA8_ITGB1",0.0171581437840879,0.7,FALSE
3,"Fibrocytes","Supporting cells","FN1_ITGA8_ITGB1",0.00386847125818553,1,FALSE
3,"Glia/Schwann","Supporting cells","FN1_ITGA8_ITGB1",0.00521571927496608,1,FALSE
3,"Inner hair cells","Supporting cells","FN1_ITGA8_ITGB1",0.0068867412952004,1,FALSE
3,"Macrophages/Microglia","Supporting cells","FN1_ITGA8_ITGB1",0.00966792227073758,0.9,FALSE
3,"Outer hair cells","Supporting cells","FN1_ITGA8_ITGB1",0.00743281278516378,1,FALSE
3,"Spiral ganglion neurons","Supporting cells","FN1_ITGA8_ITGB1",0.00634963346572282,1,FALSE
3,"Supporting cells","Supporting cells","FN1_ITGA8_ITGB1",0.0254943062111856,0,TRUE
3,"Fibrocytes","Spiral ganglion neurons","LAMA2_ITGA3_ITGB1",0.00534664668192466,0,TRUE
3,"Glia/Schwann","Spiral ganglion neurons","LAMA2_ITGA3_ITGB1",0.0044539421046624,0,TRUE
3,"Inner hair cells","Spiral ganglion neurons","LAMA2_ITGA3_ITGB1",0.00290504575782579,0,TRUE
3,"Spiral ganglion neurons","Spiral ganglion neurons","LAMA2_ITGA3_ITGB1",0.00332659396561593,0,TRUE
3,"Supporting cells","Spiral ganglion neurons","LAMA2_ITGA3_ITGB1",0.0106157730816932,0,TRUE
3,"Supporting cells","Spiral ganglion neurons","LAMA4_ITGA3_ITGB1",0.00161092691034116,0,TRUE
3,"Outer hair cells","Spiral ganglion neurons","LAMA5_ITGA3_ITGB1",0.00443066205862819,0,TRUE
3,"Glia/Schwann","Spiral ganglion neurons","LAMB1_ITGA3_ITGB1",0.00252940459153224,0,TRUE
3,"Fibrocytes","Spiral ganglion neurons","LAMC1_ITGA3_ITGB1",0.00261970261892395,0,TRUE
3,"Glia/Schwann","Spiral ganglion neurons","LAMC1_ITGA3_ITGB1",0.0030194771700643,0,TRUE
3,"Macrophages/Microglia","Spiral ganglion neurons","LAMC1_ITGA3_ITGB1",0.0023695280502726,0,TRUE
3,"Spiral ganglion neurons","Spiral ganglion neurons","LAMC1_ITGA3_ITGB1",0.00289640869416051,0,TRUE
3,"Supporting cells","Spiral ganglion neurons","LAMC1_ITGA3_ITGB1",0.0040042179792698,0,TRUE
3,"Supporting cells","Spiral ganglion neurons","LAMC3_ITGA3_ITGB1",0.00116738748561954,0,TRUE
3,"Spiral ganglion neurons","Spiral ganglion neurons","COL1A2_ITGA3_ITGB1",0.00100599114188636,0,TRUE
3,"Supporting cells","Spiral ganglion neurons","COL1A2_ITGA3_ITGB1",0.0014119183955556,0,TRUE
3,"Glia/Schwann","Spiral ganglion neurons","COL4A3_ITGA3_ITGB1",0.00192228686254691,0,TRUE
3,"Fibrocytes","Spiral ganglion neurons","COL4A5_ITGA3_ITGB1",0.00282770693972686,0,TRUE
3,"Fibrocytes","Macrophages/Microglia","LAMA2_ITGA6_ITGB1",0.00855377255912513,0,TRUE
3,"Glia/Schwann","Macrophages/Microglia","LAMA2_ITGA6_ITGB1",0.00712942736023761,0,TRUE
3,"Inner hair cells","Macrophages/Microglia","LAMA2_ITGA6_ITGB1",0.00465445818988155,0,TRUE
3,"Spiral ganglion neurons","Macrophages/Microglia","LAMA2_ITGA6_ITGB1",0.00532850522878788,0,TRUE
3,"Supporting cells","Macrophages/Microglia","LAMA2_ITGA6_ITGB1",0.0169297289924492,0,TRUE
3,"Supporting cells","Macrophages/Microglia","LAMA4_ITGA6_ITGB1",0.00258304257059889,0,TRUE
3,"Outer hair cells","Macrophages/Microglia","LAMA5_ITGA6_ITGB1",0.00709226260317685,0,TRUE
3,"Glia/Schwann","Macrophages/Microglia","LAMB1_ITGA6_ITGB1",0.00405352632605179,0,TRUE
3,"Fibrocytes","Macrophages/Microglia","LAMC1_ITGA6_ITGB1",0.0041980054718908,0,TRUE
3,"Glia/Schwann","Macrophages/Microglia","LAMC1_ITGA6_ITGB1",0.00483746563467141,0,TRUE
3,"Macrophages/Microglia","Macrophages/Microglia","LAMC1_ITGA6_ITGB1",0.00379768112100606,0,TRUE
3,"Spiral ganglion neurons","Macrophages/Microglia","LAMC1_ITGA6_ITGB1",0.00464064411202392,0,TRUE
3,"Supporting cells","Macrophages/Microglia","LAMC1_ITGA6_ITGB1",0.00641129348377296,0,TRUE
3,"Supporting cells","Macrophages/Microglia","LAMC3_ITGA6_ITGB1",0.00187235073142285,0,TRUE
3,"Spiral ganglion neurons","Macrophages/Microglia","COL1A2_ITGA9_ITGB1",0.00179291120488844,0,TRUE
3,"Supporting cells","Macrophages/Microglia","COL1A2_ITGA9_ITGB1",0.00251556881894463,0,TRUE
3,"Glia/Schwann","Macrophages/Microglia","COL4A3_ITGA9_ITGB1",0.00342350792187052,0,TRUE
3,"Fibrocytes","Macrophages/Microglia","COL4A5_ITGA9_ITGB1",0.00503245578458416,0,TRUE
3,"Fibrocytes","Macrophages/Microglia","LAMA2_ITGA9_ITGB1",0.009496695699499,0,TRUE
3,"Glia/Schwann","Macrophages/Microglia","LAMA2_ITGA9_ITGB1",0.00791659186382446,0,TRUE
3,"Inner hair cells","Macrophages/Microglia","LAMA2_ITGA9_ITGB1",0.00516978266378952,0,TRUE
3,"Spiral ganglion neurons","Macrophages/Microglia","LAMA2_ITGA9_ITGB1",0.00591801399428534,0,TRUE
3,"Supporting cells","Macrophages/Microglia","LAMA2_ITGA9_ITGB1",0.0187784855820942,0,TRUE
3,"Supporting cells","Macrophages/Microglia","LAMA4_ITGA9_ITGB1",0.00286968874430844,0,TRUE
3,"Outer hair cells","Macrophages/Microglia","LAMA5_ITGA9_ITGB1",0.00787535627050655,0,TRUE
3,"Glia/Schwann","Macrophages/Microglia","LAMB1_ITGA9_ITGB1",0.00450261880996025,0,TRUE
3,"Fibrocytes","Macrophages/Microglia","LAMC1_ITGA9_ITGB1",0.00466302993785745,0,TRUE
3,"Glia/Schwann","Macrophages/Microglia","LAMC1_ITGA9_ITGB1",0.00537294264390107,0,TRUE
3,"Macrophages/Microglia","Macrophages/Microglia","LAMC1_ITGA9_ITGB1",0.00421854843176269,0,TRUE
3,"Spiral ganglion neurons","Macrophages/Microglia","LAMC1_ITGA9_ITGB1",0.00515444706239446,0,TRUE
3,"Supporting cells","Macrophages/Microglia","LAMC1_ITGA9_ITGB1",0.00711973695472073,0,TRUE
3,"Supporting cells","Macrophages/Microglia","LAMC3_ITGA9_ITGB1",0.00208029428920121,0,TRUE
3,"Spiral ganglion neurons","Spiral ganglion neurons","COL1A2_ITGA10_ITGB1",0.000601077516555872,0.04,TRUE
3,"Supporting cells","Spiral ganglion neurons","COL1A2_ITGA10_ITGB1",0.000843756163923732,0,TRUE
3,"Glia/Schwann","Spiral ganglion neurons","COL4A3_ITGA10_ITGB1",0.00114898639983317,0,TRUE
3,"Fibrocytes","Spiral ganglion neurons","COL4A5_ITGA10_ITGB1",0.00169078974952005,0,TRUE
3,"Fibrocytes","Macrophages/Microglia","FN1_ITGAV_ITGB1",0.00326125638206439,0.45,FALSE
3,"Glia/Schwann","Macrophages/Microglia","FN1_ITGAV_ITGB1",0.00439796716842687,0.44,FALSE
3,"Inner hair cells","Macrophages/Microglia","FN1_ITGAV_ITGB1",0.00580852599172021,0.45,FALSE
3,"Macrophages/Microglia","Macrophages/Microglia","FN1_ITGAV_ITGB1",0.00815785116232864,0.42,FALSE
3,"Outer hair cells","Macrophages/Microglia","FN1_ITGAV_ITGB1",0.00626964212219272,0.43,FALSE
3,"Spiral ganglion neurons","Macrophages/Microglia","FN1_ITGAV_ITGB1",0.005355056437939,0.43,FALSE
3,"Supporting cells","Macrophages/Microglia","FN1_ITGAV_ITGB1",0.0215660809318705,0,TRUE
3,"Fibrocytes","Supporting cells","FN1_ITGAV_ITGB1",0.00240492752736107,0.56,FALSE
3,"Glia/Schwann","Supporting cells","FN1_ITGAV_ITGB1",0.00324413638094782,0.56,FALSE
3,"Inner hair cells","Supporting cells","FN1_ITGAV_ITGB1",0.00428622056630585,0.55,FALSE
3,"Macrophages/Microglia","Supporting cells","FN1_ITGAV_ITGB1",0.00602356225161523,0.47,FALSE
3,"Outer hair cells","Supporting cells","FN1_ITGAV_ITGB1",0.00462704927614283,0.52,FALSE
3,"Spiral ganglion neurons","Supporting cells","FN1_ITGAV_ITGB1",0.00395112453628116,0.51,FALSE
3,"Supporting cells","Supporting cells","FN1_ITGAV_ITGB1",0.0159803974598557,0,TRUE
3,"Fibrocytes","Supporting cells","FN1_ITGAV_ITGB8",0.00265826472781953,0.56,FALSE
3,"Glia/Schwann","Supporting cells","FN1_ITGAV_ITGB8",0.00358555884864772,0.56,FALSE
3,"Inner hair cells","Supporting cells","FN1_ITGAV_ITGB8",0.00473679385843603,0.55,FALSE
3,"Macrophages/Microglia","Supporting cells","FN1_ITGAV_ITGB8",0.00665554650085511,0.47,FALSE
3,"Outer hair cells","Supporting cells","FN1_ITGAV_ITGB8",0.00511326695369695,0.52,FALSE
3,"Spiral ganglion neurons","Supporting cells","FN1_ITGAV_ITGB8",0.00436662656118818,0.51,FALSE
3,"Supporting cells","Supporting cells","FN1_ITGAV_ITGB8",0.0176385019292586,0,TRUE
3,"Fibrocytes","Supporting cells","LAMA2_ITGAV_ITGB8",0.00719271716696447,0.19,FALSE
3,"Glia/Schwann","Supporting cells","LAMA2_ITGAV_ITGB8",0.00599364018816553,0.26,FALSE
3,"Inner hair cells","Supporting cells","LAMA2_ITGAV_ITGB8",0.00391140440780627,0.45,FALSE
3,"Spiral ganglion neurons","Supporting cells","LAMA2_ITGAV_ITGB8",0.00447832840308489,0.31,FALSE
3,"Supporting cells","Supporting cells","LAMA2_ITGAV_ITGB8",0.0142550744051162,0,TRUE
3,"Supporting cells","Supporting cells","LAMA4_ITGAV_ITGB8",0.00216995579894125,0,TRUE
3,"Outer hair cells","Supporting cells","LAMA5_ITGAV_ITGB8",0.0059623605837649,0,TRUE
3,"Glia/Schwann","Supporting cells","LAMB1_ITGAV_ITGB8",0.00340607909269779,0,TRUE
3,"Fibrocytes","Supporting cells","LAMC1_ITGAV_ITGB8",0.00352756312385678,0.19,FALSE
3,"Glia/Schwann","Supporting cells","LAMC1_ITGAV_ITGB8",0.0040653152394095,0.01,TRUE
3,"Macrophages/Microglia","Supporting cells","LAMC1_ITGAV_ITGB8",0.0031909676916774,0.36,FALSE
3,"Spiral ganglion neurons","Supporting cells","LAMC1_ITGAV_ITGB8",0.00389978701652912,0.09,FALSE
3,"Supporting cells","Supporting cells","LAMC1_ITGAV_ITGB8",0.00538929103508131,0,TRUE
3,"Supporting cells","Supporting cells","LAMC3_ITGAV_ITGB8",0.00157274040187158,0,TRUE
3,"Spiral ganglion neurons","Supporting cells","COL1A2_ITGAV_ITGB8",0.00135537831962865,0.12,FALSE
3,"Supporting cells","Supporting cells","COL1A2_ITGAV_ITGB8",0.00190201829408255,0,TRUE
3,"Glia/Schwann","Supporting cells","COL4A3_ITGAV_ITGB8",0.00258908465472362,0,TRUE
3,"Fibrocytes","Supporting cells","COL4A5_ITGAV_ITGB8",0.00380737637331242,0,TRUE
3,"Fibrocytes","Spiral ganglion neurons","LAMA2_SV2A",0.0062761875930739,0,TRUE
3,"Glia/Schwann","Spiral ganglion neurons","LAMA2_SV2A",0.00522909784376758,0,TRUE
3,"Inner hair cells","Spiral ganglion neurons","LAMA2_SV2A",0.00341155823664528,0,TRUE
3,"Spiral ganglion neurons","Spiral ganglion neurons","LAMA2_SV2A",0.00390631800133704,0,TRUE
3,"Supporting cells","Spiral ganglion neurons","LAMA2_SV2A",0.0124499114035663,0,TRUE
3,"Supporting cells","Spiral ganglion neurons","LAMA4_SV2A",0.00189223006260123,0,TRUE
3,"Outer hair cells","Spiral ganglion neurons","LAMA5_SV2A",0.00520178735207088,0,TRUE
3,"Glia/Schwann","Spiral ganglion neurons","LAMB1_SV2A",0.00297061686609377,0,TRUE
3,"Fibrocytes","Spiral ganglion neurons","LAMC1_SV2A",0.00307661728964935,0,TRUE
3,"Glia/Schwann","Spiral ganglion neurons","LAMC1_SV2A",0.00354587051215075,0,TRUE
3,"Macrophages/Microglia","Spiral ganglion neurons","LAMC1_SV2A",0.00278293034601066,0,TRUE
3,"Spiral ganglion neurons","Spiral ganglion neurons","LAMC1_SV2A",0.00340142038536141,0,TRUE
3,"Supporting cells","Spiral ganglion neurons","LAMC1_SV2A",0.00470147420084097,0,TRUE
3,"Supporting cells","Spiral ganglion neurons","LAMC3_SV2A",0.00137134531574671,0,TRUE
3,"Fibrocytes","Spiral ganglion neurons","LAMA2_SV2B",0.0060018909534197,0,TRUE
3,"Glia/Schwann","Spiral ganglion neurons","LAMA2_SV2B",0.00500033329873902,0,TRUE
3,"Inner hair cells","Spiral ganglion neurons","LAMA2_SV2B",0.00326204735675759,0,TRUE
3,"Spiral ganglion neurons","Spiral ganglion neurons","LAMA2_SV2B",0.00373520563723387,0,TRUE
3,"Supporting cells","Spiral ganglion neurons","LAMA2_SV2B",0.01190902980769,0,TRUE
3,"Supporting cells","Spiral ganglion neurons","LAMA4_SV2B",0.00180918257062362,0,TRUE
3,"Outer hair cells","Spiral ganglion neurons","LAMA5_SV2B",0.00497421162235795,0,TRUE
3,"Glia/Schwann","Spiral ganglion neurons","LAMB1_SV2B",0.00284037508070156,0,TRUE
3,"Fibrocytes","Spiral ganglion neurons","LAMC1_SV2B",0.00294174180315286,0,TRUE
3,"Glia/Schwann","Spiral ganglion neurons","LAMC1_SV2B",0.00339049344823933,0,TRUE
3,"Macrophages/Microglia","Spiral ganglion neurons","LAMC1_SV2B",0.00266089540457493,0,TRUE
3,"Spiral ganglion neurons","Spiral ganglion neurons","LAMC1_SV2B",0.00325235234491336,0,TRUE
3,"Supporting cells","Spiral ganglion neurons","LAMC1_SV2B",0.00449568801596863,0,TRUE
3,"Supporting cells","Spiral ganglion neurons","LAMC3_SV2B",0.00131112874064966,0,TRUE
3,"Fibrocytes","Spiral ganglion neurons","LAMA2_SV2C",0.0105109079646677,0,TRUE
3,"Glia/Schwann","Spiral ganglion neurons","LAMA2_SV2C",0.00876354785671845,0,TRUE
3,"Inner hair cells","Spiral ganglion neurons","LAMA2_SV2C",0.00572456716477412,0,TRUE
3,"Spiral ganglion neurons","Spiral ganglion neurons","LAMA2_SV2C",0.00655256451655349,0,TRUE
3,"Supporting cells","Spiral ganglion neurons","LAMA2_SV2C",0.0207631798942431,0,TRUE
3,"Supporting cells","Spiral ganglion neurons","LAMA4_SV2C",0.00317843204695843,0,TRUE
3,"Outer hair cells","Spiral ganglion neurons","LAMA5_SV2C",0.00871793944335907,0,TRUE
3,"Glia/Schwann","Spiral ganglion neurons","LAMB1_SV2C",0.00498616684738105,0,TRUE
3,"Fibrocytes","Spiral ganglion neurons","LAMC1_SV2C",0.00516371558928957,0,TRUE
3,"Glia/Schwann","Spiral ganglion neurons","LAMC1_SV2C",0.00594939845566915,0,TRUE
3,"Macrophages/Microglia","Spiral ganglion neurons","LAMC1_SV2C",0.00467173257204819,0,TRUE
3,"Spiral ganglion neurons","Spiral ganglion neurons","LAMC1_SV2C",0.00570759529698058,0,TRUE
3,"Supporting cells","Spiral ganglion neurons","LAMC1_SV2C",0.00788211880857773,0,TRUE
3,"Supporting cells","Spiral ganglion neurons","LAMC3_SV2C",0.00230430469890109,0,TRUE
3,"Glia/Schwann","Spiral ganglion neurons","AGRN_DAG1",0.00144062798294368,0,TRUE
3,"Spiral ganglion neurons","Spiral ganglion neurons","AGRN_DAG1",0.00151463332552749,0.01,TRUE
3,"Fibrocytes","Spiral ganglion neurons","LAMA2_DAG1",0.00367584829233182,0.19,FALSE
3,"Glia/Schwann","Spiral ganglion neurons","LAMA2_DAG1",0.0030612505303753,0.21,FALSE
3,"Inner hair cells","Spiral ganglion neurons","LAMA2_DAG1",0.0019957036701422,0.24,FALSE
3,"Spiral ganglion neurons","Spiral ganglion neurons","LAMA2_DAG1",0.00228560065321027,0.24,FALSE
3,"Supporting cells","Spiral ganglion neurons","LAMA2_DAG1",0.00731050296167324,0.09,FALSE
3,"Supporting cells","Spiral ganglion neurons","LAMA4_DAG1",0.00110622256008915,0.02,TRUE
3,"Outer hair cells","Spiral ganglion neurons","LAMA5_DAG1",0.00304522759486233,0,TRUE
3,"Glia/Schwann","Spiral ganglion neurons","LAMB1_DAG1",0.00173744141469977,0,TRUE
3,"Fibrocytes","Spiral ganglion neurons","LAMC1_DAG1",0.0017995179000982,0.23,FALSE
3,"Glia/Schwann","Spiral ganglion neurons","LAMC1_DAG1",0.00207439009809135,0.22,FALSE
3,"Macrophages/Microglia","Spiral ganglion neurons","LAMC1_DAG1",0.00162754095797281,0.23,FALSE
3,"Spiral ganglion neurons","Spiral ganglion neurons","LAMC1_DAG1",0.00198976479883723,0.22,FALSE
3,"Supporting cells","Spiral ganglion neurons","LAMC1_DAG1",0.00275176077999578,0.17,FALSE
3,"Supporting cells","Spiral ganglion neurons","LAMC3_DAG1",0.000801532736850324,0,TRUE
3,"Glia/Schwann","Glia/Schwann","CADM1_CADM1",0.00709384258198592,0.03,TRUE
3,"Spiral ganglion neurons","Glia/Schwann","CADM1_CADM1",0.0371702222475952,0,TRUE
3,"Supporting cells","Glia/Schwann","CADM1_CADM1",0.0054101039798636,0.05,FALSE
3,"Glia/Schwann","Spiral ganglion neurons","CADM1_CADM1",0.0371702222475952,0,TRUE
3,"Spiral ganglion neurons","Spiral ganglion neurons","CADM1_CADM1",0.172597590055473,0,TRUE
3,"Supporting cells","Spiral ganglion neurons","CADM1_CADM1",0.0285530789918597,0,TRUE
3,"Glia/Schwann","Supporting cells","CADM1_CADM1",0.0054101039798636,0.05,FALSE
3,"Spiral ganglion neurons","Supporting cells","CADM1_CADM1",0.0285530789918597,0,TRUE
3,"Supporting cells","Supporting cells","CADM1_CADM1",0.00412434428623077,0.89,FALSE
3,"Spiral ganglion neurons","Spiral ganglion neurons","CADM3_CADM3",0.00267697807475271,0,TRUE
3,"Macrophages/Microglia","Macrophages/Microglia","PTPRC_MRC1",0.064301160086734,0,TRUE
3,"Spiral ganglion neurons","Spiral ganglion neurons","CDH4_CDH4",0.00709193504790741,0,TRUE
3,"Inner hair cells","Inner hair cells","CDH2_CDH2",0.00200537948833428,0,TRUE
3,"Spiral ganglion neurons","Inner hair cells","CDH2_CDH2",0.0107638456029252,0,TRUE
3,"Inner hair cells","Spiral ganglion neurons","CDH2_CDH2",0.0107638456029252,0,TRUE
3,"Spiral ganglion neurons","Spiral ganglion neurons","CDH2_CDH2",0.0556420631388228,0,TRUE
3,"Supporting cells","Supporting cells","CLDN11_CLDN11",0.0040171343767245,0,TRUE
3,"Glia/Schwann","Spiral ganglion neurons","NFASC_CNTN1_CNTNAP1",0.00805720492148335,0,TRUE
3,"Inner hair cells","Spiral ganglion neurons","NFASC_CNTN1_CNTNAP1",0.0661924914601508,0,TRUE
3,"Spiral ganglion neurons","Spiral ganglion neurons","NFASC_CNTN1_CNTNAP1",0.0458490194624682,0,TRUE
3,"Spiral ganglion neurons","Spiral ganglion neurons","CNTN2_CNTN2_CNTNAP2",0.00816031931917812,0,TRUE
3,"Spiral ganglion neurons","Spiral ganglion neurons","CNTN2_CNTN2",0.00228144388058201,0,TRUE
3,"Spiral ganglion neurons","Spiral ganglion neurons","CNTN1_NRCAM",0.0160996263470329,0,TRUE
3,"Fibrocytes","Fibrocytes","EFNA5_EPHA3",0.0195886604058336,0.93,FALSE
3,"Glia/Schwann","Fibrocytes","EFNA5_EPHA3",0.0402879906420968,0.01,TRUE
3,"Inner hair cells","Fibrocytes","EFNA5_EPHA3",0.00630028328586869,0.91,FALSE
3,"Outer hair cells","Fibrocytes","EFNA5_EPHA3",0.0139887148046269,0.88,FALSE
3,"Spiral ganglion neurons","Fibrocytes","EFNA5_EPHA3",0.00555826726579593,0.82,FALSE
3,"Supporting cells","Fibrocytes","EFNA5_EPHA3",0.00569871634451197,1,FALSE
3,"Fibrocytes","Glia/Schwann","EFNA5_EPHA3",0.018206707015392,0.94,FALSE
3,"Glia/Schwann","Glia/Schwann","EFNA5_EPHA3",0.0375015857256567,0.07,FALSE
3,"Inner hair cells","Glia/Schwann","EFNA5_EPHA3",0.00585021283667984,0.91,FALSE
3,"Outer hair cells","Glia/Schwann","EFNA5_EPHA3",0.0129965928380677,0.89,FALSE
3,"Spiral ganglion neurons","Glia/Schwann","EFNA5_EPHA3",0.00516092857479953,0.82,FALSE
3,"Supporting cells","Glia/Schwann","EFNA5_EPHA3",0.00529139092395186,1,FALSE
3,"Fibrocytes","Inner hair cells","EFNA5_EPHA3",0.0161387443007405,0.95,FALSE
3,"Glia/Schwann","Inner hair cells","EFNA5_EPHA3",0.0333164320417105,0.36,FALSE
3,"Inner hair cells","Inner hair cells","EFNA5_EPHA3",0.00517832876410194,0.91,FALSE
3,"Outer hair cells","Inner hair cells","EFNA5_EPHA3",0.0115134679865921,0.89,FALSE
3,"Spiral ganglion neurons","Inner hair cells","EFNA5_EPHA3",0.00456784355202366,0.82,FALSE
3,"Supporting cells","Inner hair cells","EFNA5_EPHA3",0.00468338397264794,1,FALSE
3,"Fibrocytes","Macrophages/Microglia","EFNA5_EPHA3",0.0212821168450927,0.9,FALSE
3,"Glia/Schwann","Macrophages/Microglia","EFNA5_EPHA3",0.0436911754948752,0.04,TRUE
3,"Inner hair cells","Macrophages/Microglia","EFNA5_EPHA3",0.00685297810148559,0.91,FALSE
3,"Outer hair cells","Macrophages/Microglia","EFNA5_EPHA3",0.0152055595552369,0.87,FALSE
3,"Spiral ganglion neurons","Macrophages/Microglia","EFNA5_EPHA3",0.00604626450455557,0.82,FALSE
3,"Supporting cells","Macrophages/Microglia","EFNA5_EPHA3",0.00619896767524501,1,FALSE
3,"Fibrocytes","Outer hair cells","EFNA5_EPHA3",0.0171733783266608,0.95,FALSE
3,"Glia/Schwann","Outer hair cells","EFNA5_EPHA3",0.0354126678908178,0.14,FALSE
3,"Inner hair cells","Outer hair cells","EFNA5_EPHA3",0.00551424290897935,0.91,FALSE
3,"Outer hair cells","Outer hair cells","EFNA5_EPHA3",0.0122552750789179,0.89,FALSE
3,"Spiral ganglion neurons","Outer hair cells","EFNA5_EPHA3",0.00486434963695887,0.82,FALSE
3,"Supporting cells","Outer hair cells","EFNA5_EPHA3",0.00498735239608995,1,FALSE
3,"Fibrocytes","Spiral ganglion neurons","EFNA5_EPHA3",0.0229765819297946,0.86,FALSE
3,"Glia/Schwann","Spiral ganglion neurons","EFNA5_EPHA3",0.0470839982876581,0,TRUE
3,"Inner hair cells","Spiral ganglion neurons","EFNA5_EPHA3",0.00740730154729935,0.9,FALSE
3,"Outer hair cells","Spiral ganglion neurons","EFNA5_EPHA3",0.0164243330766473,0.86,FALSE
3,"Spiral ganglion neurons","Spiral ganglion neurons","EFNA5_EPHA3",0.00653576395378493,0.82,FALSE
3,"Supporting cells","Spiral ganglion neurons","EFNA5_EPHA3",0.00670074647528692,1,FALSE
3,"Fibrocytes","Supporting cells","EFNA5_EPHA3",0.0859745802848906,0,TRUE
3,"Glia/Schwann","Supporting cells","EFNA5_EPHA3",0.165016683718193,0,TRUE
3,"Inner hair cells","Supporting cells","EFNA5_EPHA3",0.0289832453965774,0.48,FALSE
3,"Outer hair cells","Supporting cells","EFNA5_EPHA3",0.0626083677791247,0,TRUE
3,"Spiral ganglion neurons","Supporting cells","EFNA5_EPHA3",0.0256386705759248,0.58,FALSE
3,"Supporting cells","Supporting cells","EFNA5_EPHA3",0.0262731157994055,1,FALSE
3,"Fibrocytes","Glia/Schwann","EFNA5_EPHA4",0.00724250355843977,0,TRUE
3,"Glia/Schwann","Glia/Schwann","EFNA5_EPHA4",0.0150965417057021,0,TRUE
3,"Inner hair cells","Glia/Schwann","EFNA5_EPHA4",0.00230966931848529,0.86,FALSE
3,"Outer hair cells","Glia/Schwann","EFNA5_EPHA4",0.00515348650702365,0.39,FALSE
3,"Spiral ganglion neurons","Glia/Schwann","EFNA5_EPHA4",0.00203668465730882,0.81,FALSE
3,"Supporting cells","Glia/Schwann","EFNA5_EPHA4",0.00208833549385583,1,FALSE
3,"Fibrocytes","Inner hair cells","EFNA5_EPHA4",0.0123150270723555,0,TRUE
3,"Glia/Schwann","Inner hair cells","EFNA5_EPHA4",0.0255284447763005,0,TRUE
3,"Inner hair cells","Inner hair cells","EFNA5_EPHA4",0.00394103664010637,0.62,FALSE
3,"Outer hair cells","Inner hair cells","EFNA5_EPHA4",0.00877583250634055,0,TRUE
3,"Spiral ganglion neurons","Inner hair cells","EFNA5_EPHA4",0.00347590901145046,0.61,FALSE
3,"Supporting cells","Inner hair cells","EFNA5_EPHA4",0.00356392859494816,0.93,FALSE
3,"Fibrocytes","Spiral ganglion neurons","EFNA5_EPHA4",0.0235138892183175,0,TRUE
3,"Glia/Schwann","Spiral ganglion neurons","EFNA5_EPHA4",0.0481572702188125,0,TRUE
3,"Inner hair cells","Spiral ganglion neurons","EFNA5_EPHA4",0.0075833472009338,0.02,TRUE
3,"Outer hair cells","Spiral ganglion neurons","EFNA5_EPHA4",0.0168110524868977,0,TRUE
3,"Spiral ganglion neurons","Spiral ganglion neurons","EFNA5_EPHA4",0.00669123583923373,0.12,FALSE
3,"Supporting cells","Spiral ganglion neurons","EFNA5_EPHA4",0.00686011584284933,0,TRUE
3,"Fibrocytes","Supporting cells","EFNA5_EPHA4",0.011690429235913,0,TRUE
3,"Glia/Schwann","Supporting cells","EFNA5_EPHA4",0.0242501383865752,0,TRUE
3,"Inner hair cells","Supporting cells","EFNA5_EPHA4",0.00373954572568668,0.69,FALSE
3,"Outer hair cells","Supporting cells","EFNA5_EPHA4",0.00832922301877713,0,TRUE
3,"Spiral ganglion neurons","Supporting cells","EFNA5_EPHA4",0.0032981196457154,0.69,FALSE
3,"Supporting cells","Supporting cells","EFNA5_EPHA4",0.00338165239080873,1,FALSE
3,"Fibrocytes","Glia/Schwann","EFNA5_EPHA5",0.0495090979866984,0,TRUE
3,"Glia/Schwann","Glia/Schwann","EFNA5_EPHA5",0.0986442038832284,0,TRUE
3,"Inner hair cells","Glia/Schwann","EFNA5_EPHA5",0.0162601966466643,0.53,FALSE
3,"Outer hair cells","Glia/Schwann","EFNA5_EPHA5",0.0356667636529812,0,TRUE
3,"Spiral ganglion neurons","Glia/Schwann","EFNA5_EPHA5",0.0143621055656155,0.55,FALSE
3,"Supporting cells","Glia/Schwann","EFNA5_EPHA5",0.0147217211400314,0.87,FALSE
3,"Fibrocytes","Inner hair cells","EFNA5_EPHA5",0.0128956051208975,0.81,FALSE
3,"Glia/Schwann","Inner hair cells","EFNA5_EPHA5",0.0267151053024361,0.02,TRUE
3,"Inner hair cells","Inner hair cells","EFNA5_EPHA5",0.00412848253722775,0.89,FALSE
3,"Outer hair cells","Inner hair cells","EFNA5_EPHA5",0.00919111189300852,0.84,FALSE
3,"Spiral ganglion neurons","Inner hair cells","EFNA5_EPHA5",0.00364131310968773,0.82,FALSE
3,"Supporting cells","Inner hair cells","EFNA5_EPHA5",0.00373350548793796,1,FALSE
3,"Fibrocytes","Spiral ganglion neurons","EFNA5_EPHA5",0.0396079305988739,0,TRUE
3,"Glia/Schwann","Spiral ganglion neurons","EFNA5_EPHA5",0.0797410421838745,0,TRUE
3,"Inner hair cells","Spiral ganglion neurons","EFNA5_EPHA5",0.0129180011551432,0.64,FALSE
3,"Outer hair cells","Spiral ganglion neurons","EFNA5_EPHA5",0.0284510177959592,0.03,TRUE
3,"Spiral ganglion neurons","Spiral ganglion neurons","EFNA5_EPHA5",0.0114055291013692,0.65,FALSE
3,"Supporting cells","Spiral ganglion neurons","EFNA5_EPHA5",0.0116919925526942,0.82,FALSE
3,"Fibrocytes","Supporting cells","EFNA5_EPHA5",0.0472339936387977,0,TRUE
3,"Glia/Schwann","Supporting cells","EFNA5_EPHA5",0.0943352774792504,0,TRUE
3,"Inner hair cells","Supporting cells","EFNA5_EPHA5",0.0154880908368577,0.67,FALSE
3,"Outer hair cells","Supporting cells","EFNA5_EPHA5",0.0340050023775894,0,TRUE
3,"Spiral ganglion neurons","Supporting cells","EFNA5_EPHA5",0.0136788762353446,0.67,FALSE
3,"Supporting cells","Supporting cells","EFNA5_EPHA5",0.0140216276672238,1,FALSE
3,"Fibrocytes","Fibrocytes","EFNA5_EPHA7",0.0767669074157813,0,TRUE
3,"Glia/Schwann","Fibrocytes","EFNA5_EPHA7",0.14872116671197,0,TRUE
3,"Inner hair cells","Fibrocytes","EFNA5_EPHA7",0.0257075402028037,0.16,FALSE
3,"Outer hair cells","Fibrocytes","EFNA5_EPHA7",0.0557505239940027,0,TRUE
3,"Spiral ganglion neurons","Fibrocytes","EFNA5_EPHA7",0.0227321220356224,0.38,FALSE
3,"Supporting cells","Fibrocytes","EFNA5_EPHA7",0.0232963625320551,0,TRUE
3,"Fibrocytes","Glia/Schwann","EFNA5_EPHA7",0.057536806067294,0,TRUE
3,"Glia/Schwann","Glia/Schwann","EFNA5_EPHA7",0.113686055941163,0,TRUE
3,"Inner hair cells","Glia/Schwann","EFNA5_EPHA7",0.0190045179668789,0.53,FALSE
3,"Outer hair cells","Glia/Schwann","EFNA5_EPHA7",0.0415481022673559,0,TRUE
3,"Spiral ganglion neurons","Glia/Schwann","EFNA5_EPHA7",0.0167915438914595,0.63,FALSE
3,"Supporting cells","Glia/Schwann","EFNA5_EPHA7",0.017210928431188,0.99,FALSE
3,"Fibrocytes","Inner hair cells","EFNA5_EPHA7",0.0147623349498624,0.88,FALSE
3,"Glia/Schwann","Inner hair cells","EFNA5_EPHA7",0.0305204524045225,0.01,TRUE
3,"Inner hair cells","Inner hair cells","EFNA5_EPHA7",0.0047321936124313,0.91,FALSE
3,"Outer hair cells","Inner hair cells","EFNA5_EPHA7",0.0105273092255257,0.88,FALSE
3,"Spiral ganglion neurons","Inner hair cells","EFNA5_EPHA7",0.00417408362767819,0.82,FALSE
3,"Supporting cells","Inner hair cells","EFNA5_EPHA7",0.00427970698629521,1,FALSE
3,"Fibrocytes","Macrophages/Microglia","EFNA5_EPHA7",0.0093241260768467,0.93,FALSE
3,"Glia/Schwann","Macrophages/Microglia","EFNA5_EPHA7",0.0193914591073014,0.6,FALSE
3,"Inner hair cells","Macrophages/Microglia","EFNA5_EPHA7",0.00297776139943215,0.91,FALSE
3,"Outer hair cells","Macrophages/Microglia","EFNA5_EPHA7",0.00663870398522407,0.89,FALSE
3,"Spiral ganglion neurons","Macrophages/Microglia","EFNA5_EPHA7",0.00262602137301816,0.82,FALSE
3,"Supporting cells","Macrophages/Microglia","EFNA5_EPHA7",0.00269257761264165,1,FALSE
3,"Fibrocytes","Outer hair cells","EFNA5_EPHA7",0.0108372801565913,0.95,FALSE
3,"Glia/Schwann","Outer hair cells","EFNA5_EPHA7",0.0225012698998214,0.33,FALSE
3,"Inner hair cells","Outer hair cells","EFNA5_EPHA7",0.00346460548699039,0.91,FALSE
3,"Outer hair cells","Outer hair cells","EFNA5_EPHA7",0.00771945351989932,0.89,FALSE
3,"Spiral ganglion neurons","Outer hair cells","EFNA5_EPHA7",0.00305553455690363,0.82,FALSE
3,"Supporting cells","Outer hair cells","EFNA5_EPHA7",0.00313294256876545,1,FALSE
3,"Fibrocytes","Spiral ganglion neurons","EFNA5_EPHA7",0.0332941494236011,0,TRUE
3,"Glia/Schwann","Spiral ganglion neurons","EFNA5_EPHA7",0.0674792646771977,0,TRUE
3,"Inner hair cells","Spiral ganglion neurons","EFNA5_EPHA7",0.0108108889016105,0.83,FALSE
3,"Outer hair cells","Spiral ganglion neurons","EFNA5_EPHA7",0.0238715203846655,0.22,FALSE
3,"Spiral ganglion neurons","Spiral ganglion neurons","EFNA5_EPHA7",0.00954273778730527,0.78,FALSE
3,"Supporting cells","Spiral ganglion neurons","EFNA5_EPHA7",0.00978287800004218,0.96,FALSE
3,"Fibrocytes","Supporting cells","EFNA5_EPHA7",0.045995356748105,0,TRUE
3,"Glia/Schwann","Supporting cells","EFNA5_EPHA7",0.0919807267417715,0,TRUE
3,"Inner hair cells","Supporting cells","EFNA5_EPHA7",0.0150687736640041,0.74,FALSE
3,"Outer hair cells","Supporting cells","EFNA5_EPHA7",0.0331012224825642,0,TRUE
3,"Spiral ganglion neurons","Supporting cells","EFNA5_EPHA7",0.0133078787757147,0.73,FALSE
3,"Supporting cells","Supporting cells","EFNA5_EPHA7",0.0136414626996729,1,FALSE
3,"Fibrocytes","Spiral ganglion neurons","EFNA5_EPHB2",0.0107854004475347,0,TRUE
3,"Glia/Schwann","Spiral ganglion neurons","EFNA5_EPHB2",0.0223948170632273,0,TRUE
3,"Inner hair cells","Spiral ganglion neurons","EFNA5_EPHB2",0.00344789686965435,0,TRUE
3,"Outer hair cells","Spiral ganglion neurons","EFNA5_EPHB2",0.00768238340159671,0,TRUE
3,"Spiral ganglion neurons","Spiral ganglion neurons","EFNA5_EPHB2",0.00304079273017446,0,TRUE
3,"Supporting cells","Spiral ganglion neurons","EFNA5_EPHB2",0.00311782844491187,0,TRUE
3,"Spiral ganglion neurons","Glia/Schwann","EFNB2_EPHA4",0.00192867094085223,0,TRUE
3,"Spiral ganglion neurons","Inner hair cells","EFNB2_EPHA4",0.00329181911233767,0,TRUE
3,"Spiral ganglion neurons","Spiral ganglion neurons","EFNB2_EPHA4",0.00633793995135977,0,TRUE
3,"Spiral ganglion neurons","Supporting cells","EFNB2_EPHA4",0.00312341625318986,0,TRUE
3,"Spiral ganglion neurons","Spiral ganglion neurons","EFNB2_EPHB2",0.00287968071788068,0,TRUE
3,"Glia/Schwann","Fibrocytes","MPZ_MPZL1",0.00617694346247288,0,TRUE
3,"Glia/Schwann","Glia/Schwann","MPZ_MPZL1",0.0066852366605704,0,TRUE
3,"Glia/Schwann","Inner hair cells","MPZ_MPZL1",0.00255708013217431,0,TRUE
3,"Glia/Schwann","Spiral ganglion neurons","MPZ_MPZL1",0.00333184740438206,0,TRUE
3,"Glia/Schwann","Supporting cells","MPZ_MPZL1",0.00465844399425877,0,TRUE
3,"Glia/Schwann","Glia/Schwann","MPZ_MPZ",0.00466136099838019,0,TRUE
3,"Fibrocytes","Fibrocytes","MPZL1_MPZL1",0.00818124798694278,0,TRUE
3,"Glia/Schwann","Fibrocytes","MPZL1_MPZL1",0.00885300376037289,0,TRUE
3,"Inner hair cells","Fibrocytes","MPZL1_MPZL1",0.00339081312822638,0.93,FALSE
3,"Spiral ganglion neurons","Fibrocytes","MPZL1_MPZL1",0.00441707370012407,0.53,FALSE
3,"Supporting cells","Fibrocytes","MPZL1_MPZL1",0.00617308391356079,0,TRUE
3,"Fibrocytes","Glia/Schwann","MPZL1_MPZL1",0.00885300376037289,0,TRUE
3,"Glia/Schwann","Glia/Schwann","MPZL1_MPZL1",0.00957938413505963,0,TRUE
3,"Inner hair cells","Glia/Schwann","MPZL1_MPZL1",0.00367068583356737,0.85,FALSE
3,"Spiral ganglion neurons","Glia/Schwann","MPZL1_MPZL1",0.00478124605833691,0.36,FALSE
3,"Supporting cells","Glia/Schwann","MPZL1_MPZL1",0.00668106164912916,0,TRUE
3,"Fibrocytes","Inner hair cells","MPZL1_MPZL1",0.00339081312822638,0.93,FALSE
3,"Glia/Schwann","Inner hair cells","MPZL1_MPZL1",0.00367068583356737,0.85,FALSE
3,"Inner hair cells","Inner hair cells","MPZL1_MPZL1",0.00140139850868917,0.98,FALSE
3,"Spiral ganglion neurons","Inner hair cells","MPZL1_MPZL1",0.00182664816403485,0.92,FALSE
3,"Supporting cells","Inner hair cells","MPZL1_MPZL1",0.0025554765720202,0.98,FALSE
3,"Fibrocytes","Spiral ganglion neurons","MPZL1_MPZL1",0.00441707370012407,0.53,FALSE
3,"Glia/Schwann","Spiral ganglion neurons","MPZL1_MPZL1",0.00478124605833691,0.36,FALSE
3,"Inner hair cells","Spiral ganglion neurons","MPZL1_MPZL1",0.00182664816403485,0.92,FALSE
3,"Spiral ganglion neurons","Spiral ganglion neurons","MPZL1_MPZL1",0.00238063076531123,0.84,FALSE
3,"Supporting cells","Spiral ganglion neurons","MPZL1_MPZL1",0.00332975960501346,0.83,FALSE
3,"Fibrocytes","Supporting cells","MPZL1_MPZL1",0.00617308391356079,0,TRUE
3,"Glia/Schwann","Supporting cells","MPZL1_MPZL1",0.00668106164912916,0,TRUE
3,"Inner hair cells","Supporting cells","MPZL1_MPZL1",0.0025554765720202,0.98,FALSE
3,"Spiral ganglion neurons","Supporting cells","MPZL1_MPZL1",0.00332975960501346,0.83,FALSE
3,"Supporting cells","Supporting cells","MPZL1_MPZL1",0.00465552880701316,0.32,FALSE
3,"Spiral ganglion neurons","Fibrocytes","NCAM1_FGFR1",0.0217059568677436,0,TRUE
3,"Spiral ganglion neurons","Glia/Schwann","NCAM1_FGFR1",0.0161782652357395,0,TRUE
3,"Spiral ganglion neurons","Inner hair cells","NCAM1_FGFR1",0.00852259219343419,0,TRUE
3,"Spiral ganglion neurons","Spiral ganglion neurons","NCAM1_FGFR1",0.00834026495677211,0,TRUE
3,"Spiral ganglion neurons","Supporting cells","NCAM1_FGFR1",0.0204384579022396,0,TRUE
3,"Spiral ganglion neurons","Spiral ganglion neurons","NCAM1_NCAM1",0.0624667952784358,0,TRUE
3,"Spiral ganglion neurons","Spiral ganglion neurons","NCAM1_NCAM2",0.017741233057846,0,TRUE
3,"Fibrocytes","Fibrocytes","NEGR1_NEGR1",0.0109873806582448,0.93,FALSE
3,"Inner hair cells","Fibrocytes","NEGR1_NEGR1",0.00866530471196427,1,FALSE
3,"Macrophages/Microglia","Fibrocytes","NEGR1_NEGR1",0.0111566585536243,0.81,FALSE
3,"Outer hair cells","Fibrocytes","NEGR1_NEGR1",0.0135834330477683,0.44,FALSE
3,"Spiral ganglion neurons","Fibrocytes","NEGR1_NEGR1",0.00837325214785513,1,FALSE
3,"Supporting cells","Fibrocytes","NEGR1_NEGR1",0.0250064887279635,0.04,TRUE
3,"Fibrocytes","Inner hair cells","NEGR1_NEGR1",0.00866530471196427,1,FALSE
3,"Inner hair cells","Inner hair cells","NEGR1_NEGR1",0.00683058757470985,1,FALSE
3,"Macrophages/Microglia","Inner hair cells","NEGR1_NEGR1",0.00879912565992065,0.98,FALSE
3,"Outer hair cells","Inner hair cells","NEGR1_NEGR1",0.0107186528255611,0.94,FALSE
3,"Spiral ganglion neurons","Inner hair cells","NEGR1_NEGR1",0.00659996002305331,1,FALSE
3,"Supporting cells","Inner hair cells","NEGR1_NEGR1",0.019780868645701,0.28,FALSE
3,"Fibrocytes","Macrophages/Microglia","NEGR1_NEGR1",0.0111566585536243,0.81,FALSE
3,"Inner hair cells","Macrophages/Microglia","NEGR1_NEGR1",0.00879912565992065,0.98,FALSE
3,"Macrophages/Microglia","Macrophages/Microglia","NEGR1_NEGR1",0.0113285145685539,0.67,FALSE
3,"Outer hair cells","Macrophages/Microglia","NEGR1_NEGR1",0.0137921494539761,0.54,FALSE
3,"Spiral ganglion neurons","Macrophages/Microglia","NEGR1_NEGR1",0.00850260152296816,0.99,FALSE
3,"Supporting cells","Macrophages/Microglia","NEGR1_NEGR1",0.0253862090614747,0.26,FALSE
3,"Fibrocytes","Outer hair cells","NEGR1_NEGR1",0.0135834330477683,0.44,FALSE
3,"Inner hair cells","Outer hair cells","NEGR1_NEGR1",0.0107186528255611,0.94,FALSE
3,"Macrophages/Microglia","Outer hair cells","NEGR1_NEGR1",0.0137921494539761,0.54,FALSE
3,"Outer hair cells","Outer hair cells","NEGR1_NEGR1",0.016782461385978,0.3,FALSE
3,"Spiral ganglion neurons","Outer hair cells","NEGR1_NEGR1",0.0103581179989957,0.95,FALSE
3,"Supporting cells","Outer hair cells","NEGR1_NEGR1",0.0308117235391287,0.02,TRUE
3,"Fibrocytes","Spiral ganglion neurons","NEGR1_NEGR1",0.00837325214785513,1,FALSE
3,"Inner hair cells","Spiral ganglion neurons","NEGR1_NEGR1",0.00659996002305331,1,FALSE
3,"Macrophages/Microglia","Spiral ganglion neurons","NEGR1_NEGR1",0.00850260152296816,0.99,FALSE
3,"Outer hair cells","Spiral ganglion neurons","NEGR1_NEGR1",0.0103581179989957,0.95,FALSE
3,"Spiral ganglion neurons","Spiral ganglion neurons","NEGR1_NEGR1",0.00637706936720955,1,FALSE
3,"Supporting cells","Spiral ganglion neurons","NEGR1_NEGR1",0.0191214069618787,0.32,FALSE
3,"Fibrocytes","Supporting cells","NEGR1_NEGR1",0.0250064887279635,0.04,TRUE
3,"Inner hair cells","Supporting cells","NEGR1_NEGR1",0.019780868645701,0.28,FALSE
3,"Macrophages/Microglia","Supporting cells","NEGR1_NEGR1",0.0253862090614747,0.26,FALSE
3,"Outer hair cells","Supporting cells","NEGR1_NEGR1",0.0308117235391287,0.02,TRUE
3,"Spiral ganglion neurons","Supporting cells","NEGR1_NEGR1",0.0191214069618787,0.32,FALSE
3,"Supporting cells","Supporting cells","NEGR1_NEGR1",0.0559019237573905,0,TRUE
3,"Fibrocytes","Spiral ganglion neurons","LRRC4C_NTNG1",0.0421283578566142,0,TRUE
3,"Spiral ganglion neurons","Spiral ganglion neurons","LRRC4C_NTNG1",0.0414007776990673,0,TRUE
3,"Supporting cells","Spiral ganglion neurons","LRRC4C_NTNG1",0.0294205722085245,0,TRUE
3,"Inner hair cells","Glia/Schwann","NRXN1_NLGN1",0.0859911883412275,0,TRUE
3,"Spiral ganglion neurons","Glia/Schwann","NRXN1_NLGN1",0.085767406787579,0,TRUE
3,"Supporting cells","Glia/Schwann","NRXN1_NLGN1",0.014491003652328,0,TRUE
3,"Inner hair cells","Spiral ganglion neurons","NRXN1_NLGN1",0.0431719336098168,0,TRUE
3,"Spiral ganglion neurons","Spiral ganglion neurons","NRXN1_NLGN1",0.0430543349388033,0,TRUE
3,"Supporting cells","Spiral ganglion neurons","NRXN1_NLGN1",0.00700245095884524,0,TRUE
3,"Inner hair cells","Spiral ganglion neurons","NRXN1_NLGN2",0.0256040553033254,0,TRUE
3,"Spiral ganglion neurons","Spiral ganglion neurons","NRXN1_NLGN2",0.025533033857085,0,TRUE
3,"Supporting cells","Spiral ganglion neurons","NRXN1_NLGN2",0.00409004106808714,0.05,FALSE
3,"Spiral ganglion neurons","Glia/Schwann","NRXN2_NLGN1",0.010608381575359,0,TRUE
3,"Spiral ganglion neurons","Spiral ganglion neurons","NRXN2_NLGN1",0.0051158458048656,0,TRUE
3,"Spiral ganglion neurons","Spiral ganglion neurons","NRXN2_NLGN2",0.00298574006796303,0,TRUE
3,"Fibrocytes","Glia/Schwann","NRXN3_NLGN1",0.0259404925742172,0,TRUE
3,"Glia/Schwann","Glia/Schwann","NRXN3_NLGN1",0.0124385052905402,0,TRUE
3,"Spiral ganglion neurons","Glia/Schwann","NRXN3_NLGN1",0.00912564422097336,0,TRUE
3,"Supporting cells","Glia/Schwann","NRXN3_NLGN1",0.0129932789165817,0,TRUE
3,"Fibrocytes","Spiral ganglion neurons","NRXN3_NLGN1",0.0126108713907936,0,TRUE
3,"Glia/Schwann","Spiral ganglion neurons","NRXN3_NLGN1",0.00600416526962292,0,TRUE
3,"Spiral ganglion neurons","Spiral ganglion neurons","NRXN3_NLGN1",0.00439739012940037,0.01,TRUE
3,"Supporting cells","Spiral ganglion neurons","NRXN3_NLGN1",0.00627378203088905,0,TRUE
3,"Fibrocytes","Spiral ganglion neurons","NRXN3_NLGN2",0.00738319051466876,0,TRUE
3,"Glia/Schwann","Spiral ganglion neurons","NRXN3_NLGN2",0.00350548956137784,0.03,TRUE
3,"Spiral ganglion neurons","Spiral ganglion neurons","NRXN3_NLGN2",0.0025656592797338,0.09,FALSE
3,"Supporting cells","Spiral ganglion neurons","NRXN3_NLGN2",0.00366331692422828,0.04,TRUE
3,"Fibrocytes","Fibrocytes","PTPRM_PTPRM",0.0154142931024906,0.77,FALSE
3,"Glia/Schwann","Fibrocytes","PTPRM_PTPRM",0.011364518914133,0.98,FALSE
3,"Inner hair cells","Fibrocytes","PTPRM_PTPRM",0.0465026546708742,0.43,FALSE
3,"Macrophages/Microglia","Fibrocytes","PTPRM_PTPRM",0.0130739588116706,0.95,FALSE
3,"Outer hair cells","Fibrocytes","PTPRM_PTPRM",0.0091644774568576,1,FALSE
3,"Spiral ganglion neurons","Fibrocytes","PTPRM_PTPRM",0.0271477168151371,0.61,FALSE
3,"Supporting cells","Fibrocytes","PTPRM_PTPRM",0.0300949285707706,0.77,FALSE
3,"Fibrocytes","Glia/Schwann","PTPRM_PTPRM",0.011364518914133,0.98,FALSE
3,"Glia/Schwann","Glia/Schwann","PTPRM_PTPRM",0.0083696911507898,1,FALSE
3,"Inner hair cells","Glia/Schwann","PTPRM_PTPRM",0.0345718786323769,0.56,FALSE
3,"Macrophages/Microglia","Glia/Schwann","PTPRM_PTPRM",0.00963304133149343,0.99,FALSE
3,"Outer hair cells","Glia/Schwann","PTPRM_PTPRM",0.00674545851451217,1,FALSE
3,"Spiral ganglion neurons","Glia/Schwann","PTPRM_PTPRM",0.0200781016154801,0.92,FALSE
3,"Supporting cells","Glia/Schwann","PTPRM_PTPRM",0.0222753947204439,1,FALSE
3,"Fibrocytes","Inner hair cells","PTPRM_PTPRM",0.0465026546708742,0.43,FALSE
3,"Glia/Schwann","Inner hair cells","PTPRM_PTPRM",0.0345718786323769,0.56,FALSE
3,"Inner hair cells","Inner hair cells","PTPRM_PTPRM",0.13189245713524,0,TRUE
3,"Macrophages/Microglia","Inner hair cells","PTPRM_PTPRM",0.039632207453391,0.52,FALSE
3,"Outer hair cells","Inner hair cells","PTPRM_PTPRM",0.0280064268851995,0.58,FALSE
3,"Spiral ganglion neurons","Inner hair cells","PTPRM_PTPRM",0.0799783816360789,0,TRUE
3,"Supporting cells","Inner hair cells","PTPRM_PTPRM",0.0881413652967632,0,TRUE
3,"Fibrocytes","Macrophages/Microglia","PTPRM_PTPRM",0.0130739588116706,0.95,FALSE
3,"Glia/Schwann","Macrophages/Microglia","PTPRM_PTPRM",0.00963304133149343,0.99,FALSE
3,"Inner hair cells","Macrophages/Microglia","PTPRM_PTPRM",0.039632207453391,0.52,FALSE
3,"Macrophages/Microglia","Macrophages/Microglia","PTPRM_PTPRM",0.0110849542847837,0.87,FALSE
3,"Outer hair cells","Macrophages/Microglia","PTPRM_PTPRM",0.00776556132457423,1,FALSE
3,"Spiral ganglion neurons","Macrophages/Microglia","PTPRM_PTPRM",0.0230676481052618,0.81,FALSE
3,"Supporting cells","Macrophages/Microglia","PTPRM_PTPRM",0.0255835674666854,0.81,FALSE
3,"Fibrocytes","Outer hair cells","PTPRM_PTPRM",0.0091644774568576,1,FALSE
3,"Glia/Schwann","Outer hair cells","PTPRM_PTPRM",0.00674545851451217,1,FALSE
3,"Inner hair cells","Outer hair cells","PTPRM_PTPRM",0.0280064268851995,0.58,FALSE
3,"Macrophages/Microglia","Outer hair cells","PTPRM_PTPRM",0.00776556132457423,1,FALSE
3,"Outer hair cells","Outer hair cells","PTPRM_PTPRM",0.00543469899750853,1,FALSE
3,"Spiral ganglion neurons","Outer hair cells","PTPRM_PTPRM",0.0162188830895806,0.88,FALSE
3,"Supporting cells","Outer hair cells","PTPRM_PTPRM",0.0180015923775266,1,FALSE
3,"Fibrocytes","Spiral ganglion neurons","PTPRM_PTPRM",0.0271477168151371,0.61,FALSE
3,"Glia/Schwann","Spiral ganglion neurons","PTPRM_PTPRM",0.0200781016154801,0.92,FALSE
3,"Inner hair cells","Spiral ganglion neurons","PTPRM_PTPRM",0.0799783816360789,0,TRUE
3,"Macrophages/Microglia","Spiral ganglion neurons","PTPRM_PTPRM",0.0230676481052618,0.81,FALSE
3,"Outer hair cells","Spiral ganglion neurons","PTPRM_PTPRM",0.0162188830895806,0.88,FALSE
3,"Spiral ganglion neurons","Spiral ganglion neurons","PTPRM_PTPRM",0.0473828444191627,0.56,FALSE
3,"Supporting cells","Spiral ganglion neurons","PTPRM_PTPRM",0.0524084811533278,0.42,FALSE
3,"Fibrocytes","Supporting cells","PTPRM_PTPRM",0.0300949285707706,0.77,FALSE
3,"Glia/Schwann","Supporting cells","PTPRM_PTPRM",0.0222753947204439,1,FALSE
3,"Inner hair cells","Supporting cells","PTPRM_PTPRM",0.0881413652967632,0,TRUE
3,"Macrophages/Microglia","Supporting cells","PTPRM_PTPRM",0.0255835674666854,0.81,FALSE
3,"Outer hair cells","Supporting cells","PTPRM_PTPRM",0.0180015923775266,1,FALSE
3,"Spiral ganglion neurons","Supporting cells","PTPRM_PTPRM",0.0524084811533278,0.42,FALSE
3,"Supporting cells","Supporting cells","PTPRM_PTPRM",0.0579347417667977,0,TRUE
3,"Glia/Schwann","Spiral ganglion neurons","SEMA5A_PLXNA1",0.00551176746916776,0,TRUE
3,"Inner hair cells","Spiral ganglion neurons","SEMA5A_PLXNA1",0.00344765203370251,0,TRUE
3,"Spiral ganglion neurons","Spiral ganglion neurons","SEMA5A_PLXNA1",0.00212280494983221,0,TRUE
3,"Supporting cells","Spiral ganglion neurons","SEMA5A_PLXNA1",0.0133990600369483,0,TRUE
3,"Inner hair cells","Spiral ganglion neurons","SEMA5B_PLXNA1",0.0172546330000606,0,TRUE
3,"Spiral ganglion neurons","Spiral ganglion neurons","SEMA6A_PLXNA2",0.00421440974188925,0,TRUE
3,"Spiral ganglion neurons","Supporting cells","SEMA6A_PLXNA2",0.00328826543070411,0,TRUE
3,"Spiral ganglion neurons","Macrophages/Microglia","SEMA6A_PLXNA4",0.0063022639457922,0,TRUE
3,"Spiral ganglion neurons","Spiral ganglion neurons","SEMA6A_PLXNA4",0.0167849403355807,0,TRUE
12,"Macrophages/Microglia","Glia/Schwann","TGFB1_TGFBR1_TGFBR2",0.00163805950347118,0,TRUE
12,"Macrophages/Microglia","Macrophages/Microglia","TGFB1_TGFBR1_TGFBR2",0.0137138940151275,0,TRUE
12,"Macrophages/Microglia","Supporting cells","TGFB1_TGFBR1_TGFBR2",0.002779009350599,0,TRUE
12,"Fibrocytes","Glia/Schwann","TGFB2_TGFBR1_TGFBR2",0.00232073502453073,0.02,TRUE
12,"Glia/Schwann","Glia/Schwann","TGFB2_TGFBR1_TGFBR2",0.000846049059535951,0.31,FALSE
12,"Spiral ganglion neurons","Glia/Schwann","TGFB2_TGFBR1_TGFBR2",0.0012449787680336,0.34,FALSE
12,"Fibrocytes","Macrophages/Microglia","TGFB2_TGFBR1_TGFBR2",0.0192946221462476,0,TRUE
12,"Glia/Schwann","Macrophages/Microglia","TGFB2_TGFBR1_TGFBR2",0.00711813847204742,0,TRUE
12,"Spiral ganglion neurons","Macrophages/Microglia","TGFB2_TGFBR1_TGFBR2",0.010452798930718,0.01,TRUE
12,"Fibrocytes","Supporting cells","TGFB2_TGFBR1_TGFBR2",0.00393505452070924,0,TRUE
12,"Glia/Schwann","Supporting cells","TGFB2_TGFBR1_TGFBR2",0.00143589125872624,0.33,FALSE
12,"Spiral ganglion neurons","Supporting cells","TGFB2_TGFBR1_TGFBR2",0.00211260518511913,0.35,FALSE
12,"Macrophages/Microglia","Glia/Schwann","TGFB1_ACVR1_TGFBR1",0.00229621064420051,0,TRUE
12,"Macrophages/Microglia","Macrophages/Microglia","TGFB1_ACVR1_TGFBR1",0.00791751712110247,0,TRUE
12,"Macrophages/Microglia","Supporting cells","TGFB1_ACVR1_TGFBR1",0.00276788802969716,0,TRUE
12,"Fibrocytes","Glia/Schwann","TGFB2_ACVR1_TGFBR1",0.00364454253740034,0,TRUE
12,"Glia/Schwann","Glia/Schwann","TGFB2_ACVR1_TGFBR1",0.00134623970741294,0.28,FALSE
12,"Spiral ganglion neurons","Glia/Schwann","TGFB2_ACVR1_TGFBR1",0.00174537857910391,0.33,FALSE
12,"Fibrocytes","Macrophages/Microglia","TGFB2_ACVR1_TGFBR1",0.012525234097242,0,TRUE
12,"Glia/Schwann","Macrophages/Microglia","TGFB2_ACVR1_TGFBR1",0.00465278714227923,0,TRUE
12,"Spiral ganglion neurons","Macrophages/Microglia","TGFB2_ACVR1_TGFBR1",0.00602634942356302,0.03,TRUE
12,"Fibrocytes","Supporting cells","TGFB2_ACVR1_TGFBR1",0.00439196903199753,0,TRUE
12,"Glia/Schwann","Supporting cells","TGFB2_ACVR1_TGFBR1",0.00162309574294336,0.3,FALSE
12,"Spiral ganglion neurons","Supporting cells","TGFB2_ACVR1_TGFBR1",0.00210414512070995,0.37,FALSE
12,"Glia/Schwann","Fibrocytes","BMP5_ACVR1_ACVR2A",0.00445306367017614,0,TRUE
12,"Supporting cells","Fibrocytes","BMP5_ACVR1_ACVR2A",0.00242029739770191,0,TRUE
12,"Glia/Schwann","Macrophages/Microglia","BMP5_ACVR1_ACVR2A",0.00491104287133701,0,TRUE
12,"Supporting cells","Macrophages/Microglia","BMP5_ACVR1_ACVR2A",0.00266977563006097,0.11,FALSE
12,"Glia/Schwann","Fibrocytes","BMP5_ACVR1_BMPR2",0.00577087526875742,0.01,TRUE
12,"Supporting cells","Fibrocytes","BMP5_ACVR1_BMPR2",0.00313844137479253,1,FALSE
12,"Glia/Schwann","Glia/Schwann","BMP5_ACVR1_BMPR2",0.00757161136674228,0,TRUE
12,"Supporting cells","Glia/Schwann","BMP5_ACVR1_BMPR2",0.00412116122588141,0.2,FALSE
12,"Glia/Schwann","Macrophages/Microglia","BMP5_ACVR1_BMPR2",0.0070906082498205,0.03,TRUE
12,"Supporting cells","Macrophages/Microglia","BMP5_ACVR1_BMPR2",0.00385850324908449,0.49,FALSE
12,"Glia/Schwann","Supporting cells","BMP5_ACVR1_BMPR2",0.0101255952564877,0,TRUE
12,"Supporting cells","Supporting cells","BMP5_ACVR1_BMPR2",0.00551774305858163,0,TRUE
12,"Glia/Schwann","Fibrocytes","BMP5_BMPR1A_ACVR2A",0.0061843911969788,0,TRUE
12,"Supporting cells","Fibrocytes","BMP5_BMPR1A_ACVR2A",0.00336396671534401,0,TRUE
12,"Glia/Schwann","Outer hair cells","BMP5_BMPR1A_ACVR2A",0.00420831160290119,0.03,TRUE
12,"Supporting cells","Outer hair cells","BMP5_BMPR1A_ACVR2A",0.00228701483782473,0.27,FALSE
12,"Glia/Schwann","Fibrocytes","BMP5_BMPR1A_BMPR2",0.00801043838119869,0,TRUE
12,"Supporting cells","Fibrocytes","BMP5_BMPR1A_BMPR2",0.00436088962850014,0.83,FALSE
12,"Glia/Schwann","Glia/Schwann","BMP5_BMPR1A_BMPR2",0.00802750163549347,0.08,FALSE
12,"Supporting cells","Glia/Schwann","BMP5_BMPR1A_BMPR2",0.0043702131273914,0.81,FALSE
12,"Glia/Schwann","Inner hair cells","BMP5_BMPR1A_BMPR2",0.00627442525547179,0.25,FALSE
12,"Supporting cells","Inner hair cells","BMP5_BMPR1A_BMPR2",0.00341308127779277,1,FALSE
12,"Glia/Schwann","Outer hair cells","BMP5_BMPR1A_BMPR2",0.00640376352739076,0.19,FALSE
12,"Supporting cells","Outer hair cells","BMP5_BMPR1A_BMPR2",0.00348364382145323,1,FALSE
12,"Glia/Schwann","Supporting cells","BMP5_BMPR1A_BMPR2",0.012105697272379,0,TRUE
12,"Supporting cells","Supporting cells","BMP5_BMPR1A_BMPR2",0.00660277104136856,0,TRUE
12,"Glia/Schwann","Fibrocytes","BMP5_BMPR1B_ACVR2A",0.004343330570716,0,TRUE
12,"Supporting cells","Fibrocytes","BMP5_BMPR1B_ACVR2A",0.00236053727398386,0,TRUE
12,"Glia/Schwann","Outer hair cells","BMP5_BMPR1B_ACVR2A",0.00557463204748643,0,TRUE
12,"Supporting cells","Outer hair cells","BMP5_BMPR1B_ACVR2A",0.00303144322604358,0,TRUE
12,"Glia/Schwann","Fibrocytes","BMP5_BMPR1B_BMPR2",0.00562885205479148,0,TRUE
12,"Supporting cells","Fibrocytes","BMP5_BMPR1B_BMPR2",0.00306100380074987,0.05,FALSE
12,"Glia/Schwann","Glia/Schwann","BMP5_BMPR1B_BMPR2",0.00815468083118263,0,TRUE
12,"Supporting cells","Glia/Schwann","BMP5_BMPR1B_BMPR2",0.0044397094630795,0,TRUE
12,"Glia/Schwann","Inner hair cells","BMP5_BMPR1B_BMPR2",0.00996247456835837,0,TRUE
12,"Supporting cells","Inner hair cells","BMP5_BMPR1B_BMPR2",0.00542844658020651,0,TRUE
12,"Glia/Schwann","Outer hair cells","BMP5_BMPR1B_BMPR2",0.00847681765459185,0,TRUE
12,"Supporting cells","Outer hair cells","BMP5_BMPR1B_BMPR2",0.00461577559998033,0,TRUE
12,"Fibrocytes","Fibrocytes","BMP6_ACVR1_ACVR2A",0.00570240470430489,0,TRUE
12,"Fibrocytes","Macrophages/Microglia","BMP6_ACVR1_ACVR2A",0.00628806190503906,0,TRUE
12,"Fibrocytes","Fibrocytes","BMP6_ACVR1_BMPR2",0.00738719498898061,0,TRUE
12,"Fibrocytes","Glia/Schwann","BMP6_ACVR1_BMPR2",0.0096873710761559,0,TRUE
12,"Fibrocytes","Macrophages/Microglia","BMP6_ACVR1_BMPR2",0.00907318852717331,0,TRUE
12,"Fibrocytes","Supporting cells","BMP6_ACVR1_BMPR2",0.0129457134681997,0,TRUE
12,"Fibrocytes","Fibrocytes","BMP6_BMPR1A_ACVR2A",0.00791560729327971,0,TRUE
12,"Fibrocytes","Outer hair cells","BMP6_BMPR1A_ACVR2A",0.00538935730130365,0,TRUE
12,"Fibrocytes","Fibrocytes","BMP6_BMPR1A_BMPR2",0.0102475547629722,0,TRUE
12,"Fibrocytes","Glia/Schwann","BMP6_BMPR1A_BMPR2",0.0102693340281028,0,TRUE
12,"Fibrocytes","Inner hair cells","BMP6_BMPR1A_BMPR2",0.00803064120927659,0,TRUE
12,"Fibrocytes","Outer hair cells","BMP6_BMPR1A_BMPR2",0.00819588277294447,0,TRUE
12,"Fibrocytes","Supporting cells","BMP6_BMPR1A_BMPR2",0.0154686832385767,0,TRUE
12,"Fibrocytes","Fibrocytes","BMP6_BMPR1B_ACVR2A",0.0055620571474114,0,TRUE
12,"Fibrocytes","Outer hair cells","BMP6_BMPR1B_ACVR2A",0.0071363820476475,0,TRUE
12,"Fibrocytes","Fibrocytes","BMP6_BMPR1B_BMPR2",0.00720568188654882,0,TRUE
12,"Fibrocytes","Glia/Schwann","BMP6_BMPR1B_BMPR2",0.0104316569295932,0,TRUE
12,"Fibrocytes","Inner hair cells","BMP6_BMPR1B_BMPR2",0.0127377460268988,0,TRUE
12,"Fibrocytes","Outer hair cells","BMP6_BMPR1B_BMPR2",0.0108427585247404,0,TRUE
12,"Fibrocytes","Glia/Schwann","WNT5A_FZD3",0.000536331011134679,0,TRUE
12,"Supporting cells","Glia/Schwann","WNT5A_FZD3",0.00146338578899796,0,TRUE
12,"Fibrocytes","Glia/Schwann","WNT5A_FZD6",0.000349889462403439,0,TRUE
12,"Supporting cells","Glia/Schwann","WNT5A_FZD6",0.000954985645285228,0,TRUE
12,"Spiral ganglion neurons","Fibrocytes","NRG3_ERBB4",0.18043646979868,0,TRUE
12,"Spiral ganglion neurons","Glia/Schwann","NRG3_ERBB4",0.159480998770324,0,TRUE
12,"Spiral ganglion neurons","Inner hair cells","NRG3_ERBB4",0.140502895228038,0,TRUE
12,"Spiral ganglion neurons","Macrophages/Microglia","NRG3_ERBB4",0.0847282124467479,0,TRUE
12,"Spiral ganglion neurons","Outer hair cells","NRG3_ERBB4",0.130646969860972,0,TRUE
12,"Spiral ganglion neurons","Spiral ganglion neurons","NRG3_ERBB4",0.0569198809170115,0,TRUE
12,"Spiral ganglion neurons","Supporting cells","NRG3_ERBB4",0.235694460828851,0,TRUE
12,"Fibrocytes","Fibrocytes","PDGFC_PDGFRA",0.00599569262915441,0,TRUE
12,"Fibrocytes","Inner hair cells","PDGFC_PDGFRA",0.00358695680448778,0,TRUE
12,"Fibrocytes","Outer hair cells","PDGFC_PDGFRA",0.00588515638307218,0,TRUE
12,"Fibrocytes","Supporting cells","PDGFC_PDGFRA",0.00631227439874103,0,TRUE
12,"Spiral ganglion neurons","Macrophages/Microglia","SPP1_ITGAV_ITGB1",0.00640377386473109,0,TRUE
12,"Spiral ganglion neurons","Supporting cells","SPP1_ITGAV_ITGB1",0.00461361446804164,0.01,TRUE
12,"Spiral ganglion neurons","Macrophages/Microglia","SPP1_ITGAV_ITGB5",0.00774493263321115,0,TRUE
12,"Spiral ganglion neurons","Macrophages/Microglia","SPP1_ITGA4_ITGB1",0.00688658684245497,0,TRUE
12,"Spiral ganglion neurons","Macrophages/Microglia","SPP1_ITGA9_ITGB1",0.00707887017354582,0,TRUE
12,"Spiral ganglion neurons","Fibrocytes","SPP1_ITGA8_ITGB1",0.00642033376484624,0.01,TRUE
12,"Spiral ganglion neurons","Supporting cells","SPP1_ITGA8_ITGB1",0.00648981470080113,0.01,TRUE
12,"Macrophages/Microglia","Fibrocytes","NAMPT_INSR",0.0036160360404067,0.01,TRUE
12,"Macrophages/Microglia","Glia/Schwann","NAMPT_INSR",0.00793365416842173,0,TRUE
12,"Macrophages/Microglia","Inner hair cells","NAMPT_INSR",0.00352103505906118,0.02,TRUE
12,"Macrophages/Microglia","Macrophages/Microglia","NAMPT_INSR",0.00352178880683187,0.02,TRUE
12,"Macrophages/Microglia","Outer hair cells","NAMPT_INSR",0.00321829612352217,0.02,TRUE
12,"Macrophages/Microglia","Spiral ganglion neurons","NAMPT_INSR",0.00224029580308198,0.02,TRUE
12,"Macrophages/Microglia","Supporting cells","NAMPT_INSR",0.0066847270963407,0.01,TRUE
12,"Supporting cells","Fibrocytes","MDK_SDC2",0.0021085710850442,0,TRUE
12,"Supporting cells","Glia/Schwann","MDK_SDC2",0.00173614599973053,0,TRUE
12,"Supporting cells","Supporting cells","MDK_SDC2",0.000481570937833162,0,TRUE
12,"Supporting cells","Glia/Schwann","MDK_PTPRZ1",0.0117182349305983,0,TRUE
12,"Supporting cells","Inner hair cells","MDK_PTPRZ1",0.00475690455893241,0,TRUE
12,"Supporting cells","Macrophages/Microglia","MDK_ITGA4_ITGB1",0.00188446476152534,0,TRUE
12,"Supporting cells","Macrophages/Microglia","MDK_ITGA6_ITGB1",0.00156108636311744,0,TRUE
12,"Supporting cells","Fibrocytes","MDK_LRP1",0.0020981568127676,0,TRUE
12,"Supporting cells","Glia/Schwann","MDK_LRP1",0.000991302390649837,0,TRUE
12,"Supporting cells","Inner hair cells","MDK_LRP1",0.00109305121982356,0,TRUE
12,"Supporting cells","Macrophages/Microglia","MDK_LRP1",0.00241771915421612,0,TRUE
12,"Supporting cells","Supporting cells","MDK_LRP1",0.00215507724562169,0,TRUE
12,"Supporting cells","Fibrocytes","MDK_NCL",0.000846413702441777,0,TRUE
12,"Supporting cells","Glia/Schwann","MDK_NCL",0.00135610941210551,0,TRUE
12,"Supporting cells","Inner hair cells","MDK_NCL",0.00117455168300928,0,TRUE
12,"Supporting cells","Macrophages/Microglia","MDK_NCL",0.00181313840366272,0,TRUE
12,"Supporting cells","Spiral ganglion neurons","MDK_NCL",0.00208129970462401,0,TRUE
12,"Supporting cells","Supporting cells","MDK_NCL",0.00136151597001693,0,TRUE
12,"Supporting cells","Inner hair cells","MDK_ALK",0.00822846003552231,0,TRUE
12,"Fibrocytes","Glia/Schwann","PTN_PTPRZ1",0.226641917594629,0,TRUE
12,"Glia/Schwann","Glia/Schwann","PTN_PTPRZ1",0.197525799132536,0,TRUE
12,"Inner hair cells","Glia/Schwann","PTN_PTPRZ1",0.220658028942837,0,TRUE
12,"Macrophages/Microglia","Glia/Schwann","PTN_PTPRZ1",0.204587393995629,0,TRUE
12,"Outer hair cells","Glia/Schwann","PTN_PTPRZ1",0.216902864432928,0,TRUE
12,"Spiral ganglion neurons","Glia/Schwann","PTN_PTPRZ1",0.228451256952913,0,TRUE
12,"Supporting cells","Glia/Schwann","PTN_PTPRZ1",0.275496024573566,0,TRUE
12,"Fibrocytes","Inner hair cells","PTN_PTPRZ1",0.105652494100295,0,TRUE
12,"Glia/Schwann","Inner hair cells","PTN_PTPRZ1",0.0902653993057982,0,TRUE
12,"Inner hair cells","Inner hair cells","PTN_PTPRZ1",0.102439880426928,0,TRUE
12,"Macrophages/Microglia","Inner hair cells","PTN_PTPRZ1",0.0939413031429785,0,TRUE
12,"Outer hair cells","Inner hair cells","PTN_PTPRZ1",0.100437280899843,0,TRUE
12,"Spiral ganglion neurons","Inner hair cells","PTN_PTPRZ1",0.10662911940451,0,TRUE
12,"Supporting cells","Inner hair cells","PTN_PTPRZ1",0.132908654445893,0,TRUE
12,"Fibrocytes","Fibrocytes","PTN_SDC2",0.0496334306045193,0,TRUE
12,"Glia/Schwann","Fibrocytes","PTN_SDC2",0.0420215459565123,0,TRUE
12,"Inner hair cells","Fibrocytes","PTN_SDC2",0.0480327248159868,0,TRUE
12,"Macrophages/Microglia","Fibrocytes","PTN_SDC2",0.0438274505303999,0,TRUE
12,"Outer hair cells","Fibrocytes","PTN_SDC2",0.0470379920838577,0,TRUE
12,"Spiral ganglion neurons","Fibrocytes","PTN_SDC2",0.0501212498078606,0,TRUE
12,"Supporting cells","Fibrocytes","PTN_SDC2",0.0634633340881688,0,TRUE
12,"Fibrocytes","Glia/Schwann","PTN_SDC2",0.0412136364148315,0.03,TRUE
12,"Glia/Schwann","Glia/Schwann","PTN_SDC2",0.0348456833240148,0.11,FALSE
12,"Inner hair cells","Glia/Schwann","PTN_SDC2",0.0398730809618886,0.03,TRUE
12,"Macrophages/Microglia","Glia/Schwann","PTN_SDC2",0.0363549034981042,0.07,FALSE
12,"Outer hair cells","Glia/Schwann","PTN_SDC2",0.0390404002169104,0.03,TRUE
12,"Spiral ganglion neurons","Glia/Schwann","PTN_SDC2",0.0416223264507948,0.03,TRUE
12,"Supporting cells","Glia/Schwann","PTN_SDC2",0.0528278530928923,0,TRUE
12,"Fibrocytes","Supporting cells","PTN_SDC2",0.0117681045900867,1,FALSE
12,"Glia/Schwann","Supporting cells","PTN_SDC2",0.00990281396083405,1,FALSE
12,"Inner hair cells","Supporting cells","PTN_SDC2",0.0113739616369688,1,FALSE
12,"Macrophages/Microglia","Supporting cells","PTN_SDC2",0.0103432975077297,1,FALSE
12,"Outer hair cells","Supporting cells","PTN_SDC2",0.0111295371220936,1,FALSE
12,"Spiral ganglion neurons","Supporting cells","PTN_SDC2",0.0118884221273457,1,FALSE
12,"Supporting cells","Supporting cells","PTN_SDC2",0.015216106729285,1,FALSE
12,"Fibrocytes","Macrophages/Microglia","PTN_SDC3",0.0184798342220686,0.03,TRUE
12,"Glia/Schwann","Macrophages/Microglia","PTN_SDC3",0.0155674666186616,0.03,TRUE
12,"Inner hair cells","Macrophages/Microglia","PTN_SDC3",0.0178649625604951,0.03,TRUE
12,"Macrophages/Microglia","Macrophages/Microglia","PTN_SDC3",0.0162557806726978,0.03,TRUE
12,"Outer hair cells","Macrophages/Microglia","PTN_SDC3",0.0174835143740685,0.03,TRUE
12,"Spiral ganglion neurons","Macrophages/Microglia","PTN_SDC3",0.0186674764970961,0.02,TRUE
12,"Supporting cells","Macrophages/Microglia","PTN_SDC3",0.0238468896882816,0.02,TRUE
12,"Fibrocytes","Fibrocytes","PTN_NCL",0.020508287108736,1,FALSE
12,"Glia/Schwann","Fibrocytes","PTN_NCL",0.0172818699413548,1,FALSE
12,"Inner hair cells","Fibrocytes","PTN_NCL",0.019827286972521,1,FALSE
12,"Macrophages/Microglia","Fibrocytes","PTN_NCL",0.0180445967250604,1,FALSE
12,"Outer hair cells","Fibrocytes","PTN_NCL",0.0194047675595264,1,FALSE
12,"Spiral ganglion neurons","Fibrocytes","PTN_NCL",0.0207160913625409,1,FALSE
12,"Supporting cells","Fibrocytes","PTN_NCL",0.0264485867263543,1,FALSE
12,"Fibrocytes","Glia/Schwann","PTN_NCL",0.0324732134504616,0.83,FALSE
12,"Glia/Schwann","Glia/Schwann","PTN_NCL",0.0274171321924017,0.97,FALSE
12,"Inner hair cells","Glia/Schwann","PTN_NCL",0.0314076446249198,0.9,FALSE
12,"Macrophages/Microglia","Glia/Schwann","PTN_NCL",0.02861414914165,0.95,FALSE
12,"Outer hair cells","Glia/Schwann","PTN_NCL",0.030746088753294,0.9,FALSE
12,"Spiral ganglion neurons","Glia/Schwann","PTN_NCL",0.0327981950649018,0.75,FALSE
12,"Supporting cells","Glia/Schwann","PTN_NCL",0.0417315407801528,0.12,FALSE
12,"Fibrocytes","Inner hair cells","PTN_NCL",0.0282434785964097,0.72,FALSE
12,"Glia/Schwann","Inner hair cells","PTN_NCL",0.023829747025363,0.8,FALSE
12,"Inner hair cells","Inner hair cells","PTN_NCL",0.0273127852807957,0.75,FALSE
12,"Macrophages/Microglia","Inner hair cells","PTN_NCL",0.0248741464011849,0.79,FALSE
12,"Outer hair cells","Inner hair cells","PTN_NCL",0.0267351008683497,0.78,FALSE
12,"Spiral ganglion neurons","Inner hair cells","PTN_NCL",0.0285273784557289,0.68,FALSE
12,"Supporting cells","Inner hair cells","PTN_NCL",0.0363411762612473,0.5,FALSE
12,"Fibrocytes","Macrophages/Microglia","PTN_NCL",0.0429659753077517,0.27,FALSE
12,"Glia/Schwann","Macrophages/Microglia","PTN_NCL",0.0363375283765612,0.56,FALSE
12,"Inner hair cells","Macrophages/Microglia","PTN_NCL",0.0415708928715086,0.33,FALSE
12,"Macrophages/Microglia","Macrophages/Microglia","PTN_NCL",0.0379088247769845,0.49,FALSE
12,"Outer hair cells","Macrophages/Microglia","PTN_NCL",0.0407042593840082,0.4,FALSE
12,"Spiral ganglion neurons","Macrophages/Microglia","PTN_NCL",0.043391255785568,0.31,FALSE
12,"Supporting cells","Macrophages/Microglia","PTN_NCL",0.0550456591863117,0.02,TRUE
12,"Fibrocytes","Spiral ganglion neurons","PTN_NCL",0.0490216881512438,0.22,FALSE
12,"Glia/Schwann","Spiral ganglion neurons","PTN_NCL",0.0414995248388203,0.31,FALSE
12,"Inner hair cells","Spiral ganglion neurons","PTN_NCL",0.0474397265776217,0.26,FALSE
12,"Macrophages/Microglia","Spiral ganglion neurons","PTN_NCL",0.0432840088367251,0.27,FALSE
12,"Outer hair cells","Spiral ganglion neurons","PTN_NCL",0.0464566752242869,0.25,FALSE
12,"Spiral ganglion neurons","Spiral ganglion neurons","PTN_NCL",0.0495038080652811,0.22,FALSE
12,"Supporting cells","Spiral ganglion neurons","PTN_NCL",0.0626923795912411,0.07,FALSE
12,"Fibrocytes","Supporting cells","PTN_NCL",0.0325986285412106,1,FALSE
12,"Glia/Schwann","Supporting cells","PTN_NCL",0.0275235756414442,1,FALSE
12,"Inner hair cells","Supporting cells","PTN_NCL",0.0315290784805763,1,FALSE
12,"Macrophages/Microglia","Supporting cells","PTN_NCL",0.0287251025970102,1,FALSE
12,"Outer hair cells","Supporting cells","PTN_NCL",0.0308650462906249,1,FALSE
12,"Spiral ganglion neurons","Supporting cells","PTN_NCL",0.032924822558681,0.91,FALSE
12,"Supporting cells","Supporting cells","PTN_NCL",0.0418911643781145,0,TRUE
12,"Fibrocytes","Inner hair cells","PTN_ALK",0.170167152999364,0,TRUE
12,"Glia/Schwann","Inner hair cells","PTN_ALK",0.146927819135996,0,TRUE
12,"Inner hair cells","Inner hair cells","PTN_ALK",0.165355520383107,0,TRUE
12,"Macrophages/Microglia","Inner hair cells","PTN_ALK",0.15252433538682,0,TRUE
12,"Outer hair cells","Inner hair cells","PTN_ALK",0.162345445843803,0,TRUE
12,"Spiral ganglion neurons","Inner hair cells","PTN_ALK",0.171625694459325,0,TRUE
12,"Supporting cells","Inner hair cells","PTN_ALK",0.210155846122085,0,TRUE
12,"Glia/Schwann","Supporting cells","SEMA3A_NRP1_PLXNA2",0.00815357690204483,0,TRUE
12,"Inner hair cells","Supporting cells","SEMA3A_NRP1_PLXNA2",0.0126472115227994,0,TRUE
12,"Outer hair cells","Supporting cells","SEMA3A_NRP1_PLXNA2",0.0141370136747383,0,TRUE
12,"Glia/Schwann","Macrophages/Microglia","SEMA3A_NRP1_PLXNA4",0.0102485367222479,0,TRUE
12,"Inner hair cells","Macrophages/Microglia","SEMA3A_NRP1_PLXNA4",0.0158782711799466,0,TRUE
12,"Outer hair cells","Macrophages/Microglia","SEMA3A_NRP1_PLXNA4",0.0177418429047696,0,TRUE
12,"Macrophages/Microglia","Glia/Schwann","GRN_SORT1",0.00689506929180817,0,TRUE
12,"Macrophages/Microglia","Inner hair cells","GRN_SORT1",0.0059944954781175,0,TRUE
12,"Macrophages/Microglia","Outer hair cells","GRN_SORT1",0.00538001944126778,0,TRUE
12,"Fibrocytes","Macrophages/Microglia","FN1_ITGA4_ITGB1",0.00163993748864799,0,TRUE
12,"Glia/Schwann","Macrophages/Microglia","FN1_ITGA4_ITGB1",0.0039252555540026,0,TRUE
12,"Inner hair cells","Macrophages/Microglia","FN1_ITGA4_ITGB1",0.00562865853762933,0,TRUE
12,"Outer hair cells","Macrophages/Microglia","FN1_ITGA4_ITGB1",0.00313036618532182,0,TRUE
12,"Spiral ganglion neurons","Macrophages/Microglia","FN1_ITGA4_ITGB1",0.00588798221360921,0,TRUE
12,"Supporting cells","Macrophages/Microglia","FN1_ITGA4_ITGB1",0.0169029742703829,0,TRUE
12,"Fibrocytes","Fibrocytes","FN1_ITGA8_ITGB1",0.00152835963164682,0.99,FALSE
12,"Glia/Schwann","Fibrocytes","FN1_ITGA8_ITGB1",0.00365875934721497,0.99,FALSE
12,"Inner hair cells","Fibrocytes","FN1_ITGA8_ITGB1",0.00524712291307915,0.97,FALSE
12,"Outer hair cells","Fibrocytes","FN1_ITGA8_ITGB1",0.00291767908636932,0.99,FALSE
12,"Spiral ganglion neurons","Fibrocytes","FN1_ITGA8_ITGB1",0.00548896550348106,0.69,FALSE
12,"Supporting cells","Fibrocytes","FN1_ITGA8_ITGB1",0.0157693346644118,0,TRUE
12,"Fibrocytes","Supporting cells","FN1_ITGA8_ITGB1",0.00154498188099442,1,FALSE
12,"Glia/Schwann","Supporting cells","FN1_ITGA8_ITGB1",0.00369846573453421,1,FALSE
12,"Inner hair cells","Supporting cells","FN1_ITGA8_ITGB1",0.00530397512294395,1,FALSE
12,"Outer hair cells","Supporting cells","FN1_ITGA8_ITGB1",0.00294936676804448,1,FALSE
12,"Spiral ganglion neurons","Supporting cells","FN1_ITGA8_ITGB1",0.00554842344541526,0.69,FALSE
12,"Supporting cells","Supporting cells","FN1_ITGA8_ITGB1",0.015938367625742,0,TRUE
12,"Fibrocytes","Macrophages/Microglia","LAMA2_ITGA6_ITGB1",0.00692692944033906,0,TRUE
12,"Glia/Schwann","Macrophages/Microglia","LAMA2_ITGA6_ITGB1",0.0026021626811047,0,TRUE
12,"Spiral ganglion neurons","Macrophages/Microglia","LAMA2_ITGA6_ITGB1",0.00204618576579912,0,TRUE
12,"Supporting cells","Macrophages/Microglia","LAMA2_ITGA6_ITGB1",0.00617086167848835,0,TRUE
12,"Supporting cells","Macrophages/Microglia","LAMA4_ITGA6_ITGB1",0.00272608660052846,0,TRUE
12,"Inner hair cells","Macrophages/Microglia","LAMA5_ITGA6_ITGB1",0.00277974046264314,0,TRUE
12,"Outer hair cells","Macrophages/Microglia","LAMA5_ITGA6_ITGB1",0.00429798323511223,0,TRUE
12,"Glia/Schwann","Macrophages/Microglia","LAMB1_ITGA6_ITGB1",0.00315003169737195,0,TRUE
12,"Supporting cells","Macrophages/Microglia","LAMB2_ITGA6_ITGB1",0.0019310808261271,0,TRUE
12,"Fibrocytes","Macrophages/Microglia","LAMC1_ITGA6_ITGB1",0.00353804517527334,0,TRUE
12,"Glia/Schwann","Macrophages/Microglia","LAMC1_ITGA6_ITGB1",0.00338467445613678,0,TRUE
12,"Supporting cells","Macrophages/Microglia","LAMC1_ITGA6_ITGB1",0.00421654545450259,0,TRUE
12,"Supporting cells","Macrophages/Microglia","LAMC3_ITGA6_ITGB1",0.00296770838678856,0,TRUE
12,"Glia/Schwann","Macrophages/Microglia","COL4A3_ITGA9_ITGB1",0.00497596779406797,0,TRUE
12,"Glia/Schwann","Macrophages/Microglia","COL4A4_ITGA9_ITGB1",0.00494597301324557,0,TRUE
12,"Fibrocytes","Macrophages/Microglia","COL4A5_ITGA9_ITGB1",0.00673496507256314,0,TRUE
12,"Glia/Schwann","Macrophages/Microglia","COL4A5_ITGA9_ITGB1",0.00188211238382382,0,TRUE
12,"Glia/Schwann","Macrophages/Microglia","COL9A3_ITGA9_ITGB1",0.00405499708188651,0,TRUE
12,"Fibrocytes","Macrophages/Microglia","LAMA2_ITGA9_ITGB1",0.00858540241517976,0,TRUE
12,"Glia/Schwann","Macrophages/Microglia","LAMA2_ITGA9_ITGB1",0.00322854914015337,0,TRUE
12,"Spiral ganglion neurons","Macrophages/Microglia","LAMA2_ITGA9_ITGB1",0.0025390794743213,0,TRUE
12,"Supporting cells","Macrophages/Microglia","LAMA2_ITGA9_ITGB1",0.00764970832004377,0,TRUE
12,"Supporting cells","Macrophages/Microglia","LAMA4_ITGA9_ITGB1",0.00338220257637288,0,TRUE
12,"Inner hair cells","Macrophages/Microglia","LAMA5_ITGA9_ITGB1",0.00344872522197085,0,TRUE
12,"Outer hair cells","Macrophages/Microglia","LAMA5_ITGA9_ITGB1",0.0053304019942627,0,TRUE
12,"Glia/Schwann","Macrophages/Microglia","LAMB1_ITGA9_ITGB1",0.00390778318315721,0,TRUE
12,"Supporting cells","Macrophages/Microglia","LAMB2_ITGA9_ITGB1",0.00239631415840863,0,TRUE
12,"Fibrocytes","Macrophages/Microglia","LAMC1_ITGA9_ITGB1",0.00438872377326461,0,TRUE
12,"Glia/Schwann","Macrophages/Microglia","LAMC1_ITGA9_ITGB1",0.00419863236664669,0,TRUE
12,"Supporting cells","Macrophages/Microglia","LAMC1_ITGA9_ITGB1",0.00522950478252683,0,TRUE
12,"Supporting cells","Macrophages/Microglia","LAMC3_ITGA9_ITGB1",0.00368176332963256,0,TRUE
12,"Fibrocytes","Macrophages/Microglia","FN1_ITGAV_ITGB1",0.00152439819067285,0.61,FALSE
12,"Glia/Schwann","Macrophages/Microglia","FN1_ITGAV_ITGB1",0.00364929618573958,0.56,FALSE
12,"Inner hair cells","Macrophages/Microglia","FN1_ITGAV_ITGB1",0.00523357312412079,0.31,FALSE
12,"Outer hair cells","Macrophages/Microglia","FN1_ITGAV_ITGB1",0.00291012708601589,0.6,FALSE
12,"Spiral ganglion neurons","Macrophages/Microglia","FN1_ITGAV_ITGB1",0.0054747946349253,0.32,FALSE
12,"Supporting cells","Macrophages/Microglia","FN1_ITGAV_ITGB1",0.0157290427210669,0,TRUE
12,"Fibrocytes","Supporting cells","FN1_ITGAV_ITGB1",0.0010967507579164,1,FALSE
12,"Glia/Schwann","Supporting cells","FN1_ITGAV_ITGB1",0.00262710838875295,1,FALSE
12,"Inner hair cells","Supporting cells","FN1_ITGAV_ITGB1",0.00376929951036407,0.99,FALSE
12,"Outer hair cells","Supporting cells","FN1_ITGAV_ITGB1",0.00209454933681603,1,FALSE
12,"Spiral ganglion neurons","Supporting cells","FN1_ITGAV_ITGB1",0.00394329847019048,0.68,FALSE
12,"Supporting cells","Supporting cells","FN1_ITGAV_ITGB1",0.0113618366821424,0,TRUE
12,"Fibrocytes","Supporting cells","FN1_ITGAV_ITGB8",0.00118054219391127,1,FALSE
12,"Glia/Schwann","Supporting cells","FN1_ITGAV_ITGB8",0.00282748774891219,1,FALSE
12,"Inner hair cells","Supporting cells","FN1_ITGAV_ITGB8",0.00405644372468552,0.92,FALSE
12,"Outer hair cells","Supporting cells","FN1_ITGAV_ITGB8",0.00225440024632783,1,FALSE
12,"Spiral ganglion neurons","Supporting cells","FN1_ITGAV_ITGB8",0.00424364141496157,0.62,FALSE
12,"Supporting cells","Supporting cells","FN1_ITGAV_ITGB8",0.0122202833955163,0,TRUE
12,"Fibrocytes","Supporting cells","LAMA2_ITGAV_ITGB8",0.00602409228939,0,TRUE
12,"Glia/Schwann","Supporting cells","LAMA2_ITGAV_ITGB8",0.00226172009651855,1,FALSE
12,"Spiral ganglion neurons","Supporting cells","LAMA2_ITGAV_ITGB8",0.00177835229894909,0.93,FALSE
12,"Supporting cells","Supporting cells","LAMA2_ITGAV_ITGB8",0.00536603586599859,0,TRUE
12,"Supporting cells","Supporting cells","LAMA4_ITGAV_ITGB8",0.00236946948795385,0,TRUE
12,"Inner hair cells","Supporting cells","LAMA5_ITGAV_ITGB8",0.00241612154417634,0,TRUE
12,"Outer hair cells","Supporting cells","LAMA5_ITGAV_ITGB8",0.00373650654186574,0,TRUE
12,"Glia/Schwann","Supporting cells","LAMB1_ITGAV_ITGB8",0.00273810783814786,0,TRUE
12,"Supporting cells","Supporting cells","LAMB2_ITGAV_ITGB8",0.00167828856892138,0,TRUE
12,"Fibrocytes","Supporting cells","LAMC1_ITGAV_ITGB8",0.00307553805156898,0.1,FALSE
12,"Glia/Schwann","Supporting cells","LAMC1_ITGAV_ITGB8",0.0029421573561788,0.44,FALSE
12,"Supporting cells","Supporting cells","LAMC1_ITGAV_ITGB8",0.00366566840195861,0,TRUE
12,"Supporting cells","Supporting cells","LAMC3_ITGAV_ITGB8",0.0025795649154553,0,TRUE
12,"Glia/Schwann","Supporting cells","COL4A3_ITGAV_ITGB8",0.00348768355090583,0,TRUE
12,"Glia/Schwann","Supporting cells","COL4A4_ITGAV_ITGB8",0.00346662878631285,0,TRUE
12,"Fibrocytes","Supporting cells","COL4A5_ITGAV_ITGB8",0.00472307180788264,0,TRUE
12,"Glia/Schwann","Supporting cells","COL4A5_ITGAV_ITGB8",0.00131795737890769,0.08,FALSE
12,"Glia/Schwann","Supporting cells","COL9A3_ITGAV_ITGB8",0.00284138345384858,0,TRUE
12,"Glia/Schwann","Fibrocytes","AGRN_DAG1",0.00275041147929184,0,TRUE
12,"Glia/Schwann","Glia/Schwann","AGRN_DAG1",0.00277179453083686,0,TRUE
12,"Glia/Schwann","Supporting cells","AGRN_DAG1",0.00161059978422536,0,TRUE
12,"Fibrocytes","Fibrocytes","LAMA2_DAG1",0.00463225502377407,0.01,TRUE
12,"Glia/Schwann","Fibrocytes","LAMA2_DAG1",0.00173764100566929,0.51,FALSE
12,"Spiral ganglion neurons","Fibrocytes","LAMA2_DAG1",0.0013661244053915,0.45,FALSE
12,"Supporting cells","Fibrocytes","LAMA2_DAG1",0.00412560827884041,0.01,TRUE
12,"Fibrocytes","Glia/Schwann","LAMA2_DAG1",0.00466819996666964,0.01,TRUE
12,"Glia/Schwann","Glia/Schwann","LAMA2_DAG1",0.001751164107754,0.5,FALSE
12,"Spiral ganglion neurons","Glia/Schwann","LAMA2_DAG1",0.00137676018614011,0.52,FALSE
12,"Supporting cells","Glia/Schwann","LAMA2_DAG1",0.0041576382128498,0.06,FALSE
12,"Fibrocytes","Supporting cells","LAMA2_DAG1",0.00271470212746378,0.11,FALSE
12,"Glia/Schwann","Supporting cells","LAMA2_DAG1",0.00101710849250112,0.82,FALSE
12,"Spiral ganglion neurons","Supporting cells","LAMA2_DAG1",0.000799522072490536,0.75,FALSE
12,"Supporting cells","Supporting cells","LAMA2_DAG1",0.00241727585128413,0.32,FALSE
12,"Supporting cells","Fibrocytes","LAMA4_DAG1",0.0018204685821785,0,TRUE
12,"Supporting cells","Glia/Schwann","LAMA4_DAG1",0.00183463510096623,0,TRUE
12,"Supporting cells","Supporting cells","LAMA4_DAG1",0.00106562733989546,0,TRUE
12,"Inner hair cells","Fibrocytes","LAMA5_DAG1",0.00185633157193427,0,TRUE
12,"Outer hair cells","Fibrocytes","LAMA5_DAG1",0.00287167787025199,0,TRUE
12,"Inner hair cells","Glia/Schwann","LAMA5_DAG1",0.00187077664621846,0,TRUE
12,"Outer hair cells","Glia/Schwann","LAMA5_DAG1",0.00289400097041705,0,TRUE
12,"Inner hair cells","Supporting cells","LAMA5_DAG1",0.00108663624528343,0,TRUE
12,"Outer hair cells","Supporting cells","LAMA5_DAG1",0.0016816963132958,0,TRUE
12,"Glia/Schwann","Fibrocytes","LAMB1_DAG1",0.00210387435607607,0,TRUE
12,"Glia/Schwann","Glia/Schwann","LAMB1_DAG1",0.00212024159682817,0,TRUE
12,"Glia/Schwann","Supporting cells","LAMB1_DAG1",0.0012316664082818,0,TRUE
12,"Supporting cells","Fibrocytes","LAMB2_DAG1",0.00128922581906511,0,TRUE
12,"Supporting cells","Glia/Schwann","LAMB2_DAG1",0.00129926369495974,0,TRUE
12,"Supporting cells","Supporting cells","LAMB2_DAG1",0.000754493204108061,0,TRUE
12,"Fibrocytes","Fibrocytes","LAMC1_DAG1",0.00236333014775438,0.08,FALSE
12,"Glia/Schwann","Fibrocytes","LAMC1_DAG1",0.00226076661680853,0.12,FALSE
12,"Supporting cells","Fibrocytes","LAMC1_DAG1",0.00281718912446608,0.01,TRUE
12,"Fibrocytes","Glia/Schwann","LAMC1_DAG1",0.00238171102584919,0.23,FALSE
12,"Glia/Schwann","Glia/Schwann","LAMC1_DAG1",0.00227835162538847,0.27,FALSE
12,"Supporting cells","Glia/Schwann","LAMC1_DAG1",0.00283908986025376,0.06,FALSE
12,"Fibrocytes","Supporting cells","LAMC1_DAG1",0.00138370817571694,0.62,FALSE
12,"Glia/Schwann","Supporting cells","LAMC1_DAG1",0.00132360176258715,0.66,FALSE
12,"Supporting cells","Supporting cells","LAMC1_DAG1",0.00164974955398829,0.3,FALSE
12,"Supporting cells","Fibrocytes","LAMC3_DAG1",0.00198198206731102,0,TRUE
12,"Supporting cells","Glia/Schwann","LAMC3_DAG1",0.00199740293637069,0,TRUE
12,"Supporting cells","Supporting cells","LAMC3_DAG1",0.00116024852657969,0,TRUE
12,"Fibrocytes","Macrophages/Microglia","APP_CD74",0.14366958669936,0,TRUE
12,"Glia/Schwann","Macrophages/Microglia","APP_CD74",0.114320431185854,0,TRUE
12,"Inner hair cells","Macrophages/Microglia","APP_CD74",0.148030042101863,0,TRUE
12,"Macrophages/Microglia","Macrophages/Microglia","APP_CD74",0.138008292221451,0,TRUE
12,"Outer hair cells","Macrophages/Microglia","APP_CD74",0.151357629013091,0,TRUE
12,"Spiral ganglion neurons","Macrophages/Microglia","APP_CD74",0.121618633709158,0,TRUE
12,"Supporting cells","Macrophages/Microglia","APP_CD74",0.151809121431206,0,TRUE
12,"Fibrocytes","Fibrocytes","CADM1_CADM1",0.00389289285496812,0,TRUE
12,"Glia/Schwann","Fibrocytes","CADM1_CADM1",0.00284951254405532,0,TRUE
12,"Macrophages/Microglia","Fibrocytes","CADM1_CADM1",0.00323193558997938,0,TRUE
12,"Spiral ganglion neurons","Fibrocytes","CADM1_CADM1",0.00620751917544599,0,TRUE
12,"Fibrocytes","Glia/Schwann","CADM1_CADM1",0.00284951254405532,0,TRUE
12,"Glia/Schwann","Glia/Schwann","CADM1_CADM1",0.0020851955440813,0,TRUE
12,"Macrophages/Microglia","Glia/Schwann","CADM1_CADM1",0.00236528561202151,0,TRUE
12,"Spiral ganglion neurons","Glia/Schwann","CADM1_CADM1",0.00454660005547783,0,TRUE
12,"Fibrocytes","Macrophages/Microglia","CADM1_CADM1",0.00323193558997938,0,TRUE
12,"Glia/Schwann","Macrophages/Microglia","CADM1_CADM1",0.00236528561202151,0,TRUE
12,"Macrophages/Microglia","Macrophages/Microglia","CADM1_CADM1",0.00268289711631218,0.12,FALSE
12,"Spiral ganglion neurons","Macrophages/Microglia","CADM1_CADM1",0.00515560564413486,0,TRUE
12,"Fibrocytes","Spiral ganglion neurons","CADM1_CADM1",0.00620751917544599,0,TRUE
12,"Glia/Schwann","Spiral ganglion neurons","CADM1_CADM1",0.00454660005547783,0,TRUE
12,"Macrophages/Microglia","Spiral ganglion neurons","CADM1_CADM1",0.00515560564413486,0,TRUE
12,"Spiral ganglion neurons","Spiral ganglion neurons","CADM1_CADM1",0.00988471336917144,0,TRUE
12,"Macrophages/Microglia","Macrophages/Microglia","PTPRC_MRC1",0.0882813233728293,0,TRUE
12,"Glia/Schwann","Glia/Schwann","CDH1_CDH1",0.00532661115988718,0,TRUE
12,"Fibrocytes","Fibrocytes","CLDN11_CLDN11",0.00314028644597654,0.49,FALSE
12,"Supporting cells","Fibrocytes","CLDN11_CLDN11",0.00344886735035267,0.04,TRUE
12,"Fibrocytes","Supporting cells","CLDN11_CLDN11",0.00344886735035267,0.04,TRUE
12,"Supporting cells","Supporting cells","CLDN11_CLDN11",0.00378765580782426,0,TRUE
12,"Inner hair cells","Spiral ganglion neurons","NFASC_CNTN1_CNTNAP1",0.0197699977365582,0,TRUE
12,"Outer hair cells","Spiral ganglion neurons","NFASC_CNTN1_CNTNAP1",0.00150726144968224,0,TRUE
12,"Spiral ganglion neurons","Spiral ganglion neurons","NFASC_CNTN1_CNTNAP1",0.00930419486701138,0,TRUE
12,"Fibrocytes","Fibrocytes","EFNA5_EPHA3",0.0137718136243027,0.1,FALSE
12,"Glia/Schwann","Fibrocytes","EFNA5_EPHA3",0.0338707872021951,0,TRUE
12,"Outer hair cells","Fibrocytes","EFNA5_EPHA3",0.00595991994315578,0.38,FALSE
12,"Fibrocytes","Glia/Schwann","EFNA5_EPHA3",0.0136524536868803,0.11,FALSE
12,"Glia/Schwann","Glia/Schwann","EFNA5_EPHA3",0.0335831617888937,0,TRUE
12,"Outer hair cells","Glia/Schwann","EFNA5_EPHA3",0.00590785989766057,0.4,FALSE
12,"Fibrocytes","Inner hair cells","EFNA5_EPHA3",0.0159360533100605,0.04,TRUE
12,"Glia/Schwann","Inner hair cells","EFNA5_EPHA3",0.0390684564409357,0,TRUE
12,"Outer hair cells","Inner hair cells","EFNA5_EPHA3",0.00690511636633039,0.36,FALSE
12,"Fibrocytes","Macrophages/Microglia","EFNA5_EPHA3",0.0109487168059095,0.27,FALSE
12,"Glia/Schwann","Macrophages/Microglia","EFNA5_EPHA3",0.0270405488943548,0,TRUE
12,"Outer hair cells","Macrophages/Microglia","EFNA5_EPHA3",0.00473050937379218,0.42,FALSE
12,"Fibrocytes","Outer hair cells","EFNA5_EPHA3",0.0162772533310365,0.05,FALSE
12,"Glia/Schwann","Outer hair cells","EFNA5_EPHA3",0.039884860457047,0,TRUE
12,"Outer hair cells","Outer hair cells","EFNA5_EPHA3",0.00705434495893474,0.37,FALSE
12,"Fibrocytes","Spiral ganglion neurons","EFNA5_EPHA3",0.0130930123558341,0.1,FALSE
12,"Glia/Schwann","Spiral ganglion neurons","EFNA5_EPHA3",0.0322337028082058,0,TRUE
12,"Outer hair cells","Spiral ganglion neurons","EFNA5_EPHA3",0.00566394912280636,0.38,FALSE
12,"Fibrocytes","Supporting cells","EFNA5_EPHA3",0.055888458970416,0,TRUE
12,"Glia/Schwann","Supporting cells","EFNA5_EPHA3",0.129389511514165,0,TRUE
12,"Outer hair cells","Supporting cells","EFNA5_EPHA3",0.0247868412430734,0.04,TRUE
12,"Fibrocytes","Glia/Schwann","EFNA5_EPHA4",0.00741264090597682,0,TRUE
12,"Glia/Schwann","Glia/Schwann","EFNA5_EPHA4",0.0184040468940398,0,TRUE
12,"Outer hair cells","Glia/Schwann","EFNA5_EPHA4",0.00319622027579643,0.11,FALSE
12,"Fibrocytes","Inner hair cells","EFNA5_EPHA4",0.00604894454353571,0,TRUE
12,"Glia/Schwann","Inner hair cells","EFNA5_EPHA4",0.0150489295919814,0,TRUE
12,"Outer hair cells","Inner hair cells","EFNA5_EPHA4",0.00260617804414299,0.2,FALSE
12,"Fibrocytes","Supporting cells","EFNA5_EPHA4",0.00894154442936718,0,TRUE
12,"Glia/Schwann","Supporting cells","EFNA5_EPHA4",0.0221494078830432,0,TRUE
12,"Outer hair cells","Supporting cells","EFNA5_EPHA4",0.00385884164132988,0.06,FALSE
12,"Fibrocytes","Glia/Schwann","EFNA5_EPHA5",0.0363844964862642,0,TRUE
12,"Glia/Schwann","Glia/Schwann","EFNA5_EPHA5",0.0865876257621229,0,TRUE
12,"Outer hair cells","Glia/Schwann","EFNA5_EPHA5",0.015953320673088,0,TRUE
12,"Fibrocytes","Inner hair cells","EFNA5_EPHA5",0.0063918221122923,0.03,TRUE
12,"Glia/Schwann","Inner hair cells","EFNA5_EPHA5",0.0158938034855613,0,TRUE
12,"Outer hair cells","Inner hair cells","EFNA5_EPHA5",0.00275444709384481,0.33,FALSE
12,"Fibrocytes","Spiral ganglion neurons","EFNA5_EPHA5",0.00919005488525002,0.01,TRUE
12,"Glia/Schwann","Spiral ganglion neurons","EFNA5_EPHA5",0.0227565727716036,0,TRUE
12,"Outer hair cells","Spiral ganglion neurons","EFNA5_EPHA5",0.00396665500713393,0.26,FALSE
12,"Fibrocytes","Supporting cells","EFNA5_EPHA5",0.0155713814489684,0,TRUE
12,"Glia/Schwann","Supporting cells","EFNA5_EPHA5",0.0381949813176139,0,TRUE
12,"Outer hair cells","Supporting cells","EFNA5_EPHA5",0.00674568685670906,0.06,FALSE
12,"Fibrocytes","Fibrocytes","EFNA5_EPHA7",0.0636567978340528,0,TRUE
12,"Glia/Schwann","Fibrocytes","EFNA5_EPHA7",0.145796593094215,0,TRUE
12,"Outer hair cells","Fibrocytes","EFNA5_EPHA7",0.0283620107438319,0,TRUE
12,"Fibrocytes","Glia/Schwann","EFNA5_EPHA7",0.056718241933551,0,TRUE
12,"Glia/Schwann","Glia/Schwann","EFNA5_EPHA7",0.13115896983858,0,TRUE
12,"Outer hair cells","Glia/Schwann","EFNA5_EPHA7",0.0251671639695115,0.01,TRUE
12,"Fibrocytes","Inner hair cells","EFNA5_EPHA7",0.0125227970510718,0.02,TRUE
12,"Glia/Schwann","Inner hair cells","EFNA5_EPHA7",0.0308559517787246,0,TRUE
12,"Outer hair cells","Inner hair cells","EFNA5_EPHA7",0.00541550241682097,0.36,FALSE
12,"Fibrocytes","Macrophages/Microglia","EFNA5_EPHA7",0.00519399845222856,0.4,FALSE
12,"Glia/Schwann","Macrophages/Microglia","EFNA5_EPHA7",0.0129385015255223,0.08,FALSE
12,"Outer hair cells","Macrophages/Microglia","EFNA5_EPHA7",0.00223673089012844,0.44,FALSE
12,"Fibrocytes","Outer hair cells","EFNA5_EPHA7",0.0105329071942201,0.12,FALSE
12,"Glia/Schwann","Outer hair cells","EFNA5_EPHA7",0.0260296885301925,0,TRUE
12,"Outer hair cells","Outer hair cells","EFNA5_EPHA7",0.00454976807210993,0.4,FALSE
12,"Fibrocytes","Spiral ganglion neurons","EFNA5_EPHA7",0.0142075486233382,0.03,TRUE
12,"Glia/Schwann","Spiral ganglion neurons","EFNA5_EPHA7",0.0349199296463992,0,TRUE
12,"Outer hair cells","Spiral ganglion neurons","EFNA5_EPHA7",0.00615003086790357,0.32,FALSE
12,"Fibrocytes","Supporting cells","EFNA5_EPHA7",0.0329492274761005,0,TRUE
12,"Glia/Schwann","Supporting cells","EFNA5_EPHA7",0.0788000037298745,0,TRUE
12,"Outer hair cells","Supporting cells","EFNA5_EPHA7",0.014418212900957,0.12,FALSE
12,"Fibrocytes","Spiral ganglion neurons","EFNA5_EPHB2",0.00804165002652683,0,TRUE
12,"Glia/Schwann","Spiral ganglion neurons","EFNA5_EPHB2",0.0199470025180468,0,TRUE
12,"Outer hair cells","Spiral ganglion neurons","EFNA5_EPHB2",0.00346868996342025,0,TRUE
12,"Glia/Schwann","Glia/Schwann","EFNB2_EPHA4",0.00203325775598627,0,TRUE
12,"Glia/Schwann","Inner hair cells","EFNB2_EPHA4",0.00165754867080779,0,TRUE
12,"Glia/Schwann","Supporting cells","EFNB2_EPHA4",0.00245537453841781,0,TRUE
12,"Glia/Schwann","Spiral ganglion neurons","EFNB2_EPHB2",0.0022068073162472,0,TRUE
12,"Glia/Schwann","Glia/Schwann","F11R_F11R",0.00103430626967433,0,TRUE
12,"Macrophages/Microglia","Glia/Schwann","F11R_F11R",0.00196041136413711,0,TRUE
12,"Glia/Schwann","Macrophages/Microglia","F11R_F11R",0.00196041136413711,0,TRUE
12,"Macrophages/Microglia","Macrophages/Microglia","F11R_F11R",0.00371265774439731,0,TRUE
12,"Spiral ganglion neurons","Spiral ganglion neurons","L1CAM_L1CAM",0.00113071013119801,0,TRUE
12,"Fibrocytes","Fibrocytes","MPZL1_MPZL1",0.00788269643127258,0,TRUE
12,"Glia/Schwann","Fibrocytes","MPZL1_MPZL1",0.00500267950347155,0,TRUE
12,"Supporting cells","Fibrocytes","MPZL1_MPZL1",0.00222186793025559,0,TRUE
12,"Fibrocytes","Glia/Schwann","MPZL1_MPZL1",0.00500267950347155,0,TRUE
12,"Glia/Schwann","Glia/Schwann","MPZL1_MPZL1",0.00317153997868488,0.02,TRUE
12,"Supporting cells","Glia/Schwann","MPZL1_MPZL1",0.00140715423244932,0.76,FALSE
12,"Fibrocytes","Supporting cells","MPZL1_MPZL1",0.00222186793025559,0,TRUE
12,"Glia/Schwann","Supporting cells","MPZL1_MPZL1",0.00140715423244932,0.76,FALSE
12,"Supporting cells","Supporting cells","MPZL1_MPZL1",0.00062371441350098,1,FALSE
12,"Spiral ganglion neurons","Fibrocytes","NCAM1_FGFR1",0.0213773532748946,0,TRUE
12,"Spiral ganglion neurons","Glia/Schwann","NCAM1_FGFR1",0.00784976467945894,0,TRUE
12,"Spiral ganglion neurons","Inner hair cells","NCAM1_FGFR1",0.00383029427935725,0,TRUE
12,"Spiral ganglion neurons","Supporting cells","NCAM1_FGFR1",0.00809031138443881,0,TRUE
12,"Spiral ganglion neurons","Spiral ganglion neurons","NCAM1_NCAM1",0.0126854353689251,0,TRUE
12,"Spiral ganglion neurons","Spiral ganglion neurons","NCAM1_L1CAM",0.00379920834412623,0,TRUE
12,"Fibrocytes","Fibrocytes","NEGR1_NEGR1",0.00161330764656366,1,FALSE
12,"Glia/Schwann","Fibrocytes","NEGR1_NEGR1",0.00127577645221907,1,FALSE
12,"Inner hair cells","Fibrocytes","NEGR1_NEGR1",0.00396723958730625,1,FALSE
12,"Macrophages/Microglia","Fibrocytes","NEGR1_NEGR1",0.0012297378033999,0.99,FALSE
12,"Outer hair cells","Fibrocytes","NEGR1_NEGR1",0.00478498203664183,1,FALSE
12,"Supporting cells","Fibrocytes","NEGR1_NEGR1",0.00435904408749806,1,FALSE
12,"Fibrocytes","Glia/Schwann","NEGR1_NEGR1",0.00127577645221907,1,FALSE
12,"Glia/Schwann","Glia/Schwann","NEGR1_NEGR1",0.00100879112854343,1,FALSE
12,"Inner hair cells","Glia/Schwann","NEGR1_NEGR1",0.00313877438228644,1,FALSE
12,"Macrophages/Microglia","Glia/Schwann","NEGR1_NEGR1",0.000972377736678144,0.99,FALSE
12,"Outer hair cells","Glia/Schwann","NEGR1_NEGR1",0.00378639961098873,1,FALSE
12,"Supporting cells","Glia/Schwann","NEGR1_NEGR1",0.00344904299780741,1,FALSE
12,"Fibrocytes","Inner hair cells","NEGR1_NEGR1",0.00396723958730625,1,FALSE
12,"Glia/Schwann","Inner hair cells","NEGR1_NEGR1",0.00313877438228644,1,FALSE
12,"Inner hair cells","Inner hair cells","NEGR1_NEGR1",0.009722281924455,0.51,FALSE
12,"Macrophages/Microglia","Inner hair cells","NEGR1_NEGR1",0.00302570983645689,0.99,FALSE
12,"Outer hair cells","Inner hair cells","NEGR1_NEGR1",0.0117123263973165,0.08,FALSE
12,"Supporting cells","Inner hair cells","NEGR1_NEGR1",0.0106763620171462,0.21,FALSE
12,"Fibrocytes","Macrophages/Microglia","NEGR1_NEGR1",0.0012297378033999,0.99,FALSE
12,"Glia/Schwann","Macrophages/Microglia","NEGR1_NEGR1",0.000972377736678144,0.99,FALSE
12,"Inner hair cells","Macrophages/Microglia","NEGR1_NEGR1",0.00302570983645689,0.99,FALSE
12,"Macrophages/Microglia","Macrophages/Microglia","NEGR1_NEGR1",0.000937277491851483,0.99,FALSE
12,"Outer hair cells","Macrophages/Microglia","NEGR1_NEGR1",0.00365009180852686,0.99,FALSE
12,"Supporting cells","Macrophages/Microglia","NEGR1_NEGR1",0.00332483927089424,0.99,FALSE
12,"Fibrocytes","Outer hair cells","NEGR1_NEGR1",0.00478498203664183,1,FALSE
12,"Glia/Schwann","Outer hair cells","NEGR1_NEGR1",0.00378639961098873,1,FALSE
12,"Inner hair cells","Outer hair cells","NEGR1_NEGR1",0.0117123263973165,0.08,FALSE
12,"Macrophages/Microglia","Outer hair cells","NEGR1_NEGR1",0.00365009180852686,0.99,FALSE
12,"Outer hair cells","Outer hair cells","NEGR1_NEGR1",0.0141039096521183,0,TRUE
12,"Supporting cells","Outer hair cells","NEGR1_NEGR1",0.0128591603034818,0,TRUE
12,"Fibrocytes","Supporting cells","NEGR1_NEGR1",0.00435904408749806,1,FALSE
12,"Glia/Schwann","Supporting cells","NEGR1_NEGR1",0.00344904299780741,1,FALSE
12,"Inner hair cells","Supporting cells","NEGR1_NEGR1",0.0106763620171462,0.21,FALSE
12,"Macrophages/Microglia","Supporting cells","NEGR1_NEGR1",0.00332483927089424,0.99,FALSE
12,"Outer hair cells","Supporting cells","NEGR1_NEGR1",0.0128591603034818,0,TRUE
12,"Supporting cells","Supporting cells","NEGR1_NEGR1",0.0117229608229368,0,TRUE
12,"Fibrocytes","Spiral ganglion neurons","LRRC4C_NTNG1",0.0252070721364012,0,TRUE
12,"Spiral ganglion neurons","Spiral ganglion neurons","LRRC4C_NTNG1",0.044828320004982,0,TRUE
12,"Supporting cells","Spiral ganglion neurons","LRRC4C_NTNG1",0.0111038943850822,0,TRUE
12,"Inner hair cells","Glia/Schwann","NRXN1_NLGN1",0.064984386235059,0,TRUE
12,"Spiral ganglion neurons","Glia/Schwann","NRXN1_NLGN1",0.0760567644211325,0,TRUE
12,"Supporting cells","Glia/Schwann","NRXN1_NLGN1",0.00755244862770131,0,TRUE
12,"Inner hair cells","Supporting cells","NRXN1_NLGN2",0.00897087443522112,0,TRUE
12,"Spiral ganglion neurons","Supporting cells","NRXN1_NLGN2",0.0106076529816825,0,TRUE
12,"Supporting cells","Supporting cells","NRXN1_NLGN2",0.000990166388225698,0,TRUE
12,"Spiral ganglion neurons","Glia/Schwann","NRXN2_NLGN1",0.00939194458802646,0,TRUE
12,"Spiral ganglion neurons","Supporting cells","NRXN2_NLGN2",0.00123332039385834,0,TRUE
12,"Fibrocytes","Glia/Schwann","NRXN3_NLGN1",0.0173565227011194,0,TRUE
12,"Glia/Schwann","Glia/Schwann","NRXN3_NLGN1",0.00891773163039036,0,TRUE
12,"Supporting cells","Glia/Schwann","NRXN3_NLGN1",0.00687322458677835,0,TRUE
12,"Fibrocytes","Supporting cells","NRXN3_NLGN2",0.0022952341296754,0,TRUE
12,"Glia/Schwann","Supporting cells","NRXN3_NLGN2",0.00117056147756219,0,TRUE
12,"Supporting cells","Supporting cells","NRXN3_NLGN2",0.000900580941280521,0,TRUE
12,"Glia/Schwann","Glia/Schwann","OCLN_OCLN",0.00167626251943773,0,TRUE
12,"Fibrocytes","Fibrocytes","PTPRM_PTPRM",0.0106858931462093,0,TRUE
12,"Glia/Schwann","Fibrocytes","PTPRM_PTPRM",0.00637065296808849,1,FALSE
12,"Inner hair cells","Fibrocytes","PTPRM_PTPRM",0.0112883093677146,0.11,FALSE
12,"Outer hair cells","Fibrocytes","PTPRM_PTPRM",0.00668872624793087,1,FALSE
12,"Supporting cells","Fibrocytes","PTPRM_PTPRM",0.00959856261896088,0,TRUE
12,"Fibrocytes","Glia/Schwann","PTPRM_PTPRM",0.00637065296808849,1,FALSE
12,"Glia/Schwann","Glia/Schwann","PTPRM_PTPRM",0.00379134026889155,1,FALSE
12,"Inner hair cells","Glia/Schwann","PTPRM_PTPRM",0.00673145318723414,0.98,FALSE
12,"Outer hair cells","Glia/Schwann","PTPRM_PTPRM",0.00398114987842977,1,FALSE
12,"Supporting cells","Glia/Schwann","PTPRM_PTPRM",0.005719875964269,1,FALSE
12,"Fibrocytes","Inner hair cells","PTPRM_PTPRM",0.0112883093677146,0.11,FALSE
12,"Glia/Schwann","Inner hair cells","PTPRM_PTPRM",0.00673145318723414,0.98,FALSE
12,"Inner hair cells","Inner hair cells","PTPRM_PTPRM",0.01192427741068,0.11,FALSE
12,"Outer hair cells","Inner hair cells","PTPRM_PTPRM",0.00706741233322732,0.94,FALSE
12,"Supporting cells","Inner hair cells","PTPRM_PTPRM",0.0101403089803655,0.11,FALSE
12,"Fibrocytes","Outer hair cells","PTPRM_PTPRM",0.00668872624793087,1,FALSE
12,"Glia/Schwann","Outer hair cells","PTPRM_PTPRM",0.00398114987842977,1,FALSE
12,"Inner hair cells","Outer hair cells","PTPRM_PTPRM",0.00706741233322732,0.94,FALSE
12,"Outer hair cells","Outer hair cells","PTPRM_PTPRM",0.00418042223760018,1,FALSE
12,"Supporting cells","Outer hair cells","PTPRM_PTPRM",0.00600565370584328,1,FALSE
12,"Fibrocytes","Supporting cells","PTPRM_PTPRM",0.00959856261896088,0,TRUE
12,"Glia/Schwann","Supporting cells","PTPRM_PTPRM",0.005719875964269,1,FALSE
12,"Inner hair cells","Supporting cells","PTPRM_PTPRM",0.0101403089803655,0.11,FALSE
12,"Outer hair cells","Supporting cells","PTPRM_PTPRM",0.00600565370584328,1,FALSE
12,"Supporting cells","Supporting cells","PTPRM_PTPRM",0.00862090801443642,0.08,FALSE
12,"Macrophages/Microglia","Glia/Schwann","SEMA4D_PLXNB1",0.00116275775561115,0,TRUE
12,"Macrophages/Microglia","Macrophages/Microglia","SEMA4D_PLXNB2",0.00173252552390305,0,TRUE
12,"Macrophages/Microglia","Macrophages/Microglia","ITGA4_ITGB1_VCAM1",0.00272529642487476,0,TRUE
12,"Macrophages/Microglia","Macrophages/Microglia","ITGA9_ITGB1_VCAM1",0.00280171837642763,0,TRUE
24,"Spiral ganglion neurons","Fibrocytes","TGFB2_TGFBR1_TGFBR2",0.00257720083500551,0.01,TRUE
24,"Spiral ganglion neurons","Glia/Schwann","TGFB2_TGFBR1_TGFBR2",0.00161737285979516,0.08,FALSE
24,"Spiral ganglion neurons","Macrophages/Microglia","TGFB2_TGFBR1_TGFBR2",0.00868302435366628,0,TRUE
24,"Spiral ganglion neurons","Supporting cells","TGFB2_TGFBR1_TGFBR2",0.00301052175555439,0.01,TRUE
24,"Spiral ganglion neurons","Fibrocytes","TGFB2_ACVR1_TGFBR1",0.00275688089607331,0,TRUE
24,"Spiral ganglion neurons","Glia/Schwann","TGFB2_ACVR1_TGFBR1",0.00220722800825667,0.05,FALSE
24,"Spiral ganglion neurons","Macrophages/Microglia","TGFB2_ACVR1_TGFBR1",0.00536845572613547,0.01,TRUE
24,"Spiral ganglion neurons","Supporting cells","TGFB2_ACVR1_TGFBR1",0.0029508424312266,0.02,TRUE
24,"Fibrocytes","Fibrocytes","BMP5_ACVR1_ACVR2A",0.00424418582089571,0,TRUE
24,"Glia/Schwann","Fibrocytes","BMP5_ACVR1_ACVR2A",0.00524057430107514,0,TRUE
24,"Macrophages/Microglia","Fibrocytes","BMP5_ACVR1_ACVR2A",0.0036944908462655,0.04,TRUE
24,"Supporting cells","Fibrocytes","BMP5_ACVR1_ACVR2A",0.00362007577545272,0.01,TRUE
24,"Fibrocytes","Inner hair cells","BMP5_ACVR1_ACVR2A",0.00207800159392087,0.24,FALSE
24,"Glia/Schwann","Inner hair cells","BMP5_ACVR1_ACVR2A",0.00256715579290793,0.2,FALSE
24,"Macrophages/Microglia","Inner hair cells","BMP5_ACVR1_ACVR2A",0.00180835517844131,0.19,FALSE
24,"Supporting cells","Inner hair cells","BMP5_ACVR1_ACVR2A",0.00177186341279332,0.24,FALSE
24,"Fibrocytes","Fibrocytes","BMP5_ACVR1_BMPR2",0.00512856417450435,0.54,FALSE
24,"Glia/Schwann","Fibrocytes","BMP5_ACVR1_BMPR2",0.00633125408892822,0.13,FALSE
24,"Macrophages/Microglia","Fibrocytes","BMP5_ACVR1_BMPR2",0.00446484060275533,0.55,FALSE
24,"Supporting cells","Fibrocytes","BMP5_ACVR1_BMPR2",0.00437497715063156,0.9,FALSE
24,"Fibrocytes","Glia/Schwann","BMP5_ACVR1_BMPR2",0.00572667497249711,0.27,FALSE
24,"Glia/Schwann","Glia/Schwann","BMP5_ACVR1_BMPR2",0.00706863015238066,0.04,TRUE
24,"Macrophages/Microglia","Glia/Schwann","BMP5_ACVR1_BMPR2",0.00498593360371415,0.47,FALSE
24,"Supporting cells","Glia/Schwann","BMP5_ACVR1_BMPR2",0.00488563362912107,0.8,FALSE
24,"Fibrocytes","Inner hair cells","BMP5_ACVR1_BMPR2",0.00422014666938484,0.59,FALSE
24,"Glia/Schwann","Inner hair cells","BMP5_ACVR1_BMPR2",0.00521092111923372,0.42,FALSE
24,"Macrophages/Microglia","Inner hair cells","BMP5_ACVR1_BMPR2",0.00367355369154635,0.44,FALSE
24,"Supporting cells","Inner hair cells","BMP5_ACVR1_BMPR2",0.00359955881687509,0.68,FALSE
24,"Fibrocytes","Spiral ganglion neurons","BMP5_ACVR1_BMPR2",0.00355773990679609,0.61,FALSE
24,"Glia/Schwann","Spiral ganglion neurons","BMP5_ACVR1_BMPR2",0.00439368563399799,0.55,FALSE
24,"Macrophages/Microglia","Spiral ganglion neurons","BMP5_ACVR1_BMPR2",0.00309667498236907,0.52,FALSE
24,"Supporting cells","Spiral ganglion neurons","BMP5_ACVR1_BMPR2",0.00303426454962546,0.71,FALSE
24,"Fibrocytes","Supporting cells","BMP5_ACVR1_BMPR2",0.00621090296981929,0.05,FALSE
24,"Glia/Schwann","Supporting cells","BMP5_ACVR1_BMPR2",0.00766545446021773,0,TRUE
24,"Macrophages/Microglia","Supporting cells","BMP5_ACVR1_BMPR2",0.00540786772136779,0.43,FALSE
24,"Supporting cells","Supporting cells","BMP5_ACVR1_BMPR2",0.00529912507544983,0.55,FALSE
24,"Fibrocytes","Fibrocytes","BMP5_BMPR1A_ACVR2A",0.00579298061989353,0,TRUE
24,"Glia/Schwann","Fibrocytes","BMP5_BMPR1A_ACVR2A",0.00715036173356917,0,TRUE
24,"Macrophages/Microglia","Fibrocytes","BMP5_BMPR1A_ACVR2A",0.00504370616932748,0.03,TRUE
24,"Supporting cells","Fibrocytes","BMP5_BMPR1A_ACVR2A",0.00494224978040528,0,TRUE
24,"Fibrocytes","Inner hair cells","BMP5_BMPR1A_ACVR2A",0.00250259252493912,0.32,FALSE
24,"Glia/Schwann","Inner hair cells","BMP5_BMPR1A_ACVR2A",0.00309138430334279,0.28,FALSE
24,"Macrophages/Microglia","Inner hair cells","BMP5_BMPR1A_ACVR2A",0.00217797043036806,0.27,FALSE
24,"Supporting cells","Inner hair cells","BMP5_BMPR1A_ACVR2A",0.00213403594689742,0.32,FALSE
24,"Fibrocytes","Fibrocytes","BMP5_BMPR1A_BMPR2",0.00699781965546909,0.32,FALSE
24,"Glia/Schwann","Fibrocytes","BMP5_BMPR1A_BMPR2",0.0086350604084177,0.01,TRUE
24,"Macrophages/Microglia","Fibrocytes","BMP5_BMPR1A_BMPR2",0.00609366431968715,0.51,FALSE
24,"Supporting cells","Fibrocytes","BMP5_BMPR1A_BMPR2",0.00597121430999504,1,FALSE
24,"Fibrocytes","Glia/Schwann","BMP5_BMPR1A_BMPR2",0.00643372736469769,0.57,FALSE
24,"Glia/Schwann","Glia/Schwann","BMP5_BMPR1A_BMPR2",0.00794004588948342,0.16,FALSE
24,"Macrophages/Microglia","Glia/Schwann","BMP5_BMPR1A_BMPR2",0.00560204456325125,0.53,FALSE
24,"Supporting cells","Glia/Schwann","BMP5_BMPR1A_BMPR2",0.00548941891507448,1,FALSE
24,"Fibrocytes","Inner hair cells","BMP5_BMPR1A_BMPR2",0.00508020652661403,0.82,FALSE
24,"Glia/Schwann","Inner hair cells","BMP5_BMPR1A_BMPR2",0.00627162766873875,0.57,FALSE
24,"Macrophages/Microglia","Inner hair cells","BMP5_BMPR1A_BMPR2",0.00442271343693157,0.64,FALSE
24,"Supporting cells","Inner hair cells","BMP5_BMPR1A_BMPR2",0.00433369418357588,0.92,FALSE
24,"Fibrocytes","Spiral ganglion neurons","BMP5_BMPR1A_BMPR2",0.00465144824991873,0.78,FALSE
24,"Glia/Schwann","Spiral ganglion neurons","BMP5_BMPR1A_BMPR2",0.00574289647953331,0.64,FALSE
24,"Macrophages/Microglia","Spiral ganglion neurons","BMP5_BMPR1A_BMPR2",0.00404922029090615,0.62,FALSE
24,"Supporting cells","Spiral ganglion neurons","BMP5_BMPR1A_BMPR2",0.00396768865288067,0.9,FALSE
24,"Fibrocytes","Supporting cells","BMP5_BMPR1A_BMPR2",0.00776901971223896,0.05,FALSE
24,"Glia/Schwann","Supporting cells","BMP5_BMPR1A_BMPR2",0.00958495219929002,0,TRUE
24,"Macrophages/Microglia","Supporting cells","BMP5_BMPR1A_BMPR2",0.00676590017397763,0.43,FALSE
24,"Supporting cells","Supporting cells","BMP5_BMPR1A_BMPR2",0.00663003193453443,0.53,FALSE
24,"Fibrocytes","Inner hair cells","BMP5_BMPR1B_ACVR2A",0.00323888208792786,0.05,FALSE
24,"Glia/Schwann","Inner hair cells","BMP5_BMPR1B_ACVR2A",0.00400020803277523,0.01,TRUE
24,"Macrophages/Microglia","Inner hair cells","BMP5_BMPR1B_ACVR2A",0.00281902260404732,0.03,TRUE
24,"Supporting cells","Inner hair cells","BMP5_BMPR1B_ACVR2A",0.00276219247666695,0.07,FALSE
24,"Fibrocytes","Outer hair cells","BMP5_BMPR1B_ACVR2A",0.00496294825390191,0.01,TRUE
24,"Glia/Schwann","Outer hair cells","BMP5_BMPR1B_ACVR2A",0.00612703908140729,0,TRUE
24,"Macrophages/Microglia","Outer hair cells","BMP5_BMPR1B_ACVR2A",0.00432056512132219,0.02,TRUE
24,"Supporting cells","Outer hair cells","BMP5_BMPR1B_ACVR2A",0.00423359314033247,0.03,TRUE
24,"Fibrocytes","Glia/Schwann","BMP5_BMPR1B_BMPR2",0.00512050609027993,0,TRUE
24,"Glia/Schwann","Glia/Schwann","BMP5_BMPR1B_BMPR2",0.00632131832545191,0,TRUE
24,"Macrophages/Microglia","Glia/Schwann","BMP5_BMPR1B_BMPR2",0.00445782069908471,0,TRUE
24,"Supporting cells","Glia/Schwann","BMP5_BMPR1B_BMPR2",0.00436809791600958,0,TRUE
24,"Fibrocytes","Inner hair cells","BMP5_BMPR1B_BMPR2",0.00656986294333854,0.02,TRUE
24,"Glia/Schwann","Inner hair cells","BMP5_BMPR1B_BMPR2",0.00810779458339997,0.01,TRUE
24,"Macrophages/Microglia","Inner hair cells","BMP5_BMPR1B_BMPR2",0.00572068332956742,0.03,TRUE
24,"Supporting cells","Inner hair cells","BMP5_BMPR1B_BMPR2",0.00560568596799877,0.04,TRUE
24,"Outer hair cells","Fibrocytes","BMP6_ACVR1_ACVR2A",0.00281700702342568,0,TRUE
24,"Outer hair cells","Inner hair cells","BMP6_ACVR1_ACVR2A",0.0013782304373429,0.06,FALSE
24,"Outer hair cells","Fibrocytes","BMP6_ACVR1_BMPR2",0.00340501521894628,0.08,FALSE
24,"Outer hair cells","Glia/Schwann","BMP6_ACVR1_BMPR2",0.00380288815279647,0.07,FALSE
24,"Outer hair cells","Inner hair cells","BMP6_ACVR1_BMPR2",0.0028010287017255,0.08,FALSE
24,"Outer hair cells","Spiral ganglion neurons","BMP6_ACVR1_BMPR2",0.00236084280866332,0.09,FALSE
24,"Outer hair cells","Supporting cells","BMP6_ACVR1_BMPR2",0.00412512222748808,0.06,FALSE
24,"Outer hair cells","Fibrocytes","BMP6_BMPR1A_ACVR2A",0.00384700563887623,0,TRUE
24,"Outer hair cells","Inner hair cells","BMP6_BMPR1A_ACVR2A",0.00166007738572999,0.07,FALSE
24,"Outer hair cells","Fibrocytes","BMP6_BMPR1A_BMPR2",0.00464900833538178,0.08,FALSE
24,"Outer hair cells","Glia/Schwann","BMP6_BMPR1A_BMPR2",0.00427343824798707,0.09,FALSE
24,"Outer hair cells","Inner hair cells","BMP6_BMPR1A_BMPR2",0.00337285395761511,0.09,FALSE
24,"Outer hair cells","Spiral ganglion neurons","BMP6_BMPR1A_BMPR2",0.00308774528292421,0.1,FALSE
24,"Outer hair cells","Supporting cells","BMP6_BMPR1A_BMPR2",0.00516270164380064,0.06,FALSE
24,"Outer hair cells","Inner hair cells","BMP6_BMPR1B_ACVR2A",0.00214902398822525,0.01,TRUE
24,"Outer hair cells","Outer hair cells","BMP6_BMPR1B_ACVR2A",0.00329487326274852,0,TRUE
24,"Outer hair cells","Glia/Schwann","BMP6_BMPR1B_BMPR2",0.00339965594917518,0,TRUE
24,"Outer hair cells","Inner hair cells","BMP6_BMPR1B_BMPR2",0.00436406358901866,0.02,TRUE
24,"Spiral ganglion neurons","Fibrocytes","NRG1_ERBB4",0.026534043087559,0,TRUE
24,"Spiral ganglion neurons","Glia/Schwann","NRG1_ERBB4",0.0284926798735804,0,TRUE
24,"Spiral ganglion neurons","Inner hair cells","NRG1_ERBB4",0.016091407281887,0,TRUE
24,"Spiral ganglion neurons","Macrophages/Microglia","NRG1_ERBB4",0.0098109151091828,0,TRUE
24,"Spiral ganglion neurons","Outer hair cells","NRG1_ERBB4",0.0273132075988386,0,TRUE
24,"Spiral ganglion neurons","Spiral ganglion neurons","NRG1_ERBB4",0.00872851390653731,0,TRUE
24,"Spiral ganglion neurons","Supporting cells","NRG1_ERBB4",0.0429814391703703,0,TRUE
24,"Spiral ganglion neurons","Fibrocytes","NRG2_ERBB4",0.0109077015976007,0,TRUE
24,"Spiral ganglion neurons","Glia/Schwann","NRG2_ERBB4",0.0117267596495001,0,TRUE
24,"Spiral ganglion neurons","Inner hair cells","NRG2_ERBB4",0.00657338142092093,0,TRUE
24,"Spiral ganglion neurons","Macrophages/Microglia","NRG2_ERBB4",0.00399270907905586,0,TRUE
24,"Spiral ganglion neurons","Outer hair cells","NRG2_ERBB4",0.011233298148337,0,TRUE
24,"Spiral ganglion neurons","Spiral ganglion neurons","NRG2_ERBB4",0.0035499073035967,0,TRUE
24,"Spiral ganglion neurons","Supporting cells","NRG2_ERBB4",0.0178465270910276,0,TRUE
24,"Spiral ganglion neurons","Fibrocytes","NRG3_ERBB4",0.193428273996872,0,TRUE
24,"Spiral ganglion neurons","Glia/Schwann","NRG3_ERBB4",0.205110646138262,0,TRUE
24,"Spiral ganglion neurons","Inner hair cells","NRG3_ERBB4",0.125790817273375,0,TRUE
24,"Spiral ganglion neurons","Macrophages/Microglia","NRG3_ERBB4",0.0801838177076147,0,TRUE
24,"Spiral ganglion neurons","Outer hair cells","NRG3_ERBB4",0.198110873295425,0,TRUE
24,"Spiral ganglion neurons","Spiral ganglion neurons","NRG3_ERBB4",0.0719012104113745,0,TRUE
24,"Spiral ganglion neurons","Supporting cells","NRG3_ERBB4",0.283227878177298,0,TRUE
24,"Spiral ganglion neurons","Fibrocytes","FGF10_FGFR1",0.00518459880599794,0,TRUE
24,"Spiral ganglion neurons","Glia/Schwann","FGF10_FGFR1",0.00319589205437102,0,TRUE
24,"Spiral ganglion neurons","Inner hair cells","FGF10_FGFR1",0.00217733823075776,0,TRUE
24,"Spiral ganglion neurons","Outer hair cells","FGF10_FGFR1",0.00324454399936638,0,TRUE
24,"Spiral ganglion neurons","Spiral ganglion neurons","FGF10_FGFR1",0.00096107494229761,0,TRUE
24,"Spiral ganglion neurons","Supporting cells","FGF10_FGFR1",0.0041143199137894,0,TRUE
24,"Spiral ganglion neurons","Fibrocytes","FGF10_FGFR2",0.0057195099426681,0,TRUE
24,"Spiral ganglion neurons","Glia/Schwann","FGF10_FGFR2",0.0308925826000887,0,TRUE
24,"Spiral ganglion neurons","Inner hair cells","FGF10_FGFR2",0.0103122142670194,0,TRUE
24,"Spiral ganglion neurons","Macrophages/Microglia","FGF10_FGFR2",0.00660858149358954,0,TRUE
24,"Spiral ganglion neurons","Outer hair cells","FGF10_FGFR2",0.00772518849017678,0,TRUE
24,"Spiral ganglion neurons","Spiral ganglion neurons","FGF10_FGFR2",0.00691063436615036,0,TRUE
24,"Spiral ganglion neurons","Supporting cells","FGF10_FGFR2",0.0218394926229107,0,TRUE
24,"Fibrocytes","Inner hair cells","PDGFD_PDGFRB",0.0019528134630839,0.13,FALSE
24,"Glia/Schwann","Inner hair cells","PDGFD_PDGFRB",0.0099634054198512,0.01,TRUE
24,"Inner hair cells","Inner hair cells","PDGFD_PDGFRB",0.00178505273791967,0.13,FALSE
24,"Macrophages/Microglia","Inner hair cells","PDGFD_PDGFRB",0.00158028276640755,0.13,FALSE
24,"Outer hair cells","Inner hair cells","PDGFD_PDGFRB",0.00111210939245612,0.11,FALSE
24,"Spiral ganglion neurons","Inner hair cells","PDGFD_PDGFRB",0.00131167437088495,0.12,FALSE
24,"Supporting cells","Inner hair cells","PDGFD_PDGFRB",0.00235892286457839,0.11,FALSE
24,"Spiral ganglion neurons","Macrophages/Microglia","SPP1_ITGA4_ITGB1",0.00687692991865162,0,TRUE
24,"Spiral ganglion neurons","Macrophages/Microglia","SPP1_ITGA9_ITGB1",0.00410378974215029,0,TRUE
24,"Spiral ganglion neurons","Macrophages/Microglia","SPP1_ITGA8_ITGB1",0.00528164694717796,0,TRUE
24,"Fibrocytes","Glia/Schwann","PTN_PTPRZ1",0.205625354676957,0,TRUE
24,"Glia/Schwann","Glia/Schwann","PTN_PTPRZ1",0.0691753039088477,0,TRUE
24,"Inner hair cells","Glia/Schwann","PTN_PTPRZ1",0.114559828096271,0,TRUE
24,"Macrophages/Microglia","Glia/Schwann","PTN_PTPRZ1",0.140695970756723,0,TRUE
24,"Outer hair cells","Glia/Schwann","PTN_PTPRZ1",0.067921289493072,0,TRUE
24,"Spiral ganglion neurons","Glia/Schwann","PTN_PTPRZ1",0.0714519892078908,0,TRUE
24,"Supporting cells","Glia/Schwann","PTN_PTPRZ1",0.273696382956348,0,TRUE
24,"Fibrocytes","Inner hair cells","PTN_PTPRZ1",0.136357918459327,0,TRUE
24,"Glia/Schwann","Inner hair cells","PTN_PTPRZ1",0.0433636026519623,0.05,FALSE
24,"Inner hair cells","Inner hair cells","PTN_PTPRZ1",0.0731443071360154,0,TRUE
24,"Macrophages/Microglia","Inner hair cells","PTN_PTPRZ1",0.0908006972112023,0,TRUE
24,"Outer hair cells","Inner hair cells","PTN_PTPRZ1",0.0425561119091644,0.04,TRUE
24,"Spiral ganglion neurons","Inner hair cells","PTN_PTPRZ1",0.044831693135763,0.02,TRUE
24,"Supporting cells","Inner hair cells","PTN_PTPRZ1",0.186893277367057,0,TRUE
24,"Fibrocytes","Outer hair cells","PTN_PTPRZ1",0.02459568407629,0.11,FALSE
24,"Glia/Schwann","Outer hair cells","PTN_PTPRZ1",0.00718742606357557,0.2,FALSE
24,"Inner hair cells","Outer hair cells","PTN_PTPRZ1",0.012446767837278,0.17,FALSE
24,"Macrophages/Microglia","Outer hair cells","PTN_PTPRZ1",0.0156994871695605,0.17,FALSE
24,"Outer hair cells","Outer hair cells","PTN_PTPRZ1",0.00704862262099178,0.19,FALSE
24,"Spiral ganglion neurons","Outer hair cells","PTN_PTPRZ1",0.00744028458747339,0.19,FALSE
24,"Supporting cells","Outer hair cells","PTN_PTPRZ1",0.0354092624703452,0.06,FALSE
24,"Fibrocytes","Fibrocytes","PTN_SDC2",0.0490175175498753,0,TRUE
24,"Glia/Schwann","Fibrocytes","PTN_SDC2",0.0145824659071034,0.64,FALSE
24,"Inner hair cells","Fibrocytes","PTN_SDC2",0.0251161750767455,0.39,FALSE
24,"Macrophages/Microglia","Fibrocytes","PTN_SDC2",0.0315739404165526,0.25,FALSE
24,"Outer hair cells","Fibrocytes","PTN_SDC2",0.0143029070152517,0.62,FALSE
24,"Spiral ganglion neurons","Fibrocytes","PTN_SDC2",0.0150915322735319,0.64,FALSE
24,"Supporting cells","Fibrocytes","PTN_SDC2",0.0697998907259969,0,TRUE
24,"Fibrocytes","Glia/Schwann","PTN_SDC2",0.0259760577614257,0.38,FALSE
24,"Glia/Schwann","Glia/Schwann","PTN_SDC2",0.00759841390410043,0.67,FALSE
24,"Inner hair cells","Glia/Schwann","PTN_SDC2",0.0131545080685825,0.61,FALSE
24,"Macrophages/Microglia","Glia/Schwann","PTN_SDC2",0.0165890745803531,0.6,FALSE
24,"Outer hair cells","Glia/Schwann","PTN_SDC2",0.00745173304425051,0.67,FALSE
24,"Spiral ganglion neurons","Glia/Schwann","PTN_SDC2",0.0078656167080376,0.67,FALSE
24,"Supporting cells","Glia/Schwann","PTN_SDC2",0.037373269019097,0.07,FALSE
24,"Fibrocytes","Inner hair cells","PTN_SDC2",0.0114968571223156,0.5,FALSE
24,"Glia/Schwann","Inner hair cells","PTN_SDC2",0.00332801457143836,0.51,FALSE
24,"Inner hair cells","Inner hair cells","PTN_SDC2",0.00577970331500177,0.51,FALSE
24,"Macrophages/Microglia","Inner hair cells","PTN_SDC2",0.00730300017046702,0.51,FALSE
24,"Outer hair cells","Inner hair cells","PTN_SDC2",0.00326349901511454,0.51,FALSE
24,"Spiral ganglion neurons","Inner hair cells","PTN_SDC2",0.00344556759600477,0.51,FALSE
24,"Supporting cells","Inner hair cells","PTN_SDC2",0.0166497935811312,0.5,FALSE
24,"Fibrocytes","Inner hair cells","PTN_ALK",0.168200272731881,0,TRUE
24,"Glia/Schwann","Inner hair cells","PTN_ALK",0.054869569961471,0,TRUE
24,"Inner hair cells","Inner hair cells","PTN_ALK",0.0917939682923491,0,TRUE
24,"Macrophages/Microglia","Inner hair cells","PTN_ALK",0.1134014159151,0,TRUE
24,"Outer hair cells","Inner hair cells","PTN_ALK",0.05385988502376,0,TRUE
24,"Spiral ganglion neurons","Inner hair cells","PTN_ALK",0.0567041094414266,0,TRUE
24,"Supporting cells","Inner hair cells","PTN_ALK",0.227429017345705,0,TRUE
24,"Glia/Schwann","Supporting cells","SEMA3A_NRP1_PLXNA2",0.014459422611537,0,TRUE
24,"Inner hair cells","Supporting cells","SEMA3A_NRP1_PLXNA2",0.00586042780009704,0,TRUE
24,"Outer hair cells","Supporting cells","SEMA3A_NRP1_PLXNA2",0.0230369038399337,0,TRUE
24,"Glia/Schwann","Macrophages/Microglia","SEMA3A_NRP1_PLXNA4",0.0330687861895302,0,TRUE
24,"Inner hair cells","Macrophages/Microglia","SEMA3A_NRP1_PLXNA4",0.0135550475771147,0,TRUE
24,"Outer hair cells","Macrophages/Microglia","SEMA3A_NRP1_PLXNA4",0.0521019312979667,0,TRUE
24,"Macrophages/Microglia","Glia/Schwann","GRN_SORT1",0.00164743495597097,0,TRUE
24,"Macrophages/Microglia","Inner hair cells","GRN_SORT1",0.00156416764452308,0,TRUE
24,"Macrophages/Microglia","Outer hair cells","GRN_SORT1",0.00234001549359472,0,TRUE
24,"Supporting cells","Macrophages/Microglia","FN1_ITGA4_ITGB1",0.00353663568609125,0,TRUE
24,"Supporting cells","Macrophages/Microglia","FN1_ITGA8_ITGB1",0.00271410330863872,0,TRUE
24,"Glia/Schwann","Macrophages/Microglia","COL4A3_ITGA9_ITGB1",0.00317669295977684,0,TRUE
24,"Glia/Schwann","Macrophages/Microglia","COL4A4_ITGA9_ITGB1",0.00234119952752153,0,TRUE
24,"Fibrocytes","Macrophages/Microglia","COL4A5_ITGA9_ITGB1",0.00324451841321082,0,TRUE
24,"Spiral ganglion neurons","Macrophages/Microglia","COL4A5_ITGA9_ITGB1",0.000637185848166634,0,TRUE
24,"Fibrocytes","Macrophages/Microglia","LAMA2_ITGA9_ITGB1",0.0110588076245844,0,TRUE
24,"Glia/Schwann","Macrophages/Microglia","LAMA2_ITGA9_ITGB1",0.00290415485669016,0,TRUE
24,"Inner hair cells","Macrophages/Microglia","LAMA2_ITGA9_ITGB1",0.00356134015580029,0,TRUE
24,"Macrophages/Microglia","Macrophages/Microglia","LAMA2_ITGA9_ITGB1",0.00286259684988316,0,TRUE
24,"Spiral ganglion neurons","Macrophages/Microglia","LAMA2_ITGA9_ITGB1",0.00237654606880685,0,TRUE
24,"Supporting cells","Macrophages/Microglia","LAMA2_ITGA9_ITGB1",0.00529746626126845,0,TRUE
24,"Fibrocytes","Macrophages/Microglia","LAMA4_ITGA9_ITGB1",0.00292953936115491,0,TRUE
24,"Supporting cells","Macrophages/Microglia","LAMA4_ITGA9_ITGB1",0.00257057409499119,0,TRUE
24,"Glia/Schwann","Macrophages/Microglia","LAMB1_ITGA9_ITGB1",0.002319068181807,0,TRUE
24,"Fibrocytes","Macrophages/Microglia","LAMC1_ITGA9_ITGB1",0.00264351351876485,0,TRUE
24,"Inner hair cells","Macrophages/Microglia","LAMC1_ITGA9_ITGB1",0.00144415226616293,0,TRUE
24,"Spiral ganglion neurons","Macrophages/Microglia","LAMC1_ITGA9_ITGB1",0.00115935795323555,0,TRUE
24,"Supporting cells","Macrophages/Microglia","LAMC1_ITGA9_ITGB1",0.00234785381796703,0,TRUE
24,"Spiral ganglion neurons","Macrophages/Microglia","AGRN_DAG1",0.000687042588237865,0,TRUE
24,"Spiral ganglion neurons","Spiral ganglion neurons","AGRN_DAG1",0.00201099309079623,0,TRUE
24,"Fibrocytes","Macrophages/Microglia","LAMA2_DAG1",0.00678498326121068,0.08,FALSE
24,"Glia/Schwann","Macrophages/Microglia","LAMA2_DAG1",0.00177614523423331,0.36,FALSE
24,"Inner hair cells","Macrophages/Microglia","LAMA2_DAG1",0.0021786293789723,0.35,FALSE
24,"Macrophages/Microglia","Macrophages/Microglia","LAMA2_DAG1",0.00175070052916044,0.36,FALSE
24,"Spiral ganglion neurons","Macrophages/Microglia","LAMA2_DAG1",0.00145316755265172,0.35,FALSE
24,"Supporting cells","Macrophages/Microglia","LAMA2_DAG1",0.00324288826611568,0.33,FALSE
24,"Fibrocytes","Spiral ganglion neurons","LAMA2_DAG1",0.0196290206171552,0,TRUE
24,"Glia/Schwann","Spiral ganglion neurons","LAMA2_DAG1",0.00518793178197968,0.27,FALSE
24,"Inner hair cells","Spiral ganglion neurons","LAMA2_DAG1",0.00635862048242101,0.21,FALSE
24,"Macrophages/Microglia","Spiral ganglion neurons","LAMA2_DAG1",0.005113860890878,0.29,FALSE
24,"Spiral ganglion neurons","Spiral ganglion neurons","LAMA2_DAG1",0.00424718791038337,0.31,FALSE
24,"Supporting cells","Spiral ganglion neurons","LAMA2_DAG1",0.00944547298586873,0.04,TRUE
24,"Fibrocytes","Macrophages/Microglia","LAMA4_DAG1",0.00179168780045595,0.2,FALSE
24,"Supporting cells","Macrophages/Microglia","LAMA4_DAG1",0.00157192709831245,0.31,FALSE
24,"Fibrocytes","Spiral ganglion neurons","LAMA4_DAG1",0.00523317345122597,0.02,TRUE
24,"Supporting cells","Spiral ganglion neurons","LAMA4_DAG1",0.00459323732175673,0.01,TRUE
24,"Glia/Schwann","Macrophages/Microglia","LAMB1_DAG1",0.00141799026786931,0,TRUE
24,"Glia/Schwann","Spiral ganglion neurons","LAMB1_DAG1",0.00414465562928477,0,TRUE
24,"Fibrocytes","Macrophages/Microglia","LAMC1_DAG1",0.00161657607888562,0.28,FALSE
24,"Inner hair cells","Macrophages/Microglia","LAMC1_DAG1",0.000882723650226509,0.24,FALSE
24,"Spiral ganglion neurons","Macrophages/Microglia","LAMC1_DAG1",0.00070856740697895,0.21,FALSE
24,"Supporting cells","Macrophages/Microglia","LAMC1_DAG1",0.00143560728997,0.33,FALSE
24,"Fibrocytes","Spiral ganglion neurons","LAMC1_DAG1",0.00472329754886819,0.02,TRUE
24,"Inner hair cells","Spiral ganglion neurons","LAMC1_DAG1",0.00258278250184164,0.12,FALSE
24,"Spiral ganglion neurons","Spiral ganglion neurons","LAMC1_DAG1",0.00207391076139294,0.2,FALSE
24,"Supporting cells","Spiral ganglion neurons","LAMC1_DAG1",0.0041960062253084,0.04,TRUE
24,"Fibrocytes","Macrophages/Microglia","APP_CD74",0.0353816874083381,0,TRUE
24,"Glia/Schwann","Macrophages/Microglia","APP_CD74",0.0260821792386006,0,TRUE
24,"Inner hair cells","Macrophages/Microglia","APP_CD74",0.0384113502751822,0,TRUE
24,"Macrophages/Microglia","Macrophages/Microglia","APP_CD74",0.0262709413929522,0,TRUE
24,"Outer hair cells","Macrophages/Microglia","APP_CD74",0.0315669804759682,0,TRUE
24,"Spiral ganglion neurons","Macrophages/Microglia","APP_CD74",0.023771905636682,0,TRUE
24,"Supporting cells","Macrophages/Microglia","APP_CD74",0.0380756062803116,0,TRUE
24,"Macrophages/Microglia","Macrophages/Microglia","CADM1_CADM1",0.00280719921774364,0.07,FALSE
24,"Spiral ganglion neurons","Macrophages/Microglia","CADM1_CADM1",0.0121166718350695,0,TRUE
24,"Macrophages/Microglia","Spiral ganglion neurons","CADM1_CADM1",0.0121166718350695,0,TRUE
24,"Spiral ganglion neurons","Spiral ganglion neurons","CADM1_CADM1",0.0507284668223418,0,TRUE
24,"Macrophages/Microglia","Macrophages/Microglia","PTPRC_MRC1",0.0447300343885107,0,TRUE
24,"Spiral ganglion neurons","Spiral ganglion neurons","CDH2_CDH2",0.00532346417767553,0,TRUE
24,"Glia/Schwann","Glia/Schwann","CDH1_CDH1",0.00348709318114645,0,TRUE
24,"Spiral ganglion neurons","Glia/Schwann","CDH1_CDH1",0.00130157549524635,0,TRUE
24,"Glia/Schwann","Spiral ganglion neurons","CDH1_CDH1",0.00130157549524635,0,TRUE
24,"Spiral ganglion neurons","Spiral ganglion neurons","CDH1_CDH1",0.000485152889868431,0.09,FALSE
24,"Spiral ganglion neurons","Inner hair cells","CNTN1_NRCAM",0.00403229890337032,0,TRUE
24,"Glia/Schwann","Fibrocytes","EFNA5_EPHA3",0.0348801003418013,0,TRUE
24,"Outer hair cells","Fibrocytes","EFNA5_EPHA3",0.00953267978362016,0.31,FALSE
24,"Spiral ganglion neurons","Fibrocytes","EFNA5_EPHA3",0.0087794248616037,0.33,FALSE
24,"Glia/Schwann","Glia/Schwann","EFNA5_EPHA3",0.034559354934843,0,TRUE
24,"Outer hair cells","Glia/Schwann","EFNA5_EPHA3",0.00944274002207811,0.32,FALSE
24,"Spiral ganglion neurons","Glia/Schwann","EFNA5_EPHA3",0.00869652957553448,0.33,FALSE
24,"Glia/Schwann","Inner hair cells","EFNA5_EPHA3",0.0445401839983907,0,TRUE
24,"Outer hair cells","Inner hair cells","EFNA5_EPHA3",0.0122619561929558,0.27,FALSE
24,"Spiral ganglion neurons","Inner hair cells","EFNA5_EPHA3",0.0112954983005527,0.29,FALSE
24,"Glia/Schwann","Macrophages/Microglia","EFNA5_EPHA3",0.0415254702077313,0,TRUE
24,"Outer hair cells","Macrophages/Microglia","EFNA5_EPHA3",0.0114059216906491,0.25,FALSE
24,"Spiral ganglion neurons","Macrophages/Microglia","EFNA5_EPHA3",0.0105062167181645,0.3,FALSE
24,"Glia/Schwann","Outer hair cells","EFNA5_EPHA3",0.0247407982985745,0.02,TRUE
24,"Outer hair cells","Outer hair cells","EFNA5_EPHA3",0.00671039278890139,0.33,FALSE
24,"Spiral ganglion neurons","Outer hair cells","EFNA5_EPHA3",0.00617875862457359,0.34,FALSE
24,"Glia/Schwann","Spiral ganglion neurons","EFNA5_EPHA3",0.0267311123880757,0,TRUE
24,"Outer hair cells","Spiral ganglion neurons","EFNA5_EPHA3",0.00726102052635741,0.3,FALSE
24,"Spiral ganglion neurons","Spiral ganglion neurons","EFNA5_EPHA3",0.00668605625041828,0.36,FALSE
24,"Glia/Schwann","Supporting cells","EFNA5_EPHA3",0.137295166478131,0,TRUE
24,"Outer hair cells","Supporting cells","EFNA5_EPHA3",0.0406578978006486,0.02,TRUE
24,"Spiral ganglion neurons","Supporting cells","EFNA5_EPHA3",0.0375383977481609,0.06,FALSE
24,"Glia/Schwann","Outer hair cells","EFNA5_EPHA4",0.0174676565489776,0,TRUE
24,"Outer hair cells","Outer hair cells","EFNA5_EPHA4",0.00471210445959694,0.03,TRUE
24,"Spiral ganglion neurons","Outer hair cells","EFNA5_EPHA4",0.00433809424280439,0.09,FALSE
24,"Glia/Schwann","Spiral ganglion neurons","EFNA5_EPHA4",0.015754250927217,0,TRUE
24,"Outer hair cells","Spiral ganglion neurons","EFNA5_EPHA4",0.00424448817806322,0.05,FALSE
24,"Spiral ganglion neurons","Spiral ganglion neurons","EFNA5_EPHA4",0.00390744799165689,0.16,FALSE
24,"Glia/Schwann","Supporting cells","EFNA5_EPHA4",0.0220174284578081,0,TRUE
24,"Outer hair cells","Supporting cells","EFNA5_EPHA4",0.00595961092629739,0.02,TRUE
24,"Spiral ganglion neurons","Supporting cells","EFNA5_EPHA4",0.00548712923855139,0.05,FALSE
24,"Glia/Schwann","Glia/Schwann","EFNA5_EPHA5",0.122797596012292,0,TRUE
24,"Outer hair cells","Glia/Schwann","EFNA5_EPHA5",0.0359395565188102,0,TRUE
24,"Spiral ganglion neurons","Glia/Schwann","EFNA5_EPHA5",0.0331695569864233,0,TRUE
24,"Glia/Schwann","Inner hair cells","EFNA5_EPHA5",0.011777416978863,0.01,TRUE
24,"Outer hair cells","Inner hair cells","EFNA5_EPHA5",0.00316371616338128,0.31,FALSE
24,"Spiral ganglion neurons","Inner hair cells","EFNA5_EPHA5",0.00291224536466505,0.33,FALSE
24,"Glia/Schwann","Macrophages/Microglia","EFNA5_EPHA5",0.0176534165855284,0,TRUE
24,"Outer hair cells","Macrophages/Microglia","EFNA5_EPHA5",0.00476287296556121,0.28,FALSE
24,"Spiral ganglion neurons","Macrophages/Microglia","EFNA5_EPHA5",0.00438485089236462,0.32,FALSE
24,"Glia/Schwann","Spiral ganglion neurons","EFNA5_EPHA5",0.0338334215896575,0,TRUE
24,"Outer hair cells","Spiral ganglion neurons","EFNA5_EPHA5",0.00923934238958885,0.09,FALSE
24,"Spiral ganglion neurons","Spiral ganglion neurons","EFNA5_EPHA5",0.00850906732217981,0.21,FALSE
24,"Glia/Schwann","Supporting cells","EFNA5_EPHA5",0.0427239446831574,0,TRUE
24,"Outer hair cells","Supporting cells","EFNA5_EPHA5",0.011745762950363,0.03,TRUE
24,"Spiral ganglion neurons","Supporting cells","EFNA5_EPHA5",0.0108195445086907,0.13,FALSE
24,"Glia/Schwann","Fibrocytes","EFNA5_EPHA7",0.123202735427371,0,TRUE
24,"Outer hair cells","Fibrocytes","EFNA5_EPHA7",0.036069913320176,0.02,TRUE
24,"Spiral ganglion neurons","Fibrocytes","EFNA5_EPHA7",0.0332902136277863,0.03,TRUE
24,"Glia/Schwann","Glia/Schwann","EFNA5_EPHA7",0.159190557112548,0,TRUE
24,"Outer hair cells","Glia/Schwann","EFNA5_EPHA7",0.0479993509842576,0.01,TRUE
24,"Spiral ganglion neurons","Glia/Schwann","EFNA5_EPHA7",0.0443426095471397,0,TRUE
24,"Glia/Schwann","Inner hair cells","EFNA5_EPHA7",0.0750074463149659,0,TRUE
24,"Outer hair cells","Inner hair cells","EFNA5_EPHA7",0.0211381008836571,0.08,FALSE
24,"Spiral ganglion neurons","Inner hair cells","EFNA5_EPHA7",0.0194858480788554,0.18,FALSE
24,"Glia/Schwann","Macrophages/Microglia","EFNA5_EPHA7",0.0265525364228686,0,TRUE
24,"Outer hair cells","Macrophages/Microglia","EFNA5_EPHA7",0.00721154985125777,0.28,FALSE
24,"Spiral ganglion neurons","Macrophages/Microglia","EFNA5_EPHA7",0.00664047670996358,0.33,FALSE
24,"Glia/Schwann","Outer hair cells","EFNA5_EPHA7",0.025040168251839,0,TRUE
24,"Outer hair cells","Outer hair cells","EFNA5_EPHA7",0.00679310991623098,0.25,FALSE
24,"Spiral ganglion neurons","Outer hair cells","EFNA5_EPHA7",0.00625496371447329,0.31,FALSE
24,"Glia/Schwann","Spiral ganglion neurons","EFNA5_EPHA7",0.0274289141125148,0,TRUE
24,"Outer hair cells","Spiral ganglion neurons","EFNA5_EPHA7",0.0074544585114486,0.28,FALSE
24,"Spiral ganglion neurons","Spiral ganglion neurons","EFNA5_EPHA7",0.00686428275089147,0.33,FALSE
24,"Glia/Schwann","Supporting cells","EFNA5_EPHA7",0.0837530115034913,0,TRUE
24,"Outer hair cells","Supporting cells","EFNA5_EPHA7",0.0237640825497092,0.08,FALSE
24,"Spiral ganglion neurons","Supporting cells","EFNA5_EPHA7",0.0219111653238589,0.22,FALSE
24,"Glia/Schwann","Spiral ganglion neurons","EFNA5_EPHB2",0.0243196443894391,0,TRUE
24,"Outer hair cells","Spiral ganglion neurons","EFNA5_EPHB2",0.00659408889684034,0,TRUE
24,"Spiral ganglion neurons","Spiral ganglion neurons","EFNA5_EPHB2",0.00607161264227637,0,TRUE
24,"Fibrocytes","Fibrocytes","MPZL1_MPZL1",0.00395242363251475,0,TRUE
24,"Glia/Schwann","Fibrocytes","MPZL1_MPZL1",0.00333967916697897,0,TRUE
24,"Spiral ganglion neurons","Fibrocytes","MPZL1_MPZL1",0.000757750409563328,0,TRUE
24,"Fibrocytes","Glia/Schwann","MPZL1_MPZL1",0.00333967916697897,0,TRUE
24,"Glia/Schwann","Glia/Schwann","MPZL1_MPZL1",0.00282165940776892,0,TRUE
24,"Spiral ganglion neurons","Glia/Schwann","MPZL1_MPZL1",0.000639958109520539,0.03,TRUE
24,"Fibrocytes","Spiral ganglion neurons","MPZL1_MPZL1",0.000757750409563328,0,TRUE
24,"Glia/Schwann","Spiral ganglion neurons","MPZL1_MPZL1",0.000639958109520539,0.03,TRUE
24,"Spiral ganglion neurons","Spiral ganglion neurons","MPZL1_MPZL1",0.000144898685324225,0.31,FALSE
24,"Spiral ganglion neurons","Fibrocytes","NCAM1_FGFR1",0.0095473739869613,0,TRUE
24,"Spiral ganglion neurons","Glia/Schwann","NCAM1_FGFR1",0.00589511204553726,0,TRUE
24,"Spiral ganglion neurons","Inner hair cells","NCAM1_FGFR1",0.00401976649805527,0,TRUE
24,"Spiral ganglion neurons","Outer hair cells","NCAM1_FGFR1",0.00598460825812337,0,TRUE
24,"Spiral ganglion neurons","Spiral ganglion neurons","NCAM1_FGFR1",0.00177615293175368,0,TRUE
24,"Spiral ganglion neurons","Supporting cells","NCAM1_FGFR1",0.00758333411062017,0,TRUE
24,"Spiral ganglion neurons","Spiral ganglion neurons","NCAM1_NCAM1",0.012985750189924,0,TRUE
24,"Spiral ganglion neurons","Spiral ganglion neurons","NCAM1_NCAM2",0.00317672268407088,0,TRUE
24,"Inner hair cells","Inner hair cells","NECTIN3_NECTIN2",0.000508216117294995,0.02,TRUE
24,"Fibrocytes","Fibrocytes","NEGR1_NEGR1",0.00340187307660562,1,FALSE
24,"Inner hair cells","Fibrocytes","NEGR1_NEGR1",0.0137081697174875,0.6,FALSE
24,"Macrophages/Microglia","Fibrocytes","NEGR1_NEGR1",0.00248042642204447,0.97,FALSE
24,"Outer hair cells","Fibrocytes","NEGR1_NEGR1",0.0157813369384749,0.44,FALSE
24,"Spiral ganglion neurons","Fibrocytes","NEGR1_NEGR1",0.00475059686724937,0.96,FALSE
24,"Supporting cells","Fibrocytes","NEGR1_NEGR1",0.00759323529448897,1,FALSE
24,"Fibrocytes","Inner hair cells","NEGR1_NEGR1",0.0137081697174875,0.6,FALSE
24,"Inner hair cells","Inner hair cells","NEGR1_NEGR1",0.053560297973055,0.13,FALSE
24,"Macrophages/Microglia","Inner hair cells","NEGR1_NEGR1",0.0100231895097363,0.82,FALSE
24,"Outer hair cells","Inner hair cells","NEGR1_NEGR1",0.0612860280630411,0.02,TRUE
24,"Spiral ganglion neurons","Inner hair cells","NEGR1_NEGR1",0.0190648135667432,0.3,FALSE
24,"Supporting cells","Inner hair cells","NEGR1_NEGR1",0.0302127062932275,0.08,FALSE
24,"Fibrocytes","Macrophages/Microglia","NEGR1_NEGR1",0.00248042642204447,0.97,FALSE
24,"Inner hair cells","Macrophages/Microglia","NEGR1_NEGR1",0.0100231895097363,0.82,FALSE
24,"Macrophages/Microglia","Macrophages/Microglia","NEGR1_NEGR1",0.00180811413352629,0.97,FALSE
24,"Outer hair cells","Macrophages/Microglia","NEGR1_NEGR1",0.0115455792715971,0.68,FALSE
24,"Spiral ganglion neurons","Macrophages/Microglia","NEGR1_NEGR1",0.00346509901152929,0.94,FALSE
24,"Supporting cells","Macrophages/Microglia","NEGR1_NEGR1",0.0055428115882737,0.97,FALSE
24,"Fibrocytes","Outer hair cells","NEGR1_NEGR1",0.0157813369384749,0.44,FALSE
24,"Inner hair cells","Outer hair cells","NEGR1_NEGR1",0.0612860280630411,0.02,TRUE
24,"Macrophages/Microglia","Outer hair cells","NEGR1_NEGR1",0.0115455792715971,0.68,FALSE
24,"Outer hair cells","Outer hair cells","NEGR1_NEGR1",0.0700436722123909,0.16,FALSE
24,"Spiral ganglion neurons","Outer hair cells","NEGR1_NEGR1",0.0219300847242481,0.35,FALSE
24,"Supporting cells","Outer hair cells","NEGR1_NEGR1",0.0346941488327657,0.15,FALSE
24,"Fibrocytes","Spiral ganglion neurons","NEGR1_NEGR1",0.00475059686724937,0.96,FALSE
24,"Inner hair cells","Spiral ganglion neurons","NEGR1_NEGR1",0.0190648135667432,0.3,FALSE
24,"Macrophages/Microglia","Spiral ganglion neurons","NEGR1_NEGR1",0.00346509901152929,0.94,FALSE
24,"Outer hair cells","Spiral ganglion neurons","NEGR1_NEGR1",0.0219300847242481,0.35,FALSE
24,"Spiral ganglion neurons","Spiral ganglion neurons","NEGR1_NEGR1",0.00663048493987688,0.89,FALSE
24,"Supporting cells","Spiral ganglion neurons","NEGR1_NEGR1",0.010586036563029,0.85,FALSE
24,"Fibrocytes","Supporting cells","NEGR1_NEGR1",0.00759323529448897,1,FALSE
24,"Inner hair cells","Supporting cells","NEGR1_NEGR1",0.0302127062932275,0.08,FALSE
24,"Macrophages/Microglia","Supporting cells","NEGR1_NEGR1",0.0055428115882737,0.97,FALSE
24,"Outer hair cells","Supporting cells","NEGR1_NEGR1",0.0346941488327657,0.15,FALSE
24,"Spiral ganglion neurons","Supporting cells","NEGR1_NEGR1",0.010586036563029,0.85,FALSE
24,"Supporting cells","Supporting cells","NEGR1_NEGR1",0.0168612992513319,0,TRUE
24,"Fibrocytes","Spiral ganglion neurons","LRRC4C_NTNG1",0.0310465728456602,0,TRUE
24,"Inner hair cells","Spiral ganglion neurons","LRRC4C_NTNG1",0.00918028854682204,0,TRUE
24,"Macrophages/Microglia","Spiral ganglion neurons","LRRC4C_NTNG1",0.0155083183160983,0,TRUE
24,"Outer hair cells","Spiral ganglion neurons","LRRC4C_NTNG1",0.00871967248382987,0,TRUE
24,"Spiral ganglion neurons","Spiral ganglion neurons","LRRC4C_NTNG1",0.0307769324967356,0,TRUE
24,"Supporting cells","Spiral ganglion neurons","LRRC4C_NTNG1",0.0277993611982644,0,TRUE
24,"Inner hair cells","Glia/Schwann","NRXN1_NLGN1",0.0696434669301629,0,TRUE
24,"Spiral ganglion neurons","Glia/Schwann","NRXN1_NLGN1",0.0794784066857983,0,TRUE
24,"Inner hair cells","Spiral ganglion neurons","NRXN1_NLGN1",0.0517548493154068,0,TRUE
24,"Spiral ganglion neurons","Spiral ganglion neurons","NRXN1_NLGN1",0.0592243992452734,0,TRUE
24,"Fibrocytes","Glia/Schwann","NRXN3_NLGN1",0.0566822070623314,0,TRUE
24,"Glia/Schwann","Glia/Schwann","NRXN3_NLGN1",0.0121323008838033,0,TRUE
24,"Inner hair cells","Glia/Schwann","NRXN3_NLGN1",0.0130595115877616,0,TRUE
24,"Macrophages/Microglia","Glia/Schwann","NRXN3_NLGN1",0.00999011553277042,0,TRUE
24,"Spiral ganglion neurons","Glia/Schwann","NRXN3_NLGN1",0.0110436763520127,0,TRUE
24,"Supporting cells","Glia/Schwann","NRXN3_NLGN1",0.0102707293433987,0,TRUE
24,"Fibrocytes","Spiral ganglion neurons","NRXN3_NLGN1",0.0419726213749139,0,TRUE
24,"Glia/Schwann","Spiral ganglion neurons","NRXN3_NLGN1",0.00887507905769159,0,TRUE
24,"Inner hair cells","Spiral ganglion neurons","NRXN3_NLGN1",0.00955576464854042,0,TRUE
24,"Macrophages/Microglia","Spiral ganglion neurons","NRXN3_NLGN1",0.00730376517671116,0,TRUE
24,"Spiral ganglion neurons","Spiral ganglion neurons","NRXN3_NLGN1",0.00807633375867453,0,TRUE
24,"Supporting cells","Spiral ganglion neurons","NRXN3_NLGN1",0.00750949406485024,0,TRUE
24,"Fibrocytes","Fibrocytes","PTPRM_PTPRM",0.00858809738164451,0.89,FALSE
24,"Glia/Schwann","Fibrocytes","PTPRM_PTPRM",0.00728556814868133,1,FALSE
24,"Inner hair cells","Fibrocytes","PTPRM_PTPRM",0.0310605595875361,0,TRUE
24,"Macrophages/Microglia","Fibrocytes","PTPRM_PTPRM",0.0070359223379591,0.87,FALSE
24,"Outer hair cells","Fibrocytes","PTPRM_PTPRM",0.0096758938808657,0.55,FALSE
24,"Spiral ganglion neurons","Fibrocytes","PTPRM_PTPRM",0.00570219509901247,0.95,FALSE
24,"Supporting cells","Fibrocytes","PTPRM_PTPRM",0.00937855812033116,0.81,FALSE
24,"Fibrocytes","Glia/Schwann","PTPRM_PTPRM",0.00728556814868133,1,FALSE
24,"Glia/Schwann","Glia/Schwann","PTPRM_PTPRM",0.00617935804461668,1,FALSE
24,"Inner hair cells","Glia/Schwann","PTPRM_PTPRM",0.0264406028155178,0,TRUE
24,"Macrophages/Microglia","Glia/Schwann","PTPRM_PTPRM",0.00596738955152326,0.9,FALSE
24,"Outer hair cells","Glia/Schwann","PTPRM_PTPRM",0.0082097482344714,0.68,FALSE
24,"Spiral ganglion neurons","Glia/Schwann","PTPRM_PTPRM",0.00483522673513116,0.98,FALSE
24,"Supporting cells","Glia/Schwann","PTPRM_PTPRM",0.00795710445216693,1,FALSE
24,"Fibrocytes","Inner hair cells","PTPRM_PTPRM",0.0310605595875361,0,TRUE
24,"Glia/Schwann","Inner hair cells","PTPRM_PTPRM",0.0264406028155178,0,TRUE
24,"Inner hair cells","Inner hair cells","PTPRM_PTPRM",0.10604672726623,0,TRUE
24,"Macrophages/Microglia","Inner hair cells","PTPRM_PTPRM",0.0255514885688428,0.03,TRUE
24,"Outer hair cells","Inner hair cells","PTPRM_PTPRM",0.0348946059881662,0.04,TRUE
24,"Spiral ganglion neurons","Inner hair cells","PTPRM_PTPRM",0.0207814119128905,0.08,FALSE
24,"Supporting cells","Inner hair cells","PTPRM_PTPRM",0.0338487985620203,0,TRUE
24,"Fibrocytes","Macrophages/Microglia","PTPRM_PTPRM",0.0070359223379591,0.87,FALSE
24,"Glia/Schwann","Macrophages/Microglia","PTPRM_PTPRM",0.00596738955152326,0.9,FALSE
24,"Inner hair cells","Macrophages/Microglia","PTPRM_PTPRM",0.0255514885688428,0.03,TRUE
24,"Macrophages/Microglia","Macrophages/Microglia","PTPRM_PTPRM",0.00576264998290277,0.83,FALSE
24,"Outer hair cells","Macrophages/Microglia","PTPRM_PTPRM",0.00792868758163587,0.62,FALSE
24,"Spiral ganglion neurons","Macrophages/Microglia","PTPRM_PTPRM",0.00466914891726719,0.93,FALSE
24,"Supporting cells","Macrophages/Microglia","PTPRM_PTPRM",0.00768462604032123,0.83,FALSE
24,"Fibrocytes","Outer hair cells","PTPRM_PTPRM",0.0096758938808657,0.55,FALSE
24,"Glia/Schwann","Outer hair cells","PTPRM_PTPRM",0.0082097482344714,0.68,FALSE
24,"Inner hair cells","Outer hair cells","PTPRM_PTPRM",0.0348946059881662,0.04,TRUE
24,"Macrophages/Microglia","Outer hair cells","PTPRM_PTPRM",0.00792868758163587,0.62,FALSE
24,"Outer hair cells","Outer hair cells","PTPRM_PTPRM",0.0108999593938352,0.5,FALSE
24,"Spiral ganglion neurons","Outer hair cells","PTPRM_PTPRM",0.00642682337495837,0.76,FALSE
24,"Supporting cells","Outer hair cells","PTPRM_PTPRM",0.0105654099646192,0.47,FALSE
24,"Fibrocytes","Spiral ganglion neurons","PTPRM_PTPRM",0.00570219509901247,0.95,FALSE
24,"Glia/Schwann","Spiral ganglion neurons","PTPRM_PTPRM",0.00483522673513116,0.98,FALSE
24,"Inner hair cells","Spiral ganglion neurons","PTPRM_PTPRM",0.0207814119128905,0.08,FALSE
24,"Macrophages/Microglia","Spiral ganglion neurons","PTPRM_PTPRM",0.00466914891726719,0.93,FALSE
24,"Outer hair cells","Spiral ganglion neurons","PTPRM_PTPRM",0.00642682337495837,0.76,FALSE
24,"Spiral ganglion neurons","Spiral ganglion neurons","PTPRM_PTPRM",0.00378235754882772,0.95,FALSE
24,"Supporting cells","Spiral ganglion neurons","PTPRM_PTPRM",0.00622870208904117,0.94,FALSE
24,"Fibrocytes","Supporting cells","PTPRM_PTPRM",0.00937855812033116,0.81,FALSE
24,"Glia/Schwann","Supporting cells","PTPRM_PTPRM",0.00795710445216693,1,FALSE
24,"Inner hair cells","Supporting cells","PTPRM_PTPRM",0.0338487985620203,0,TRUE
24,"Macrophages/Microglia","Supporting cells","PTPRM_PTPRM",0.00768462604032123,0.83,FALSE
24,"Outer hair cells","Supporting cells","PTPRM_PTPRM",0.0105654099646192,0.47,FALSE
24,"Spiral ganglion neurons","Supporting cells","PTPRM_PTPRM",0.00622870208904117,0.94,FALSE
24,"Supporting cells","Supporting cells","PTPRM_PTPRM",0.0102410224521621,0,TRUE
24,"Fibrocytes","Outer hair cells","SEMA5A_PLXNA1",0.00437003052578965,0,TRUE
24,"Inner hair cells","Outer hair cells","SEMA5A_PLXNA1",0.00182663611529607,0,TRUE
24,"Supporting cells","Outer hair cells","SEMA5A_PLXNA1",0.00542711399140958,0,TRUE
24,"Inner hair cells","Outer hair cells","SEMA5B_PLXNA1",0.0175151307366798,0,TRUE
