gene_set,analysis_type,rank,term,p_value,z_score,combined_score,overlapping_genes,adjusted_p_value,old_p_value,old_adjusted_p_value
M12_module,micrornas,1,mmu-miR-380-5p,0.0606922135504258,1.9279062467301455,5.4018773720361475,GLIPR1;MMP13;DRAM1;TNFRSF12A;CD93;CLEC7A;SERPINE1;CLCA2;CLCA1,0.9989476412319036,0,0
M12_module,micrornas,2,mmu-miR-127,0.0614536244297071,3.468077601410935,9.674106968476249,ZFP36;TYROBP;OSMR,0.9989476412319036,0,0
M12_module,micrornas,3,hsa-miR-4800-3p,0.072065880452443,3.2369418355577526,8.51372210707337,FCER1G;MS4A7;OSMR,0.9989476412319036,0,0
M12_module,micrornas,4,hsa-miR-496,0.0724439282554592,1.796813064848581,4.7165308342374255,GLIPR1;TYROBP;DRAM1;CD93;FZD4;MS4A7;LCP1;CXCL13;IL2RG;CTSS,0.9989476412319036,0,0
M12_module,micrornas,5,mmu-miR-221,0.1045510087053947,1.6600870720188905,3.748609756046915,DRAM1;FZD4;MS4A7;CLCA2;IGFBP7;LCP1;FOS;OSMR;GBP2;MPEG1,0.9989476412319036,0,0
M12_module,micrornas,6,mmu-miR-1928,0.1045510087053947,1.6600870720188905,3.748609756046915,DRAM1;FZD4;MS4A7;CLCA2;IGFBP7;LCP1;FOS;OSMR;GBP2;MPEG1,0.9989476412319036,0,0
M12_module,micrornas,7,mmu-miR-222,0.1045510087053947,1.6600870720188905,3.748609756046915,DRAM1;FZD4;MS4A7;CLCA2;IGFBP7;LCP1;FOS;OSMR;GBP2;MPEG1,0.9989476412319036,0,0
M12_module,micrornas,8,mmu-miR-3077,0.1055844687255666,1.702314296379246,3.827217894418934,CLEC4D;DRAM1;TNFRSF12A;CD93;CLEC7A;MTF2;CLCA2;FOS;CD300LF,0.9989476412319036,0,0
M12_module,micrornas,9,mmu-miR-300,0.119272274446368,1.6110931552108023,3.425742096566297,CLEC4D;CD93;FZD4;MTF2;SERPINE1;ITGB2;MS4A7;LCP1;CXCL13;ARNTL,0.9989476412319036,0,0
M12_module,micrornas,10,hsa-miR-4634,0.1224691233737844,2.545927660681759,5.346184163484019,CCL5;SERPINE1;CD68,0.9989476412319036,0,0
M12_module,micrornas,11,mmu-miR-1839-5p,0.1230191992001159,1.6406616541353385,3.4378667852590716,ZFP36;CLEC4D;DRAM1;CD93;FZD4;LCP1;OSMR;IL2RG;CD300LF,0.9989476412319036,0,0
M12_module,micrornas,12,mmu-miR-3086-5p,0.1291970396951643,1.7348440571701822,3.5502136778237077,DRAM1;ANXA3;FZD4;GPX6;ITGB2;OSMR;ARNTL,0.9989476412319036,0,0
M12_module,micrornas,13,mmu-miR-5109,0.1457707363062735,3.05259900990099,5.878451547654295,HTR2B;RRAS2,0.9989476412319036,0,0
M12_module,micrornas,14,hsa-miR-4727-3p,0.1508302072473136,1.6022697512003492,3.03085431082545,TNFRSF12A;CD93;CEBPD;IGFBP7;LCP1;CXCL13;CD68;MPEG1,0.9989476412319036,0,0
M12_module,micrornas,15,hsa-miR-4460,0.1557708104489091,1.5880684892958417,2.952806138000778,MMP12;CEBPD;IGFBP7;LCP1;OSMR;CXCL13;CD68;MPEG1,0.9989476412319036,0,0
M12_module,micrornas,16,hsa-miR-1296,0.1674112646372978,1.607670419398738,2.8733922849603495,FCER1G;TNFRSF12A;CD93;MTF2;LCP1;IL2RG;SLC15A3,0.9989476412319036,0,0
M12_module,micrornas,17,hsa-miR-3150a-5p,0.1909760039891635,1.6037606837606837,2.6551982040389523,ZFP36;CD93;FZD4;ITGB2;CD300LF;CTSS,0.9989476412319036,0,0
M12_module,micrornas,18,hsa-miR-3150b-5p,0.1909760039891635,1.6037606837606837,2.6551982040389523,ZFP36;CD93;FZD4;ITGB2;CD300LF;CTSS,0.9989476412319036,0,0
M12_module,micrornas,19,mmu-miR-669f-5p,0.1928402901258163,1.5387146199802837,2.5325595373262475,GLIPR1;TNFRSF12A;CD93;SERPINE1;ITGB2;MS4A7;MPEG1,0.9989476412319036,0,0
M12_module,micrornas,20,mmu-miR-669l,0.1928402901258163,1.5387146199802837,2.5325595373262475,GLIPR1;TNFRSF12A;CD93;SERPINE1;ITGB2;MS4A7;MPEG1,0.9989476412319036,0,0
M12_module,micrornas,21,mmu-miR-669a-5p,0.1928402901258163,1.5387146199802837,2.5325595373262475,GLIPR1;TNFRSF12A;CD93;SERPINE1;ITGB2;MS4A7;MPEG1,0.9989476412319036,0,0
M12_module,micrornas,22,mmu-miR-669p,0.1928402901258163,1.5387146199802837,2.5325595373262475,GLIPR1;TNFRSF12A;CD93;SERPINE1;ITGB2;MS4A7;MPEG1,0.9989476412319036,0,0
M12_module,micrornas,23,mmu-miR-3066,0.2077883710747763,1.5023640524622155,2.3605672283386534,GLIPR1;MMP13;DRAM1;CD93;CLEC7A;FZD4;CLCA2,0.9989476412319036,0,0
M12_module,micrornas,24,mmu-miR-99a,0.214169923696028,2.3646634615384614,3.6439122084739273,DRAM1;CXCL1,0.9989476412319036,0,0
M12_module,micrornas,25,mmu-miR-99b,0.214169923696028,2.3646634615384614,3.6439122084739273,DRAM1;CXCL1,0.9989476412319036,0,0
M12_module,micrornas,26,mmu-miR-100,0.214169923696028,2.3646634615384614,3.6439122084739273,DRAM1;CXCL1,0.9989476412319036,0,0
M12_module,micrornas,27,mmu-miR-1298,0.2159421736493784,1.4440696797746122,2.2133900350723117,CD93;FZD4;HTR2B;CLCA2;FOS;CXCL13;SLC15A3;MPEG1,0.9989476412319036,0,0
M12_module,micrornas,28,mmu-miR-676,0.2265504676948749,1.87003367003367,2.776602699095852,CXCL10;HTR2B;RRAS2,0.9989476412319036,0,0
M12_module,micrornas,29,hsa-miR-4536,0.2502629433888929,1.3786256347832702,1.909731703612295,GLIPR1;CD93;FZD4;CCL5;MS4A7;OSMR;CD300LF;MPEG1,0.9989476412319036,0,0
M12_module,micrornas,30,mmu-miR-714,0.2529414832321631,1.760453514739229,2.4199143111484855,CXCL10;FZD4;CD14,0.9989476412319036,0,0
M12_module,micrornas,31,hsa-miR-591,0.2549779426573201,1.3703066184954698,1.872631202781792,CXCL10;MMP13;CD93;FZD4;MS4A7;RRAS2;MPEG1;ARNTL,0.9989476412319036,0,0
M12_module,micrornas,32,mmu-miR-652,0.2788904979404946,1.9589656549520769,2.5014738747300895,LCP1;MPEG1,0.9989476412319036,0,0
M12_module,micrornas,33,mmu-miR-465c-3p,0.2810841587954178,1.354907862083531,1.7195151353934877,DRAM1;FCER1G;CD93;ANXA3;FZD4;MS4A7;CXCL13,0.9989476412319036,0,0
M12_module,micrornas,34,mmu-miR-465b-3p,0.2810841587954178,1.354907862083531,1.7195151353934877,DRAM1;FCER1G;CD93;ANXA3;FZD4;MS4A7;CXCL13,0.9989476412319036,0,0
M12_module,micrornas,35,mmu-miR-465a-3p,0.2810841587954178,1.354907862083531,1.7195151353934877,DRAM1;FCER1G;CD93;ANXA3;FZD4;MS4A7;CXCL13,0.9989476412319036,0,0
M12_module,micrornas,36,hsa-miR-551a,0.2825652310439705,1.9400712025316456,2.451950935502176,ZFP36;GPX6,0.9989476412319036,0,0
M12_module,micrornas,37,hsa-miR-551b,0.2825652310439705,1.9400712025316456,2.451950935502176,ZFP36;GPX6,0.9989476412319036,0,0
M12_module,micrornas,38,mmu-miR-3472,0.2858542691811995,1.3831845238095235,1.7321248356047667,GLIPR1;RGS1;MTF2;OSMR;CXCL13;MPEG1,0.9989476412319036,0,0
M12_module,micrornas,39,mmu-miR-155,0.2991129210801592,1.324339975801698,1.5983910958753262,CSF1R;DRAM1;CD93;FZD4;CLCA1;MPEG1;ARNTL,0.9989476412319036,0,0
M12_module,micrornas,40,mmu-miR-5115,0.3009146459861745,1.8507364048338368,2.222602321450103,CXCL10;MPEG1,0.9989476412319036,0,0
M12_module,micrornas,41,hsa-miR-4707-5p,0.3055409113126881,1.3927028466591702,1.6512882033579412,TNFRSF12A;CD93;CEBPD;CXCL13;CD300LF,0.9989476412319036,0,0
M12_module,micrornas,42,hsa-miR-3146,0.3184921581505857,1.2933265874019733,1.4797692185263436,ZFP36;DRAM1;MS4A7;RRAS2;LCP1;OSMR;GBP2,0.9989476412319036,0,0
M12_module,micrornas,43,mmu-miR-582-3p,0.3211904720992748,1.2663167905322108,1.4381825220220876,DRAM1;CD93;CLEC7A;LY86;RRAS2;OSMR;CD68;CD300LF,0.9989476412319036,0,0
M12_module,micrornas,44,hsa-miR-4259,0.323718131700601,1.2627400003513272,1.4242218505668662,CSF1R;GLIPR1;FCER1G;TNFRSF12A;FZD4;CCL5;SERPINE1;OSMR,0.9989476412319036,0,0
M12_module,micrornas,45,mmu-miR-681,0.3239048848349076,1.3563553451858694,1.5290266664439025,FZD4;CCL5;MTF2;OSMR;MPEG1,0.9989476412319036,0,0
M12_module,micrornas,46,mmu-miR-688,0.3305013617375756,1.5059621229833997,1.6673176808624428,CEBPD;FZD4;IGFBP7,0.9989476412319036,0,0
M12_module,micrornas,47,mmu-miR-547,0.3342833132494663,1.2692965703827486,1.3908525363782114,MMP13;CD93;FZD4;MTF2;HTR2B;RRAS2;LCP1,0.9989476412319036,0,0
M12_module,micrornas,48,hsa-miR-192,0.350204050480043,1.2460707893630132,1.307426434067178,GLIPR1;CD93;CLEC7A;FZD4;SERPINE1;CD300LF;GBP2,0.9989476412319036,0,0
M12_module,micrornas,49,hsa-miR-215,0.350204050480043,1.2460707893630132,1.307426434067178,GLIPR1;CD93;CLEC7A;FZD4;SERPINE1;CD300LF;GBP2,0.9989476412319036,0,0
M12_module,micrornas,50,mmu-miR-1901,0.3566616817696154,2.307925407925408,2.3793963571890755,CEBPD,0.9989476412319036,0,0
M12_module,micrornas,51,mmu-miR-92a,0.3573754091218917,1.2359096821791211,1.271712111468132,ZFP36;DRAM1;ANXA3;GPX6;MTF2;CXCL13;CTSS,0.9989476412319036,0,0
M12_module,micrornas,52,mmu-miR-32,0.3573754091218917,1.2359096821791211,1.271712111468132,ZFP36;DRAM1;ANXA3;GPX6;MTF2;CXCL13;CTSS,0.9989476412319036,0,0
M12_module,micrornas,53,mmu-miR-25,0.3573754091218917,1.2359096821791211,1.271712111468132,ZFP36;DRAM1;ANXA3;GPX6;MTF2;CXCL13;CTSS,0.9989476412319036,0,0
M12_module,micrornas,54,mmu-miR-367,0.3573754091218917,1.2359096821791211,1.271712111468132,ZFP36;DRAM1;ANXA3;GPX6;MTF2;CXCL13;CTSS,0.9989476412319036,0,0
M12_module,micrornas,55,mmu-miR-92b,0.3573754091218917,1.2359096821791211,1.271712111468132,ZFP36;DRAM1;ANXA3;GPX6;MTF2;CXCL13;CTSS,0.9989476412319036,0,0
M12_module,micrornas,56,mmu-miR-363-3p,0.3573754091218917,1.2359096821791211,1.271712111468132,ZFP36;DRAM1;ANXA3;GPX6;MTF2;CXCL13;CTSS,0.9989476412319036,0,0
M12_module,micrornas,57,hsa-miR-3115,0.3633520105127965,1.2514576271186442,1.2669546630242132,ZFP36;CEBPD;FZD4;MTF2;LCP1;SLC15A3,0.9989476412319036,0,0
M12_module,micrornas,58,hsa-miR-1244,0.3656719239339202,1.2243717456375904,1.2317409089201252,ANXA3;FZD4;SERPINE1;MS4A7;RRAS2;FOS;MPEG1,0.9989476412319036,0,0
M12_module,micrornas,59,mmu-miR-331-5p,0.3716634066783673,1.27062751058517,1.2576247409834975,ZFP36;CLEC4D;MTF2;CXCL1;FOS,0.9989476412319036,0,0
M12_module,micrornas,60,hsa-miR-3613-5p,0.3862460824824242,1.217514871116986,1.1581982689014036,GLIPR1;DRAM1;RGS1;MTF2;MS4A7;RRAS2,0.9989476412319036,0,0
M12_module,micrornas,61,mmu-miR-3091-5p,0.3869920107001068,1.2453556351626691,1.182279904466505,DRAM1;TNFRSF12A;FZD4;SERPINE1;CD300LF,0.9989476412319036,0,0
M12_module,micrornas,62,mmu-miR-411,0.3903244209847302,1.2399862061647833,1.166550548924348,ZFP36;FZD4;MTF2;TIMP1;MPEG1,0.9989476412319036,0,0
M12_module,micrornas,63,hsa-miR-4445,0.3979025657220152,1.181548811509397,1.0888540781508842,ZFP36;GLIPR1;FZD4;HTR2B;NCKAP1L;MPEG1;CTSS,0.9989476412319036,0,0
M12_module,micrornas,64,mmu-miR-1843-3p,0.404879496511019,1.255878651387693,1.1355225200444448,FZD4;SERPINE1;OSMR;MPEG1,0.9989476412319036,0,0
M12_module,micrornas,65,hsa-miR-4637,0.406766153044962,1.1885585003232062,1.0691283640292222,DRAM1;CLEC7A;FZD4;MTF2;CXCL1;FOS,0.9989476412319036,0,0
M12_module,micrornas,66,hsa-miR-3117-3p,0.4140058089952727,1.1786401539448363,1.03941360854923,DRAM1;FCER1G;CXCL13;CD300LF;GBP2;CTSS,0.9989476412319036,0,0
M12_module,micrornas,67,hsa-miR-337-5p,0.4210846952774222,1.4107349537037035,1.2201746947387828,ZFP36;ARNTL,0.9989476412319036,0,0
M12_module,micrornas,68,mmu-miR-701,0.4236179485025532,1.8432634032634032,1.5832218755256051,GLIPR1,0.9989476412319036,0,0
M12_module,micrornas,69,mmu-miR-140,0.4284672055200331,1.1592545799115603,0.9825158752703798,CLEC4D;CD93;CLEC7A;LY86;CLCA2;LCP1,0.9989476412319036,0,0
M12_module,micrornas,70,mmu-miR-876-3p,0.4284672055200331,1.1592545799115603,0.9825158752703798,CLEC4D;CD93;CLEC7A;LY86;CLCA2;LCP1,0.9989476412319036,0,0
M12_module,micrornas,71,mmu-miR-1967,0.4332798857051194,1.1529226901319924,0.9642715327184816,FCER1G;FZD4;GPX6;CXCL13;CD300LF;C1QC,0.9989476412319036,0,0
M12_module,micrornas,72,mmu-miR-412-5p,0.4350319221075128,1.7780476833108412,1.4799328590436929,FOS,0.9989476412319036,0,0
M12_module,micrornas,73,mmu-miR-139-3p,0.4357703521487309,1.1346950140569283,0.9425229412643712,ZFP36;CD93;SERPINE1;OSMR;CXCL13;SLC15A3;MPEG1,0.9989476412319036,0,0
M12_module,micrornas,74,hsa-miR-1258,0.439288631693789,1.1450968144909432,0.9419550439819624,MMP12;CSF1R;GLIPR1;ANXA3;MPEG1;CTSS,0.9989476412319036,0,0
M12_module,micrornas,75,mmu-miR-1893,0.4443732880171224,1.727097902097902,1.4008324090742046,TNFRSF12A,0.9989476412319036,0,0
M12_module,micrornas,76,hsa-miR-921,0.451313893803073,1.1163694295702968,0.8881747953499346,CD93;CLEC7A;CCL5;MS4A7;NCKAP1L;CXCL13;CTSS,0.9989476412319036,0,0
M12_module,micrornas,77,hsa-miR-4715-5p,0.4536702124035632,1.1267076923076924,0.8905325769164468,CSF1R;GLIPR1;CLEC7A;FZD4;CCL5;CSN3,0.9989476412319036,0,0
M12_module,micrornas,78,hsa-miR-933,0.4537964652090173,1.3200244034707158,1.0429598560361462,CD93;MS4A7,0.9989476412319036,0,0
M12_module,micrornas,79,hsa-miR-4278,0.4542680567546666,1.1259532595325954,0.8884534859453764,GLIPR1;CD93;CLCA2;LCP1;MPEG1;CTSS,0.9989476412319036,0,0
M12_module,micrornas,80,mmu-miR-5136,0.4553823025084433,1.6696534234995772,1.3133794158651009,DRAM1,0.9989476412319036,0,0
M12_module,micrornas,81,mmu-miR-339-3p,0.4626409336720485,1.296974946695096,0.9997135377633564,DRAM1;FZD4,0.9989476412319036,0,0
M12_module,micrornas,82,mmu-miR-3094,0.4640365542076262,1.10171240663973,0.8458859161947385,ZFP36;CD93;FZD4;ITGB2;LY86;RRAS2;SLC15A3,0.9989476412319036,0,0
M12_module,micrornas,83,mmu-miR-496,0.4663922673806655,1.127458713035881,0.8599445812136143,CXCL10;GLIPR1;DRAM1;CD93;FZD4,0.9989476412319036,0,0
M12_module,micrornas,84,hsa-miR-3682-3p,0.4673471710014603,1.0979458743112227,0.8351886414459618,CLEC7A;MS4A7;NCKAP1L;LCP1;OSMR;IL2RG;CTSS,0.9989476412319036,0,0
M12_module,micrornas,85,hsa-miR-4785,0.4692209095258051,1.2801973684210526,0.9687017917583848,DRAM1;CLEC7A,0.9989476412319036,0,0
M12_module,micrornas,86,mmu-miR-210,0.4768385835016985,1.2611514522821576,0.933980067719986,CXCL10;FZD4,0.9989476412319036,0,0
M12_module,micrornas,87,hsa-miR-572,0.4768385835016985,1.2611514522821576,0.933980067719986,CEBPD;MS4A7,0.9989476412319036,0,0
M12_module,micrornas,88,mmu-miR-1947,0.4886783083424703,1.2323149087221097,0.8824001528183653,CSF1R;TNFRSF12A,0.9989476412319036,0,0
M12_module,micrornas,89,mmu-miR-5126,0.4905500986905821,1.5028179741051029,1.0703488404705086,CEBPD,0.9989476412319036,0,0
M12_module,micrornas,90,mmu-miR-5128,0.5008593342701654,1.100397381954184,0.7608477477639018,DRAM1;SERPINE1;LCP1;FOS,0.9989476412319036,0,0
M12_module,micrornas,91,mmu-miR-500,0.5057671709197646,1.0752101425718663,0.7329480157677534,FZD4;SERPINE1;CLCA1;FOS;MPEG1,0.9989476412319036,0,0
M12_module,micrornas,92,mmu-miR-501-3p,0.5057671709197646,1.0752101425718663,0.7329480157677534,FZD4;SERPINE1;CLCA1;FOS;MPEG1,0.9989476412319036,0,0
M12_module,micrornas,93,hsa-miR-1249,0.5066531839727927,1.1901960784313723,0.8092483113717885,CD93;FZD4,0.9989476412319036,0,0
M12_module,micrornas,94,mmu-miR-1957,0.5076778531598103,1.072756763019174,0.7272305846758539,CLEC4D;CD93;CLEC7A;CLCA2;LCP1,0.9989476412319036,0,0
M12_module,micrornas,95,mmu-miR-3096-3p,0.5083141536416474,1.071941279985181,0.7253350805441656,ZFP36;GLIPR1;MMP13;IGFBP7;LCP1,0.9989476412319036,0,0
M12_module,micrornas,96,mmu-miR-1941-3p,0.5167216028848262,1.0509237875288684,0.6938735186587375,ZFP36;MMP13;CLEC4D;CLEC7A;MTF2;MS4A7,0.9989476412319036,0,0
M12_module,micrornas,97,hsa-miR-4790-5p,0.517039077294828,1.1667067307692307,0.7696027208146321,ANXA3;CLEC7A,0.9989476412319036,0,0
M12_module,micrornas,98,mmu-miR-878-5p,0.5172306872187783,1.076623636832012,0.709781682058125,CLEC7A;RRAS2;LCP1;CTSS,0.9989476412319036,0,0
M12_module,micrornas,99,mmu-miR-1963,0.5201273104251306,1.159835086042065,0.758162935541112,CSF1R;SERPINE1,0.9989476412319036,0,0
M12_module,micrornas,100,mmu-miR-361,0.5207655415284808,1.0462909718228868,0.6826581472202442,GLIPR1;CD93;CLEC7A;FZD4;LY86;OSMR,0.9989476412319036,0,0
M12_module,micrornas,101,mmu-miR-5123,0.5214631770623396,1.070580531275802,0.6970727734230143,CLEC7A;GPX6;IGFBP7;MPEG1,0.9989476412319036,0,0
M12_module,micrornas,102,hsa-miR-3162-3p,0.5219187721541586,1.0449741527857552,0.6794874541745548,MMP13;DRAM1;CD93;CLEC7A;FZD4;SERPINE1,0.9989476412319036,0,0
M12_module,micrornas,103,hsa-miR-4703-3p,0.5230710197194771,1.0436603557085484,0.6763316021272782,DRAM1;ANXA3;FZD4;SERPINE1;RRAS2;IGFBP7,0.9989476412319036,0,0
M12_module,micrornas,104,mmu-miR-375,0.5288172490277805,1.0371363377067884,0.660772391982284,DRAM1;CD93;FZD4;MTF2;CLCA2;LCP1,0.9989476412319036,0,0
M12_module,micrornas,105,mmu-miR-767,0.543068442654668,1.0211473565804274,0.6234308040679597,CSF1R;FZD4;LCP1;FOS;CXCL13;MPEG1,0.9989476412319036,0,0
M12_module,micrornas,106,mmu-miR-1949,0.5444390912412936,1.0384551540972722,0.6313799077889898,DRAM1;MTF2;CXCL1;OSMR,0.9989476412319036,0,0
M12_module,micrornas,107,mmu-miR-340-3p,0.5512806944024874,1.093185920577617,0.6510044291219503,FZD4;RGS1,0.9989476412319036,0,0
M12_module,micrornas,108,hsa-miR-4640-3p,0.5571452500014894,1.0056017748197448,0.5882059432844452,CD93;FZD4;CLCA2;NCKAP1L;CD68;MPEG1,0.9989476412319036,0,0
M12_module,micrornas,109,mmu-miR-376a,0.5587619439252943,1.2363579277864991,0.7195995771513957,MPEG1,0.9989476412319036,0,0
M12_module,micrornas,110,mmu-miR-344f-3p,0.5605819213710495,1.0073224043715847,0.5830179498781919,GLIPR1;FZD4;RRAS2;OSMR;MPEG1,0.9989476412319036,0,0
M12_module,micrornas,111,hsa-miR-187,0.5658502463345971,1.063543497363796,0.605609126214652,CD93;S100A4,0.9989476412319036,0,0
M12_module,micrornas,112,mmu-miR-872,0.5675386743048088,1.007204301075269,0.570527233682824,FZD4;RGS1;MTF2;IGFBP7,0.9989476412319036,0,0
M12_module,micrornas,113,hsa-miR-4454,0.5725352105247293,1.0502387152777777,0.5856982214472022,CD93;MS4A7,0.9989476412319036,0,0
M12_module,micrornas,114,hsa-miR-4258,0.572884363637872,1.000106814783166,0.5571308947532834,TNFRSF12A;CEBPD;SERPINE1;NCKAP1L,0.9989476412319036,0,0
M12_module,micrornas,115,hsa-miR-99a,0.57471406815806,1.1825721153846154,0.6550061589145069,CD93,0.9989476412319036,0,0
M12_module,micrornas,116,hsa-miR-100,0.57471406815806,1.1825721153846154,0.6550061589145069,CD93,0.9989476412319036,0,0
M12_module,micrornas,117,hsa-miR-99b,0.57471406815806,1.1825721153846154,0.6550061589145069,CD93,0.9989476412319036,0,0
M12_module,micrornas,118,mmu-miR-216b,0.5748885611171678,0.9863215258855584,0.5460069468270963,MMP13;MTF2;SERPINE1;CXCL1;OSMR;CD68,0.9989476412319036,0,0
M12_module,micrornas,119,mmu-miR-153,0.5803664169641117,0.9804336043360432,0.5334496313176038,MMP13;DRAM1;FZD4;MTF2;SERPINE1;ARNTL,0.9989476412319036,0,0
M12_module,micrornas,120,hsa-miR-487b,0.5817759525334353,1.159622752726201,0.628132701833592,OSMR,0.9989476412319036,0,0
M12_module,micrornas,121,mmu-miR-669h-5p,0.5852681859353186,0.9751887810140236,0.5223940989980085,GLIPR1;DRAM1;FZD4;MTF2;MS4A7;CLCA2,0.9989476412319036,0,0
M12_module,micrornas,122,hsa-miR-3689b,0.587979612195671,0.9722969338353954,0.5163509312611144,CLEC4D;RRAS2;IGFBP7;OSMR;CD300LF;MPEG1,0.9989476412319036,0,0
M12_module,micrornas,123,hsa-miR-3689a-5p,0.587979612195671,0.9722969338353954,0.5163509312611144,CLEC4D;RRAS2;IGFBP7;OSMR;CD300LF;MPEG1,0.9989476412319036,0,0
M12_module,micrornas,124,hsa-miR-3689e,0.587979612195671,0.9722969338353954,0.5163509312611144,CLEC4D;RRAS2;IGFBP7;OSMR;CD300LF;MPEG1,0.9989476412319036,0,0
M12_module,micrornas,125,hsa-miR-3689f,0.587979612195671,0.9722969338353954,0.5163509312611144,CLEC4D;RRAS2;IGFBP7;OSMR;CD300LF;MPEG1,0.9989476412319036,0,0
M12_module,micrornas,126,hsa-miR-4633-5p,0.5880789914271186,0.9749114584437892,0.5175746447398034,MMP12;GLIPR1;MMP13;CXCL1;CTSS,0.9989476412319036,0,0
M12_module,micrornas,127,hsa-miR-628-3p,0.5904282669662559,0.9721840296139608,0.512250696087383,MMP13;CD93;CLEC7A;MTF2;ARNTL,0.9989476412319036,0,0
M12_module,micrornas,128,hsa-miR-4670-5p,0.5928354703410572,1.1246782956820132,0.5880249686119082,MS4A7,0.9989476412319036,0,0
M12_module,micrornas,129,mmu-miR-880,0.5971342425664522,0.9625799573560768,0.4963190561898661,GLIPR1;CLEC7A;FZD4;MTF2;LCP1;FOS,0.9989476412319036,0,0
M12_module,micrornas,130,mmu-miR-551b,0.6036068446208049,1.0917522910302693,0.5511517245711551,ZFP36,0.9989476412319036,0,0
M12_module,micrornas,131,mmu-miR-10b,0.6067165268947234,0.9524815205913412,0.4759489235462193,TYROBP;CD93;FZD4;MTF2;MS4A7;CLCA2,0.9989476412319036,0,0
M12_module,micrornas,132,hsa-miR-4423-3p,0.6067165268947234,0.9524815205913412,0.4759489235462193,GLIPR1;MMP13;CD93;GPX6;CXCL1;IGFBP7,0.9989476412319036,0,0
M12_module,micrornas,133,mmu-miR-10a,0.6067165268947234,0.9524815205913412,0.4759489235462193,TYROBP;CD93;FZD4;MTF2;MS4A7;CLCA2,0.9989476412319036,0,0
M12_module,micrornas,134,mmu-miR-3970,0.6080212125183199,0.954552425745105,0.4749332721662503,MMP12;FZD4;OSMR;MPEG1,0.9989476412319036,0,0
M12_module,micrornas,135,hsa-miR-4484,0.6104114307016463,0.9486059968437665,0.4682528582539966,CLEC4D;DRAM1;CD93;FZD4;OSMR;CTSS,0.9989476412319036,0,0
M12_module,micrornas,136,hsa-miR-502-3p,0.6104114307016463,0.9486059968437665,0.4682528582539966,CLEC4D;CLEC7A;MTF2;FOS;OSMR;CTSS,0.9989476412319036,0,0
M12_module,micrornas,137,hsa-miR-501-3p,0.6104114307016463,0.9486059968437665,0.4682528582539966,CLEC4D;CLEC7A;MTF2;FOS;OSMR;CTSS,0.9989476412319036,0,0
M12_module,micrornas,138,hsa-miR-2909,0.6130396590745621,0.9458551941238196,0.4628312061976347,TNFRSF12A;GPX6;MTF2;MS4A7;LCP1;IL2RG,0.9989476412319036,0,0
M12_module,micrornas,139,hsa-miR-3610,0.6153894189235327,1.05691231845078,0.5131309412418976,IL2RG,0.9989476412319036,0,0
M12_module,micrornas,140,mmu-miR-1905,0.6158037346087311,0.9430857518974844,0.4572334159026832,MMP13;SERPINE1;RRAS2;LCP1;CXCL13,0.9989476412319036,0,0
M12_module,micrornas,141,hsa-miR-4520b-3p,0.6265560209545199,0.9317805383022776,0.4356233255265191,CLEC4D;CD93;FZD4;MS4A7;MPEG1;CTSS,0.9989476412319036,0,0
M12_module,micrornas,142,mmu-miR-1929,0.6270707658249682,0.931246766683911,0.4346090297992194,CD93;FZD4;LCP1;OSMR;CXCL13;CTSS,0.9989476412319036,0,0
M12_module,micrornas,143,hsa-miR-4315,0.6285425038716446,0.945141065830721,0.4388777904888897,ANXA3;OSMR,0.9989476412319036,0,0
M12_module,micrornas,144,mmu-miR-3102,0.629638725308038,0.9285861713106296,0.4295723906731589,MMP12;DRAM1;CD93;MTF2;RRAS2;OSMR,0.9989476412319036,0,0
M12_module,micrornas,145,hsa-miR-3622a-5p,0.6298265033177259,0.9272572626292288,0.4286811294947343,MMP13;DRAM1;CD93;GPX6;CXCL1,0.9989476412319036,0,0
M12_module,micrornas,146,hsa-miR-662,0.6332539650850647,0.9249609679937548,0.4225996158992395,CSF1R;LY86;CD300LF,0.9989476412319036,0,0
M12_module,micrornas,147,mmu-miR-3101,0.6359762613580902,0.9194659032011254,0.4161447889188684,FZD4;RGS1;MTF2;CD68,0.9989476412319036,0,0
M12_module,micrornas,148,mmu-miR-5116,0.6370011466831569,0.9192180970748955,0.4145524918479671,GLIPR1;DRAM1;FZD4;RRAS2;ARNTL,0.9989476412319036,0,0
M12_module,micrornas,149,hsa-miR-324-5p,0.638803030285131,0.919120654396728,0.4119123026717404,GLIPR1;DRAM1;CD93;OSMR;GBP2;MPEG1,0.9989476412319036,0,0
M12_module,micrornas,150,hsa-miR-585,0.6403916255707404,0.9241756134969326,0.4118823129426724,FZD4;CTSS,0.9989476412319036,0,0
M12_module,micrornas,151,hsa-miR-4537,0.6422406925801013,0.9121768019644664,0.4039047136326357,CLEC7A;CD68;MPEG1,0.9989476412319036,0,0
M12_module,micrornas,152,hsa-miR-4750,0.642758632786533,0.9803196803196804,0.4332875760969881,TYROBP,0.9989476412319036,0,0
M12_module,micrornas,153,mmu-miR-196b,0.6438182158971746,0.9097751710654935,0.4006093673020787,ZFP36;CD93;OSMR;IL2RG,0.9989476412319036,0,0
M12_module,micrornas,154,mmu-miR-196a,0.6438182158971746,0.9097751710654935,0.4006093673020787,ZFP36;CD93;OSMR;IL2RG,0.9989476412319036,0,0
M12_module,micrornas,155,hsa-miR-941,0.6445525696826266,0.916904490106545,0.4027034373307339,CEBPD;ITGB2,0.9989476412319036,0,0
M12_module,micrornas,156,mmu-miR-5121,0.6448417317289433,0.9129065040650408,0.4005380659416085,CD93;CLCA2;RRAS2;NCKAP1L;CXCL13;IL2RG,0.9989476412319036,0,0
M12_module,micrornas,157,hsa-miR-325,0.6497777309648202,0.902449672568518,0.3890685491470919,MMP13;CD93;MTF2;ARNTL,0.9989476412319036,0,0
M12_module,micrornas,158,mmu-miR-1982.1,0.6523091041577497,0.905244578920827,0.3867537457585041,GLIPR1;CD93;FZD4;SERPINE1;MPEG1;C1QC,0.9989476412319036,0,0
M12_module,micrornas,159,mmu-miR-3096b-3p,0.6532978864739315,0.9042317380352644,0.3849514093509249,GLIPR1;FZD4;MS4A7;RRAS2;IL2RG;ARNTL,0.9989476412319036,0,0
M12_module,micrornas,160,mmu-miR-5118,0.6533228622521587,0.8981070117828859,0.3823096439487817,FZD4;RGS1;IGFBP7;IL2RG,0.9989476412319036,0,0
M12_module,micrornas,161,mmu-miR-1306-3p,0.6591670507408273,0.9370281892021024,0.3905330020131194,DRAM1,0.9989476412319036,0,0
M12_module,micrornas,162,mmu-miR-1306-5p,0.6606723989882286,0.8929339958527329,0.3701186198375748,TNFRSF12A;FZD4;FOS;CXCL13;C1QC,0.9989476412319036,0,0
M12_module,micrornas,163,mmu-miR-125b-1-3p,0.6625853546515271,0.9282366863905326,0.3820676894844863,OSMR,0.9989476412319036,0,0
M12_module,micrornas,164,mmu-miR-3081,0.6637172687422053,0.9253421425200566,0.3792968376347558,RGS1,0.9989476412319036,0,0
M12_module,micrornas,165,hsa-miR-1225-5p,0.6659178233849152,0.8871516636524512,0.36070611164578,DRAM1;GPX6;RRAS2;NCKAP1L;OSMR,0.9989476412319036,0,0
M12_module,micrornas,166,mmu-miR-18b,0.6695595445625807,0.8831446747939926,0.3542603971639875,GLIPR1;CD93;SERPINE1;OSMR;CXCL13,0.9989476412319036,0,0
M12_module,micrornas,167,mmu-miR-18a,0.6695595445625807,0.8831446747939926,0.3542603971639875,GLIPR1;CD93;SERPINE1;OSMR;CXCL13,0.9989476412319036,0,0
M12_module,micrornas,168,hsa-miR-3683,0.6704306406893621,0.9083410565338276,0.363186569750009,DRAM1,0.9989476412319036,0,0
M12_module,micrornas,169,mmu-miR-770-5p,0.6716293565317427,0.8808698088236715,0.3506290324145611,CSF1R;FZD4;FOS;CXCL13;MPEG1,0.9989476412319036,0,0
M12_module,micrornas,170,hsa-miR-1278,0.6721455368328699,0.8803027669968526,0.3497270259211194,CXCL10;OSMR;GBP2;MPEG1;CTSS,0.9989476412319036,0,0
M12_module,micrornas,171,mmu-miR-5111,0.6726389635169019,0.9028097650852142,0.358006099143029,CD93,0.9989476412319036,0,0
M12_module,micrornas,172,hsa-miR-3193,0.6734188535148757,0.8676497113997114,0.3430580889994355,CSN3;IL2RG,0.9989476412319036,0,0
M12_module,micrornas,173,hsa-miR-1273c,0.6780962140217437,0.889267075107783,0.3454501058766287,DRAM1,0.9989476412319036,0,0
M12_module,micrornas,174,mmu-miR-653,0.6808423828745926,0.8707642307508483,0.3347430597411796,TYROBP;CD93;FZD4;GPX6;IL2RG,0.9989476412319036,0,0
M12_module,micrornas,175,mmu-miR-671-3p,0.68239741854414,0.8787172011661808,0.3357956851536665,MPEG1,0.9989476412319036,0,0
M12_module,micrornas,176,mmu-miR-453,0.6898894647246236,0.8462021343377275,0.3141304482677409,DRAM1;FZD4;SERPINE1,0.9989476412319036,0,0
M12_module,micrornas,177,hsa-miR-450a,0.6908307231641307,0.858338812184966,0.3174655869996285,OSMR,0.9989476412319036,0,0
M12_module,micrornas,178,mmu-miR-324-5p,0.6928669216137332,0.8576155506744974,0.3146740084798306,CD93;CLEC7A;CCL5;LCP1;CD300LF,0.9989476412319036,0,0
M12_module,micrornas,179,mmu-miR-192,0.6929617873949374,0.850181250860368,0.3118298381003554,DRAM1;CD93;FZD4;MPEG1,0.9989476412319036,0,0
M12_module,micrornas,180,mmu-miR-215,0.6929617873949374,0.850181250860368,0.3118298381003554,DRAM1;CD93;FZD4;MPEG1,0.9989476412319036,0,0
M12_module,micrornas,181,hsa-miR-4665-3p,0.6949642816752225,0.8484940411700975,0.3087625931800236,ITGB2,0.9989476412319036,0,0
M12_module,micrornas,182,hsa-miR-3545-5p,0.6958263790315029,0.8543848936070271,0.3098470434564573,MMP12;CEBPD;FZD4;OSMR;MPEG1,0.9989476412319036,0,0
M12_module,micrornas,183,mmu-miR-669j,0.6977889321138103,0.8522434365304764,0.3066700948359368,ZFP36;DRAM1;SERPINE1;MPEG1;ARNTL,0.9989476412319036,0,0
M12_module,micrornas,184,mmu-miR-669i,0.6977889321138103,0.8522434365304764,0.3066700948359368,ZFP36;DRAM1;SERPINE1;MPEG1;ARNTL,0.9989476412319036,0,0
M12_module,micrornas,185,hsa-miR-4759,0.6987670788247274,0.8511763769649193,0.3050937989038866,DRAM1;MTF2;RRAS2;CXCL13;GBP2,0.9989476412319036,0,0
M12_module,micrornas,186,hsa-miR-4474-5p,0.6997431370808915,0.850111752218679,0.3035255647924326,GLIPR1;MMP13;FCER1G;MTF2;CXCL13,0.9989476412319036,0,0
M12_module,micrornas,187,mmu-miR-1839-3p,0.7027079114404845,0.8288704216682056,0.29243705763214,CD93;FZD4;MPEG1,0.9989476412319036,0,0
M12_module,micrornas,188,hsa-miR-1539,0.7068516229771634,0.8128387533875339,0.2820018094146577,CSN3;IL2RG,0.9989476412319036,0,0
M12_module,micrornas,189,mmu-miR-467b,0.7098653543307083,0.8390781229785426,0.2875352649349065,DRAM1;CD93;FZD4;CD68;MPEG1,0.9989476412319036,0,0
M12_module,micrornas,190,hsa-miR-4529-3p,0.7150750913847507,0.8334022133443542,0.2794961992046017,CLEC4D;CD93;MS4A7;GBP2;CTSS,0.9989476412319036,0,0
M12_module,micrornas,191,hsa-miR-614,0.7176972191359673,0.7959299959299959,0.2640159485218344,FZD4,0.9989476412319036,0,0
M12_module,micrornas,192,hsa-miR-2277-5p,0.7176972191359673,0.7959299959299959,0.2640159485218344,SERPINE1,0.9989476412319036,0,0
M12_module,micrornas,193,hsa-miR-3132,0.7183572236114385,0.8298265515222483,0.2744969206938347,CXCL10;GLIPR1;GPX6;OSMR;IL2RG,0.9989476412319036,0,0
M12_module,micrornas,194,mmu-miR-293,0.7205365592201471,0.7895416919038967,0.2587794928043345,LGALS3,0.9989476412319036,0,0
M12_module,micrornas,195,mmu-miR-672,0.7253033895363963,0.8222577045551452,0.2640805957674078,CLEC7A;FZD4;IL2RG;CD300LF;MPEG1,0.9989476412319036,0,0
M12_module,micrornas,196,mmu-miR-1b-3p,0.7268895310315873,0.8097629437950922,0.258298803124905,CD93;FZD4;SERPINE1;SLC15A3,0.9989476412319036,0,0
M12_module,micrornas,197,mmu-miR-3093-5p,0.7298808208423061,0.8062113700395309,0.2538550128676495,SERPINE1;CLCA1;OSMR;MPEG1,0.9989476412319036,0,0
M12_module,micrornas,198,hsa-miR-3615,0.7302197120076163,0.775663860103627,0.2438763305795825,CD93;CEBPD,0.9989476412319036,0,0
M12_module,micrornas,199,hsa-miR-4444,0.7307088902604234,0.7669544740973312,0.2406243990816037,MS4A7,0.9989476412319036,0,0
M12_module,micrornas,200,hsa-miR-2964a-5p,0.7312273545007436,0.8157989551432174,0.255370239639451,GLIPR1;FZD4;SERPINE1;ITGB2;OSMR,0.9989476412319036,0,0
M12_module,micrornas,201,hsa-miR-1277,0.7334192884823333,0.7610126582278481,0.2359426321921305,CD93,0.9989476412319036,0,0
M12_module,micrornas,202,mmu-miR-1186b,0.7338323431430535,0.8015205821657435,0.2480503351329457,MMP13;CD93;FZD4;CCL5,0.9989476412319036,0,0
M12_module,micrornas,203,hsa-miR-1306,0.7352112760406944,0.7571013369502034,0.232882380584004,CD93,0.9989476412319036,0,0
M12_module,micrornas,204,hsa-miR-542-5p,0.7361406778848089,0.7663652368758003,0.2347637591947291,LY86;MPEG1,0.9989476412319036,0,0
M12_module,micrornas,205,mmu-miR-574-3p,0.7369913989459721,0.7532292269134374,0.2298697853393493,MPEG1,0.9989476412319036,0,0
M12_module,micrornas,206,mmu-miR-21,0.7372554072157643,0.7974574072472542,0.2430816822039438,CXCL10;GLIPR1;CLEC4D;OSMR,0.9989476412319036,0,0
M12_module,micrornas,207,mmu-miR-590-5p,0.7372554072157643,0.7974574072472542,0.2430816822039438,CXCL10;GLIPR1;CLEC4D;OSMR,0.9989476412319036,0,0
M12_module,micrornas,208,mmu-miR-3967,0.7383958726383645,0.8079752848316011,0.2450388543143768,CD93;CLCA2;NCKAP1L;LCP1;CXCL13,0.9989476412319036,0,0
M12_module,micrornas,209,mmu-miR-697,0.7392824317505559,0.8070069034410176,0.2437768121554079,CLEC4D;CD93;FZD4;LY86;CD300LF,0.9989476412319036,0,0
M12_module,micrornas,210,hsa-miR-3178,0.7400275526918747,0.7602843074968234,0.2288971695330294,CEBPD;SERPINE1,0.9989476412319036,0,0
M12_module,micrornas,211,mmu-miR-720,0.7422613501404618,0.7418423551756885,0.2211089877995768,OSMR,0.9989476412319036,0,0
M12_module,micrornas,212,mmu-miR-3102-3p.2,0.7428075511127407,0.8031543612240911,0.2387924763167303,MMP12;CXCL10;FZD4;LCP1;SLC15A3,0.9989476412319036,0,0
M12_module,micrornas,213,hsa-miR-3912,0.7431295064031209,0.7399772641151952,0.2196881111563589,LCP1,0.9989476412319036,0,0
M12_module,micrornas,214,mmu-miR-466f,0.7457680730146508,0.7513347989949749,0.220397016665009,TNFRSF12A;FZD4,0.9989476412319036,0,0
M12_module,micrornas,215,hsa-miR-658,0.7479398138330869,0.7685787986733816,0.2232204671831114,CLEC7A;LCP1;OSMR,0.9989476412319036,0,0
M12_module,micrornas,216,hsa-miR-486-5p,0.7523275620555732,0.7927300172008285,0.2255978527527152,CXCL10;GLIPR1;SERPINE1;OSMR;CXCL13,0.9989476412319036,0,0
M12_module,micrornas,217,hsa-miR-503,0.7531803731308541,0.7917945121416674,0.2244345824447988,CXCL10;DRAM1;CD93;CCL5;LY86,0.9989476412319036,0,0
M12_module,micrornas,218,mmu-miR-3964,0.7543528460059696,0.7771491302144908,0.219074496735648,CD93;FZD4;RRAS2;C1QC,0.9989476412319036,0,0
M12_module,micrornas,219,hsa-miR-521,0.7566346369221872,0.7113379511483777,0.1983742204149935,FZD4,0.9989476412319036,0,0
M12_module,micrornas,220,mmu-miR-5119,0.7595094152565527,0.7848415010653563,0.2158962095992555,TYROBP;CD93;FZD4;MPEG1;C1QC,0.9989476412319036,0,0
M12_module,micrornas,221,hsa-miR-103b,0.7603194852714394,0.770048774361014,0.211006115164285,CLCA2;OSMR;MPEG1;CTSS,0.9989476412319036,0,0
M12_module,micrornas,222,hsa-miR-3144-3p,0.761680866363574,0.7684272104295504,0.2091871118430721,FZD4;MTF2;ITGB2;MPEG1,0.9989476412319036,0,0
M12_module,micrornas,223,hsa-miR-1204,0.762950610899185,0.7247421116504854,0.1960876606726039,CD93;CLEC7A,0.9989476412319036,0,0
M12_module,micrornas,224,hsa-miR-574-3p,0.7631224824707306,0.6978175313059034,0.1886457117105373,OSMR,0.9989476412319036,0,0
M12_module,micrornas,225,hsa-miR-4638-5p,0.7634598591228002,0.7480541252544606,0.2018958665561686,CCL5;ITGB2;CTSS,0.9989476412319036,0,0
M12_module,micrornas,226,mmu-miR-5103,0.7686594073353836,0.6863932406266502,0.1805950797764161,MPEG1,0.9989476412319036,0,0
M12_module,micrornas,227,hsa-miR-1295,0.7728947262135479,0.7094604637336505,0.1827658328221985,MS4A7;OSMR,0.9989476412319036,0,0
M12_module,micrornas,228,mmu-miR-490-5p,0.7734188338362599,0.7694837645973398,0.1977069633318318,FZD4;ITGB2;IGFBP7;FOS;GBP2,0.9989476412319036,0,0
M12_module,micrornas,229,mmu-miR-1900,0.7740688232334013,0.6753291753291754,0.1729480810346897,LGALS3,0.9989476412319036,0,0
M12_module,micrornas,230,mmu-miR-34b-3p,0.775409614286807,0.7520327700972862,0.1912899542554187,DRAM1;MTF2;GBP2;CTSS,0.9989476412319036,0,0
M12_module,micrornas,231,hsa-miR-1284,0.7762077236987509,0.7663891867967247,0.1941532885118543,MMP13;FZD4;ITGB2;RRAS2;CTSS,0.9989476412319036,0,0
M12_module,micrornas,232,hsa-miR-875-5p,0.779707349869452,0.7468810420270683,0.1858513556652081,FZD4;MTF2;LCP1;MPEG1,0.9989476412319036,0,0
M12_module,micrornas,233,mmu-miR-5135,0.7801269677913144,0.7260061318741026,0.180266301290365,ZFP36;GLIPR1;CLEC4D,0.9989476412319036,0,0
M12_module,micrornas,234,mmu-miR-878-3p,0.7824869786339684,0.7593996387027063,0.1862640226297996,GLIPR1;CD93;FZD4;RGS1;FOS,0.9989476412319036,0,0
M12_module,micrornas,235,hsa-miR-3944-3p,0.7830537519763713,0.6571524966261808,0.1607092299905438,TYROBP,0.9989476412319036,0,0
M12_module,micrornas,236,mmu-miR-448-5p,0.7832625859866715,0.7585340349456925,0.185300216451655,CLEC4D;DRAM1;SERPINE1;CD300LF;MPEG1,0.9989476412319036,0,0
M12_module,micrornas,237,hsa-miR-4523,0.7837864107801928,0.6556808618077765,0.1597361394803644,SLC15A3,0.9989476412319036,0,0
M12_module,micrornas,238,mmu-miR-1194,0.7848076183636414,0.7568081596930016,0.1833872280778687,CSF1R;GLIPR1;DRAM1;CLCA2;CD68,0.9989476412319036,0,0
M12_module,micrornas,239,hsa-miR-4661-5p,0.7853135672471896,0.7191322409416109,0.173794265175656,CD93;CLEC7A;FZD4,0.9989476412319036,0,0
M12_module,micrornas,240,mmu-miR-434-3p,0.7860354080994482,0.7392741935483871,0.1779828045309584,ANXA3;FZD4;CLCA1;OSMR,0.9989476412319036,0,0
M12_module,micrornas,241,mmu-miR-296-3p,0.7864522457583316,0.7387721383812537,0.1774702631040888,CLEC4D;FZD4;RGS1;MS4A7,0.9989476412319036,0,0
M12_module,micrornas,242,hsa-miR-1292,0.7871097362618854,0.7542325956004496,0.1805539340100108,FZD4;SERPINE1;TIMP1;FOS;SLC15A3,0.9989476412319036,0,0
M12_module,micrornas,243,mmu-miR-541,0.7872840406889697,0.7377699072303946,0.1764496103848668,ZFP36;MMP13;CD93;FZD4,0.9989476412319036,0,0
M12_module,micrornas,244,hsa-miR-3186-5p,0.7874133097386153,0.6484182484182485,0.1549732564016488,SERPINE1,0.9989476412319036,0,0
M12_module,micrornas,245,mmu-miR-871-3p,0.7882538639864868,0.752950735903901,0.179153392520208,CLEC7A;FZD4;SERPINE1;CLCA1;OSMR,0.9989476412319036,0,0
M12_module,micrornas,246,mmu-miR-540-5p,0.789352575939027,0.7352752367196277,0.1739236174245693,CLEC7A;SERPINE1;RRAS2;OSMR,0.9989476412319036,0,0
M12_module,micrornas,247,hsa-miR-4506,0.7901504954940989,0.7508230143212847,0.1768427343654496,CLEC4D;FZD4;RGS1;ITGB2;MPEG1,0.9989476412319036,0,0
M12_module,micrornas,248,mmu-miR-448-3p,0.7920343415570856,0.7487061098285648,0.1745612244908382,DRAM1;MTF2;SERPINE1;MPEG1;ARNTL,0.9989476412319036,0,0
M12_module,micrornas,249,hsa-miR-139-3p,0.7938398177295697,0.677438850967008,0.1564027320643297,CCL5;IL2RG,0.9989476412319036,0,0
M12_module,micrornas,250,hsa-miR-4280,0.7942534799581729,0.7293508562325767,0.1680078838436025,CXCL10;CSF1R;DRAM1;ARNTL,0.9989476412319036,0,0
M12_module,micrornas,251,mmu-miR-33,0.7942781209272838,0.7461799872043073,0.171861369154351,MMP13;ANXA3;CLCA2;CSN3;LCP1,0.9989476412319036,0,0
M12_module,micrornas,252,hsa-miR-3181,0.7958751915793677,0.6316131126257708,0.144205421377137,TYROBP,0.9989476412319036,0,0
M12_module,micrornas,253,hsa-miR-3197,0.7959444035346902,0.6742284824462061,0.1538764294390737,CLEC7A;FZD4,0.9989476412319036,0,0
M12_module,micrornas,254,mmu-miR-188-5p,0.7962691569197051,0.7269081885856079,0.1656027794908924,FCER1G;FZD4;RRAS2;NCKAP1L,0.9989476412319036,0,0
M12_module,micrornas,255,hsa-miR-3147,0.7972413420041519,0.7428356269809088,0.1683249433315382,CLEC4D;ANXA3;SERPINE1;LCP1;CTSS,0.9989476412319036,0,0
M12_module,micrornas,256,hsa-miR-638,0.7985156594318774,0.7015822903747134,0.1578565067637849,CSF1R;CD93;GPX6,0.9989476412319036,0,0
M12_module,micrornas,257,hsa-miR-548ad,0.7994012705931898,0.7004015160043529,0.1568144666097546,DRAM1;FOS;MPEG1,0.9989476412319036,0,0
M12_module,micrornas,258,hsa-miR-3659,0.8001721261130961,0.7395181696049584,0.1648596147566444,CSF1R;GLIPR1;MS4A7;OSMR;MPEG1,0.9989476412319036,0,0
M12_module,micrornas,259,mmu-miR-137,0.8008997692799966,0.7386929708277412,0.1640042231527024,MMP12;ZFP36;DRAM1;CD93;LCP1,0.9989476412319036,0,0
M12_module,micrornas,260,hsa-miR-3152-3p,0.8016253954702446,0.7378694282447583,0.1631531634891292,CD93;FZD4;MTF2;IGFBP7;MPEG1,0.9989476412319036,0,0
M12_module,micrornas,261,mmu-miR-682,0.8019874528609935,0.7374582764687505,0.1627292512756386,GLIPR1;FZD4;LCP1;OSMR;GBP2,0.9989476412319036,0,0
M12_module,micrornas,262,hsa-miR-4327,0.8023490068359558,0.7370475368749744,0.1623064138014047,ZFP36;CLEC4D;CD93;MS4A7;LCP1,0.9989476412319036,0,0
M12_module,micrornas,263,hsa-miR-4304,0.8040051529696897,0.6156378600823045,0.1343011533265486,OSMR,0.9989476412319036,0,0
M12_module,micrornas,264,mmu-miR-1247,0.804668072830761,0.6143421260464381,0.1335121596347749,DRAM1,0.9989476412319036,0,0
M12_module,micrornas,265,mmu-miR-1198-3p,0.805080627272955,0.6928162840799347,0.1502114720219364,FCER1G;MTF2;ARNTL,0.9989476412319036,0,0
M12_module,micrornas,266,mmu-miR-202-3p,0.8099497803408947,0.7102215312864361,0.1497026483363811,CD93;CEBPD;FZD4;OSMR,0.9989476412319036,0,0
M12_module,micrornas,267,mmu-miR-154,0.8102055691402018,0.6859498049606241,0.144369985861404,FZD4;RGS1;IGFBP7,0.9989476412319036,0,0
M12_module,micrornas,268,hsa-miR-339-3p,0.8105358390568692,0.6029156327543425,0.1266482891990429,DRAM1,0.9989476412319036,0,0
M12_module,micrornas,269,mmu-miR-3070a,0.8137222771882604,0.705582383619857,0.1454460388973821,DRAM1;CD93;FZD4;OSMR,0.9989476412319036,0,0
M12_module,micrornas,270,mmu-miR-3070b-3p,0.8137222771882604,0.705582383619857,0.1454460388973821,DRAM1;CD93;FZD4;OSMR,0.9989476412319036,0,0
M12_module,micrornas,271,mmu-miR-2182,0.8149793221368928,0.5943110567365041,0.1215916072656243,CD300LF,0.9989476412319036,0,0
M12_module,micrornas,272,hsa-miR-4732-5p,0.815586107882381,0.7032835820895522,0.1433631439408716,CXCL10;DRAM1;LY86;OSMR,0.9989476412319036,0,0
M12_module,micrornas,273,hsa-miR-4777-3p,0.8163274746300648,0.7023678996672245,0.1425383221215474,CXCL10;CLEC7A;CLCA2;LCP1,0.9989476412319036,0,0
M12_module,micrornas,274,hsa-miR-548al,0.8174722068791017,0.5895008344712487,0.1188070399398742,GLIPR1,0.9989476412319036,0,0
M12_module,micrornas,275,hsa-miR-1537,0.8187062148227632,0.5871240743539369,0.1174424118844923,SLC15A3,0.9989476412319036,0,0
M12_module,micrornas,276,hsa-miR-4730,0.8223591503235583,0.5801045556385362,0.1134557217407752,OSMR,0.9989476412319036,0,0
M12_module,micrornas,277,mmu-miR-101c,0.8246835288585742,0.6919924098671727,0.1333853897560238,CSF1R;FZD4;MTF2;ARNTL,0.9989476412319036,0,0
M12_module,micrornas,278,hsa-miR-517b,0.8277030380891195,0.5698766881972989,0.1077641596240868,OSMR,0.9989476412319036,0,0
M12_module,micrornas,279,hsa-miR-4787-5p,0.8285180694208873,0.6244736842105263,0.1174738865906716,FZD4;SERPINE1,0.9989476412319036,0,0
M12_module,micrornas,280,hsa-miR-615-3p,0.8311773437132539,0.5632510885341074,0.1041519398572328,SERPINE1,0.9989476412319036,0,0
M12_module,micrornas,281,mmu-miR-1193-5p,0.8322924395412417,0.6560415122312825,0.1204304654751077,CD93;LCP1;ARNTL,0.9989476412319036,0,0
M12_module,micrornas,282,mmu-miR-379,0.8322924395412417,0.6560415122312825,0.1204304654751077,CD93;LCP1;ARNTL,0.9989476412319036,0,0
M12_module,micrornas,283,mmu-miR-678,0.8328885296348522,0.5599942271612065,0.1023980040965305,CD93,0.9989476412319036,0,0
M12_module,micrornas,284,mmu-miR-142-3p,0.835318726730988,0.6518931817384286,0.1173029096510717,MMP13;OSMR;ARNTL,0.9989476412319036,0,0
M12_module,micrornas,285,hsa-miR-4713-3p,0.8357985583101463,0.6780153467928183,0.1216140220569069,CSF1R;DRAM1;CD93;GPX6,0.9989476412319036,0,0
M12_module,micrornas,286,mmu-miR-467a,0.8368106523126034,0.6767314306962908,0.1205647500430383,DRAM1;GPX6;OSMR;MPEG1,0.9989476412319036,0,0
M12_module,micrornas,287,mmu-miR-290-3p,0.8368106523126034,0.6767314306962908,0.1205647500430383,DRAM1;GPX6;OSMR;MPEG1,0.9989476412319036,0,0
M12_module,micrornas,288,mmu-miR-292-3p,0.8368106523126034,0.6767314306962908,0.1205647500430383,DRAM1;GPX6;OSMR;MPEG1,0.9989476412319036,0,0
M12_module,micrornas,289,mmu-miR-3061-3p,0.8371468893844184,0.6763044447747881,0.1202169894764812,DRAM1;HTR2B;CLCA2;LCP1,0.9989476412319036,0,0
M12_module,micrornas,290,hsa-miR-645,0.8371468893844184,0.6763044447747881,0.1202169894764812,CLEC7A;FZD4;CCL5;C1QC,0.9989476412319036,0,0
M12_module,micrornas,291,mmu-miR-2139,0.8379202498506665,0.550439965938121,0.0973355928601389,OSMR,0.9989476412319036,0,0
M12_module,micrornas,292,hsa-miR-1307,0.8381673719384215,0.6096322016460906,0.1076229268705576,CCL5;ITGB2,0.9989476412319036,0,0
M12_module,micrornas,293,mmu-miR-362-5p,0.8421232034127532,0.6699581805788397,0.1151182127902745,MMP13;CD93;ITGB2;LCP1,0.9989476412319036,0,0
M12_module,micrornas,294,hsa-miR-423-3p,0.842267432075737,0.5422097902097902,0.0930744854382143,CTSS,0.9989476412319036,0,0
M12_module,micrornas,295,mmu-miR-219-3p,0.8437647775023859,0.6402346445824707,0.1087640364169975,CLEC4D;DRAM1;OSMR,0.9989476412319036,0,0
M12_module,micrornas,296,mmu-miR-323-5p,0.8447260934716173,0.6666177630251793,0.112486983800353,CXCL10;CD93;CLEC7A;FZD4,0.9989476412319036,0,0
M12_module,micrornas,297,mmu-miR-667,0.846974730563298,0.6637197238154385,0.110233504589802,TNFRSF12A;FZD4;CXCL1;CXCL13,0.9989476412319036,0,0
M12_module,micrornas,298,hsa-miR-208a,0.8476122742620703,0.6628959276018099,0.1095978906073703,FZD4;MTF2;MS4A7;CTSS,0.9989476412319036,0,0
M12_module,micrornas,299,hsa-miR-208b,0.8476122742620703,0.6628959276018099,0.1095978906073703,FZD4;MTF2;MS4A7;CTSS,0.9989476412319036,0,0
M12_module,micrornas,300,mmu-miR-719,0.8480578455374614,0.5312765665706842,0.0875577950439514,CD93,0.9989476412319036,0,0
M12_module,micrornas,301,hsa-miR-720,0.8497499790080697,0.5916875,0.0963344850463915,DRAM1;CCL5,0.9989476412319036,0,0
M12_module,micrornas,302,hsa-miR-1263,0.849769708263124,0.6318641987933327,0.1028611082575198,CLEC7A;FZD4;MTF2,0.9989476412319036,0,0
M12_module,micrornas,303,hsa-miR-3131,0.8516331158851426,0.5245395449620802,0.0842407676970609,CD68,0.9989476412319036,0,0
M12_module,micrornas,304,hsa-miR-611,0.8516331158851426,0.5245395449620802,0.0842407676970609,CD68,0.9989476412319036,0,0
M12_module,micrornas,305,mmu-miR-431,0.8517033716081928,0.6575863505460868,0.1055537672946512,ANXA3;CLCA2;LCP1;FOS,0.9989476412319036,0,0
M12_module,micrornas,306,hsa-miR-4671-5p,0.852137058162922,0.5235906448560227,0.0837786388634505,DRAM1,0.9989476412319036,0,0
M12_module,micrornas,307,mmu-miR-5117,0.8529438342951083,0.6559681937291045,0.1043393363825995,MMP13;FCER1G;CLCA2;C1QC,0.9989476412319036,0,0
M12_module,micrornas,308,mmu-miR-1946b,0.8531398906427287,0.5217028155732184,0.0828629693660176,TYROBP,0.9989476412319036,0,0
M12_module,micrornas,309,mmu-miR-3471,0.854228482882298,0.6255994596420128,0.0985673091955877,ZFP36;CD93;FZD4,0.9989476412319036,0,0
M12_module,micrornas,310,mmu-miR-3962,0.8548718648960216,0.5836932379072063,0.091525251719553,CD93;CLEC7A,0.9989476412319036,0,0
M12_module,micrornas,311,mmu-miR-3061-5p,0.8550940583790949,0.653153801843318,0.1022471822371911,TYROBP;TNFRSF12A;IGFBP7;LCP1,0.9989476412319036,0,0
M12_module,micrornas,312,mmu-miR-208b,0.8562480647738246,0.6227468388485338,0.0966472887722017,CEBPD;FZD4;MTF2,0.9989476412319036,0,0
M12_module,micrornas,313,mmu-miR-208a-3p,0.8562480647738246,0.6227468388485338,0.0966472887722017,CEBPD;FZD4;MTF2,0.9989476412319036,0,0
M12_module,micrornas,314,mmu-miR-3965,0.8565823306778864,0.6222737507141177,0.0963309892161684,CLEC4D;SERPINE1;LCP1,0.9989476412319036,0,0
M12_module,micrornas,315,hsa-miR-210,0.8590177365202959,0.5106478427233144,0.0776009616429436,MPEG1,0.9989476412319036,0,0
M12_module,micrornas,316,hsa-miR-371b-3p,0.8602080628101081,0.6464095294138625,0.0973369839729173,CXCL10;CD93;S100A4;CD68,0.9989476412319036,0,0
M12_module,micrornas,317,mmu-miR-509-3p,0.8609609432365806,0.5741314382896016,0.0859510001457714,NCKAP1L;ARNTL,0.9989476412319036,0,0
M12_module,micrornas,318,hsa-miR-610,0.8613893589692238,0.644841022721207,0.0962158646683486,CLEC4D;CLEC7A;FZD4;MS4A7,0.9989476412319036,0,0
M12_module,micrornas,319,hsa-miR-660,0.8634366732548991,0.6421127259836937,0.0942844432073938,CD93;FZD4;CLCA2;MPEG1,0.9989476412319036,0,0
M12_module,micrornas,320,hsa-miR-1973,0.8637384611833951,0.5017771435983915,0.0735029568307127,CLEC7A,0.9989476412319036,0,0
M12_module,micrornas,321,hsa-miR-3201,0.8640169787967948,0.6413370631351581,0.0937396587215119,FZD4;SERPINE1;CLCA2;FOS,0.9989476412319036,0,0
M12_module,micrornas,322,hsa-miR-4791,0.8640169787967948,0.6413370631351581,0.0937396587215119,FZD4;SERPINE1;CLCA2;FOS,0.9989476412319036,0,0
M12_module,micrornas,323,mmu-miR-344,0.8678932539783413,0.5631560114503816,0.0797916330341753,ZFP36;C1QC,0.9989476412319036,0,0
M12_module,micrornas,324,mmu-miR-344c,0.8678932539783413,0.5631560114503816,0.0797916330341753,ZFP36;C1QC,0.9989476412319036,0,0
M12_module,micrornas,325,hsa-miR-154,0.8685858746334078,0.6351925304503493,0.0894915268732492,GLIPR1;HTR2B;CXCL13;CTSS,0.9989476412319036,0,0
M12_module,micrornas,326,mmu-miR-468,0.8691478647436076,0.6344319775596073,0.0889740177305207,FZD4;RRAS2;CLCA1;OSMR,0.9989476412319036,0,0
M12_module,micrornas,327,hsa-miR-1268,0.8696650774062284,0.5603335707502374,0.07824896376407,FZD4;CTSS,0.9989476412319036,0,0
M12_module,micrornas,328,hsa-miR-1268b,0.8696650774062284,0.5603335707502374,0.07824896376407,FZD4;CTSS,0.9989476412319036,0,0
M12_module,micrornas,329,mmu-miR-467h,0.8697078438084334,0.6336730762495184,0.0884594531917253,CD93;FZD4;CD68;MPEG1,0.9989476412319036,0,0
M12_module,micrornas,330,mmu-miR-467e,0.8697078438084334,0.6336730762495184,0.0884594531917253,CD93;FZD4;CD68;MPEG1,0.9989476412319036,0,0
M12_module,micrornas,331,mmu-miR-3968,0.8706462710935607,0.6020990189368013,0.0834024567186639,CLEC4D;CLEC7A;SERPINE1,0.9989476412319036,0,0
M12_module,micrornas,332,hsa-miR-4317,0.8713757624357638,0.6314062281804217,0.0869332598038927,ZFP36;MMP13;DRAM1;FZD4,0.9989476412319036,0,0
M12_module,micrornas,333,mmu-miR-466b-5p,0.8719277451826941,0.6306538796861377,0.0864303066809812,CXCL10;CD93;IGFBP7;MPEG1,0.9989476412319036,0,0
M12_module,micrornas,334,mmu-miR-466c-5p,0.8719277451826941,0.6306538796861377,0.0864303066809812,CXCL10;CD93;IGFBP7;MPEG1,0.9989476412319036,0,0
M12_module,micrornas,335,mmu-miR-466o-5p,0.8719277451826941,0.6306538796861377,0.0864303066809812,CXCL10;CD93;IGFBP7;MPEG1,0.9989476412319036,0,0
M12_module,micrornas,336,hsa-miR-584,0.8722029910965717,0.6302783151217302,0.0861799042396089,MMP12;CCL5;GBP2;CTSS,0.9989476412319036,0,0
M12_module,micrornas,337,mmu-miR-184,0.8727176995849398,0.4849040030116702,0.0660163553192427,CXCL10,0.9989476412319036,0,0
M12_module,micrornas,338,mmu-miR-191,0.8731510285593824,0.4840892007015785,0.065665121271461,FCER1G,0.9989476412319036,0,0
M12_module,micrornas,339,mmu-miR-669o-5p,0.8736716419898528,0.5976821728011394,0.0807173776338287,GLIPR1;CD93;FZD4,0.9989476412319036,0,0
M12_module,micrornas,340,hsa-miR-553,0.8744423166011984,0.4816606408178531,0.0646239016043382,ARNTL,0.9989476412319036,0,0
M12_module,micrornas,341,hsa-miR-4718,0.8754674147602469,0.6258029885893374,0.0832301371988137,CLEC4D;DRAM1;CD93;CTSS,0.9989476412319036,0,0
M12_module,micrornas,342,mmu-miR-365,0.8760477237488455,0.594191699668373,0.0786321864765046,GLIPR1;GPX6;LCP1,0.9989476412319036,0,0
M12_module,micrornas,343,mmu-miR-669e,0.8768067529427843,0.6239552393451682,0.082030559848669,DRAM1;ANXA3;CLCA2;FOS,0.9989476412319036,0,0
M12_module,micrornas,344,mmu-miR-673-3p,0.8774051894691721,0.4760848126232742,0.0622654071538167,CLCA2,0.9989476412319036,0,0
M12_module,micrornas,345,hsa-miR-3676,0.8790672304230015,0.4729544341009309,0.0609609411073966,CD93,0.9989476412319036,0,0
M12_module,micrornas,346,mmu-miR-467c,0.8801799001479349,0.543415590405904,0.0693555668778774,DRAM1;MPEG1,0.9989476412319036,0,0
M12_module,micrornas,347,mmu-miR-467d,0.8801799001479349,0.543415590405904,0.0693555668778774,DRAM1;MPEG1,0.9989476412319036,0,0
M12_module,micrornas,348,mmu-miR-183,0.8802323739906616,0.6191970640187958,0.0789905638920412,CXCL10;GLIPR1;MMP13;CLCA2,0.9989476412319036,0,0
M12_module,micrornas,349,hsa-miR-770-5p,0.8823002128894466,0.6163015078809406,0.0771750642266619,GLIPR1;FZD4;LCP1;ARNTL,0.9989476412319036,0,0
M12_module,micrornas,350,hsa-miR-4712-5p,0.8823002128894466,0.6163015078809406,0.0771750642266619,GLIPR1;FZD4;LCP1;ARNTL,0.9989476412319036,0,0
M12_module,micrornas,351,mmu-miR-151-3p,0.8826645357698238,0.5843637055354765,0.0729344719279551,FZD4;SERPINE1;CXCL1,0.9989476412319036,0,0
M12_module,micrornas,352,mmu-miR-151-5p,0.8831258621002697,0.465300217024355,0.0578310236864539,FCER1G,0.9989476412319036,0,0
M12_module,micrornas,353,hsa-miR-934,0.8832251274110262,0.5835233029381965,0.0724590956804527,ZFP36;DRAM1;FZD4,0.9989476412319036,0,0
M12_module,micrornas,354,mmu-miR-704,0.8840847227525445,0.6137879406560501,0.0756201355454765,FZD4;RRAS2;CXCL13;MPEG1,0.9989476412319036,0,0
M12_module,micrornas,355,hsa-miR-4694-5p,0.8855960093015615,0.6116481801838473,0.0743118309908152,FCER1G;MTF2;CSN3;MPEG1,0.9989476412319036,0,0
M12_module,micrornas,356,hsa-miR-4497,0.8862759178349621,0.459347463681829,0.0554556215785715,CD93,0.9989476412319036,0,0
M12_module,micrornas,357,hsa-miR-219-1-3p,0.8893012443921546,0.6063573796422501,0.0711373889390075,CSF1R;FZD4;MS4A7;GBP2,0.9989476412319036,0,0
M12_module,micrornas,358,mmu-miR-466f-5p,0.8908448409242897,0.4506897357961187,0.0520929762903948,FZD4,0.9989476412319036,0,0
M12_module,micrornas,359,mmu-miR-875-5p,0.8940783289666964,0.5205104074402126,0.0582773296858552,MTF2;SERPINE1,0.9989476412319036,0,0
M12_module,micrornas,360,hsa-miR-1911,0.8955282878546016,0.5180776014109347,0.0571654436403692,CXCL10;FZD4,0.9989476412319036,0,0
M12_module,micrornas,361,hsa-miR-323b-5p,0.8959964439519426,0.5640034364261168,0.0619382002220689,GLIPR1;CLEC4D;CD93,0.9989476412319036,0,0
M12_module,micrornas,362,hsa-miR-296-3p,0.896175544252016,0.5963597785366177,0.06537234185355,GLIPR1;MMP13;CD14;MPEG1,0.9989476412319036,0,0
M12_module,micrornas,363,hsa-miR-4707-3p,0.8980926330480683,0.5137521872265967,0.0552191440075892,NCKAP1L;C1QC,0.9989476412319036,0,0
M12_module,micrornas,364,mmu-miR-1895,0.900814350218378,0.4316662928907827,0.0450901736568627,GBP2,0.9989476412319036,0,0
M12_module,micrornas,365,hsa-miR-1281,0.9016952046958054,0.5076232698961938,0.0525282095415607,CCL5;LCP1,0.9989476412319036,0,0
M12_module,micrornas,366,hsa-miR-142-3p,0.9031036519644032,0.5527845546820879,0.0563386663517179,MS4A7;OSMR;ARNTL,0.9989476412319036,0,0
M12_module,micrornas,367,mmu-miR-3076-3p,0.9040495597819486,0.5512693405437885,0.0556071433022983,CD93;FZD4;RRAS2,0.9989476412319036,0,0
M12_module,micrornas,368,hsa-miR-4800-5p,0.9045194483550404,0.550514597773577,0.0552449505762697,CSF1R;CD93;ANXA3,0.9989476412319036,0,0
M12_module,micrornas,369,hsa-miR-1203,0.9057805073213768,0.4221002962800395,0.0417703142167977,SERPINE1,0.9989476412319036,0,0
M12_module,micrornas,370,mmu-miR-493,0.9065401139948798,0.5807746467474871,0.0569856073254848,MMP12;CSF1R;CD93;NCKAP1L,0.9989476412319036,0,0
M12_module,micrornas,371,hsa-miR-196a,0.9068385174089753,0.5467692399439426,0.0534690478982373,CXCL10;SERPINE1;OSMR,0.9989476412319036,0,0
M12_module,micrornas,372,hsa-miR-196b,0.9068385174089753,0.5467692399439426,0.0534690478982373,CXCL10;SERPINE1;OSMR,0.9989476412319036,0,0
M12_module,micrornas,373,hsa-miR-1273,0.9076976682052658,0.4183875530410184,0.0405182908652682,S100A4,0.9989476412319036,0,0
M12_module,micrornas,374,mmu-miR-3104-5p,0.9079792531799112,0.5449140954758932,0.052602600825848,DRAM1;CD93;MPEG1,0.9989476412319036,0,0
M12_module,micrornas,375,hsa-miR-4782-3p,0.9082059103658096,0.5445444553367198,0.0524310014130415,GLIPR1;FZD4;MPEG1,0.9989476412319036,0,0
M12_module,micrornas,376,hsa-miR-219-5p,0.9082059103658096,0.5445444553367198,0.0524310014130415,GLIPR1;FZD4;MPEG1,0.9989476412319036,0,0
M12_module,micrornas,377,mmu-miR-3098-5p,0.9086577414591004,0.543806556890669,0.052089477806096,CLEC7A;CXCL1;MPEG1,0.9989476412319036,0,0
M12_module,micrornas,378,mmu-miR-463,0.9090616623011486,0.4948796452702703,0.0471829892333526,CD93;GPX6,0.9989476412319036,0,0
M12_module,micrornas,379,mmu-miR-669c,0.9090616623011486,0.4948796452702703,0.0471829892333526,CD93;FZD4,0.9989476412319036,0,0
M12_module,micrornas,380,mmu-miR-1897-3p,0.910322495294044,0.492667157275021,0.0462892087589349,FZD4;CD300LF,0.9989476412319036,0,0
M12_module,micrornas,381,mmu-miR-3072,0.9104454170963346,0.5408732618900008,0.0507454487301098,TNFRSF12A;CLCA1;LCP1,0.9989476412319036,0,0
M12_module,micrornas,382,mmu-miR-5108,0.9108874581748588,0.5401444788441693,0.050414885071213,CD93;CCL5;GBP2,0.9989476412319036,0,0
M12_module,micrornas,383,hsa-miR-4796-5p,0.912636316135784,0.5372473080421324,0.0491139761637446,ZFP36;OSMR;MPEG1,0.9989476412319036,0,0
M12_module,micrornas,384,mmu-miR-1951,0.9154443739771349,0.4835743801652892,0.0427217059853219,CLCA2;IGFBP7,0.9989476412319036,0,0
M12_module,micrornas,385,mmu-miR-687,0.9162516958680216,0.5311846689895471,0.0464596287947392,ANXA3;CLEC7A;NCKAP1L,0.9989476412319036,0,0
M12_module,micrornas,386,mmu-miR-3074-1-3p,0.9170827641296564,0.529776387440621,0.0458561490463555,GLIPR1;FZD4;SERPINE1,0.9989476412319036,0,0
M12_module,micrornas,387,mmu-miR-3103,0.917289379383746,0.5294253871761471,0.0457065032324212,FZD4;ITGB2;CXCL13,0.9989476412319036,0,0
M12_module,micrornas,388,hsa-miR-151-3p,0.9183155853489446,0.5276767676767676,0.044965539130789,GLIPR1;MMP13;OSMR,0.9989476412319036,0,0
M12_module,micrornas,389,mmu-miR-5046,0.9195320281660168,0.5255923625488843,0.0440921553128956,DRAM1;CEBPD;NCKAP1L,0.9989476412319036,0,0
M12_module,micrornas,390,hsa-miR-508-3p,0.9197331887513388,0.5252464292898813,0.0439482423430082,GLIPR1;FZD4;MPEG1,0.9989476412319036,0,0
M12_module,micrornas,391,hsa-miR-379,0.9205333475058932,0.523866861615206,0.0433772507839395,GLIPR1;FZD4;CCL5,0.9989476412319036,0,0
M12_module,micrornas,392,hsa-miR-3529,0.9205333475058932,0.523866861615206,0.0433772507839395,GLIPR1;FZD4;CCL5,0.9989476412319036,0,0
M12_module,micrornas,393,mmu-miR-3060,0.9213263716538292,0.5224939224939225,0.0428136425699779,MMP13;FZD4;MTF2,0.9989476412319036,0,0
M12_module,micrornas,394,mmu-miR-219-5p,0.9216335043984069,0.4723373080032336,0.0385463306767574,FZD4;MPEG1,0.9989476412319036,0,0
M12_module,micrornas,395,hsa-miR-3681,0.9223076981797184,0.520786997433704,0.0421193681739571,IGFBP7;CXCL13;MPEG1,0.9989476412319036,0,0
M12_module,micrornas,396,mmu-miR-532-5p,0.9234708250176604,0.5187521309239687,0.0413010067947612,CD93;SERPINE1;OSMR,0.9989476412319036,0,0
M12_module,micrornas,397,hsa-miR-151-5p,0.9253907227759036,0.3834150245073522,0.0297297048719174,CD68,0.9989476412319036,0,0
M12_module,micrornas,398,hsa-miR-151b,0.9253907227759036,0.3834150245073522,0.0297297048719174,CD68,0.9989476412319036,0,0
M12_module,micrornas,399,hsa-miR-1247,0.9253907227759036,0.3834150245073522,0.0297297048719174,CD93,0.9989476412319036,0,0
M12_module,micrornas,400,mmu-miR-378b,0.929055674303146,0.5087924970691676,0.0374403164172374,RGS1;MS4A7;C1QC,0.9989476412319036,0,0
M12_module,micrornas,401,hsa-miR-3618,0.929055674303146,0.5087924970691676,0.0374403164172374,DRAM1;FZD4;FOS,0.9989476412319036,0,0
M12_module,micrornas,402,hsa-miR-554,0.9294361718367198,0.4577119309262166,0.0334940516652973,MTF2;MPEG1,0.9989476412319036,0,0
M12_module,micrornas,403,hsa-miR-4746-3p,0.9301106527986543,0.3737992971495509,0.0270824014184281,CLEC7A,0.9989476412319036,0,0
M12_module,micrornas,404,mmu-miR-3092,0.9315343544260224,0.5042635658914729,0.0357634859419701,CD93;FZD4;LCP1,0.9989476412319036,0,0
M12_module,micrornas,405,mmu-miR-1195,0.9321958360405824,0.4523971273291925,0.0317638708096133,GPX6;SERPINE1,0.9989476412319036,0,0
M12_module,micrornas,406,hsa-miR-4467,0.9333991023141732,0.3670055630155381,0.0252949068604486,CSF1R,0.9989476412319036,0,0
M12_module,micrornas,407,mmu-miR-296-5p,0.9377139190513362,0.4926416781852183,0.0316819670473834,TNFRSF12A;SERPINE1;LCP1,0.9989476412319036,0,0
M12_module,micrornas,408,hsa-miR-601,0.9377750309164022,0.4413884673748103,0.0283570894153018,FZD4;C1QC,0.9989476412319036,0,0
M12_module,micrornas,409,mmu-miR-3073-3p,0.93787370550492,0.4923343626415298,0.0315783168426422,GLIPR1;IGFBP7;IL2RG,0.9989476412319036,0,0
M12_module,micrornas,410,mmu-miR-707,0.9383508426316728,0.4914145101538628,0.03126937716872,MMP13;GPX6;CXCL13,0.9989476412319036,0,0
M12_module,micrornas,411,hsa-miR-331-5p,0.94007210421399,0.4880683650435343,0.0301619904948588,MTF2;SERPINE1;OSMR,0.9989476412319036,0,0
M12_module,micrornas,412,mmu-miR-2183,0.9404014375336268,0.4360699549887472,0.0267958157075642,FOS;OSMR,0.9989476412319036,0,0
M12_module,micrornas,413,mmu-miR-698,0.9430887379581544,0.4305272424017791,0.0252267002928537,DRAM1;SERPINE1,0.9989476412319036,0,0
M12_module,micrornas,414,hsa-miR-409-5p,0.9435798379890514,0.4295025887573964,0.0249430616719523,CLEC7A;CLCA2,0.9989476412319036,0,0
M12_module,micrornas,415,hsa-miR-4632,0.9439465753136992,0.3445648248465149,0.0198764660059923,LCP1,0.9989476412319036,0,0
M12_module,micrornas,416,hsa-miR-3656,0.9452853460842228,0.3416315930867735,0.0192230780067102,CCL5,0.9989476412319036,0,0
M12_module,micrornas,417,mmu-miR-3080-3p,0.9454740101589828,0.341216457960644,0.0191316243606768,GLIPR1,0.9989476412319036,0,0
M12_module,micrornas,418,mmu-miR-1948,0.9479762394272546,0.4201539855072463,0.0224470799985554,MMP13;FZD4,0.9989476412319036,0,0
M12_module,micrornas,419,mmu-miR-376b,0.9487167076397448,0.4705240174672489,0.0247707564967897,GLIPR1;MMP13;FZD4,0.9989476412319036,0,0
M12_module,micrornas,420,hsa-miR-563,0.948726754493092,0.4185243682310469,0.0220288006723469,FZD4;CXCL1,0.9989476412319036,0,0
M12_module,micrornas,421,hsa-miR-3141,0.9487624450464076,0.333905729805502,0.0175623839249723,ITGB2,0.9989476412319036,0,0
M12_module,micrornas,422,hsa-miR-509-3p,0.948875635496002,0.4181998556998557,0.0219460983628947,LCP1;MPEG1,0.9989476412319036,0,0
M12_module,micrornas,423,hsa-miR-602,0.9489392945529168,0.3335083573991423,0.0174793231645497,MTF2,0.9989476412319036,0,0
M12_module,micrornas,424,hsa-miR-4669,0.9495154897943712,0.4688325819990673,0.024287138295318,MMP13;FZD4;CTSS,0.9989476412319036,0,0
M12_module,micrornas,425,mmu-miR-770-3p,0.9519706515848444,0.463548478088058,0.022816353401668,TNFRSF12A;FZD4;GPX6,0.9989476412319036,0,0
M12_module,micrornas,426,mmu-miR-216a,0.9522226399846736,0.4629985399216168,0.0226667444991676,CLEC4D;CD93;FZD4,0.9989476412319036,0,0
M12_module,micrornas,427,hsa-miR-4704-5p,0.9530951114184488,0.4610830398611749,0.02215069582846,FZD4;SERPINE1;MS4A7,0.9989476412319036,0,0
M12_module,micrornas,428,mmu-miR-3087,0.9545569371066476,0.4578325472894163,0.0212928698633207,FZD4;ITGB2;LCP1,0.9989476412319036,0,0
M12_module,micrornas,429,mmu-miR-299,0.954915816681436,0.4570264043948254,0.0210835843435852,CLEC7A;ITGB2;CXCL13,0.9989476412319036,0,0
M12_module,micrornas,430,mmu-miR-3068,0.955272098623024,0.4562228288342938,0.0208763273688292,CD93;RGS1;MPEG1,0.9989476412319036,0,0
M12_module,micrornas,431,hsa-miR-4714-3p,0.9566715764755828,0.4530339561985131,0.02006719649162,LCP1;OSMR;CTSS,0.9989476412319036,0,0
M12_module,micrornas,432,mmu-miR-380-3p,0.9567223424676318,0.4004461191961192,0.0177165623889878,MTF2;ARNTL,0.9989476412319036,0,0
M12_module,micrornas,433,hsa-miR-590-5p,0.9567863679480744,0.4527700379044607,0.0200011813666739,CXCL10;GLIPR1;RGS1,0.9989476412319036,0,0
M12_module,micrornas,434,hsa-miR-21,0.9567863679480744,0.4527700379044607,0.0200011813666739,CXCL10;GLIPR1;RGS1,0.9989476412319036,0,0
M12_module,micrornas,435,mmu-miR-669h-3p,0.9574692782588828,0.451192352926457,0.019609561333315,MMP13;CD93;MPEG1,0.9989476412319036,0,0
M12_module,micrornas,436,mmu-miR-669k,0.9574692782588828,0.451192352926457,0.019609561333315,MMP13;CD93;MPEG1,0.9989476412319036,0,0
M12_module,micrornas,437,hsa-miR-4734,0.9576469715657188,0.3133151949872207,0.0135590517511746,RGS1,0.9989476412319036,0,0
M12_module,micrornas,438,mmu-miR-344b,0.9578070066446378,0.4504072352970569,0.0194165945830865,SERPINE1;RRAS2;C1QC,0.9989476412319036,0,0
M12_module,micrornas,439,mmu-miR-654-5p,0.9580999815128344,0.3971801925722146,0.0170005600317098,LCP1;MPEG1,0.9989476412319036,0,0
M12_module,micrornas,440,hsa-miR-3655,0.9580999815128344,0.3971801925722146,0.0170005600317098,DRAM1;HTR2B,0.9989476412319036,0,0
M12_module,micrornas,441,hsa-miR-505,0.958253481815026,0.4493642483171279,0.0191622132245833,CD93;CLEC7A;MPEG1,0.9989476412319036,0,0
M12_module,micrornas,442,mmu-miR-490-3p,0.9586956148952868,0.4483256207394138,0.0189111157296354,GLIPR1;CD93;FZD4,0.9989476412319036,0,0
M12_module,micrornas,443,mmu-miR-122,0.959674729967487,0.4460045068469405,0.0183579357041405,MTF2;SERPINE1;OSMR,0.9989476412319036,0,0
M12_module,micrornas,444,hsa-miR-4772-5p,0.9597821933611655,0.4457479457479457,0.0182974638207411,FZD4;FOS;CD300LF,0.9989476412319036,0,0
M12_module,micrornas,445,hsa-miR-371-3p,0.961568339738257,0.3037380933322661,0.0119033866256081,CXCL10,0.9989476412319036,0,0
M12_module,micrornas,446,mmu-miR-675-3p,0.9618766633740624,0.3879542395693136,0.0150794108294037,MMP13;DRAM1,0.9989476412319036,0,0
M12_module,micrornas,447,hsa-miR-4743,0.9619666528166584,0.3027449728694542,0.0117390856819439,CD93,0.9989476412319036,0,0
M12_module,micrornas,448,hsa-miR-383,0.9624854502488236,0.4391697191697192,0.0167922381145306,GPX6;FOS;CD300LF,0.9989476412319036,0,0
M12_module,micrornas,449,mmu-let-7c,0.9634798324653868,0.4366861030126336,0.0162463487630984,CEBPD;FZD4;OSMR,0.9989476412319036,0,0
M12_module,micrornas,450,mmu-let-7b,0.9634798324653868,0.4366861030126336,0.0162463487630984,CEBPD;FZD4;OSMR,0.9989476412319036,0,0
M12_module,micrornas,451,mmu-let-7a,0.9634798324653868,0.4366861030126336,0.0162463487630984,CEBPD;FZD4;OSMR,0.9989476412319036,0,0
M12_module,micrornas,452,mmu-let-7g,0.9634798324653868,0.4366861030126336,0.0162463487630984,CEBPD;FZD4;OSMR,0.9989476412319036,0,0
M12_module,micrornas,453,mmu-miR-98,0.9634798324653868,0.4366861030126336,0.0162463487630984,CEBPD;FZD4;OSMR,0.9989476412319036,0,0
M12_module,micrornas,454,mmu-miR-1961,0.9634798324653868,0.4366861030126336,0.0162463487630984,CEBPD;FZD4;OSMR,0.9989476412319036,0,0
M12_module,micrornas,455,mmu-let-7f,0.9634798324653868,0.4366861030126336,0.0162463487630984,CEBPD;FZD4;OSMR,0.9989476412319036,0,0
M12_module,micrornas,456,mmu-let-7d,0.9634798324653868,0.4366861030126336,0.0162463487630984,CEBPD;FZD4;OSMR,0.9989476412319036,0,0
M12_module,micrornas,457,mmu-let-7i,0.9634798324653868,0.4366861030126336,0.0162463487630984,CEBPD;FZD4;OSMR,0.9989476412319036,0,0
M12_module,micrornas,458,mmu-let-7e,0.9634798324653868,0.4366861030126336,0.0162463487630984,CEBPD;FZD4;OSMR,0.9989476412319036,0,0
M12_module,micrornas,459,hsa-miR-4473,0.9648112142499886,0.3804733972240581,0.0136296337077952,GLIPR1;CD93,0.9989476412319036,0,0
M12_module,micrornas,460,hsa-miR-4649-5p,0.9658517324290976,0.2928333977580208,0.0101744796105385,TNFRSF12A,0.9989476412319036,0,0
M12_module,micrornas,461,mmu-miR-711,0.966206279775406,0.2919068907044859,0.0100351539037582,MMP13,0.9989476412319036,0,0
M12_module,micrornas,462,hsa-miR-2277-3p,0.9663189673507052,0.4293850203397942,0.0147112912846215,FZD4;LCP1;OSMR,0.9989476412319036,0,0
M12_module,micrornas,463,hsa-miR-4798-3p,0.9685885981137154,0.2855740922473013,0.0091141887074264,DRAM1,0.9989476412319036,0,0
M12_module,micrornas,464,mmu-miR-3099,0.9703204026976792,0.3655254777070064,0.011012898829229,CSF1R;CD93,0.9989476412319036,0,0
M12_module,micrornas,465,hsa-miR-3200-3p,0.971713461934792,0.3615226986128625,0.0103736444690506,GLIPR1;CD93,0.9989476412319036,0,0
M12_module,micrornas,466,mmu-miR-669a-3-3p,0.9740817787810294,0.354469814241486,0.0093083833751529,MTF2;SERPINE1,0.9989476412319036,0,0
M12_module,micrornas,467,mmu-miR-669o-3p,0.9740817787810294,0.354469814241486,0.0093083833751529,MTF2;SERPINE1,0.9989476412319036,0,0
M12_module,micrornas,468,mmu-miR-669a-3p,0.9740817787810294,0.354469814241486,0.0093083833751529,MTF2;SERPINE1,0.9989476412319036,0,0
M12_module,micrornas,469,hsa-miR-4532,0.9744705942596772,0.3532793209876543,0.009136133803471,CCL5;MS4A7,0.9989476412319036,0,0
M12_module,micrornas,470,hsa-miR-483-5p,0.9749622472188156,0.2675276752767527,0.0067835733996314,SERPINE1,0.9989476412319036,0,0
M12_module,micrornas,471,hsa-miR-3937,0.9751366591416568,0.2670066581668792,0.0067226014109603,SERPINE1,0.9989476412319036,0,0
M12_module,micrornas,472,hsa-miR-3935,0.9756040754627616,0.3497515290519877,0.0086383154966743,RRAS2;IGFBP7,0.9989476412319036,0,0
M12_module,micrornas,473,mmu-miR-486,0.9764762600043932,0.3469755616272009,0.0082596978229456,MMP12;CD93,0.9989476412319036,0,0
M12_module,micrornas,474,mmu-miR-3107,0.9764762600043932,0.3469755616272009,0.0082596978229456,MMP12;CD93,0.9989476412319036,0,0
M12_module,micrornas,475,hsa-miR-4508,0.976735010904338,0.2621510616080751,0.0061710074294868,IL2RG,0.9989476412319036,0,0
M12_module,micrornas,476,hsa-miR-28-3p,0.9768308500227206,0.3458308111380145,0.0081068876968839,LCP1;FOS,0.9989476412319036,0,0
M12_module,micrornas,477,mmu-miR-382,0.9776612418891544,0.3431114783653846,0.0077515907781288,MMP13;ITGB2,0.9989476412319036,0,0
M12_module,micrornas,478,mmu-miR-1898,0.9778643716365718,0.3424377624475105,0.0076652288773807,CSF1R;CD93,0.9989476412319036,0,0
M12_module,micrornas,479,mmu-miR-505-3p,0.9779316900436532,0.3422137290167866,0.0076366560858909,FZD4;LCP1,0.9989476412319036,0,0
M12_module,micrornas,480,mmu-miR-383,0.977998813708607,0.3419899640503295,0.0076081898303442,FZD4;FOS,0.9989476412319036,0,0
M12_module,micrornas,481,mmu-miR-503,0.9793011689082478,0.3375703078744819,0.0070606390043441,CXCL10;DRAM1,0.9989476412319036,0,0
M12_module,micrornas,482,hsa-miR-3684,0.9797054080790256,0.2526896180742334,0.0051809853254871,CLCA2,0.9989476412319036,0,0
M12_module,micrornas,483,mmu-miR-1933-5p,0.9807080895020288,0.3326153621495327,0.0064794895860768,DRAM1;FZD4,0.9989476412319036,0,0
M12_module,micrornas,484,hsa-miR-3651,0.9814747442761887,0.246732412886259,0.0046136487367143,CTSS,0.9989476412319036,0,0
M12_module,micrornas,485,mmu-miR-804,0.981912649565894,0.3282061454125793,0.0059907225329848,GPX6;SERPINE1,0.9989476412319036,0,0
M12_module,micrornas,486,mmu-miR-193b,0.9820235508226268,0.3277917867435158,0.0059461392115945,DRAM1;OSMR,0.9989476412319036,0,0
M12_module,micrornas,487,mmu-miR-193,0.9820235508226268,0.3277917867435158,0.0059461392115945,DRAM1;OSMR,0.9989476412319036,0,0
M12_module,micrornas,488,hsa-miR-4740-3p,0.9823015271628855,0.2438520059821834,0.0043544563999236,CCL5,0.9989476412319036,0,0
M12_module,micrornas,489,hsa-miR-3135,0.9823523747329176,0.3265544227455485,0.0058143672169955,DRAM1;CTSS,0.9989476412319036,0,0
M12_module,micrornas,490,hsa-miR-4747-3p,0.982425456105693,0.2434144758195391,0.004315935764869,C1QC,0.9989476412319036,0,0
M12_module,micrornas,491,hsa-miR-564,0.9825485302499534,0.2429784200635085,0.0042777667314498,CD93,0.9989476412319036,0,0
M12_module,micrornas,492,mmu-miR-695,0.9827315514225464,0.2423270846800258,0.004221165098374,CXCL13,0.9989476412319036,0,0
M12_module,micrornas,493,hsa-miR-3171,0.9829403647839492,0.3243079337899543,0.0055803105836472,GLIPR1;CTSS,0.9989476412319036,0,0
M12_module,micrornas,494,mmu-miR-5130,0.9831512802141128,0.2408199987147355,0.0040920794562993,MPEG1,0.9989476412319036,0,0
M12_module,micrornas,495,hsa-miR-190b,0.9842079218706762,0.3193057118739448,0.0050827407429714,IGFBP7;CTSS,0.9989476412319036,0,0
M12_module,micrornas,496,hsa-miR-190,0.9842079218706762,0.3193057118739448,0.0050827407429714,IGFBP7;CTSS,0.9989476412319036,0,0
M12_module,micrornas,497,mmu-miR-1982.2,0.9854304748756691,0.3142505546311703,0.0046121620419932,FZD4;OSMR,0.9989476412319036,0,0
M12_module,micrornas,498,mmu-miR-190,0.9857707416196736,0.2309422304603027,0.003309740489465,GBP2,0.9989476412319036,0,0
M12_module,micrornas,499,mmu-miR-190b,0.9857707416196736,0.2309422304603027,0.003309740489465,GBP2,0.9989476412319036,0,0
M12_module,micrornas,500,mmu-miR-3086-3p,0.9861803153277082,0.3110233516483516,0.0043282213377021,GLIPR1;ARNTL,0.9989476412319036,0,0
M12_module,micrornas,501,mmu-miR-3102-5p.2,0.9868522022597562,0.3080405773420479,0.0040769155561026,CLEC7A;MPEG1,0.9989476412319036,0,0
M12_module,micrornas,502,hsa-miR-556-5p,0.9869746490295664,0.307487085372485,0.0040314400386259,ANXA3;CTSS,0.9989476412319036,0,0
M12_module,micrornas,503,hsa-miR-3177-5p,0.9874143437429392,0.305472972972973,0.0038689760288818,OSMR;CXCL13,0.9989476412319036,0,0
M12_module,micrornas,504,hsa-miR-744,0.98781713099351,0.2225338664438742,0.0027277508051314,CD93,0.9989476412319036,0,0
M12_module,micrornas,505,mmu-miR-130b,0.9880285998316984,0.302585744908896,0.0036442321030238,FZD4;CXCL13,0.9989476412319036,0,0
M12_module,micrornas,506,hsa-miR-492,0.9880285998316984,0.302585744908896,0.0036442321030238,ZFP36;ANXA3,0.9989476412319036,0,0
M12_module,micrornas,507,mmu-miR-1251,0.9880285998316984,0.302585744908896,0.0036442321030238,CD93;FZD4,0.9989476412319036,0,0
M12_module,micrornas,508,mmu-miR-301a,0.9880285998316984,0.302585744908896,0.0036442321030238,FZD4;CXCL13,0.9989476412319036,0,0
M12_module,micrornas,509,mmu-miR-721,0.9880285998316984,0.302585744908896,0.0036442321030238,FZD4;CXCL13,0.9989476412319036,0,0
M12_module,micrornas,510,mmu-miR-301b,0.9880285998316984,0.302585744908896,0.0036442321030238,FZD4;CXCL13,0.9989476412319036,0,0
M12_module,micrornas,511,mmu-miR-130a,0.9880285998316984,0.302585744908896,0.0036442321030238,FZD4;CXCL13,0.9989476412319036,0,0
M12_module,micrornas,512,mmu-miR-202-5p,0.988542411077181,0.3000997340425532,0.0034582691524038,CD93;MPEG1,0.9989476412319036,0,0
M12_module,micrornas,513,hsa-miR-648,0.9887560823931728,0.2990455991516437,0.003381490505187,CXCL1;CD300LF,0.9989476412319036,0,0
M12_module,micrornas,514,hsa-miR-4540,0.9893867430551172,0.2155468025949953,0.0022998799115888,MPEG1,0.9989476412319036,0,0
M12_module,micrornas,515,mmu-miR-1191,0.9894410624185092,0.2955797481636936,0.0031376022907691,CXCL10;IGFBP7,0.9989476412319036,0,0
M12_module,micrornas,516,hsa-miR-550b,0.9895073148349436,0.2952371593291404,0.0031141974311992,HTR2B;MPEG1,0.9989476412319036,0,0
M12_module,micrornas,517,hsa-miR-3923,0.9896098405586232,0.2145081305501095,0.0022404331677808,CSF1R,0.9989476412319036,0,0
M12_module,micrornas,518,mmu-miR-3079-5p,0.9896831747657956,0.214163979732842,0.0022209688256811,SERPINE1,0.9989476412319036,0,0
M12_module,micrornas,519,mmu-miR-133a,0.990085900832983,0.2921858774662513,0.0029112147644068,CD93;GPX6,0.9989476412319036,0,0
M12_module,micrornas,520,mmu-miR-133b,0.990085900832983,0.2921858774662513,0.0029112147644068,CD93;GPX6,0.9989476412319036,0,0
M12_module,micrornas,521,hsa-miR-4684-3p,0.9908388989910704,0.288041389031266,0.0026509376389931,CD93;CXCL1,0.9989476412319036,0,0
M12_module,micrornas,522,hsa-miR-3680,0.9909541609266154,0.2873881074168798,0.0026114960464112,DRAM1;MPEG1,0.9989476412319036,0,0
M12_module,micrornas,523,hsa-miR-4535,0.9910789966243296,0.2073291994860622,0.0018578839598346,ANXA3,0.9989476412319036,0,0
M12_module,micrornas,524,mmu-miR-499,0.9911525242146508,0.2862512742099898,0.0025438713048653,FZD4;MTF2,0.9989476412319036,0,0
M12_module,micrornas,525,mmu-miR-376c,0.9914558169485184,0.2844811201216422,0.0024411022918755,MTF2;LCP1,0.9989476412319036,0,0
M12_module,micrornas,526,mmu-miR-669g,0.9920658456683374,0.2021167484997272,0.0016100210329723,LCP1,0.9989476412319036,0,0
M12_module,micrornas,527,hsa-miR-1234,0.9922333414294342,0.2011951325510647,0.0015687136485384,MS4A7,0.9989476412319036,0,0
M12_module,micrornas,528,hsa-miR-3180-3p,0.9936830454170116,0.1926729986431479,0.0012209670514918,CLEC7A,0.9989476412319036,0,0
M12_module,micrornas,529,hsa-miR-3180,0.9936830454170116,0.1926729986431479,0.0012209670514918,CLEC7A,0.9989476412319036,0,0
M12_module,micrornas,530,hsa-miR-3196,0.9936830454170116,0.1926729986431479,0.0012209670514918,CLEC7A,0.9989476412319036,0,0
M12_module,micrornas,531,mmu-miR-1196,0.9945629591411028,0.1869088694946214,0.0010190038602583,GLIPR1,0.9989476412319036,0,0
M12_module,micrornas,532,hsa-miR-4671-3p,0.994772704386376,0.1854516145282353,0.0009719529729097,GLIPR1,0.9989476412319036,0,0
M12_module,micrornas,533,hsa-miR-4305,0.9955188050029788,0.1799510044096031,0.0008082077644792,FZD4,0.9989476412319036,0,0
M12_module,micrornas,534,mmu-miR-615-5p,0.9976227099792402,0.160260815930919,0.0003814400150585,LY86,0.9989476412319036,0,0
M12_module,micrornas,535,mmu-miR-199a-3p,0.9976483762024788,0.1599595373180279,0.0003766076481133,MTF2,0.9989476412319036,0,0
M12_module,micrornas,536,mmu-miR-199b,0.9976483762024788,0.1599595373180279,0.0003766076481133,MTF2,0.9989476412319036,0,0
M12_module,micrornas,537,mmu-miR-877,0.998321686311019,0.1511066566441159,0.0002538174225975,ZFP36,0.9989476412319036,0,0
M12_module,micrornas,538,hsa-miR-4774-5p,0.9983338452918672,0.150926080427165,0.000251675923267,MPEG1,0.9989476412319036,0,0
M12_module,micrornas,539,hsa-miR-1908,0.998357903170014,0.1505661005661005,0.0002474473383366,CD93,0.9989476412319036,0,0
M12_module,micrornas,540,hsa-miR-663,0.998357903170014,0.1505661005661005,0.0002474473383366,CD93,0.9989476412319036,0,0
M12_module,micrornas,541,hsa-miR-4281,0.9987228369988094,0.1445929136069981,0.0001847867460246,SERPINE1,0.9989476412319036,0,0
M12_module,micrornas,542,hsa-miR-515-3p,0.9988040498316092,0.143104750546611,0.0001712485733173,CXCL10,0.9989476412319036,0,0
M12_module,micrornas,543,hsa-miR-519e,0.9988040498316092,0.143104750546611,0.0001712485733173,CXCL10,0.9989476412319036,0,0
M12_module,micrornas,544,mmu-miR-297a,0.9988842451115232,0.1415636564050074,0.0001580385241969,GBP2,0.9989476412319036,0,0
M12_module,micrornas,545,mmu-miR-297b-5p,0.9988842451115232,0.1415636564050074,0.0001580385241969,GBP2,0.9989476412319036,0,0
M12_module,micrornas,546,mmu-miR-297c,0.9988842451115232,0.1415636564050074,0.0001580385241969,GBP2,0.9989476412319036,0,0
M12_module,micrornas,547,hsa-miR-4764-3p,0.9989044511667868,0.1411630737817567,0.000154735816581,CTSS,0.9989476412319036,0,0
M12_module,micrornas,548,mmu-miR-3093-3p,0.9989476412319036,0.1402889496290511,0.0001477120428801,SERPINE1,0.9989476412319036,0,0
Severity_positive_FDR005,micrornas,1,hsa-miR-4800-3p,0.0387206902614489,2.7968812475009996,9.09372707804012,FCER1G;P2RY14;MS4A7;OSMR;ICAM1,0.9999684251134726,0,0
Severity_positive_FDR005,micrornas,2,hsa-miR-4460,0.0828835614869618,1.5442318951540264,3.845629302787268,CD84;CEBPD;GPR65;P2RY14;PLEK;CXCL13;OSMR;LILRB4;MPEG1;PSMB8;MMP12;TMEM98;IGFBP7;LCP1;CD68,0.9999684251134726,0,0
Severity_positive_FDR005,micrornas,3,mmu-miR-380-5p,0.1013530248942357,1.5131684240256071,3.463862780159769,CD84;RBM47;CD93;RHBDD1;SERPINE1;PLEK;CXCL2;TMEM71;GLIPR1;CLEC7A;CLCA2;CLCA1;CLEC4E;IL7R,0.9999684251134726,0,0
Severity_positive_FDR005,micrornas,4,hsa-miR-4790-5p,0.1155224570056397,1.8601768210647704,4.0148016542405465,CD84;ANXA3;CLEC7A;CD48;BUB3;CLEC4E,0.9999684251134726,0,0
Severity_positive_FDR005,micrornas,5,hsa-miR-4454,0.1622930153706041,1.6732069583309253,3.042478952534522,CD84;RBM47;LRG1;CD93;MS4A7;PRSS22,0.9999684251134726,0,0
Severity_positive_FDR005,micrornas,6,mmu-miR-3104-3p,0.1931633171809454,1.5792363909569018,2.596610866250004,CH25H;TMEM98;RHBDD1;GIPC2;PLEK;BUB3,0.9999684251134726,0,0
Severity_positive_FDR005,micrornas,7,mmu-miR-688,0.1960771290994757,1.571199434536755,2.5598722500498803,CH25H;CEBPD;FZD4;GPR65;IGFBP7;IL18R1,0.9999684251134726,0,0
Severity_positive_FDR005,micrornas,8,hsa-miR-1277,0.2441455912186018,1.616144018583043,2.27874778768191,RBM47;CD93;RHBDD1;CLEC4E,0.9999684251134726,0,0
Severity_positive_FDR005,micrornas,9,hsa-miR-937,0.2513389613144667,2.1037866666666667,2.905230103493756,CCRL2;IRX4,0.9999684251134726,0,0
Severity_positive_FDR005,micrornas,10,hsa-miR-3610,0.2748799059251832,1.668758518855066,2.1550697658513807,GIPC2;IRX4;IL2RG,0.9999684251134726,0,0
Severity_positive_FDR005,micrornas,11,mmu-miR-412-5p,0.298354156221127,1.8544,2.2428486865199035,RHBDD1;FOS,0.9999684251134726,0,0
Severity_positive_FDR005,micrornas,12,mmu-miR-669f-5p,0.302138648718353,1.22949329973102,1.4715427422737184,CD84;GLIPR1;CD93;SERPINE1;MS4A7;ITGB2;PLEK;MPEG1;ATF3;IL18R1;PLA1A,0.9999684251134726,0,0
Severity_positive_FDR005,micrornas,13,mmu-miR-669l,0.302138648718353,1.22949329973102,1.4715427422737184,CD84;GLIPR1;CD93;SERPINE1;MS4A7;ITGB2;PLEK;MPEG1;ATF3;IL18R1;PLA1A,0.9999684251134726,0,0
Severity_positive_FDR005,micrornas,14,mmu-miR-669a-5p,0.302138648718353,1.22949329973102,1.4715427422737184,CD84;GLIPR1;CD93;SERPINE1;MS4A7;ITGB2;PLEK;MPEG1;ATF3;IL18R1;PLA1A,0.9999684251134726,0,0
Severity_positive_FDR005,micrornas,15,mmu-miR-669p,0.302138648718353,1.22949329973102,1.4715427422737184,CD84;GLIPR1;CD93;SERPINE1;MS4A7;ITGB2;PLEK;MPEG1;ATF3;IL18R1;PLA1A,0.9999684251134726,0,0
Severity_positive_FDR005,micrornas,16,hsa-miR-4727-3p,0.3079129055604893,1.211454425071728,1.4270185782939036,CD84;BHMT;CD93;CEBPD;PLEK;IGFBP7;LCP1;CXCL13;CD68;IL7R;MPEG1;PSMB8,0.9999684251134726,0,0
Severity_positive_FDR005,micrornas,17,hsa-miR-4782-3p,0.321586384280194,1.1965959303911406,1.357525016214098,CD53;GLIPR1;TMEM98;FZD4;GPR65;RHBDD1;P2RY14;ARHGDIB;PRSS16;LPXN;CYTIP;MPEG1,0.9999684251134726,0,0
Severity_positive_FDR005,micrornas,18,hsa-miR-219-5p,0.321586384280194,1.1965959303911406,1.357525016214098,CD53;GLIPR1;TMEM98;FZD4;GPR65;RHBDD1;P2RY14;ARHGDIB;PRSS16;LPXN;CYTIP;MPEG1,0.9999684251134726,0,0
Severity_positive_FDR005,micrornas,19,mmu-miR-1945,0.3379881285464898,1.6843636363636365,1.8271042019308328,IRX4;ALOX5AP,0.9999684251134726,0,0
Severity_positive_FDR005,micrornas,20,hsa-miR-4529-3p,0.34821970794313,1.161271214050884,1.225050149587764,CD84;RBM47;CD93;GPR65;RHBDD1;MS4A7;CTSS;PSMB8;P2RY6;CLEC4D;PTPRC;PRKAR2A;CLEC4E,0.9999684251134726,0,0
Severity_positive_FDR005,micrornas,21,mmu-miR-5115,0.3546337566253172,1.4327712609970675,1.485310544027857,GIPC2;IRX4;MPEG1,0.9999684251134726,0,0
Severity_positive_FDR005,micrornas,22,mmu-miR-5109,0.3724049482492262,1.5580990099009902,1.539048828546071,HTR2B;RRAS2,0.9999684251134726,0,0
Severity_positive_FDR005,micrornas,23,hsa-miR-4445,0.3752995966615912,1.135947978053241,1.1132638325158375,FZD4;GPR65;RHBDD1;P2RY14;HTR2B;PRSS16;MPEG1;CTSS;GLIPR1;TMEM98;ARHGDIB;LPXN;NCKAP1L,0.9999684251134726,0,0
Severity_positive_FDR005,micrornas,24,mmu-miR-3102-3p.2,0.394287012966255,1.1189460321096538,1.0413764138405184,RBM47;FZD4;GPR65;CXCL2;MMP12;PTPRC;UBD;GIPC2;LCP1;CLEC4E;SLC15A3;PDLIM4;IL18R1,0.9999684251134726,0,0
Severity_positive_FDR005,micrornas,25,mmu-miR-2182,0.3982551489227966,1.2600325203252032,1.1600645660106872,RBM47;PTPRC;RHBDD1;CD300LF,0.9999684251134726,0,0
Severity_positive_FDR005,micrornas,26,hsa-miR-4467,0.4017809279962102,1.1868473718593486,1.0822247514327037,CSF1R;CD84;TMEM98;GPR65;PRKAR2A;IRX4,0.9999684251134726,0,0
Severity_positive_FDR005,micrornas,27,hsa-miR-3689b,0.4049651007253107,1.1096254404910766,1.0030507844560903,CD84;RHBDD1;PRSS16;RRAS2;OSMR;CXCL2;MPEG1;CLEC4D;PTPRC;IGFBP7;CLEC4E;CD300LF;CYTIP,0.9999684251134726,0,0
Severity_positive_FDR005,micrornas,28,hsa-miR-3689a-5p,0.4049651007253107,1.1096254404910766,1.0030507844560903,CD84;RHBDD1;PRSS16;RRAS2;OSMR;CXCL2;MPEG1;CLEC4D;PTPRC;IGFBP7;CLEC4E;CD300LF;CYTIP,0.9999684251134726,0,0
Severity_positive_FDR005,micrornas,29,hsa-miR-3689e,0.4049651007253107,1.1096254404910766,1.0030507844560903,CD84;RHBDD1;PRSS16;RRAS2;OSMR;CXCL2;MPEG1;CLEC4D;PTPRC;IGFBP7;CLEC4E;CD300LF;CYTIP,0.9999684251134726,0,0
Severity_positive_FDR005,micrornas,30,hsa-miR-3689f,0.4049651007253107,1.1096254404910766,1.0030507844560903,CD84;RHBDD1;PRSS16;RRAS2;OSMR;CXCL2;MPEG1;CLEC4D;PTPRC;IGFBP7;CLEC4E;CD300LF;CYTIP,0.9999684251134726,0,0
Severity_positive_FDR005,micrornas,31,hsa-miR-1249,0.409734162225506,1.2396773574034954,1.106098049049379,CD93;FZD4;RHBDD1;IL18R1,0.9999684251134726,0,0
Severity_positive_FDR005,micrornas,32,hsa-miR-4634,0.4164837881300051,1.2894632469592808,1.1294508412816204,CCL5;SERPINE1;CD68,0.9999684251134726,0,0
Severity_positive_FDR005,micrornas,33,mmu-miR-1843-3p,0.4283400333601677,1.1355475454857535,0.9627602785158218,CD84;PTPRC;FZD4;SERPINE1;GIPC2;OSMR;MPEG1,0.9999684251134726,0,0
Severity_positive_FDR005,micrornas,34,mmu-miR-1298,0.4315312059444659,1.0915601023017902,0.9173639760927594,CH25H;CD84;CD93;FZD4;GPR65;UBD;CLCA2;HTR2B;FOS;CXCL13;SLC15A3;MPEG1,0.9999684251134726,0,0
Severity_positive_FDR005,micrornas,35,hsa-miR-3545-5p,0.4347149201551696,1.0888077250212638,0.9070474100420062,MMP12;TMEM98;CEBPD;FZD4;GPR65;PRKAR2A;P2RY14;PLEK;IL7R;OSMR;LILRB4;MPEG1,0.9999684251134726,0,0
Severity_positive_FDR005,micrornas,36,hsa-miR-4474-5p,0.4410815455049435,1.0833408038248915,0.886742084157241,CD53;CD84;GLIPR1;BHMT;PTPRC;FCER1G;UBD;RHBDD1;P2RY14;PLEK;CXCL13;IL18R1,0.9999684251134726,0,0
Severity_positive_FDR005,micrornas,37,mmu-miR-1839-5p,0.4418772371288625,1.082660959159802,0.8842343009231992,CD84;CLEC4D;CD93;FZD4;NCF4;LCP1;IL2RG;OSMR;CD300LF;PRSS22;ATF3;MDFI,0.9999684251134726,0,0
Severity_positive_FDR005,micrornas,38,mmu-miR-3968,0.4531208312907644,1.0827190538332216,0.8570765629623781,CLEC4D;PTPRC;CLEC7A;PRKAR2A;SERPINE1;NCF4;PLEK;BUB3;ATF3;IL18R1,0.9999684251134726,0,0
Severity_positive_FDR005,micrornas,39,hsa-miR-451,0.4550441200507707,1.2117920225557677,0.9541176545690572,P2RY14;IL18R1;PSMB8,0.9999684251134726,0,0
Severity_positive_FDR005,micrornas,40,hsa-miR-4715-5p,0.463479449574996,1.0684493401447424,0.8216303117823667,CSF1R;CD84;GLIPR1;PTPRC;FZD4;CLEC7A;GPR65;CCL5;GIPC2;LPXN;CSN3,0.9999684251134726,0,0
Severity_positive_FDR005,micrornas,41,hsa-miR-4278,0.4643065516498819,1.0677317109489672,0.8191747377085443,CH25H;GLIPR1;CD93;RHBDD1;PLEK;CLCA2;LCP1;MPEG1;ATF3;CTSS;TMEM71,0.9999684251134726,0,0
Severity_positive_FDR005,micrornas,42,hsa-miR-1306,0.4649366928333447,1.193017558187015,0.9136773013477164,CD93;PLEK;IL18R1,0.9999684251134726,0,0
Severity_positive_FDR005,micrornas,43,mmu-miR-1186b,0.474774852528358,1.0629727871107182,0.791823929383304,P2RY6;PTPRC;CD93;TMEM98;FZD4;RHBDD1;CCL5;PLEK;ATF3;MDFI,0.9999684251134726,0,0
Severity_positive_FDR005,micrornas,44,hsa-miR-4804-5p,0.4774533269125088,1.129847341638884,0.8352835628056482,CD84;PTPRC;GPR65;BUB3,0.9999684251134726,0,0
Severity_positive_FDR005,micrornas,45,mmu-miR-720,0.4780058192358976,1.1688545585527896,0.8627693883314863,GIPC2;OSMR;PRSS22,0.9999684251134726,0,0
Severity_positive_FDR005,micrornas,46,hsa-miR-3912,0.4796293328071674,1.165901469179176,0.8566364236691044,CD84;LCP1;PDLIM4,0.9999684251134726,0,0
Severity_positive_FDR005,micrornas,47,hsa-miR-99a,0.4872647911129974,1.2309333333333334,0.8849765469799713,CD93;PDLIM4,0.9999684251134726,0,0
Severity_positive_FDR005,micrornas,48,hsa-miR-100,0.4872647911129974,1.2309333333333334,0.8849765469799713,CD93;PDLIM4,0.9999684251134726,0,0
Severity_positive_FDR005,micrornas,49,hsa-miR-99b,0.4872647911129974,1.2309333333333334,0.8849765469799713,CD93;PDLIM4,0.9999684251134726,0,0
Severity_positive_FDR005,micrornas,50,mmu-miR-5121,0.4882615818969,1.0416096334666345,0.7467341004461024,CD84;CD93;RHBDD1;RRAS2;CXCL13;IL2RG;TMEM71;ICAM1;GIPC2;CLCA2;NCKAP1L;CD48;BUB3,0.9999684251134726,0,0
Severity_positive_FDR005,micrornas,51,mmu-miR-3472,0.489800519779403,1.0540325332726652,0.7523231760665645,GLIPR1;GPR65;UBD;RHBDD1;PLEK;CXCL13;OSMR;MPEG1;ATF3,0.9999684251134726,0,0
Severity_positive_FDR005,micrornas,52,hsa-miR-4536,0.4910090333611084,1.0419785132309467,0.7411517657354555,CD84;GLIPR1;CD93;TMEM98;FZD4;PRKAR2A;CCL5;CCRL2;MS4A7;OSMR;CD300LF;MPEG1,0.9999684251134726,0,0
Severity_positive_FDR005,micrornas,53,hsa-miR-1181,0.4983427731162494,1.4661029520842606,1.0210925289525392,PDLIM4,0.9999684251134726,0,0
Severity_positive_FDR005,micrornas,54,mmu-miR-700,0.5015455842078541,1.4524544385655496,1.0022818427654283,RBM47,0.9999684251134726,0,0
Severity_positive_FDR005,micrornas,55,hsa-miR-4670-5p,0.513436811038994,1.1704477611940298,0.7802536160440837,PTPRC;MS4A7,0.9999684251134726,0,0
Severity_positive_FDR005,micrornas,56,hsa-miR-718,0.5147343661973304,1.1044411631076785,0.7334641312349099,P2RY6;CCRL2;PRSS22,0.9999684251134726,0,0
Severity_positive_FDR005,micrornas,57,mmu-miR-127,0.5193520698065073,1.1573136531365311,0.7582409635247833,TYROBP;OSMR,0.9999684251134726,0,0
Severity_positive_FDR005,micrornas,58,mmu-miR-5105,0.5264483048494119,1.3517378215654077,0.8672778772098888,GIPC2,0.9999684251134726,0,0
Severity_positive_FDR005,micrornas,59,hsa-miR-1469,0.5354651395119621,1.3174603174603174,0.8229113918032946,IRX4,0.9999684251134726,0,0
Severity_positive_FDR005,micrornas,60,mmu-miR-653,0.5361109147564267,1.007869090615605,0.6283199117029044,TYROBP;CD93;FZD4;GPR65;PRKAR2A;RHBDD1;GPX6;IL2RG;CYTIP;PDLIM4;IL18R1,0.9999684251134726,0,0
Severity_positive_FDR005,micrornas,61,hsa-miR-95,0.5500707248933551,1.0466269128529349,0.6255777166393964,CD84;RHBDD1;IL18R1,0.9999684251134726,0,0
Severity_positive_FDR005,micrornas,62,hsa-miR-192,0.5520395148008775,0.9951137791428172,0.5912325724755263,GLIPR1;BHMT;CD93;FZD4;CLEC7A;GPR65;RHBDD1;SERPINE1;CD300LF;CXCL2;ATF3,0.9999684251134726,0,0
Severity_positive_FDR005,micrornas,63,hsa-miR-215,0.5520395148008775,0.9951137791428172,0.5912325724755263,GLIPR1;BHMT;CD93;FZD4;CLEC7A;GPR65;RHBDD1;SERPINE1;CD300LF;CXCL2;ATF3,0.9999684251134726,0,0
Severity_positive_FDR005,micrornas,64,hsa-miR-542-5p,0.5585538773352325,1.0058894180117155,0.5858342189712896,TMEM98;RHBDD1;LY86;PRSS22;MPEG1,0.9999684251134726,0,0
Severity_positive_FDR005,micrornas,65,mmu-miR-5128,0.5604755112002315,0.9945806842264608,0.5758321086325792,CD84;RBM47;RHBDD1;SERPINE1;LCP1;FOS;IL7R,0.9999684251134726,0,0
Severity_positive_FDR005,micrornas,66,hsa-miR-3195,0.5667716800164924,1.0582162162162163,0.6008538311452242,RHBDD1;IRX4,0.9999684251134726,0,0
Severity_positive_FDR005,micrornas,67,hsa-miR-921,0.5689118667762126,0.9813612565445026,0.5535169425034145,CD84;BHMT;CD93;CLEC7A;RHBDD1;CCL5;MS4A7;ARHGDIB;NCKAP1L;CXCL13;ATF3;CTSS,0.9999684251134726,0,0
Severity_positive_FDR005,micrornas,68,hsa-miR-3676,0.5691064851457913,1.0015219512195122,0.5645456232062559,CD93;RHBDD1;BUB3;IL18R1,0.9999684251134726,0,0
Severity_positive_FDR005,micrornas,69,hsa-miR-3124-5p,0.5698604933351046,1.196049921240761,0.6726150550800256,IRX4,0.9999684251134726,0,0
Severity_positive_FDR005,micrornas,70,mmu-miR-434-3p,0.5716068501692224,0.9801177492520028,0.5481836294312468,CD84;FZD4;ANXA3;GPR65;GIPC2;CLCA1;CLEC4E;OSMR;CXCL2;IL18R1,0.9999684251134726,0,0
Severity_positive_FDR005,micrornas,71,mmu-miR-1901,0.5726100181659597,1.186928811928812,0.661772622642857,CEBPD,0.9999684251134726,0,0
Severity_positive_FDR005,micrornas,72,hsa-miR-1244,0.574010990934822,0.977744195631268,0.5427523879806557,CD84;FZD4;ANXA3;SERPINE1;MS4A7;GIPC2;PLEK;RRAS2;FOS;MPEG1;PLA1A,0.9999684251134726,0,0
Severity_positive_FDR005,micrornas,73,mmu-miR-339-3p,0.5781114400576997,1.0031534325889164,0.5497166712175169,FZD4;NCF4;IRX4,0.9999684251134726,0,0
Severity_positive_FDR005,micrornas,74,hsa-miR-4315,0.5829030710348315,0.9836375722247788,0.5309030008279401,CD84;ANXA3;BUB3;OSMR,0.9999684251134726,0,0
Severity_positive_FDR005,micrornas,75,hsa-miR-4750,0.5865554559987184,1.0197263843648208,0.5440118517758432,TYROBP;PRSS22,0.9999684251134726,0,0
Severity_positive_FDR005,micrornas,76,hsa-miR-4785,0.5867394373066817,0.9901490404246632,0.527922166528269,CLEC7A;IRX4;PSMB8,0.9999684251134726,0,0
Severity_positive_FDR005,micrornas,77,mmu-miR-221,0.58679215741641,0.9678881345263252,0.5159662569145196,FZD4;RHBDD1;MS4A7;PLEK;CLCA2;IGFBP7;LCP1;FOS;BUB3;OSMR;MPEG1;IL18R1,0.9999684251134726,0,0
Severity_positive_FDR005,micrornas,78,mmu-miR-1928,0.58679215741641,0.9678881345263252,0.5159662569145196,FZD4;RHBDD1;MS4A7;PLEK;CLCA2;IGFBP7;LCP1;FOS;BUB3;OSMR;MPEG1;IL18R1,0.9999684251134726,0,0
Severity_positive_FDR005,micrornas,79,mmu-miR-222,0.58679215741641,0.9678881345263252,0.5159662569145196,FZD4;RHBDD1;MS4A7;PLEK;CLCA2;IGFBP7;LCP1;FOS;BUB3;OSMR;MPEG1;IL18R1,0.9999684251134726,0,0
Severity_positive_FDR005,micrornas,80,hsa-miR-3682-3p,0.5904795272111868,0.9651232145660024,0.5084465151453852,RBM47;IGSF6;CLEC7A;GPR65;P2RY14;MS4A7;NCKAP1L;LCP1;IL2RG;OSMR;PDLIM4;CTSS,0.9999684251134726,0,0
Severity_positive_FDR005,micrornas,81,mmu-miR-3066,0.5911908869299836,0.9640426695206076,0.5067165641294334,CD84;GLIPR1;CD93;FZD4;CLEC7A;PLEK;CLCA2;CLEC4E;IL7R,0.9999684251134726,0,0
Severity_positive_FDR005,micrornas,82,hsa-miR-662,0.593779790287532,0.9631963850407278,0.5020629870249336,CSF1R;PRKAR2A;RHBDD1;PXMP2;LY86;CD300LF,0.9999684251134726,0,0
Severity_positive_FDR005,micrornas,83,mmu-miR-210,0.5966642875384943,0.9753872979679432,0.503690640709108,FZD4;RHBDD1;MDFI,0.9999684251134726,0,0
Severity_positive_FDR005,micrornas,84,hsa-miR-572,0.5966642875384943,0.9753872979679432,0.503690640709108,CEBPD;GPR65;MS4A7,0.9999684251134726,0,0
Severity_positive_FDR005,micrornas,85,mmu-miR-652,0.5970648952689129,0.9998722044728434,0.5156635612848275,LCP1;MPEG1,0.9999684251134726,0,0
Severity_positive_FDR005,micrornas,86,hsa-miR-4259,0.6050907688381518,0.9542046740794992,0.4793702917276199,CSF1R;CD84;GLIPR1;P2RY6;PTPRC;FCER1G;FZD4;UBD;CCL5;SERPINE1;PRSS16;OSMR,0.9999684251134726,0,0
Severity_positive_FDR005,micrornas,87,hsa-miR-496,0.6076442406373765,0.951540331999464,0.4740247544290641,CD84;GLIPR1;TYROBP;CD93;FZD4;MS4A7;LCP1;CXCL13;IL2RG;IL18R1;CTSS,0.9999684251134726,0,0
Severity_positive_FDR005,micrornas,88,mmu-miR-125b-1-3p,0.6158147085926663,0.9653827160493827,0.4680263821370529,RHBDD1;OSMR,0.9999684251134726,0,0
Severity_positive_FDR005,micrornas,89,hsa-miR-508-3p,0.6161174704616399,0.943952343952344,0.4571727666133072,GLIPR1;TMEM98;FZD4;GPR65;RHBDD1;P2RY14;ARHGDIB;PRSS16;LPXN;MPEG1,0.9999684251134726,0,0
Severity_positive_FDR005,micrornas,90,mmu-miR-3967,0.6291365579894816,0.9349585453175052,0.4332662808716191,CD84;CD93;RHBDD1;GIPC2;CLCA2;NCKAP1L;CD48;LCP1;CXCL13;TMEM71;ICAM1,0.9999684251134726,0,0
Severity_positive_FDR005,micrornas,91,mmu-miR-671-3p,0.6450557919179274,0.9137309941520468,0.4005965415508575,GIPC2;MPEG1,0.9999684251134726,0,0
Severity_positive_FDR005,micrornas,92,mmu-miR-1963,0.6516557554156888,0.8968761586948462,0.3840772049070631,CSF1R;SERPINE1;ICAM1,0.9999684251134726,0,0
Severity_positive_FDR005,micrornas,93,hsa-miR-486-5p,0.6521647557279283,0.9172608244749806,0.3920905290059209,CD53;CD84;GLIPR1;SERPINE1;CCRL2;CXCL13;CLEC4E;OSMR;CXCL2;PLA1A;ICAM1,0.9999684251134726,0,0
Severity_positive_FDR005,micrornas,94,hsa-miR-1296,0.6536814766760374,0.908667922976349,0.386306614569985,P2RY6;FCER1G;CD93;PLEK;LPXN;LCP1;IL2RG;SLC15A3,0.9999684251134726,0,0
Severity_positive_FDR005,micrornas,95,mmu-miR-701,0.6541875901917914,0.947955747955748,0.4022755757090452,GLIPR1,0.9999684251134726,0,0
Severity_positive_FDR005,micrornas,96,mmu-miR-714,0.6554651287866805,0.8916129032258064,0.3766263625534038,FZD4;TNNT2;CD14,0.9999684251134726,0,0
Severity_positive_FDR005,micrornas,97,hsa-miR-4258,0.6558147254452011,0.903706777316736,0.3812530685358069,CEBPD;SERPINE1;NCKAP1L;ATF3;MDFI;IL18R1;ASF1B,0.9999684251134726,0,0
Severity_positive_FDR005,micrornas,98,hsa-miR-450a,0.6574822356215082,0.89248,0.3742503617743459,OSMR;PDLIM4,0.9999684251134726,0,0
Severity_positive_FDR005,micrornas,99,hsa-miR-4637,0.6608095147369117,0.9054239483621672,0.375107777970002,TMEM98;FZD4;CLEC7A;PRKAR2A;CXCL1;FOS;CYTIP;CXCL2;ASF1B,0.9999684251134726,0,0
Severity_positive_FDR005,micrornas,100,hsa-miR-4665-3p,0.6635652454475264,0.8822146892655367,0.3618210296960019,RHBDD1;ITGB2,0.9999684251134726,0,0
Severity_positive_FDR005,micrornas,101,hsa-miR-184,0.6752693449213301,0.8701003769814234,0.3416393776064142,CD84;PTPRC;GPR65;BUB3,0.9999684251134726,0,0
Severity_positive_FDR005,micrornas,102,mmu-miR-3061-3p,0.6755741422770394,0.8963489946148906,0.3515412351984451,RBM47;PTPRC;RHBDD1;P2RY14;GIPC2;CLCA2;HTR2B;LCP1;BUB3;IL18R1,0.9999684251134726,0,0
Severity_positive_FDR005,micrornas,103,hsa-miR-4787-3p,0.6769373151242869,0.8599449035812672,0.3355303808098629,RHBDD1;IL18R1,0.9999684251134726,0,0
Severity_positive_FDR005,micrornas,104,mmu-miR-1893,0.6777853967297631,0.8882124819624819,0.345447653302229,RBM47,0.9999684251134726,0,0
Severity_positive_FDR005,micrornas,105,mmu-miR-187,0.6789048921538205,0.8596270161290323,0.3329113922198307,PRKAR2A;RHBDD1;ALOX5AP,0.9999684251134726,0,0
Severity_positive_FDR005,micrornas,106,mmu-miR-500,0.6852370165249951,0.8809633150634277,0.3329957560506921,FZD4;RHBDD1;SERPINE1;CLCA1;CD48;FOS;MPEG1;ATF3,0.9999684251134726,0,0
Severity_positive_FDR005,micrornas,107,mmu-miR-501-3p,0.6852370165249951,0.8809633150634277,0.3329957560506921,FZD4;RHBDD1;SERPINE1;CLCA1;CD48;FOS;MPEG1;ATF3,0.9999684251134726,0,0
Severity_positive_FDR005,micrornas,108,hsa-miR-4759,0.6868129303992214,0.887351798004719,0.3333721457629524,CD53;CD84;P2RY6;RBM47;PTPRC;GIPC2;RRAS2;CXCL13;ASF1B;ICAM1,0.9999684251134726,0,0
Severity_positive_FDR005,micrornas,109,mmu-miR-140,0.6875802073641296,0.883056211113495,0.3307723618221128,CLEC4D;CD93;CLEC7A;RHBDD1;LY86;CLCA2;LCP1;CXCL2;TMEM71,0.9999684251134726,0,0
Severity_positive_FDR005,micrornas,110,mmu-miR-876-3p,0.6875802073641296,0.883056211113495,0.3307723618221128,CLEC4D;CD93;CLEC7A;RHBDD1;LY86;CLCA2;LCP1;CXCL2;TMEM71,0.9999684251134726,0,0
Severity_positive_FDR005,micrornas,111,mmu-miR-451,0.69549272195281,0.8296595744680851,0.3012782073545761,CCRL2;PSMB8,0.9999684251134726,0,0
Severity_positive_FDR005,micrornas,112,hsa-miR-4520b-3p,0.6965168816709618,0.8831218796413937,0.319392727542205,CD84;RBM47;CLEC4D;CD93;FZD4;PRKAR2A;RHBDD1;MS4A7;MPEG1;CTSS;TMEM71,0.9999684251134726,0,0
Severity_positive_FDR005,micrornas,113,hsa-miR-2277-5p,0.6968833187813452,0.8274164456233422,0.2988109305075935,SERPINE1;IRX4,0.9999684251134726,0,0
Severity_positive_FDR005,micrornas,114,mmu-miR-337-5p,0.7036213817815427,0.8265726043503822,0.2905525677342734,RBM47,0.9999684251134726,0,0
Severity_positive_FDR005,micrornas,115,mmu-miR-540-5p,0.7040069617012255,0.8692916882540153,0.3050927255880681,BHMT;TMEM98;CLEC7A;SERPINE1;GIPC2;RRAS2;LPXN;OSMR;PLA1A,0.9999684251134726,0,0
Severity_positive_FDR005,micrornas,116,mmu-miR-1946b,0.707942313656455,0.8207948296388684,0.28349651485369,BHMT;RBM47;TYROBP,0.9999684251134726,0,0
Severity_positive_FDR005,micrornas,117,mmu-miR-3086-5p,0.713437049197671,0.8501763322884013,0.2870714535619633,CD84;FZD4;ANXA3;GPX6;ITGB2;OSMR;IL18R1,0.9999684251134726,0,0
Severity_positive_FDR005,micrornas,118,hsa-miR-4444,0.7158096849651521,0.7972173913043479,0.266542420343655,MS4A7;IL18R1,0.9999684251134726,0,0
Severity_positive_FDR005,micrornas,119,hsa-miR-4707-5p,0.7160725224337687,0.8406011332840602,0.2807387790063271,RBM47;CD93;CEBPD;IRX4;CXCL13;CD300LF,0.9999684251134726,0,0
Severity_positive_FDR005,micrornas,120,mmu-miR-154,0.7240170251968627,0.8403165374677003,0.2713721347097884,CD84;FZD4;GIPC2;IGFBP7;CLEC4E;PDLIM4;TMEM71,0.9999684251134726,0,0
Severity_positive_FDR005,micrornas,121,mmu-miR-574-3p,0.7248989106478838,0.7829145728643216,0.2518816779240987,BUB3;MPEG1,0.9999684251134726,0,0
Severity_positive_FDR005,micrornas,122,hsa-miR-151-5p,0.7254261233749559,0.811182576577724,0.2603863951304969,TNNT2;RHBDD1;CD68;PDLIM4,0.9999684251134726,0,0
Severity_positive_FDR005,micrornas,123,hsa-miR-151b,0.7254261233749559,0.811182576577724,0.2603863951304969,TNNT2;RHBDD1;CD68;PDLIM4,0.9999684251134726,0,0
Severity_positive_FDR005,micrornas,124,hsa-miR-3147,0.7270308001035437,0.8593539938891314,0.2739503972461806,CD53;C1QB;CD84;CLEC4D;IGSF6;ANXA3;UBD;SERPINE1;LCP1;PRSS22;CTSS,0.9999684251134726,0,0
Severity_positive_FDR005,micrornas,125,mmu-miR-5126,0.7274007646593357,0.7728665723715229,0.2459861913570802,CEBPD,0.9999684251134726,0,0
Severity_positive_FDR005,micrornas,126,hsa-miR-610,0.7275120030424554,0.854511656946632,0.2718413337666899,CH25H;CD84;CLEC4D;TMEM98;FZD4;CLEC7A;MS4A7;LPXN;CLEC4E;IL18R1,0.9999684251134726,0,0
Severity_positive_FDR005,micrornas,127,hsa-miR-3615,0.7291819284854357,0.8067997043606799,0.2548131796723745,CD84;CD93;CEBPD;PLEK,0.9999684251134726,0,0
Severity_positive_FDR005,micrornas,128,mmu-miR-875-5p,0.7304332648878419,0.8263581267217631,0.2595734723119272,GPR65;P2RY14;SERPINE1;GIPC2;LPXN;ASF1B,0.9999684251134726,0,0
Severity_positive_FDR005,micrornas,129,hsa-miR-2964a-5p,0.7325903907097746,0.8503684867321231,0.2646079250855041,CD84;GLIPR1;FZD4;RHBDD1;SERPINE1;ITGB2;C3AR1;LPXN;OSMR;LILRB4,0.9999684251134726,0,0
Severity_positive_FDR005,micrornas,130,hsa-miR-3152-3p,0.7343493927669895,0.8535914478593617,0.2635637315476336,CD93;FZD4;UBD;RHBDD1;P2RY14;PLEK;IGFBP7;MPEG1;ATF3;IL18R1;TMEM71,0.9999684251134726,0,0
Severity_positive_FDR005,micrornas,131,mmu-miR-300,0.7349536003009284,0.8531143759106362,0.2627147895681581,CLEC4D;PTPRC;CD93;FZD4;SERPINE1;MS4A7;ITGB2;PLEK;LCP1;CXCL13;IL18R1,0.9999684251134726,0,0
Severity_positive_FDR005,micrornas,132,hsa-miR-4321,0.7360338875541582,0.7540065945863047,0.2310872764072877,RBM47,0.9999684251134726,0,0
Severity_positive_FDR005,micrornas,133,hsa-miR-518e,0.7362264049025039,0.7652481572481572,0.2343324481484011,PRSS22;PDLIM4,0.9999684251134726,0,0
Severity_positive_FDR005,micrornas,134,mmu-miR-697,0.7437928012919506,0.8411785825861112,0.2489827836221443,CD84;RBM47;CLEC4D;CD93;FZD4;RHBDD1;GIPC2;LY86;IL7R;CD300LF,0.9999684251134726,0,0
Severity_positive_FDR005,micrornas,135,mmu-miR-151-3p,0.7482244157453809,0.8252246790499767,0.2393583367686899,IGSF6;FZD4;RHBDD1;SERPINE1;GIPC2;PXMP2;CXCL1;ASF1B,0.9999684251134726,0,0
Severity_positive_FDR005,micrornas,136,mmu-miR-532-5p,0.7487295674882515,0.8313559322033899,0.2405756337278457,RBM47;CD93;RHBDD1;P2RY14;SERPINE1;IRX4;PLEK;LPXN;OSMR,0.9999684251134726,0,0
Severity_positive_FDR005,micrornas,137,hsa-miR-3177-5p,0.7492771321078744,0.8366509832307878,0.2414962618076097,CD84;P2RY6;RBM47;GIPC2;ARHGDIB;C3AR1;CD48;CXCL13;OSMR;ICAM1,0.9999684251134726,0,0
Severity_positive_FDR005,micrornas,138,mmu-miR-3960,0.7492860592492467,0.7256552233296419,0.2094490939658468,PRKAR2A,0.9999684251134726,0,0
Severity_positive_FDR005,micrornas,139,hsa-miR-934,0.7495498991944695,0.8240339498040711,0.2375544740283529,CD84;RBM47;FZD4;PRKAR2A;CLEC4E;CYTIP;LILRB4;ICAM1,0.9999684251134726,0,0
Severity_positive_FDR005,micrornas,140,mmu-miR-191,0.7531633558900854,0.7614247311827957,0.2158434553234976,FCER1G;RHBDD1;ALOX5AP,0.9999684251134726,0,0
Severity_positive_FDR005,micrornas,141,mmu-miR-770-5p,0.762985868734099,0.8190254988136594,0.2215593122590713,CSF1R;CD84;FZD4;RHBDD1;PLEK;FOS;CXCL13;PDLIM4;MPEG1,0.9999684251134726,0,0
Severity_positive_FDR005,micrornas,142,hsa-miR-3150a-5p,0.7641111859396542,0.7926679381224836,0.2132609428908508,CD93;FZD4;ITGB2;BUB3;CD300LF;CTSS,0.9999684251134726,0,0
Severity_positive_FDR005,micrornas,143,hsa-miR-3150b-5p,0.7641111859396542,0.7926679381224836,0.2132609428908508,CD93;FZD4;ITGB2;BUB3;CD300LF;CTSS,0.9999684251134726,0,0
Severity_positive_FDR005,micrornas,144,mmu-miR-880,0.7669923650279266,0.8218734020016071,0.2180252873819428,GLIPR1;FZD4;CLEC7A;UBD;RHBDD1;PLEK;LPXN;LCP1;FOS;TMEM71,0.9999684251134726,0,0
Severity_positive_FDR005,micrornas,145,hsa-miR-3618,0.767212622758625,0.8153389830508475,0.2160577391189229,CD84;RBM47;FZD4;PRKAR2A;FOS;CYTIP;LILRB4;PLA1A;ICAM1,0.9999684251134726,0,0
Severity_positive_FDR005,micrornas,146,mmu-miR-547,0.7684106526966172,0.8142912625226553,0.2145095491235694,CD93;FZD4;GPR65;PRKAR2A;HTR2B;RRAS2;CD48;LCP1;IL18R1,0.9999684251134726,0,0
Severity_positive_FDR005,micrornas,147,mmu-miR-5103,0.7700766766120972,0.7132844036697248,0.1863563845900588,RBM47;MPEG1,0.9999684251134726,0,0
Severity_positive_FDR005,micrornas,148,mmu-miR-5119,0.7715690259500266,0.8180123658847063,0.2121344444847213,CD84;TYROBP;PTPRC;CD93;FZD4;GIPC2;BUB3;MPEG1;ASF1B;C1QC,0.9999684251134726,0,0
Severity_positive_FDR005,micrornas,149,mmu-miR-10b,0.7772025033849929,0.8132320354542577,0.20497866433202,C4B;TYROBP;CD93;TMEM98;FZD4;RHBDD1;MS4A7;CLCA2;LPXN;ATF3,0.9999684251134726,0,0
Severity_positive_FDR005,micrornas,150,mmu-miR-10a,0.7772025033849929,0.8132320354542577,0.20497866433202,C4B;TYROBP;CD93;TMEM98;FZD4;RHBDD1;MS4A7;CLCA2;LPXN;ATF3,0.9999684251134726,0,0
Severity_positive_FDR005,micrornas,151,hsa-miR-4633-5p,0.7775052959114398,0.7986188642663805,0.200984275511612,MMP12;CD84;GLIPR1;GIPC2;CXCL1;CXCL2;IL18R1;CTSS,0.9999684251134726,0,0
Severity_positive_FDR005,micrornas,152,hsa-miR-3678-5p,0.7795984901840581,0.6632218844984803,0.1651264963973875,GPR65,0.9999684251134726,0,0
Severity_positive_FDR005,micrornas,153,hsa-miR-550b,0.7827389767292245,0.808502024291498,0.1980474231741441,CD53;P2RY6;RBM47;UBD;RHBDD1;GIPC2;HTR2B;CLEC4E;MPEG1;TMEM71,0.9999684251134726,0,0
Severity_positive_FDR005,micrornas,154,hsa-miR-3117-3p,0.7859176994255574,0.7908334817549371,0.1905143165367232,CD84;P2RY6;FCER1G;GIPC2;CXCL13;CD300LF;CTSS;ICAM1,0.9999684251134726,0,0
Severity_positive_FDR005,micrornas,155,mmu-miR-450a,0.7865900233255192,0.649239417989418,0.1558486902611515,ASF1B,0.9999684251134726,0,0
Severity_positive_FDR005,micrornas,156,hsa-miR-4745-3p,0.7869398325393674,0.7559510442398383,0.181128504804661,TNNT2;IRX4;PRSS22;PDLIM4;ASF1B,0.9999684251134726,0,0
Severity_positive_FDR005,micrornas,157,hsa-miR-1538,0.7869398325393674,0.7559510442398383,0.181128504804661,TNNT2;IRX4;PRSS22;PDLIM4;ASF1B,0.9999684251134726,0,0
Severity_positive_FDR005,micrornas,158,hsa-miR-1295,0.7880901566123379,0.7377733848852195,0.1756954076342021,CD84;MS4A7;OSMR;MDFI,0.9999684251134726,0,0
Severity_positive_FDR005,micrornas,159,hsa-miR-4703-3p,0.7903626693764805,0.7948421975452952,0.186997249008171,CD84;PTPRC;TMEM98;FZD4;ANXA3;RHBDD1;SERPINE1;RRAS2;IGFBP7,0.9999684251134726,0,0
Severity_positive_FDR005,micrornas,160,hsa-miR-4523,0.7911811997236096,0.6812982456140351,0.1595793030747875,SLC15A3;IL18R1,0.9999684251134726,0,0
Severity_positive_FDR005,micrornas,161,hsa-miR-598,0.7931957878854764,0.6782532751091703,0.1571412406963662,GPR65;BUB3,0.9999684251134726,0,0
Severity_positive_FDR005,micrornas,162,mmu-miR-376a,0.7933614615356235,0.635827664399093,0.1471790643747494,MPEG1,0.9999684251134726,0,0
Severity_positive_FDR005,micrornas,163,hsa-miR-941,0.7935012058596073,0.7087308221872541,0.1639295946284635,LRG1;CEBPD;ITGB2,0.9999684251134726,0,0
Severity_positive_FDR005,micrornas,164,hsa-miR-933,0.7961857955555265,0.6737353579175706,0.1535595878394615,CD93;MS4A7,0.9999684251134726,0,0
Severity_positive_FDR005,micrornas,165,mmu-miR-3094,0.8013550387683459,0.7923319861304358,0.1754628578066321,CD84;RBM47;CD93;FZD4;ITGB2;LY86;RRAS2;CD48;SLC15A3;ICAM1,0.9999684251134726,0,0
Severity_positive_FDR005,micrornas,166,hsa-miR-518c,0.8020523473388361,0.6648736616702355,0.1466587646100641,PRSS22;TMEM71,0.9999684251134726,0,0
Severity_positive_FDR005,micrornas,167,hsa-miR-518b,0.8020523473388361,0.6648736616702355,0.1466587646100641,PRSS22;TMEM71,0.9999684251134726,0,0
Severity_positive_FDR005,micrornas,168,hsa-miR-518a-3p,0.8020523473388361,0.6648736616702355,0.1466587646100641,PRSS22;TMEM71,0.9999684251134726,0,0
Severity_positive_FDR005,micrornas,169,hsa-miR-518f,0.8020523473388361,0.6648736616702355,0.1466587646100641,PRSS22;TMEM71,0.9999684251134726,0,0
Severity_positive_FDR005,micrornas,170,hsa-miR-518d-3p,0.8020523473388361,0.6648736616702355,0.1466587646100641,PRSS22;TMEM71,0.9999684251134726,0,0
Severity_positive_FDR005,micrornas,171,mmu-miR-344,0.8028317173278452,0.7384108557533924,0.1621625220868802,GPR65;LPXN;CLEC4E;CYTIP;C1QC,0.9999684251134726,0,0
Severity_positive_FDR005,micrornas,172,mmu-miR-344c,0.8028317173278452,0.7384108557533924,0.1621625220868802,GPR65;LPXN;CLEC4E;CYTIP;C1QC,0.9999684251134726,0,0
Severity_positive_FDR005,micrornas,173,mmu-miR-448-5p,0.8034074793776284,0.7905211515319819,0.173039742032237,C1QB;CD84;CLEC4D;PTPRC;RHBDD1;SERPINE1;LPXN;CD300LF;MPEG1;ATF3,0.9999684251134726,0,0
Severity_positive_FDR005,micrornas,174,mmu-miR-1967,0.8042790881603947,0.7735534742531374,0.1684868664835022,FCER1G;FZD4;GPX6;IRX4;CXCL13;CD300LF;ATF3;C1QC,0.9999684251134726,0,0
Severity_positive_FDR005,micrornas,175,mmu-miR-1194,0.8054445902109884,0.7887177727630635,0.1706476619543498,CSF1R;GLIPR1;GPR65;RHBDD1;GIPC2;CLCA2;LPXN;CD68;CYTIP;IL18R1,0.9999684251134726,0,0
Severity_positive_FDR005,micrornas,176,mmu-miR-1957,0.8056298686198812,0.7620901155933003,0.1647111936230949,CLEC4D;CD93;CLEC7A;RHBDD1;CLCA2;LCP1;CXCL2,0.9999684251134726,0,0
Severity_positive_FDR005,micrornas,177,mmu-miR-219-5p,0.8059771966575999,0.7496330256781485,0.1616957153494472,PTPRC;TMEM98;FZD4;PLEK;MPEG1;IL18R1,0.9999684251134726,0,0
Severity_positive_FDR005,micrornas,178,hsa-miR-4661-5p,0.8072074034841455,0.7483387425971159,0.1602751794287428,CD84;CD93;FZD4;CLEC7A;RHBDD1;BUB3,0.9999684251134726,0,0
Severity_positive_FDR005,micrornas,179,hsa-miR-3181,0.8077699558030141,0.6562367864693446,0.1400920964653268,TYROBP;ACP5,0.9999684251134726,0,0
Severity_positive_FDR005,micrornas,180,hsa-miR-1292,0.8084715701474522,0.7860265838716326,0.1671169267183699,PTPRC;LRG1;FZD4;RHBDD1;SERPINE1;PLEK;TIMP1;FOS;CLEC4E;SLC15A3,0.9999684251134726,0,0
Severity_positive_FDR005,micrornas,181,hsa-miR-1258,0.8097718934347445,0.7682953106195574,0.1621123726603813,MMP12;CSF1R;GLIPR1;ANXA3;MPEG1;ATF3;IL18R1;CTSS,0.9999684251134726,0,0
Severity_positive_FDR005,micrornas,182,mmu-miR-871-3p,0.809972176532446,0.7846871934986689,0.1653770491108337,CD84;FZD4;CLEC7A;PRKAR2A;SERPINE1;PLEK;CLCA1;OSMR;ATF3;ICAM1,0.9999684251134726,0,0
Severity_positive_FDR005,micrornas,183,mmu-miR-465c-3p,0.8124749307311582,0.7656908149793583,0.1590111797988838,CD84;FCER1G;CD93;FZD4;ANXA3;MS4A7;CXCL13;PDLIM4,0.9999684251134726,0,0
Severity_positive_FDR005,micrornas,184,mmu-miR-465b-3p,0.8124749307311582,0.7656908149793583,0.1590111797988838,CD84;FCER1G;CD93;FZD4;ANXA3;MS4A7;CXCL13;PDLIM4,0.9999684251134726,0,0
Severity_positive_FDR005,micrornas,185,mmu-miR-465a-3p,0.8124749307311582,0.7656908149793583,0.1590111797988838,CD84;FCER1G;CD93;FZD4;ANXA3;MS4A7;CXCL13;PDLIM4,0.9999684251134726,0,0
Severity_positive_FDR005,micrornas,186,hsa-miR-487b,0.813629755579085,0.5963631940643435,0.122999826584537,OSMR,0.9999684251134726,0,0
Severity_positive_FDR005,micrornas,187,mmu-miR-99a,0.813629755579085,0.5963631940643435,0.122999826584537,CXCL1,0.9999684251134726,0,0
Severity_positive_FDR005,micrornas,188,mmu-miR-99b,0.813629755579085,0.5963631940643435,0.122999826584537,CXCL1,0.9999684251134726,0,0
Severity_positive_FDR005,micrornas,189,hsa-miR-4783-5p,0.813629755579085,0.5963631940643435,0.122999826584537,PDLIM4,0.9999684251134726,0,0
Severity_positive_FDR005,micrornas,190,mmu-miR-100,0.813629755579085,0.5963631940643435,0.122999826584537,CXCL1,0.9999684251134726,0,0
Severity_positive_FDR005,micrornas,191,hsa-miR-3132,0.8159080178799919,0.7714566033443294,0.1569556645118874,C1QB;CD84;GLIPR1;GPR65;GPX6;IL2RG;OSMR;PDLIM4;MDFI,0.9999684251134726,0,0
Severity_positive_FDR005,micrornas,192,mmu-miR-376c,0.816375910403138,0.7789304277853896,0.1580296821629786,CD53;CH25H;RBM47;PTPRC;GPR65;PLEK;LCP1;BUB3;CYTIP;TMEM71,0.9999684251134726,0,0
Severity_positive_FDR005,micrornas,193,hsa-miR-3622a-5p,0.8188450049184628,0.7595057825110242,0.1517951767535124,CD84;RBM47;CD93;GPX6;PLEK;CXCL1;CLEC4E;PDLIM4,0.9999684251134726,0,0
Severity_positive_FDR005,micrornas,194,mmu-miR-1247,0.8196605511745895,0.6382551440329218,0.1269266005454712,RBM47;NCF4,0.9999684251134726,0,0
Severity_positive_FDR005,micrornas,195,hsa-miR-4640-3p,0.8219190603661831,0.7658050847457627,0.1501846048146138,BHMT;P2RY6;CD93;FZD4;CLCA2;NCKAP1L;CLEC4E;CD68;MPEG1,0.9999684251134726,0,0
Severity_positive_FDR005,micrornas,196,hsa-miR-3193,0.8223283342298804,0.6706018086891665,0.1311801284326007,CSN3;PCOLCE;IL2RG,0.9999684251134726,0,0
Severity_positive_FDR005,micrornas,197,hsa-miR-3186-3p,0.8230112974068993,0.5783914557148758,0.1126621828873963,ICAM1,0.9999684251134726,0,0
Severity_positive_FDR005,micrornas,198,mmu-miR-672,0.8233986660826641,0.764403959502524,0.1485349946052268,CH25H;IGSF6;FZD4;CLEC7A;RHBDD1;IRX4;IL2RG;CD300LF;MPEG1,0.9999684251134726,0,0
Severity_positive_FDR005,micrornas,199,hsa-miR-638,0.824380118226138,0.7300319071032535,0.140986351261534,CSF1R;CD93;GPX6;BUB3;CYTIP;ASF1B,0.9999684251134726,0,0
Severity_positive_FDR005,micrornas,200,hsa-miR-548ad,0.825519095733702,0.7288002820101054,0.1397422676157571,IGSF6;GPR65;GIPC2;FOS;PDLIM4;MPEG1,0.9999684251134726,0,0
Severity_positive_FDR005,micrornas,201,mmu-miR-5116,0.8255605985912707,0.7529081614229486,0.1443269305295383,GLIPR1;RBM47;TMEM98;FZD4;PLEK;RRAS2;LPXN;TMEM71,0.9999684251134726,0,0
Severity_positive_FDR005,micrornas,202,mmu-miR-5099,0.8275220672113952,0.6636439152706631,0.1256407373770493,PTPRC;RHBDD1;CYTIP,0.9999684251134726,0,0
Severity_positive_FDR005,micrornas,203,hsa-miR-1471,0.8275248170068678,0.5698005698005698,0.1078724682848972,PRSS22,0.9999684251134726,0,0
Severity_positive_FDR005,micrornas,204,mmu-miR-676,0.828358311885818,0.6250645161290322,0.1177055704858657,HTR2B;RRAS2,0.9999684251134726,0,0
Severity_positive_FDR005,micrornas,205,mmu-miR-3074-1-3p,0.8305965511072715,0.7479042867909824,0.1388193374294813,CH25H;CD84;GLIPR1;FZD4;GPR65;UBD;SERPINE1;TMEM71,0.9999684251134726,0,0
Severity_positive_FDR005,micrornas,206,mmu-miR-551b,0.8319241160040658,0.5614577961148358,0.1033161224317575,ICAM1,0.9999684251134726,0,0
Severity_positive_FDR005,micrornas,207,mmu-miR-718,0.8330064314800597,0.5594096151650109,0.1022119214240458,GIPC2,0.9999684251134726,0,0
Severity_positive_FDR005,micrornas,208,hsa-miR-28-3p,0.8340551127691168,0.744437750798983,0.1350825449040574,CD84;RHBDD1;P2RY14;PLEK;CD48;LCP1;FOS;PDLIM4,0.9999684251134726,0,0
Severity_positive_FDR005,micrornas,209,mmu-miR-202-3p,0.8389015787275351,0.7395363942678521,0.1299083586921544,CD93;CEBPD;FZD4;RHBDD1;GIPC2;C3AR1;OSMR;PLA1A,0.9999684251134726,0,0
Severity_positive_FDR005,micrornas,210,mmu-miR-744,0.8396026105989637,0.6473125788430348,0.1131674454530948,RBM47;MDFI;PSMB8,0.9999684251134726,0,0
Severity_positive_FDR005,micrornas,211,hsa-miR-4730,0.8430752441554491,0.6026147859922178,0.1028657819492948,IRX4;OSMR,0.9999684251134726,0,0
Severity_positive_FDR005,micrornas,212,mmu-miR-466h-3p,0.8484354071090692,0.5303645917980389,0.0871714260767713,GIPC2,0.9999684251134726,0,0
Severity_positive_FDR005,micrornas,213,hsa-miR-601,0.851154161030936,0.700366051549115,0.1128724034168874,BHMT;P2RY6;FZD4;PRKAR2A;PLA1A;C1QC,0.9999684251134726,0,0
Severity_positive_FDR005,micrornas,214,hsa-miR-1539,0.8535213506994805,0.6281787543222305,0.0994939171154732,CSN3;IL2RG;PDLIM4,0.9999684251134726,0,0
Severity_positive_FDR005,micrornas,215,hsa-miR-615-3p,0.8544623816431209,0.5850737240075614,0.0920220342313748,SERPINE1;PRSS22,0.9999684251134726,0,0
Severity_positive_FDR005,micrornas,216,mmu-miR-5123,0.854702527596736,0.6785103979609569,0.1065273480471247,CLEC7A;GPX6;IGFBP7;BUB3;MPEG1,0.9999684251134726,0,0
Severity_positive_FDR005,micrornas,217,hsa-miR-4473,0.8551510518300385,0.710405614500442,0.1111622507619144,CD84;GLIPR1;CD93;PRKAR2A;GIPC2;BUB3;ICAM1,0.9999684251134726,0,0
Severity_positive_FDR005,micrornas,218,mmu-miR-3077,0.8558864805963938,0.7219048280859892,0.1123410446250375,CD84;CLEC4D;PTPRC;CD93;CLEC7A;CLCA2;FOS;CD300LF,0.9999684251134726,0,0
Severity_positive_FDR005,micrornas,219,mmu-miR-681,0.8567906827741059,0.6759769683675826,0.1044801050168128,FZD4;CCL5;IRX4;OSMR;MPEG1,0.9999684251134726,0,0
Severity_positive_FDR005,micrornas,220,hsa-miR-3613-5p,0.8569938772006828,0.7083719135802469,0.1093191448246009,CD84;GLIPR1;GPR65;MS4A7;PLEK;RRAS2;ICAM1,0.9999684251134726,0,0
Severity_positive_FDR005,micrornas,221,mmu-miR-2183,0.8585151781061061,0.6919015726731713,0.1055502207712233,CD84;RHBDD1;FOS;CLEC4E;OSMR;IL18R1,0.9999684251134726,0,0
Severity_positive_FDR005,micrornas,222,hsa-miR-4746-5p,0.8623325769054487,0.5728296296296296,0.0848442382177789,PXMP2;MDFI,0.9999684251134726,0,0
Severity_positive_FDR005,micrornas,223,hsa-miR-4423-3p,0.8627957682516036,0.7252821124147388,0.1070351535121644,CD84;GLIPR1;RBM47;CD93;GPX6;IGFBP7;CXCL1;CLEC4E;PDLIM4,0.9999684251134726,0,0
Severity_positive_FDR005,micrornas,224,hsa-miR-4484,0.865607598851124,0.722325909521173,0.1042486700147669,P2RY6;RBM47;CLEC4D;CD93;FZD4;RHBDD1;OSMR;ATF3;CTSS,0.9999684251134726,0,0
Severity_positive_FDR005,micrornas,225,hsa-miR-502-3p,0.865607598851124,0.722325909521173,0.1042486700147669,CD84;CLEC4D;TMEM98;CLEC7A;GPR65;FOS;OSMR;IL18R1;CTSS,0.9999684251134726,0,0
Severity_positive_FDR005,micrornas,226,hsa-miR-501-3p,0.865607598851124,0.722325909521173,0.1042486700147669,CD84;CLEC4D;TMEM98;CLEC7A;GPR65;FOS;OSMR;IL18R1;CTSS,0.9999684251134726,0,0
Severity_positive_FDR005,micrornas,227,mmu-miR-496,0.8683222575004382,0.6803673094582185,0.0960626720914123,CD53;GLIPR1;CD93;FZD4;ATF3;ASF1B,0.9999684251134726,0,0
Severity_positive_FDR005,micrornas,228,hsa-miR-423-3p,0.8684824002131113,0.5631766848816029,0.0794123943764247,GPR65;CTSS,0.9999684251134726,0,0
Severity_positive_FDR005,micrornas,229,hsa-miR-103b,0.8685199949532185,0.6954107065452969,0.0980283415744117,CD84;GPR65;CLCA2;PRSS16;OSMR;MPEG1;CTSS,0.9999684251134726,0,0
Severity_positive_FDR005,micrornas,230,hsa-miR-551a,0.8702319494548604,0.4896099344048871,0.0680535748460397,GPX6,0.9999684251134726,0,0
Severity_positive_FDR005,micrornas,231,hsa-miR-551b,0.8702319494548604,0.4896099344048871,0.0680535748460397,GPX6,0.9999684251134726,0,0
Severity_positive_FDR005,micrornas,232,mmu-miR-434-5p,0.8710692787997742,0.4880453229509833,0.0673667338631306,TMEM98,0.9999684251134726,0,0
Severity_positive_FDR005,micrornas,233,mmu-miR-1949,0.8712016687960566,0.6581298810947724,0.0907441272759819,RBM47;P2RY14;GIPC2;CXCL1;OSMR,0.9999684251134726,0,0
Severity_positive_FDR005,micrornas,234,hsa-miR-1247,0.8715907213383163,0.6026622366152163,0.082827078256382,CD93;PDLIM4;TMEM71,0.9999684251134726,0,0
Severity_positive_FDR005,micrornas,235,mmu-miR-340-3p,0.8717899328974013,0.5579494584837545,0.0765544523593428,FZD4;PDLIM4,0.9999684251134726,0,0
Severity_positive_FDR005,micrornas,236,hsa-miR-645,0.872228743736346,0.7041356958487783,0.0962578624537573,RBM47;FZD4;CLEC7A;GPR65;CCL5;PLEK;ARHGDIB;C1QC,0.9999684251134726,0,0
Severity_positive_FDR005,micrornas,237,mmu-miR-490-5p,0.8722469921881998,0.7152365358233393,0.0977604231319963,CD53;CD84;RBM47;FZD4;GPR65;RHBDD1;ITGB2;IGFBP7;FOS,0.9999684251134726,0,0
Severity_positive_FDR005,micrornas,238,hsa-miR-323b-5p,0.8727484542285772,0.6905415590008613,0.0939881643232925,CD53;CD84;GLIPR1;CLEC4D;CD93;RHBDD1;MDFI,0.9999684251134726,0,0
Severity_positive_FDR005,micrornas,239,mmu-miR-361,0.8742120634633056,0.7019153084377101,0.0943600873645722,CD53;GLIPR1;CD93;FZD4;CLEC7A;LY86;OSMR;PDLIM4,0.9999684251134726,0,0
Severity_positive_FDR005,micrornas,240,mmu-miR-1306-3p,0.8743653286988686,0.4818840579710144,0.0646963052916063,RHBDD1,0.9999684251134726,0,0
Severity_positive_FDR005,micrornas,241,hsa-miR-191,0.8750214646451598,0.5528157423971377,0.0738046949776671,RHBDD1;IRX4,0.9999684251134726,0,0
Severity_positive_FDR005,micrornas,242,mmu-miR-719,0.8756587802042223,0.5518,0.0732673331454552,CD93;TMEM98,0.9999684251134726,0,0
Severity_positive_FDR005,micrornas,243,mmu-miR-3081,0.8775777619528379,0.4758739896776706,0.0621442462887312,TMEM98,0.9999684251134726,0,0
Severity_positive_FDR005,micrornas,244,mmu-miR-463,0.8786217734040788,0.6486584028539304,0.08393689408299,CD93;GPX6;IRX4;CLEC4E;IL18R1,0.9999684251134726,0,0
Severity_positive_FDR005,micrornas,245,hsa-miR-4305,0.879283773563182,0.6828804347826087,0.0878509266858582,CD84;FZD4;RHBDD1;GIPC2;IL7R;CYTIP;ATF3,0.9999684251134726,0,0
Severity_positive_FDR005,micrornas,246,mmu-miR-375,0.8796338007828435,0.6957656849147426,0.0892316663257984,RBM47;PTPRC;CD93;FZD4;CLCA2;LCP1;ATF3;IL18R1,0.9999684251134726,0,0
Severity_positive_FDR005,micrornas,247,hsa-miR-3131,0.8800374878664445,0.5447901234567901,0.0696191507645042,CD68;PDLIM4,0.9999684251134726,0,0
Severity_positive_FDR005,micrornas,248,hsa-miR-611,0.8800374878664445,0.5447901234567901,0.0696191507645042,CD68;PDLIM4,0.9999684251134726,0,0
Severity_positive_FDR005,micrornas,249,mmu-miR-3073-3p,0.8803926726819566,0.6948951856840854,0.0885207881873533,C1QB;CD84;GLIPR1;PLEK;C3AR1;IGFBP7;IL2RG;CYTIP,0.9999684251134726,0,0
Severity_positive_FDR005,micrornas,250,hsa-miR-4537,0.8806918695139057,0.6216056087686382,0.078973416860243,CLEC7A;CLEC4E;CD68;MPEG1,0.9999684251134726,0,0
Severity_positive_FDR005,micrornas,251,mmu-miR-323-5p,0.8811476646523646,0.6940266704972587,0.0878152340497601,CD84;BHMT;CD93;TMEM98;FZD4;CLEC7A;ASF1B;TMEM71,0.9999684251134726,0,0
Severity_positive_FDR005,micrornas,252,hsa-miR-187,0.8812623751546025,0.5428189806678383,0.0686122552262512,CD93;RHBDD1,0.9999684251134726,0,0
Severity_positive_FDR005,micrornas,253,hsa-miR-563,0.8817759198617685,0.6639816637841784,0.0835403897265702,CD53;PTPRC;FZD4;GPR65;RHBDD1;CXCL1,0.9999684251134726,0,0
Severity_positive_FDR005,micrornas,254,hsa-miR-3683,0.8822442203326845,0.4671304264677758,0.0585250742818683,PTPRC,0.9999684251134726,0,0
Severity_positive_FDR005,micrornas,255,mmu-miR-5111,0.8837601450284724,0.4642857142857143,0.0573715917887448,CD93,0.9999684251134726,0,0
Severity_positive_FDR005,micrornas,256,mmu-miR-1946a,0.8842746374000258,0.5379512195121952,0.0661613233810832,CD84;GIPC2,0.9999684251134726,0,0
Severity_positive_FDR005,micrornas,257,hsa-miR-4506,0.8878781246582579,0.6978540883987465,0.0829893611828908,CD84;CLEC4D;FZD4;ITGB2;PLEK;CXCL2;PDLIM4;MPEG1;PLA1A,0.9999684251134726,0,0
Severity_positive_FDR005,micrornas,258,mmu-miR-767,0.8888438573126297,0.6850253614959497,0.0807190712009703,CSF1R;CD84;FZD4;RHBDD1;LCP1;FOS;CXCL13;MPEG1,0.9999684251134726,0,0
Severity_positive_FDR005,micrornas,259,mmu-miR-208b,0.8944471979958479,0.6478215858644347,0.0722641140078705,PTPRC;CEBPD;FZD4;PLEK;LPXN;ASF1B,0.9999684251134726,0,0
Severity_positive_FDR005,micrornas,260,mmu-miR-208a-3p,0.8944471979958479,0.6478215858644347,0.0722641140078705,PTPRC;CEBPD;FZD4;PLEK;LPXN;ASF1B,0.9999684251134726,0,0
Severity_positive_FDR005,micrornas,261,hsa-miR-1973,0.8945472234211798,0.5211081081081081,0.0580710287446568,CLEC7A;PDLIM4,0.9999684251134726,0,0
Severity_positive_FDR005,micrornas,262,mmu-miR-3965,0.8948240741419642,0.6473283692005564,0.0719364010261305,CD84;CLEC4D;PTPRC;SERPINE1;LCP1;IL18R1,0.9999684251134726,0,0
Severity_positive_FDR005,micrornas,263,mmu-miR-3096-3p,0.8951998189457706,0.6468358496627048,0.0716101129709407,CD84;GLIPR1;IGFBP7;LCP1;CXCL2;MDFI,0.9999684251134726,0,0
Severity_positive_FDR005,micrornas,264,mmu-miR-1982.1,0.8952555616636322,0.6892526964560863,0.0762630936280905,GLIPR1;CD93;FZD4;SERPINE1;CXCL2;PDLIM4;MPEG1;IL18R1;C1QC,0.9999684251134726,0,0
Severity_positive_FDR005,micrornas,265,hsa-miR-3659,0.8968757721957319,0.6873244247107544,0.0748069600975738,CSF1R;CD84;GLIPR1;GPR65;MS4A7;PLEK;OSMR;MPEG1;ICAM1,0.9999684251134726,0,0
Severity_positive_FDR005,micrornas,266,mmu-miR-5135,0.8971968044489772,0.623887587822014,0.0676793492568066,GLIPR1;CLEC4D;PTPRC;PRKAR2A;RHBDD1,0.9999684251134726,0,0
Severity_positive_FDR005,micrornas,267,hsa-miR-3677-3p,0.8972478577989942,0.516609715242881,0.056012445660506,PRSS22;PDLIM4,0.9999684251134726,0,0
Severity_positive_FDR005,micrornas,268,mmu-miR-509-3p,0.8982668834013939,0.5967653834279336,0.0640257986415593,CD84;ALOX5AP;NCKAP1L;CYTIP,0.9999684251134726,0,0
Severity_positive_FDR005,micrornas,269,mmu-miR-3091-5p,0.8995316726609385,0.6206469483693119,0.0657147287283957,FZD4;SERPINE1;BUB3;CD300LF;MDFI,0.9999684251134726,0,0
Severity_positive_FDR005,micrornas,270,hsa-miR-1204,0.9001570807811279,0.5600086230549132,0.0589050651687266,CD93;CLEC7A;ICAM1,0.9999684251134726,0,0
Severity_positive_FDR005,micrornas,271,mmu-miR-188-5p,0.9007081966629868,0.6563758734073161,0.068639811143125,FCER1G;FZD4;RHBDD1;RRAS2;NCKAP1L;PDLIM4;TMEM71,0.9999684251134726,0,0
Severity_positive_FDR005,micrornas,272,mmu-miR-411,0.901442595109518,0.6179704493607088,0.0641199436054524,CD84;FZD4;TIMP1;MPEG1;PLA1A,0.9999684251134726,0,0
Severity_positive_FDR005,micrornas,273,hsa-miR-660,0.9023744721913892,0.6684559286269574,0.0686675947871901,CD93;FZD4;UBD;GIPC2;CLCA2;CYTIP;MPEG1;IL18R1,0.9999684251134726,0,0
Severity_positive_FDR005,micrornas,274,hsa-miR-3201,0.9030135160177456,0.6676465965924323,0.0681118087689271,BHMT;P2RY6;FZD4;SERPINE1;CLCA2;FOS;CYTIP;IL18R1,0.9999684251134726,0,0
Severity_positive_FDR005,micrornas,275,hsa-miR-4791,0.9030135160177456,0.6676465965924323,0.0681118087689271,BHMT;P2RY6;FZD4;SERPINE1;CLCA2;FOS;CYTIP;IL18R1,0.9999684251134726,0,0
Severity_positive_FDR005,micrornas,276,hsa-miR-517c,0.9043073278023542,0.4253663003663003,0.042785899785223,RBM47,0.9999684251134726,0,0
Severity_positive_FDR005,micrornas,277,hsa-miR-517a,0.9043073278023542,0.4253663003663003,0.042785899785223,RBM47,0.9999684251134726,0,0
Severity_positive_FDR005,micrornas,278,mmu-miR-184,0.9049712975126288,0.5035555555555555,0.0502810551359305,GPR65;ARHGDIB,0.9999684251134726,0,0
Severity_positive_FDR005,micrornas,279,mmu-miR-155,0.90635057720313,0.6489627821842587,0.0638119245079729,CSF1R;RBM47;PTPRC;CD93;FZD4;CLCA1;MPEG1,0.9999684251134726,0,0
Severity_positive_FDR005,micrornas,280,mmu-miR-3103,0.9069963167935724,0.6481007515742433,0.0632655796083315,RBM47;FZD4;ITGB2;BUB3;CXCL13;CYTIP;ASF1B,0.9999684251134726,0,0
Severity_positive_FDR005,micrornas,281,hsa-miR-151-3p,0.908594288624549,0.6459548400162008,0.0619190422002226,CD84;GLIPR1;PTPRC;TMEM98;OSMR;CYTIP;TMEM71,0.9999684251134726,0,0
Severity_positive_FDR005,micrornas,282,mmu-miR-3970,0.910536126869308,0.6049063324709767,0.0566928513602631,MMP12;FZD4;RHBDD1;OSMR;MPEG1,0.9999684251134726,0,0
Severity_positive_FDR005,micrornas,283,mmu-miR-466b-5p,0.911600752360342,0.6565000864918015,0.0607611551110834,CD53;CD84;RBM47;CD93;RHBDD1;IGFBP7;IL7R;MPEG1,0.9999684251134726,0,0
Severity_positive_FDR005,micrornas,284,mmu-miR-466c-5p,0.911600752360342,0.6565000864918015,0.0607611551110834,CD53;CD84;RBM47;CD93;RHBDD1;IGFBP7;IL7R;MPEG1,0.9999684251134726,0,0
Severity_positive_FDR005,micrornas,285,mmu-miR-466o-5p,0.911600752360342,0.6565000864918015,0.0607611551110834,CD53;CD84;RBM47;CD93;RHBDD1;IGFBP7;IL7R;MPEG1,0.9999684251134726,0,0
Severity_positive_FDR005,micrornas,286,hsa-miR-614,0.912619971859514,0.409318048206937,0.0374262929670807,FZD4,0.9999684251134726,0,0
Severity_positive_FDR005,micrornas,287,mmu-miR-669h-5p,0.9133555466475374,0.6541553986605442,0.0592861347986565,GLIPR1;FZD4;RHBDD1;MS4A7;PLEK;CLCA2;CYTIP;TMEM71,0.9999684251134726,0,0
Severity_positive_FDR005,micrornas,288,mmu-miR-293,0.9143058038181232,0.4060325792609257,0.0363765343000827,LGALS3,0.9999684251134726,0,0
Severity_positive_FDR005,micrornas,289,hsa-miR-3681,0.9147564968464308,0.6375,0.0567995751529269,CD84;RHBDD1;GIPC2;PRSS16;IGFBP7;CXCL13;MPEG1,0.9999684251134726,0,0
Severity_positive_FDR005,micrornas,290,mmu-miR-147,0.9159593611721616,0.4027984457671957,0.0353589690805589,MDFI,0.9999684251134726,0,0
Severity_positive_FDR005,micrornas,291,mmu-miR-365,0.916073710775216,0.618054155748169,0.0541776676197676,GLIPR1;RBM47;PRKAR2A;GPX6;GIPC2;LCP1,0.9999684251134726,0,0
Severity_positive_FDR005,micrornas,292,mmu-miR-151-5p,0.9166587634708244,0.4831648351648351,0.042045003325508,FCER1G;IRX4,0.9999684251134726,0,0
Severity_positive_FDR005,micrornas,293,mmu-miR-1198-3p,0.9169535873872734,0.5953189036885246,0.0516132092643938,FCER1G;RHBDD1;ALOX5AP;ARHGDIB;PDLIM4,0.9999684251134726,0,0
Severity_positive_FDR005,micrornas,294,hsa-miR-3937,0.9195487312077536,0.5642261408763672,0.0473229096445367,SERPINE1;IRX4;ATF3;TMEM71,0.9999684251134726,0,0
Severity_positive_FDR005,micrornas,295,hsa-miR-1225-5p,0.9199975989212889,0.630062351543943,0.0525372569854745,CD84;RHBDD1;GPX6;RRAS2;NCKAP1L;OSMR;ATF3,0.9999684251134726,0,0
Severity_positive_FDR005,micrornas,296,mmu-miR-3068,0.920893898310722,0.6437896073810045,0.0530549925796422,CH25H;IGSF6;CD93;PRKAR2A;RHBDD1;IRX4;PLEK;MPEG1,0.9999684251134726,0,0
Severity_positive_FDR005,micrornas,297,hsa-miR-4757-3p,0.922262933962425,0.3903519320185987,0.0315891981863898,P2RY14,0.9999684251134726,0,0
Severity_positive_FDR005,micrornas,298,hsa-miR-139-3p,0.9225544231500888,0.5234128150488647,0.0421917362514312,CD84;CCL5;IL2RG,0.9999684251134726,0,0
Severity_positive_FDR005,micrornas,299,mmu-miR-344f-3p,0.92296254145761,0.6078101654546557,0.0487260918980707,GLIPR1;FZD4;TNNT2;RRAS2;OSMR;MPEG1,0.9999684251134726,0,0
Severity_positive_FDR005,micrornas,300,hsa-miR-585,0.9230139499942464,0.471680981595092,0.0377868024952257,FZD4;CTSS,0.9999684251134726,0,0
Severity_positive_FDR005,micrornas,301,hsa-miR-3197,0.9239911212920692,0.5209293394777266,0.0411809314195865,FZD4;CLEC7A;RHBDD1,0.9999684251134726,0,0
Severity_positive_FDR005,micrornas,302,mmu-miR-378b,0.9249613137502743,0.6227820211515863,0.0485790935087424,BHMT;PRKAR2A;RHBDD1;MS4A7;CLEC4E;ATF3;C1QC,0.9999684251134726,0,0
Severity_positive_FDR005,micrornas,303,hsa-miR-4694-5p,0.925859356308807,0.6366719501288397,0.0490447114382025,C1QB;RBM47;FCER1G;CSN3;MPEG1;IL18R1;TMEM71;ICAM1,0.9999684251134726,0,0
Severity_positive_FDR005,micrornas,304,mmu-miR-490-3p,0.9286109620722616,0.6326159589032051,0.0468549531066784,CD84;GLIPR1;CD93;FZD4;GPR65;PRKAR2A;RHBDD1;IRX4,0.9999684251134726,0,0
Severity_positive_FDR005,micrornas,305,mmu-miR-3092,0.9286372260464798,0.617225135975136,0.0456975688945157,CD84;CD93;TMEM98;FZD4;LCP1;CLEC4E;PLA1A,0.9999684251134726,0,0
Severity_positive_FDR005,micrornas,306,hsa-miR-4281,0.9288567284924298,0.6322495490342734,0.0466605056217263,C4B;GPR65;RHBDD1;SERPINE1;NCF4;ACP5;IL18R1;ICAM1,0.9999684251134726,0,0
Severity_positive_FDR005,micrornas,307,mmu-miR-196b,0.9288824078256028,0.5765048036888353,0.0425305623783614,CD84;RBM47;CD93;IL2RG;OSMR,0.9999684251134726,0,0
Severity_positive_FDR005,micrornas,308,mmu-miR-196a,0.9288824078256028,0.5765048036888353,0.0425305623783614,CD84;RBM47;CD93;IL2RG;OSMR,0.9999684251134726,0,0
Severity_positive_FDR005,micrornas,309,mmu-miR-409-5p,0.9295507650602324,0.5476200902044928,0.0400057602324984,CD53;CD84;PTPRC;PRSS22,0.9999684251134726,0,0
Severity_positive_FDR005,micrornas,310,hsa-miR-219-1-3p,0.9295896953907496,0.6311526178688935,0.0460817010117765,CSF1R;CD84;FZD4;RHBDD1;P2RY14;MS4A7;CLEC4E;ATF3,0.9999684251134726,0,0
Severity_positive_FDR005,micrornas,311,mmu-miR-3964,0.9304210816641312,0.5961786337099098,0.0429952222264555,CD84;RBM47;CD93;FZD4;RRAS2;C1QC,0.9999684251134726,0,0
Severity_positive_FDR005,micrornas,312,hsa-miR-3923,0.9319626537319105,0.5713977566867989,0.040262135116579,CSF1R;CD84;UBD;RHBDD1;PLEK,0.9999684251134726,0,0
Severity_positive_FDR005,micrornas,313,hsa-miR-4440,0.9321857170621696,0.3702942407978379,0.0260032527933799,PRSS22,0.9999684251134726,0,0
Severity_positive_FDR005,micrornas,314,mmu-miR-3079-5p,0.9325098927379092,0.5704782651503963,0.0398624646765992,CD84;SERPINE1;ALOX5AP;CLEC4E;CYTIP,0.9999684251134726,0,0
Severity_positive_FDR005,micrornas,315,mmu-miR-5118,0.9333234740188692,0.5691041935285811,0.0392701442798486,CH25H;CD84;FZD4;IGFBP7;IL2RG,0.9999684251134726,0,0
Severity_positive_FDR005,micrornas,316,mmu-miR-878-5p,0.9334042520723947,0.5409281422006766,0.0372790852795398,CLEC7A;RRAS2;LCP1;CTSS,0.9999684251134726,0,0
Severity_positive_FDR005,micrornas,317,mmu-miR-324-5p,0.9338600627465904,0.609057762425638,0.0416770173448371,CD93;CLEC7A;UBD;CCL5;LCP1;CD300LF;ICAM1,0.9999684251134726,0,0
Severity_positive_FDR005,micrornas,318,hsa-miR-521,0.9343565946954648,0.3658128338223125,0.0248376380884329,FZD4,0.9999684251134726,0,0
Severity_positive_FDR005,micrornas,319,hsa-miR-3144-3p,0.9345378123025102,0.5894780847027045,0.0399095469475454,CD84;PTPRC;FZD4;GPR65;ITGB2;MPEG1,0.9999684251134726,0,0
Severity_positive_FDR005,micrornas,320,hsa-miR-3162-3p,0.9345785131009532,0.6079070881226054,0.0411307744052961,RBM47;CD93;FZD4;CLEC7A;RHBDD1;SERPINE1;GIPC2,0.9999684251134726,0,0
Severity_positive_FDR005,micrornas,321,mmu-miR-5131,0.9352055117411212,0.3640498652291105,0.0243873273904945,PRSS22,0.9999684251134726,0,0
Severity_positive_FDR005,micrornas,322,mmu-miR-878-3p,0.9356757584843152,0.6217880654066681,0.0413403719319964,CD53;CD84;GLIPR1;CD93;FZD4;PRKAR2A;PLEK;FOS,0.9999684251134726,0,0
Severity_positive_FDR005,micrornas,323,mmu-miR-698,0.9362330154244274,0.5641183348354566,0.0371702565436342,CD53;PTPRC;UBD;RHBDD1;SERPINE1,0.9999684251134726,0,0
Severity_positive_FDR005,micrornas,324,mmu-miR-362-5p,0.9364614190663424,0.6048579328756675,0.0397070814318764,CD84;RBM47;CD93;GPR65;ITGB2;LCP1;ASF1B,0.9999684251134726,0,0
Severity_positive_FDR005,micrornas,325,hsa-miR-4442,0.9368708039229576,0.3605733570686841,0.0235129485679762,P2RY6,0.9999684251134726,0,0
Severity_positive_FDR005,micrornas,326,hsa-miR-3687,0.9368708039229576,0.3605733570686841,0.0235129485679762,P2RY6,0.9999684251134726,0,0
Severity_positive_FDR005,micrornas,327,hsa-miR-383,0.9370141615713412,0.6196625693979392,0.0403133153518852,BHMT;TMEM98;GPX6;ARHGDIB;PRSS16;FOS;CD300LF;ICAM1,0.9999684251134726,0,0
Severity_positive_FDR005,micrornas,328,hsa-miR-574-3p,0.9376874548342846,0.358859357696567,0.0230885048320317,OSMR,0.9999684251134726,0,0
Severity_positive_FDR005,micrornas,329,hsa-miR-4764-3p,0.9385452291454872,0.6171993387518943,0.039145393496292,CD84;P2RY6;GPR65;ALOX5AP;LPXN;LILRB4;IL18R1;CTSS,0.9999684251134726,0,0
Severity_positive_FDR005,micrornas,330,mmu-let-7c,0.9391915004923984,0.6161490683229813,0.0386546538155728,CEBPD;FZD4;GIPC2;C3AR1;OSMR;PRSS22;MDFI;PLA1A,0.9999684251134726,0,0
Severity_positive_FDR005,micrornas,331,mmu-let-7b,0.9391915004923984,0.6161490683229813,0.0386546538155728,CEBPD;FZD4;GIPC2;C3AR1;OSMR;PRSS22;MDFI;PLA1A,0.9999684251134726,0,0
Severity_positive_FDR005,micrornas,332,mmu-let-7a,0.9391915004923984,0.6161490683229813,0.0386546538155728,CEBPD;FZD4;GIPC2;C3AR1;OSMR;PRSS22;MDFI;PLA1A,0.9999684251134726,0,0
Severity_positive_FDR005,micrornas,333,mmu-let-7g,0.9391915004923984,0.6161490683229813,0.0386546538155728,CEBPD;FZD4;GIPC2;C3AR1;OSMR;PRSS22;MDFI;PLA1A,0.9999684251134726,0,0
Severity_positive_FDR005,micrornas,334,mmu-miR-98,0.9391915004923984,0.6161490683229813,0.0386546538155728,CEBPD;FZD4;GIPC2;C3AR1;OSMR;PRSS22;MDFI;PLA1A,0.9999684251134726,0,0
Severity_positive_FDR005,micrornas,335,mmu-miR-1961,0.9391915004923984,0.6161490683229813,0.0386546538155728,CEBPD;FZD4;GIPC2;C3AR1;OSMR;PRSS22;MDFI;PLA1A,0.9999684251134726,0,0
Severity_positive_FDR005,micrornas,336,mmu-let-7f,0.9391915004923984,0.6161490683229813,0.0386546538155728,CEBPD;FZD4;GIPC2;C3AR1;OSMR;PRSS22;MDFI;PLA1A,0.9999684251134726,0,0
Severity_positive_FDR005,micrornas,337,mmu-let-7d,0.9391915004923984,0.6161490683229813,0.0386546538155728,CEBPD;FZD4;GIPC2;C3AR1;OSMR;PRSS22;MDFI;PLA1A,0.9999684251134726,0,0
Severity_positive_FDR005,micrornas,338,mmu-let-7i,0.9391915004923984,0.6161490683229813,0.0386546538155728,CEBPD;FZD4;GIPC2;C3AR1;OSMR;PRSS22;MDFI;PLA1A,0.9999684251134726,0,0
Severity_positive_FDR005,micrornas,339,mmu-let-7e,0.9391915004923984,0.6161490683229813,0.0386546538155728,CEBPD;FZD4;GIPC2;C3AR1;OSMR;PRSS22;MDFI;PLA1A,0.9999684251134726,0,0
Severity_positive_FDR005,micrornas,340,mmu-miR-499,0.939405615415281,0.6157996941107732,0.0384923627851995,PTPRC;FZD4;PLEK;ACP5;LPXN;BUB3;PSMB8;ASF1B,0.9999684251134726,0,0
Severity_positive_FDR005,micrornas,341,mmu-miR-667,0.9398653411089606,0.5992153526186424,0.0371625380860721,PTPRC;FZD4;PXMP2;CXCL1;CXCL13;PDLIM4;ATF3,0.9999684251134726,0,0
Severity_positive_FDR005,micrornas,342,mmu-miR-3099,0.9403135821133284,0.5796839872074981,0.0356748315713785,CD53;CSF1R;CD93;PLEK;PDLIM4;ATF3,0.9999684251134726,0,0
Severity_positive_FDR005,micrornas,343,hsa-miR-1203,0.9404357253066588,0.43824,0.0269131832921275,CD53;SERPINE1,0.9999684251134726,0,0
Severity_positive_FDR005,micrornas,344,mmu-miR-467b,0.9418305379650586,0.5958756583897667,0.0357107785065753,CD84;CD93;FZD4;RHBDD1;CD68;PDLIM4;MPEG1,0.9999684251134726,0,0
Severity_positive_FDR005,micrornas,345,hsa-miR-4520a-5p,0.9423319416829734,0.4343796033994334,0.0258011436224327,MDFI;IL18R1,0.9999684251134726,0,0
Severity_positive_FDR005,micrornas,346,hsa-miR-4520b-5p,0.9423319416829734,0.4343796033994334,0.0258011436224327,MDFI;IL18R1,0.9999684251134726,0,0
Severity_positive_FDR005,micrornas,347,hsa-miR-658,0.942857686394827,0.5236555980017632,0.0308118553496739,C4B;CLEC7A;LCP1;OSMR,0.9999684251134726,0,0
Severity_positive_FDR005,micrornas,348,hsa-miR-142-3p,0.9430298485983456,0.5748986582031864,0.0337220283830446,CD84;RBM47;MS4A7;PRSS16;IL7R;OSMR,0.9999684251134726,0,0
Severity_positive_FDR005,micrornas,349,mmu-miR-1900,0.9431178564390944,0.3472937222937223,0.0203389178322028,LGALS3,0.9999684251134726,0,0
Severity_positive_FDR005,micrornas,350,hsa-miR-4664-3p,0.9438542912807556,0.3457007616200441,0.0199757920795245,CD53,0.9999684251134726,0,0
Severity_positive_FDR005,micrornas,351,mmu-miR-3076-3p,0.9439107499122018,0.5733196811233818,0.0330941114285012,PTPRC;CD93;FZD4;NCF4;GIPC2;RRAS2,0.9999684251134726,0,0
Severity_positive_FDR005,micrornas,352,hsa-miR-4800-5p,0.944346678108784,0.5725331830703732,0.0327843587701502,CSF1R;CD84;CD93;ANXA3;PRKAR2A;ARHGDIB,0.9999684251134726,0,0
Severity_positive_FDR005,micrornas,353,hsa-miR-4787-5p,0.9447180459544696,0.4824433189435398,0.0274359533558255,CD84;FZD4;SERPINE1,0.9999684251134726,0,0
Severity_positive_FDR005,micrornas,354,mmu-miR-3096b-3p,0.944945246760788,0.6064997859960929,0.0343450476480819,CD84;GLIPR1;PTPRC;FZD4;MS4A7;GIPC2;RRAS2;IL2RG,0.9999684251134726,0,0
Severity_positive_FDR005,micrornas,355,hsa-miR-3605-3p,0.9450698778059986,0.4287104895104895,0.0242206033525756,CLEC4E;ICAM1,0.9999684251134726,0,0
Severity_positive_FDR005,micrornas,356,hsa-miR-509-3p,0.9452114809072782,0.5479297796427344,0.0308739731111942,CD84;PXMP2;LPXN;LCP1;MPEG1,0.9999684251134726,0,0
Severity_positive_FDR005,micrornas,357,mmu-miR-3061-5p,0.9453900208593026,0.5896590273896032,0.0331139042842704,TYROBP;RHBDD1;IGFBP7;LCP1;PDLIM4;ATF3;MDFI,0.9999684251134726,0,0
Severity_positive_FDR005,micrornas,358,mmu-miR-493,0.9461147140131322,0.6044674279968397,0.033482330404306,MMP12;CSF1R;BHMT;CD93;RHBDD1;LPXN;NCKAP1L;ICAM1,0.9999684251134726,0,0
Severity_positive_FDR005,micrornas,359,hsa-miR-4327,0.9466912932824824,0.6034558401673923,0.0330586522875578,CD84;P2RY6;CLEC4D;CD93;MS4A7;LCP1;ATF3;ICAM1,0.9999684251134726,0,0
Severity_positive_FDR005,micrornas,360,hsa-miR-4740-3p,0.947232476479174,0.515171558495246,0.02792782554864,CH25H;LRG1;CCL5;PDLIM4,0.9999684251134726,0,0
Severity_positive_FDR005,micrornas,361,hsa-miR-3944-3p,0.9473969442925524,0.3379455583402951,0.0182616026142277,TYROBP,0.9999684251134726,0,0
Severity_positive_FDR005,micrornas,362,mmu-miR-3104-5p,0.9475218770286108,0.5666971609321942,0.0305479538796842,CD93;TNNT2;IRX4;PDLIM4;MPEG1;MDFI,0.9999684251134726,0,0
Severity_positive_FDR005,micrornas,363,mmu-miR-669c,0.9476993672271702,0.5142448378798509,0.0276241785915253,CD84;CD93;FZD4;IL18R1,0.9999684251134726,0,0
Severity_positive_FDR005,micrornas,364,hsa-miR-4743,0.948081898935456,0.4755968747904232,0.025356156873704,CD93;TNNT2;PRSS22,0.9999684251134726,0,0
Severity_positive_FDR005,micrornas,365,hsa-miR-371b-3p,0.948757190336664,0.5835594315245478,0.0306966100406292,CD93;GIPC2;C3AR1;CD68;PDLIM4;MDFI;ICAM1,0.9999684251134726,0,0
Severity_positive_FDR005,micrornas,366,mmu-miR-1897-3p,0.9488502665142244,0.5119416990294587,0.0268791267775741,TMEM98;FZD4;PLEK;CD300LF,0.9999684251134726,0,0
Severity_positive_FDR005,micrornas,367,mmu-miR-695,0.9488502665142244,0.5119416990294587,0.0268791267775741,UBD;CXCL13;ATF3;ASF1B,0.9999684251134726,0,0
Severity_positive_FDR005,micrornas,368,hsa-miR-4737,0.9494151249782758,0.3334535834535834,0.0173092893806595,ICAM1,0.9999684251134726,0,0
Severity_positive_FDR005,micrornas,369,hsa-miR-3186-5p,0.9494151249782758,0.3334535834535834,0.0173092893806595,SERPINE1,0.9999684251134726,0,0
Severity_positive_FDR005,micrornas,370,hsa-miR-525-3p,0.9497439373263528,0.3327162398436696,0.0171558043471701,GPR65,0.9999684251134726,0,0
Severity_positive_FDR005,micrornas,371,hsa-miR-524-3p,0.9497439373263528,0.3327162398436696,0.0171558043471701,GPR65,0.9999684251134726,0,0
Severity_positive_FDR005,micrornas,372,mmu-miR-3072,0.949747354482567,0.5624865253323751,0.0290013959845961,CCRL2;CLCA1;LCP1;PDLIM4;IL18R1;ASF1B,0.9999684251134726,0,0
Severity_positive_FDR005,micrornas,373,hsa-miR-4638-5p,0.9499781576433584,0.5096578818137175,0.0261537499342764,CD84;CCL5;ITGB2;CTSS,0.9999684251134726,0,0
Severity_positive_FDR005,micrornas,374,mmu-miR-192,0.9499988056442478,0.5387083600723411,0.0276328037757336,CD93;FZD4;PXMP2;ARHGDIB;MPEG1,0.9999684251134726,0,0
Severity_positive_FDR005,micrornas,375,mmu-miR-215,0.9499988056442478,0.5387083600723411,0.0276328037757336,CD93;FZD4;PXMP2;ARHGDIB;MPEG1,0.9999684251134726,0,0
Severity_positive_FDR005,micrornas,376,mmu-miR-5108,0.9501428672295064,0.5617271291758096,0.0287283651445537,C4B;CH25H;CD93;CCL5;CD48;CYTIP,0.9999684251134726,0,0
Severity_positive_FDR005,micrornas,377,mmu-miR-669g,0.9502072244389906,0.5382960613763029,0.0274935720964127,TNNT2;PRKAR2A;ACP5;LCP1;TMEM71,0.9999684251134726,0,0
Severity_positive_FDR005,micrornas,378,hsa-miR-1307,0.9502991256048888,0.470964419786718,0.024009047848478,CD84;CCL5;ITGB2,0.9999684251134726,0,0
Severity_positive_FDR005,micrornas,379,mmu-miR-872,0.9517359026340076,0.5060433604336043,0.0250327990542531,CD84;PTPRC;FZD4;IGFBP7,0.9999684251134726,0,0
Severity_positive_FDR005,micrornas,380,hsa-miR-3960,0.9519869974124382,0.3276426882809861,0.0161212988773047,PDLIM4,0.9999684251134726,0,0
Severity_positive_FDR005,micrornas,381,hsa-miR-591,0.9521220935771754,0.5772249634502924,0.0283198128066148,RBM47;CD93;FZD4;MS4A7;PRSS16;RRAS2;MPEG1,0.9999684251134726,0,0
Severity_positive_FDR005,micrornas,382,hsa-miR-4449,0.9528238171550638,0.4119515477792732,0.0199076674002368,ACP5;ICAM1,0.9999684251134726,0,0
Severity_positive_FDR005,micrornas,383,mmu-miR-376b,0.9528428197773472,0.5758342450765864,0.0278158580274265,GLIPR1;PTPRC;FZD4;CD48;IL18R1;ASF1B;TMEM71,0.9999684251134726,0,0
Severity_positive_FDR005,micrornas,384,mmu-miR-1951,0.9534373288316804,0.5024767135088569,0.023958885421591,CLCA2;IGFBP7;CXCL2;ATF3,0.9999684251134726,0,0
Severity_positive_FDR005,micrornas,385,mmu-miR-331-5p,0.9536461248068652,0.502034201483454,0.0238278558742859,CD84;CLEC4D;CXCL1;FOS,0.9999684251134726,0,0
Severity_positive_FDR005,micrornas,386,hsa-miR-3935,0.9537644919952448,0.5546057532011492,0.0262542054164534,CD84;BHMT;RHBDD1;RRAS2;IGFBP7;BUB3,0.9999684251134726,0,0
Severity_positive_FDR005,micrornas,387,mmu-miR-216b,0.9539059386117962,0.5737595419847328,0.0270758328384551,CD84;SERPINE1;PXMP2;PLEK;CXCL1;CD68;OSMR,0.9999684251134726,0,0
Severity_positive_FDR005,micrornas,388,hsa-miR-154,0.9540810492882428,0.5734150772025431,0.0269543240276904,GLIPR1;GIPC2;PLEK;HTR2B;CXCL13;CYTIP;CTSS,0.9999684251134726,0,0
Severity_positive_FDR005,micrornas,389,mmu-miR-467h,0.9547756203803056,0.5720409642921878,0.0264734372157197,CD84;CD93;FZD4;RHBDD1;CD68;PDLIM4;MPEG1,0.9999684251134726,0,0
Severity_positive_FDR005,micrornas,390,mmu-miR-467e,0.9547756203803056,0.5720409642921878,0.0264734372157197,CD84;CD93;FZD4;RHBDD1;CD68;PDLIM4;MPEG1,0.9999684251134726,0,0
Severity_positive_FDR005,micrornas,391,hsa-miR-1180,0.9550200900086409,0.320651455026455,0.0147573105114935,CD53,0.9999684251134726,0,0
Severity_positive_FDR005,micrornas,392,hsa-miR-3940-3p,0.9555765505839804,0.405708222811671,0.0184355450544031,ARHGDIB;CLEC4E,0.9999684251134726,0,0
Severity_positive_FDR005,micrornas,393,hsa-miR-4655-5p,0.9556034943550302,0.3192880194954883,0.0144995735777789,ATF3,0.9999684251134726,0,0
Severity_positive_FDR005,micrornas,394,mmu-miR-153,0.9556307430278628,0.5703317064352856,0.0258837588495593,RBM47;FZD4;RHBDD1;SERPINE1;PDLIM4;ATF3;PLA1A,0.9999684251134726,0,0
Severity_positive_FDR005,micrornas,395,hsa-miR-720,0.9566501228554968,0.457086118376441,0.0202569379240776,CCL5;PXMP2;ASF1B,0.9999684251134726,0,0
Severity_positive_FDR005,micrornas,396,hsa-miR-3621,0.95674787329097,0.3165948135083937,0.0139983592020364,PRSS22,0.9999684251134726,0,0
Severity_positive_FDR005,micrornas,397,hsa-miR-4304,0.95674787329097,0.3165948135083937,0.0139983592020364,OSMR,0.9999684251134726,0,0
Severity_positive_FDR005,micrornas,398,mmu-miR-380-3p,0.956845428934578,0.5246186247723132,0.0231427200761616,CD84;RBM47;GIPC2;PLEK;TMEM71,0.9999684251134726,0,0
Severity_positive_FDR005,micrornas,399,mmu-miR-598,0.9573090383356906,0.3152647671090294,0.0137546914382968,PLEK,0.9999684251134726,0,0
Severity_positive_FDR005,micrornas,400,hsa-miR-379,0.9585075853357786,0.5447666709866512,0.023086014539325,GLIPR1;BHMT;FZD4;CCL5;CLEC4E;IL7R,0.9999684251134726,0,0
Severity_positive_FDR005,micrornas,401,hsa-miR-3529,0.9585075853357786,0.5447666709866512,0.023086014539325,GLIPR1;BHMT;FZD4;CCL5;CLEC4E;IL7R,0.9999684251134726,0,0
Severity_positive_FDR005,micrornas,402,mmu-miR-3963,0.9587298266372076,0.4523162505195179,0.019063306147528,CD84;GIPC2;CXCL2,0.9999684251134726,0,0
Severity_positive_FDR005,micrornas,403,mmu-miR-1947,0.9589495543334778,0.3113392455497719,0.0130503473305269,CSF1R,0.9999684251134726,0,0
Severity_positive_FDR005,micrornas,404,hsa-miR-339-3p,0.9594823702451734,0.3100518433179723,0.0128241589652458,IRX4,0.9999684251134726,0,0
Severity_positive_FDR005,micrornas,405,mmu-miR-3070a,0.9601505753537792,0.5412034009156311,0.0220081215339658,CD84;RBM47;CD93;FZD4;RHBDD1;OSMR,0.9999684251134726,0,0
Severity_positive_FDR005,micrornas,406,mmu-miR-3070b-3p,0.9601505753537792,0.5412034009156311,0.0220081215339658,CD84;RBM47;CD93;FZD4;RHBDD1;OSMR,0.9999684251134726,0,0
Severity_positive_FDR005,micrornas,407,mmu-miR-202-5p,0.9606195532296212,0.5599377777777778,0.0224965275585811,CD53;CD93;RHBDD1;PLEK;LPXN;MPEG1;TMEM71,0.9999684251134726,0,0
Severity_positive_FDR005,micrornas,408,hsa-miR-4732-5p,0.9609499763767992,0.5394377398941872,0.0214873830811715,CD84;RHBDD1;LY86;LPXN;OSMR;ASF1B,0.9999684251134726,0,0
Severity_positive_FDR005,micrornas,409,hsa-miR-4777-3p,0.961265683173922,0.5387344270383619,0.0212824034111368,CD84;RBM47;CLEC7A;PLEK;CLCA2;LCP1,0.9999684251134726,0,0
Severity_positive_FDR005,micrornas,410,hsa-miR-3146,0.9614226750304504,0.5383834000670624,0.0211806158394622,GPR65;CCRL2;MS4A7;RRAS2;LCP1;OSMR,0.9999684251134726,0,0
Severity_positive_FDR005,micrornas,411,hsa-miR-1282,0.961796376180742,0.3043847241867043,0.0118565514152,CCRL2,0.9999684251134726,0,0
Severity_positive_FDR005,micrornas,412,mmu-miR-669o-5p,0.9618645462475957,0.5134528897766966,0.0199638917248766,CD84;GLIPR1;CD93;FZD4;PLA1A,0.9999684251134726,0,0
Severity_positive_FDR005,micrornas,413,hsa-miR-3180-3p,0.962027775754674,0.5130757220921155,0.0198621646794741,CLEC7A;ALOX5AP;CLEC4E;PRSS22;MDFI,0.9999684251134726,0,0
Severity_positive_FDR005,micrornas,414,mmu-miR-1b-3p,0.962027775754674,0.5130757220921155,0.0198621646794741,CD93;FZD4;SERPINE1;GIPC2;SLC15A3,0.9999684251134726,0,0
Severity_positive_FDR005,micrornas,415,hsa-miR-3180,0.962027775754674,0.5130757220921155,0.0198621646794741,CLEC7A;ALOX5AP;CLEC4E;PRSS22;MDFI,0.9999684251134726,0,0
Severity_positive_FDR005,micrornas,416,hsa-miR-3196,0.962027775754674,0.5130757220921155,0.0198621646794741,CLEC7A;ALOX5AP;CLEC4E;PRSS22;MDFI,0.9999684251134726,0,0
Severity_positive_FDR005,micrornas,417,hsa-miR-548al,0.9622925183446068,0.3031526877680723,0.0116522196578621,GLIPR1,0.9999684251134726,0,0
Severity_positive_FDR005,micrornas,418,mmu-miR-139-3p,0.9624123630921092,0.556006006006006,0.021301851277677,CD93;SERPINE1;PLEK;CXCL13;SLC15A3;OSMR;MPEG1,0.9999684251134726,0,0
Severity_positive_FDR005,micrornas,419,hsa-miR-1537,0.9627822668417784,0.301930333364518,0.0114516111363286,SLC15A3,0.9999684251134726,0,0
Severity_positive_FDR005,micrornas,420,mmu-miR-666-5p,0.9627822668417784,0.301930333364518,0.0114516111363286,TNNT2,0.9999684251134726,0,0
Severity_positive_FDR005,micrornas,421,mmu-miR-503,0.9628100695351756,0.5352429065404517,0.0202852322179549,TMEM98;PRKAR2A;BUB3;PDLIM4;IL18R1;ASF1B,0.9999684251134726,0,0
Severity_positive_FDR005,micrornas,422,hsa-miR-3178,0.962948861708166,0.3880254129606099,0.0146498884855254,CEBPD;SERPINE1,0.9999684251134726,0,0
Severity_positive_FDR005,micrornas,423,hsa-miR-4746-3p,0.962948861708166,0.3880254129606099,0.0146498884855254,RBM47;CLEC7A,0.9999684251134726,0,0
Severity_positive_FDR005,micrornas,424,hsa-miR-3115,0.962993911724894,0.5108234483984184,0.0192622273423568,CEBPD;FZD4;GPR65;LCP1;SLC15A3,0.9999684251134726,0,0
Severity_positive_FDR005,micrornas,425,mmu-miR-3093-5p,0.962993911724894,0.5108234483984184,0.0192622273423568,TMEM98;SERPINE1;CLCA1;OSMR;MPEG1,0.9999684251134726,0,0
Severity_positive_FDR005,micrornas,426,hsa-miR-3917,0.9637429088812596,0.2995142176428726,0.0110612733033249,PDLIM4,0.9999684251134726,0,0
Severity_positive_FDR005,micrornas,427,mmu-miR-18b,0.963857930360557,0.5328233983939981,0.0196139594638269,GLIPR1;CD93;RHBDD1;SERPINE1;CXCL13;OSMR,0.9999684251134726,0,0
Severity_positive_FDR005,micrornas,428,mmu-miR-18a,0.963857930360557,0.5328233983939981,0.0196139594638269,GLIPR1;CD93;RHBDD1;SERPINE1;CXCL13;OSMR,0.9999684251134726,0,0
Severity_positive_FDR005,micrornas,429,mmu-miR-1933-5p,0.966153787498622,0.527367565370546,0.0181584556136574,CD84;RBM47;FZD4;GPR65;GIPC2;PDLIM4,0.9999684251134726,0,0
Severity_positive_FDR005,micrornas,430,hsa-miR-517b,0.966259667061554,0.2930600993578093,0.0100586063727231,OSMR,0.9999684251134726,0,0
Severity_positive_FDR005,micrornas,431,hsa-miR-1268,0.9666589177306146,0.4328391389672513,0.0146773881503198,FZD4;RHBDD1;CTSS,0.9999684251134726,0,0
Severity_positive_FDR005,micrornas,432,hsa-miR-1268b,0.9666589177306146,0.4328391389672513,0.0146773881503198,FZD4;RHBDD1;CTSS,0.9999684251134726,0,0
Severity_positive_FDR005,micrornas,433,hsa-miR-1250,0.9669154417977368,0.2913466461853559,0.0098021339240617,RBM47,0.9999684251134726,0,0
Severity_positive_FDR005,micrornas,434,mmu-miR-1195,0.9673792945144576,0.4700274374438923,0.0155882823174491,GPX6;SERPINE1;IRX4;IL18R1,0.9999684251134726,0,0
Severity_positive_FDR005,micrornas,435,mmu-miR-678,0.9681892889143272,0.2879776050507758,0.0093096433774687,CD93,0.9999684251134726,0,0
Severity_positive_FDR005,micrornas,436,mmu-miR-453,0.968286785956216,0.4285356296701293,0.0138104044956773,CD84;FZD4;SERPINE1,0.9999684251134726,0,0
Severity_positive_FDR005,micrornas,437,mmu-miR-1196,0.968336251296321,0.4976851851851852,0.0160134612756987,GLIPR1;RBM47;TMEM98;UBD;IL18R1,0.9999684251134726,0,0
Severity_positive_FDR005,micrornas,438,mmu-miR-1929,0.9685032326203864,0.5416968599033817,0.0173361729109474,CD93;FZD4;PRSS16;LCP1;CXCL13;OSMR;CTSS,0.9999684251134726,0,0
Severity_positive_FDR005,micrornas,439,mmu-miR-804,0.96896695435395,0.5203600227523673,0.0164042302981746,CD84;RHBDD1;GPX6;SERPINE1;LPXN;PSMB8,0.9999684251134726,0,0
Severity_positive_FDR005,micrornas,440,hsa-miR-639,0.9690113609768094,0.2857734030918388,0.0089958445884934,PTPRC,0.9999684251134726,0,0
Severity_positive_FDR005,micrornas,441,hsa-miR-4713-3p,0.969095472233276,0.5200305737352505,0.0163248753770398,CSF1R;CD93;GPX6;BUB3;CYTIP;ASF1B,0.9999684251134726,0,0
Severity_positive_FDR005,micrornas,442,mmu-miR-1941-3p,0.9693510617400009,0.5193728169793674,0.0161672655118833,BHMT;CLEC4D;PTPRC;CLEC7A;P2RY14;MS4A7,0.9999684251134726,0,0
Severity_positive_FDR005,micrornas,443,hsa-miR-4671-3p,0.9698222881427724,0.4937946029729933,0.015131067726072,GLIPR1;GPR65;PRKAR2A;BUB3;ICAM1,0.9999684251134726,0,0
Severity_positive_FDR005,micrornas,444,mmu-miR-2139,0.97000936587998,0.2830639020675921,0.0086191690010704,OSMR,0.9999684251134726,0,0
Severity_positive_FDR005,micrornas,445,mmu-miR-92a,0.971207685009015,0.514487645881724,0.0150307286931447,RBM47;ANXA3;GPX6;C3AR1;CXCL13;CTSS,0.9999684251134726,0,0
Severity_positive_FDR005,micrornas,446,mmu-miR-32,0.971207685009015,0.514487645881724,0.0150307286931447,RBM47;ANXA3;GPX6;C3AR1;CXCL13;CTSS,0.9999684251134726,0,0
Severity_positive_FDR005,micrornas,447,mmu-miR-25,0.971207685009015,0.514487645881724,0.0150307286931447,RBM47;ANXA3;GPX6;C3AR1;CXCL13;CTSS,0.9999684251134726,0,0
Severity_positive_FDR005,micrornas,448,mmu-miR-367,0.971207685009015,0.514487645881724,0.0150307286931447,RBM47;ANXA3;GPX6;C3AR1;CXCL13;CTSS,0.9999684251134726,0,0
Severity_positive_FDR005,micrornas,449,mmu-miR-92b,0.971207685009015,0.514487645881724,0.0150307286931447,RBM47;ANXA3;GPX6;C3AR1;CXCL13;CTSS,0.9999684251134726,0,0
Severity_positive_FDR005,micrornas,450,mmu-miR-363-3p,0.971207685009015,0.514487645881724,0.0150307286931447,RBM47;ANXA3;GPX6;C3AR1;CXCL13;CTSS,0.9999684251134726,0,0
Severity_positive_FDR005,micrornas,451,hsa-miR-324-5p,0.9712600442701834,0.5346376811594203,0.015590588540447,CD84;GLIPR1;CD93;OSMR;PDLIM4;MPEG1;IL18R1,0.9999684251134726,0,0
Severity_positive_FDR005,micrornas,452,hsa-miR-483-5p,0.9713218538141528,0.4201672529962435,0.0122257743230011,TMEM98;RHBDD1;SERPINE1,0.9999684251134726,0,0
Severity_positive_FDR005,micrornas,453,mmu-miR-1839-3p,0.9714662176611284,0.4197569475471361,0.0121514532697772,CD93;FZD4;MPEG1,0.9999684251134726,0,0
Severity_positive_FDR005,micrornas,454,mmu-miR-582-3p,0.971716621521738,0.5334269184958312,0.0153045830160693,CD93;CLEC7A;LY86;RRAS2;CD68;OSMR;CD300LF,0.9999684251134726,0,0
Severity_positive_FDR005,micrornas,455,hsa-miR-4540,0.972801851636688,0.4552354655622028,0.0125530562159326,GPR65;CCRL2;MPEG1;IL18R1,0.9999684251134726,0,0
Severity_positive_FDR005,micrornas,456,hsa-miR-208a,0.9734124906471188,0.5084188950141797,0.0137005417516215,PTPRC;IGSF6;FZD4;MS4A7;IL18R1;CTSS,0.9999684251134726,0,0
Severity_positive_FDR005,micrornas,457,hsa-miR-208b,0.9734124906471188,0.5084188950141797,0.0137005417516215,PTPRC;IGSF6;FZD4;MS4A7;IL18R1;CTSS,0.9999684251134726,0,0
Severity_positive_FDR005,micrornas,458,hsa-miR-331-5p,0.973746206263356,0.5074725880522684,0.0135010939560863,CD84;PTPRC;SERPINE1;GIPC2;ALOX5AP;OSMR,0.9999684251134726,0,0
Severity_positive_FDR005,micrornas,459,hsa-miR-4508,0.9742141371237438,0.411707074547422,0.0107554958045811,PCOLCE;IL2RG;ATF3,0.9999684251134726,0,0
Severity_positive_FDR005,micrornas,460,hsa-miR-3656,0.9750570934193292,0.3545920745920746,0.008956730691852,CCL5;PXMP2,0.9999684251134726,0,0
Severity_positive_FDR005,micrornas,461,mmu-miR-5117,0.9752536107916384,0.5030985941606448,0.0126065078179666,CD84;IGSF6;FCER1G;CLCA2;IL18R1;C1QC,0.9999684251134726,0,0
Severity_positive_FDR005,micrornas,462,hsa-miR-409-5p,0.9758250900579436,0.446202950918398,0.0109194427559805,CLEC7A;CLCA2;CLEC4E;TMEM71,0.9999684251134726,0,0
Severity_positive_FDR005,micrornas,463,hsa-miR-875-5p,0.9769654625310952,0.4732002401059778,0.0110274480301296,PTPRC;FZD4;LCP1;PDLIM4;MPEG1,0.9999684251134726,0,0
Severity_positive_FDR005,micrornas,464,hsa-miR-210,0.97707704269008,0.2625990361839418,0.0060896122128009,MPEG1,0.9999684251134726,0,0
Severity_positive_FDR005,micrornas,465,hsa-miR-3141,0.9775890963911178,0.3465632839224629,0.0078551493548413,ITGB2;CLEC4E,0.9999684251134726,0,0
Severity_positive_FDR005,micrornas,466,hsa-miR-1911,0.9778734301370892,0.4001651339578054,0.0089537086220471,FZD4;GIPC2;ATF3,0.9999684251134726,0,0
Severity_positive_FDR005,micrornas,467,mmu-miR-1905,0.9779755389051326,0.4699744945183783,0.0104666236612357,RBM47;SERPINE1;RRAS2;LCP1;CXCL13,0.9999684251134726,0,0
Severity_positive_FDR005,micrornas,468,mmu-miR-3086-3p,0.9784989839656232,0.4930553027269087,0.0107168185733896,GLIPR1;RHBDD1;BUB3;ATF3;IL18R1;TMEM71,0.9999684251134726,0,0
Severity_positive_FDR005,micrornas,469,mmu-miR-541,0.9787539825847266,0.4674228935142547,0.0100378891721766,BHMT;CD93;FZD4;CD48;BUB3,0.9999684251134726,0,0
Severity_positive_FDR005,micrornas,470,mmu-miR-1948,0.9788387049086396,0.4364756274558391,0.0093355174797451,RBM47;PTPRC;FZD4;ICAM1,0.9999684251134726,0,0
Severity_positive_FDR005,micrornas,471,hsa-miR-4707-3p,0.9788719617023104,0.3968208010846845,0.0084738819330894,IRX4;NCKAP1L;C1QC,0.9999684251134726,0,0
Severity_positive_FDR005,micrornas,472,mmu-miR-219-3p,0.978939561790898,0.436135528867979,0.0092833074077838,CD84;CLEC4D;GPR65;OSMR,0.9999684251134726,0,0
Severity_positive_FDR005,micrornas,473,hsa-miR-1281,0.980239435359025,0.3920821114369501,0.0078253376369724,LRG1;CCL5;LCP1,0.9999684251134726,0,0
Severity_positive_FDR005,micrornas,474,mmu-miR-468,0.9804405389974012,0.4865601309364293,0.0096111578884506,BHMT;FZD4;CLCA1;RRAS2;IL7R;OSMR,0.9999684251134726,0,0
Severity_positive_FDR005,micrornas,475,hsa-miR-4796-5p,0.9805019655834478,0.4614637796947846,0.009086511932075,GPR65;OSMR;CYTIP;MPEG1;ICAM1,0.9999684251134726,0,0
Severity_positive_FDR005,micrornas,476,hsa-miR-1263,0.9805869540919104,0.4304284017052205,0.0084380985267637,FZD4;CLEC7A;PDLIM4;IL18R1,0.9999684251134726,0,0
Severity_positive_FDR005,micrornas,477,hsa-miR-584,0.98134962784152,0.4833705062821538,0.0091001668518501,MMP12;CH25H;CD84;CCL5;ATF3;CTSS,0.9999684251134726,0,0
Severity_positive_FDR005,micrornas,478,hsa-miR-3651,0.9815229499346942,0.3874489063190455,0.0072258767821137,CD84;GPR65;CTSS,0.9999684251134726,0,0
Severity_positive_FDR005,micrornas,479,mmu-miR-3471,0.981764607076006,0.426157050782715,0.0078428695088396,CD53;CD93;FZD4;PLEK,0.9999684251134726,0,0
Severity_positive_FDR005,micrornas,480,hsa-miR-1468,0.9817844234247792,0.2472774438793856,0.0045458305295002,CD84,0.9999684251134726,0,0
Severity_positive_FDR005,micrornas,481,mmu-miR-216a,0.9819077099655064,0.4813604303220291,0.0087886579176995,CD84;CLEC4D;CD93;FZD4;PXMP2;BUB3,0.9999684251134726,0,0
Severity_positive_FDR005,micrornas,482,mmu-miR-687,0.9819520623766668,0.4562491242819111,0.0083095686379035,CD84;ANXA3;CLEC7A;CCRL2;NCKAP1L,0.9999684251134726,0,0
Severity_positive_FDR005,micrornas,483,hsa-miR-4718,0.9822968727240254,0.4799339198244967,0.0085724366232199,CD84;CLEC4D;CD93;GPR65;GIPC2;CTSS,0.9999684251134726,0,0
Severity_positive_FDR005,micrornas,484,hsa-miR-4704-5p,0.9824503652208598,0.4793654596026137,0.0084873837528392,CD84;TMEM98;FZD4;SERPINE1;MS4A7;PLEK,0.9999684251134726,0,0
Severity_positive_FDR005,micrornas,485,mmu-miR-673-3p,0.98248896728529,0.2448234635734635,0.0043250915877882,CLCA2,0.9999684251134726,0,0
Severity_positive_FDR005,micrornas,486,mmu-miR-669e,0.9826783036313828,0.478515054077755,0.0083613194856658,BHMT;RBM47;ANXA3;CLCA2;FOS;PDLIM4,0.9999684251134726,0,0
Severity_positive_FDR005,micrornas,487,hsa-miR-4783-3p,0.9828310308322692,0.2436140857193488,0.0042189245543868,PDLIM4,0.9999684251134726,0,0
Severity_positive_FDR005,micrornas,488,hsa-miR-503,0.9829035077957315,0.477667378586684,0.0082370513239907,CD84;CD93;PRKAR2A;RHBDD1;CCL5;LY86,0.9999684251134726,0,0
Severity_positive_FDR005,micrornas,489,hsa-miR-4747-3p,0.9829058354316036,0.3822294330979194,0.0065903832484293,IRX4;MDFI;C1QC,0.9999684251134726,0,0
Severity_positive_FDR005,micrornas,490,mmu-miR-3087,0.9833458300715012,0.4759801652892562,0.0079938059762645,CH25H;CD84;FZD4;CCRL2;ITGB2;LCP1,0.9999684251134726,0,0
Severity_positive_FDR005,micrornas,491,mmu-miR-299,0.9835630057470632,0.4751406014839067,0.0078747809704382,CLEC7A;GIPC2;ITGB2;CXCL13;CYTIP;PRSS22,0.9999684251134726,0,0
Severity_positive_FDR005,micrornas,492,mmu-miR-183,0.9836348142326214,0.474861342634336,0.0078354849901228,GLIPR1;RBM47;RHBDD1;CLCA2;CLEC4E;MDFI,0.9999684251134726,0,0
Severity_positive_FDR005,micrornas,493,mmu-miR-382,0.9837549864321964,0.4493639028434382,0.0073598664481021,CH25H;CD84;RBM47;GPR65;ITGB2,0.9999684251134726,0,0
Severity_positive_FDR005,micrornas,494,hsa-miR-648,0.9838485042193724,0.474025346694654,0.0077187220082585,CD84;RBM47;IRX4;CXCL1;CD300LF;CXCL2,0.9999684251134726,0,0
Severity_positive_FDR005,micrornas,495,mmu-miR-5130,0.983940923334406,0.3781481981374004,0.0061220003777593,CD84;PDLIM4;MPEG1,0.9999684251134726,0,0
Severity_positive_FDR005,micrornas,496,mmu-miR-1898,0.983977392159735,0.4484798628625472,0.0072440071398532,CSF1R;CD84;MUSK;CD93;ASF1B,0.9999684251134726,0,0
Severity_positive_FDR005,micrornas,497,mmu-miR-505-3p,0.984050895541064,0.4481858908088416,0.0072057804394256,FZD4;RHBDD1;C3AR1;LCP1;CXCL2,0.9999684251134726,0,0
Severity_positive_FDR005,micrornas,498,hsa-miR-770-5p,0.9841989314572732,0.4726379271833817,0.0075278159258179,GLIPR1;RBM47;FZD4;GPR65;LCP1;IL18R1,0.9999684251134726,0,0
Severity_positive_FDR005,micrornas,499,hsa-miR-4712-5p,0.9841989314572732,0.4726379271833817,0.0075278159258179,GLIPR1;RBM47;FZD4;GPR65;LCP1;IL18R1,0.9999684251134726,0,0
Severity_positive_FDR005,micrornas,500,mmu-miR-704,0.9846777271549592,0.470707846439823,0.0072681395585543,CD84;FZD4;RHBDD1;RRAS2;CXCL13;MPEG1,0.9999684251134726,0,0
Severity_positive_FDR005,micrornas,501,mmu-miR-1306-5p,0.984838977987624,0.4449753511483235,0.0067979441938537,FZD4;PRKAR2A;FOS;CXCL13;C1QC,0.9999684251134726,0,0
Severity_positive_FDR005,micrornas,502,hsa-miR-4497,0.9848485972068184,0.2362155388471178,0.003606387207105,CD93,0.9999684251134726,0,0
Severity_positive_FDR005,micrornas,503,mmu-miR-669h-3p,0.9850774001192628,0.4690648107872988,0.0070524185571972,CD84;PTPRC;CD93;RHBDD1;MPEG1;IL18R1,0.9999684251134726,0,0
Severity_positive_FDR005,micrornas,504,mmu-miR-669k,0.9850774001192628,0.4690648107872988,0.0070524185571972,CD84;PTPRC;CD93;RHBDD1;MPEG1;IL18R1,0.9999684251134726,0,0
Severity_positive_FDR005,micrornas,505,mmu-miR-654-5p,0.9852006361219235,0.4125736298685301,0.0061514592303414,LCP1;MPEG1;MDFI;TMEM71,0.9999684251134726,0,0
Severity_positive_FDR005,micrornas,506,mmu-miR-344b,0.9852735962563252,0.4682471782266365,0.0069468747180981,PTPRC;GPR65;SERPINE1;RRAS2;IL18R1;C1QC,0.9999684251134726,0,0
Severity_positive_FDR005,micrornas,507,hsa-miR-2909,0.9854674007550168,0.467432119535525,0.0068428471604964,RHBDD1;GPX6;MS4A7;GIPC2;LCP1;IL2RG,0.9999684251134726,0,0
Severity_positive_FDR005,micrornas,508,hsa-miR-505,0.9855314753726662,0.4671610031766393,0.0068085046283743,CH25H;PTPRC;CD93;CLEC7A;CLEC4E;MPEG1,0.9999684251134726,0,0
Severity_positive_FDR005,micrornas,509,mmu-miR-466f-5p,0.9859997234719072,0.2317629179331307,0.0032676728528638,FZD4,0.9999684251134726,0,0
Severity_positive_FDR005,micrornas,510,mmu-miR-101c,0.9863709404157466,0.4383967425390055,0.0060160254742518,CSF1R;CD84;PTPRC;FZD4;IRX4,0.9999684251134726,0,0
Severity_positive_FDR005,micrornas,511,hsa-miR-4772-5p,0.9864014556904094,0.4633950120675784,0.006344735631911,BHMT;FZD4;RHBDD1;PRSS16;FOS;CD300LF,0.9999684251134726,0,0
Severity_positive_FDR005,micrornas,512,mmu-miR-696,0.9864533462231244,0.2299552299552299,0.003136416148027,CCRL2,0.9999684251134726,0,0
Severity_positive_FDR005,micrornas,513,hsa-miR-1284,0.9866409564973913,0.4623290758827948,0.0062178999306526,RBM47;FZD4;ITGB2;RRAS2;CD48;CTSS,0.9999684251134726,0,0
Severity_positive_FDR005,micrornas,514,mmu-miR-3085-5p,0.9869300656754856,0.4358707336737436,0.0057343578714932,TNNT2;RHBDD1;PRSS16;CXCL2;ATF3,0.9999684251134726,0,0
Severity_positive_FDR005,micrornas,515,mmu-miR-3102,0.98739255548757,0.4588951718138321,0.0058222750301606,MMP12;BHMT;CD93;RHBDD1;RRAS2;OSMR,0.9999684251134726,0,0
Severity_positive_FDR005,micrornas,516,mmu-miR-190,0.9875161141750844,0.3626112682635662,0.0045552910717319,CD53;TMEM98;ASF1B,0.9999684251134726,0,0
Severity_positive_FDR005,micrornas,517,mmu-miR-190b,0.9875161141750844,0.3626112682635662,0.0045552910717319,CD53;TMEM98;ASF1B,0.9999684251134726,0,0
Severity_positive_FDR005,micrornas,518,hsa-miR-296-3p,0.9877260224797728,0.4573257830833588,0.0056479390635092,CD53;CD84;GLIPR1;CD14;MPEG1;ICAM1,0.9999684251134726,0,0
Severity_positive_FDR005,micrornas,519,mmu-miR-21,0.9878420757626636,0.4006408160596351,0.0049008132840255,GLIPR1;CLEC4D;RHBDD1;OSMR,0.9999684251134726,0,0
Severity_positive_FDR005,micrornas,520,mmu-miR-590-5p,0.9878420757626636,0.4006408160596351,0.0049008132840255,GLIPR1;CLEC4D;RHBDD1;OSMR,0.9999684251134726,0,0
Severity_positive_FDR005,micrornas,521,mmu-miR-193b,0.9883180149714952,0.4292630522848597,0.0050441651829735,TNNT2;GIPC2;PLEK;OSMR;ATF3,0.9999684251134726,0,0
Severity_positive_FDR005,micrornas,522,mmu-miR-193,0.9883180149714952,0.4292630522848597,0.0050441651829735,TNNT2;GIPC2;PLEK;OSMR;ATF3,0.9999684251134726,0,0
Severity_positive_FDR005,micrornas,523,mmu-miR-1895,0.988359157786698,0.2219792678976352,0.0025991834979258,ALOX5AP,0.9999684251134726,0,0
Severity_positive_FDR005,micrornas,524,mmu-miR-467a,0.9884272191731852,0.428720668595307,0.0049904228903857,CD84;GPX6;OSMR;MPEG1;ATF3,0.9999684251134726,0,0
Severity_positive_FDR005,micrornas,525,mmu-miR-290-3p,0.9884272191731852,0.428720668595307,0.0049904228903857,CD84;GPX6;OSMR;MPEG1;ATF3,0.9999684251134726,0,0
Severity_positive_FDR005,micrornas,526,mmu-miR-292-3p,0.9884272191731852,0.428720668595307,0.0049904228903857,CD84;GPX6;OSMR;MPEG1;ATF3,0.9999684251134726,0,0
Severity_positive_FDR005,micrornas,527,hsa-miR-3135,0.9886427643691622,0.4276396460978324,0.0048845947770769,CD84;PDLIM4;ATF3;MDFI;CTSS,0.9999684251134726,0,0
Severity_positive_FDR005,micrornas,528,mmu-miR-33,0.9891764657769924,0.4501282416642918,0.0048985362478513,ANXA3;TNNT2;CLCA2;CSN3;LCP1;TMEM71,0.9999684251134726,0,0
Severity_positive_FDR005,micrornas,529,mmu-miR-669j,0.9892162728422008,0.4246923300433972,0.0046046386612573,CD84;PTPRC;SERPINE1;MPEG1;IL18R1,0.9999684251134726,0,0
Severity_positive_FDR005,micrornas,530,mmu-miR-669i,0.9892162728422008,0.4246923300433972,0.0046046386612573,CD84;PTPRC;SERPINE1;MPEG1;IL18R1,0.9999684251134726,0,0
Severity_positive_FDR005,micrornas,531,hsa-miR-554,0.9893508649540474,0.3534956794972506,0.0037846106014103,CD84;CCRL2;MPEG1,0.9999684251134726,0,0
Severity_positive_FDR005,micrornas,532,mmu-miR-5132,0.9894561516996652,0.2170595294703711,0.0023007937898142,PLEK,0.9999684251134726,0,0
Severity_positive_FDR005,micrornas,533,mmu-miR-707,0.9897139645992516,0.422044939841005,0.0043636501950395,GPR65;RHBDD1;GPX6;CXCL13;IL18R1,0.9999684251134726,0,0
Severity_positive_FDR005,micrornas,534,mmu-miR-3962,0.9897158185450784,0.2978874629812438,0.0030793905091259,CD93;CLEC7A,0.9999684251134726,0,0
Severity_positive_FDR005,micrornas,535,hsa-miR-744,0.9901161855159925,0.3493871719678171,0.0034704570605547,CD93;RHBDD1;PRSS22,0.9999684251134726,0,0
Severity_positive_FDR005,micrornas,536,mmu-miR-682,0.9901576449381548,0.4448628049412613,0.0044001874809365,GLIPR1;FZD4;LCP1;BUB3;CLEC4E;OSMR,0.9999684251134726,0,0
Severity_positive_FDR005,micrornas,537,hsa-miR-3177-3p,0.990194809710784,0.213583467094703,0.0021045612940085,CCRL2,0.9999684251134726,0,0
Severity_positive_FDR005,micrornas,538,mmu-miR-431,0.9906897571011444,0.4165822435070915,0.0038966495300154,BHMT;ANXA3;CLCA2;LCP1;FOS,0.9999684251134726,0,0
Severity_positive_FDR005,micrornas,539,hsa-miR-628-3p,0.99093922605255,0.3841633774171397,0.0034966828796853,CD84;CD93;CLEC7A;GPR65,0.9999684251134726,0,0
Severity_positive_FDR005,micrornas,540,mmu-miR-3101,0.9911664010739588,0.3433893163657887,0.0030468406812578,RBM47;FZD4;CD68,0.9999684251134726,0,0
Severity_positive_FDR005,micrornas,541,hsa-miR-3200-3p,0.9923287788193104,0.3754824669458815,0.0028915140097214,GLIPR1;CD93;PLEK;ICAM1,0.9999684251134726,0,0
Severity_positive_FDR005,micrornas,542,hsa-miR-196a,0.992781925034914,0.3724147767793467,0.0026978662330976,PTPRC;SERPINE1;CLEC4E;OSMR,0.9999684251134726,0,0
Severity_positive_FDR005,micrornas,543,hsa-miR-196b,0.992781925034914,0.3724147767793467,0.0026978662330976,PTPRC;SERPINE1;CLEC4E;OSMR,0.9999684251134726,0,0
Severity_positive_FDR005,micrornas,544,hsa-miR-4669,0.9928833570348808,0.4026259866423801,0.0028755898484994,CD84;P2RY6;FZD4;CTSS;PLA1A,0.9999684251134726,0,0
Severity_positive_FDR005,micrornas,545,hsa-miR-556-5p,0.9928833570348808,0.4026259866423801,0.0028755898484994,CD84;ANXA3;RHBDD1;IL18R1;CTSS,0.9999684251134726,0,0
Severity_positive_FDR005,micrornas,546,mmu-miR-1193-5p,0.9929172092837374,0.332217413137569,0.0023613989638117,CD93;LCP1;ATF3,0.9999684251134726,0,0
Severity_positive_FDR005,micrornas,547,mmu-miR-379,0.9929172092837374,0.332217413137569,0.0023613989638117,CD93;LCP1;ATF3,0.9999684251134726,0,0
Severity_positive_FDR005,micrornas,548,mmu-miR-877,0.9929518568913176,0.4021432776182236,0.0028443990532625,CD53;CD84;TMEM98;PDLIM4;ASF1B,0.9999684251134726,0,0
Severity_positive_FDR005,micrornas,549,mmu-miR-296-3p,0.9929631250534124,0.3711501449805254,0.002620969728314,CLEC4D;FZD4;RHBDD1;MS4A7,0.9999684251134726,0,0
Severity_positive_FDR005,micrornas,550,mmu-miR-3098-5p,0.993069760099959,0.3703951503355432,0.0025758632702363,CLEC7A;CXCL1;MPEG1;IL18R1,0.9999684251134726,0,0
Severity_positive_FDR005,micrornas,551,mmu-miR-467c,0.993207130050892,0.2773284132841328,0.0018902833625752,CD84;MPEG1,0.9999684251134726,0,0
Severity_positive_FDR005,micrornas,552,mmu-miR-467d,0.993207130050892,0.2773284132841328,0.0018902833625752,CD84;MPEG1,0.9999684251134726,0,0
Severity_positive_FDR005,micrornas,553,mmu-miR-142-3p,0.9932176095257196,0.3301162431359498,0.0022466045790681,CD84;RBM47;OSMR,0.9999684251134726,0,0
Severity_positive_FDR005,micrornas,554,hsa-miR-4317,0.9932524708185686,0.3999840237159062,0.002708050506454,BHMT;FZD4;RHBDD1;CLEC4E;ATF3,0.9999684251134726,0,0
Severity_positive_FDR005,micrornas,555,mmu-miR-669a-3-3p,0.9933805194592432,0.3681470168700447,0.0024450434306667,PTPRC;SERPINE1;GIPC2;BUB3,0.9999684251134726,0,0
Severity_positive_FDR005,micrornas,556,mmu-miR-669o-3p,0.9933805194592432,0.3681470168700447,0.0024450434306667,PTPRC;SERPINE1;GIPC2;BUB3,0.9999684251134726,0,0
Severity_positive_FDR005,micrornas,557,mmu-miR-669a-3p,0.9933805194592432,0.3681470168700447,0.0024450434306667,PTPRC;SERPINE1;GIPC2;BUB3,0.9999684251134726,0,0
Severity_positive_FDR005,micrornas,558,mmu-miR-770-3p,0.9935094710615232,0.3980822765233529,0.0025921859945069,FZD4;RHBDD1;GPX6;ACP5;PRSS22,0.9999684251134726,0,0
Severity_positive_FDR005,micrornas,559,hsa-miR-4532,0.993547386255199,0.366908860683168,0.0023751925253697,CCL5;MS4A7;PRSS22;ICAM1,0.9999684251134726,0,0
Severity_positive_FDR005,micrornas,560,hsa-miR-4280,0.9936130052851172,0.3664157382314564,0.0023478010869844,CSF1R;RBM47;PLEK;PRSS16,0.9999684251134726,0,0
Severity_positive_FDR005,micrornas,561,mmu-miR-466f,0.9944136272655852,0.189958375654737,0.0010641534445521,FZD4,0.9999684251134726,0,0
Severity_positive_FDR005,micrornas,562,hsa-miR-4714-3p,0.994635141634975,0.3890413211695258,0.0020927703273836,CD84;LCP1;OSMR;IL18R1;CTSS,0.9999684251134726,0,0
Severity_positive_FDR005,micrornas,563,mmu-miR-1191,0.9948672424986732,0.38700757216819,0.0019915314265829,PTPRC;PRKAR2A;PLEK;IGFBP7;IL18R1,0.9999684251134726,0,0
Severity_positive_FDR005,micrornas,564,hsa-miR-4462,0.9949762892661564,0.1860637653995587,0.00093708633655,CD84,0.9999684251134726,0,0
Severity_positive_FDR005,micrornas,565,mmu-miR-383,0.9949839837314248,0.3551679907920855,0.0017860115054287,PTPRC;FZD4;PLEK;FOS,0.9999684251134726,0,0
Severity_positive_FDR005,micrornas,566,hsa-miR-3684,0.995205638278464,0.2621872265966754,0.001260043374338,CD84;CLCA2,0.9999684251134726,0,0
Severity_positive_FDR005,micrornas,567,mmu-miR-122,0.9953031668716924,0.3829972435804439,0.0018031119221689,CD84;RBM47;SERPINE1;OSMR;PDLIM4,0.9999684251134726,0,0
Severity_positive_FDR005,micrornas,568,mmu-miR-133a,0.9953493719507206,0.3825562858579917,0.0017832768938163,PTPRC;IGSF6;CD93;RHBDD1;GPX6,0.9999684251134726,0,0
Severity_positive_FDR005,micrornas,569,mmu-miR-133b,0.9953493719507206,0.3825562858579917,0.0017832768938163,PTPRC;IGSF6;CD93;RHBDD1;GPX6,0.9999684251134726,0,0
Severity_positive_FDR005,micrornas,570,hsa-miR-3655,0.995991164929794,0.306706924494372,0.0012320085880636,CD53;RBM47;HTR2B,0.9999684251134726,0,0
Severity_positive_FDR005,micrornas,571,hsa-miR-4632,0.996123018918007,0.1771834711975557,0.0006882720385034,LCP1,0.9999684251134726,0,0
Severity_positive_FDR005,micrornas,572,mmu-miR-448-3p,0.9962630122586924,0.3730820838924217,0.0013968147423887,SERPINE1;PDLIM4;MPEG1;ATF3;IL18R1,0.9999684251134726,0,0
Severity_positive_FDR005,micrornas,573,hsa-miR-564,0.9962883978930204,0.2521011804384486,0.0009374400529074,LRG1;CD93,0.9999684251134726,0,0
Severity_positive_FDR005,micrornas,574,mmu-miR-3080-3p,0.9963239234589456,0.1754614248800295,0.0006461980937306,GLIPR1,0.9999684251134726,0,0
Severity_positive_FDR005,micrornas,575,hsa-miR-4749-5p,0.9965037243181414,0.2498595317725752,0.0008751085081165,RHBDD1;PRSS22,0.9999684251134726,0,0
Severity_positive_FDR005,micrornas,576,hsa-miR-4706,0.9965037243181414,0.2498595317725752,0.0008751085081165,RHBDD1;PRSS22,0.9999684251134726,0,0
Severity_positive_FDR005,micrornas,577,mmu-miR-615-5p,0.9966252350048967,0.3382636236000914,0.0011434908295612,C1QB;RHBDD1;LY86;ICAM1,0.9999684251134726,0,0
Severity_positive_FDR005,micrornas,578,hsa-miR-2277-3p,0.9966361853122342,0.3687081505425998,0.001242356594413,FZD4;PRSS16;LCP1;OSMR;ATF3,0.9999684251134726,0,0
Severity_positive_FDR005,micrornas,579,mmu-miR-675-3p,0.9966433069007772,0.2995764092538286,0.0010072775738458,RBM47;IL18R1;TMEM71,0.9999684251134726,0,0
Severity_positive_FDR005,micrornas,580,mmu-miR-137,0.9966865026693472,0.3680908349869494,0.0012216931573049,MMP12;RBM47;CD93;TNNT2;LCP1,0.9999684251134726,0,0
Severity_positive_FDR005,micrornas,581,hsa-miR-602,0.996760593131274,0.1714971919750076,0.000556450954568,RHBDD1,0.9999684251134726,0,0
Severity_positive_FDR005,micrornas,582,hsa-miR-190b,0.997149556792393,0.331579067903355,0.0009464969115103,IGFBP7;PRSS22;CXCL2;CTSS,0.9999684251134726,0,0
Severity_positive_FDR005,micrornas,583,hsa-miR-190,0.997149556792393,0.331579067903355,0.0009464969115103,IGFBP7;PRSS22;CXCL2;CTSS,0.9999684251134726,0,0
Severity_positive_FDR005,micrornas,584,hsa-miR-4774-5p,0.9979949262872294,0.3185260749945902,0.0006393094054459,GPR65;P2RY14;PLEK;MPEG1,0.9999684251134726,0,0
Severity_positive_FDR005,micrornas,585,hsa-miR-371-3p,0.9981254275061004,0.1561865120658044,0.0002930577042906,PDLIM4,0.9999684251134726,0,0
Severity_positive_FDR005,micrornas,586,hsa-miR-492,0.9982281836971892,0.3141944938762692,0.000557188690402,P2RY6;ANXA3;CLEC4E;ATF3,0.9999684251134726,0,0
Severity_positive_FDR005,micrornas,587,mmu-miR-1251,0.9982281836971892,0.3141944938762692,0.000557188690402,CD84;CD93;FZD4;IL18R1,0.9999684251134726,0,0
Severity_positive_FDR005,micrornas,588,hsa-miR-4649-5p,0.9985066719071888,0.1505782882667304,0.0002250308523329,PRSS16,0.9999684251134726,0,0
Severity_positive_FDR005,micrornas,589,hsa-miR-590-5p,0.998509607176411,0.3083427669719735,0.0004598946441319,CD84;GLIPR1;GPR65;C3AR1,0.9999684251134726,0,0
Severity_positive_FDR005,micrornas,590,hsa-miR-21,0.998509607176411,0.3083427669719735,0.0004598946441319,CD84;GLIPR1;GPR65;C3AR1,0.9999684251134726,0,0
Severity_positive_FDR005,micrornas,591,hsa-miR-3713,0.9985750214251556,0.1494708994708994,0.0002131447287373,CCRL2,0.9999684251134726,0,0
Severity_positive_FDR005,micrornas,592,mmu-miR-486,0.9986474275280826,0.2679075373339082,0.0003626096432466,MMP12;CD93;ACP5,0.9999684251134726,0,0
Severity_positive_FDR005,micrornas,593,mmu-miR-3107,0.9986474275280826,0.2679075373339082,0.0003626096432466,MMP12;CD93;ACP5,0.9999684251134726,0,0
Severity_positive_FDR005,micrornas,594,mmu-miR-5046,0.9987226991108504,0.2661436418887331,0.000340162801828,PTPRC;CEBPD;NCKAP1L,0.9999684251134726,0,0
Severity_positive_FDR005,micrornas,595,hsa-miR-3619-3p,0.9987444743213744,0.2656186198448346,0.0003337005265894,P2RY6;RBM47;CCRL2,0.9999684251134726,0,0
Severity_positive_FDR005,micrornas,596,mmu-miR-297a,0.9988954782937668,0.2987336075308472,0.0003301401109404,RBM47;IGSF6;IL18R1;TMEM71,0.9999684251134726,0,0
Severity_positive_FDR005,micrornas,597,mmu-miR-297b-5p,0.9988954782937668,0.2987336075308472,0.0003301401109404,RBM47;IGSF6;IL18R1;TMEM71,0.9999684251134726,0,0
Severity_positive_FDR005,micrornas,598,mmu-miR-297c,0.9988954782937668,0.2987336075308472,0.0003301401109404,RBM47;IGSF6;IL18R1;TMEM71,0.9999684251134726,0,0
Severity_positive_FDR005,micrornas,599,mmu-miR-3093-3p,0.9989882181185984,0.2960391169747996,0.0002996786450309,PRKAR2A;SERPINE1;CLEC4E;ATF3,0.9999684251134726,0,0
Severity_positive_FDR005,micrornas,600,hsa-miR-1278,0.9990081780166584,0.2586290322580645,0.0002566412519905,OSMR;MPEG1;CTSS,0.9999684251134726,0,0
Severity_positive_FDR005,micrornas,601,hsa-miR-1234,0.9990742907117056,0.2087123674911661,0.0001932964591422,MS4A7;ATF3,0.9999684251134726,0,0
Severity_positive_FDR005,micrornas,602,mmu-miR-199a-3p,0.999244340995232,0.2510201820632605,0.0001897573659188,RBM47;PLEK;ASF1B,0.9999684251134726,0,0
Severity_positive_FDR005,micrornas,603,mmu-miR-199b,0.999244340995232,0.2510201820632605,0.0001897573659188,RBM47;PLEK;ASF1B,0.9999684251134726,0,0
Severity_positive_FDR005,micrornas,604,hsa-miR-3171,0.9992616880498352,0.250391481365487,0.0001849353012869,CD84;GLIPR1;CTSS,0.9999684251134726,0,0
Severity_positive_FDR005,micrornas,605,hsa-miR-621,0.999388004386962,0.1318881571541146,8.073968227644774e-05,BHMT,0.9999684251134726,0,0
Severity_positive_FDR005,micrornas,606,mmu-miR-1982.2,0.9994514632548244,0.2426202069385271,0.0001331226132893,FZD4;OSMR;CXCL2,0.9999684251134726,0,0
Severity_positive_FDR005,micrornas,607,hsa-miR-4776-5p,0.9995451598313092,0.1918222222222222,8.726829998318635e-05,P2RY6;CCRL2,0.9999684251134726,0,0
Severity_positive_FDR005,micrornas,608,mmu-miR-3102-5p.2,0.9995478201565404,0.2378219214204096,0.000107562599852,CD84;CLEC7A;MPEG1,0.9999684251134726,0,0
Severity_positive_FDR005,micrornas,609,hsa-miR-1908,0.9995760810864178,0.2362606158040051,0.0001001765784475,CD93;RHBDD1;PRSS22,0.9999684251134726,0,0
Severity_positive_FDR005,micrornas,610,hsa-miR-663,0.9995760810864178,0.2362606158040051,0.0001001765784475,CD93;RHBDD1;PRSS22,0.9999684251134726,0,0
Severity_positive_FDR005,micrornas,611,mmu-miR-130b,0.9996208586916054,0.2336071953645248,8.858693224497343e-05,RBM47;FZD4;CXCL13,0.9999684251134726,0,0
Severity_positive_FDR005,micrornas,612,mmu-miR-301a,0.9996208586916054,0.2336071953645248,8.858693224497343e-05,RBM47;FZD4;CXCL13,0.9999684251134726,0,0
Severity_positive_FDR005,micrornas,613,mmu-miR-721,0.9996208586916054,0.2336071953645248,8.858693224497343e-05,RBM47;FZD4;CXCL13,0.9999684251134726,0,0
Severity_positive_FDR005,micrornas,614,mmu-miR-301b,0.9996208586916054,0.2336071953645248,8.858693224497343e-05,RBM47;FZD4;CXCL13,0.9999684251134726,0,0
Severity_positive_FDR005,micrornas,615,mmu-miR-130a,0.9996208586916054,0.2336071953645248,8.858693224497343e-05,RBM47;FZD4;CXCL13,0.9999684251134726,0,0
Severity_positive_FDR005,micrornas,616,mmu-miR-34b-3p,0.999660408056731,0.1856284083703234,6.304861793177443e-05,PRSS16;CTSS,0.9999684251134726,0,0
Severity_positive_FDR005,micrornas,617,mmu-miR-3060,0.9998050123771146,0.1748571428571428,3.40983031118252e-05,PTPRC;FZD4,0.9999684251134726,0,0
Severity_positive_FDR005,micrornas,618,hsa-miR-325,0.9998454960610712,0.1103847390419033,1.705619463814876e-05,CD93,0.9999684251134726,0,0
Severity_positive_FDR005,micrornas,619,hsa-miR-4535,0.99988479110875,0.1066039584558103,1.2282431392786196e-05,ANXA3,0.9999684251134726,0,0
Severity_positive_FDR005,micrornas,620,mmu-miR-296-5p,0.9998900460740264,0.1648691695108077,1.812900915586501e-05,SERPINE1;LCP1,0.9999684251134726,0,0
Severity_positive_FDR005,micrornas,621,hsa-miR-515-3p,0.9999623602492264,0.1484095139607032,5.586202250191751e-06,CD84;PDLIM4,0.9999684251134726,0,0
Severity_positive_FDR005,micrornas,622,hsa-miR-519e,0.9999623602492264,0.1484095139607032,5.586202250191751e-06,CD84;PDLIM4,0.9999684251134726,0,0
Severity_positive_FDR005,micrornas,623,hsa-miR-4684-3p,0.9999659366744924,0.1469769349051768,5.006608447117888e-06,CD93;CXCL1,0.9999684251134726,0,0
Severity_positive_FDR005,micrornas,624,hsa-miR-3680,0.9999667227498328,0.1466434782608695,4.879972907984277e-06,GIPC2;MPEG1,0.9999684251134726,0,0
Severity_positive_FDR005,micrornas,625,hsa-miR-4661-3p,0.9999684251134726,0.0920775835170255,2.9073851516856418e-06,CD84,0.9999684251134726,0,0
