gene_set,analysis_type,rank,term,p_value,z_score,combined_score,overlapping_genes,adjusted_p_value,old_p_value,old_adjusted_p_value
M12_module,GO Biological Process,1,Granulocyte Chemotaxis (GO:0071621),6.604581101721876e-08,34.26896551724138,566.5659704329904,LGALS3;CXCL10;FCER1G;CCL5;ITGB2;CXCL13,4.8279487853586904e-05,0,0
M12_module,GO Biological Process,2,Neutrophil Chemotaxis (GO:0030593),2.929870215365502e-07,42.91630716134599,645.5959106506756,LGALS3;CXCL10;FCER1G;ITGB2;CXCL13,0.0001070867563716,0,0
M12_module,GO Biological Process,3,Neutrophil Migration (GO:1990266),6.335210667793749e-07,36.22768670309654,517.0405513776681,LGALS3;CXCL10;FCER1G;ITGB2;CXCL13,0.0001543679666052,0,0
M12_module,GO Biological Process,4,Positive Regulation of Phagocytosis (GO:0050766),2.200118318617375e-06,27.61183662128369,359.69937959140987,FCER1G;CLEC7A;NCKAP1L;IL2RG;CD300LF,0.0004020716227273,0,0
M12_module,GO Biological Process,5,Cellular Response to Molecule of Bacterial Origin (GO:0071219),3.216300982913973e-06,16.937606837606836,214.2146328619252,CXCL10;ZFP36;SERPINE1;CXCL13;CD68;GBP2,0.0004303205885809,0,0
M12_module,GO Biological Process,6,Cellular Response to Lipopolysaccharide (GO:0071222),3.532043134727651e-06,16.65126050420168,209.03383105321728,CXCL10;ZFP36;SERPINE1;CXCL13;CD68;GBP2,0.0004303205885809,0,0
M12_module,GO Biological Process,7,Cellular Response to Oxygen-Containing Compound (GO:1901701),4.549343108768126e-06,8.235368421052632,101.29937744152636,CXCL10;ZFP36;TYROBP;FZD4;SERPINE1;FOS;CXCL13;CD68;GBP2,0.000475081401787,0,0
M12_module,GO Biological Process,8,Positive Regulation of Mononuclear Cell Migration (GO:0071677),5.242655837511443e-06,41.42143600416233,503.6300828062211,LGALS3;CXCL10;CCL5;SERPINE1,0.0004790476771526,0,0
M12_module,GO Biological Process,9,Regulation of T Cell Chemotaxis (GO:0010819),7.392031860007698e-06,105.42328042328042,1245.5874348034204,CXCL10;CCL5;CXCL13,0.0006003972544072,0,0
M12_module,GO Biological Process,10,Cellular Response to Lipid (GO:0071396),1.188160417320973e-05,10.300082132457254,116.8082794085368,CXCL10;ZFP36;FZD4;SERPINE1;CXCL13;CD68;GBP2,0.0008685452650616,0,0
M12_module,GO Biological Process,11,Response to Lipopolysaccharide (GO:0032496),1.5111067972559394e-05,12.760645161290322,141.64422175513312,CXCL10;ZFP36;SERPINE1;CXCL13;CD68;GBP2,0.0010041991534491,0,0
M12_module,GO Biological Process,12,Positive Regulation of Superoxide Anion Generation (GO:0032930),1.863927541222082e-05,72.97069597069597,794.6683645193882,TYROBP;CLEC7A;ITGB2,0.0010481007943333,0,0
M12_module,GO Biological Process,13,Regulation of Superoxide Anion Generation (GO:0032928),1.863927541222082e-05,72.97069597069597,794.6683645193882,TYROBP;CLEC7A;ITGB2,0.0010481007943333,0,0
M12_module,GO Biological Process,14,Cytokine-Mediated Signaling Pathway (GO:0019221),2.0693487669486285e-05,9.417851284855113,101.5780386693355,CXCL10;CSF1R;FCER1G;CCL5;OSMR;IL2RG;CD300LF,0.0010804956775996,0,0
M12_module,GO Biological Process,15,Positive Regulation of Cell Adhesion Mediated by Integrin (GO:0033630),2.2580052737559447e-05,67.75510204081633,724.8741421090906,CCL5;NCKAP1L;CXCL13,0.0011004012367437,0,0
M12_module,GO Biological Process,16,Neutrophil Activation (GO:0042119),3.202506913885804e-05,59.279761904761905,613.4857551143383,FCER1G;TYROBP;CCL5,0.0014631453462815,0,0
M12_module,GO Biological Process,17,Positive Regulation of Leukocyte Chemotaxis (GO:0002690),3.491224712420918e-05,24.667493796526056,253.154419352792,CSF1R;CXCL10;CCL5;SERPINE1,0.0015012266263409,0,0
M12_module,GO Biological Process,18,Positive Regulation of Monocyte Chemotaxis (GO:0090026),3.758775479037288e-05,55.78991596638655,568.4340939675292,CXCL10;CCL5;SERPINE1,0.001526480486209,0,0
M12_module,GO Biological Process,19,Antimicrobial Humoral Immune Response Mediated by Antimicrobial Peptide (GO:0061844),4.055956802083312e-05,14.638162752916852,148.03191715104649,CXCL10;LGALS3;CCL5;CXCL1;CXCL13,0.0015604760117488,0,0
M12_module,GO Biological Process,20,Cellular Response to Cytokine Stimulus (GO:0071345),4.596634856679656e-05,8.268061065031855,82.57809481306164,MMP12;CSF1R;ZFP36;CCL5;OSMR;IL2RG;GBP2,0.0016800700401164,0,0
M12_module,GO Biological Process,21,Cellular Response to Low-Density Lipoprotein Particle Stimulus (GO:0071404),7.494571478405925e-05,43.099567099567096,409.3918625427566,FCER1G;ITGB2;CD68,0.0026088246431974,0,0
M12_module,GO Biological Process,22,Positive Regulation of T Cell Migration (GO:2000406),8.452167289925196e-05,41.22360248447205,386.6156619472145,CXCL10;CCL5;CXCL13,0.0027105906531961,0,0
M12_module,GO Biological Process,23,Defense Response to Bacterium (GO:0042742),8.891198194873489e-05,9.171627906976743,85.5516945139176,FCER1G;ANXA3;SERPINE1;CXCL13;GBP2;MPEG1,0.0027105906531961,0,0
M12_module,GO Biological Process,24,Phagocytosis (GO:0006909),8.899340037853198e-05,19.130476649013,178.428967502051,TYROBP;CD93;ANXA3;ITGB2,0.0027105906531961,0,0
M12_module,GO Biological Process,25,Regulation of Monocyte Chemotaxis (GO:0090025),0.0001059962407944,37.92190476190476,347.0653273203373,CXCL10;CCL5;SERPINE1,0.0030993300808297,0,0
M12_module,GO Biological Process,26,Antimicrobial Humoral Response (GO:0019730),0.0001248388697635,11.424613253290234,102.68998421224173,CXCL10;LGALS3;CCL5;CXCL1;CXCL13,0.0035098928383517,0,0
M12_module,GO Biological Process,27,Antigen Processing and Presentation of Exogenous Peptide Antigen (GO:0002478),0.0001444125040647,33.85374149659864,299.36310916057425,FCER1G;CTSS;MPEG1,0.0037701978739761,0,0
M12_module,GO Biological Process,28,Collagen Catabolic Process (GO:0030574),0.0001444125040647,33.85374149659864,299.36310916057425,MMP12;MMP13;CTSS,0.0037701978739761,0,0
M12_module,GO Biological Process,29,Positive Regulation of Endocytosis (GO:0045807),0.0001791461694687,15.812823576264435,136.42210718747486,FCER1G;CLEC7A;SERPINE1;IL2RG,0.0045157189614356,0,0
M12_module,GO Biological Process,30,Inflammatory Response (GO:0006954),0.0002200134157709,7.717254901960784,64.99334736525054,CXCL10;CSF1R;CCL5;ITGB2;FOS;CXCL13,0.0050904381747399,0,0
M12_module,GO Biological Process,31,Positive Regulation of Leukocyte Differentiation (GO:1902107),0.0002228372388395,124.55625,1047.4020911231612,LGALS3;NCKAP1L,0.0050904381747399,0,0
M12_module,GO Biological Process,32,Antigen Processing and Presentation of Exogenous Peptide Antigen via MHC Class I (GO:0042590),0.0002228372388395,124.55625,1047.4020911231612,FCER1G;MPEG1,0.0050904381747399,0,0
M12_module,GO Biological Process,33,Regulation of Cell-Cell Adhesion Mediated by Integrin (GO:0033632),0.0003803819833564,88.95982142857143,700.4993990645605,CCL5;CXCL13,0.0084260372676837,0,0
M12_module,GO Biological Process,34,Positive Regulation of Protein-Containing Complex Assembly (GO:0031334),0.0004025647261937,12.66879591184925,99.0402714426536,LGALS3;CLEC7A;CXCL13;GBP2,0.0086551416131666,0,0
M12_module,GO Biological Process,35,Extracellular Matrix Disassembly (GO:0022617),0.0004411002585772,22.55328798185941,174.25207885429438,MMP12;MMP13;CTSS,0.0089567858061107,0,0
M12_module,GO Biological Process,36,Response to Amyloid-Beta (GO:1904645),0.0004411002585772,22.55328798185941,174.25207885429438,MMP12;MMP13;TYROBP,0.0089567858061107,0,0
M12_module,GO Biological Process,37,Regulation of Mononuclear Cell Migration (GO:0071675),0.0004744654203814,77.8359375,595.7034787304551,CSF1R;LGALS3,0.0091272163762862,0,0
M12_module,GO Biological Process,38,Cellular Response to UV-A (GO:0071492),0.0004744654203814,77.8359375,595.7034787304551,MMP12;TIMP1,0.0091272163762862,0,0
M12_module,GO Biological Process,39,Cellular Component Disassembly (GO:0022411),0.0005673506879485,20.5879917184265,153.88562243589453,MMP12;MMP13;CTSS,0.0094001405078366,0,0
M12_module,GO Biological Process,40,Regulation of Wound Healing (GO:0061041),0.0005673506879485,20.5879917184265,153.88562243589453,TNFRSF12A;CLEC7A;SERPINE1,0.0094001405078366,0,0
M12_module,GO Biological Process,41,Positive Regulation of Inflammatory Response (GO:0050729),0.0005680217167646,11.521650682941006,86.10533857266125,LGALS3;SERPINE1;OSMR;GBP2,0.0094001405078366,0,0
M12_module,GO Biological Process,42,Positive Regulation of Myeloid Leukocyte Mediated Immunity (GO:0002888),0.0005786680203182,69.18402777777777,515.751818132609,TYROBP;ITGB2,0.0094001405078366,0,0
M12_module,GO Biological Process,43,Neutrophil Activation Involved in Immune Response (GO:0002283),0.0005786680203182,69.18402777777777,515.751818132609,FCER1G;TYROBP,0.0094001405078366,0,0
M12_module,GO Biological Process,44,Macrophage Chemotaxis (GO:0048246),0.0005786680203182,69.18402777777777,515.751818132609,LGALS3;CCL5,0.0094001405078366,0,0
M12_module,GO Biological Process,45,Positive Regulation of T Cell Chemotaxis (GO:0010820),0.0005786680203182,69.18402777777777,515.751818132609,CCL5;CXCL13,0.0094001405078366,0,0
M12_module,GO Biological Process,46,Positive Regulation of Lymphocyte Activation (GO:0051251),0.0006021465740591,20.148936170212767,149.404556417174,TYROBP;CLEC7A;NCKAP1L,0.0095688944703749,0,0
M12_module,GO Biological Process,47,Positive Regulation of Reactive Oxygen Species Metabolic Process (GO:2000379),0.0006757651049967,19.3245869776482,141.0630115890288,TYROBP;CLEC7A;ITGB2,0.0102934945947623,0,0
M12_module,GO Biological Process,48,Macrophage Migration (GO:1905517),0.0006929240138066,62.2625,452.9341731352203,LGALS3;CCL5,0.0102934945947623,0,0
M12_module,GO Biological Process,49,Regulation of T Cell Apoptotic Process (GO:0070232),0.0006929240138066,62.2625,452.9341731352203,LGALS3;CCL5,0.0102934945947623,0,0
M12_module,GO Biological Process,50,Positive Regulation of Cytokine Production (GO:0001819),0.0007040693977265,6.148902821316614,44.63263280855305,CSF1R;TYROBP;FCER1G;CLEC7A;SERPINE1;HTR2B,0.0102934945947623,0,0
M12_module,GO Biological Process,51,Response to Cytokine (GO:0034097),0.0007313660284379,10.74274871238818,77.5690537598928,MMP12;CSF1R;TIMP1;OSMR,0.0104829130742776,0,0
M12_module,GO Biological Process,52,Response to UV-A (GO:0070141),0.0008171679425629,56.59943181818182,402.4030517254659,MMP12;TIMP1,0.0114874955002598,0,0
M12_module,GO Biological Process,53,Positive Regulation of Cell Migration (GO:0030335),0.0009454665416544,5.7976331360946745,40.37374349032716,CSF1R;ANXA3;CLEC7A;FZD4;CCL5;NCKAP1L,0.0128782525089145,0,0
M12_module,GO Biological Process,54,Positive Regulation of Macrophage Chemotaxis (GO:0010759),0.0009513346586612,51.880208333333336,360.9640542350765,CSF1R;CCL5,0.0128782525089145,0,0
M12_module,GO Biological Process,55,Defense Response to Protozoan (GO:0042832),0.0010953593235033,47.88701923076923,326.43014243196444,CLEC7A;GBP2,0.0145583211905628,0,0
M12_module,GO Biological Process,56,Regulation of Phagocytosis (GO:0050764),0.0011295854437618,16.041162227602907,108.85379618865412,FCER1G;CLEC7A;IL2RG,0.01474512427482,0,0
M12_module,GO Biological Process,57,Positive Regulation of Lymphocyte Chemotaxis (GO:0140131),0.001249177406165,44.464285714285715,297.2557562180732,CCL5;CXCL13,0.0154770963374014,0,0
M12_module,GO Biological Process,58,T Cell Homeostasis (GO:0043029),0.001249177406165,44.464285714285715,297.2557562180732,LGALS3;NCKAP1L,0.0154770963374014,0,0
M12_module,GO Biological Process,59,Antifungal Innate Immune Response (GO:0061760),0.001249177406165,44.464285714285715,297.2557562180732,CLEC4D;CLEC7A,0.0154770963374014,0,0
M12_module,GO Biological Process,60,Myeloid Cell Activation Involved in Immune Response (GO:0002275),0.0014127246831094,41.49791666666667,272.31908283307774,FCER1G;TYROBP,0.0172116957225503,0,0
M12_module,GO Biological Process,61,Positive Regulation of Lymphocyte Migration (GO:2000403),0.0015859372356271,38.90234375,250.7870606899547,CXCL10;CCL5,0.01900524785645,0,0
M12_module,GO Biological Process,62,Eosinophil Chemotaxis (GO:0048245),0.0017687514504928,36.612132352941174,232.0287069409544,LGALS3;CCL5,0.0190140780927976,0,0
M12_module,GO Biological Process,63,Eosinophil Migration (GO:0072677),0.0017687514504928,36.612132352941174,232.0287069409544,LGALS3;CCL5,0.0190140780927976,0,0
M12_module,GO Biological Process,64,Negative Regulation of Endopeptidase Activity (GO:0010951),0.0017687514504928,36.612132352941174,232.0287069409544,SERPINE1;TIMP1,0.0190140780927976,0,0
M12_module,GO Biological Process,65,Antigen Processing and Presentation of Peptide Antigen via MHC Class I (GO:0002474),0.0017687514504928,36.612132352941174,232.0287069409544,FCER1G;MPEG1,0.0190140780927976,0,0
M12_module,GO Biological Process,66,Regulation of Smooth Muscle Cell Migration (GO:0014910),0.0017687514504928,36.612132352941174,232.0287069409544,CCL5;SERPINE1,0.0190140780927976,0,0
M12_module,GO Biological Process,67,Microglial Cell Activation (GO:0001774),0.0017687514504928,36.612132352941174,232.0287069409544,TYROBP;ITGB2,0.0190140780927976,0,0
M12_module,GO Biological Process,68,Response to Fibroblast Growth Factor (GO:0071774),0.0017687514504928,36.612132352941174,232.0287069409544,ZFP36;CCL5,0.0190140780927976,0,0
M12_module,GO Biological Process,69,Regulation of Endopeptidase Activity (GO:0052548),0.001961104016553,34.576388888888886,215.55777257871145,SERPINE1;TIMP1,0.0196379046041133,0,0
M12_module,GO Biological Process,70,Positive Regulation of Macrophage Migration (GO:1905523),0.001961104016553,34.576388888888886,215.55777257871145,CSF1R;CCL5,0.0196379046041133,0,0
M12_module,GO Biological Process,71,Regulation of Granulocyte Chemotaxis (GO:0071622),0.001961104016553,34.576388888888886,215.55777257871145,CSF1R;CCL5,0.0196379046041133,0,0
M12_module,GO Biological Process,72,Cellular Response to Lectin (GO:1990858),0.001961104016553,34.576388888888886,215.55777257871145,TYROBP;CLEC7A,0.0196379046041133,0,0
M12_module,GO Biological Process,73,Stimulatory C-type Lectin Receptor Signaling Pathway (GO:0002223),0.001961104016553,34.576388888888886,215.55777257871145,TYROBP;CLEC7A,0.0196379046041133,0,0
M12_module,GO Biological Process,74,Positive Regulation of Response to External Stimulus (GO:0032103),0.0020692474350691,8.023939947250964,49.592524892826354,LGALS3;CCL5;SERPINE1;LY86,0.0204408091221022,0,0
M12_module,GO Biological Process,75,Positive Regulation of Leukocyte Activation (GO:0002696),0.0021629319253039,32.754934210526315,200.99379505878943,CLEC4D;CLEC7A,0.020533808277886,0,0
M12_module,GO Biological Process,76,Regulation of Macrophage Chemotaxis (GO:0010758),0.0021629319253039,32.754934210526315,200.99379505878943,CSF1R;CCL5,0.020533808277886,0,0
M12_module,GO Biological Process,77,Lymphocyte Chemotaxis (GO:0048247),0.0021629319253039,32.754934210526315,200.99379505878943,CXCL10;CXCL13,0.020533808277886,0,0
M12_module,GO Biological Process,78,Response to Tumor Necrosis Factor (GO:0034612),0.0023524420315085,12.280148423005564,74.32315860905366,ZFP36;CCL5;GBP2,0.022046604167086,0,0
M12_module,GO Biological Process,79,Negative Regulation of Peptidase Activity (GO:0010466),0.002594763239101,29.63244047619047,176.43925514435907,SERPINE1;TIMP1,0.0235756718157189,0,0
M12_module,GO Biological Process,80,Monocyte Chemotaxis (GO:0002548),0.002594763239101,29.63244047619047,176.43925514435907,LGALS3;CCL5,0.0235756718157189,0,0
M12_module,GO Biological Process,81,Regulation of T Cell Proliferation (GO:0042129),0.002612352143739,11.817857142857145,70.28675568928746,LGALS3;CCL5;NCKAP1L,0.0235756718157189,0,0
M12_module,GO Biological Process,82,Osteoclast Differentiation (GO:0030316),0.002824642125521,28.28409090909091,166.0098965847709,CSF1R;TYROBP,0.0251806511433648,0,0
M12_module,GO Biological Process,83,Cellular Response to Tumor Necrosis Factor (GO:0071356),0.0029855420932308,11.25283446712018,65.42368637507951,ZFP36;CCL5;GBP2,0.026294352652431,0,0
M12_module,GO Biological Process,84,Antigen Processing and Presentation of Exogenous Peptide Antigen via MHC Class II (GO:0019886),0.0030637473161426,27.05298913043478,156.58585273655547,FCER1G;CTSS,0.0266618962869083,0,0
M12_module,GO Biological Process,85,Regulation of T Cell Migration (GO:2000404),0.0033120172933686,25.924479166666668,148.03390444922684,CXCL10;CCL5,0.0284833487229706,0,0
M12_module,GO Biological Process,86,Antigen Processing and Presentation of Peptide Antigen via MHC Class II (GO:0002495),0.0035693908352267,24.88625,140.2429860657331,FCER1G;CTSS,0.0303398220994272,0,0
M12_module,GO Biological Process,87,Regulation of Cell Population Proliferation (GO:0042127),0.0036916110968586,3.4751008201549687,19.466445521978184,CXCL10;CSF1R;CLEC7A;HTR2B;CXCL1;IGFBP7;TIMP1;OSMR,0.0310180196759045,0,0
M12_module,GO Biological Process,88,Positive Regulation of Immune Response (GO:0050778),0.0038264040834055,10.270186335403729,57.16210914104268,CXCL10;CCL5;ITGB2,0.0315053362499053,0,0
M12_module,GO Biological Process,89,Positive Regulation of Leukocyte Migration (GO:0002687),0.0038358070126423,23.927884615384617,133.11980542706667,LGALS3;NCKAP1L,0.0315053362499053,0,0
M12_module,GO Biological Process,90,Positive Regulation of Cellular Process (GO:0048522),0.0043289177396613,3.726967066280833,20.28378611611429,CSF1R;ZFP36;CLEC7A;CCL5;HTR2B;TIMP1;OSMR,0.0345497719278929,0,0
M12_module,GO Biological Process,91,T Cell Activation Involved in Immune Response (GO:0002286),0.004395525019554,22.216517857142858,120.57278137525562,FCER1G;TYROBP,0.0345497719278929,0,0
M12_module,GO Biological Process,92,Positive Regulation of Calcium Ion Transport (GO:0051928),0.004395525019554,22.216517857142858,120.57278137525562,LGALS3;CCL5,0.0345497719278929,0,0
M12_module,GO Biological Process,93,Negative Regulation of Cell-Matrix Adhesion (GO:0001953),0.004395525019554,22.216517857142858,120.57278137525562,MMP12;SERPINE1,0.0345497719278929,0,0
M12_module,GO Biological Process,94,Innate Immune Response Activating Cell Surface Receptor Signaling Pathway (GO:0002220),0.0046887064481426,21.44935344827586,115.02427159714598,TYROBP;CLEC7A,0.0360783622483397,0,0
M12_module,GO Biological Process,95,Leukocyte Cell-Cell Adhesion (GO:0007159),0.0046887064481426,21.44935344827586,115.02427159714598,CCL5;ITGB2,0.0360783622483397,0,0
M12_module,GO Biological Process,96,Regulation of Extrinsic Apoptotic Signaling Pathway via Death Domain Receptors (GO:1902041),0.0049906897077273,20.733333333333334,109.89042273368166,LGALS3;SERPINE1,0.0380020226702987,0,0
M12_module,GO Biological Process,97,Positive Regulation of Cell Population Proliferation (GO:0008284),0.0051932692899067,4.0702928870292885,21.41133556723344,CSF1R;CLEC7A;CCL5;HTR2B;TIMP1;OSMR,0.0387533459765112,0,0
M12_module,GO Biological Process,98,Regulation of Angiogenesis (GO:0045765),0.0052090263164615,6.148355929562101,32.32413484394012,CXCL10;ANXA3;SERPINE1;CXCL13,0.0387533459765112,0,0
M12_module,GO Biological Process,99,Positive Regulation of Cell Development (GO:0010720),0.0053014153182641,20.063508064516128,105.1283974363864,MMP12;CLEC7A,0.0387533459765112,0,0
M12_module,GO Biological Process,100,Regulation of Cell Adhesion Mediated by Integrin (GO:0033628),0.0053014153182641,20.063508064516128,105.1283974363864,SERPINE1;NCKAP1L,0.0387533459765112,0,0
M12_module,GO Biological Process,101,Integrated Stress Response Signaling (GO:0140467),0.0056208240869096,19.435546875,100.70095183375612,CEBPD;FOS,0.0406814099755537,0,0
M12_module,GO Biological Process,102,Macrophage Activation (GO:0042116),0.0059488571064873,18.845643939393938,96.57556075420716,CD93;ITGB2,0.0426334759298261,0,0
M12_module,GO Biological Process,103,Regulation of Interleukin-6 Production (GO:0032675),0.0063589046719933,8.504075504075503,43.01275616024597,TYROBP;CLEC7A;NCKAP1L,0.0451297020895836,0,0
M12_module,GO Biological Process,104,Regulation of Erythrocyte Differentiation (GO:0045646),0.0069841168307233,17.272569444444443,85.74305098803407,ZFP36;NCKAP1L,0.0490902827236419,0,0
M12_module,GO Biological Process,105,Positive Regulation of Immune System Process (GO:0002684),0.0080949012269259,15.94150641025641,76.7825987015039,CXCL10;NCKAP1L,0.0563559313988846,0,0
M12_module,GO Biological Process,106,Defense Response to Fungus (GO:0050832),0.0084816782628139,15.5421875,74.13385549413645,CLEC4D;CLEC7A,0.0584915736803488,0,0
M12_module,GO Biological Process,107,Positive Regulation of Production of Molecular Mediator of Immune Response (GO:0002702),0.008876618402253,15.16234756097561,71.63200327629296,CLEC7A;IL2RG,0.0606430659069811,0,0
M12_module,GO Biological Process,108,Positive Regulation of Defense Response (GO:0031349),0.0091144275366837,7.426696662917135,34.889853576453575,LGALS3;CCL5;SERPINE1,0.0607405972898565,0,0
M12_module,GO Biological Process,109,Positive Regulation of Cell Motility (GO:2000147),0.0092468955480953,5.184726793943383,24.28249891843809,CSF1R;CLEC7A;FZD4;CCL5,0.0607405972898565,0,0
M12_module,GO Biological Process,110,Positive Regulation of Response to Biotic Stimulus (GO:0002833),0.0092796652525578,14.800595238095235,69.26574678291064,CCL5;LY86,0.0607405972898565,0,0
M12_module,GO Biological Process,111,Positive Regulation of Wound Healing (GO:0090303),0.0092796652525578,14.800595238095235,69.26574678291064,CLEC7A;SERPINE1,0.0607405972898565,0,0
M12_module,GO Biological Process,112,Regulation of Tumor Necrosis Factor Production (GO:0032680),0.0093063569035074,7.368303571428571,34.4619800286176,ZFP36;TYROBP;CLEC7A,0.0607405972898565,0,0
M12_module,GO Biological Process,113,Regulation of B Cell Proliferation (GO:0030888),0.0096907626909689,14.455668604651162,67.02489497669835,TYROBP;NCKAP1L,0.0626898011247639,0,0
M12_module,GO Biological Process,114,Regulation of Interleukin-10 Production (GO:0032653),0.0101098548652501,14.126420454545457,64.90023091346157,TYROBP;CLEC7A,0.0642635122304159,0,0
M12_module,GO Biological Process,115,Mononuclear Cell Differentiation (GO:1903131),0.0101098548652501,14.126420454545457,64.90023091346157,CSF1R;IL2RG,0.0642635122304159,0,0
M12_module,GO Biological Process,116,Cellular Response to Type II Interferon (GO:0071346),0.0105368862000838,13.811805555555557,62.88339944662853,CCL5;GBP2,0.0652751170530619,0,0
M12_module,GO Biological Process,117,Chemokine-Mediated Signaling Pathway (GO:0070098),0.0105368862000838,13.811805555555557,62.88339944662853,CXCL10;CCL5,0.0652751170530619,0,0
M12_module,GO Biological Process,118,Stem Cell Differentiation (GO:0048863),0.0105368862000838,13.811805555555557,62.88339944662853,MTF2;HTR2B,0.0652751170530619,0,0
M12_module,GO Biological Process,119,Cellular Response to Chemokine (GO:1990869),0.0109718013839528,13.51086956521739,60.9668100275446,CXCL10;CCL5,0.0673982085014246,0,0
M12_module,GO Biological Process,120,Regulation of Interleukin-2 Production (GO:0032663),0.0118650634107129,12.946614583333334,57.4073222604629,ZFP36;CLEC7A,0.0716806723407534,0,0
M12_module,GO Biological Process,121,Positive Regulation of Cell-Cell Adhesion (GO:0022409),0.0118650634107129,12.946614583333334,57.4073222604629,CCL5;CXCL13,0.0716806723407534,0,0
M12_module,GO Biological Process,122,Positive Regulation of Chemokine Production (GO:0032722),0.0137437897897283,11.948317307692308,51.22444610721821,CSF1R;CLEC7A,0.0815186903582572,0,0
M12_module,GO Biological Process,123,Regulation of Cytokine Production Involved in Inflammatory Response (GO:1900015),0.0142323657222521,11.722287735849056,49.84594131852239,ZFP36;CLEC7A,0.0815186903582572,0,0
M12_module,GO Biological Process,124,Positive Regulation of Interleukin-1 Beta Production (GO:0032731),0.0147283926208621,11.50462962962963,48.52627671548826,TYROBP;CLEC7A,0.0815186903582572,0,0
M12_module,GO Biological Process,125,Cellular Response to Fibroblast Growth Factor Stimulus (GO:0044344),0.0147283926208621,11.50462962962963,48.52627671548826,ZFP36;CCL5,0.0815186903582572,0,0
M12_module,GO Biological Process,126,Receptor Internalization (GO:0031623),0.0147283926208621,11.50462962962963,48.52627671548826,FCER1G;ITGB2,0.0815186903582572,0,0
M12_module,GO Biological Process,127,Cellular Response to Interleukin-1 (GO:0071347),0.0152318175549235,11.294886363636364,47.261969859575466,CCL5;GBP2,0.0815186903582572,0,0
M12_module,GO Biological Process,128,Mesenchymal Cell Differentiation (GO:0048762),0.0157425878544849,11.092633928571429,46.04980116642699,HTR2B;S100A4,0.0815186903582572,0,0
M12_module,GO Biological Process,129,Response to Interleukin-1 (GO:0070555),0.0162606511061238,10.897478070175438,44.88678989445044,CCL5;GBP2,0.0815186903582572,0,0
M12_module,GO Biological Process,130,B Cell Chemotaxis (GO:0035754),0.0163929514126727,76.65384615384616,315.11658961920176,CXCL13,0.0815186903582572,0,0
M12_module,GO Biological Process,131,Negative Regulation of Erythrocyte Differentiation (GO:0045647),0.0163929514126727,76.65384615384616,315.11658961920176,ZFP36,0.0815186903582572,0,0
M12_module,GO Biological Process,132,Negative Regulation of Macrophage Differentiation (GO:0045650),0.0163929514126727,76.65384615384616,315.11658961920176,C1QC,0.0815186903582572,0,0
M12_module,GO Biological Process,133,Negative Regulation of Mast Cell Activation (GO:0033004),0.0163929514126727,76.65384615384616,315.11658961920176,CD300LF,0.0815186903582572,0,0
M12_module,GO Biological Process,134,Positive Regulation of Neuroepithelial Cell Differentiation (GO:1902913),0.0163929514126727,76.65384615384616,315.11658961920176,SERPINE1,0.0815186903582572,0,0
M12_module,GO Biological Process,135,Regulation of Keratinocyte Apoptotic Process (GO:1902172),0.0163929514126727,76.65384615384616,315.11658961920176,ZFP36,0.0815186903582572,0,0
M12_module,GO Biological Process,136,"+ Reg of Nucleotide-Binding Domain, Leucine Rich Repeat Containing Receptor Sgnlng Pway (GO:0070426)",0.0163929514126727,76.65384615384616,315.11658961920176,SLC15A3,0.0815186903582572,0,0
M12_module,GO Biological Process,137,Positive Regulation of Odontoblast Differentiation (GO:1901331),0.0163929514126727,76.65384615384616,315.11658961920176,SERPINE1,0.0815186903582572,0,0
M12_module,GO Biological Process,138,Positive Regulation of Post-Transcriptional Gene Silencing by RNA (GO:1900370),0.0163929514126727,76.65384615384616,315.11658961920176,ZFP36,0.0815186903582572,0,0
M12_module,GO Biological Process,139,Negative Regulation of Trophoblast Cell Migration (GO:1901164),0.0163929514126727,76.65384615384616,315.11658961920176,TIMP1,0.0815186903582572,0,0
M12_module,GO Biological Process,140,Bradykinin Catabolic Process (GO:0010815),0.0163929514126727,76.65384615384616,315.11658961920176,MMP12,0.0815186903582572,0,0
M12_module,GO Biological Process,141,Cell Junction Disassembly (GO:0150146),0.0163929514126727,76.65384615384616,315.11658961920176,C1QC,0.0815186903582572,0,0
M12_module,GO Biological Process,142,Chronic Inflammatory Response (GO:0002544),0.0163929514126727,76.65384615384616,315.11658961920176,CXCL13,0.0815186903582572,0,0
M12_module,GO Biological Process,143,Reg of T Cell Act via T Cell Rec Contact With Ag Bound to MHC Mol on Ag Presenting Cell (GO:2001188),0.0163929514126727,76.65384615384616,315.11658961920176,LGALS3,0.0815186903582572,0,0
M12_module,GO Biological Process,144,Regulation of Antigen Processing and Presentation (GO:0002577),0.0163929514126727,76.65384615384616,315.11658961920176,CTSS,0.0815186903582572,0,0
M12_module,GO Biological Process,145,Positive Regulation of Cell Maturation (GO:1903431),0.0163929514126727,76.65384615384616,315.11658961920176,CLEC7A,0.0815186903582572,0,0
M12_module,GO Biological Process,146,Positive Regulation of Cell-Cell Adhesion Mediated by Integrin (GO:0033634),0.0163929514126727,76.65384615384616,315.11658961920176,CXCL13,0.0815186903582572,0,0
M12_module,GO Biological Process,147,Striated Muscle Hypertrophy (GO:0014897),0.0163929514126727,76.65384615384616,315.11658961920176,HTR2B,0.0815186903582572,0,0
M12_module,GO Biological Process,148,Response to Type II Interferon (GO:0034341),0.0167859551544596,10.70905172413793,43.7701726929984,CCL5;GBP2,0.0829090082291214,0,0
M12_module,GO Biological Process,149,Positive Regulation of Interleukin-1 Production (GO:0032732),0.018404794347285,10.180840163934429,40.67392337099801,TYROBP;CLEC7A,0.0849502102972638,0,0
M12_module,GO Biological Process,150,Positive Regulation of Interleukin-8 Production (GO:0032757),0.018404794347285,10.180840163934429,40.67392337099801,CLEC7A;SERPINE1,0.0849502102972638,0,0
M12_module,GO Biological Process,151,Regulation of Extrinsic Apoptotic Signaling Pathway (GO:2001236),0.0195192797200375,9.856646825396826,38.79923734134345,LGALS3;TNFRSF12A,0.0849502102972638,0,0
M12_module,GO Biological Process,152,Pattern Recognition Receptor Signaling Pathway (GO:0002221),0.0195192797200375,9.856646825396826,38.79923734134345,CLEC7A;CTSS,0.0849502102972638,0,0
M12_module,GO Biological Process,153,Cellular Response to Virus (GO:0098586),0.0195192797200375,9.856646825396826,38.79923734134345,CXCL10;CCL5,0.0849502102972638,0,0
M12_module,GO Biological Process,154,Positive Regulation of T Cell Proliferation (GO:0042102),0.0195192797200375,9.856646825396826,38.79923734134345,CCL5;NCKAP1L,0.0849502102972638,0,0
M12_module,GO Biological Process,155,Negative Regulation of Granulocyte Differentiation (GO:0030853),0.0196396519018298,61.32,241.0001522133395,C1QC,0.0849502102972638,0,0
M12_module,GO Biological Process,156,Positive Regulation of miRNA-mediated Gene Silencing (GO:2000637),0.0196396519018298,61.32,241.0001522133395,ZFP36,0.0849502102972638,0,0
M12_module,GO Biological Process,157,Negative Regulation of Membrane Protein Ectodomain Proteolysis (GO:0051045),0.0196396519018298,61.32,241.0001522133395,TIMP1,0.0849502102972638,0,0
M12_module,GO Biological Process,158,Regulation of Lymphocyte Apoptotic Process (GO:0070228),0.0196396519018298,61.32,241.0001522133395,LGALS3,0.0849502102972638,0,0
M12_module,GO Biological Process,159,Negative Regulation of Plasminogen Activation (GO:0010757),0.0196396519018298,61.32,241.0001522133395,SERPINE1,0.0849502102972638,0,0
M12_module,GO Biological Process,160,Positive Regulation of Pyroptotic Inflammatory Response (GO:0140639),0.0196396519018298,61.32,241.0001522133395,GBP2,0.0849502102972638,0,0
M12_module,GO Biological Process,161,Humoral Immune Response Mediated by Circulating Immunoglobulin (GO:0002455),0.0196396519018298,61.32,241.0001522133395,C1QC,0.0849502102972638,0,0
M12_module,GO Biological Process,162,Positive Regulation of Respiratory Burst (GO:0060267),0.0196396519018298,61.32,241.0001522133395,CLEC7A,0.0849502102972638,0,0
M12_module,GO Biological Process,163,Regulation of Natural Killer Cell Chemotaxis (GO:2000501),0.0196396519018298,61.32,241.0001522133395,CCL5,0.0849502102972638,0,0
M12_module,GO Biological Process,164,Interleukin-3-Mediated Signaling Pathway (GO:0038156),0.0196396519018298,61.32,241.0001522133395,FCER1G,0.0849502102972638,0,0
M12_module,GO Biological Process,165,Regulation of Osteoclast Development (GO:2001204),0.0196396519018298,61.32,241.0001522133395,TYROBP,0.0849502102972638,0,0
M12_module,GO Biological Process,166,"Nuclear-Transcribed mRNA Catabolic Process, Deadenylation-Independent Decay (GO:0031086)",0.0196396519018298,61.32,241.0001522133395,ZFP36,0.0849502102972638,0,0
M12_module,GO Biological Process,167,Regulation of Transforming Growth Factor Beta1 Production (GO:0032908),0.0196396519018298,61.32,241.0001522133395,TYROBP,0.0849502102972638,0,0
M12_module,GO Biological Process,168,Regulation of NK T Cell Activation (GO:0051133),0.0196396519018298,61.32,241.0001522133395,LGALS3,0.0849502102972638,0,0
M12_module,GO Biological Process,169,Positive Regulation of TORC2 Signaling (GO:1904515),0.0196396519018298,61.32,241.0001522133395,NCKAP1L,0.0849502102972638,0,0
M12_module,GO Biological Process,170,Negative Regulation of Viral Process (GO:0048525),0.0200869475105744,9.7021484375,37.91294042574778,ZFP36;CCL5,0.0857549175566654,0,0
M12_module,GO Biological Process,171,Negative Regulation of Cell Adhesion (GO:0007162),0.0206614981041463,9.552403846153846,37.058391249676575,FZD4;SERPINE1,0.0857549175566654,0,0
M12_module,GO Biological Process,172,Regulation of Cell Migration (GO:0030334),0.0208732367996756,3.3651518295635334,13.020739830647065,CSF1R;CLEC7A;FZD4;CCL5;SERPINE1,0.0857549175566654,0,0
M12_module,GO Biological Process,173,Regulation of T Cell Activation (GO:0050863),0.0212428813584607,9.407196969696969,36.23401509434124,LGALS3;CCL5,0.0857549175566654,0,0
M12_module,GO Biological Process,174,Extracellular Matrix Organization (GO:0030198),0.0223161077883621,5.255387071029529,19.983328378906517,MMP12;MMP13;CTSS,0.0857549175566654,0,0
M12_module,GO Biological Process,175,Regulation of Dopamine Metabolic Process (GO:0042053),0.0228757988010256,51.0974358974359,193.02954438325295,ITGB2,0.0857549175566654,0,0
M12_module,GO Biological Process,176,Regulation of Endothelial Cell-Matrix Adhesion via Fibronectin (GO:1904904),0.0228757988010256,51.0974358974359,193.02954438325295,MMP12,0.0857549175566654,0,0
M12_module,GO Biological Process,177,Positive Regulation of Lipopolysaccharide-Mediated Signaling Pathway (GO:0031666),0.0228757988010256,51.0974358974359,193.02954438325295,LY86,0.0857549175566654,0,0
M12_module,GO Biological Process,178,Positive Regulation of Monocyte Chemotactic Protein-1 Production (GO:0071639),0.0228757988010256,51.0974358974359,193.02954438325295,CLEC7A,0.0857549175566654,0,0
M12_module,GO Biological Process,179,Positive Regulation of Neuron Projection Arborization (GO:0150012),0.0228757988010256,51.0974358974359,193.02954438325295,FZD4,0.0857549175566654,0,0
M12_module,GO Biological Process,180,Positive Regulation of Phospholipid Biosynthetic Process (GO:0071073),0.0228757988010256,51.0974358974359,193.02954438325295,HTR2B,0.0857549175566654,0,0
M12_module,GO Biological Process,181,Regulation of miRNA-mediated Gene Silencing (GO:0060964),0.0228757988010256,51.0974358974359,193.02954438325295,ZFP36,0.0857549175566654,0,0
M12_module,GO Biological Process,182,Interleukin-2-Mediated Signaling Pathway (GO:0038110),0.0228757988010256,51.0974358974359,193.02954438325295,IL2RG,0.0857549175566654,0,0
M12_module,GO Biological Process,183,Regulation of Nucleotide-Binding Oligomerization Domain Containing 2 Signaling Pathway (GO:0070432),0.0228757988010256,51.0974358974359,193.02954438325295,SLC15A3,0.0857549175566654,0,0
M12_module,GO Biological Process,184,Cardiac Muscle Hypertrophy (GO:0003300),0.0228757988010256,51.0974358974359,193.02954438325295,HTR2B,0.0857549175566654,0,0
M12_module,GO Biological Process,185,Cellular Response to Granulocyte Macrophage Colony-Stimulating Factor Stimulus (GO:0097011),0.0228757988010256,51.0974358974359,193.02954438325295,ZFP36,0.0857549175566654,0,0
M12_module,GO Biological Process,186,Cellular Response to Interleukin-2 (GO:0071352),0.0228757988010256,51.0974358974359,193.02954438325295,IL2RG,0.0857549175566654,0,0
M12_module,GO Biological Process,187,"Positive Regulation of CD4-positive, Alpha-Beta T Cell Differentiation (GO:0043372)",0.0228757988010256,51.0974358974359,193.02954438325295,NCKAP1L,0.0857549175566654,0,0
M12_module,GO Biological Process,188,"Positive Regulation of CD8-positive, Alpha-Beta T Cell Activation (GO:2001187)",0.0228757988010256,51.0974358974359,193.02954438325295,NCKAP1L,0.0857549175566654,0,0
M12_module,GO Biological Process,189,Cellular Response to Thyroid Hormone Stimulus (GO:0097067),0.0228757988010256,51.0974358974359,193.02954438325295,CTSS,0.0857549175566654,0,0
M12_module,GO Biological Process,190,"Regulation of CD8-positive, Alpha-Beta T Cell Differentiation (GO:0043376)",0.0228757988010256,51.0974358974359,193.02954438325295,NCKAP1L,0.0857549175566654,0,0
M12_module,GO Biological Process,191,Response to Granulocyte Macrophage Colony-Stimulating Factor (GO:0097012),0.0228757988010256,51.0974358974359,193.02954438325295,ZFP36,0.0857549175566654,0,0
M12_module,GO Biological Process,192,Positive Regulation of Apoptotic Cell Clearance (GO:2000427),0.0228757988010256,51.0974358974359,193.02954438325295,CD300LF,0.0857549175566654,0,0
M12_module,GO Biological Process,193,Regulation of Apoptotic Cell Clearance (GO:2000425),0.0228757988010256,51.0974358974359,193.02954438325295,CD300LF,0.0857549175566654,0,0
M12_module,GO Biological Process,194,Negative Regulation of T Cell Mediated Cytotoxicity (GO:0001915),0.0228757988010256,51.0974358974359,193.02954438325295,NCKAP1L,0.0857549175566654,0,0
M12_module,GO Biological Process,195,Positive Regulation of Dendritic Cell Cytokine Production (GO:0002732),0.0228757988010256,51.0974358974359,193.02954438325295,CLEC7A,0.0857549175566654,0,0
M12_module,GO Biological Process,196,Negative Regulation of Extrinsic Apoptotic Signaling Pathway (GO:2001237),0.0236357467854419,8.867857142857142,33.21008082605125,LGALS3;SERPINE1,0.0881516882661124,0,0
M12_module,GO Biological Process,197,Positive Regulation of TOR Signaling (GO:0032008),0.0242505498384291,8.742517605633802,32.51618550693228,CCL5;NCKAP1L,0.0896898813482712,0,0
M12_module,GO Biological Process,198,Myeloid Leukocyte Differentiation (GO:0002573),0.0248718898609494,8.620659722222221,31.84486386225891,CSF1R;TYROBP,0.0896898813482712,0,0
M12_module,GO Biological Process,199,Negative Regulation of Cytokine Production (GO:0001818),0.0252822468920686,5.001519756838905,18.39385330518902,ZFP36;TYROBP;NCKAP1L,0.0896898813482712,0,0
M12_module,GO Biological Process,200,Synapse Pruning (GO:0098883),0.0261014256232818,43.79560439560439,159.66849674970803,C1QC,0.0896898813482712,0,0
M12_module,GO Biological Process,201,Regulation of Dendritic Cell Antigen Processing and Presentation (GO:0002604),0.0261014256232818,43.79560439560439,159.66849674970803,CD68,0.0896898813482712,0,0
M12_module,GO Biological Process,202,Regulation of Epithelial Cell Apoptotic Process (GO:1904035),0.0261014256232818,43.79560439560439,159.66849674970803,ZFP36,0.0896898813482712,0,0
M12_module,GO Biological Process,203,Negative Regulation of Leukocyte Degranulation (GO:0043301),0.0261014256232818,43.79560439560439,159.66849674970803,NCKAP1L,0.0896898813482712,0,0
M12_module,GO Biological Process,204,Positive Regulation of Membrane Invagination (GO:1905155),0.0261014256232818,43.79560439560439,159.66849674970803,NCKAP1L,0.0896898813482712,0,0
M12_module,GO Biological Process,205,Regulation of Morphogenesis of an Epithelium (GO:1905330),0.0261014256232818,43.79560439560439,159.66849674970803,CXCL10,0.0896898813482712,0,0
M12_module,GO Biological Process,206,Negative Regulation of Transforming Growth Factor Beta Production (GO:0071635),0.0261014256232818,43.79560439560439,159.66849674970803,TYROBP,0.0896898813482712,0,0
M12_module,GO Biological Process,207,Regulation of Response to Wounding (GO:1903034),0.0261014256232818,43.79560439560439,159.66849674970803,TNFRSF12A,0.0896898813482712,0,0
M12_module,GO Biological Process,208,Regulation of Tumor Necrosis Factor Superfamily Cytokine Production (GO:1903555),0.0261014256232818,43.79560439560439,159.66849674970803,ZFP36,0.0896898813482712,0,0
M12_module,GO Biological Process,209,Regulation of 3'-UTR-mediated mRNA Stabilization (GO:1905868),0.0261014256232818,43.79560439560439,159.66849674970803,ZFP36,0.0896898813482712,0,0
M12_module,GO Biological Process,210,Response to Thyroid Hormone (GO:0097066),0.0261014256232818,43.79560439560439,159.66849674970803,CTSS,0.0896898813482712,0,0
M12_module,GO Biological Process,211,Negative Regulation of T Cell Apoptotic Process (GO:0070233),0.0261014256232818,43.79560439560439,159.66849674970803,CCL5,0.0896898813482712,0,0
M12_module,GO Biological Process,212,Positive Regulation of Epithelial Cell Proliferation Involved in Wound Healing (GO:0060054),0.0261014256232818,43.79560439560439,159.66849674970803,MMP12,0.0896898813482712,0,0
M12_module,GO Biological Process,213,Positive Regulation of Protein Localization to Membrane (GO:1905477),0.0261339873148861,8.386824324324325,30.565937377466756,LGALS3;ITGB2,0.0896898813482712,0,0
M12_module,GO Biological Process,214,Positive Regulation of Interleukin-6 Production (GO:0032755),0.0267746486019392,8.274583333333334,29.956472277898083,TYROBP;CLEC7A,0.0906123524445257,0,0
M12_module,GO Biological Process,215,Positive Regulation of Lymphocyte Proliferation (GO:0050671),0.0267746486019392,8.274583333333334,29.956472277898083,CCL5;NCKAP1L,0.0906123524445257,0,0
M12_module,GO Biological Process,216,Cellular Response to UV (GO:0034644),0.0267746486019392,8.274583333333334,29.956472277898083,MMP12;TIMP1,0.0906123524445257,0,0
M12_module,GO Biological Process,217,Endothelial Cell Chemotaxis (GO:0035767),0.0293165658483658,38.31923076923077,135.2516540781936,CXCL13,0.0919760070178344,0,0
M12_module,GO Biological Process,218,B Cell Homeostasis (GO:0001782),0.0293165658483658,38.31923076923077,135.2516540781936,NCKAP1L,0.0919760070178344,0,0
M12_module,GO Biological Process,219,Negative Regulation of Long-Term Synaptic Potentiation (GO:1900272),0.0293165658483658,38.31923076923077,135.2516540781936,TYROBP,0.0919760070178344,0,0
M12_module,GO Biological Process,220,Negative Regulation of Lymphocyte Apoptotic Process (GO:0070229),0.0293165658483658,38.31923076923077,135.2516540781936,CCL5,0.0919760070178344,0,0
M12_module,GO Biological Process,221,Vasoconstriction (GO:0042310),0.0293165658483658,38.31923076923077,135.2516540781936,HTR2B,0.0919760070178344,0,0
M12_module,GO Biological Process,222,"Positive Regulation of Phagocytosis, Engulfment (GO:0060100)",0.0293165658483658,38.31923076923077,135.2516540781936,NCKAP1L,0.0919760070178344,0,0
M12_module,GO Biological Process,223,Positive Regulation of Phospholipase Activity (GO:0010518),0.0293165658483658,38.31923076923077,135.2516540781936,CCL5,0.0919760070178344,0,0
M12_module,GO Biological Process,224,Granulocyte Migration (GO:0097530),0.0293165658483658,38.31923076923077,135.2516540781936,ITGB2,0.0919760070178344,0,0
M12_module,GO Biological Process,225,Regulation of Mast Cell Activation (GO:0033003),0.0293165658483658,38.31923076923077,135.2516540781936,CD300LF,0.0919760070178344,0,0
M12_module,GO Biological Process,226,Hormone Catabolic Process (GO:0042447),0.0293165658483658,38.31923076923077,135.2516540781936,MMP12,0.0919760070178344,0,0
M12_module,GO Biological Process,227,Antibacterial Innate Immune Response (GO:0140367),0.0293165658483658,38.31923076923077,135.2516540781936,MPEG1,0.0919760070178344,0,0
M12_module,GO Biological Process,228,Interleukin-15-Mediated Signaling Pathway (GO:0035723),0.0293165658483658,38.31923076923077,135.2516540781936,IL2RG,0.0919760070178344,0,0
M12_module,GO Biological Process,229,Regulation of Odontoblast Differentiation (GO:1901329),0.0293165658483658,38.31923076923077,135.2516540781936,SERPINE1,0.0919760070178344,0,0
M12_module,GO Biological Process,230,Regulation of Respiratory Burst (GO:0060263),0.0293165658483658,38.31923076923077,135.2516540781936,CLEC7A,0.0919760070178344,0,0
M12_module,GO Biological Process,231,Regulation of Vascular Wound Healing (GO:0061043),0.0293165658483658,38.31923076923077,135.2516540781936,SERPINE1,0.0919760070178344,0,0
M12_module,GO Biological Process,232,Cellular Response to Interleukin-15 (GO:0071350),0.0293165658483658,38.31923076923077,135.2516540781936,IL2RG,0.0919760070178344,0,0
M12_module,GO Biological Process,233,Negative Regulation of Cell Adhesion Mediated by Integrin (GO:0033629),0.0293165658483658,38.31923076923077,135.2516540781936,SERPINE1,0.0919760070178344,0,0
M12_module,GO Biological Process,234,Intracellular Signaling Cassette (GO:0141124),0.029482778152613,3.6099539170506914,12.721293414978163,ZFP36;CEBPD;HTR2B;FOS,0.0921021830323083,0,0
M12_module,GO Biological Process,235,Positive Regulation of Canonical NF-kappaB Signal Transduction (GO:0043123),0.0299242266612235,4.674958540630183,16.404835634765753,CLEC7A;HTR2B;S100A4,0.0927542736896917,0,0
M12_module,GO Biological Process,236,Regulation of Interleukin-1 Beta Production (GO:0032651),0.0300721790211449,7.75546875,27.17636319898758,TYROBP;CLEC7A,0.0927542736896917,0,0
M12_module,GO Biological Process,237,Positive Regulation of Tumor Necrosis Factor Production (GO:0032760),0.0300721790211449,7.75546875,27.17636319898758,TYROBP;CLEC7A,0.0927542736896917,0,0
M12_module,GO Biological Process,238,Regulation of Interleukin-8 Production (GO:0032677),0.0307502008400858,7.659336419753086,26.668727558092545,CLEC7A;SERPINE1,0.0943374439503311,0,0
M12_module,GO Biological Process,239,Positive Regulation of Tumor Necrosis Factor Superfamily Cytokine Production (GO:1903557),0.0321243883224849,7.474021084337349,25.6967291804094,TYROBP;CLEC7A,0.0943374439503311,0,0
M12_module,GO Biological Process,240,Positive Regulation of Hemostasis (GO:1900048),0.0325212529076381,34.05982905982906,116.68425597420442,SERPINE1,0.0943374439503311,0,0
M12_module,GO Biological Process,241,Positive Regulation of Integrin Activation (GO:0033625),0.0325212529076381,34.05982905982906,116.68425597420442,CXCL13,0.0943374439503311,0,0
M12_module,GO Biological Process,242,Negative Regulation of Interleukin-17 Production (GO:0032700),0.0325212529076381,34.05982905982906,116.68425597420442,NCKAP1L,0.0943374439503311,0,0
M12_module,GO Biological Process,243,Regulation of Granulocyte Differentiation (GO:0030852),0.0325212529076381,34.05982905982906,116.68425597420442,C1QC,0.0943374439503311,0,0
M12_module,GO Biological Process,244,TRIF-dependent Toll-Like Receptor Signaling Pathway (GO:0035666),0.0325212529076381,34.05982905982906,116.68425597420442,CD300LF,0.0943374439503311,0,0
M12_module,GO Biological Process,245,Regulation of Macrophage Migration (GO:1905521),0.0325212529076381,34.05982905982906,116.68425597420442,CSF1R,0.0943374439503311,0,0
M12_module,GO Biological Process,246,Regulation of Monocyte Chemotactic Protein-1 Production (GO:0071637),0.0325212529076381,34.05982905982906,116.68425597420442,CLEC7A,0.0943374439503311,0,0
M12_module,GO Biological Process,247,Regulation of Neutrophil Migration (GO:1902622),0.0325212529076381,34.05982905982906,116.68425597420442,NCKAP1L,0.0943374439503311,0,0
M12_module,GO Biological Process,248,"Regulation of Phagocytosis, Engulfment (GO:0060099)",0.0325212529076381,34.05982905982906,116.68425597420442,NCKAP1L,0.0943374439503311,0,0
M12_module,GO Biological Process,249,Basement Membrane Organization (GO:0071711),0.0325212529076381,34.05982905982906,116.68425597420442,CTSS,0.0943374439503311,0,0
M12_module,GO Biological Process,250,Cellular Response to Oxidised Low-Density Lipoprotein Particle Stimulus (GO:0140052),0.0325212529076381,34.05982905982906,116.68425597420442,CD68,0.0943374439503311,0,0
M12_module,GO Biological Process,251,Response to Yeast (GO:0001878),0.0325212529076381,34.05982905982906,116.68425597420442,CLEC7A,0.0943374439503311,0,0
M12_module,GO Biological Process,252,Negative Regulation of B Cell Proliferation (GO:0030889),0.0325212529076381,34.05982905982906,116.68425597420442,TYROBP,0.0943374439503311,0,0
M12_module,GO Biological Process,253,Defense Response to Gram-negative Bacterium (GO:0050829),0.0335224615624403,7.297426470588236,24.778700343191936,SERPINE1;MPEG1,0.0968573889412803,0,0
M12_module,GO Biological Process,254,Establishment of Protein Localization to Organelle (GO:0072594),0.0356635618341995,7.0475852272727275,23.494011859266895,MMP12;CD68,0.0977829409213967,0,0
M12_module,GO Biological Process,255,Regulation of Dendritic Cell Differentiation (GO:2001198),0.0357155201450245,30.65230769230769,102.13869848967184,LGALS3,0.0977829409213967,0,0
M12_module,GO Biological Process,256,Negative Regulation of Fibrinolysis (GO:0051918),0.0357155201450245,30.65230769230769,102.13869848967184,SERPINE1,0.0977829409213967,0,0
M12_module,GO Biological Process,257,MyD88-independent Toll-Like Receptor Signaling Pathway (GO:0002756),0.0357155201450245,30.65230769230769,102.13869848967184,CD300LF,0.0977829409213967,0,0
M12_module,GO Biological Process,258,"+ Reg of Nuclear-Transcribed mRNA Cat Proc, Deadenylation-Dep Decay (GO:1900153)",0.0357155201450245,30.65230769230769,102.13869848967184,ZFP36,0.0977829409213967,0,0
M12_module,GO Biological Process,259,Macrophage Activation Involved in Immune Response (GO:0002281),0.0357155201450245,30.65230769230769,102.13869848967184,TYROBP,0.0977829409213967,0,0
M12_module,GO Biological Process,260,Phasic Smooth Muscle Contraction (GO:0014821),0.0357155201450245,30.65230769230769,102.13869848967184,HTR2B,0.0977829409213967,0,0
M12_module,GO Biological Process,261,Cellular Response to UV-B (GO:0071493),0.0357155201450245,30.65230769230769,102.13869848967184,MMP12,0.0977829409213967,0,0
M12_module,GO Biological Process,262,Positive Regulation of B Cell Differentiation (GO:0045579),0.0357155201450245,30.65230769230769,102.13869848967184,NCKAP1L,0.0977829409213967,0,0
M12_module,GO Biological Process,263,Positive Regulation of T Cell Apoptotic Process (GO:0070234),0.0357155201450245,30.65230769230769,102.13869848967184,CCL5,0.0977829409213967,0,0
M12_module,GO Biological Process,264,Monocyte Differentiation (GO:0030224),0.0357155201450245,30.65230769230769,102.13869848967184,CSF1R,0.0977829409213967,0,0
M12_module,GO Biological Process,265,Regulation of TORC2 Signaling (GO:1903939),0.0357155201450245,30.65230769230769,102.13869848967184,NCKAP1L,0.0977829409213967,0,0
M12_module,GO Biological Process,266,Negative Regulation of Alpha-Beta T Cell Activation (GO:0046636),0.0357155201450245,30.65230769230769,102.13869848967184,LGALS3,0.0977829409213967,0,0
M12_module,GO Biological Process,267,Regulation of Cell Activation (GO:0050865),0.0357155201450245,30.65230769230769,102.13869848967184,FCER1G,0.0977829409213967,0,0
M12_module,GO Biological Process,268,Positive Regulation of Cell Adhesion (GO:0045785),0.0371197646511306,6.8902777777777775,22.69385824134354,CCL5;NCKAP1L,0.1001248662749844,0,0
M12_module,GO Biological Process,269,Positive Regulation of Cellular Component Biogenesis (GO:0044089),0.0378563733816053,6.814217032967033,22.309446249943033,LGALS3;CLEC7A,0.1001248662749844,0,0
M12_module,GO Biological Process,270,Negative Regulation of Angiogenesis (GO:0016525),0.0378563733816053,6.814217032967033,22.309446249943033,CXCL10;SERPINE1,0.1001248662749844,0,0
M12_module,GO Biological Process,271,Regulation of Immune Response (GO:0050776),0.0385985948574923,6.739809782608695,21.93497652529572,CXCL10;CXCL13,0.1001248662749844,0,0
M12_module,GO Biological Process,272,Erythrocyte Development (GO:0048821),0.0388994008510199,27.864335664335663,90.46926829385504,NCKAP1L,0.1001248662749844,0,0
M12_module,GO Biological Process,273,Negative Regulation of Hemostasis (GO:1900047),0.0388994008510199,27.864335664335663,90.46926829385504,SERPINE1,0.1001248662749844,0,0
M12_module,GO Biological Process,274,Positive Regulation of Leukocyte Degranulation (GO:0043302),0.0388994008510199,27.864335664335663,90.46926829385504,ITGB2,0.1001248662749844,0,0
M12_module,GO Biological Process,275,Fibrinolysis (GO:0042730),0.0388994008510199,27.864335664335663,90.46926829385504,SERPINE1,0.1001248662749844,0,0
M12_module,GO Biological Process,276,Positive Regulation of Natural Killer Cell Activation (GO:0032816),0.0388994008510199,27.864335664335663,90.46926829385504,TYROBP,0.1001248662749844,0,0
M12_module,GO Biological Process,277,"Wound Healing, Spreading of Epidermal Cells (GO:0035313)",0.0388994008510199,27.864335664335663,90.46926829385504,MMP12,0.1001248662749844,0,0
M12_module,GO Biological Process,278,Positive Regulation of Nuclear-Transcribed mRNA poly(A) Tail Shortening (GO:0060213),0.0388994008510199,27.864335664335663,90.46926829385504,ZFP36,0.1001248662749844,0,0
M12_module,GO Biological Process,279,Regulation of Leukocyte Adhesion to Vascular Endothelial Cell (GO:1904994),0.0388994008510199,27.864335664335663,90.46926829385504,ITGB2,0.1001248662749844,0,0
M12_module,GO Biological Process,280,T Cell Chemotaxis (GO:0010818),0.0388994008510199,27.864335664335663,90.46926829385504,CXCL10,0.1001248662749844,0,0
M12_module,GO Biological Process,281,Positive Regulation of Protein Localization to Cell Surface (GO:2000010),0.0388994008510199,27.864335664335663,90.46926829385504,TYROBP,0.1001248662749844,0,0
M12_module,GO Biological Process,282,p38MAPK Cascade (GO:0038066),0.0388994008510199,27.864335664335663,90.46926829385504,ZFP36,0.1001248662749844,0,0
M12_module,GO Biological Process,283,"Positive Regulation of CD4-positive, Alpha-Beta T Cell Activation (GO:2000516)",0.0388994008510199,27.864335664335663,90.46926829385504,NCKAP1L,0.1001248662749844,0,0
M12_module,GO Biological Process,284,"Regulation of CD4-positive, Alpha-Beta T Cell Differentiation (GO:0043370)",0.0388994008510199,27.864335664335663,90.46926829385504,NCKAP1L,0.1001248662749844,0,0
M12_module,GO Biological Process,285,Defense Response to Gram-positive Bacterium (GO:0050830),0.0416227350237659,6.457682291666667,20.529674252362188,GBP2;MPEG1,0.1035532340538978,0,0
M12_module,GO Biological Process,286,Regulation of Homotypic Cell-Cell Adhesion (GO:0034110),0.0420729281997368,25.54102564102564,80.9229285312976,CCL5,0.1035532340538978,0,0
M12_module,GO Biological Process,287,Regulation of Humoral Immune Response (GO:0002920),0.0420729281997368,25.54102564102564,80.9229285312976,CXCL13,0.1035532340538978,0,0
M12_module,GO Biological Process,288,Granulocyte Activation (GO:0036230),0.0420729281997368,25.54102564102564,80.9229285312976,CCL5,0.1035532340538978,0,0
M12_module,GO Biological Process,289,Positive Regulation of Protein Tyrosine Kinase Activity (GO:0061098),0.0420729281997368,25.54102564102564,80.9229285312976,CSF1R,0.1035532340538978,0,0
M12_module,GO Biological Process,290,Regulation of Neuron Projection Arborization (GO:0150011),0.0420729281997368,25.54102564102564,80.9229285312976,FZD4,0.1035532340538978,0,0
M12_module,GO Biological Process,291,Cell Projection Assembly (GO:0030031),0.0420729281997368,25.54102564102564,80.9229285312976,NCKAP1L,0.1035532340538978,0,0
M12_module,GO Biological Process,292,Positive Regulation of T-helper 17 Type Immune Response (GO:2000318),0.0420729281997368,25.54102564102564,80.9229285312976,CLEC7A,0.1035532340538978,0,0
M12_module,GO Biological Process,293,Positive Regulation of Alpha-Beta T Cell Differentiation (GO:0046638),0.0420729281997368,25.54102564102564,80.9229285312976,NCKAP1L,0.1035532340538978,0,0
M12_module,GO Biological Process,294,Regulation of T-helper 17 Type Immune Response (GO:2000316),0.0420729281997368,25.54102564102564,80.9229285312976,CLEC7A,0.1035532340538978,0,0
M12_module,GO Biological Process,295,Negative Regulation by Host of Viral Transcription (GO:0043922),0.0420729281997368,25.54102564102564,80.9229285312976,CCL5,0.1035532340538978,0,0
M12_module,GO Biological Process,296,Positive Regulation of Calcium Ion Import (GO:0090280),0.0420729281997368,25.54102564102564,80.9229285312976,LGALS3,0.1035532340538978,0,0
M12_module,GO Biological Process,297,Positive Regulation of Coagulation (GO:0050820),0.0420729281997368,25.54102564102564,80.9229285312976,SERPINE1,0.1035532340538978,0,0
M12_module,GO Biological Process,298,Negative Regulation of Coagulation (GO:0050819),0.0452361352854174,23.57514792899408,72.98533526719285,SERPINE1,0.1059859451719236,0,0
M12_module,GO Biological Process,299,Regulation of Coagulation (GO:0050818),0.0452361352854174,23.57514792899408,72.98533526719285,SERPINE1,0.1059859451719236,0,0
M12_module,GO Biological Process,300,G Protein-Coupled Serotonin Receptor Signaling Pathway (GO:0098664),0.0452361352854174,23.57514792899408,72.98533526719285,HTR2B,0.1059859451719236,0,0
M12_module,GO Biological Process,301,Regulation of Leukocyte Migration (GO:0002685),0.0452361352854174,23.57514792899408,72.98533526719285,NCKAP1L,0.1059859451719236,0,0
M12_module,GO Biological Process,302,Negative Regulation of Smooth Muscle Cell Migration (GO:0014912),0.0452361352854174,23.57514792899408,72.98533526719285,SERPINE1,0.1059859451719236,0,0
M12_module,GO Biological Process,303,Negative Regulation of Toll-Like Receptor Signaling Pathway (GO:0034122),0.0452361352854174,23.57514792899408,72.98533526719285,CD300LF,0.1059859451719236,0,0
M12_module,GO Biological Process,304,Positive Regulation of Syncytium Formation by Plasma Membrane Fusion (GO:0060143),0.0452361352854174,23.57514792899408,72.98533526719285,TYROBP,0.1059859451719236,0,0
M12_module,GO Biological Process,305,Regulation of Nuclear-Transcribed mRNA poly(A) Tail Shortening (GO:0060211),0.0452361352854174,23.57514792899408,72.98533526719285,ZFP36,0.1059859451719236,0,0
M12_module,GO Biological Process,306,Negative Regulation of Viral Transcription (GO:0032897),0.0452361352854174,23.57514792899408,72.98533526719285,ZFP36,0.1059859451719236,0,0
M12_module,GO Biological Process,307,Neutrophil Mediated Immunity (GO:0002446),0.0452361352854174,23.57514792899408,72.98533526719285,ANXA3,0.1059859451719236,0,0
M12_module,GO Biological Process,308,Bone Morphogenesis (GO:0060349),0.0452361352854174,23.57514792899408,72.98533526719285,MMP13,0.1059859451719236,0,0
M12_module,GO Biological Process,309,Cell-Cell Junction Maintenance (GO:0045217),0.0452361352854174,23.57514792899408,72.98533526719285,CSF1R,0.1059859451719236,0,0
M12_module,GO Biological Process,310,Regulation of Trophoblast Cell Migration (GO:1901163),0.0452361352854174,23.57514792899408,72.98533526719285,TIMP1,0.1059859451719236,0,0
M12_module,GO Biological Process,311,Positive Regulation of Acute Inflammatory Response (GO:0002675),0.0452361352854174,23.57514792899408,72.98533526719285,OSMR,0.1059859451719236,0,0
M12_module,GO Biological Process,312,+ Reg of Adaptive Imm Resp Based on Som Recomb of Imm Rcptrs Built Frm IgSF Domains (GO:0002824),0.0452361352854174,23.57514792899408,72.98533526719285,CLEC7A,0.1059859451719236,0,0
M12_module,GO Biological Process,313,Calcium Ion Homeostasis (GO:0055074),0.0471210948671401,6.016686893203883,18.381186059636324,CCL5;HTR2B,0.1100495857759726,0,0
M12_module,GO Biological Process,314,Negative Regulation of Immune Effector Process (GO:0002698),0.0483890551226402,21.89010989010989,66.29379556401673,LGALS3,0.1108852642465519,0,0
M12_module,GO Biological Process,315,Negative Regulation of Phagocytosis (GO:0050765),0.0483890551226402,21.89010989010989,66.29379556401673,CD300LF,0.1108852642465519,0,0
M12_module,GO Biological Process,316,Amyloid-Beta Metabolic Process (GO:0050435),0.0483890551226402,21.89010989010989,66.29379556401673,MMP12,0.1108852642465519,0,0
M12_module,GO Biological Process,317,Mammary Gland Epithelium Development (GO:0061180),0.0483890551226402,21.89010989010989,66.29379556401673,CSF1R,0.1108852642465519,0,0
M12_module,GO Biological Process,318,Dendritic Cell Chemotaxis (GO:0002407),0.0483890551226402,21.89010989010989,66.29379556401673,CCL5,0.1108852642465519,0,0
M12_module,GO Biological Process,319,Regulation of Bone Remodeling (GO:0046850),0.0483890551226402,21.89010989010989,66.29379556401673,CSF1R,0.1108852642465519,0,0
M12_module,GO Biological Process,320,Regulation of Inflammatory Response (GO:0050727),0.0492050007639325,3.81107239643825,11.47803547351,LGALS3;CCL5;SERPINE1,0.1124026736201084,0,0
M12_module,GO Biological Process,321,Positive Regulation of Vasculature Development (GO:1904018),0.0503761645409737,5.790595794392523,17.303673424471118,ANXA3;SERPINE1,0.1135417292773869,0,0
M12_module,GO Biological Process,322,Negative Regulation of Interleukin-10 Production (GO:0032693),0.0515317205977756,20.42974358974359,60.58558396287635,TYROBP,0.1135417292773869,0,0
M12_module,GO Biological Process,323,Regulation of Fibrinolysis (GO:0051917),0.0515317205977756,20.42974358974359,60.58558396287635,SERPINE1,0.1135417292773869,0,0
M12_module,GO Biological Process,324,Regulation of Macrophage Differentiation (GO:0045649),0.0515317205977756,20.42974358974359,60.58558396287635,C1QC,0.1135417292773869,0,0
M12_module,GO Biological Process,325,Negative Regulation of Protein Processing (GO:0010955),0.0515317205977756,20.42974358974359,60.58558396287635,SERPINE1,0.1135417292773869,0,0
M12_module,GO Biological Process,326,Regulation of Natural Killer Cell Activation (GO:0032814),0.0515317205977756,20.42974358974359,60.58558396287635,TYROBP,0.1135417292773869,0,0
M12_module,GO Biological Process,327,Regulation of Plasminogen Activation (GO:0010755),0.0515317205977756,20.42974358974359,60.58558396287635,SERPINE1,0.1135417292773869,0,0
M12_module,GO Biological Process,328,Cellular Response to Corticosteroid Stimulus (GO:0071384),0.0515317205977756,20.42974358974359,60.58558396287635,ZFP36,0.1135417292773869,0,0
M12_module,GO Biological Process,329,Response to UV-B (GO:0010224),0.0515317205977756,20.42974358974359,60.58558396287635,MMP12,0.1135417292773869,0,0
M12_module,GO Biological Process,330,Ruffle Organization (GO:0031529),0.0515317205977756,20.42974358974359,60.58558396287635,CSF1R,0.1135417292773869,0,0
M12_module,GO Biological Process,331,External Encapsulating Structure Organization (GO:0045229),0.0520334874253415,5.683772935779817,16.80048128245357,MMP12;MMP13,0.1135417292773869,0,0
M12_module,GO Biological Process,332,Extracellular Structure Organization (GO:0043062),0.0520334874253415,5.683772935779817,16.80048128245357,MMP12;MMP13,0.1135417292773869,0,0
M12_module,GO Biological Process,333,Positive Regulation of GTPase Activity (GO:0043547),0.0520334874253415,5.683772935779817,16.80048128245357,RGS1;CXCL13,0.1135417292773869,0,0
M12_module,GO Biological Process,334,Positive Regulation of T Cell Activation (GO:0050870),0.0520334874253415,5.683772935779817,16.80048128245357,CCL5;NCKAP1L,0.1135417292773869,0,0
M12_module,GO Biological Process,335,Positive Regulation of Cellular Component Organization (GO:0051130),0.0520334874253415,5.683772935779817,16.80048128245357,LGALS3;CLEC7A,0.1135417292773869,0,0
M12_module,GO Biological Process,336,3'-UTR-mediated mRNA Destabilization (GO:0061158),0.05466416452658,19.151923076923076,55.66596287289847,ZFP36,0.1151570728211239,0,0
M12_module,GO Biological Process,337,Positive Regulation of Interleukin-4 Production (GO:0032753),0.05466416452658,19.151923076923076,55.66596287289847,FCER1G,0.1151570728211239,0,0
M12_module,GO Biological Process,338,Positive Regulation of Leukocyte Adhesion to Vascular Endothelial Cell (GO:1904996),0.05466416452658,19.151923076923076,55.66596287289847,ITGB2,0.1151570728211239,0,0
M12_module,GO Biological Process,339,Positive Regulation of Leukocyte Proliferation (GO:0070665),0.05466416452658,19.151923076923076,55.66596287289847,CSF1R,0.1151570728211239,0,0
M12_module,GO Biological Process,340,Positive Regulation of Smooth Muscle Cell Migration (GO:0014911),0.05466416452658,19.151923076923076,55.66596287289847,CCL5,0.1151570728211239,0,0
M12_module,GO Biological Process,341,Regulation of Protein Tyrosine Kinase Activity (GO:0061097),0.05466416452658,19.151923076923076,55.66596287289847,CSF1R,0.1151570728211239,0,0
M12_module,GO Biological Process,342,Lymphocyte Mediated Immunity (GO:0002449),0.05466416452658,19.151923076923076,55.66596287289847,TYROBP,0.1151570728211239,0,0
M12_module,GO Biological Process,343,Carbohydrate Derivative Transport (GO:1901264),0.05466416452658,19.151923076923076,55.66596287289847,SLC15A3,0.1151570728211239,0,0
M12_module,GO Biological Process,344,Cell Junction Maintenance (GO:0034331),0.05466416452658,19.151923076923076,55.66596287289847,CSF1R,0.1151570728211239,0,0
M12_module,GO Biological Process,345,miRNA-mediated Gene Silencing by Inhibition of Translation (GO:0035278),0.05466416452658,19.151923076923076,55.66596287289847,ZFP36,0.1151570728211239,0,0
M12_module,GO Biological Process,346,Positive Chemotaxis (GO:0050918),0.05466416452658,19.151923076923076,55.66596287289847,LGALS3,0.1151570728211239,0,0
M12_module,GO Biological Process,347,Cortical Actin Cytoskeleton Organization (GO:0030866),0.05466416452658,19.151923076923076,55.66596287289847,NCKAP1L,0.1151570728211239,0,0
M12_module,GO Biological Process,348,Protein Processing (GO:0016485),0.0554060969519058,5.481471238938053,15.85825608706145,MMP12;CTSS,0.1163687954216434,0,0
M12_module,GO Biological Process,349,Positive Regulation of Homotypic Cell-Cell Adhesion (GO:0034112),0.0577864196143044,18.02443438914027,51.387689221977354,CCL5,0.1163687954216434,0,0
M12_module,GO Biological Process,350,Regulation of Epidermal Cell Differentiation (GO:0045604),0.0577864196143044,18.02443438914027,51.387689221977354,ZFP36,0.1163687954216434,0,0
M12_module,GO Biological Process,351,Regulation of Integrin-Mediated Signaling Pathway (GO:2001044),0.0577864196143044,18.02443438914027,51.387689221977354,TIMP1,0.1163687954216434,0,0
M12_module,GO Biological Process,352,SMAD Protein Signal Transduction (GO:0060395),0.0577864196143044,18.02443438914027,51.387689221977354,FOS,0.1163687954216434,0,0
M12_module,GO Biological Process,353,Regulation of Lymphocyte Activation (GO:0051249),0.0577864196143044,18.02443438914027,51.387689221977354,CLEC7A,0.1163687954216434,0,0
M12_module,GO Biological Process,354,Regulation of Lymphocyte Proliferation (GO:0050670),0.0577864196143044,18.02443438914027,51.387689221977354,LGALS3,0.1163687954216434,0,0
M12_module,GO Biological Process,355,Negative Regulation of Reproductive Process (GO:2000242),0.0577864196143044,18.02443438914027,51.387689221977354,TIMP1,0.1163687954216434,0,0
M12_module,GO Biological Process,356,Neural Crest Cell Differentiation (GO:0014033),0.0577864196143044,18.02443438914027,51.387689221977354,HTR2B,0.1163687954216434,0,0
M12_module,GO Biological Process,357,Nuclear-Transcribed mRNA poly(A) Tail Shortening (GO:0000289),0.0577864196143044,18.02443438914027,51.387689221977354,ZFP36,0.1163687954216434,0,0
M12_module,GO Biological Process,358,Cellular Response to Glucocorticoid Stimulus (GO:0071385),0.0577864196143044,18.02443438914027,51.387689221977354,ZFP36,0.1163687954216434,0,0
M12_module,GO Biological Process,359,Regulation of Viral Transcription (GO:0046782),0.0577864196143044,18.02443438914027,51.387689221977354,ZFP36,0.1163687954216434,0,0
M12_module,GO Biological Process,360,Response to Axon Injury (GO:0048678),0.0577864196143044,18.02443438914027,51.387689221977354,TYROBP,0.1163687954216434,0,0
M12_module,GO Biological Process,361,Regulation of Acute Inflammatory Response (GO:0002673),0.0577864196143044,18.02443438914027,51.387689221977354,OSMR,0.1163687954216434,0,0
M12_module,GO Biological Process,362,Dendritic Cell Migration (GO:0036336),0.0577864196143044,18.02443438914027,51.387689221977354,CCL5,0.1163687954216434,0,0
M12_module,GO Biological Process,363,Positive Regulation of Cytokine Production Involved in Inflammatory Response (GO:1900017),0.0577864196143044,18.02443438914027,51.387689221977354,CLEC7A,0.1163687954216434,0,0
M12_module,GO Biological Process,364,Positive Regulation of Epithelial Cell Proliferation (GO:0050679),0.0579850235841038,5.338900862068965,15.202896681851763,MMP12;HTR2B,0.1164479457142305,0,0
M12_module,GO Biological Process,365,MAPK Cascade (GO:0000165),0.0588538798156863,5.293002136752137,14.99347402745322,ZFP36;HTR2B,0.117149518438695,0,0
M12_module,GO Biological Process,366,Regulation of Canonical NF-kappaB Signal Transduction (GO:0043122),0.0598507418313204,3.5075798109505976,9.876999083407114,CLEC7A;HTR2B;S100A4,0.117149518438695,0,0
M12_module,GO Biological Process,367,Positive Regulation of Neutrophil Chemotaxis (GO:0090023),0.0608985184770234,17.022222222222222,47.63747925968391,NCKAP1L,0.117149518438695,0,0
M12_module,GO Biological Process,368,Glycoprotein Catabolic Process (GO:0006516),0.0608985184770234,17.022222222222222,47.63747925968391,MMP12,0.117149518438695,0,0
M12_module,GO Biological Process,369,Regulation of Lymphocyte Differentiation (GO:0045619),0.0608985184770234,17.022222222222222,47.63747925968391,NCKAP1L,0.117149518438695,0,0
M12_module,GO Biological Process,370,Immunoglobulin Mediated Immune Response (GO:0016064),0.0608985184770234,17.022222222222222,47.63747925968391,FCER1G,0.117149518438695,0,0
M12_module,GO Biological Process,371,Negative Regulation of Transferase Activity (GO:0051348),0.0608985184770234,17.022222222222222,47.63747925968391,ZFP36,0.117149518438695,0,0
M12_module,GO Biological Process,372,cGMP-mediated Signaling (GO:0019934),0.0608985184770234,17.022222222222222,47.63747925968391,HTR2B,0.117149518438695,0,0
M12_module,GO Biological Process,373,Cell Projection Organization (GO:0030030),0.0608985184770234,17.022222222222222,47.63747925968391,NCKAP1L,0.117149518438695,0,0
M12_module,GO Biological Process,374,Regulation of B Cell Differentiation (GO:0045577),0.0608985184770234,17.022222222222222,47.63747925968391,NCKAP1L,0.117149518438695,0,0
M12_module,GO Biological Process,375,Response to Acidic pH (GO:0010447),0.0608985184770234,17.022222222222222,47.63747925968391,CTSS,0.117149518438695,0,0
M12_module,GO Biological Process,376,Positive Regulation of calcineurin-NFAT Signaling Cascade (GO:0070886),0.0608985184770234,17.022222222222222,47.63747925968391,CLEC7A,0.117149518438695,0,0
M12_module,GO Biological Process,377,Positive Regulation of Calcineurin-Mediated Signaling (GO:0106058),0.0608985184770234,17.022222222222222,47.63747925968391,CLEC7A,0.117149518438695,0,0
M12_module,GO Biological Process,378,Positive Regulation of Cation Transmembrane Transport (GO:1904064),0.0608985184770234,17.022222222222222,47.63747925968391,CTSS,0.117149518438695,0,0
M12_module,GO Biological Process,379,Regulation of Behavior (GO:0050795),0.0608985184770234,17.022222222222222,47.63747925968391,HTR2B,0.117149518438695,0,0
M12_module,GO Biological Process,380,Signaling Receptor Ligand Precursor Processing (GO:0140448),0.0608985184770234,17.022222222222222,47.63747925968391,MMP12,0.117149518438695,0,0
M12_module,GO Biological Process,381,Positive Regulation of Intracellular Signal Transduction (GO:1902533),0.0638603794322856,2.4434337547824767,6.722023458422989,CSF1R;CLEC7A;CCL5;HTR2B;S100A4,0.1196530967555491,0,0
M12_module,GO Biological Process,382,3'-UTR-mediated mRNA Stabilization (GO:0070935),0.0640004936134332,16.125506072874494,44.32683091319527,ZFP36,0.1196530967555491,0,0
M12_module,GO Biological Process,383,B Cell Mediated Immunity (GO:0019724),0.0640004936134332,16.125506072874494,44.32683091319527,FCER1G,0.1196530967555491,0,0
M12_module,GO Biological Process,384,Positive Regulation of Ion Transmembrane Transporter Activity (GO:0032414),0.0640004936134332,16.125506072874494,44.32683091319527,CTSS,0.1196530967555491,0,0
M12_module,GO Biological Process,385,Positive Regulation of Osteoclast Differentiation (GO:0045672),0.0640004936134332,16.125506072874494,44.32683091319527,TYROBP,0.1196530967555491,0,0
M12_module,GO Biological Process,386,T Cell Migration (GO:0072678),0.0640004936134332,16.125506072874494,44.32683091319527,CXCL10,0.1196530967555491,0,0
M12_module,GO Biological Process,387,Positive Regulation of Protein Targeting to Membrane (GO:0090314),0.0640004936134332,16.125506072874494,44.32683091319527,ITGB2,0.1196530967555491,0,0
M12_module,GO Biological Process,388,"Regulation of Nuclear-Transcribed mRNA Catabolic Process, Deadenylation-Dependent Decay (GO:1900151)",0.0640004936134332,16.125506072874494,44.32683091319527,ZFP36,0.1196530967555491,0,0
M12_module,GO Biological Process,389,Positive Regulation of Translational Initiation (GO:0045948),0.0640004936134332,16.125506072874494,44.32683091319527,CCL5,0.1196530967555491,0,0
M12_module,GO Biological Process,390,Positive Regulation of Blood Coagulation (GO:0030194),0.0640004936134332,16.125506072874494,44.32683091319527,SERPINE1,0.1196530967555491,0,0
M12_module,GO Biological Process,391,Negative Regulation of B Cell Activation (GO:0050869),0.0640004936134332,16.125506072874494,44.32683091319527,TYROBP,0.1196530967555491,0,0
M12_module,GO Biological Process,392,Regulation of Protein-Containing Complex Assembly (GO:0043254),0.0650609278391694,4.992439516129032,13.641496982535084,LGALS3;CLEC7A,0.1210166367695492,0,0
M12_module,GO Biological Process,393,Positive Regulation of Angiogenesis (GO:0045766),0.0650609278391694,4.992439516129032,13.641496982535084,ANXA3;SERPINE1,0.1210166367695492,0,0
M12_module,GO Biological Process,394,Protein Localization to Nucleus (GO:0034504),0.0659650602427137,4.95225,13.463335751252547,MMP12;GBP2,0.1223869518716339,0,0
M12_module,GO Biological Process,395,Positive Regulation of Granulocyte Chemotaxis (GO:0071624),0.0670923774293873,15.318461538461538,41.38565533533388,NCKAP1L,0.1235378536546149,0,0
M12_module,GO Biological Process,396,Negative Regulation of Leukocyte Activation (GO:0002695),0.0670923774293873,15.318461538461538,41.38565533533388,CD300LF,0.1235378536546149,0,0
M12_module,GO Biological Process,397,Sensory Perception of Pain (GO:0019233),0.0670923774293873,15.318461538461538,41.38565533533388,MMP12,0.1235378536546149,0,0
M12_module,GO Biological Process,398,ERK1 and ERK2 Cascade (GO:0070371),0.0701742022596553,14.588278388278388,38.75776638076853,HTR2B,0.1272886894585808,0,0
M12_module,GO Biological Process,399,Fc-epsilon Receptor Signaling Pathway (GO:0038095),0.0701742022596553,14.588278388278388,38.75776638076853,FCER1G,0.1272886894585808,0,0
M12_module,GO Biological Process,400,Negative Regulation of Myeloid Cell Differentiation (GO:0045638),0.0701742022596553,14.588278388278388,38.75776638076853,ZFP36,0.1272886894585808,0,0
M12_module,GO Biological Process,401,Regulation of Interleukin-4 Production (GO:0032673),0.0701742022596553,14.588278388278388,38.75776638076853,FCER1G,0.1272886894585808,0,0
M12_module,GO Biological Process,402,Negative Regulation of T Cell Receptor Signaling Pathway (GO:0050860),0.0701742022596553,14.588278388278388,38.75776638076853,LGALS3,0.1272886894585808,0,0
M12_module,GO Biological Process,403,Regulation of Calcium Ion Import (GO:0090279),0.0701742022596553,14.588278388278388,38.75776638076853,LGALS3,0.1272886894585808,0,0
M12_module,GO Biological Process,404,Negative Regulation of Interleukin-2 Production (GO:0032703),0.0732460002885256,13.924475524475524,36.39762709015897,ZFP36,0.1318788822928872,0,0
M12_module,GO Biological Process,405,Immune Response-Activating Cell Surface Receptor Signaling Pathway (GO:0002429),0.0732460002885256,13.924475524475524,36.39762709015897,FCER1G,0.1318788822928872,0,0
M12_module,GO Biological Process,406,Positive Regulation of Tyrosine Phosphorylation of STAT Protein (GO:0042531),0.0732460002885256,13.924475524475524,36.39762709015897,CSF1R,0.1318788822928872,0,0
M12_module,GO Biological Process,407,Receptor-Mediated Endocytosis (GO:0006898),0.0742887090462485,4.617537313432836,12.00465643730666,FCER1G;ITGB2,0.1334276322182007,0,0
M12_module,GO Biological Process,408,Regulation of Protein Phosphorylation (GO:0001932),0.0752336148000164,4.583101851851852,11.857204691208892,CSF1R;ITGB2,0.1347367257157208,0,0
M12_module,GO Biological Process,409,Negative Regulation of Extrinsic Apoptotic Signaling Pathway via Death Domain Receptors (GO:1902042),0.0763078036201209,13.31839464882943,34.26796400153892,SERPINE1,0.1347367257157208,0,0
M12_module,GO Biological Process,410,Fc Receptor Mediated Stimulatory Signaling Pathway (GO:0002431),0.0763078036201209,13.31839464882943,34.26796400153892,FCER1G,0.1347367257157208,0,0
M12_module,GO Biological Process,411,Regulation of Lipopolysaccharide-Mediated Signaling Pathway (GO:0031664),0.0763078036201209,13.31839464882943,34.26796400153892,LY86,0.1347367257157208,0,0
M12_module,GO Biological Process,412,Negative Regulation of Response to Wounding (GO:1903035),0.0763078036201209,13.31839464882943,34.26796400153892,SERPINE1,0.1347367257157208,0,0
M12_module,GO Biological Process,413,Apoptotic Cell Clearance (GO:0043277),0.0763078036201209,13.31839464882943,34.26796400153892,TYROBP,0.1347367257157208,0,0
M12_module,GO Biological Process,414,Macrophage Differentiation (GO:0030225),0.0763078036201209,13.31839464882943,34.26796400153892,CSF1R,0.1347367257157208,0,0
M12_module,GO Biological Process,415,Intracellular Calcium Ion Homeostasis (GO:0006874),0.0780914778493693,4.482789855072464,11.430550852362556,CCL5;HTR2B,0.1371439715737082,0,0
M12_module,GO Biological Process,416,Positive Regulation of Inflammasome-Mediated Signaling Pathway (GO:0141087),0.079359644289574,12.762820512820513,32.33799172322633,GBP2,0.1371439715737082,0,0
M12_module,GO Biological Process,417,Positive Regulation of Neutrophil Migration (GO:1902624),0.079359644289574,12.762820512820513,32.33799172322633,NCKAP1L,0.1371439715737082,0,0
M12_module,GO Biological Process,418,Regulation of Membrane Protein Ectodomain Proteolysis (GO:0051043),0.079359644289574,12.762820512820513,32.33799172322633,TIMP1,0.1371439715737082,0,0
M12_module,GO Biological Process,419,Regulation of Protein Targeting to Membrane (GO:0090313),0.079359644289574,12.762820512820513,32.33799172322633,ITGB2,0.1371439715737082,0,0
M12_module,GO Biological Process,420,Cell Surface Receptor Protein Serine/Threonine Kinase Signaling Pathway (GO:0007178),0.079359644289574,12.762820512820513,32.33799172322633,FOS,0.1371439715737082,0,0
M12_module,GO Biological Process,421,Receptor Clustering (GO:0043113),0.079359644289574,12.762820512820513,32.33799172322633,ITGB2,0.1371439715737082,0,0
M12_module,GO Biological Process,422,Response to Glucocorticoid (GO:0051384),0.079359644289574,12.762820512820513,32.33799172322633,ZFP36,0.1371439715737082,0,0
M12_module,GO Biological Process,423,Negative Regulation of Catalytic Activity (GO:0043086),0.079359644289574,12.762820512820513,32.33799172322633,TIMP1,0.1371439715737082,0,0
M12_module,GO Biological Process,424,Negative Regulation of Endothelial Cell Apoptotic Process (GO:2000352),0.082401554194611,12.251692307692307,30.58207376858464,SERPINE1,0.1410086584641447,0,0
M12_module,GO Biological Process,425,Positive Regulation of Interleukin-2 Production (GO:0032743),0.082401554194611,12.251692307692307,30.58207376858464,CLEC7A,0.1410086584641447,0,0
M12_module,GO Biological Process,426,Regulation of Neutrophil Chemotaxis (GO:0090022),0.082401554194611,12.251692307692307,30.58207376858464,NCKAP1L,0.1410086584641447,0,0
M12_module,GO Biological Process,427,Myeloid Cell Development (GO:0061515),0.082401554194611,12.251692307692307,30.58207376858464,NCKAP1L,0.1410086584641447,0,0
M12_module,GO Biological Process,428,Regulation of Apoptotic Process (GO:0042981),0.0825604730816059,2.255564154881681,5.625882806018494,CXCL10;LGALS3;TNFRSF12A;HTR2B;NCKAP1L,0.1410086584641447,0,0
M12_module,GO Biological Process,429,Regulation of Cytokine Production Involved in Immune Response (GO:0002718),0.0854335651408865,11.779881656804733,28.97869995683251,CLEC7A,0.1429106089656477,0,0
M12_module,GO Biological Process,430,Negative Regulation of Lymphocyte Activation (GO:0051250),0.0854335651408865,11.779881656804733,28.97869995683251,LGALS3,0.1429106089656477,0,0
M12_module,GO Biological Process,431,Regulation of Keratinocyte Proliferation (GO:0010837),0.0854335651408865,11.779881656804733,28.97869995683251,ZFP36,0.1429106089656477,0,0
M12_module,GO Biological Process,432,"Wound Healing, Spreading of Cells (GO:0044319)",0.0854335651408865,11.779881656804733,28.97869995683251,MMP12,0.1429106089656477,0,0
M12_module,GO Biological Process,433,"Phagocytosis, Engulfment (GO:0006911)",0.0854335651408865,11.779881656804733,28.97869995683251,ITGB2,0.1429106089656477,0,0
M12_module,GO Biological Process,434,miRNA-mediated Post-Transcriptional Gene Silencing (GO:0035195),0.0854335651408865,11.779881656804733,28.97869995683251,ZFP36,0.1429106089656477,0,0
M12_module,GO Biological Process,435,Plasma Membrane Invagination (GO:0099024),0.0854335651408865,11.779881656804733,28.97869995683251,ITGB2,0.1429106089656477,0,0
M12_module,GO Biological Process,436,Regulation of Cation Channel Activity (GO:2001257),0.0854335651408865,11.779881656804733,28.97869995683251,CTSS,0.1429106089656477,0,0
M12_module,GO Biological Process,437,Positive Regulation of Erythrocyte Differentiation (GO:0045648),0.0854335651408865,11.779881656804733,28.97869995683251,NCKAP1L,0.1429106089656477,0,0
M12_module,GO Biological Process,438,Cellular Response to Growth Factor Stimulus (GO:0071363),0.0878580031056413,4.177787162162162,10.1605177862586,ZFP36;CCL5,0.1462921338452083,0,0
M12_module,GO Biological Process,439,Positive Regulation of Viral Genome Replication (GO:0045070),0.0884557088366375,11.343019943019945,27.509696745751697,CCL5,0.1462921338452083,0,0
M12_module,GO Biological Process,440,Cellular Response to Epidermal Growth Factor Stimulus (GO:0071364),0.0884557088366375,11.343019943019945,27.509696745751697,ZFP36,0.1462921338452083,0,0
M12_module,GO Biological Process,441,Regulation of Tyrosine Phosphorylation of STAT Protein (GO:0042509),0.0884557088366375,11.343019943019945,27.509696745751697,CSF1R,0.1462921338452083,0,0
M12_module,GO Biological Process,442,Positive Regulation of G Protein-Coupled Receptor Signaling Pathway (GO:0045745),0.0884557088366375,11.343019943019945,27.509696745751697,CCL5,0.1462921338452083,0,0
M12_module,GO Biological Process,443,Protein Localization to Organelle (GO:0033365),0.0888541245592122,4.149538590604027,10.04503414992391,CD68;GBP2,0.1466193342049304,0,0
M12_module,GO Biological Process,444,Positive Regulation of ERK1 and ERK2 Cascade (GO:0070374),0.0908565577015772,4.094163907284768,9.819742838365377,CSF1R;HTR2B,0.1489156355485264,0,0
M12_module,GO Biological Process,445,Fc-gamma Receptor Signaling Pathway (GO:0038094),0.0914680169101072,10.937362637362638,26.159611098844096,FCER1G,0.1489156355485264,0,0
M12_module,GO Biological Process,446,Regulation of Long-Term Synaptic Potentiation (GO:1900271),0.0914680169101072,10.937362637362638,26.159611098844096,TYROBP,0.1489156355485264,0,0
M12_module,GO Biological Process,447,Negative Regulation of Wound Healing (GO:0061045),0.0914680169101072,10.937362637362638,26.159611098844096,SERPINE1,0.1489156355485264,0,0
M12_module,GO Biological Process,448,Regulation of Platelet Activation (GO:0010543),0.0914680169101072,10.937362637362638,26.159611098844096,FCER1G,0.1489156355485264,0,0
M12_module,GO Biological Process,449,Regulation of Blood Coagulation (GO:0030193),0.0914680169101072,10.937362637362638,26.159611098844096,SERPINE1,0.1489156355485264,0,0
M12_module,GO Biological Process,450,Negative Regulation of Cytokine Production Involved in Inflammatory Response (GO:1900016),0.0944705208619502,10.559681697612731,24.915225160225248,ZFP36,0.1498003270066933,0,0
M12_module,GO Biological Process,451,Positive Regulation of Interleukin-10 Production (GO:0032733),0.0944705208619502,10.559681697612731,24.915225160225248,CLEC7A,0.1498003270066933,0,0
M12_module,GO Biological Process,452,Fc Receptor Signaling Pathway (GO:0038093),0.0944705208619502,10.559681697612731,24.915225160225248,FCER1G,0.1498003270066933,0,0
M12_module,GO Biological Process,453,Regulation of Keratinocyte Differentiation (GO:0045616),0.0944705208619502,10.559681697612731,24.915225160225248,ZFP36,0.1498003270066933,0,0
M12_module,GO Biological Process,454,Positive Regulation of Nitric Oxide Biosynthetic Process (GO:0045429),0.0944705208619502,10.559681697612731,24.915225160225248,CLEC7A,0.1498003270066933,0,0
M12_module,GO Biological Process,455,Heterotypic Cell-Cell Adhesion (GO:0034113),0.0944705208619502,10.559681697612731,24.915225160225248,ITGB2,0.1498003270066933,0,0
M12_module,GO Biological Process,456,Positive Regulation of Response to Wounding (GO:1903036),0.0944705208619502,10.559681697612731,24.915225160225248,CLEC7A,0.1498003270066933,0,0
M12_module,GO Biological Process,457,Positive Regulation of B Cell Proliferation (GO:0030890),0.0944705208619502,10.559681697612731,24.915225160225248,NCKAP1L,0.1498003270066933,0,0
M12_module,GO Biological Process,458,Positive Regulation of Calcium-Mediated Signaling (GO:0050850),0.0944705208619502,10.559681697612731,24.915225160225248,CLEC7A,0.1498003270066933,0,0
M12_module,GO Biological Process,459,Positive Regulation of Cation Channel Activity (GO:2001259),0.0944705208619502,10.559681697612731,24.915225160225248,CTSS,0.1498003270066933,0,0
M12_module,GO Biological Process,460,Regulation of Bone Resorption (GO:0045124),0.0944705208619502,10.559681697612731,24.915225160225248,CSF1R,0.1498003270066933,0,0
M12_module,GO Biological Process,461,Negative Regulation of Antigen Receptor-Mediated Signaling Pathway (GO:0050858),0.0944705208619502,10.559681697612731,24.915225160225248,LGALS3,0.1498003270066933,0,0
M12_module,GO Biological Process,462,Protein Maturation (GO:0051604),0.0959205791176514,3.961939102564102,9.287715245443582,MMP12;CTSS,0.1512646226892428,0,0
M12_module,GO Biological Process,463,Regulation of Immunoglobulin Production (GO:0002637),0.0974632521020976,10.207179487179488,23.765170565615563,IL2RG,0.1512646226892428,0,0
M12_module,GO Biological Process,464,Positive Regulation of Nitric Oxide Metabolic Process (GO:1904407),0.0974632521020976,10.207179487179488,23.765170565615563,CLEC7A,0.1512646226892428,0,0
M12_module,GO Biological Process,465,Activation of GTPase Activity (GO:0090630),0.0974632521020976,10.207179487179488,23.765170565615563,CXCL13,0.1512646226892428,0,0
M12_module,GO Biological Process,466,Regulation of Protein Localization to Cell Surface (GO:2000008),0.0974632521020976,10.207179487179488,23.765170565615563,TYROBP,0.1512646226892428,0,0
M12_module,GO Biological Process,467,"Nuclear-Transcribed mRNA Catabolic Process, Deadenylation-Dependent Decay (GO:0000288)",0.0974632521020976,10.207179487179488,23.765170565615563,ZFP36,0.1512646226892428,0,0
M12_module,GO Biological Process,468,Mesenchymal Cell Migration (GO:0090497),0.0974632521020976,10.207179487179488,23.765170565615563,HTR2B,0.1512646226892428,0,0
M12_module,GO Biological Process,469,Response to Epidermal Growth Factor (GO:0070849),0.0974632521020976,10.207179487179488,23.765170565615563,ZFP36,0.1512646226892428,0,0
M12_module,GO Biological Process,470,Natural Killer Cell Mediated Immunity (GO:0002228),0.0974632521020976,10.207179487179488,23.765170565615563,TYROBP,0.1512646226892428,0,0
M12_module,GO Biological Process,471,Negative Regulation of Blood Coagulation (GO:0030195),0.0974632521020976,10.207179487179488,23.765170565615563,SERPINE1,0.1512646226892428,0,0
M12_module,GO Biological Process,472,+ Reg of Phosphatidylinositol 3-Kinase/Prot Kinase B Signal Transduction (GO:0051897),0.1000292960443657,3.862109375,8.891704194813592,CSF1R;CCL5,0.1545814797306359,0,0
M12_module,GO Biological Process,473,Positive Regulation of Locomotion (GO:0040017),0.1004462419590315,9.87741935483871,22.69961942793217,CSF1R,0.1545814797306359,0,0
M12_module,GO Biological Process,474,Negative Regulation of Interleukin-6 Production (GO:0032715),0.1004462419590315,9.87741935483871,22.69961942793217,NCKAP1L,0.1545814797306359,0,0
M12_module,GO Biological Process,475,Endodermal Cell Differentiation (GO:0035987),0.1004462419590315,9.87741935483871,22.69961942793217,ITGB2,0.1545814797306359,0,0
M12_module,GO Biological Process,476,B Cell Receptor Signaling Pathway (GO:0050853),0.1034195216507084,9.56826923076923,21.710034863454165,NCKAP1L,0.157499313180558,0,0
M12_module,GO Biological Process,477,Epithelial Tube Morphogenesis (GO:0060562),0.1034195216507084,9.56826923076923,21.710034863454165,CSF1R,0.157499313180558,0,0
M12_module,GO Biological Process,478,Positive Regulation of Interleukin-12 Production (GO:0032735),0.1034195216507084,9.56826923076923,21.710034863454165,CLEC7A,0.157499313180558,0,0
M12_module,GO Biological Process,479,Cortical Cytoskeleton Organization (GO:0030865),0.1034195216507084,9.56826923076923,21.710034863454165,NCKAP1L,0.157499313180558,0,0
M12_module,GO Biological Process,480,Regulation of calcineurin-NFAT Signaling Cascade (GO:0070884),0.1034195216507084,9.56826923076923,21.710034863454165,CLEC7A,0.157499313180558,0,0
M12_module,GO Biological Process,481,Negative Regulation of Endocytosis (GO:0045806),0.1063831222729791,9.277855477855478,20.78896814571847,LGALS3,0.1613403783849538,0,0
M12_module,GO Biological Process,482,Positive Regulation of Establishment of Protein Localization (GO:1904951),0.1063831222729791,9.277855477855478,20.78896814571847,ITGB2,0.1613403783849538,0,0
M12_module,GO Biological Process,483,Toll-Like Receptor Signaling Pathway (GO:0002224),0.1093370748666058,9.004524886877828,19.929892668037816,CTSS,0.1637815609169854,0,0
M12_module,GO Biological Process,484,Regulation of Interleukin-17 Production (GO:0032660),0.1093370748666058,9.004524886877828,19.929892668037816,NCKAP1L,0.1637815609169854,0,0
M12_module,GO Biological Process,485,Negative Regulation of Myeloid Leukocyte Differentiation (GO:0002762),0.1093370748666058,9.004524886877828,19.929892668037816,C1QC,0.1637815609169854,0,0
M12_module,GO Biological Process,486,Neural Crest Cell Migration (GO:0001755),0.1093370748666058,9.004524886877828,19.929892668037816,HTR2B,0.1637815609169854,0,0
M12_module,GO Biological Process,487,Regulation of Vasculature Development (GO:1901342),0.1093370748666058,9.004524886877828,19.929892668037816,CXCL13,0.1637815609169854,0,0
M12_module,GO Biological Process,488,Positive Regulation of Cytokine Production Involved in Immune Response (GO:0002720),0.1093370748666058,9.004524886877828,19.929892668037816,CLEC7A,0.1637815609169854,0,0
M12_module,GO Biological Process,489,Positive Regulation of Release of Sequestered Calcium Ion Into Cytosol (GO:0051281),0.1122814103463968,8.746813186813187,19.127067203604,CXCL10,0.1671643807804808,0,0
M12_module,GO Biological Process,490,Cellular Response to Amyloid-Beta (GO:1904646),0.1122814103463968,8.746813186813187,19.127067203604,TYROBP,0.1671643807804808,0,0
M12_module,GO Biological Process,491,Endoderm Formation (GO:0001706),0.1122814103463968,8.746813186813187,19.127067203604,ITGB2,0.1671643807804808,0,0
M12_module,GO Biological Process,492,Positive Regulation of DNA-binding Transcription Factor Activity (GO:0051091),0.1126414307248893,3.5904796511627906,7.839976349036149,ANXA3;FZD4,0.1673595241054758,0,0
M12_module,GO Biological Process,493,Positive Regulation of Myeloid Cell Differentiation (GO:0045639),0.1152161595492861,8.503418803418803,18.37542261395164,NCKAP1L,0.1708377538144588,0,0
M12_module,GO Biological Process,494,Positive Regulation of MAPK Cascade (GO:0043410),0.1174451492474162,2.5964982093115796,5.5611379813842445,CSF1R;CLEC7A;HTR2B,0.173790291700124,0,0
M12_module,GO Biological Process,495,Positive Regulation of Immunoglobulin Production (GO:0002639),0.1181413531930885,8.273180873180873,17.67046748179394,IL2RG,0.1741155830325558,0,0
M12_module,GO Biological Process,496,Negative Regulation of Transport (GO:0051051),0.1181413531930885,8.273180873180873,17.67046748179394,LGALS3,0.1741155830325558,0,0
M12_module,GO Biological Process,497,Positive Regulation of Lymphocyte Differentiation (GO:0045621),0.1210570219134774,8.05506072874494,17.00820908701037,NCKAP1L,0.1766321018338363,0,0
M12_module,GO Biological Process,498,Negative Regulation of G Protein-Coupled Receptor Signaling Pathway (GO:0045744),0.1210570219134774,8.05506072874494,17.00820908701037,CCL5,0.1766321018338363,0,0
M12_module,GO Biological Process,499,Semaphorin-Plexin Signaling Pathway (GO:0071526),0.1210570219134774,8.05506072874494,17.00820908701037,TYROBP,0.1766321018338363,0,0
M12_module,GO Biological Process,500,Negative Regulation of Cell-Substrate Adhesion (GO:0010812),0.1210570219134774,8.05506072874494,17.00820908701037,FZD4,0.1766321018338363,0,0
M12_module,GO Biological Process,501,Positive Regulation of Extrinsic Apoptotic Signaling Pathway (GO:2001238),0.1210570219134774,8.05506072874494,17.00820908701037,TNFRSF12A,0.1766321018338363,0,0
M12_module,GO Biological Process,502,Negative Regulation of Cell Migration (GO:0030336),0.1234510828890657,3.3914835164835164,7.094679271060613,SERPINE1;TIMP1,0.1790851708613295,0,0
M12_module,GO Biological Process,503,Negative Regulation of Proteolysis (GO:0045861),0.1239631962460091,7.848126232741618,16.38508691479256,TIMP1,0.1790851708613295,0,0
M12_module,GO Biological Process,504,Negative Regulation of Sequestering of Calcium Ion (GO:0051283),0.1239631962460091,7.848126232741618,16.38508691479256,HTR2B,0.1790851708613295,0,0
M12_module,GO Biological Process,505,Positive Regulation of Viral Process (GO:0048524),0.1239631962460091,7.848126232741618,16.38508691479256,CCL5,0.1790851708613295,0,0
M12_module,GO Biological Process,506,Regulation of T Cell Receptor Signaling Pathway (GO:0050856),0.1239631962460091,7.848126232741618,16.38508691479256,LGALS3,0.1790851708613295,0,0
M12_module,GO Biological Process,507,Negative Regulation of Type I Interferon Production (GO:0032480),0.1268599066306127,7.651538461538461,15.797916443973,TYROBP,0.1825484089507439,0,0
M12_module,GO Biological Process,508,Positive Regulation of Actin Filament Polymerization (GO:0030838),0.1268599066306127,7.651538461538461,15.797916443973,NCKAP1L,0.1825484089507439,0,0
M12_module,GO Biological Process,509,Positive Regulation of Receptor Signaling Pathway via STAT (GO:1904894),0.1297471834376009,7.464540337711069,15.243841417224631,CCL5,0.1852445138532935,0,0
M12_module,GO Biological Process,510,Blood Vessel Diameter Maintenance (GO:0097746),0.1297471834376009,7.464540337711069,15.243841417224631,HTR2B,0.1852445138532935,0,0
M12_module,GO Biological Process,511,Regulation of Receptor-Mediated Endocytosis (GO:0048259),0.1297471834376009,7.464540337711069,15.243841417224631,SERPINE1,0.1852445138532935,0,0
M12_module,GO Biological Process,512,Cellular Response to Retinoic Acid (GO:0071300),0.1297471834376009,7.464540337711069,15.243841417224631,FZD4,0.1852445138532935,0,0
M12_module,GO Biological Process,513,Negative Regulation of Lymphocyte Proliferation (GO:0050672),0.1326250568596398,7.286446886446886,14.720293152785615,TYROBP,0.1857258938015263,0,0
M12_module,GO Biological Process,514,Positive Regulation of Monoatomic Ion Transport (GO:0043270),0.1326250568596398,7.286446886446886,14.720293152785615,CCL5,0.1857258938015263,0,0
M12_module,GO Biological Process,515,RNA Transport (GO:0050658),0.1326250568596398,7.286446886446886,14.720293152785615,ZFP36,0.1857258938015263,0,0
M12_module,GO Biological Process,516,Positive Regulation of Receptor-Mediated Endocytosis (GO:0048260),0.1326250568596398,7.286446886446886,14.720293152785615,SERPINE1,0.1857258938015263,0,0
M12_module,GO Biological Process,517,Neural Crest Cell Development (GO:0014032),0.1326250568596398,7.286446886446886,14.720293152785615,HTR2B,0.1857258938015263,0,0
M12_module,GO Biological Process,518,Regulation of Peptidyl-Tyrosine Phosphorylation (GO:0050730),0.1326250568596398,7.286446886446886,14.720293152785615,ITGB2,0.1857258938015263,0,0
M12_module,GO Biological Process,519,Non-Canonical Wnt Signaling Pathway (GO:0035567),0.1326250568596398,7.286446886446886,14.720293152785615,FZD4,0.1857258938015263,0,0
M12_module,GO Biological Process,520,Release of Sequestered Calcium Ion Into Cytosol (GO:0051209),0.1326250568596398,7.286446886446886,14.720293152785615,HTR2B,0.1857258938015263,0,0
M12_module,GO Biological Process,521,Skeletal System Morphogenesis (GO:0048705),0.1326250568596398,7.286446886446886,14.720293152785615,MMP13,0.1857258938015263,0,0
M12_module,GO Biological Process,522,Regulation of Chemokine Production (GO:0032642),0.1326250568596398,7.286446886446886,14.720293152785615,CSF1R,0.1857258938015263,0,0
M12_module,GO Biological Process,523,Bone Development (GO:0060348),0.1354935571079204,7.116636851520572,14.224955698267507,MMP13,0.1890186836753623,0,0
M12_module,GO Biological Process,524,Positive Regulation of Cell Division (GO:0051781),0.1354935571079204,7.116636851520572,14.224955698267507,HTR2B,0.1890186836753623,0,0
M12_module,GO Biological Process,525,Regulation of Nitric Oxide Biosynthetic Process (GO:0045428),0.1383527142066894,6.954545454545454,13.755735911077744,CLEC7A,0.1922734488309695,0,0
M12_module,GO Biological Process,526,Positive Regulation of Calcium Ion Transmembrane Transport (GO:1904427),0.1383527142066894,6.954545454545454,13.755735911077744,CXCL10,0.1922734488309695,0,0
M12_module,GO Biological Process,527,Defense Response to Virus (GO:0051607),0.138985668112641,3.147002551020408,6.210245924321761,CXCL10;GBP2,0.1927865718981795,0,0
M12_module,GO Biological Process,528,T Cell Differentiation (GO:0030217),0.1412025581168882,6.79965811965812,13.31073764113508,FCER1G,0.1943861958256973,0,0
M12_module,GO Biological Process,529,Peptidyl-Tyrosine Modification (GO:0018212),0.1412025581168882,6.79965811965812,13.31073764113508,CSF1R,0.1943861958256973,0,0
M12_module,GO Biological Process,530,Regulation of Calcium-Mediated Signaling (GO:0050848),0.1412025581168882,6.79965811965812,13.31073764113508,CLEC7A,0.1943861958256973,0,0
M12_module,GO Biological Process,531,Regulation of Cell-Substrate Adhesion (GO:0010810),0.1412025581168882,6.79965811965812,13.31073764113508,FZD4,0.1943861958256973,0,0
M12_module,GO Biological Process,532,Adenylate Cyclase-Modulating G Protein-Coupled Receptor Signaling Pathway (GO:0007188),0.1435011642748465,3.0834375,5.9862229658358315,CXCL10;RGS1,0.1957165795348758,0,0
M12_module,GO Biological Process,533,Regulation of Endothelial Cell Apoptotic Process (GO:2000351),0.1440431187274462,6.651505016722408,12.88823939882601,SERPINE1,0.1957165795348758,0,0
M12_module,GO Biological Process,534,Positive Regulation of mRNA Catabolic Process (GO:0061014),0.1440431187274462,6.651505016722408,12.88823939882601,ZFP36,0.1957165795348758,0,0
M12_module,GO Biological Process,535,Positive Regulation of miRNA Transcription (GO:1902895),0.1440431187274462,6.651505016722408,12.88823939882601,FOS,0.1957165795348758,0,0
M12_module,GO Biological Process,536,Regulation of mRNA Catabolic Process (GO:0061013),0.1440431187274462,6.651505016722408,12.88823939882601,ZFP36,0.1957165795348758,0,0
M12_module,GO Biological Process,537,Cellular Defense Response (GO:0006968),0.1440431187274462,6.651505016722408,12.88823939882601,TYROBP,0.1957165795348758,0,0
M12_module,GO Biological Process,538,Positive Regulation of Cytokine-Mediated Signaling Pathway (GO:0001961),0.1440431187274462,6.651505016722408,12.88823939882601,CD300LF,0.1957165795348758,0,0
M12_module,GO Biological Process,539,Positive Regulation of Innate Immune Response (GO:0045089),0.1468744257960715,6.509656301145663,12.48667497086592,CCL5,0.1977259765320963,0,0
M12_module,GO Biological Process,540,Erythrocyte Differentiation (GO:0030218),0.1468744257960715,6.509656301145663,12.48667497086592,NCKAP1L,0.1977259765320963,0,0
M12_module,GO Biological Process,541,Positive Regulation of Leukocyte Cell-Cell Adhesion (GO:1903039),0.1468744257960715,6.509656301145663,12.48667497086592,ITGB2,0.1977259765320963,0,0
M12_module,GO Biological Process,542,Negative Regulation of Viral Genome Replication (GO:0045071),0.1468744257960715,6.509656301145663,12.48667497086592,CCL5,0.1977259765320963,0,0
M12_module,GO Biological Process,543,Blood Circulation (GO:0008015),0.1468744257960715,6.509656301145663,12.48667497086592,CXCL10,0.1977259765320963,0,0
M12_module,GO Biological Process,544,Positive Regulation of Smooth Muscle Cell Proliferation (GO:0048661),0.1496965090156283,6.373717948717949,12.104616534894063,CCL5,0.2007855928264665,0,0
M12_module,GO Biological Process,545,mRNA Catabolic Process (GO:0006402),0.1496965090156283,6.373717948717949,12.104616534894063,ZFP36,0.2007855928264665,0,0
M12_module,GO Biological Process,546,"GPCR Sgnlng Pway, Coupled to Cyclic Nucleotide Second Messenger (GO:0007187)",0.1525093979756266,6.243328100470958,11.740759916332207,HTR2B,0.2032211890213325,0,0
M12_module,GO Biological Process,547,Regulation of Interleukin-12 Production (GO:0032655),0.1525093979756266,6.243328100470958,11.740759916332207,CLEC7A,0.2032211890213325,0,0
M12_module,GO Biological Process,548,Positive Regulation of Fat Cell Differentiation (GO:0045600),0.1525093979756266,6.243328100470958,11.740759916332207,ZFP36,0.2032211890213325,0,0
M12_module,GO Biological Process,549,Intracellular Monoatomic Cation Homeostasis (GO:0030003),0.1526243950379091,2.963641826923077,5.570980734747428,CCL5;HTR2B,0.2032211890213325,0,0
M12_module,GO Biological Process,550,Regulation of Signal Transduction (GO:0009966),0.1537729728872017,2.9493122009569377,5.521932249605025,IGFBP7;TIMP1,0.2043782603282627,0,0
M12_module,GO Biological Process,551,Epithelial to Mesenchymal Transition (GO:0001837),0.1553131221552578,6.118153846153846,11.393911673481483,S100A4,0.2049348236380749,0,0
M12_module,GO Biological Process,552,Positive Regulation of Leukocyte Mediated Cytotoxicity (GO:0001912),0.1553131221552578,6.118153846153846,11.393911673481483,TYROBP,0.2049348236380749,0,0
M12_module,GO Biological Process,553,Positive Regulation of Nervous System Development (GO:0051962),0.1553131221552578,6.118153846153846,11.393911673481483,MMP12,0.2049348236380749,0,0
M12_module,GO Biological Process,554,Negative Regulation of T Cell Activation (GO:0050868),0.1553131221552578,6.118153846153846,11.393911673481483,LGALS3,0.2049348236380749,0,0
M12_module,GO Biological Process,555,Sensory Perception (GO:0007600),0.1581077109680406,5.99788838612368,11.06297775242708,MMP12,0.208246372464212,0,0
M12_module,GO Biological Process,556,Positive Regulation of miRNA Metabolic Process (GO:2000630),0.1608931937032813,5.882248520710059,10.746953500453245,FOS,0.2103987917658294,0,0
M12_module,GO Biological Process,557,Negative Regulation of Protein Catabolic Process (GO:0042177),0.1608931937032813,5.882248520710059,10.746953500453245,TIMP1,0.2103987917658294,0,0
M12_module,GO Biological Process,558,Regulation of Release of Sequestered Calcium Ion Into Cytosol (GO:0051279),0.1608931937032813,5.882248520710059,10.746953500453245,CXCL10,0.2103987917658294,0,0
M12_module,GO Biological Process,559,Positive Regulation of B Cell Activation (GO:0050871),0.1608931937032813,5.882248520710059,10.746953500453245,NCKAP1L,0.2103987917658294,0,0
M12_module,GO Biological Process,560,Regulation of Phosphatidylinositol 3-Kinase/Protein Kinase B Signal Transduction (GO:0051896),0.1630221788294551,2.8394297235023043,5.150353612748111,CSF1R;CCL5,0.2125088406978021,0,0
M12_module,GO Biological Process,561,mRNA Destabilization (GO:0061157),0.1636695996071991,5.770972423802612,10.444914844508016,ZFP36,0.2125088406978021,0,0
M12_module,GO Biological Process,562,Regulation of Smooth Muscle Cell Proliferation (GO:0048660),0.1636695996071991,5.770972423802612,10.444914844508016,CCL5,0.2125088406978021,0,0
M12_module,GO Biological Process,563,Plasma Membrane Bounded Cell Projection Morphogenesis (GO:0120039),0.1636695996071991,5.770972423802612,10.444914844508016,NCKAP1L,0.2125088406978021,0,0
M12_module,GO Biological Process,564,Positive Regulation of Protein Localization to Plasma Membrane (GO:1903078),0.1664369577851922,5.663817663817664,10.156010490840348,LGALS3,0.214956565620098,0,0
M12_module,GO Biological Process,565,Regulation of Peptide Hormone Secretion (GO:0090276),0.1664369577851922,5.663817663817664,10.156010490840348,CCL5,0.214956565620098,0,0
M12_module,GO Biological Process,566,Cell Surface Receptor Signaling Pathway via STAT (GO:0097696),0.1664369577851922,5.663817663817664,10.156010490840348,CCL5,0.214956565620098,0,0
M12_module,GO Biological Process,567,Regulation of ERK1 and ERK2 Cascade (GO:0070372),0.1676847904512397,2.7874717194570136,4.97750269983581,CSF1R;HTR2B,0.2161862113224978,0,0
M12_module,GO Biological Process,568,Adenylate Cyclase-Inhibiting G Protein-Coupled Receptor Signaling Pathway (GO:0007193),0.1691952972512301,5.560559440559441,9.879455000733476,RGS1,0.2177495814976218,0,0
M12_module,GO Biological Process,569,Heart Morphogenesis (GO:0003007),0.1719446469872662,5.460989010989011,9.614522634588267,HTR2B,0.2201252836211762,0,0
M12_module,GO Biological Process,570,Positive Regulation of Protein Localization to Cell Periphery (GO:1904377),0.1719446469872662,5.460989010989011,9.614522634588267,LGALS3,0.2201252836211762,0,0
M12_module,GO Biological Process,571,mRNA Stabilization (GO:0048255),0.1719446469872662,5.460989010989011,9.614522634588267,ZFP36,0.2201252836211762,0,0
M12_module,GO Biological Process,572,Positive Regulation of Gene Expression (GO:0010628),0.174176149813715,2.1446167381502255,3.74812123082402,TYROBP;CLEC7A;HTR2B,0.2216922937025967,0,0
M12_module,GO Biological Process,573,Positive Regulation of Type II Interferon Production (GO:0032729),0.1746850358039612,5.364912280701755,9.360541873693466,CLEC7A,0.2216922937025967,0,0
M12_module,GO Biological Process,574,Peptidyl-Tyrosine Phosphorylation (GO:0018108),0.1746850358039612,5.364912280701755,9.360541873693466,CSF1R,0.2216922937025967,0,0
M12_module,GO Biological Process,575,Muscle Organ Development (GO:0007517),0.1746850358039612,5.364912280701755,9.360541873693466,CXCL10,0.2216922937025967,0,0
M12_module,GO Biological Process,576,Regulation of Calcium Ion Transport (GO:0051924),0.1746850358039612,5.364912280701755,9.360541873693466,CCL5,0.2216922937025967,0,0
M12_module,GO Biological Process,577,mRNA Transport (GO:0051028),0.1774164924735828,5.272148541114058,9.11689052087105,ZFP36,0.2243796816577664,0,0
M12_module,GO Biological Process,578,Renal System Development (GO:0072001),0.1774164924735828,5.272148541114058,9.11689052087105,MMP12,0.2243796816577664,0,0
M12_module,GO Biological Process,579,Response to Reactive Oxygen Species (GO:0000302),0.1801390456585259,5.182529335071708,8.88299132386989,FOS,0.2270373144420387,0,0
M12_module,GO Biological Process,580,Response to Retinoic Acid (GO:0032526),0.1801390456585259,5.182529335071708,8.88299132386989,FZD4,0.2270373144420387,0,0
M12_module,GO Biological Process,581,Antiviral Innate Immune Response (GO:0140374),0.1855575558454358,5.012105926860025,8.442341959014975,CXCL10,0.233463981623087,0,0
M12_module,GO Biological Process,582,Positive Regulation of Peptidyl-Tyrosine Phosphorylation (GO:0050731),0.1882535696845751,4.931017369727047,8.23462864086336,CSF1R,0.2360434981808309,0,0
M12_module,GO Biological Process,583,Canonical Wnt Signaling Pathway (GO:0060070),0.1882535696845751,4.931017369727047,8.23462864086336,FZD4,0.2360434981808309,0,0
M12_module,GO Biological Process,584,Epigenetic Regulation of Gene Expression (GO:0040029),0.1909407938084013,4.852503052503052,8.034735147399807,MTF2,0.2381872359623572,0,0
M12_module,GO Biological Process,585,Positive Regulation of Neurogenesis (GO:0050769),0.1909407938084013,4.852503052503052,8.034735147399807,MMP12,0.2381872359623572,0,0
M12_module,GO Biological Process,586,Positive Regulation of T Cell Differentiation (GO:0045582),0.1909407938084013,4.852503052503052,8.034735147399807,NCKAP1L,0.2381872359623572,0,0
M12_module,GO Biological Process,587,Regulation of Endocytosis (GO:0030100),0.1936192564338959,4.7764423076923075,7.842257419945376,LGALS3,0.2411169956612912,0,0
M12_module,GO Biological Process,588,Regulation of miRNA Transcription (GO:1902893),0.1962889856877341,4.702721893491124,7.656817955600443,FOS,0.242377109016442,0,0
M12_module,GO Biological Process,589,Regulation of Neurogenesis (GO:0050767),0.1962889856877341,4.702721893491124,7.656817955600443,MMP12,0.242377109016442,0,0
M12_module,GO Biological Process,590,Cell-Cell Junction Organization (GO:0045216),0.1962889856877341,4.702721893491124,7.656817955600443,CSF1R,0.242377109016442,0,0
M12_module,GO Biological Process,591,Regulation of Type I Interferon Production (GO:0032479),0.1962889856877341,4.702721893491124,7.656817955600443,TYROBP,0.242377109016442,0,0
M12_module,GO Biological Process,592,Regulation of Viral Genome Replication (GO:0045069),0.1962889856877341,4.702721893491124,7.656817955600443,CCL5,0.242377109016442,0,0
M12_module,GO Biological Process,593,Positive Regulation of Programmed Cell Death (GO:0043068),0.1973032134922253,2.5010162601626016,4.059183350908404,LGALS3;TNFRSF12A,0.2432186324836706,0,0
M12_module,GO Biological Process,594,Ras Protein Signal Transduction (GO:0007265),0.2016023561335558,4.561882893226177,7.305664108438629,RRAS2,0.2476828946783686,0,0
M12_module,GO Biological Process,595,Regulation of Cell Communication (GO:0010646),0.2016023561335558,4.561882893226177,7.305664108438629,IGFBP7,0.2476828946783686,0,0
M12_module,GO Biological Process,596,Regulation of Translational Initiation (GO:0006446),0.2042460531413442,4.494570135746606,7.139309452358317,CCL5,0.2505098403461789,0,0
M12_module,GO Biological Process,597,Negative Regulation of Apoptotic Process (GO:0043066),0.2067266375697691,1.9634786117836964,3.0951451191762356,SERPINE1;HTR2B;NCKAP1L,0.2516801704443137,0,0
M12_module,GO Biological Process,598,Negative Regulation of Immune Response (GO:0050777),0.2068811283739256,4.429208472686733,6.978709191032958,LGALS3,0.2516801704443137,0,0
M12_module,GO Biological Process,599,Positive Regulation of Apoptotic Signaling Pathway (GO:2001235),0.2068811283739256,4.429208472686733,6.978709191032958,TNFRSF12A,0.2516801704443137,0,0
M12_module,GO Biological Process,600,Positive Regulation of Endothelial Cell Proliferation (GO:0001938),0.2068811283739256,4.429208472686733,6.978709191032958,HTR2B,0.2516801704443137,0,0
M12_module,GO Biological Process,601,Positive Regulation of Signal Transduction (GO:0009967),0.2069217270000445,2.421259842519685,3.8144883185484857,CCL5;LY86,0.2516801704443137,0,0
M12_module,GO Biological Process,602,Positive Regulation of Protein Polymerization (GO:0032273),0.2095076095779739,4.365714285714286,6.823590550467072,NCKAP1L,0.2535597062938724,0,0
M12_module,GO Biological Process,603,Cellular Response to Reactive Oxygen Species (GO:0034614),0.2095076095779739,4.365714285714286,6.823590550467072,FOS,0.2535597062938724,0,0
M12_module,GO Biological Process,604,Regulation of Actin Filament Polymerization (GO:0030833),0.2095076095779739,4.365714285714286,6.823590550467072,NCKAP1L,0.2535597062938724,0,0
M12_module,GO Biological Process,605,Regulation of MAPK Cascade (GO:0043408),0.2117508796493958,2.383236434108527,3.699604664853718,CSF1R;CLEC7A,0.2554592393280935,0,0
M12_module,GO Biological Process,606,Kidney Development (GO:0001822),0.2121255243121104,4.304008667388949,6.673697207776293,MMP12,0.2554592393280935,0,0
M12_module,GO Biological Process,607,Regulation of G Protein-Coupled Receptor Signaling Pathway (GO:0008277),0.2121255243121104,4.304008667388949,6.673697207776293,CCL5,0.2554592393280935,0,0
M12_module,GO Biological Process,608,Calcium Ion Transmembrane Import Into Cytosol (GO:0097553),0.2173357643309063,4.185669125395153,6.388636261597497,HTR2B,0.2604466290588402,0,0
M12_module,GO Biological Process,609,Negative Regulation of Apoptotic Signaling Pathway (GO:2001234),0.2173357643309063,4.185669125395153,6.388636261597497,LGALS3,0.2604466290588402,0,0
M12_module,GO Biological Process,610,Positive Regulation of Cytoskeleton Organization (GO:0051495),0.2173357643309063,4.185669125395153,6.388636261597497,NCKAP1L,0.2604466290588402,0,0
M12_module,GO Biological Process,611,Regulation of Fat Cell Differentiation (GO:0045598),0.2199281443839533,4.128898128898129,6.253027948441568,ZFP36,0.2626919502363886,0,0
M12_module,GO Biological Process,612,Import Into Nucleus (GO:0051170),0.2199281443839533,4.128898128898129,6.253027948441568,MMP12,0.2626919502363886,0,0
M12_module,GO Biological Process,613,Transforming Growth Factor Beta Receptor Signaling Pathway (GO:0007179),0.2225120675037347,4.073641025641026,6.121761585958773,FOS,0.2649125754808308,0,0
M12_module,GO Biological Process,614,Lymphocyte Differentiation (GO:0030098),0.2225120675037347,4.073641025641026,6.121761585958773,IL2RG,0.2649125754808308,0,0
M12_module,GO Biological Process,615,RNA Catabolic Process (GO:0006401),0.2302133664232941,3.916370808678501,5.752164612240669,ZFP36,0.2736357249681757,0,0
M12_module,GO Biological Process,616,Regulation of mRNA Stability (GO:0043488),0.2327637325881963,3.866601752677702,5.636466643543788,ZFP36,0.2744359492289863,0,0
M12_module,GO Biological Process,617,Protein Import Into Nucleus (GO:0006606),0.2327637325881963,3.866601752677702,5.636466643543788,MMP12,0.2744359492289863,0,0
M12_module,GO Biological Process,618,Proteolysis Involved in Protein Catabolic Process (GO:0051603),0.2327637325881963,3.866601752677702,5.636466643543788,CTSS,0.2744359492289863,0,0
M12_module,GO Biological Process,619,Regulation of TOR Signaling (GO:0032006),0.2327637325881963,3.866601752677702,5.636466643543788,CCL5,0.2744359492289863,0,0
M12_module,GO Biological Process,620,Negative Regulation of Cellular Component Organization (GO:0051129),0.2327637325881963,3.866601752677702,5.636466643543788,LGALS3,0.2744359492289863,0,0
M12_module,GO Biological Process,621,Wound Healing (GO:0042060),0.235305776764487,3.818076923076923,5.52425879251769,MMP12,0.276541033464373,0,0
M12_module,GO Biological Process,622,Regulation of Catabolic Process (GO:0009894),0.235305776764487,3.818076923076923,5.52425879251769,DRAM1,0.276541033464373,0,0
M12_module,GO Biological Process,623,Negative Regulation of Blood Vessel Morphogenesis (GO:2000181),0.23783952569461,3.770750237416904,5.415397246609847,CXCL10,0.2790701336801925,0,0
M12_module,GO Biological Process,624,Wnt Signaling Pathway (GO:0016055),0.2403650060614183,3.724577861163227,5.309745730421859,FZD4,0.281581441395668,0,0
M12_module,GO Biological Process,625,Regulation of Cell Division (GO:0051302),0.2453912672325741,3.635531135531135,5.1075625391536255,HTR2B,0.2870096261552186,0,0
M12_module,GO Biological Process,626,Regulation of Innate Immune Response (GO:0045088),0.2478921009370132,3.592579185520362,5.010791867835437,CCL5,0.2890097699919564,0,0
M12_module,GO Biological Process,627,Integrin-Mediated Signaling Pathway (GO:0007229),0.2478921009370132,3.592579185520362,5.010791867835437,ITGB2,0.2890097699919564,0,0
M12_module,GO Biological Process,628,Regulation of Endothelial Cell Proliferation (GO:0001936),0.2503847718366202,3.5506261180679783,4.916752443225862,HTR2B,0.2909877078101262,0,0
M12_module,GO Biological Process,629,Positive Regulation of Biosynthetic Process (GO:0009891),0.2503847718366202,3.5506261180679783,4.916752443225862,CLEC7A,0.2909877078101262,0,0
M12_module,GO Biological Process,630,Regulation of Endothelial Cell Migration (GO:0010594),0.2528693061686969,3.509637488947834,4.8253391653703295,ANXA3,0.2920181087035031,0,0
M12_module,GO Biological Process,631,Positive Regulation of Protein Kinase Activity (GO:0045860),0.2528693061686969,3.509637488947834,4.8253391653703295,CSF1R,0.2920181087035031,0,0
M12_module,GO Biological Process,632,Regulation of Type II Interferon Production (GO:0032649),0.2528693061686969,3.509637488947834,4.8253391653703295,CLEC7A,0.2920181087035031,0,0
M12_module,GO Biological Process,633,Positive Regulation of Endothelial Cell Migration (GO:0010595),0.2528693061686969,3.509637488947834,4.8253391653703295,ANXA3,0.2920181087035031,0,0
M12_module,GO Biological Process,634,Nuclear-Transcribed mRNA Catabolic Process (GO:0000956),0.255345730087982,3.4695804195804194,4.7364520772780585,ZFP36,0.2939491790461651,0,0
M12_module,GO Biological Process,635,Cellular Response to Hormone Stimulus (GO:0032870),0.255345730087982,3.4695804195804194,4.7364520772780585,CTSS,0.2939491790461651,0,0
M12_module,GO Biological Process,636,Regulation of Protein Localization to Plasma Membrane (GO:1903076),0.2578140696494449,3.4304235090751947,4.649996060068758,LGALS3,0.2963240328832456,0,0
M12_module,GO Biological Process,637,Calcium-Mediated Signaling (GO:0019722),0.2602743508396837,3.3921367521367523,4.565880548678803,HTR2B,0.298682182831725,0,0
M12_module,GO Biological Process,638,Positive Regulation of Response to Stimulus (GO:0048584),0.2627265995764594,3.3546914623837703,4.484019267557801,CXCL10,0.3008211702026057,0,0
M12_module,GO Biological Process,639,Regulation of Intracellular Signal Transduction (GO:1902531),0.262961323884357,2.0452083333333335,2.731883585262753,CSF1R;CLEC7A,0.3008211702026057,0,0
M12_module,GO Biological Process,640,Regulation of Epithelial Cell Proliferation (GO:0050678),0.2651708416719468,3.318060200668896,4.404329984809634,ZFP36,0.3024023171017053,0,0
M12_module,GO Biological Process,641,Regulation of Insulin Secretion (GO:0050796),0.2651708416719468,3.318060200668896,4.404329984809634,CCL5,0.3024023171017053,0,0
M12_module,GO Biological Process,642,Positive Regulation of Phosphorylation (GO:0042327),0.267607102869758,3.2822167080231597,4.326734281963286,CSF1R,0.3047052837971855,0,0
M12_module,GO Biological Process,643,Regulation of Actin Filament-Based Process (GO:0032970),0.2724557851761253,3.2127935222672064,4.177527737189532,CSF1R,0.3097436686838998,0,0
M12_module,GO Biological Process,644,Positive Regulation of Apoptotic Process (GO:0043065),0.2764401843842697,1.971764469453376,2.535217486822651,LGALS3;TNFRSF12A,0.3127877375001569,0,0
M12_module,GO Biological Process,645,Positive Regulation of Hydrolase Activity (GO:0051345),0.2772728507525331,3.146233148295004,4.035840754835468,RGS1,0.3127877375001569,0,0
M12_module,GO Biological Process,646,Positive Regulation of Protein Modification Process (GO:0031401),0.2772728507525331,3.146233148295004,4.035840754835468,CSF1R,0.3127877375001569,0,0
M12_module,GO Biological Process,647,Positive Regulation of Supramolecular Fiber Organization (GO:1902905),0.2772728507525331,3.146233148295004,4.035840754835468,NCKAP1L,0.3127877375001569,0,0
M12_module,GO Biological Process,648,Cellular Response to Transforming Growth Factor Beta Stimulus (GO:0071560),0.2772728507525331,3.146233148295004,4.035840754835468,FOS,0.3127877375001569,0,0
M12_module,GO Biological Process,649,Regulation of Protein Secretion (GO:0050708),0.2796695907321195,3.113971742543171,3.9676559032118983,CCL5,0.3150053479586739,0,0
M12_module,GO Biological Process,650,Monoatomic Ion Transport (GO:0006811),0.2820585025763683,3.0823620823620823,3.9011631304837175,SLC15A3,0.3172073313589619,0,0
M12_module,GO Biological Process,651,Hemopoiesis (GO:0030097),0.2844396114654024,3.0513846153846154,3.83630543125727,CSF1R,0.3189039202165785,0,0
M12_module,GO Biological Process,652,mRNA Metabolic Process (GO:0016071),0.2844396114654024,3.0513846153846154,3.83630543125727,ZFP36,0.3189039202165785,0,0
M12_module,GO Biological Process,653,Proteolysis (GO:0006508),0.2862387808934937,1.921532131661442,2.403700110874422,MMP12;CTSS,0.3196040562969912,0,0
M12_module,GO Biological Process,654,Positive Regulation of Protein Localization (GO:1903829),0.2868129424498307,3.021020563594821,3.773028240866648,TYROBP,0.3196040562969912,0,0
M12_module,GO Biological Process,655,Negative Regulation of Translation (GO:0017148),0.2868129424498307,3.021020563594821,3.773028240866648,ZFP36,0.3196040562969912,0,0
M12_module,GO Biological Process,656,Phospholipase C-activating G Protein-Coupled Receptor Signaling Pathway (GO:0007200),0.2868129424498307,3.021020563594821,3.773028240866648,HTR2B,0.3196040562969912,0,0
M12_module,GO Biological Process,657,Regulation of Actin Cytoskeleton Organization (GO:0032956),0.2915363707488658,2.9620612397311428,3.6510085740328897,CSF1R,0.3243730396003363,0,0
M12_module,GO Biological Process,658,Protein Catabolic Process (GO:0030163),0.2985638020189045,2.8777939042089984,3.4785956194223524,CTSS,0.3311838228768121,0,0
M12_module,GO Biological Process,659,Cell-Matrix Adhesion (GO:0007160),0.2985638020189045,2.8777939042089984,3.4785956194223524,ITGB2,0.3311838228768121,0,0
M12_module,GO Biological Process,660,Positive Regulation of Translation (GO:0045727),0.3008909882822446,2.8507548526240116,3.4237772317379465,CCL5,0.3332595642944255,0,0
M12_module,GO Biological Process,661,"Negative Regulation of Gene Expression, Epigenetic (GO:0045814)",0.3055225721033989,2.7981651376146788,3.317872874173932,MTF2,0.3378774587104154,0,0
M12_module,GO Biological Process,662,Transforming Growth Factor Beta Receptor Superfamily Signaling Pathway (GO:0141091),0.3146952669072519,2.69857045609258,3.119953622683071,FOS,0.3464491567909656,0,0
M12_module,GO Biological Process,663,T Cell Activation (GO:0042110),0.3146952669072519,2.69857045609258,3.119953622683071,CLEC7A,0.3464491567909656,0,0
M12_module,GO Biological Process,664,Antigen Receptor-Mediated Signaling Pathway (GO:0050851),0.3146952669072519,2.69857045609258,3.119953622683071,NCKAP1L,0.3464491567909656,0,0
M12_module,GO Biological Process,665,Positive Regulation of Cell Projection Organization (GO:0031346),0.3169697333745602,2.6747638326585697,3.073167198610254,FZD4,0.3484283836042157,0,0
M12_module,GO Biological Process,666,Positive Regulation of Macromolecule Biosynthetic Process (GO:0010557),0.3276922027628548,1.7334454674220965,1.933971335956604,TYROBP;CLEC7A,0.3596741745039742,0,0
M12_module,GO Biological Process,667,Enzyme-Linked Receptor Protein Signaling Pathway (GO:0007167),0.3304612370076298,2.5402564102564105,2.8127393320262044,CSF1R,0.361627491396074,0,0
M12_module,GO Biological Process,668,Cellular Response to Oxidative Stress (GO:0034599),0.3304612370076298,2.5402564102564105,2.8127393320262044,FOS,0.361627491396074,0,0
M12_module,GO Biological Process,669,Protein-Containing Complex Organization (GO:0043933),0.3348998141439362,2.498360655737705,2.7330163175613547,NCKAP1L,0.365936867173718,0,0
M12_module,GO Biological Process,670,Negative Regulation of Gene Expression (GO:0010629),0.3385779787890592,1.68957182320442,1.8298077163767237,ZFP36;MTF2,0.3694037350668691,0,0
M12_module,GO Biological Process,671,Calcium Ion Transport (GO:0006816),0.3415033972594014,2.4380307692307692,2.6194145338917076,CCL5,0.3714865824354501,0,0
M12_module,GO Biological Process,672,Regulation of Cell Motility (GO:2000145),0.3415033972594014,2.4380307692307692,2.6194145338917076,CSF1R,0.3714865824354501,0,0
M12_module,GO Biological Process,673,Regulation of Anatomical Structure Morphogenesis (GO:0022603),0.3436902093190835,2.4185592185592184,2.5830565120206814,CXCL13,0.3733098707462854,0,0
M12_module,GO Biological Process,674,Epithelial Cell Differentiation (GO:0030855),0.3545174409680757,2.325660598943042,2.411704774502665,LGALS3,0.3844988862724975,0,0
M12_module,GO Biological Process,675,Negative Regulation of Cell Population Proliferation (GO:0008285),0.3566062814887562,1.6211041114058355,1.671557667818903,CXCL1;IGFBP7,0.3861913952122678,0,0
M12_module,GO Biological Process,676,Regulation of GTPase Activity (GO:0043087),0.3587989071439859,2.2904569115095432,2.3477027469733645,RGS1,0.3879911259204935,0,0
M12_module,GO Biological Process,677,Negative Regulation of Programmed Cell Death (GO:0043069),0.3601926441087664,1.6080592105263158,1.6420154199921513,HTR2B;NCKAP1L,0.3889229288678112,0,0
M12_module,GO Biological Process,678,Regulation of Cytoskeleton Organization (GO:0051493),0.369380590969773,2.206911928651059,2.1979248417877857,CSF1R,0.397668942560978,0,0
M12_module,GO Biological Process,679,Negative Regulation of Cell Motility (GO:2000146),0.369380590969773,2.206911928651059,2.1979248417877857,SERPINE1,0.397668942560978,0,0
M12_module,GO Biological Process,680,Protein Autophosphorylation (GO:0046777),0.3714761957915194,2.190924183729939,2.1696075711284837,CSF1R,0.3993369104758834,0,0
M12_module,GO Biological Process,681,Plasma Membrane Bounded Cell Projection Organization (GO:0120036),0.3735649419475232,2.175164835164835,2.1418052358705997,CSF1R,0.4009926175677525,0,0
M12_module,GO Biological Process,682,Regulation of Cell Adhesion (GO:0030155),0.375646851454587,2.1596290234588107,2.1145053065936077,CCL5,0.4026361413684796,0,0
M12_module,GO Biological Process,683,Synapse Organization (GO:0050808),0.3797902486551503,2.1292092522861754,2.061364460573539,C1QC,0.406481217813931,0,0
M12_module,GO Biological Process,684,Positive Regulation of Metabolic Process (GO:0009893),0.3859546183876325,2.0851422550052687,1.9851294188157624,CLEC7A,0.4124748918733324,0,0
M12_module,GO Biological Process,685,Positive Regulation of Multicellular Organismal Process (GO:0051240),0.3897894397086602,1.5068672839506172,1.4196928776071998,SERPINE1;HTR2B,0.4159650809153732,0,0
M12_module,GO Biological Process,686,Adenylate Cyclase-Activating G Protein-Coupled Receptor Signaling Pathway (GO:0007189),0.3981028907112062,2.0022267206477733,1.8441404849127392,CXCL10,0.4242175118219997,0,0
M12_module,GO Biological Process,687,Negative Regulation of Response to External Stimulus (GO:0032102),0.4001044594805968,1.9890397184514832,1.8220192920200833,SERPINE1,0.4257297814851766,0,0
M12_module,GO Biological Process,688,Neuron Projection Morphogenesis (GO:0048812),0.4060699168814017,1.9504930966469427,1.7578427474756346,NCKAP1L,0.4314492866864893,0,0
M12_module,GO Biological Process,689,Positive Regulation of Transcription by RNA Polymerase II (GO:0045944),0.4086482721279841,1.249135062110778,1.1178515457737266,MMP12;CXCL10;FZD4;FOS,0.4335586167279483,0,0
M12_module,GO Biological Process,690,Epithelium Development (GO:0060429),0.4100143915617125,1.9256085686465432,1.716801387969344,LGALS3,0.4343775655530606,0,0
M12_module,GO Biological Process,691,Cellular Response to Nitrogen Compound (GO:1901699),0.4293530398157439,1.81007326007326,1.5303730685600088,TYROBP,0.4542070508036307,0,0
M12_module,GO Biological Process,692,Heart Development (GO:0007507),0.4331451732041908,1.7885972850678733,1.4964877513825037,HTR2B,0.4562379273951923,0,0
M12_module,GO Biological Process,693,Positive Regulation of Protein Phosphorylation (GO:0001934),0.4331451732041908,1.7885972850678733,1.4964877513825037,CSF1R,0.4562379273951923,0,0
M12_module,GO Biological Process,694,Cell-Cell Adhesion via Plasma-Membrane Adhesion Molecules (GO:0098742),0.4331451732041908,1.7885972850678733,1.4964877513825037,ITGB2,0.4562379273951923,0,0
M12_module,GO Biological Process,695,Regulation of Cytokine Production (GO:0001817),0.4350319221075128,1.7780476833108412,1.4799328590436929,HTR2B,0.4569085273859078,0,0
M12_module,GO Biological Process,696,Nitrogen Compound Transport (GO:0071705),0.4350319221075128,1.7780476833108412,1.4799328590436929,SLC15A3,0.4569085273859078,0,0
M12_module,GO Biological Process,697,Metal Ion Transport (GO:0030001),0.4499049177648639,1.6978942844864633,1.3561404460634805,CCL5,0.4718514991192475,0,0
M12_module,GO Biological Process,698,Neuron Differentiation (GO:0030182),0.4517367139124982,1.6883760683760685,1.3416777681322558,FZD4,0.4730938937966135,0,0
M12_module,GO Biological Process,699,Small GTPase-mediated Signal Transduction (GO:0007264),0.4643921533866118,1.6245989304812831,1.2461094982839218,RRAS2,0.4856518800080304,0,0
M12_module,GO Biological Process,700,Anterograde Trans-Synaptic Signaling (GO:0098916),0.4661764276660525,1.6158756137479542,1.233221913564407,HTR2B,0.4868213837484063,0,0
M12_module,GO Biological Process,701,Generation of Neurons (GO:0048699),0.4714942008049702,1.5902537253322593,1.1956298405496593,FZD4,0.4916722693130288,0,0
M12_module,GO Biological Process,702,Regulation of Programmed Cell Death (GO:0043067),0.4767597946114191,1.5654242664551945,1.1595762693042246,CXCL10,0.4964549998019192,0,0
M12_module,GO Biological Process,703,Protein Localization to Membrane (GO:0072657),0.4837002894353833,1.5334887334887335,1.113757226736995,ITGB2,0.5029657348183004,0,0
M12_module,GO Biological Process,704,Transcription by RNA Polymerase II (GO:0006366),0.4854211976341649,1.525705450328566,1.1026857881843173,CEBPD,0.5040382037934298,0,0
M12_module,GO Biological Process,705,Regulation of Cell Differentiation (GO:0045595),0.4871364564623012,1.518,1.0917622935570508,CEBPD,0.505101772587152,0,0
M12_module,GO Biological Process,706,DNA-templated Transcription (GO:0006351),0.4905500986905821,1.5028179741051029,1.0703488404705086,CEBPD,0.5079208528935064,0,0
M12_module,GO Biological Process,707,Neuron Projection Development (GO:0031175),0.4956286458259475,1.4806003752345216,1.0392753496785962,NCKAP1L,0.5124533806206049,0,0
M12_module,GO Biological Process,708,Protein Stabilization (GO:0050821),0.505636621058205,1.4380605176813708,0.9806666865809354,TYROBP,0.5220626694824122,0,0
M12_module,GO Biological Process,709,Negative Regulation of Cellular Process (GO:0048523),0.5262653080739488,1.1463256143667298,0.7358835051044368,CXCL1;IGFBP7,0.5425951201721531,0,0
M12_module,GO Biological Process,710,Regulation of Autophagy (GO:0010506),0.5345017393782194,1.3238159220691972,0.8292651595105708,DRAM1,0.5503109457541949,0,0
M12_module,GO Biological Process,711,Apoptotic Process (GO:0006915),0.5376046526253595,1.3122211122211125,0.8144061972937677,ITGB2,0.5527271463700953,0,0
M12_module,GO Biological Process,712,Positive Regulation of RNA Biosynthetic Process (GO:1902680),0.5502975882518721,1.0952192585895115,0.6541701671931425,FZD4;FOS,0.5649824958035373,0,0
M12_module,GO Biological Process,713,Negative Regulation of Multicellular Organismal Process (GO:0051241),0.5543100361592679,1.2518753973299428,0.7386454386734106,TIMP1,0.5683038379136394,0,0
M12_module,GO Biological Process,714,Positive Regulation of Developmental Process (GO:0051094),0.5572828627117261,1.2414880201765448,0.7258761150595687,FZD4,0.5705515023001005,0,0
M12_module,GO Biological Process,715,Chemical Synaptic Transmission (GO:0007268),0.5789651658798117,1.1686961686961688,0.6387076092445341,HTR2B,0.5919210297316677,0,0
M12_module,GO Biological Process,716,Chromatin Remodeling (GO:0006338),0.5817759525334353,1.159622752726201,0.628132701833592,MTF2,0.5939639962317614,0,0
M12_module,GO Biological Process,717,Negative Regulation of Signal Transduction (GO:0009968),0.6022759260854618,1.0957636566332218,0.5555955548718097,CCL5,0.6131806434101289,0,0
M12_module,GO Biological Process,718,Cellular Component Assembly (GO:0022607),0.6022759260854618,1.0957636566332218,0.5555955548718097,NCKAP1L,0.6131806434101289,0,0
M12_module,GO Biological Process,719,Protein Metabolic Process (GO:0019538),0.6057578994119492,0.9866217320261438,0.4945686890022079,MMP12;CTSS,0.6158679060780735,0,0
M12_module,GO Biological Process,720,Positive Regulation of DNA-templated Transcription (GO:0045893),0.6130813490671218,0.9481330962661926,0.4638813661850981,MMP12;CXCL10;FZD4;FOS,0.6224478696778694,0,0
M12_module,GO Biological Process,721,Cell Surface Receptor Protein Tyrosine Kinase Signaling Pathway (GO:0007169),0.626826911821721,1.024198174706649,0.4783874345806103,CSF1R,0.6355207663546159,0,0
M12_module,GO Biological Process,722,Positive Regulation of Cell Differentiation (GO:0045597),0.6280768782984846,1.0206860706860708,0.4747136428496731,ZFP36,0.6359060914628701,0,0
M12_module,GO Biological Process,723,Protein-Containing Complex Assembly (GO:0065003),0.6591670507408273,0.9370281892021024,0.3905330020131194,NCKAP1L,0.6664607387158294,0,0
M12_module,GO Biological Process,724,Intracellular Protein Transport (GO:0006886),0.6625853546515271,0.9282366863905326,0.3820676894844863,MMP12,0.6689915666440142,0,0
M12_module,GO Biological Process,725,Protein Phosphorylation (GO:0006468),0.7119330400555635,0.8090157154673284,0.2748804159050776,CSF1R,0.7178248996974026,0,0
M12_module,GO Biological Process,726,Regulation of Gene Expression (GO:0010468),0.7265963606238889,0.7968988307066599,0.2545168700117521,TYROBP;CLEC7A;MTF2,0.7316004677907201,0,0
M12_module,GO Biological Process,727,Regulation of Transcription by RNA Polymerase II (GO:0006357),0.7668703067430354,0.7883244206773619,0.2092509292482305,MMP12;CXCL10;ZFP36;CEBPD;FZD4;FOS,0.7710896756934785,0,0
M12_module,GO Biological Process,728,Nervous System Development (GO:0007399),0.799302265620869,0.6248594828970612,0.1399785843115762,CXCL1,0.8025960936385375,0,0
M12_module,GO Biological Process,729,Negative Regulation of Transcription by RNA Polymerase II (GO:0000122),0.9149895081709996,0.4041460591392192,0.0359054191072674,ZFP36,0.9174997674526756,0,0
M12_module,GO Biological Process,730,Negative Regulation of DNA-templated Transcription (GO:0045892),0.9670195181762902,0.2897665518561041,0.0097177847910756,ZFP36,0.9683442024477644,0,0
M12_module,GO Biological Process,731,Regulation of DNA-templated Transcription (GO:0006355),0.97744243772145,0.396780809702158,0.0090529017922369,CEBPD;FZD4;FOS,0.97744243772145,0,0
Severity_positive_FDR005,GO Biological Process,1,Positive Regulation of Phagocytosis (GO:0050766),1.6210367288602977e-07,20.27953216374269,317.071088702526,C4B;FCER1G;PTPRC;CLEC7A;NCKAP1L;IL2RG;CD300LF,0.0001554574222977,0,0
Severity_positive_FDR005,GO Biological Process,2,Cytokine-Mediated Signaling Pathway (GO:0019221),3.7043209001444506e-05,6.0852625051674245,62.09052271575421,CSF1R;FCER1G;CCL5;IL2RG;IL7R;OSMR;CD300LF;LILRB4;IL18R1,0.0129186068526532,0,0
Severity_positive_FDR005,GO Biological Process,3,Leukocyte Cell-Cell Adhesion (GO:0007159),4.271714914443379e-05,23.903643480879257,240.49240810085823,LRG1;CCL5;ITGB2;ICAM1,0.0129186068526532,0,0
Severity_positive_FDR005,GO Biological Process,4,Granulocyte Chemotaxis (GO:0071621),5.388365736247436e-05,13.763545429285912,135.27752950802957,LGALS3;FCER1G;CCL5;ITGB2;CXCL13,0.0129186068526532,0,0
Severity_positive_FDR005,GO Biological Process,5,Phagocytosis (GO:0006909),8.881017322973481e-05,12.29942871336314,114.74148548052302,P2RY6;TYROBP;CD93;ANXA3;ITGB2,0.0138894688320601,0,0
Severity_positive_FDR005,GO Biological Process,6,Antifungal Innate Immune Response (GO:0061760),0.0001318121406546,36.96029776674938,330.20820953350847,CLEC4D;CLEC7A;CLEC4E,0.0138894688320601,0,0
Severity_positive_FDR005,GO Biological Process,7,Regulation of Superoxide Anion Generation (GO:0032928),0.0001318121406546,36.96029776674938,330.20820953350847,TYROBP;CLEC7A;ITGB2,0.0138894688320601,0,0
Severity_positive_FDR005,GO Biological Process,8,Positive Regulation of Superoxide Anion Generation (GO:0032930),0.0001318121406546,36.96029776674938,330.20820953350847,TYROBP;CLEC7A;ITGB2,0.0138894688320601,0,0
Severity_positive_FDR005,GO Biological Process,9,Response to Cytokine (GO:0034097),0.0001349078316213,8.372960372960373,74.61076950859733,MMP12;CH25H;CSF1R;UBD;TIMP1;OSMR,0.0138894688320601,0,0
Severity_positive_FDR005,GO Biological Process,10,Neutrophil Chemotaxis (GO:0030593),0.0001579653659675,16.538670002084636,144.7652071421949,LGALS3;FCER1G;ITGB2;CXCL13,0.0138894688320601,0,0
Severity_positive_FDR005,GO Biological Process,11,Positive Regulation of Cell Adhesion Mediated by Integrin (GO:0033630),0.0001593161179902,34.318548387096776,300.10267029586845,CCL5;NCKAP1L;CXCL13,0.0138894688320601,0,0
Severity_positive_FDR005,GO Biological Process,12,Regulation of T Cell Proliferation (GO:0042129),0.0001863858225231,10.400903741067676,89.31975491720253,LGALS3;PTPRC;CCL5;NCKAP1L;LILRB4,0.0148953336499721,0,0
Severity_positive_FDR005,GO Biological Process,13,Positive Regulation of Endocytosis (GO:0045807),0.0002084515499176,10.13985655737705,85.94343593924688,FCER1G;PTPRC;CLEC7A;SERPINE1;IL2RG,0.0153773104900808,0,0
Severity_positive_FDR005,GO Biological Process,14,Neutrophil Activation (GO:0042119),0.0002249276971887,30.025705645161292,252.20786711566447,FCER1G;TYROBP;CCL5,0.0154075472574298,0,0
Severity_positive_FDR005,GO Biological Process,15,Neutrophil Migration (GO:1990266),0.0002848509490787,14.016967126193,114.42813489235958,LGALS3;FCER1G;ITGB2;CXCL13,0.0182114706777711,0,0
Severity_positive_FDR005,GO Biological Process,16,Negative Regulation of Leukocyte Activation (GO:0002695),0.000305873066363,26.686827956989248,215.95889490010893,CD84;CD300LF;LILRB4,0.0183332669151375,0,0
Severity_positive_FDR005,GO Biological Process,17,Negative Regulation of Mast Cell Activation (GO:0033004),0.0003950801375191,105.97333333333331,830.45175373603,CD84;CD300LF,0.0199411500989905,0,0
Severity_positive_FDR005,GO Biological Process,18,Negative Regulation of Trophoblast Cell Migration (GO:1901164),0.0003950801375191,105.97333333333331,830.45175373603,ARHGDIB;TIMP1,0.0199411500989905,0,0
Severity_positive_FDR005,GO Biological Process,19,Cell Junction Disassembly (GO:0150146),0.0003950801375191,105.97333333333331,830.45175373603,C1QB;C1QC,0.0199411500989905,0,0
Severity_positive_FDR005,GO Biological Process,20,Cellular Response to Low-Density Lipoprotein Particle Stimulus (GO:0071404),0.0005192358906225,21.830278592375368,165.10572105107244,FCER1G;ITGB2;CD68,0.0237117723384279,0,0
Severity_positive_FDR005,GO Biological Process,21,Receptor Clustering (GO:0043113),0.0005192358906225,21.830278592375368,165.10572105107244,CD53;MUSK;ITGB2,0.0237117723384279,0,0
Severity_positive_FDR005,GO Biological Process,22,Humoral Immune Response Mediated by Circulating Immunoglobulin (GO:0002455),0.0005901559910953,79.476,590.9138883457242,C1QB;C1QC,0.0245391682128076,0,0
Severity_positive_FDR005,GO Biological Process,23,Regulation of Phagocytosis (GO:0050764),0.0006506654540905,11.11017661900757,81.52108696413002,FCER1G;PTPRC;CLEC7A;IL2RG,0.0245391682128076,0,0
Severity_positive_FDR005,GO Biological Process,24,Positive Regulation of Leukocyte Migration (GO:0002687),0.0007293683749566,19.20774193548387,138.74389001987268,LGALS3;NCKAP1L;ICAM1,0.0245391682128076,0,0
Severity_positive_FDR005,GO Biological Process,25,Antigen Processing and Presentation of Exogenous Peptide Antigen via MHC Class I (GO:0042590),0.0008227840077854,63.5776,451.58004771742975,FCER1G;MPEG1,0.0245391682128076,0,0
Severity_positive_FDR005,GO Biological Process,26,"Positive Regulation of CD8-positive, Alpha-Beta T Cell Activation (GO:2001187)",0.0008227840077854,63.5776,451.58004771742975,NCKAP1L;LILRB4,0.0245391682128076,0,0
Severity_positive_FDR005,GO Biological Process,27,Positive Regulation of Apoptotic Cell Clearance (GO:2000427),0.0008227840077854,63.5776,451.58004771742975,C4B;CD300LF,0.0245391682128076,0,0
Severity_positive_FDR005,GO Biological Process,28,Positive Regulation of Leukocyte Differentiation (GO:1902107),0.0008227840077854,63.5776,451.58004771742975,LGALS3;NCKAP1L,0.0245391682128076,0,0
Severity_positive_FDR005,GO Biological Process,29,"Regulation of CD8-positive, Alpha-Beta T Cell Differentiation (GO:0043376)",0.0008227840077854,63.5776,451.58004771742975,NCKAP1L;LILRB4,0.0245391682128076,0,0
Severity_positive_FDR005,GO Biological Process,30,Regulation of Apoptotic Cell Clearance (GO:2000425),0.0008227840077854,63.5776,451.58004771742975,C4B;CD300LF,0.0245391682128076,0,0
Severity_positive_FDR005,GO Biological Process,31,Negative Regulation of T Cell Mediated Cytotoxicity (GO:0001915),0.0008227840077854,63.5776,451.58004771742975,PTPRC;NCKAP1L,0.0245391682128076,0,0
Severity_positive_FDR005,GO Biological Process,32,Antimicrobial Humoral Immune Response Mediated by Antimicrobial Peptide (GO:0061844),0.0008717539482493,7.296558853935903,51.40428152064662,LGALS3;CCL5;CXCL1;CXCL13;CXCL2,0.0245391682128076,0,0
Severity_positive_FDR005,GO Biological Process,33,Negative Regulation of Cell Adhesion (GO:0007162),0.0008724582721811,10.22583559168925,72.03278741691429,PTPRC;FZD4;SERPINE1;LPXN,0.0245391682128076,0,0
Severity_positive_FDR005,GO Biological Process,34,T Cell Activation Involved in Immune Response (GO:0002286),0.0008955900807594,17.7831541218638,124.80266908889784,FCER1G;TYROBP;ICAM1,0.0245391682128076,0,0
Severity_positive_FDR005,GO Biological Process,35,Negative Regulation of Antigen Receptor-Mediated Signaling Pathway (GO:0050858),0.0008955900807594,17.7831541218638,124.80266908889784,LGALS3;LPXN;LILRB4,0.0245391682128076,0,0
Severity_positive_FDR005,GO Biological Process,36,Antigen Processing and Presentation of Exogenous Peptide Antigen (GO:0002478),0.0009869698247622,17.14717741935484,118.67340450553468,FCER1G;CTSS;MPEG1,0.0261923753952573,0,0
Severity_positive_FDR005,GO Biological Process,37,Regulation of Extrinsic Apoptotic Signaling Pathway via Death Domain Receptors (GO:1902041),0.0010840451030865,16.555061179087875,113.02232592580732,LGALS3;SERPINE1;ICAM1,0.0261923753952573,0,0
Severity_positive_FDR005,GO Biological Process,38,Negative Regulation of Leukocyte Degranulation (GO:0043301),0.0010924869820753,52.97866666666667,361.2773446106595,CD84;NCKAP1L,0.0261923753952573,0,0
Severity_positive_FDR005,GO Biological Process,39,Positive Regulation of Epithelial Cell Proliferation Involved in Wound Healing (GO:0060054),0.0010924869820753,52.97866666666667,361.2773446106595,MMP12;LRG1,0.0261923753952573,0,0
Severity_positive_FDR005,GO Biological Process,40,Synapse Pruning (GO:0098883),0.0010924869820753,52.97866666666667,361.2773446106595,C1QB;C1QC,0.0261923753952573,0,0
Severity_positive_FDR005,GO Biological Process,41,Positive Regulation of Cytokine Production (GO:0001819),0.0011219733129595,4.147284150253161,28.171117107297565,CSF1R;TYROBP;PTPRC;FCER1G;CLEC7A;SERPINE1;HTR2B;IL18R1,0.0262432294421509,0,0
Severity_positive_FDR005,GO Biological Process,42,Regulation of Mast Cell Activation (GO:0033003),0.0013987921617278,45.408,298.4280126679786,CD84;CD300LF,0.0300648665506858,0,0
Severity_positive_FDR005,GO Biological Process,43,Regulation of Cell-Cell Adhesion Mediated by Integrin (GO:0033632),0.0013987921617278,45.408,298.4280126679786,CCL5;CXCL13,0.0300648665506858,0,0
Severity_positive_FDR005,GO Biological Process,44,Inflammatory Response (GO:0006954),0.0014068927801784,4.5056758530183725,29.58594244810976,CSF1R;CCL5;CCRL2;ITGB2;C3AR1;FOS;CXCL13,0.0300648665506858,0,0
Severity_positive_FDR005,GO Biological Process,45,Positive Regulation of Mononuclear Cell Migration (GO:0071677),0.0014107601613981,15.000756048387096,98.4593613939063,LGALS3;CCL5;SERPINE1,0.0300648665506858,0,0
Severity_positive_FDR005,GO Biological Process,46,Regulation of Mononuclear Cell Migration (GO:0071675),0.001741231214115,39.73,252.41115890469297,CSF1R;LGALS3,0.0347883486320062,0,0
Severity_positive_FDR005,GO Biological Process,47,Cellular Response to UV-A (GO:0071492),0.001741231214115,39.73,252.41115890469297,MMP12;TIMP1,0.0347883486320062,0,0
Severity_positive_FDR005,GO Biological Process,48,Positive Regulation of Integrin Activation (GO:0033625),0.001741231214115,39.73,252.41115890469297,PLEK;CXCL13,0.0347883486320062,0,0
Severity_positive_FDR005,GO Biological Process,49,Regulation of T Cell Receptor Signaling Pathway (GO:0050856),0.0020810135523274,12.970357454228422,80.09066308696802,LGALS3;PTPRC;LILRB4,0.038348061211759,0,0
Severity_positive_FDR005,GO Biological Process,50,Neutrophil Activation Involved in Immune Response (GO:0002283),0.0021193401920992,35.31377777777778,217.41458651355765,FCER1G;TYROBP,0.038348061211759,0,0
Severity_positive_FDR005,GO Biological Process,51,Positive Regulation of T Cell Chemotaxis (GO:0010820),0.0021193401920992,35.31377777777778,217.41458651355765,CCL5;CXCL13,0.038348061211759,0,0
Severity_positive_FDR005,GO Biological Process,52,Positive Regulation of Myeloid Leukocyte Mediated Immunity (GO:0002888),0.0021193401920992,35.31377777777778,217.41458651355765,TYROBP;ITGB2,0.038348061211759,0,0
Severity_positive_FDR005,GO Biological Process,53,Macrophage Chemotaxis (GO:0048246),0.0021193401920992,35.31377777777778,217.41458651355765,LGALS3;CCL5,0.038348061211759,0,0
Severity_positive_FDR005,GO Biological Process,54,Defense Response to Fungus (GO:0050832),0.0023958168691002,12.30397022332506,74.24253816376469,CLEC4D;CLEC7A;CLEC4E,0.040304041669203,0,0
Severity_positive_FDR005,GO Biological Process,55,Antimicrobial Humoral Response (GO:0019730),0.0024839509548003,5.6947009928423,34.1562747586538,LGALS3;CCL5;CXCL1;CXCL13;CXCL2,0.040304041669203,0,0
Severity_positive_FDR005,GO Biological Process,56,Cellular Response to Cytokine Stimulus (GO:0071345),0.0025025473036264,4.052511820330969,24.276353809259376,MMP12;CSF1R;CCL5;IL2RG;IL7R;OSMR;LILRB4,0.040304041669203,0,0
Severity_positive_FDR005,GO Biological Process,57,"Wound Healing, Spreading of Epidermal Cells (GO:0035313)",0.002532659498839,31.7808,190.00104699006127,MMP12;LRG1,0.040304041669203,0,0
Severity_positive_FDR005,GO Biological Process,58,Macrophage Migration (GO:1905517),0.002532659498839,31.7808,190.00104699006127,LGALS3;CCL5,0.040304041669203,0,0
Severity_positive_FDR005,GO Biological Process,59,Regulation of T Cell Apoptotic Process (GO:0070232),0.002532659498839,31.7808,190.00104699006127,LGALS3;CCL5,0.040304041669203,0,0
Severity_positive_FDR005,GO Biological Process,60,Regulation of T Cell Chemotaxis (GO:0010819),0.002532659498839,31.7808,190.00104699006127,CCL5;CXCL13,0.040304041669203,0,0
Severity_positive_FDR005,GO Biological Process,61,Positive Regulation of Production of Molecular Mediator of Immune Response (GO:0002702),0.0025636564565395,11.995766129032258,71.57058820236952,PTPRC;CLEC7A;IL2RG,0.040304041669203,0,0
Severity_positive_FDR005,GO Biological Process,62,Response to Amyloid-Beta (GO:1904645),0.0029207143635014,11.423387096774194,66.66605373313148,MMP12;TYROBP;ICAM1,0.0433109661252525,0,0
Severity_positive_FDR005,GO Biological Process,63,Regulation of B Cell Proliferation (GO:0030888),0.0029207143635014,11.423387096774194,66.66605373313148,PTPRC;TYROBP;NCKAP1L,0.0433109661252525,0,0
Severity_positive_FDR005,GO Biological Process,64,Positive Regulation of ERK1 and ERK2 Cascade (GO:0070374),0.0029521441580451,5.462173238812583,31.818380127066987,CSF1R;P2RY6;PTPRC;HTR2B;ICAM1,0.0433109661252525,0,0
Severity_positive_FDR005,GO Biological Process,65,Response to UV-A (GO:0070141),0.0029807338522071,28.89018181818182,168.013329686665,MMP12;TIMP1,0.0433109661252525,0,0
Severity_positive_FDR005,GO Biological Process,66,Positive Regulation of Alpha-Beta T Cell Differentiation (GO:0046638),0.0029807338522071,28.89018181818182,168.013329686665,NCKAP1L;LILRB4,0.0433109661252525,0,0
Severity_positive_FDR005,GO Biological Process,67,Regulation of Interleukin-10 Production (GO:0032653),0.0031101256625948,11.157164291072768,64.4113375585903,TYROBP;CLEC7A;LILRB4,0.0438619192710072,0,0
Severity_positive_FDR005,GO Biological Process,68,Regulation of Calcium-Mediated Signaling (GO:0050848),0.0031101256625948,11.157164291072768,64.4113375585903,PTPRC;CLEC7A;PLEK,0.0438619192710072,0,0
Severity_positive_FDR005,GO Biological Process,69,Cellular Response to Oxygen-Containing Compound (GO:1901701),0.0031704658895955,3.4859645986053995,20.057810597947032,P2RY6;TYROBP;FZD4;SERPINE1;FOS;CXCL13;CD68;ICAM1,0.0440648809872778,0,0
Severity_positive_FDR005,GO Biological Process,70,Regulation of Trophoblast Cell Migration (GO:1901163),0.0034631122521909,26.481333333333332,150.03231374792333,ARHGDIB;TIMP1,0.0461267312479322,0,0
Severity_positive_FDR005,GO Biological Process,71,Positive Regulation of Macrophage Chemotaxis (GO:0010759),0.0034631122521909,26.481333333333332,150.03231374792333,CSF1R;CCL5,0.0461267312479322,0,0
Severity_positive_FDR005,GO Biological Process,72,Positive Regulation of Syncytium Formation by Plasma Membrane Fusion (GO:0060143),0.0034631122521909,26.481333333333332,150.03231374792333,CD53;TYROBP,0.0461267312479322,0,0
Severity_positive_FDR005,GO Biological Process,73,Hemopoiesis (GO:0030097),0.0039390556969011,6.6301232084485795,36.70976069450392,CSF1R;PTPRC;PLEK;IL7R,0.050410763513872,0,0
Severity_positive_FDR005,GO Biological Process,74,Regulation of Interleukin-2 Production (GO:0032663),0.0039424476157876,10.205559368565543,56.49750237396662,PTPRC;CLEC7A;LILRB4,0.050410763513872,0,0
Severity_positive_FDR005,GO Biological Process,75,Positive Regulation of Lymphocyte Activation (GO:0051251),0.0039424476157876,10.205559368565543,56.49750237396662,TYROBP;CLEC7A;NCKAP1L,0.050410763513872,0,0
Severity_positive_FDR005,GO Biological Process,76,Phospholipase C-activating G Protein-Coupled Receptor Signaling Pathway (GO:0007200),0.0040800057474258,6.562137049941928,36.10262646068061,P2RY6;PLEK;C3AR1;HTR2B,0.0514832304181763,0,0
Severity_positive_FDR005,GO Biological Process,77,Positive Regulation of Reactive Oxygen Species Metabolic Process (GO:2000379),0.0044046101399877,9.788018433179724,53.10101332894358,TYROBP;CLEC7A;ITGB2,0.0529671883753469,0,0
Severity_positive_FDR005,GO Biological Process,78,Positive Regulation of Protein-Containing Complex Assembly (GO:0031334),0.0045232458213326,6.366256137808903,34.368395722516055,LGALS3;CLEC7A;PLEK;CXCL13,0.0529671883753469,0,0
Severity_positive_FDR005,GO Biological Process,79,Negative Regulation of Interleukin-10 Production (GO:0032693),0.0045289983803737,22.696,122.49608749697616,TYROBP;LILRB4,0.0529671883753469,0,0
Severity_positive_FDR005,GO Biological Process,80,T Cell Homeostasis (GO:0043029),0.0045289983803737,22.696,122.49608749697616,LGALS3;NCKAP1L,0.0529671883753469,0,0
Severity_positive_FDR005,GO Biological Process,81,Ruffle Organization (GO:0031529),0.0045289983803737,22.696,122.49608749697616,CSF1R;PLEK,0.0529671883753469,0,0
Severity_positive_FDR005,GO Biological Process,82,Positive Regulation of Lymphocyte Chemotaxis (GO:0140131),0.0045289983803737,22.696,122.49608749697616,CCL5;CXCL13,0.0529671883753469,0,0
Severity_positive_FDR005,GO Biological Process,83,Regulation of Protein Tyrosine Kinase Activity (GO:0061097),0.0051116251968173,21.181866666666668,111.76056733723074,CSF1R;LILRB4,0.0570005646947421,0,0
Severity_positive_FDR005,GO Biological Process,84,Cortical Actin Cytoskeleton Organization (GO:0030866),0.0051116251968173,21.181866666666668,111.76056733723074,PLEK;NCKAP1L,0.0570005646947421,0,0
Severity_positive_FDR005,GO Biological Process,85,Myeloid Cell Activation Involved in Immune Response (GO:0002275),0.0051116251968173,21.181866666666668,111.76056733723074,FCER1G;TYROBP,0.0570005646947421,0,0
Severity_positive_FDR005,GO Biological Process,86,Negative Regulation of T Cell Mediated Immunity (GO:0002710),0.0051116251968173,21.181866666666668,111.76056733723074,PTPRC;LILRB4,0.0570005646947421,0,0
Severity_positive_FDR005,GO Biological Process,87,Positive Regulation of Leukocyte Chemotaxis (GO:0002690),0.0054240805769737,9.047474132684114,47.199829984439575,CSF1R;CCL5;SERPINE1,0.0591101508331566,0,0
Severity_positive_FDR005,GO Biological Process,88,Receptor Internalization (GO:0031623),0.0054240805769737,9.047474132684114,47.199829984439575,FCER1G;ITGB2;LILRB4,0.0591101508331566,0,0
Severity_positive_FDR005,GO Biological Process,89,Negative Regulation of Reproductive Process (GO:2000242),0.0057267941672394,19.857,102.51373602728556,ARHGDIB;TIMP1,0.0617078158020522,0,0
Severity_positive_FDR005,GO Biological Process,90,Regulation of Interleukin-6 Production (GO:0032675),0.0060449819584312,5.842719881744272,29.84769098079669,TYROBP;CLEC7A;NCKAP1L;LILRB4,0.062374878483927,0,0
Severity_positive_FDR005,GO Biological Process,91,Negative Regulation of Endopeptidase Activity (GO:0010951),0.0063740751735399,18.688,94.47748804028022,SERPINE1;TIMP1,0.062374878483927,0,0
Severity_positive_FDR005,GO Biological Process,92,Antigen Processing and Presentation of Peptide Antigen via MHC Class I (GO:0002474),0.0063740751735399,18.688,94.47748804028022,FCER1G;MPEG1,0.062374878483927,0,0
Severity_positive_FDR005,GO Biological Process,93,Regulation of Smooth Muscle Cell Migration (GO:0014910),0.0063740751735399,18.688,94.47748804028022,CCL5;SERPINE1,0.062374878483927,0,0
Severity_positive_FDR005,GO Biological Process,94,Cell Projection Organization (GO:0030030),0.0063740751735399,18.688,94.47748804028022,PLEK;NCKAP1L,0.062374878483927,0,0
Severity_positive_FDR005,GO Biological Process,95,Response to Acidic pH (GO:0010447),0.0063740751735399,18.688,94.47748804028022,GPR65;CTSS,0.062374878483927,0,0
Severity_positive_FDR005,GO Biological Process,96,Eosinophil Chemotaxis (GO:0048245),0.0063740751735399,18.688,94.47748804028022,LGALS3;CCL5,0.062374878483927,0,0
Severity_positive_FDR005,GO Biological Process,97,Eosinophil Migration (GO:0072677),0.0063740751735399,18.688,94.47748804028022,LGALS3;CCL5,0.062374878483927,0,0
Severity_positive_FDR005,GO Biological Process,98,Microglial Cell Activation (GO:0001774),0.0063740751735399,18.688,94.47748804028022,TYROBP;ITGB2,0.062374878483927,0,0
Severity_positive_FDR005,GO Biological Process,99,Positive Regulation of Cell Migration (GO:0030335),0.0064492327062641,3.3816023738872403,17.05610615444062,CSF1R;PTPRC;FZD4;ANXA3;CLEC7A;CCL5;NCKAP1L,0.0624728703566399,0,0
Severity_positive_FDR005,GO Biological Process,100,Regulation of Endopeptidase Activity (GO:0052548),0.0070530421740909,17.648888888888887,87.43782388318907,SERPINE1;TIMP1,0.0644177851900303,0,0
Severity_positive_FDR005,GO Biological Process,101,Regulation of Granulocyte Chemotaxis (GO:0071622),0.0070530421740909,17.648888888888887,87.43782388318907,CSF1R;CCL5,0.0644177851900303,0,0
Severity_positive_FDR005,GO Biological Process,102,Cellular Response to Lectin (GO:1990858),0.0070530421740909,17.648888888888887,87.43782388318907,TYROBP;CLEC7A,0.0644177851900303,0,0
Severity_positive_FDR005,GO Biological Process,103,Stimulatory C-type Lectin Receptor Signaling Pathway (GO:0002223),0.0070530421740909,17.648888888888887,87.43782388318907,TYROBP;CLEC7A,0.0644177851900303,0,0
Severity_positive_FDR005,GO Biological Process,104,Positive Regulation of Macrophage Migration (GO:1905523),0.0070530421740909,17.648888888888887,87.43782388318907,CSF1R;CCL5,0.0644177851900303,0,0
Severity_positive_FDR005,GO Biological Process,105,Positive Regulation of Monocyte Chemotaxis (GO:0090026),0.0070530421740909,17.648888888888887,87.43782388318907,CCL5;SERPINE1,0.0644177851900303,0,0
Severity_positive_FDR005,GO Biological Process,106,Negative Regulation of Cytokine Production (GO:0001818),0.0075013883626152,4.337872377930548,21.223765730184503,CD84;TYROBP;PTPRC;NCKAP1L;LILRB4,0.0678663343372458,0,0
Severity_positive_FDR005,GO Biological Process,107,Regulation of Macrophage Chemotaxis (GO:0010758),0.0077632731661142,16.719157894736842,81.22754138870916,CSF1R;CCL5,0.0683025593238856,0,0
Severity_positive_FDR005,GO Biological Process,108,Positive Regulation of Leukocyte Activation (GO:0002696),0.0077632731661142,16.719157894736842,81.22754138870916,CLEC4D;CLEC7A,0.0683025593238856,0,0
Severity_positive_FDR005,GO Biological Process,109,Lymphocyte Chemotaxis (GO:0048247),0.0077632731661142,16.719157894736842,81.22754138870916,CH25H;CXCL13,0.0683025593238856,0,0
Severity_positive_FDR005,GO Biological Process,110,Pattern Recognition Receptor Signaling Pathway (GO:0002221),0.0082014358501603,7.730619146722164,37.13361189895217,CLEC7A;CLEC4E;CTSS,0.0708574502730069,0,0
Severity_positive_FDR005,GO Biological Process,111,Positive Regulation of T Cell Proliferation (GO:0042102),0.0082014358501603,7.730619146722164,37.13361189895217,PTPRC;CCL5;NCKAP1L,0.0708574502730069,0,0
Severity_positive_FDR005,GO Biological Process,112,Negative Regulation of T Cell Receptor Signaling Pathway (GO:0050860),0.0085043501555642,15.8824,75.7142193446179,LGALS3;LILRB4,0.0728184982070186,0,0
Severity_positive_FDR005,GO Biological Process,113,Negative Regulation of Interleukin-2 Production (GO:0032703),0.0092758591206581,15.125333333333334,70.79170332746214,PTPRC;LILRB4,0.0766857663509581,0,0
Severity_positive_FDR005,GO Biological Process,114,Negative Regulation of Peptidase Activity (GO:0010466),0.0092758591206581,15.125333333333334,70.79170332746214,SERPINE1;TIMP1,0.0766857663509581,0,0
Severity_positive_FDR005,GO Biological Process,115,Immune Response-Activating Cell Surface Receptor Signaling Pathway (GO:0002429),0.0092758591206581,15.125333333333334,70.79170332746214,FCER1G;C3AR1,0.0766857663509581,0,0
Severity_positive_FDR005,GO Biological Process,116,Monocyte Chemotaxis (GO:0002548),0.0092758591206581,15.125333333333334,70.79170332746214,LGALS3;CCL5,0.0766857663509581,0,0
Severity_positive_FDR005,GO Biological Process,117,Regulation of Tumor Necrosis Factor Production (GO:0032680),0.0097777850595423,5.056270405223738,23.398610792861653,TYROBP;PTPRC;CLEC7A;LILRB4,0.0801444091632575,0,0
Severity_positive_FDR005,GO Biological Process,118,Negative Regulation of Extrinsic Apoptotic Signaling Pathway via Death Domain Receptors (GO:1902042),0.0100773899824101,14.437090909090909,66.37396212190897,SERPINE1;ICAM1,0.0812119075053053,0,0
Severity_positive_FDR005,GO Biological Process,119,Osteoclast Differentiation (GO:0030316),0.0100773899824101,14.437090909090909,66.37396212190897,CSF1R;TYROBP,0.0812119075053053,0,0
Severity_positive_FDR005,GO Biological Process,120,Negative Regulation of Extrinsic Apoptotic Signaling Pathway (GO:2001237),0.0108451635006804,6.943899018232819,31.414449546333746,LGALS3;SERPINE1;ICAM1,0.0857482505840172,0,0
Severity_positive_FDR005,GO Biological Process,121,Antigen Processing and Presentation of Exogenous Peptide Antigen via MHC Class II (GO:0019886),0.0109085365706466,13.808695652173911,62.39058159947264,FCER1G;CTSS,0.0857482505840172,0,0
Severity_positive_FDR005,GO Biological Process,122,Icosanoid Biosynthetic Process (GO:0046456),0.0109085365706466,13.808695652173911,62.39058159947264,MUSK;ALOX5AP,0.0857482505840172,0,0
Severity_positive_FDR005,GO Biological Process,123,Myeloid Leukocyte Differentiation (GO:0002573),0.0116806164684981,6.747614720581554,30.025701456328676,CSF1R;TYROBP;UBD,0.0895743796094092,0,0
Severity_positive_FDR005,GO Biological Process,124,Negative Regulation of Endothelial Cell Apoptotic Process (GO:2000352),0.0117688965910172,13.232666666666669,58.78341042138074,SERPINE1;ICAM1,0.0895743796094092,0,0
Severity_positive_FDR005,GO Biological Process,125,Positive Regulation of T Cell Migration (GO:2000406),0.0117688965910172,13.232666666666669,58.78341042138074,CCL5;CXCL13,0.0895743796094092,0,0
Severity_positive_FDR005,GO Biological Process,126,Positive Regulation of Interleukin-2 Production (GO:0032743),0.0117688965910172,13.232666666666669,58.78341042138074,PTPRC;CLEC7A,0.0895743796094092,0,0
Severity_positive_FDR005,GO Biological Process,127,Positive Regulation of Cell Population Proliferation (GO:0008284),0.0121698361973914,2.739495798319328,12.07787491685806,CSF1R;PTPRC;CLEC7A;CCL5;HTR2B;TIMP1;IL7R;OSMR,0.0918966371125861,0,0
Severity_positive_FDR005,GO Biological Process,128,Transforming Growth Factor Beta Receptor Signaling Pathway (GO:0007179),0.0125521797420431,6.56208572691118,28.72789881411098,LRG1;LPXN;FOS,0.093377620452129,0,0
Severity_positive_FDR005,GO Biological Process,129,Antigen Processing and Presentation of Peptide Antigen via MHC Class II (GO:0002495),0.0126580715941363,12.70272,55.504029428636514,FCER1G;CTSS,0.093377620452129,0,0
Severity_positive_FDR005,GO Biological Process,130,"Wound Healing, Spreading of Cells (GO:0044319)",0.0126580715941363,12.70272,55.504029428636514,MMP12;LRG1,0.093377620452129,0,0
Severity_positive_FDR005,GO Biological Process,131,Cellular Response to UV (GO:0034644),0.0130015762249032,6.473081952920663,28.110553834518463,MMP12;RHBDD1;TIMP1,0.0944584212097136,0,0
Severity_positive_FDR005,GO Biological Process,132,Positive Regulation of Lymphocyte Proliferation (GO:0050671),0.0130015762249032,6.473081952920663,28.110553834518463,PTPRC;CCL5;NCKAP1L,0.0944584212097136,0,0
Severity_positive_FDR005,GO Biological Process,133,Defense Response to Bacterium (GO:0042742),0.0134985421330252,3.729697935640558,16.056997049389786,FCER1G;ANXA3;SERPINE1;CXCL13;MPEG1,0.0964375155328029,0,0
Severity_positive_FDR005,GO Biological Process,134,Regulation of Monocyte Chemotaxis (GO:0090025),0.0135756669415311,12.213538461538462,52.51181896201051,CCL5;SERPINE1,0.0964375155328029,0,0
Severity_positive_FDR005,GO Biological Process,135,Hematopoietic Progenitor Cell Differentiation (GO:0002244),0.0135756669415311,12.213538461538462,52.51181896201051,PTPRC;PLEK,0.0964375155328029,0,0
Severity_positive_FDR005,GO Biological Process,136,Regulation of ERK1 and ERK2 Cascade (GO:0070372),0.0139868492620809,3.695104526996541,15.776757701966506,CSF1R;P2RY6;PTPRC;HTR2B;ICAM1,0.098627856193644,0,0
Severity_positive_FDR005,GO Biological Process,137,Regulation of Platelet Activation (GO:0010543),0.0145212917736659,11.760592592592593,49.77246620135527,FCER1G;PLEK,0.1016490424156617,0,0
Severity_positive_FDR005,GO Biological Process,138,Regulation of Interleukin-1 Beta Production (GO:0032651),0.0153857141541023,6.061861984483462,25.304126577067706,TYROBP;CLEC7A;LILRB4,0.1039110633972569,0,0
Severity_positive_FDR005,GO Biological Process,139,Positive Regulation of Tumor Necrosis Factor Production (GO:0032760),0.0153857141541023,6.061861984483462,25.304126577067706,TYROBP;PTPRC;CLEC7A,0.1039110633972569,0,0
Severity_positive_FDR005,GO Biological Process,140,Positive Regulation of B Cell Proliferation (GO:0030890),0.0154945589841582,11.34,47.25680040858784,PTPRC;NCKAP1L,0.1039110633972569,0,0
Severity_positive_FDR005,GO Biological Process,141,Positive Regulation of Calcium Ion Transport (GO:0051928),0.0154945589841582,11.34,47.25680040858784,LGALS3;CCL5,0.1039110633972569,0,0
Severity_positive_FDR005,GO Biological Process,142,Positive Regulation of Calcium-Mediated Signaling (GO:0050850),0.0154945589841582,11.34,47.25680040858784,PTPRC;CLEC7A,0.1039110633972569,0,0
Severity_positive_FDR005,GO Biological Process,143,Negative Regulation of Cell-Matrix Adhesion (GO:0001953),0.0154945589841582,11.34,47.25680040858784,MMP12;SERPINE1,0.1039110633972569,0,0
Severity_positive_FDR005,GO Biological Process,144,Regulation of Interleukin-8 Production (GO:0032677),0.01589012338336,5.98578629032258,24.793471198472083,PTPRC;CLEC7A;SERPINE1,0.1058238078100161,0,0
Severity_positive_FDR005,GO Biological Process,145,Regulation of Immunoglobulin Production (GO:0002637),0.0164950851787762,10.948413793103448,44.939875381836224,PTPRC;IL2RG,0.1068836938273405,0,0
Severity_positive_FDR005,GO Biological Process,146,Activation of GTPase Activity (GO:0090630),0.0164950851787762,10.948413793103448,44.939875381836224,GPR65;CXCL13,0.1068836938273405,0,0
Severity_positive_FDR005,GO Biological Process,147,Collagen Catabolic Process (GO:0030574),0.0164950851787762,10.948413793103448,44.939875381836224,MMP12;CTSS,0.1068836938273405,0,0
Severity_positive_FDR005,GO Biological Process,148,Innate Immune Response Activating Cell Surface Receptor Signaling Pathway (GO:0002220),0.0164950851787762,10.948413793103448,44.939875381836224,TYROBP;CLEC7A,0.1068836938273405,0,0
Severity_positive_FDR005,GO Biological Process,149,Proteolysis (GO:0006508),0.0167340913583407,3.078787878787878,12.593188356200642,MMP12;UBD;RHBDD1;PCOLCE;PRSS22;CTSS,0.1077046551184481,0,0
Severity_positive_FDR005,GO Biological Process,150,Positive Regulation of Tumor Necrosis Factor Superfamily Cytokine Production (GO:1903557),0.0169266671777379,5.83920141620771,23.817314057844893,TYROBP;PTPRC;CLEC7A,0.1082178254896715,0,0
Severity_positive_FDR005,GO Biological Process,151,Negative Regulation of Interleukin-6 Production (GO:0032715),0.0175224906583921,10.582933333333331,42.80024024400403,NCKAP1L;LILRB4,0.1112852221284642,0,0
Severity_positive_FDR005,GO Biological Process,152,Regulation of Type II Interferon Production (GO:0032649),0.0185510030355894,5.632258064516129,22.45711631695762,CLEC7A;LILRB4;IL18R1,0.1141972243421355,0,0
Severity_positive_FDR005,GO Biological Process,153,B Cell Receptor Signaling Pathway (GO:0050853),0.0185763993716091,10.241032258064516,40.819355194021576,PTPRC;NCKAP1L,0.1141972243421355,0,0
Severity_positive_FDR005,GO Biological Process,154,Cortical Cytoskeleton Organization (GO:0030865),0.0185763993716091,10.241032258064516,40.819355194021576,PLEK;NCKAP1L,0.1141972243421355,0,0
Severity_positive_FDR005,GO Biological Process,155,Positive Regulation of Cell Development (GO:0010720),0.0185763993716091,10.241032258064516,40.819355194021576,MMP12;CLEC7A,0.1141972243421355,0,0
Severity_positive_FDR005,GO Biological Process,156,Regulation of Cell Adhesion Mediated by Integrin (GO:0033628),0.0185763993716091,10.241032258064516,40.819355194021576,SERPINE1;NCKAP1L,0.1141972243421355,0,0
Severity_positive_FDR005,GO Biological Process,157,Integrated Stress Response Signaling (GO:0140467),0.0196564388982329,9.9205,38.98111980038029,CEBPD;FOS,0.1200670376013082,0,0
Severity_positive_FDR005,GO Biological Process,158,Calcium-Mediated Signaling (GO:0019722),0.0202590156943454,5.439424486803519,21.209161170430978,CCRL2;HTR2B;C3AR1,0.1223311182815432,0,0
Severity_positive_FDR005,GO Biological Process,159,Positive Regulation of Response to External Stimulus (GO:0032103),0.0202822187766062,4.032111264508871,15.717212849070409,LGALS3;CCL5;SERPINE1;LY86,0.1223311182815432,0,0
Severity_positive_FDR005,GO Biological Process,160,Negative Regulation of Myeloid Leukocyte Differentiation (GO:0002762),0.0207622404094827,9.61939393939394,37.271489478978104,LILRB4;C1QC,0.1236707363521361,0,0
Severity_positive_FDR005,GO Biological Process,161,Macrophage Activation (GO:0042116),0.0207622404094827,9.61939393939394,37.271489478978104,CD93;ITGB2,0.1236707363521361,0,0
Severity_positive_FDR005,GO Biological Process,162,Positive Regulation of Cellular Component Biogenesis (GO:0044089),0.02144427157886,5.318010752688172,20.43338063538053,LGALS3;CLEC7A;PLEK,0.1269447928649804,0,0
Severity_positive_FDR005,GO Biological Process,163,Cellular Response to Amyloid-Beta (GO:1904646),0.0218934386440505,9.336,35.67816157733114,TYROBP;ICAM1,0.1288086359487392,0,0
Severity_positive_FDR005,GO Biological Process,164,Positive Regulation of Immune Response (GO:0050778),0.0226668262377697,5.20187587657784,19.69873834601967,PTPRC;CCL5;ITGB2,0.1325456485489096,0,0
Severity_positive_FDR005,GO Biological Process,165,Positive Regulation of Immunoglobulin Production (GO:0002639),0.0242305818837063,8.816444444444445,32.79840525010321,PTPRC;IL2RG,0.1408310789483298,0,0
Severity_positive_FDR005,GO Biological Process,166,Cellular Response to Transforming Growth Factor Beta Stimulus (GO:0071560),0.0245706010537553,5.036842105263158,18.66756753027901,LRG1;LPXN;FOS,0.1419470265695863,0,0
Severity_positive_FDR005,GO Biological Process,167,Regulation of MAPK Cascade (GO:0043408),0.0252579685841789,3.1530054644808745,11.598688736970995,CSF1R;PTPRC;CLEC7A;LILRB4;MDFI,0.1450442627079494,0,0
Severity_positive_FDR005,GO Biological Process,168,Negative Regulation of G Protein-Coupled Receptor Signaling Pathway (GO:0045744),0.0254358139236096,8.57772972972973,31.49396760950185,CCL5;PLEK,0.1451961044806049,0,0
Severity_positive_FDR005,GO Biological Process,169,Negative Regulation of Sequestering of Calcium Ion (GO:0051283),0.0266650166987525,8.351578947368422,30.26948619381673,PTPRC;HTR2B,0.1513121361781283,0,0
Severity_positive_FDR005,GO Biological Process,170,Positive Regulation of MAPK Cascade (GO:0043410),0.0281388916108209,2.718497539232984,9.706674426418648,CSF1R;P2RY6;PTPRC;CLEC7A;HTR2B;ICAM1,0.1518524818560419,0,0
Severity_positive_FDR005,GO Biological Process,171,Positive Regulation of Receptor Signaling Pathway via STAT (GO:1904894),0.0291939463385061,7.9332,28.03429383392472,CCL5;IL7R,0.1518524818560419,0,0
Severity_positive_FDR005,GO Biological Process,172,Negative Regulation of Lymphocyte Proliferation (GO:0050672),0.0304929875889461,7.7393170731707315,27.01221748456348,TYROBP;LILRB4,0.1518524818560419,0,0
Severity_positive_FDR005,GO Biological Process,173,Release of Sequestered Calcium Ion Into Cytosol (GO:0051209),0.0304929875889461,7.7393170731707315,27.01221748456348,PTPRC;HTR2B,0.1518524818560419,0,0
Severity_positive_FDR005,GO Biological Process,174,Regulation of Chemokine Production (GO:0032642),0.0304929875889461,7.7393170731707315,27.01221748456348,CSF1R;LILRB4,0.1518524818560419,0,0
Severity_positive_FDR005,GO Biological Process,175,B Cell Chemotaxis (GO:0035754),0.0313522329588074,39.42261904761905,136.49962740373687,CXCL13,0.1518524818560419,0,0
Severity_positive_FDR005,GO Biological Process,176,DNA Replication-Dependent Chromatin Assembly (GO:0006335),0.0313522329588074,39.42261904761905,136.49962740373687,ASF1B,0.1518524818560419,0,0
Severity_positive_FDR005,GO Biological Process,177,Negative Regulation of Macrophage Differentiation (GO:0045650),0.0313522329588074,39.42261904761905,136.49962740373687,C1QC,0.1518524818560419,0,0
Severity_positive_FDR005,GO Biological Process,178,Regulation of Inositol Phosphate Biosynthetic Process (GO:0010919),0.0313522329588074,39.42261904761905,136.49962740373687,PLEK,0.1518524818560419,0,0
Severity_positive_FDR005,GO Biological Process,179,Negative Regulation of Myeloid Leukocyte Mediated Immunity (GO:0002887),0.0313522329588074,39.42261904761905,136.49962740373687,CD84,0.1518524818560419,0,0
Severity_positive_FDR005,GO Biological Process,180,Bradykinin Catabolic Process (GO:0010815),0.0313522329588074,39.42261904761905,136.49962740373687,MMP12,0.1518524818560419,0,0
Severity_positive_FDR005,GO Biological Process,181,Cellular Response to Interleukin-18 (GO:0071351),0.0313522329588074,39.42261904761905,136.49962740373687,IL18R1,0.1518524818560419,0,0
Severity_positive_FDR005,GO Biological Process,182,Positive Regulation of T-helper 1 Cell Cytokine Production (GO:2000556),0.0313522329588074,39.42261904761905,136.49962740373687,IL18R1,0.1518524818560419,0,0
Severity_positive_FDR005,GO Biological Process,183,Chronic Inflammatory Response (GO:0002544),0.0313522329588074,39.42261904761905,136.49962740373687,CXCL13,0.1518524818560419,0,0
Severity_positive_FDR005,GO Biological Process,184,Positive Regulation of Cell Maturation (GO:1903431),0.0313522329588074,39.42261904761905,136.49962740373687,CLEC7A,0.1518524818560419,0,0
Severity_positive_FDR005,GO Biological Process,185,Positive Regulation of Cell-Cell Adhesion Mediated by Integrin (GO:0033634),0.0313522329588074,39.42261904761905,136.49962740373687,CXCL13,0.1518524818560419,0,0
Severity_positive_FDR005,GO Biological Process,186,Striated Muscle Hypertrophy (GO:0014897),0.0313522329588074,39.42261904761905,136.49962740373687,HTR2B,0.1518524818560419,0,0
Severity_positive_FDR005,GO Biological Process,187,Thrombin-Activated Receptor Signaling Pathway (GO:0070493),0.0313522329588074,39.42261904761905,136.49962740373687,PLEK,0.1518524818560419,0,0
Severity_positive_FDR005,GO Biological Process,188,Positive Regulation of Neuroepithelial Cell Differentiation (GO:1902913),0.0313522329588074,39.42261904761905,136.49962740373687,SERPINE1,0.1518524818560419,0,0
Severity_positive_FDR005,GO Biological Process,189,"+ Reg of Nucleotide-Binding Domain, Leucine Rich Repeat Containing Receptor Sgnlng Pway (GO:0070426)",0.0313522329588074,39.42261904761905,136.49962740373687,SLC15A3,0.1518524818560419,0,0
Severity_positive_FDR005,GO Biological Process,190,Positive Regulation of Odontoblast Differentiation (GO:1901331),0.0313522329588074,39.42261904761905,136.49962740373687,SERPINE1,0.1518524818560419,0,0
Severity_positive_FDR005,GO Biological Process,191,Interleukin-18-Mediated Signaling Pathway (GO:0035655),0.0313522329588074,39.42261904761905,136.49962740373687,IL18R1,0.1518524818560419,0,0
Severity_positive_FDR005,GO Biological Process,192,Membrane Raft Distribution (GO:0031580),0.0313522329588074,39.42261904761905,136.49962740373687,PTPRC,0.1518524818560419,0,0
Severity_positive_FDR005,GO Biological Process,193,Receptor-Mediated Virion Attachment to Host Cell (GO:0046813),0.0313522329588074,39.42261904761905,136.49962740373687,ICAM1,0.1518524818560419,0,0
Severity_positive_FDR005,GO Biological Process,194,Regulation of Fc Receptor Mediated Stimulatory Signaling Pathway (GO:0060368),0.0313522329588074,39.42261904761905,136.49962740373687,PTPRC,0.1518524818560419,0,0
Severity_positive_FDR005,GO Biological Process,195,Reg of T Cell Act via T Cell Rec Contact With Ag Bound to MHC Mol on Ag Presenting Cell (GO:2001188),0.0313522329588074,39.42261904761905,136.49962740373687,LGALS3,0.1518524818560419,0,0
Severity_positive_FDR005,GO Biological Process,196,Regulation of T-helper 1 Cell Cytokine Production (GO:2000554),0.0313522329588074,39.42261904761905,136.49962740373687,IL18R1,0.1518524818560419,0,0
Severity_positive_FDR005,GO Biological Process,197,Regulation of Antigen Processing and Presentation (GO:0002577),0.0313522329588074,39.42261904761905,136.49962740373687,CTSS,0.1518524818560419,0,0
Severity_positive_FDR005,GO Biological Process,198,Negative Regulation of Calcium-Mediated Signaling (GO:0050849),0.0313522329588074,39.42261904761905,136.49962740373687,PLEK,0.1518524818560419,0,0
Severity_positive_FDR005,GO Biological Process,199,Positive Regulation of Response to Biotic Stimulus (GO:0002833),0.0318146282886236,7.554666666666667,26.047199467548552,CCL5;LY86,0.1525511426439502,0,0
Severity_positive_FDR005,GO Biological Process,200,Positive Regulation of Wound Healing (GO:0090303),0.0318146282886236,7.554666666666667,26.047199467548552,CLEC7A;SERPINE1,0.1525511426439502,0,0
Severity_positive_FDR005,GO Biological Process,201,Positive Regulation of Vasculature Development (GO:1904018),0.0322671458420503,4.511640292148509,15.491645091273211,LRG1;ANXA3;SERPINE1,0.153951208271275,0,0
Severity_positive_FDR005,GO Biological Process,202,Extracellular Matrix Disassembly (GO:0022617),0.0331585339465294,7.3786046511627905,25.134885896380784,MMP12;CTSS,0.1543646972779551,0,0
Severity_positive_FDR005,GO Biological Process,203,Positive Regulation of T Cell Activation (GO:0050870),0.0337867119459471,4.427643369175628,14.999472944045522,PTPRC;CCL5;NCKAP1L,0.1543646972779551,0,0
Severity_positive_FDR005,GO Biological Process,204,T Cell Differentiation (GO:0030217),0.034524373359081,7.210545454545454,24.27134300371437,FCER1G;PTPRC,0.1543646972779551,0,0
Severity_positive_FDR005,GO Biological Process,205,Mononuclear Cell Differentiation (GO:1903131),0.034524373359081,7.210545454545454,24.27134300371437,CSF1R;IL2RG,0.1543646972779551,0,0
Severity_positive_FDR005,GO Biological Process,206,Regulation of Endothelial Cell Apoptotic Process (GO:2000351),0.0359118185555988,7.049955555555556,23.453008398578607,SERPINE1;ICAM1,0.1543646972779551,0,0
Severity_positive_FDR005,GO Biological Process,207,Positive Regulation of Cytokine-Mediated Signaling Pathway (GO:0001961),0.0359118185555988,7.049955555555556,23.453008398578607,RBM47;CD300LF,0.1543646972779551,0,0
Severity_positive_FDR005,GO Biological Process,208,Stem Cell Differentiation (GO:0048863),0.0359118185555988,7.049955555555556,23.453008398578607,PTPRC;HTR2B,0.1543646972779551,0,0
Severity_positive_FDR005,GO Biological Process,209,T Cell Activation (GO:0042110),0.0361348049004076,4.307323452484743,14.302462154672668,CD84;PTPRC;CLEC7A,0.1543646972779551,0,0
Severity_positive_FDR005,GO Biological Process,210,Transforming Growth Factor Beta Receptor Superfamily Signaling Pathway (GO:0141091),0.0361348049004076,4.307323452484743,14.302462154672668,LRG1;LPXN;FOS,0.1543646972779551,0,0
Severity_positive_FDR005,GO Biological Process,211,Positive Regulation of Inflammatory Response (GO:0050729),0.0369357578402817,4.268649193548387,14.080460153891917,LGALS3;SERPINE1;OSMR,0.1543646972779551,0,0
Severity_positive_FDR005,GO Biological Process,212,Positive Regulation of Innate Immune Response (GO:0045089),0.0373205448077938,6.896347826086957,22.67664888377872,RBM47;CCL5,0.1543646972779551,0,0
Severity_positive_FDR005,GO Biological Process,213,Natural Killer Cell Activation (GO:0030101),0.0373205448077938,6.896347826086957,22.67664888377872,PTPRC;CD48,0.1543646972779551,0,0
Severity_positive_FDR005,GO Biological Process,214,Negative Regulation of Granulocyte Differentiation (GO:0030853),0.0375046657620057,31.536507936507935,103.54349904331993,C1QC,0.1543646972779551,0,0
Severity_positive_FDR005,GO Biological Process,215,L-methionine Salvage (GO:0071267),0.0375046657620057,31.536507936507935,103.54349904331993,BHMT,0.1543646972779551,0,0
Severity_positive_FDR005,GO Biological Process,216,Negative Regulation of Membrane Protein Ectodomain Proteolysis (GO:0051045),0.0375046657620057,31.536507936507935,103.54349904331993,TIMP1,0.1543646972779551,0,0
Severity_positive_FDR005,GO Biological Process,217,Negative Regulation of Nervous System Process (GO:0031645),0.0375046657620057,31.536507936507935,103.54349904331993,TMEM98,0.1543646972779551,0,0
Severity_positive_FDR005,GO Biological Process,218,Negative Regulation of Oligodendrocyte Differentiation (GO:0048715),0.0375046657620057,31.536507936507935,103.54349904331993,TMEM98,0.1543646972779551,0,0
Severity_positive_FDR005,GO Biological Process,219,T-helper 1 Cell Differentiation (GO:0045063),0.0375046657620057,31.536507936507935,103.54349904331993,TMEM98,0.1543646972779551,0,0
Severity_positive_FDR005,GO Biological Process,220,Regulation of Lymphocyte Apoptotic Process (GO:0070228),0.0375046657620057,31.536507936507935,103.54349904331993,LGALS3,0.1543646972779551,0,0
Severity_positive_FDR005,GO Biological Process,221,Negative Regulation of Plasminogen Activation (GO:0010757),0.0375046657620057,31.536507936507935,103.54349904331993,SERPINE1,0.1543646972779551,0,0
Severity_positive_FDR005,GO Biological Process,222,Regulation of Natural Killer Cell Chemotaxis (GO:2000501),0.0375046657620057,31.536507936507935,103.54349904331993,CCL5,0.1543646972779551,0,0
Severity_positive_FDR005,GO Biological Process,223,Regulation of Osteoclast Development (GO:2001204),0.0375046657620057,31.536507936507935,103.54349904331993,TYROBP,0.1543646972779551,0,0
Severity_positive_FDR005,GO Biological Process,224,Bleb Assembly (GO:0032060),0.0375046657620057,31.536507936507935,103.54349904331993,PXMP2,0.1543646972779551,0,0
Severity_positive_FDR005,GO Biological Process,225,Regulation of Synaptic Assembly at Neuromuscular Junction (GO:0008582),0.0375046657620057,31.536507936507935,103.54349904331993,MUSK,0.1543646972779551,0,0
Severity_positive_FDR005,GO Biological Process,226,Regulation of Transforming Growth Factor Beta1 Production (GO:0032908),0.0375046657620057,31.536507936507935,103.54349904331993,TYROBP,0.1543646972779551,0,0
Severity_positive_FDR005,GO Biological Process,227,Positive Regulation of TORC2 Signaling (GO:1904515),0.0375046657620057,31.536507936507935,103.54349904331993,NCKAP1L,0.1543646972779551,0,0
Severity_positive_FDR005,GO Biological Process,228,Dorsal/Ventral Axis Specification (GO:0009950),0.0375046657620057,31.536507936507935,103.54349904331993,MDFI,0.1543646972779551,0,0
Severity_positive_FDR005,GO Biological Process,229,Excitatory Chemical Synaptic Transmission (GO:0098976),0.0375046657620057,31.536507936507935,103.54349904331993,PDLIM4,0.1543646972779551,0,0
Severity_positive_FDR005,GO Biological Process,230,Positive Regulation of Respiratory Burst (GO:0060267),0.0375046657620057,31.536507936507935,103.54349904331993,CLEC7A,0.1543646972779551,0,0
Severity_positive_FDR005,GO Biological Process,231,Inclusion Body Assembly (GO:0070841),0.0375046657620057,31.536507936507935,103.54349904331993,UBD,0.1543646972779551,0,0
Severity_positive_FDR005,GO Biological Process,232,Interleukin-3-Mediated Signaling Pathway (GO:0038156),0.0375046657620057,31.536507936507935,103.54349904331993,FCER1G,0.1543646972779551,0,0
Severity_positive_FDR005,GO Biological Process,233,Regulation of NK T Cell Activation (GO:0051133),0.0375046657620057,31.536507936507935,103.54349904331993,LGALS3,0.1543646972779551,0,0
Severity_positive_FDR005,GO Biological Process,234,Cellular Component Disassembly (GO:0022411),0.0387502305620584,6.749276595744681,21.93932385787189,MMP12;CTSS,0.1574638606314153,0,0
Severity_positive_FDR005,GO Biological Process,235,Regulation of Wound Healing (GO:0061041),0.0387502305620584,6.749276595744681,21.93932385787189,CLEC7A;SERPINE1,0.1574638606314153,0,0
Severity_positive_FDR005,GO Biological Process,236,Positive Regulation of Smooth Muscle Cell Proliferation (GO:0048661),0.0387502305620584,6.749276595744681,21.93932385787189,P2RY6;CCL5,0.1574638606314153,0,0
Severity_positive_FDR005,GO Biological Process,237,Positive Regulation of Epithelial Cell Proliferation (GO:0050679),0.0393930868001811,4.156661991584853,13.44333048060529,MMP12;LRG1;HTR2B,0.1580315512783702,0,0
Severity_positive_FDR005,GO Biological Process,238,Positive Regulation of Cell-Cell Adhesion (GO:0022409),0.0402005574491777,6.608333333333333,21.238353436089685,CCL5;CXCL13,0.1580315512783702,0,0
Severity_positive_FDR005,GO Biological Process,239,Positive Regulation of Actin Filament Bundle Assembly (GO:0032233),0.0416712102287844,6.473142857142857,20.57129062297526,GPR65;PLEK,0.1580315512783702,0,0
Severity_positive_FDR005,GO Biological Process,240,Negative Regulation of T Cell Activation (GO:0050868),0.0416712102287844,6.473142857142857,20.57129062297526,LGALS3;LILRB4,0.1580315512783702,0,0
Severity_positive_FDR005,GO Biological Process,241,Positive Regulation of Proteolysis (GO:0045862),0.043161876784411,6.34336,19.93589693403078,RHBDD1;PRSS22,0.1580315512783702,0,0
Severity_positive_FDR005,GO Biological Process,242,Regulation of Dopamine Metabolic Process (GO:0042053),0.043618328465468,26.27910052910053,82.31344422437296,ITGB2,0.1580315512783702,0,0
Severity_positive_FDR005,GO Biological Process,243,Regulation of Endothelial Cell-Matrix Adhesion via Fibronectin (GO:1904904),0.043618328465468,26.27910052910053,82.31344422437296,MMP12,0.1580315512783702,0,0
Severity_positive_FDR005,GO Biological Process,244,Negative Regulation of Microglial Cell Activation (GO:1903979),0.043618328465468,26.27910052910053,82.31344422437296,PTPRC,0.1580315512783702,0,0
Severity_positive_FDR005,GO Biological Process,245,Regulation of Neuromuscular Junction Development (GO:1904396),0.043618328465468,26.27910052910053,82.31344422437296,MUSK,0.1580315512783702,0,0
Severity_positive_FDR005,GO Biological Process,246,Regulation of Nucleotide-Binding Oligomerization Domain Containing 2 Signaling Pathway (GO:0070432),0.043618328465468,26.27910052910053,82.31344422437296,SLC15A3,0.1580315512783702,0,0
Severity_positive_FDR005,GO Biological Process,247,Cardiac Muscle Hypertrophy (GO:0003300),0.043618328465468,26.27910052910053,82.31344422437296,HTR2B,0.1580315512783702,0,0
Severity_positive_FDR005,GO Biological Process,248,Cellular Response to Interleukin-2 (GO:0071352),0.043618328465468,26.27910052910053,82.31344422437296,IL2RG,0.1580315512783702,0,0
Severity_positive_FDR005,GO Biological Process,249,Cellular Response to Interleukin-7 (GO:0098761),0.043618328465468,26.27910052910053,82.31344422437296,IL7R,0.1580315512783702,0,0
Severity_positive_FDR005,GO Biological Process,250,"Positive Regulation of CD4-positive, Alpha-Beta T Cell Differentiation (GO:0043372)",0.043618328465468,26.27910052910053,82.31344422437296,NCKAP1L,0.1580315512783702,0,0
Severity_positive_FDR005,GO Biological Process,251,Cellular Response to Thyroid Hormone Stimulus (GO:0097067),0.043618328465468,26.27910052910053,82.31344422437296,CTSS,0.1580315512783702,0,0
Severity_positive_FDR005,GO Biological Process,252,Positive Regulation of Dendritic Cell Cytokine Production (GO:0002732),0.043618328465468,26.27910052910053,82.31344422437296,CLEC7A,0.1580315512783702,0,0
Severity_positive_FDR005,GO Biological Process,253,Positive Regulation of Inositol Phosphate Biosynthetic Process (GO:0060732),0.043618328465468,26.27910052910053,82.31344422437296,P2RY6,0.1580315512783702,0,0
Severity_positive_FDR005,GO Biological Process,254,Positive Regulation of Lipopolysaccharide-Mediated Signaling Pathway (GO:0031666),0.043618328465468,26.27910052910053,82.31344422437296,LY86,0.1580315512783702,0,0
Severity_positive_FDR005,GO Biological Process,255,Positive Regulation of Monocyte Chemotactic Protein-1 Production (GO:0071639),0.043618328465468,26.27910052910053,82.31344422437296,CLEC7A,0.1580315512783702,0,0
Severity_positive_FDR005,GO Biological Process,256,Positive Regulation of Neuron Projection Arborization (GO:0150012),0.043618328465468,26.27910052910053,82.31344422437296,FZD4,0.1580315512783702,0,0
Severity_positive_FDR005,GO Biological Process,257,Positive Regulation of Phosphatase Activity (GO:0010922),0.043618328465468,26.27910052910053,82.31344422437296,PLEK,0.1580315512783702,0,0
Severity_positive_FDR005,GO Biological Process,258,Positive Regulation of Phospholipid Biosynthetic Process (GO:0071073),0.043618328465468,26.27910052910053,82.31344422437296,HTR2B,0.1580315512783702,0,0
Severity_positive_FDR005,GO Biological Process,259,Interleukin-2-Mediated Signaling Pathway (GO:0038110),0.043618328465468,26.27910052910053,82.31344422437296,IL2RG,0.1580315512783702,0,0
Severity_positive_FDR005,GO Biological Process,260,Interleukin-7-Mediated Signaling Pathway (GO:0038111),0.043618328465468,26.27910052910053,82.31344422437296,IL7R,0.1580315512783702,0,0
Severity_positive_FDR005,GO Biological Process,261,Natural Killer Cell Differentiation (GO:0001779),0.043618328465468,26.27910052910053,82.31344422437296,PTPRC,0.1580315512783702,0,0
Severity_positive_FDR005,GO Biological Process,262,Negative Regulation of B Cell Receptor Signaling Pathway (GO:0050859),0.043618328465468,26.27910052910053,82.31344422437296,LPXN,0.1580315512783702,0,0
Severity_positive_FDR005,GO Biological Process,263,Regulation of Antigen Receptor-Mediated Signaling Pathway (GO:0050854),0.043618328465468,26.27910052910053,82.31344422437296,PTPRC,0.1580315512783702,0,0
Severity_positive_FDR005,GO Biological Process,264,Regulation of Cellular Extravasation (GO:0002691),0.043618328465468,26.27910052910053,82.31344422437296,ICAM1,0.1580315512783702,0,0
Severity_positive_FDR005,GO Biological Process,265,Cellular Response to Molecule of Bacterial Origin (GO:0071219),0.043668781114461,3.982459677419355,12.46956640579401,SERPINE1;CXCL13;CD68,0.1580315512783702,0,0
Severity_positive_FDR005,GO Biological Process,266,Positive Regulation of B Cell Activation (GO:0050871),0.044672248090456,6.218666666666667,19.330120992466444,PTPRC;NCKAP1L,0.1610552102208548,0,0
Severity_positive_FDR005,GO Biological Process,267,Cellular Response to Lipopolysaccharide (GO:0071222),0.0454415054120342,3.916776837652036,12.108047295322825,SERPINE1;CXCL13;CD68,0.1632149950941605,0,0
Severity_positive_FDR005,GO Biological Process,268,Regulation of Angiogenesis (GO:0045765),0.0456985605152158,3.089587997329249,9.533506091771743,LRG1;ANXA3;SERPINE1;CXCL13,0.1635258191570595,0,0
Severity_positive_FDR005,GO Biological Process,269,Positive Regulation of Chemokine Production (GO:0032722),0.0462020181718545,6.098769230769231,18.75207968540743,CSF1R;CLEC7A,0.1645968527119859,0,0
Severity_positive_FDR005,GO Biological Process,270,Positive Regulation of Angiogenesis (GO:0045766),0.0463411368427906,3.8847364280094414,11.932842888622934,LRG1;ANXA3;SERPINE1,0.1645968527119859,0,0
Severity_positive_FDR005,GO Biological Process,271,Regulation of Cytokine Production Involved in Inflammatory Response (GO:1900015),0.0477508841057851,5.983396226415095,18.20004152543457,CLEC7A;LILRB4,0.1666294792658534,0,0
Severity_positive_FDR005,GO Biological Process,272,Regulation of Receptor Signaling Pathway via JAK-STAT (GO:0046425),0.0477508841057851,5.983396226415095,18.20004152543457,PTPRC;IL7R,0.1666294792658534,0,0
Severity_positive_FDR005,GO Biological Process,273,Positive Regulation of Interleukin-1 Beta Production (GO:0032731),0.0493185459627508,5.872296296296296,17.672411936694196,TYROBP;CLEC7A,0.1666294792658534,0,0
Severity_positive_FDR005,GO Biological Process,274,Regulation of Dendritic Cell Antigen Processing and Presentation (GO:0002604),0.0496934630553014,22.52380952380953,67.61381573648762,CD68,0.1666294792658534,0,0
Severity_positive_FDR005,GO Biological Process,275,Negative Regulation of Glial Cell Differentiation (GO:0045686),0.0496934630553014,22.52380952380953,67.61381573648762,TMEM98,0.1666294792658534,0,0
Severity_positive_FDR005,GO Biological Process,276,Negative Regulation of Transforming Growth Factor Beta Production (GO:0071635),0.0496934630553014,22.52380952380953,67.61381573648762,TYROBP,0.1666294792658534,0,0
Severity_positive_FDR005,GO Biological Process,277,Bone Resorption (GO:0045453),0.0496934630553014,22.52380952380953,67.61381573648762,ACP5,0.1666294792658534,0,0
Severity_positive_FDR005,GO Biological Process,278,Phosphatidylserine Acyl-Chain Remodeling (GO:0036150),0.0496934630553014,22.52380952380953,67.61381573648762,PLA1A,0.1666294792658534,0,0
Severity_positive_FDR005,GO Biological Process,279,Cellular Response to Purine-Containing Compound (GO:0071415),0.0496934630553014,22.52380952380953,67.61381573648762,P2RY6,0.1666294792658534,0,0
Severity_positive_FDR005,GO Biological Process,280,Response to Thyroid Hormone (GO:0097066),0.0496934630553014,22.52380952380953,67.61381573648762,CTSS,0.1666294792658534,0,0
Severity_positive_FDR005,GO Biological Process,281,Positive Regulation of Membrane Invagination (GO:1905155),0.0496934630553014,22.52380952380953,67.61381573648762,NCKAP1L,0.1666294792658534,0,0
Severity_positive_FDR005,GO Biological Process,282,Positive Regulation of Myoblast Fusion (GO:1901741),0.0496934630553014,22.52380952380953,67.61381573648762,CD53,0.1666294792658534,0,0
Severity_positive_FDR005,GO Biological Process,283,Immune Response-Inhibiting Cell Surface Receptor Signaling Pathway (GO:0002767),0.0496934630553014,22.52380952380953,67.61381573648762,LILRB4,0.1666294792658534,0,0
Severity_positive_FDR005,GO Biological Process,284,Negative Regulation of T Cell Apoptotic Process (GO:0070233),0.0496934630553014,22.52380952380953,67.61381573648762,CCL5,0.1666294792658534,0,0
Severity_positive_FDR005,GO Biological Process,285,Negative Regulation of T Cell Cytokine Production (GO:0002725),0.0496934630553014,22.52380952380953,67.61381573648762,LILRB4,0.1666294792658534,0,0
Severity_positive_FDR005,GO Biological Process,286,Regulation of Cell Killing (GO:0031341),0.0496934630553014,22.52380952380953,67.61381573648762,ICAM1,0.1666294792658534,0,0
Severity_positive_FDR005,GO Biological Process,287,Positive Regulation of Defense Response (GO:0031349),0.0500274195590905,3.7616205232410462,11.266745728226786,LGALS3;CCL5;SERPINE1,0.1671647921852539,0,0
Severity_positive_FDR005,GO Biological Process,288,Positive Regulation of Type II Interferon Production (GO:0032729),0.0525090726739951,5.662,16.68460784158263,CLEC7A;IL18R1,0.1704715658018642,0,0
Severity_positive_FDR005,GO Biological Process,289,Regulation of Calcium Ion Transport (GO:0051924),0.0525090726739951,5.662,16.68460784158263,CD84;CCL5,0.1704715658018642,0,0
Severity_positive_FDR005,GO Biological Process,290,B Cell Homeostasis (GO:0001782),0.0557303101281685,19.70734126984127,56.89964886057114,NCKAP1L,0.1704715658018642,0,0
Severity_positive_FDR005,GO Biological Process,291,Negative Regulation of Long-Term Synaptic Potentiation (GO:1900272),0.0557303101281685,19.70734126984127,56.89964886057114,TYROBP,0.1704715658018642,0,0
Severity_positive_FDR005,GO Biological Process,292,Negative Regulation of Lymphocyte Apoptotic Process (GO:0070229),0.0557303101281685,19.70734126984127,56.89964886057114,CCL5,0.1704715658018642,0,0
Severity_positive_FDR005,GO Biological Process,293,Regulation of Interleukin-18 Production (GO:0032661),0.0557303101281685,19.70734126984127,56.89964886057114,CD84,0.1704715658018642,0,0
Severity_positive_FDR005,GO Biological Process,294,Regulation of Leukocyte Mediated Cytotoxicity (GO:0001910),0.0557303101281685,19.70734126984127,56.89964886057114,ICAM1,0.1704715658018642,0,0
Severity_positive_FDR005,GO Biological Process,295,Alpha-Linolenic Acid Metabolic Process (GO:0036109),0.0557303101281685,19.70734126984127,56.89964886057114,MUSK,0.1704715658018642,0,0
Severity_positive_FDR005,GO Biological Process,296,Antibacterial Innate Immune Response (GO:0140367),0.0557303101281685,19.70734126984127,56.89964886057114,MPEG1,0.1704715658018642,0,0
Severity_positive_FDR005,GO Biological Process,297,Regulation of Odontoblast Differentiation (GO:1901329),0.0557303101281685,19.70734126984127,56.89964886057114,SERPINE1,0.1704715658018642,0,0
Severity_positive_FDR005,GO Biological Process,298,Regulation of Respiratory Burst (GO:0060263),0.0557303101281685,19.70734126984127,56.89964886057114,CLEC7A,0.1704715658018642,0,0
Severity_positive_FDR005,GO Biological Process,299,Regulation of Store-Operated Calcium Entry (GO:2001256),0.0557303101281685,19.70734126984127,56.89964886057114,CD84,0.1704715658018642,0,0
Severity_positive_FDR005,GO Biological Process,300,Regulation of Vascular Wound Healing (GO:0061043),0.0557303101281685,19.70734126984127,56.89964886057114,SERPINE1,0.1704715658018642,0,0
Severity_positive_FDR005,GO Biological Process,301,Cellular Response to Interleukin-15 (GO:0071350),0.0557303101281685,19.70734126984127,56.89964886057114,IL2RG,0.1704715658018642,0,0
Severity_positive_FDR005,GO Biological Process,302,Collagen Biosynthetic Process (GO:0032964),0.0557303101281685,19.70734126984127,56.89964886057114,PCOLCE,0.1704715658018642,0,0
Severity_positive_FDR005,GO Biological Process,303,Endothelial Cell Chemotaxis (GO:0035767),0.0557303101281685,19.70734126984127,56.89964886057114,CXCL13,0.1704715658018642,0,0
Severity_positive_FDR005,GO Biological Process,304,Vasoconstriction (GO:0042310),0.0557303101281685,19.70734126984127,56.89964886057114,HTR2B,0.1704715658018642,0,0
Severity_positive_FDR005,GO Biological Process,305,"Positive Regulation of Phagocytosis, Engulfment (GO:0060100)",0.0557303101281685,19.70734126984127,56.89964886057114,NCKAP1L,0.1704715658018642,0,0
Severity_positive_FDR005,GO Biological Process,306,Positive Regulation of Phospholipase Activity (GO:0010518),0.0557303101281685,19.70734126984127,56.89964886057114,CCL5,0.1704715658018642,0,0
Severity_positive_FDR005,GO Biological Process,307,Granulocyte Migration (GO:0097530),0.0557303101281685,19.70734126984127,56.89964886057114,ITGB2,0.1704715658018642,0,0
Severity_positive_FDR005,GO Biological Process,308,Hormone Catabolic Process (GO:0042447),0.0557303101281685,19.70734126984127,56.89964886057114,MMP12,0.1704715658018642,0,0
Severity_positive_FDR005,GO Biological Process,309,Interleukin-15-Mediated Signaling Pathway (GO:0035723),0.0557303101281685,19.70734126984127,56.89964886057114,IL2RG,0.1704715658018642,0,0
Severity_positive_FDR005,GO Biological Process,310,Myeloid Dendritic Cell Differentiation (GO:0043011),0.0557303101281685,19.70734126984127,56.89964886057114,UBD,0.1704715658018642,0,0
Severity_positive_FDR005,GO Biological Process,311,Negative Regulation of Cell Adhesion Mediated by Integrin (GO:0033629),0.0557303101281685,19.70734126984127,56.89964886057114,SERPINE1,0.1704715658018642,0,0
Severity_positive_FDR005,GO Biological Process,312,Negative Regulation of Protein Kinase Activity (GO:0006469),0.0557712581999235,5.466206896551724,15.77818777659676,PTPRC;LILRB4,0.1704715658018642,0,0
Severity_positive_FDR005,GO Biological Process,313,Response to Type II Interferon (GO:0034341),0.0557712581999235,5.466206896551724,15.77818777659676,CCL5;UBD,0.1704715658018642,0,0
Severity_positive_FDR005,GO Biological Process,314,Receptor-Mediated Endocytosis (GO:0006898),0.0558165502208398,3.590831918505942,10.362009282761264,FCER1G;ITGB2;LILRB4,0.1704715658018642,0,0
Severity_positive_FDR005,GO Biological Process,315,Regulation of Protein Phosphorylation (GO:0001932),0.0568112641074739,3.5638541165142033,10.221207239540332,CSF1R;MUSK;ITGB2,0.1729587373938652,0,0
Severity_positive_FDR005,GO Biological Process,316,Positive Regulation of Interleukin-1 Production (GO:0032732),0.0607938921545726,5.1965901639344265,14.55183450796947,TYROBP;CLEC7A,0.1761788270866299,0,0
Severity_positive_FDR005,GO Biological Process,317,Positive Regulation of Interleukin-8 Production (GO:0032757),0.0607938921545726,5.1965901639344265,14.55183450796947,CLEC7A;SERPINE1,0.1761788270866299,0,0
Severity_positive_FDR005,GO Biological Process,318,Negative Regulation of Interleukin-17 Production (GO:0032700),0.0617291088801565,17.516754850088184,48.78415662492463,NCKAP1L,0.1761788270866299,0,0
Severity_positive_FDR005,GO Biological Process,319,Regulation of Granulocyte Differentiation (GO:0030852),0.0617291088801565,17.516754850088184,48.78415662492463,C1QC,0.1761788270866299,0,0
Severity_positive_FDR005,GO Biological Process,320,S-adenosylmethionine Metabolic Process (GO:0046500),0.0617291088801565,17.516754850088184,48.78415662492463,BHMT,0.1761788270866299,0,0
Severity_positive_FDR005,GO Biological Process,321,T-helper 1 Type Immune Response (GO:0042088),0.0617291088801565,17.516754850088184,48.78415662492463,TMEM98,0.1761788270866299,0,0
Severity_positive_FDR005,GO Biological Process,322,TRIF-dependent Toll-Like Receptor Signaling Pathway (GO:0035666),0.0617291088801565,17.516754850088184,48.78415662492463,CD300LF,0.1761788270866299,0,0
Severity_positive_FDR005,GO Biological Process,323,Regulation of Macrophage Migration (GO:1905521),0.0617291088801565,17.516754850088184,48.78415662492463,CSF1R,0.1761788270866299,0,0
Severity_positive_FDR005,GO Biological Process,324,Regulation of Monocyte Chemotactic Protein-1 Production (GO:0071637),0.0617291088801565,17.516754850088184,48.78415662492463,CLEC7A,0.1761788270866299,0,0
Severity_positive_FDR005,GO Biological Process,325,Regulation of Neutrophil Migration (GO:1902622),0.0617291088801565,17.516754850088184,48.78415662492463,NCKAP1L,0.1761788270866299,0,0
Severity_positive_FDR005,GO Biological Process,326,"Regulation of Phagocytosis, Engulfment (GO:0060099)",0.0617291088801565,17.516754850088184,48.78415662492463,NCKAP1L,0.1761788270866299,0,0
Severity_positive_FDR005,GO Biological Process,327,Basement Membrane Organization (GO:0071711),0.0617291088801565,17.516754850088184,48.78415662492463,CTSS,0.1761788270866299,0,0
Severity_positive_FDR005,GO Biological Process,328,Cellular Response to Oxidised Low-Density Lipoprotein Particle Stimulus (GO:0140052),0.0617291088801565,17.516754850088184,48.78415662492463,CD68,0.1761788270866299,0,0
Severity_positive_FDR005,GO Biological Process,329,Positive Regulation of Actin Filament Depolymerization (GO:0030836),0.0617291088801565,17.516754850088184,48.78415662492463,PLEK,0.1761788270866299,0,0
Severity_positive_FDR005,GO Biological Process,330,Response to Yeast (GO:0001878),0.0617291088801565,17.516754850088184,48.78415662492463,CLEC7A,0.1761788270866299,0,0
Severity_positive_FDR005,GO Biological Process,331,Positive Regulation of Hemostasis (GO:1900048),0.0617291088801565,17.516754850088184,48.78415662492463,SERPINE1,0.1761788270866299,0,0
Severity_positive_FDR005,GO Biological Process,332,Positive Regulation of Protein Maturation (GO:1903319),0.0617291088801565,17.516754850088184,48.78415662492463,RHBDD1,0.1761788270866299,0,0
Severity_positive_FDR005,GO Biological Process,333,Protein Localization to Condensed Chromosome (GO:1903083),0.0617291088801565,17.516754850088184,48.78415662492463,BUB3,0.1761788270866299,0,0
Severity_positive_FDR005,GO Biological Process,334,Myelin Assembly (GO:0032288),0.0617291088801565,17.516754850088184,48.78415662492463,PXMP2,0.1761788270866299,0,0
Severity_positive_FDR005,GO Biological Process,335,Negative Regulation of B Cell Proliferation (GO:0030889),0.0617291088801565,17.516754850088184,48.78415662492463,TYROBP,0.1761788270866299,0,0
Severity_positive_FDR005,GO Biological Process,336,Negative Regulation of Activated T Cell Proliferation (GO:0046007),0.0617291088801565,17.516754850088184,48.78415662492463,LILRB4,0.1761788270866299,0,0
Severity_positive_FDR005,GO Biological Process,337,Regulation of Cell Adhesion (GO:0030155),0.0619105992994726,3.4347876537479696,9.555798671514845,CCL5;LPXN;CYTIP,0.1761788270866299,0,0
Severity_positive_FDR005,GO Biological Process,338,Cellular Response to Lipid (GO:0071396),0.0621838941932699,2.777377165075998,7.714607369329875,FZD4;SERPINE1;CXCL13;CD68,0.1764330015720293,0,0
Severity_positive_FDR005,GO Biological Process,339,Positive Regulation of T Cell Differentiation (GO:0045582),0.0625014772656504,5.112516129032258,14.17478372234047,NCKAP1L;LILRB4,0.176810963710203,0,0
Severity_positive_FDR005,GO Biological Process,340,Synapse Organization (GO:0050808),0.0640083039058905,3.3857240905971175,9.306483550465718,C1QB;MUSK;C1QC,0.1784175198513187,0,0
Severity_positive_FDR005,GO Biological Process,341,Regulation of Endocytosis (GO:0030100),0.0642252903528654,5.0311111111111115,13.812202220103453,LGALS3;PTPRC,0.1784175198513187,0,0
Severity_positive_FDR005,GO Biological Process,342,Regulation of miRNA Transcription (GO:1902893),0.0659650602427137,4.95225,13.463335751252547,FOS;LILRB4,0.1784175198513187,0,0
Severity_positive_FDR005,GO Biological Process,343,Negative Regulation of Viral Process (GO:0048525),0.0659650602427137,4.95225,13.463335751252547,CH25H;CCL5,0.1784175198513187,0,0
Severity_positive_FDR005,GO Biological Process,344,Regulation of Dendritic Cell Differentiation (GO:2001198),0.0676900970783306,15.764285714285714,42.45031112549025,LGALS3,0.1784175198513187,0,0
Severity_positive_FDR005,GO Biological Process,345,Negative Regulation of Fibrinolysis (GO:0051918),0.0676900970783306,15.764285714285714,42.45031112549025,SERPINE1,0.1784175198513187,0,0
Severity_positive_FDR005,GO Biological Process,346,MyD88-independent Toll-Like Receptor Signaling Pathway (GO:0002756),0.0676900970783306,15.764285714285714,42.45031112549025,CD300LF,0.1784175198513187,0,0
Severity_positive_FDR005,GO Biological Process,347,Regulation of Mast Cell Degranulation (GO:0043304),0.0676900970783306,15.764285714285714,42.45031112549025,CD84,0.1784175198513187,0,0
Severity_positive_FDR005,GO Biological Process,348,Negative Regulation of Response to Cytokine Stimulus (GO:0060761),0.0676900970783306,15.764285714285714,42.45031112549025,PTPRC,0.1784175198513187,0,0
Severity_positive_FDR005,GO Biological Process,349,Phasic Smooth Muscle Contraction (GO:0014821),0.0676900970783306,15.764285714285714,42.45031112549025,HTR2B,0.1784175198513187,0,0
Severity_positive_FDR005,GO Biological Process,350,Cellular Response to UV-B (GO:0071493),0.0676900970783306,15.764285714285714,42.45031112549025,MMP12,0.1784175198513187,0,0
Severity_positive_FDR005,GO Biological Process,351,Positive Regulation of B Cell Differentiation (GO:0045579),0.0676900970783306,15.764285714285714,42.45031112549025,NCKAP1L,0.1784175198513187,0,0
Severity_positive_FDR005,GO Biological Process,352,Positive Regulation of T Cell Apoptotic Process (GO:0070234),0.0676900970783306,15.764285714285714,42.45031112549025,CCL5,0.1784175198513187,0,0
Severity_positive_FDR005,GO Biological Process,353,Cytidine to Uridine Editing (GO:0016554),0.0676900970783306,15.764285714285714,42.45031112549025,RBM47,0.1784175198513187,0,0
Severity_positive_FDR005,GO Biological Process,354,Positive Regulation of Peptidase Activity (GO:0010952),0.0676900970783306,15.764285714285714,42.45031112549025,PRSS22,0.1784175198513187,0,0
Severity_positive_FDR005,GO Biological Process,355,Positive Regulation of Platelet Activation (GO:0010572),0.0676900970783306,15.764285714285714,42.45031112549025,PLEK,0.1784175198513187,0,0
Severity_positive_FDR005,GO Biological Process,356,Positive Regulation of Protein Depolymerization (GO:1901881),0.0676900970783306,15.764285714285714,42.45031112549025,PLEK,0.1784175198513187,0,0
Severity_positive_FDR005,GO Biological Process,357,Interleukin-10-Mediated Signaling Pathway (GO:0140105),0.0676900970783306,15.764285714285714,42.45031112549025,LILRB4,0.1784175198513187,0,0
Severity_positive_FDR005,GO Biological Process,358,Macrophage Activation Involved in Immune Response (GO:0002281),0.0676900970783306,15.764285714285714,42.45031112549025,TYROBP,0.1784175198513187,0,0
Severity_positive_FDR005,GO Biological Process,359,Protein Localization to Kinetochore (GO:0034501),0.0676900970783306,15.764285714285714,42.45031112549025,BUB3,0.1784175198513187,0,0
Severity_positive_FDR005,GO Biological Process,360,Monocyte Differentiation (GO:0030224),0.0676900970783306,15.764285714285714,42.45031112549025,CSF1R,0.1784175198513187,0,0
Severity_positive_FDR005,GO Biological Process,361,Regulation of TORC2 Signaling (GO:1903939),0.0676900970783306,15.764285714285714,42.45031112549025,NCKAP1L,0.1784175198513187,0,0
Severity_positive_FDR005,GO Biological Process,362,Negative Regulation of Alpha-Beta T Cell Activation (GO:0046636),0.0676900970783306,15.764285714285714,42.45031112549025,LGALS3,0.1784175198513187,0,0
Severity_positive_FDR005,GO Biological Process,363,Regulation of Cell Activation (GO:0050865),0.0676900970783306,15.764285714285714,42.45031112549025,FCER1G,0.1784175198513187,0,0
Severity_positive_FDR005,GO Biological Process,364,Response to Molecule of Bacterial Origin (GO:0002237),0.0677205184837122,4.875815384615384,13.127479882987004,C4B;CXCL2,0.1784175198513187,0,0
Severity_positive_FDR005,GO Biological Process,365,Regulation of T Cell Activation (GO:0050863),0.0694913993669451,4.80169696969697,12.80397602250948,LGALS3;CCL5,0.182581512309316,0,0
Severity_positive_FDR005,GO Biological Process,366,Positive Regulation of Endothelial Cell Proliferation (GO:0001938),0.073078379571255,4.66,12.191597880198492,LRG1;HTR2B,0.1852896511630568,0,0
Severity_positive_FDR005,GO Biological Process,367,Negative Regulation of Hemostasis (GO:1900047),0.0736135110460111,14.330447330447331,37.38708660746238,SERPINE1,0.1852896511630568,0,0
Severity_positive_FDR005,GO Biological Process,368,Regulation of Interleukin-5 Production (GO:0032674),0.0736135110460111,14.330447330447331,37.38708660746238,LILRB4,0.1852896511630568,0,0
Severity_positive_FDR005,GO Biological Process,369,Regulation of Leukocyte Adhesion to Vascular Endothelial Cell (GO:1904994),0.0736135110460111,14.330447330447331,37.38708660746238,ITGB2,0.1852896511630568,0,0
Severity_positive_FDR005,GO Biological Process,370,Regulation of Myoblast Fusion (GO:1901739),0.0736135110460111,14.330447330447331,37.38708660746238,CD53,0.1852896511630568,0,0
Severity_positive_FDR005,GO Biological Process,371,"Positive Regulation of CD4-positive, Alpha-Beta T Cell Activation (GO:2000516)",0.0736135110460111,14.330447330447331,37.38708660746238,NCKAP1L,0.1852896511630568,0,0
Severity_positive_FDR005,GO Biological Process,372,Positive Regulation of T-helper 1 Type Immune Response (GO:0002827),0.0736135110460111,14.330447330447331,37.38708660746238,IL18R1,0.1852896511630568,0,0
Severity_positive_FDR005,GO Biological Process,373,Positive Regulation of Cellular Extravasation (GO:0002693),0.0736135110460111,14.330447330447331,37.38708660746238,ICAM1,0.1852896511630568,0,0
Severity_positive_FDR005,GO Biological Process,374,Erythrocyte Development (GO:0048821),0.0736135110460111,14.330447330447331,37.38708660746238,NCKAP1L,0.1852896511630568,0,0
Severity_positive_FDR005,GO Biological Process,375,Positive Regulation of Keratinocyte Proliferation (GO:0010838),0.0736135110460111,14.330447330447331,37.38708660746238,LRG1,0.1852896511630568,0,0
Severity_positive_FDR005,GO Biological Process,376,Positive Regulation of Leukocyte Degranulation (GO:0043302),0.0736135110460111,14.330447330447331,37.38708660746238,ITGB2,0.1852896511630568,0,0
Severity_positive_FDR005,GO Biological Process,377,Fibrinolysis (GO:0042730),0.0736135110460111,14.330447330447331,37.38708660746238,SERPINE1,0.1852896511630568,0,0
Severity_positive_FDR005,GO Biological Process,378,Positive Regulation of Natural Killer Cell Activation (GO:0032816),0.0736135110460111,14.330447330447331,37.38708660746238,TYROBP,0.1852896511630568,0,0
Severity_positive_FDR005,GO Biological Process,379,Positive Regulation of Protein Localization to Cell Surface (GO:2000010),0.0736135110460111,14.330447330447331,37.38708660746238,TYROBP,0.1852896511630568,0,0
Severity_positive_FDR005,GO Biological Process,380,"Regulation of CD4-positive, Alpha-Beta T Cell Differentiation (GO:0043370)",0.0736135110460111,14.330447330447331,37.38708660746238,NCKAP1L,0.1852896511630568,0,0
Severity_positive_FDR005,GO Biological Process,381,Regulation of Actin Filament Depolymerization (GO:0030834),0.0736135110460111,14.330447330447331,37.38708660746238,PLEK,0.1852896511630568,0,0
Severity_positive_FDR005,GO Biological Process,382,Positive Regulation of Cell Motility (GO:2000147),0.0744142211952078,2.60534262485482,6.768962064311404,CSF1R;FZD4;CLEC7A;CCL5,0.1868147594926815,0,0
Severity_positive_FDR005,GO Biological Process,383,Intracellular Signaling Cassette (GO:0141124),0.0753878068090559,2.292733336464841,5.926967257429223,CEBPD;CCRL2;C3AR1;HTR2B;FOS,0.1887647695297249,0,0
Severity_positive_FDR005,GO Biological Process,384,Regulation of G Protein-Coupled Receptor Signaling Pathway (GO:0008277),0.0767239285407503,4.5264,11.621720495155545,CCL5;PLEK,0.1896519966220196,0,0
Severity_positive_FDR005,GO Biological Process,385,Positive Regulation of TOR Signaling (GO:0032008),0.0785680302099136,4.462422535211267,11.351467617506296,CCL5;NCKAP1L,0.1896519966220196,0,0
Severity_positive_FDR005,GO Biological Process,386,Regulation of Homotypic Cell-Cell Adhesion (GO:0034110),0.0794995856538601,13.135582010582011,33.25933922123504,CCL5,0.1896519966220196,0,0
Severity_positive_FDR005,GO Biological Process,387,Regulation of Humoral Immune Response (GO:0002920),0.0794995856538601,13.135582010582011,33.25933922123504,CXCL13,0.1896519966220196,0,0
Severity_positive_FDR005,GO Biological Process,388,Regulation of Neuron Projection Arborization (GO:0150011),0.0794995856538601,13.135582010582011,33.25933922123504,FZD4,0.1896519966220196,0,0
Severity_positive_FDR005,GO Biological Process,389,Cell Projection Assembly (GO:0030031),0.0794995856538601,13.135582010582011,33.25933922123504,NCKAP1L,0.1896519966220196,0,0
Severity_positive_FDR005,GO Biological Process,390,Positive Regulation of T-helper 17 Type Immune Response (GO:2000318),0.0794995856538601,13.135582010582011,33.25933922123504,CLEC7A,0.1896519966220196,0,0
Severity_positive_FDR005,GO Biological Process,391,Positive Regulation of Calcium Ion Import (GO:0090280),0.0794995856538601,13.135582010582011,33.25933922123504,LGALS3,0.1896519966220196,0,0
Severity_positive_FDR005,GO Biological Process,392,Positive Regulation of Coagulation (GO:0050820),0.0794995856538601,13.135582010582011,33.25933922123504,SERPINE1,0.1896519966220196,0,0
Severity_positive_FDR005,GO Biological Process,393,Substrate-Dependent Cell Migration (GO:0006929),0.0794995856538601,13.135582010582011,33.25933922123504,PTPRC,0.1896519966220196,0,0
Severity_positive_FDR005,GO Biological Process,394,Granulocyte Activation (GO:0036230),0.0794995856538601,13.135582010582011,33.25933922123504,CCL5,0.1896519966220196,0,0
Severity_positive_FDR005,GO Biological Process,395,Positive Regulation of Protein Tyrosine Kinase Activity (GO:0061098),0.0794995856538601,13.135582010582011,33.25933922123504,CSF1R,0.1896519966220196,0,0
Severity_positive_FDR005,GO Biological Process,396,Membrane Protein Intracellular Domain Proteolysis (GO:0031293),0.0794995856538601,13.135582010582011,33.25933922123504,RHBDD1,0.1896519966220196,0,0
Severity_positive_FDR005,GO Biological Process,397,Muscle Filament Sliding (GO:0030049),0.0794995856538601,13.135582010582011,33.25933922123504,TNNT2,0.1896519966220196,0,0
Severity_positive_FDR005,GO Biological Process,398,Regulation of T-helper 17 Type Immune Response (GO:2000316),0.0794995856538601,13.135582010582011,33.25933922123504,CLEC7A,0.1896519966220196,0,0
Severity_positive_FDR005,GO Biological Process,399,Myeloid Dendritic Cell Activation (GO:0001773),0.0794995856538601,13.135582010582011,33.25933922123504,UBD,0.1896519966220196,0,0
Severity_positive_FDR005,GO Biological Process,400,Negative Regulation by Host of Viral Transcription (GO:0043922),0.0794995856538601,13.135582010582011,33.25933922123504,CCL5,0.1896519966220196,0,0
Severity_positive_FDR005,GO Biological Process,401,Negative Regulation of T Cell Differentiation (GO:0045581),0.0794995856538601,13.135582010582011,33.25933922123504,LILRB4,0.1896519966220196,0,0
Severity_positive_FDR005,GO Biological Process,402,Negative Regulation of Alcohol Biosynthetic Process (GO:1902931),0.0794995856538601,13.135582010582011,33.25933922123504,PLEK,0.1896519966220196,0,0
Severity_positive_FDR005,GO Biological Process,403,Calcium Ion Transmembrane Import Into Cytosol (GO:0097553),0.0804260159361564,4.400222222222222,11.090397417702835,PTPRC;HTR2B,0.1906398551690783,0,0
Severity_positive_FDR005,GO Biological Process,404,Positive Regulation of Cytoskeleton Organization (GO:0051495),0.0804260159361564,4.400222222222222,11.090397417702835,PLEK;NCKAP1L,0.1906398551690783,0,0
Severity_positive_FDR005,GO Biological Process,405,Positive Regulation of Signal Transduction (GO:0009967),0.0805100535385575,2.5320686540198736,6.3792259421309385,PTPRC;CCL5;LY86;IL7R,0.1906398551690783,0,0
Severity_positive_FDR005,GO Biological Process,406,Response to Lipopolysaccharide (GO:0032496),0.0831226068152848,3.018834218048183,7.509164672258257,SERPINE1;CXCL13;CD68,0.1916844581493303,0,0
Severity_positive_FDR005,GO Biological Process,407,Positive Regulation of Protein Localization to Membrane (GO:1905477),0.0841826527433238,4.280864864864865,10.594140545002633,LGALS3;ITGB2,0.1916844581493303,0,0
Severity_positive_FDR005,GO Biological Process,408,Lymphocyte Differentiation (GO:0030098),0.0841826527433238,4.280864864864865,10.594140545002633,PTPRC;IL2RG,0.1916844581493303,0,0
Severity_positive_FDR005,GO Biological Process,409,Negative Regulation of Coagulation (GO:0050819),0.0853485543584609,12.124542124542124,29.838640846336183,SERPINE1,0.1916844581493303,0,0
Severity_positive_FDR005,GO Biological Process,410,Regulation of Coagulation (GO:0050818),0.0853485543584609,12.124542124542124,29.838640846336183,SERPINE1,0.1916844581493303,0,0
Severity_positive_FDR005,GO Biological Process,411,G Protein-Coupled Serotonin Receptor Signaling Pathway (GO:0098664),0.0853485543584609,12.124542124542124,29.838640846336183,HTR2B,0.1916844581493303,0,0
Severity_positive_FDR005,GO Biological Process,412,Regulation of Granulocyte Macrophage Colony-Stimulating Factor Production (GO:0032645),0.0853485543584609,12.124542124542124,29.838640846336183,CD84,0.1916844581493303,0,0
Severity_positive_FDR005,GO Biological Process,413,Regulation of Integrin Activation (GO:0033623),0.0853485543584609,12.124542124542124,29.838640846336183,PLEK,0.1916844581493303,0,0
Severity_positive_FDR005,GO Biological Process,414,Negative Regulation of Neuroinflammatory Response (GO:0150079),0.0853485543584609,12.124542124542124,29.838640846336183,PTPRC,0.1916844581493303,0,0
Severity_positive_FDR005,GO Biological Process,415,Regulation of Leukocyte Migration (GO:0002685),0.0853485543584609,12.124542124542124,29.838640846336183,NCKAP1L,0.1916844581493303,0,0
Severity_positive_FDR005,GO Biological Process,416,T Cell Differentiation in Thymus (GO:0033077),0.0853485543584609,12.124542124542124,29.838640846336183,PTPRC,0.1916844581493303,0,0
Severity_positive_FDR005,GO Biological Process,417,Negative Regulation of Peptidyl-Tyrosine Phosphorylation (GO:0050732),0.0853485543584609,12.124542124542124,29.838640846336183,LILRB4,0.1916844581493303,0,0
Severity_positive_FDR005,GO Biological Process,418,Negative Regulation of Protein Tyrosine Kinase Activity (GO:0061099),0.0853485543584609,12.124542124542124,29.838640846336183,LILRB4,0.1916844581493303,0,0
Severity_positive_FDR005,GO Biological Process,419,Negative Regulation of Smooth Muscle Cell Migration (GO:0014912),0.0853485543584609,12.124542124542124,29.838640846336183,SERPINE1,0.1916844581493303,0,0
Severity_positive_FDR005,GO Biological Process,420,Negative Regulation of Toll-Like Receptor Signaling Pathway (GO:0034122),0.0853485543584609,12.124542124542124,29.838640846336183,CD300LF,0.1916844581493303,0,0
Severity_positive_FDR005,GO Biological Process,421,Neutrophil Mediated Immunity (GO:0002446),0.0853485543584609,12.124542124542124,29.838640846336183,ANXA3,0.1916844581493303,0,0
Severity_positive_FDR005,GO Biological Process,422,Cell-Cell Junction Maintenance (GO:0045217),0.0853485543584609,12.124542124542124,29.838640846336183,CSF1R,0.1916844581493303,0,0
Severity_positive_FDR005,GO Biological Process,423,Positive Regulation of Acute Inflammatory Response (GO:0002675),0.0853485543584609,12.124542124542124,29.838640846336183,OSMR,0.1916844581493303,0,0
Severity_positive_FDR005,GO Biological Process,424,+ Reg of Adaptive Imm Resp Based on Som Recomb of Imm Rcptrs Built Frm IgSF Domains (GO:0002824),0.0853485543584609,12.124542124542124,29.838640846336183,CLEC7A,0.1916844581493303,0,0
Severity_positive_FDR005,GO Biological Process,425,Positive Regulation of Type I Interferon-Mediated Signaling Pathway (GO:0060340),0.0853485543584609,12.124542124542124,29.838640846336183,RBM47,0.1916844581493303,0,0
Severity_positive_FDR005,GO Biological Process,426,Negative Regulation of ATP-dependent Activity (GO:0032780),0.0853485543584609,12.124542124542124,29.838640846336183,TNNT2,0.1916844581493303,0,0
Severity_positive_FDR005,GO Biological Process,427,Regulation of cAMP/PKA Signal Transduction (GO:0141161),0.0853485543584609,12.124542124542124,29.838640846336183,PRKAR2A,0.1916844581493303,0,0
Severity_positive_FDR005,GO Biological Process,428,Positive Regulation of Interleukin-6 Production (GO:0032755),0.0860808167073443,4.223573333333333,10.358181380371494,TYROBP;CLEC7A,0.1928773439774374,0,0
Severity_positive_FDR005,GO Biological Process,429,Negative Regulation of Immune Effector Process (GO:0002698),0.0911606491646467,11.257936507936508,26.96424346033221,LGALS3,0.1977897342735207,0,0
Severity_positive_FDR005,GO Biological Process,430,Negative Regulation of Macrophage Activation (GO:0043031),0.0911606491646467,11.257936507936508,26.96424346033221,PTPRC,0.1977897342735207,0,0
Severity_positive_FDR005,GO Biological Process,431,Negative Regulation of Phagocytosis (GO:0050765),0.0911606491646467,11.257936507936508,26.96424346033221,CD300LF,0.1977897342735207,0,0
Severity_positive_FDR005,GO Biological Process,432,Actin-Myosin Filament Sliding (GO:0033275),0.0911606491646467,11.257936507936508,26.96424346033221,TNNT2,0.1977897342735207,0,0
Severity_positive_FDR005,GO Biological Process,433,Regulation of Microglial Cell Activation (GO:1903978),0.0911606491646467,11.257936507936508,26.96424346033221,PTPRC,0.1977897342735207,0,0
Severity_positive_FDR005,GO Biological Process,434,Amyloid-Beta Metabolic Process (GO:0050435),0.0911606491646467,11.257936507936508,26.96424346033221,MMP12,0.1977897342735207,0,0
Severity_positive_FDR005,GO Biological Process,435,Regulation of Peptidase Activity (GO:0052547),0.0911606491646467,11.257936507936508,26.96424346033221,PRSS22,0.1977897342735207,0,0
Severity_positive_FDR005,GO Biological Process,436,Defense Response to Protozoan (GO:0042832),0.0911606491646467,11.257936507936508,26.96424346033221,CLEC7A,0.1977897342735207,0,0
Severity_positive_FDR005,GO Biological Process,437,Dendritic Cell Chemotaxis (GO:0002407),0.0911606491646467,11.257936507936508,26.96424346033221,CCL5,0.1977897342735207,0,0
Severity_positive_FDR005,GO Biological Process,438,Stem Cell Development (GO:0048864),0.0911606491646467,11.257936507936508,26.96424346033221,PTPRC,0.1977897342735207,0,0
Severity_positive_FDR005,GO Biological Process,439,Unsaturated Fatty Acid Biosynthetic Process (GO:0006636),0.0911606491646467,11.257936507936508,26.96424346033221,MUSK,0.1977897342735207,0,0
Severity_positive_FDR005,GO Biological Process,440,Positive Regulation of Secretion (GO:0051047),0.0911606491646467,11.257936507936508,26.96424346033221,RHBDD1,0.1977897342735207,0,0
Severity_positive_FDR005,GO Biological Process,441,Mammary Gland Epithelium Development (GO:0061180),0.0911606491646467,11.257936507936508,26.96424346033221,CSF1R,0.1977897342735207,0,0
Severity_positive_FDR005,GO Biological Process,442,Regulation of Bone Remodeling (GO:0046850),0.0911606491646467,11.257936507936508,26.96424346033221,CSF1R,0.1977897342735207,0,0
Severity_positive_FDR005,GO Biological Process,443,Response to Tumor Necrosis Factor (GO:0034612),0.0918518207024256,4.0605128205128205,9.694793697819618,CCL5;UBD,0.1979458338283734,0,0
Severity_positive_FDR005,GO Biological Process,444,Proteolysis Involved in Protein Catabolic Process (GO:0051603),0.0918518207024256,4.0605128205128205,9.694793697819618,RHBDD1;CTSS,0.1979458338283734,0,0
Severity_positive_FDR005,GO Biological Process,445,Negative Regulation of Cellular Component Organization (GO:0051129),0.0918518207024256,4.0605128205128205,9.694793697819618,LGALS3;CH25H,0.1979458338283734,0,0
Severity_positive_FDR005,GO Biological Process,446,Cellular Response to Nitrogen Compound (GO:1901699),0.092872259529097,2.8721822774970853,6.825828162113886,P2RY6;TYROBP;ICAM1,0.1996961813641347,0,0
Severity_positive_FDR005,GO Biological Process,447,Regulation of Canonical NF-kappaB Signal Transduction (GO:0043122),0.0934196186479491,2.3970902866923405,5.682671451279641,CLEC7A;UBD;HTR2B;LILRB4,0.20042374560041,0,0
Severity_positive_FDR005,GO Biological Process,448,Wound Healing (GO:0042060),0.0938002097682958,4.0089113924050634,9.487442342539037,MMP12;LRG1,0.2007910740352583,0,0
Severity_positive_FDR005,GO Biological Process,449,Cell-Cell Adhesion via Plasma-Membrane Adhesion Molecules (GO:0098742),0.0953809014466222,2.837701612903226,6.668249511959559,CD84;ITGB2;ICAM1,0.2012158452858415,0,0
Severity_positive_FDR005,GO Biological Process,450,Positive Regulation of Protein Phosphorylation (GO:0001934),0.0953809014466222,2.837701612903226,6.668249511959559,CSF1R;PTPRC;MUSK,0.2012158452858415,0,0
Severity_positive_FDR005,GO Biological Process,451,Negative Regulation of Cytokine Production Involved in Immune Response (GO:0002719),0.0969361006486535,10.506878306878306,24.519936301690542,LILRB4,0.2012158452858415,0,0
Severity_positive_FDR005,GO Biological Process,452,Regulation of Fibrinolysis (GO:0051917),0.0969361006486535,10.506878306878306,24.519936301690542,SERPINE1,0.2012158452858415,0,0
Severity_positive_FDR005,GO Biological Process,453,Regulation of Macrophage Differentiation (GO:0045649),0.0969361006486535,10.506878306878306,24.519936301690542,C1QC,0.2012158452858415,0,0
Severity_positive_FDR005,GO Biological Process,454,Negative Regulation of Protein Processing (GO:0010955),0.0969361006486535,10.506878306878306,24.519936301690542,SERPINE1,0.2012158452858415,0,0
Severity_positive_FDR005,GO Biological Process,455,Negative Regulation of Signaling Receptor Activity (GO:2000272),0.0969361006486535,10.506878306878306,24.519936301690542,LILRB4,0.2012158452858415,0,0
Severity_positive_FDR005,GO Biological Process,456,Regulation of Natural Killer Cell Activation (GO:0032814),0.0969361006486535,10.506878306878306,24.519936301690542,TYROBP,0.2012158452858415,0,0
Severity_positive_FDR005,GO Biological Process,457,Regulation of Plasminogen Activation (GO:0010755),0.0969361006486535,10.506878306878306,24.519936301690542,SERPINE1,0.2012158452858415,0,0
Severity_positive_FDR005,GO Biological Process,458,Base Conversion or Substitution Editing (GO:0016553),0.0969361006486535,10.506878306878306,24.519936301690542,RBM47,0.2012158452858415,0,0
Severity_positive_FDR005,GO Biological Process,459,Regulation of Stem Cell Proliferation (GO:0072091),0.0969361006486535,10.506878306878306,24.519936301690542,PTPRC,0.2012158452858415,0,0
Severity_positive_FDR005,GO Biological Process,460,Response to UV-B (GO:0010224),0.0969361006486535,10.506878306878306,24.519936301690542,MMP12,0.2012158452858415,0,0
Severity_positive_FDR005,GO Biological Process,461,Postsynaptic Membrane Organization (GO:0001941),0.0969361006486535,10.506878306878306,24.519936301690542,MUSK,0.2012158452858415,0,0
Severity_positive_FDR005,GO Biological Process,462,Regulation of B Cell Receptor Signaling Pathway (GO:0050855),0.0969361006486535,10.506878306878306,24.519936301690542,LPXN,0.2012158452858415,0,0
Severity_positive_FDR005,GO Biological Process,463,Positive Regulation of DNA-binding Transcription Factor Activity (GO:0051091),0.0991956888081882,2.7874929258630448,6.44095042564982,FZD4;ANXA3;IL18R1,0.2038622304621544,0,0
Severity_positive_FDR005,GO Biological Process,464,Negative Regulation of Signal Transduction (GO:0009968),0.1002226589230783,2.334792578695018,5.370865741947809,PTPRC;CCL5;PLEK;MDFI,0.2038622304621544,0,0
Severity_positive_FDR005,GO Biological Process,465,Positive Regulation of Cellular Process (GO:0048522),0.1015266579677645,1.826639566395664,4.178317221420089,CSF1R;CLEC7A;CCL5;HTR2B;TIMP1;IL7R;OSMR,0.2038622304621544,0,0
Severity_positive_FDR005,GO Biological Process,466,B Cell Proliferation (GO:0042100),0.1026751379699901,9.84970238095238,22.419747526457723,PTPRC,0.2038622304621544,0,0
Severity_positive_FDR005,GO Biological Process,467,Negative Regulation of Receptor Signaling Pathway via JAK-STAT (GO:0046426),0.1026751379699901,9.84970238095238,22.419747526457723,PTPRC,0.2038622304621544,0,0
Severity_positive_FDR005,GO Biological Process,468,Negative Regulation of Receptor Signaling Pathway via STAT (GO:1904893),0.1026751379699901,9.84970238095238,22.419747526457723,PTPRC,0.2038622304621544,0,0
Severity_positive_FDR005,GO Biological Process,469,Carbohydrate Derivative Transport (GO:1901264),0.1026751379699901,9.84970238095238,22.419747526457723,SLC15A3,0.2038622304621544,0,0
Severity_positive_FDR005,GO Biological Process,470,Carboxylic Acid Biosynthetic Process (GO:0046394),0.1026751379699901,9.84970238095238,22.419747526457723,MUSK,0.2038622304621544,0,0
Severity_positive_FDR005,GO Biological Process,471,Regulation of Secretion (GO:0051046),0.1026751379699901,9.84970238095238,22.419747526457723,RHBDD1,0.2038622304621544,0,0
Severity_positive_FDR005,GO Biological Process,472,Cell Junction Maintenance (GO:0034331),0.1026751379699901,9.84970238095238,22.419747526457723,CSF1R,0.2038622304621544,0,0
Severity_positive_FDR005,GO Biological Process,473,Positive Chemotaxis (GO:0050918),0.1026751379699901,9.84970238095238,22.419747526457723,LGALS3,0.2038622304621544,0,0
Severity_positive_FDR005,GO Biological Process,474,Epithelial Cell Migration (GO:0010631),0.1026751379699901,9.84970238095238,22.419747526457723,LRG1,0.2038622304621544,0,0
Severity_positive_FDR005,GO Biological Process,475,Positive Regulation of Interleukin-4 Production (GO:0032753),0.1026751379699901,9.84970238095238,22.419747526457723,FCER1G,0.2038622304621544,0,0
Severity_positive_FDR005,GO Biological Process,476,Positive Regulation of Leukocyte Adhesion to Vascular Endothelial Cell (GO:1904996),0.1026751379699901,9.84970238095238,22.419747526457723,ITGB2,0.2038622304621544,0,0
Severity_positive_FDR005,GO Biological Process,477,Positive Regulation of Leukocyte Proliferation (GO:0070665),0.1026751379699901,9.84970238095238,22.419747526457723,CSF1R,0.2038622304621544,0,0
Severity_positive_FDR005,GO Biological Process,478,Positive Regulation of Regulatory T Cell Differentiation (GO:0045591),0.1026751379699901,9.84970238095238,22.419747526457723,LILRB4,0.2038622304621544,0,0
Severity_positive_FDR005,GO Biological Process,479,Positive Regulation of Smooth Muscle Cell Migration (GO:0014911),0.1026751379699901,9.84970238095238,22.419747526457723,CCL5,0.2038622304621544,0,0
Severity_positive_FDR005,GO Biological Process,480,Innate Immune Response-Activating Signaling Pathway (GO:0002758),0.1026751379699901,9.84970238095238,22.419747526457723,CLEC4E,0.2038622304621544,0,0
Severity_positive_FDR005,GO Biological Process,481,Leukotriene Biosynthetic Process (GO:0019370),0.1026751379699901,9.84970238095238,22.419747526457723,ALOX5AP,0.2038622304621544,0,0
Severity_positive_FDR005,GO Biological Process,482,Lymphocyte Mediated Immunity (GO:0002449),0.1026751379699901,9.84970238095238,22.419747526457723,TYROBP,0.2038622304621544,0,0
Severity_positive_FDR005,GO Biological Process,483,Negative Regulation of Chemokine Production (GO:0032682),0.1026751379699901,9.84970238095238,22.419747526457723,LILRB4,0.2038622304621544,0,0
Severity_positive_FDR005,GO Biological Process,484,Integrin-Mediated Signaling Pathway (GO:0007229),0.1037172643208314,3.7693333333333334,8.541636112965913,ITGB2;PLEK,0.2055059018257796,0,0
Severity_positive_FDR005,GO Biological Process,485,Regulation of Endothelial Cell Proliferation (GO:0001936),0.1057341363970661,3.7248,8.36898300770278,LRG1;HTR2B,0.2058108739505267,0,0
Severity_positive_FDR005,GO Biological Process,486,Defense Response to Gram-negative Bacterium (GO:0050829),0.1057341363970661,3.7248,8.36898300770278,SERPINE1;MPEG1,0.2058108739505267,0,0
Severity_positive_FDR005,GO Biological Process,487,Positive Regulation of Protein Kinase Activity (GO:0045860),0.1077616527785984,3.6813023255813953,8.201328311063719,CSF1R;PTPRC,0.2058108739505267,0,0
Severity_positive_FDR005,GO Biological Process,488,Regulation of Integrin-Mediated Signaling Pathway (GO:2001044),0.1083779888894848,9.26984126984127,20.598794838572697,TIMP1,0.2058108739505267,0,0
Severity_positive_FDR005,GO Biological Process,489,SMAD Protein Signal Transduction (GO:0060395),0.1083779888894848,9.26984126984127,20.598794838572697,FOS,0.2058108739505267,0,0
Severity_positive_FDR005,GO Biological Process,490,Regulation of Lymphocyte Activation (GO:0051249),0.1083779888894848,9.26984126984127,20.598794838572697,CLEC7A,0.2058108739505267,0,0
Severity_positive_FDR005,GO Biological Process,491,Regulation of Lymphocyte Proliferation (GO:0050670),0.1083779888894848,9.26984126984127,20.598794838572697,LGALS3,0.2058108739505267,0,0
Severity_positive_FDR005,GO Biological Process,492,Regulation of Oligodendrocyte Differentiation (GO:0048713),0.1083779888894848,9.26984126984127,20.598794838572697,TMEM98,0.2058108739505267,0,0
Severity_positive_FDR005,GO Biological Process,493,Neural Crest Cell Differentiation (GO:0014033),0.1083779888894848,9.26984126984127,20.598794838572697,HTR2B,0.2058108739505267,0,0
Severity_positive_FDR005,GO Biological Process,494,Response to Axon Injury (GO:0048678),0.1083779888894848,9.26984126984127,20.598794838572697,TYROBP,0.2058108739505267,0,0
Severity_positive_FDR005,GO Biological Process,495,Positive Regulation of Antigen Receptor-Mediated Signaling Pathway (GO:0050857),0.1083779888894848,9.26984126984127,20.598794838572697,PTPRC,0.2058108739505267,0,0
Severity_positive_FDR005,GO Biological Process,496,"Retrograde Protein Transport, ER to Cytosol (GO:0030970)",0.1083779888894848,9.26984126984127,20.598794838572697,RHBDD1,0.2058108739505267,0,0
Severity_positive_FDR005,GO Biological Process,497,Positive Regulation of Cell Activation (GO:0050867),0.1083779888894848,9.26984126984127,20.598794838572697,PLEK,0.2058108739505267,0,0
Severity_positive_FDR005,GO Biological Process,498,Dendritic Cell Migration (GO:0036336),0.1083779888894848,9.26984126984127,20.598794838572697,CCL5,0.2058108739505267,0,0
Severity_positive_FDR005,GO Biological Process,499,Positive Regulation of Cytokine Production Involved in Inflammatory Response (GO:1900017),0.1083779888894848,9.26984126984127,20.598794838572697,CLEC7A,0.2058108739505267,0,0
Severity_positive_FDR005,GO Biological Process,500,Positive Regulation of Homotypic Cell-Cell Adhesion (GO:0034112),0.1083779888894848,9.26984126984127,20.598794838572697,CCL5,0.2058108739505267,0,0
Severity_positive_FDR005,GO Biological Process,501,Positive Regulation of Lymphocyte Migration (GO:2000403),0.1083779888894848,9.26984126984127,20.598794838572697,CCL5,0.2058108739505267,0,0
Severity_positive_FDR005,GO Biological Process,502,Positive Regulation of Stem Cell Proliferation (GO:2000648),0.1083779888894848,9.26984126984127,20.598794838572697,PTPRC,0.2058108739505267,0,0
Severity_positive_FDR005,GO Biological Process,503,Linoleic Acid Metabolic Process (GO:0043651),0.1083779888894848,9.26984126984127,20.598794838572697,MUSK,0.2058108739505267,0,0
Severity_positive_FDR005,GO Biological Process,504,"Protein Localization to Chromosome, Centromeric Region (GO:0071459)",0.1083779888894848,9.26984126984127,20.598794838572697,BUB3,0.2058108739505267,0,0
Severity_positive_FDR005,GO Biological Process,505,Regulation of Acute Inflammatory Response (GO:0002673),0.1083779888894848,9.26984126984127,20.598794838572697,OSMR,0.2058108739505267,0,0
Severity_positive_FDR005,GO Biological Process,506,Establishment of Protein Localization to Organelle (GO:0072594),0.1118477656664868,3.597272727272727,7.880245233840243,MMP12;CD68,0.209519233058013,0,0
Severity_positive_FDR005,GO Biological Process,507,Negative Regulation of Cell Migration (GO:0030336),0.1123444423250599,2.6321511317055784,5.754371293575484,SERPINE1;ARHGDIB;TIMP1,0.209519233058013,0,0
Severity_positive_FDR005,GO Biological Process,508,Regulation of Lymphocyte Differentiation (GO:0045619),0.1140448797250081,8.754409171075837,19.007251259887777,NCKAP1L,0.209519233058013,0,0
Severity_positive_FDR005,GO Biological Process,509,cGMP-mediated Signaling (GO:0019934),0.1140448797250081,8.754409171075837,19.007251259887777,HTR2B,0.209519233058013,0,0
Severity_positive_FDR005,GO Biological Process,510,Regulation of Receptor Signaling Pathway via STAT (GO:1904892),0.1140448797250081,8.754409171075837,19.007251259887777,IL7R,0.209519233058013,0,0
Severity_positive_FDR005,GO Biological Process,511,Response to Fibroblast Growth Factor (GO:0071774),0.1140448797250081,8.754409171075837,19.007251259887777,CCL5,0.209519233058013,0,0
Severity_positive_FDR005,GO Biological Process,512,Positive Regulation of calcineurin-NFAT Signaling Cascade (GO:0070886),0.1140448797250081,8.754409171075837,19.007251259887777,CLEC7A,0.209519233058013,0,0
Severity_positive_FDR005,GO Biological Process,513,Positive Regulation of Calcineurin-Mediated Signaling (GO:0106058),0.1140448797250081,8.754409171075837,19.007251259887777,CLEC7A,0.209519233058013,0,0
Severity_positive_FDR005,GO Biological Process,514,Positive Regulation of Cation Transmembrane Transport (GO:1904064),0.1140448797250081,8.754409171075837,19.007251259887777,CTSS,0.209519233058013,0,0
Severity_positive_FDR005,GO Biological Process,515,Signaling Receptor Ligand Precursor Processing (GO:0140448),0.1140448797250081,8.754409171075837,19.007251259887777,MMP12,0.209519233058013,0,0
Severity_positive_FDR005,GO Biological Process,516,Superoxide Anion Generation (GO:0042554),0.1140448797250081,8.754409171075837,19.007251259887777,NCF4,0.209519233058013,0,0
Severity_positive_FDR005,GO Biological Process,517,Positive Regulation of Neutrophil Chemotaxis (GO:0090023),0.1140448797250081,8.754409171075837,19.007251259887777,NCKAP1L,0.209519233058013,0,0
Severity_positive_FDR005,GO Biological Process,518,Glycoprotein Catabolic Process (GO:0006516),0.1140448797250081,8.754409171075837,19.007251259887777,MMP12,0.209519233058013,0,0
Severity_positive_FDR005,GO Biological Process,519,Immunoglobulin Mediated Immune Response (GO:0016064),0.1140448797250081,8.754409171075837,19.007251259887777,FCER1G,0.209519233058013,0,0
Severity_positive_FDR005,GO Biological Process,520,Leukocyte Adhesion to Vascular Endothelial Cell (GO:0061756),0.1140448797250081,8.754409171075837,19.007251259887777,LRG1,0.209519233058013,0,0
Severity_positive_FDR005,GO Biological Process,521,Regulation of B Cell Differentiation (GO:0045577),0.1140448797250081,8.754409171075837,19.007251259887777,NCKAP1L,0.209519233058013,0,0
Severity_positive_FDR005,GO Biological Process,522,Regulation of Behavior (GO:0050795),0.1140448797250081,8.754409171075837,19.007251259887777,HTR2B,0.209519233058013,0,0
Severity_positive_FDR005,GO Biological Process,523,Positive Regulation of Cell Adhesion (GO:0045785),0.1159739198101189,3.516977777777778,7.576941552007025,CCL5;NCKAP1L,0.212655810894654,0,0
Severity_positive_FDR005,GO Biological Process,524,Regulation of Cell Population Proliferation (GO:0042127),0.1166213884811226,1.688357866142515,3.6279815180941872,CSF1R;CLEC7A;HTR2B;IGFBP7;CXCL1;TIMP1;IL7R;OSMR,0.2129300889797962,0,0
Severity_positive_FDR005,GO Biological Process,525,3'-UTR-mediated mRNA Stabilization (GO:0070935),0.1196760354120022,8.293233082706767,17.606259261193085,RBM47,0.2129300889797962,0,0
Severity_positive_FDR005,GO Biological Process,526,B Cell Mediated Immunity (GO:0019724),0.1196760354120022,8.293233082706767,17.606259261193085,FCER1G,0.2129300889797962,0,0
Severity_positive_FDR005,GO Biological Process,527,Negative Regulation of Leukocyte Mediated Cytotoxicity (GO:0001911),0.1196760354120022,8.293233082706767,17.606259261193085,PTPRC,0.2129300889797962,0,0
Severity_positive_FDR005,GO Biological Process,528,Negative Regulation of Phosphate Metabolic Process (GO:0045936),0.1196760354120022,8.293233082706767,17.606259261193085,PLEK,0.2129300889797962,0,0
Severity_positive_FDR005,GO Biological Process,529,Neuromuscular Junction Development (GO:0007528),0.1196760354120022,8.293233082706767,17.606259261193085,MUSK,0.2129300889797962,0,0
Severity_positive_FDR005,GO Biological Process,530,Phosphatidylserine Metabolic Process (GO:0006658),0.1196760354120022,8.293233082706767,17.606259261193085,PLA1A,0.2129300889797962,0,0
Severity_positive_FDR005,GO Biological Process,531,Positive Regulation of Blood Coagulation (GO:0030194),0.1196760354120022,8.293233082706767,17.606259261193085,SERPINE1,0.2129300889797962,0,0
Severity_positive_FDR005,GO Biological Process,532,Positive Regulation of Ion Transmembrane Transporter Activity (GO:0032414),0.1196760354120022,8.293233082706767,17.606259261193085,CTSS,0.2129300889797962,0,0
Severity_positive_FDR005,GO Biological Process,533,Positive Regulation of Osteoclast Differentiation (GO:0045672),0.1196760354120022,8.293233082706767,17.606259261193085,TYROBP,0.2129300889797962,0,0
Severity_positive_FDR005,GO Biological Process,534,Positive Regulation of Protein Processing (GO:0010954),0.1196760354120022,8.293233082706767,17.606259261193085,RHBDD1,0.2129300889797962,0,0
Severity_positive_FDR005,GO Biological Process,535,Positive Regulation of Protein Targeting to Membrane (GO:0090314),0.1196760354120022,8.293233082706767,17.606259261193085,ITGB2,0.2129300889797962,0,0
Severity_positive_FDR005,GO Biological Process,536,Positive Regulation of Translational Initiation (GO:0045948),0.1196760354120022,8.293233082706767,17.606259261193085,CCL5,0.2129300889797962,0,0
Severity_positive_FDR005,GO Biological Process,537,Leukotriene Metabolic Process (GO:0006691),0.1196760354120022,8.293233082706767,17.606259261193085,ALOX5AP,0.2129300889797962,0,0
Severity_positive_FDR005,GO Biological Process,538,Regulation of T Cell Cytokine Production (GO:0002724),0.1196760354120022,8.293233082706767,17.606259261193085,LILRB4,0.2129300889797962,0,0
Severity_positive_FDR005,GO Biological Process,539,Negative Regulation of B Cell Activation (GO:0050869),0.1196760354120022,8.293233082706767,17.606259261193085,TYROBP,0.2129300889797962,0,0
Severity_positive_FDR005,GO Biological Process,540,Positive Regulation of Phosphorylation (GO:0042327),0.1201384672892224,3.4401739130434783,7.290107998197815,CSF1R;MUSK,0.2133570187599338,0,0
Severity_positive_FDR005,GO Biological Process,541,Response to Calcium Ion (GO:0051592),0.1222346330768742,3.403010752688172,7.15249176044108,TNNT2;ALOX5AP,0.2166783976353464,0,0
Severity_positive_FDR005,GO Biological Process,542,Peripheral Nervous System Development (GO:0007422),0.1252716795248585,7.878174603174603,16.365099413225817,PXMP2,0.2204321847052097,0,0
Severity_positive_FDR005,GO Biological Process,543,Sensory Perception of Pain (GO:0019233),0.1252716795248585,7.878174603174603,16.365099413225817,MMP12,0.2204321847052097,0,0
Severity_positive_FDR005,GO Biological Process,544,Positive Regulation of Granulocyte Chemotaxis (GO:0071624),0.1252716795248585,7.878174603174603,16.365099413225817,NCKAP1L,0.2204321847052097,0,0
Severity_positive_FDR005,GO Biological Process,545,Positive Regulation of Vascular Associated Smooth Muscle Cell Proliferation (GO:1904707),0.1252716795248585,7.878174603174603,16.365099413225817,P2RY6,0.2204321847052097,0,0
Severity_positive_FDR005,GO Biological Process,546,Positive Regulation of Protein Modification Process (GO:0031401),0.1285763236735679,3.2961666666666667,6.761204496719207,CSF1R;MUSK,0.2254199166415934,0,0
Severity_positive_FDR005,GO Biological Process,547,Positive Regulation of Supramolecular Fiber Organization (GO:1902905),0.1285763236735679,3.2961666666666667,6.761204496719207,PLEK;NCKAP1L,0.2254199166415934,0,0
Severity_positive_FDR005,GO Biological Process,548,ERK1 and ERK2 Cascade (GO:0070371),0.1308320341736999,7.502645502645502,15.259187734338411,HTR2B,0.2277094750863489,0,0
Severity_positive_FDR005,GO Biological Process,549,Fc-epsilon Receptor Signaling Pathway (GO:0038095),0.1308320341736999,7.502645502645502,15.259187734338411,FCER1G,0.2277094750863489,0,0
Severity_positive_FDR005,GO Biological Process,550,Regulation of Interleukin-4 Production (GO:0032673),0.1308320341736999,7.502645502645502,15.259187734338411,FCER1G,0.2277094750863489,0,0
Severity_positive_FDR005,GO Biological Process,551,Regulation of Calcium Ion Import (GO:0090279),0.1308320341736999,7.502645502645502,15.259187734338411,LGALS3,0.2277094750863489,0,0
Severity_positive_FDR005,GO Biological Process,552,Negative Regulation of Osteoclast Differentiation (GO:0045671),0.1363573201831302,7.161255411255412,14.268633005851834,LILRB4,0.2347696051267897,0,0
Severity_positive_FDR005,GO Biological Process,553,T-helper Cell Differentiation (GO:0042093),0.1363573201831302,7.161255411255412,14.268633005851834,TMEM98,0.2347696051267897,0,0
Severity_positive_FDR005,GO Biological Process,554,Regulation of Regulatory T Cell Differentiation (GO:0045589),0.1363573201831302,7.161255411255412,14.268633005851834,LILRB4,0.2347696051267897,0,0
Severity_positive_FDR005,GO Biological Process,555,Positive Regulation of T Cell Cytokine Production (GO:0002726),0.1363573201831302,7.161255411255412,14.268633005851834,IL18R1,0.2347696051267897,0,0
Severity_positive_FDR005,GO Biological Process,556,Dendritic Cell Differentiation (GO:0097028),0.1363573201831302,7.161255411255412,14.268633005851834,UBD,0.2347696051267897,0,0
Severity_positive_FDR005,GO Biological Process,557,Positive Regulation of Tyrosine Phosphorylation of STAT Protein (GO:0042531),0.1363573201831302,7.161255411255412,14.268633005851834,CSF1R,0.2347696051267897,0,0
Severity_positive_FDR005,GO Biological Process,558,Positive Regulation of Canonical NF-kappaB Signal Transduction (GO:0043123),0.1404694151474721,2.36783822821377,4.647511183181395,CLEC7A;UBD;HTR2B,0.2394929558325264,0,0
Severity_positive_FDR005,GO Biological Process,559,Fc Receptor Mediated Stimulatory Signaling Pathway (GO:0002431),0.141847756947732,6.849551414768806,13.37718028791238,FCER1G,0.2394929558325264,0,0
Severity_positive_FDR005,GO Biological Process,560,Regulation of Lipopolysaccharide-Mediated Signaling Pathway (GO:0031664),0.141847756947732,6.849551414768806,13.37718028791238,LY86,0.2394929558325264,0,0
Severity_positive_FDR005,GO Biological Process,561,Negative Regulation of Response to Wounding (GO:1903035),0.141847756947732,6.849551414768806,13.37718028791238,SERPINE1,0.2394929558325264,0,0
Severity_positive_FDR005,GO Biological Process,562,Apoptotic Cell Clearance (GO:0043277),0.141847756947732,6.849551414768806,13.37718028791238,TYROBP,0.2394929558325264,0,0
Severity_positive_FDR005,GO Biological Process,563,Positive Regulation of Cellular Response to Transforming Growth Factor Beta Stimulus (GO:1903846),0.141847756947732,6.849551414768806,13.37718028791238,LRG1,0.2394929558325264,0,0
Severity_positive_FDR005,GO Biological Process,564,Endothelial Cell Development (GO:0001885),0.141847756947732,6.849551414768806,13.37718028791238,ICAM1,0.2394929558325264,0,0
Severity_positive_FDR005,GO Biological Process,565,Ventricular Cardiac Muscle Tissue Development (GO:0003229),0.141847756947732,6.849551414768806,13.37718028791238,TNNT2,0.2394929558325264,0,0
Severity_positive_FDR005,GO Biological Process,566,Positive Regulation of Transforming Growth Factor Beta Receptor Signaling Pathway (GO:0030511),0.141847756947732,6.849551414768806,13.37718028791238,LRG1,0.2394929558325264,0,0
Severity_positive_FDR005,GO Biological Process,567,Macrophage Differentiation (GO:0030225),0.141847756947732,6.849551414768806,13.37718028791238,CSF1R,0.2394929558325264,0,0
Severity_positive_FDR005,GO Biological Process,568,Negative Regulation of DNA Binding (GO:0043392),0.141847756947732,6.849551414768806,13.37718028791238,MDFI,0.2394929558325264,0,0
Severity_positive_FDR005,GO Biological Process,569,Calcium Ion Homeostasis (GO:0055074),0.1436593642499077,3.0710679611650487,5.958824820773415,CCL5;HTR2B,0.2421253608359605,0,0
Severity_positive_FDR005,GO Biological Process,570,Negative Regulation of Interleukin-1 Beta Production (GO:0032691),0.1473035625420727,6.563822751322752,12.571425654229188,LILRB4,0.2431396152802887,0,0
Severity_positive_FDR005,GO Biological Process,571,Negative Regulation of miRNA Transcription (GO:1902894),0.1473035625420727,6.563822751322752,12.571425654229188,LILRB4,0.2431396152802887,0,0
Severity_positive_FDR005,GO Biological Process,572,Regulation of Membrane Protein Ectodomain Proteolysis (GO:0051043),0.1473035625420727,6.563822751322752,12.571425654229188,TIMP1,0.2431396152802887,0,0
Severity_positive_FDR005,GO Biological Process,573,Regulation of Protein Processing (GO:0070613),0.1473035625420727,6.563822751322752,12.571425654229188,RHBDD1,0.2431396152802887,0,0
Severity_positive_FDR005,GO Biological Process,574,Regulation of Protein Targeting to Membrane (GO:0090313),0.1473035625420727,6.563822751322752,12.571425654229188,ITGB2,0.2431396152802887,0,0
Severity_positive_FDR005,GO Biological Process,575,Cell Surface Receptor Protein Serine/Threonine Kinase Signaling Pathway (GO:0007178),0.1473035625420727,6.563822751322752,12.571425654229188,FOS,0.2431396152802887,0,0
Severity_positive_FDR005,GO Biological Process,576,Response to Purine-Containing Compound (GO:0014074),0.1473035625420727,6.563822751322752,12.571425654229188,P2RY6,0.2431396152802887,0,0
Severity_positive_FDR005,GO Biological Process,577,Steroid Biosynthetic Process (GO:0006694),0.1473035625420727,6.563822751322752,12.571425654229188,CH25H,0.2431396152802887,0,0
Severity_positive_FDR005,GO Biological Process,578,Positive Regulation of Neutrophil Migration (GO:1902624),0.1473035625420727,6.563822751322752,12.571425654229188,NCKAP1L,0.2431396152802887,0,0
Severity_positive_FDR005,GO Biological Process,579,Long-Chain Fatty Acid Biosynthetic Process (GO:0042759),0.1473035625420727,6.563822751322752,12.571425654229188,MUSK,0.2431396152802887,0,0
Severity_positive_FDR005,GO Biological Process,580,Lymphocyte Proliferation (GO:0046651),0.1473035625420727,6.563822751322752,12.571425654229188,PTPRC,0.2431396152802887,0,0
Severity_positive_FDR005,GO Biological Process,581,Negative Regulation of Catalytic Activity (GO:0043086),0.1473035625420727,6.563822751322752,12.571425654229188,TIMP1,0.2431396152802887,0,0
Severity_positive_FDR005,GO Biological Process,582,Protein Catabolic Process (GO:0030163),0.1480356416562001,3.012266666666666,5.754339677098671,PRSS16;CTSS,0.2439281449283435,0,0
Severity_positive_FDR005,GO Biological Process,583,Regulation of Signal Transduction (GO:0009966),0.1508277565001605,2.287337158808933,4.326765348086122,IGFBP7;TIMP1;MDFI,0.2478227251288209,0,0
Severity_positive_FDR005,GO Biological Process,584,Negative Regulation of Protein Localization to Nucleus (GO:1900181),0.1527249536508166,6.300952380952381,11.840224617662312,LILRB4,0.2478227251288209,0,0
Severity_positive_FDR005,GO Biological Process,585,Regulation of Neutrophil Chemotaxis (GO:0090022),0.1527249536508166,6.300952380952381,11.840224617662312,NCKAP1L,0.2478227251288209,0,0
Severity_positive_FDR005,GO Biological Process,586,Cellular Response to Topologically Incorrect Protein (GO:0035967),0.1527249536508166,6.300952380952381,11.840224617662312,RHBDD1,0.2478227251288209,0,0
Severity_positive_FDR005,GO Biological Process,587,Macromolecule Methylation (GO:0043414),0.1527249536508166,6.300952380952381,11.840224617662312,BHMT,0.2478227251288209,0,0
Severity_positive_FDR005,GO Biological Process,588,Regulation of T Cell Migration (GO:2000404),0.1527249536508166,6.300952380952381,11.840224617662312,CCL5,0.2478227251288209,0,0
Severity_positive_FDR005,GO Biological Process,589,Myeloid Cell Development (GO:0061515),0.1527249536508166,6.300952380952381,11.840224617662312,NCKAP1L,0.2478227251288209,0,0
Severity_positive_FDR005,GO Biological Process,590,Regulation of Actin Filament Bundle Assembly (GO:0032231),0.1527249536508166,6.300952380952381,11.840224617662312,PLEK,0.2478227251288209,0,0
Severity_positive_FDR005,GO Biological Process,591,Regulation of Cell Size (GO:0008361),0.1527249536508166,6.300952380952381,11.840224617662312,PLEK,0.2478227251288209,0,0
Severity_positive_FDR005,GO Biological Process,592,Positive Regulation of GTPase Activity (GO:0043547),0.156868124130636,2.901137614678899,5.373921681192173,GPR65;CXCL13,0.2506273515256481,0,0
Severity_positive_FDR005,GO Biological Process,593,Positive Regulation of Cellular Component Organization (GO:0051130),0.156868124130636,2.901137614678899,5.373921681192173,LGALS3;CLEC7A,0.2506273515256481,0,0
Severity_positive_FDR005,GO Biological Process,594,Regulation of Cytokine Production Involved in Immune Response (GO:0002718),0.1581121456444391,6.058302808302808,11.174240947502284,CLEC7A,0.2506273515256481,0,0
Severity_positive_FDR005,GO Biological Process,595,Negative Regulation of Lymphocyte Activation (GO:0051250),0.1581121456444391,6.058302808302808,11.174240947502284,LGALS3,0.2506273515256481,0,0
Severity_positive_FDR005,GO Biological Process,596,Negative Regulation of miRNA Metabolic Process (GO:2000629),0.1581121456444391,6.058302808302808,11.174240947502284,LILRB4,0.2506273515256481,0,0
Severity_positive_FDR005,GO Biological Process,597,Regulation of Keratinocyte Proliferation (GO:0010837),0.1581121456444391,6.058302808302808,11.174240947502284,LRG1,0.2506273515256481,0,0
Severity_positive_FDR005,GO Biological Process,598,Regulation of Myelination (GO:0031641),0.1581121456444391,6.058302808302808,11.174240947502284,TMEM98,0.2506273515256481,0,0
Severity_positive_FDR005,GO Biological Process,599,"Phagocytosis, Engulfment (GO:0006911)",0.1581121456444391,6.058302808302808,11.174240947502284,ITGB2,0.2506273515256481,0,0
Severity_positive_FDR005,GO Biological Process,600,Plasma Membrane Invagination (GO:0099024),0.1581121456444391,6.058302808302808,11.174240947502284,ITGB2,0.2506273515256481,0,0
Severity_positive_FDR005,GO Biological Process,601,Spindle Assembly Checkpoint Signaling (GO:0071173),0.1581121456444391,6.058302808302808,11.174240947502284,BUB3,0.2506273515256481,0,0
Severity_positive_FDR005,GO Biological Process,602,Positive Regulation of Erythrocyte Differentiation (GO:0045648),0.1581121456444391,6.058302808302808,11.174240947502284,NCKAP1L,0.2506273515256481,0,0
Severity_positive_FDR005,GO Biological Process,603,Mitotic Spindle Assembly Checkpoint Signaling (GO:0007094),0.1581121456444391,6.058302808302808,11.174240947502284,BUB3,0.2506273515256481,0,0
Severity_positive_FDR005,GO Biological Process,604,Mitotic Spindle Checkpoint Signaling (GO:0071174),0.1581121456444391,6.058302808302808,11.174240947502284,BUB3,0.2506273515256481,0,0
Severity_positive_FDR005,GO Biological Process,605,Regulation of Cation Channel Activity (GO:2001257),0.1581121456444391,6.058302808302808,11.174240947502284,CTSS,0.2506273515256481,0,0
Severity_positive_FDR005,GO Biological Process,606,Negative Regulation of Type II Interferon Production (GO:0032689),0.1634653525398685,5.833627278071723,10.565598675259062,LILRB4,0.2558748041750865,0,0
Severity_positive_FDR005,GO Biological Process,607,Phospholipid Biosynthetic Process (GO:0008654),0.1634653525398685,5.833627278071723,10.565598675259062,MUSK,0.2558748041750865,0,0
Severity_positive_FDR005,GO Biological Process,608,Regulation of Tyrosine Phosphorylation of STAT Protein (GO:0042509),0.1634653525398685,5.833627278071723,10.565598675259062,CSF1R,0.2558748041750865,0,0
Severity_positive_FDR005,GO Biological Process,609,Positive Regulation of G Protein-Coupled Receptor Signaling Pathway (GO:0045745),0.1634653525398685,5.833627278071723,10.565598675259062,CCL5,0.2558748041750865,0,0
Severity_positive_FDR005,GO Biological Process,610,Sterol Biosynthetic Process (GO:0016126),0.1634653525398685,5.833627278071723,10.565598675259062,CH25H,0.2558748041750865,0,0
Severity_positive_FDR005,GO Biological Process,611,Establishment of Endothelial Barrier (GO:0061028),0.1634653525398685,5.833627278071723,10.565598675259062,ICAM1,0.2558748041750865,0,0
Severity_positive_FDR005,GO Biological Process,612,Positive Regulation of Viral Genome Replication (GO:0045070),0.1634653525398685,5.833627278071723,10.565598675259062,CCL5,0.2558748041750865,0,0
Severity_positive_FDR005,GO Biological Process,613,Antigen Receptor-Mediated Signaling Pathway (GO:0050851),0.163557095890853,2.823,5.1113044321393355,PTPRC;NCKAP1L,0.2558748041750865,0,0
Severity_positive_FDR005,GO Biological Process,614,Protein Processing (GO:0016485),0.165798182512692,2.7978761061946904,5.027738591965124,MMP12;CTSS,0.2589583990711265,0,0
Severity_positive_FDR005,GO Biological Process,615,Fc-gamma Receptor Signaling Pathway (GO:0038094),0.1687847870526419,5.625,10.007610890498013,FCER1G,0.2606515471553681,0,0
Severity_positive_FDR005,GO Biological Process,616,Negative Regulation of Interleukin-1 Production (GO:0032692),0.1687847870526419,5.625,10.007610890498013,LILRB4,0.2606515471553681,0,0
Severity_positive_FDR005,GO Biological Process,617,Negative Regulation of Mitotic Metaphase/Anaphase Transition (GO:0045841),0.1687847870526419,5.625,10.007610890498013,BUB3,0.2606515471553681,0,0
Severity_positive_FDR005,GO Biological Process,618,Regulation of Long-Term Synaptic Potentiation (GO:1900271),0.1687847870526419,5.625,10.007610890498013,TYROBP,0.2606515471553681,0,0
Severity_positive_FDR005,GO Biological Process,619,Negative Regulation of Wound Healing (GO:0061045),0.1687847870526419,5.625,10.007610890498013,SERPINE1,0.2606515471553681,0,0
Severity_positive_FDR005,GO Biological Process,620,Protein Methylation (GO:0006479),0.1687847870526419,5.625,10.007610890498013,BHMT,0.2606515471553681,0,0
Severity_positive_FDR005,GO Biological Process,621,Regulation of Blood Coagulation (GO:0030193),0.1687847870526419,5.625,10.007610890498013,SERPINE1,0.2606515471553681,0,0
Severity_positive_FDR005,GO Biological Process,622,Negative Regulation of Cytokine Production Involved in Inflammatory Response (GO:1900016),0.1740706605220296,5.430760810071155,9.494566361812383,LILRB4,0.2645543002228627,0,0
Severity_positive_FDR005,GO Biological Process,623,Fc Receptor Signaling Pathway (GO:0038093),0.1740706605220296,5.430760810071155,9.494566361812383,FCER1G,0.2645543002228627,0,0
Severity_positive_FDR005,GO Biological Process,624,Cardiac Muscle Tissue Morphogenesis (GO:0055008),0.1740706605220296,5.430760810071155,9.494566361812383,TNNT2,0.2645543002228627,0,0
Severity_positive_FDR005,GO Biological Process,625,Positive Regulation of Cation Channel Activity (GO:2001259),0.1740706605220296,5.430760810071155,9.494566361812383,CTSS,0.2645543002228627,0,0
Severity_positive_FDR005,GO Biological Process,626,Dorsal/Ventral Pattern Formation (GO:0009953),0.1740706605220296,5.430760810071155,9.494566361812383,MDFI,0.2645543002228627,0,0
Severity_positive_FDR005,GO Biological Process,627,Positive Regulation of Interleukin-10 Production (GO:0032733),0.1740706605220296,5.430760810071155,9.494566361812383,CLEC7A,0.2645543002228627,0,0
Severity_positive_FDR005,GO Biological Process,628,Positive Regulation of Nitric Oxide Biosynthetic Process (GO:0045429),0.1740706605220296,5.430760810071155,9.494566361812383,CLEC7A,0.2645543002228627,0,0
Severity_positive_FDR005,GO Biological Process,629,Heterotypic Cell-Cell Adhesion (GO:0034113),0.1740706605220296,5.430760810071155,9.494566361812383,ITGB2,0.2645543002228627,0,0
Severity_positive_FDR005,GO Biological Process,630,Positive Regulation of Response to Wounding (GO:1903036),0.1740706605220296,5.430760810071155,9.494566361812383,CLEC7A,0.2645543002228627,0,0
Severity_positive_FDR005,GO Biological Process,631,Regulation of Bone Resorption (GO:0045124),0.1740706605220296,5.430760810071155,9.494566361812383,CSF1R,0.2645543002228627,0,0
Severity_positive_FDR005,GO Biological Process,632,Regulation of Protein Localization to Cell Surface (GO:2000008),0.1793231830309586,5.249470899470899,9.021560154796337,TYROBP,0.2691707919554929,0,0
Severity_positive_FDR005,GO Biological Process,633,Positive Regulation of ATP-dependent Activity (GO:0032781),0.1793231830309586,5.249470899470899,9.021560154796337,TNNT2,0.2691707919554929,0,0
Severity_positive_FDR005,GO Biological Process,634,Positive Regulation of Nitric Oxide Metabolic Process (GO:1904407),0.1793231830309586,5.249470899470899,9.021560154796337,CLEC7A,0.2691707919554929,0,0
Severity_positive_FDR005,GO Biological Process,635,Mesenchymal Cell Migration (GO:0090497),0.1793231830309586,5.249470899470899,9.021560154796337,HTR2B,0.2691707919554929,0,0
Severity_positive_FDR005,GO Biological Process,636,Natural Killer Cell Mediated Immunity (GO:0002228),0.1793231830309586,5.249470899470899,9.021560154796337,TYROBP,0.2691707919554929,0,0
Severity_positive_FDR005,GO Biological Process,637,Negative Regulation of Blood Coagulation (GO:0030195),0.1793231830309586,5.249470899470899,9.021560154796337,SERPINE1,0.2691707919554929,0,0
Severity_positive_FDR005,GO Biological Process,638,Negative Regulation of Carbohydrate Metabolic Process (GO:0045912),0.1793231830309586,5.249470899470899,9.021560154796337,PLEK,0.2691707919554929,0,0
Severity_positive_FDR005,GO Biological Process,639,Enzyme-Linked Receptor Protein Signaling Pathway (GO:0007167),0.1793536350986027,2.656,4.564059263461972,CSF1R;MUSK,0.2691707919554929,0,0
Severity_positive_FDR005,GO Biological Process,640,Protein-Containing Complex Organization (GO:0043933),0.1839099456851586,2.6118347107438016,4.4226433966987635,LPXN;NCKAP1L,0.2755775592376048,0,0
Severity_positive_FDR005,GO Biological Process,641,Endodermal Cell Differentiation (GO:0035987),0.1845425633624535,5.0798771121351765,8.584358078442884,ITGB2,0.2756640471411105,0,0
Severity_positive_FDR005,GO Biological Process,642,Positive Regulation of Locomotion (GO:0040017),0.1845425633624535,5.0798771121351765,8.584358078442884,CSF1R,0.2756640471411105,0,0
Severity_positive_FDR005,GO Biological Process,643,Negative Regulation of Apoptotic Process (GO:0043066),0.1849105649857788,1.6919253575165678,2.8557720538117413,RHBDD1;SERPINE1;HTR2B;NCKAP1L;ICAM1,0.2757841863473747,0,0
Severity_positive_FDR005,GO Biological Process,644,Regulation of Cell Migration (GO:0030334),0.1892467392074044,1.677301653178391,2.7922101286663135,CSF1R;FZD4;CLEC7A;CCL5;SERPINE1,0.2803545756250463,0,0
Severity_positive_FDR005,GO Biological Process,645,Epithelial Tube Morphogenesis (GO:0060562),0.1897290089475027,4.920882936507937,8.179287368969138,CSF1R,0.2803545756250463,0,0
Severity_positive_FDR005,GO Biological Process,646,Positive Regulation of Interleukin-12 Production (GO:0032735),0.1897290089475027,4.920882936507937,8.179287368969138,CLEC7A,0.2803545756250463,0,0
Severity_positive_FDR005,GO Biological Process,647,Ventricular Cardiac Muscle Tissue Morphogenesis (GO:0055010),0.1897290089475027,4.920882936507937,8.179287368969138,TNNT2,0.2803545756250463,0,0
Severity_positive_FDR005,GO Biological Process,648,Regulation of Activated T Cell Proliferation (GO:0046006),0.1897290089475027,4.920882936507937,8.179287368969138,LILRB4,0.2803545756250463,0,0
Severity_positive_FDR005,GO Biological Process,649,Regulation of calcineurin-NFAT Signaling Cascade (GO:0070884),0.1897290089475027,4.920882936507937,8.179287368969138,CLEC7A,0.2803545756250463,0,0
Severity_positive_FDR005,GO Biological Process,650,Regulation of Protein-Containing Complex Assembly (GO:0043254),0.1907758063507501,2.548258064516129,4.22158785077245,LGALS3;CLEC7A,0.2814676896774913,0,0
Severity_positive_FDR005,GO Biological Process,651,Negative Regulation of MAPK Cascade (GO:0043409),0.1930722268037069,2.527744,4.157357624957486,PTPRC;LILRB4,0.2836002036633428,0,0
Severity_positive_FDR005,GO Biological Process,652,Negative Regulation of Endocytosis (GO:0045806),0.1948827259792939,4.7715247715247715,7.80314789859015,LGALS3,0.2836002036633428,0,0
Severity_positive_FDR005,GO Biological Process,653,Regulation of Developmental Growth (GO:0048638),0.1948827259792939,4.7715247715247715,7.80314789859015,MUSK,0.2836002036633428,0,0
Severity_positive_FDR005,GO Biological Process,654,Organophosphate Biosynthetic Process (GO:0090407),0.1948827259792939,4.7715247715247715,7.80314789859015,MUSK,0.2836002036633428,0,0
Severity_positive_FDR005,GO Biological Process,655,Cardiac Muscle Contraction (GO:0060048),0.1948827259792939,4.7715247715247715,7.80314789859015,TNNT2,0.2836002036633428,0,0
Severity_positive_FDR005,GO Biological Process,656,Sarcomere Organization (GO:0045214),0.1948827259792939,4.7715247715247715,7.80314789859015,TNNT2,0.2836002036633428,0,0
Severity_positive_FDR005,GO Biological Process,657,Positive Regulation of Establishment of Protein Localization (GO:1904951),0.1948827259792939,4.7715247715247715,7.80314789859015,ITGB2,0.2836002036633428,0,0
Severity_positive_FDR005,GO Biological Process,658,Membrane Protein Proteolysis (GO:0033619),0.1948827259792939,4.7715247715247715,7.80314789859015,RHBDD1,0.2836002036633428,0,0
Severity_positive_FDR005,GO Biological Process,659,Regulation of Cell Cycle Phase Transition (GO:1901987),0.1948827259792939,4.7715247715247715,7.80314789859015,UBD,0.2836002036633428,0,0
Severity_positive_FDR005,GO Biological Process,660,Protein Metabolic Process (GO:0019538),0.1960771290994757,1.571199434536755,2.5598722500498803,MMP12;UBD;PRSS16;PCOLCE;PRSS22;CTSS,0.2849060103127231,0,0
Severity_positive_FDR005,GO Biological Process,661,Regulation of Interleukin-17 Production (GO:0032660),0.2000039193634366,4.630952380952381,7.453139581543748,NCKAP1L,0.2871313752537959,0,0
Severity_positive_FDR005,GO Biological Process,662,Neural Crest Cell Migration (GO:0001755),0.2000039193634366,4.630952380952381,7.453139581543748,HTR2B,0.2871313752537959,0,0
Severity_positive_FDR005,GO Biological Process,663,Regulation of Vasculature Development (GO:1901342),0.2000039193634366,4.630952380952381,7.453139581543748,CXCL13,0.2871313752537959,0,0
Severity_positive_FDR005,GO Biological Process,664,Platelet Aggregation (GO:0070527),0.2000039193634366,4.630952380952381,7.453139581543748,PLEK,0.2871313752537959,0,0
Severity_positive_FDR005,GO Biological Process,665,Positive Regulation of Cytokine Production Involved in Immune Response (GO:0002720),0.2000039193634366,4.630952380952381,7.453139581543748,CLEC7A,0.2871313752537959,0,0
Severity_positive_FDR005,GO Biological Process,666,Substrate Adhesion-Dependent Cell Spreading (GO:0034446),0.2000039193634366,4.630952380952381,7.453139581543748,LPXN,0.2871313752537959,0,0
Severity_positive_FDR005,GO Biological Process,667,Toll-Like Receptor Signaling Pathway (GO:0002224),0.2000039193634366,4.630952380952381,7.453139581543748,CTSS,0.2871313752537959,0,0
Severity_positive_FDR005,GO Biological Process,668,Regulation of T Cell Mediated Cytotoxicity (GO:0001914),0.2000039193634366,4.630952380952381,7.453139581543748,PTPRC,0.2871313752537959,0,0
Severity_positive_FDR005,GO Biological Process,669,Negative Regulation of Multicellular Organismal Process (GO:0051241),0.2009339010021369,1.9791330645161291,3.176071725871157,ARHGDIB;TIMP1;IL18R1,0.2880352930658436,0,0
Severity_positive_FDR005,GO Biological Process,670,Regulation of Type I Interferon-Mediated Signaling Pathway (GO:0060338),0.2050927926910189,4.498412698412698,7.126802647024788,RBM47,0.2922496109817046,0,0
Severity_positive_FDR005,GO Biological Process,671,Endoderm Formation (GO:0001706),0.2050927926910189,4.498412698412698,7.126802647024788,ITGB2,0.2922496109817046,0,0
Severity_positive_FDR005,GO Biological Process,672,Positive Regulation of Release of Sequestered Calcium Ion Into Cytosol (GO:0051281),0.2050927926910189,4.498412698412698,7.126802647024788,P2RY6,0.2922496109817046,0,0
Severity_positive_FDR005,GO Biological Process,673,Regulation of Blood Circulation (GO:1903522),0.2050927926910189,4.498412698412698,7.126802647024788,TNNT2,0.2922496109817046,0,0
Severity_positive_FDR005,GO Biological Process,674,Superoxide Metabolic Process (GO:0006801),0.2101495483367807,4.3732363315696645,6.82196820750072,NCF4,0.2985680249703299,0,0
Severity_positive_FDR005,GO Biological Process,675,Positive Regulation of Myeloid Cell Differentiation (GO:0045639),0.2101495483367807,4.3732363315696645,6.82196820750072,NCKAP1L,0.2985680249703299,0,0
Severity_positive_FDR005,GO Biological Process,676,Regulation of Inflammatory Response (GO:0050727),0.2107437688546199,1.930271439811172,3.005649302947206,LGALS3;CCL5;SERPINE1,0.29896934072719,0,0
Severity_positive_FDR005,GO Biological Process,677,Regulation of Erythrocyte Differentiation (GO:0045646),0.2151743874311699,4.254826254826255,6.536717126526899,NCKAP1L,0.3034591728624883,0,0
Severity_positive_FDR005,GO Biological Process,678,Negative Regulation of Transport (GO:0051051),0.2151743874311699,4.254826254826255,6.536717126526899,LGALS3,0.3034591728624883,0,0
Severity_positive_FDR005,GO Biological Process,679,Regulation of Vascular Associated Smooth Muscle Cell Proliferation (GO:1904705),0.2151743874311699,4.254826254826255,6.536717126526899,P2RY6,0.3034591728624883,0,0
Severity_positive_FDR005,GO Biological Process,680,Positive Regulation of Receptor Signaling Pathway via JAK-STAT (GO:0046427),0.2151743874311699,4.254826254826255,6.536717126526899,IL7R,0.3034591728624883,0,0
Severity_positive_FDR005,GO Biological Process,681,Semaphorin-Plexin Signaling Pathway (GO:0071526),0.220167509809657,4.142648287385129,6.26934561220422,TYROBP,0.3086851489875162,0,0
Severity_positive_FDR005,GO Biological Process,682,Positive Regulation of Lymphocyte Differentiation (GO:0045621),0.220167509809657,4.142648287385129,6.26934561220422,NCKAP1L,0.3086851489875162,0,0
Severity_positive_FDR005,GO Biological Process,683,Negative Regulation of T Cell Proliferation (GO:0042130),0.220167509809657,4.142648287385129,6.26934561220422,LILRB4,0.3086851489875162,0,0
Severity_positive_FDR005,GO Biological Process,684,Negative Regulation of Cell-Substrate Adhesion (GO:0010812),0.220167509809657,4.142648287385129,6.26934561220422,FZD4,0.3086851489875162,0,0
Severity_positive_FDR005,GO Biological Process,685,Intracellular Calcium Ion Homeostasis (GO:0006874),0.2232107727828708,2.2881159420289854,3.431347410061609,CCL5;HTR2B,0.3120395497066665,0,0
Severity_positive_FDR005,GO Biological Process,686,Protein Autophosphorylation (GO:0046777),0.2232107727828708,2.2881159420289854,3.431347410061609,CSF1R;MUSK,0.3120395497066665,0,0
Severity_positive_FDR005,GO Biological Process,687,Regulation of Cytokine-Mediated Signaling Pathway (GO:0001959),0.2251291140928715,4.036223036223036,6.018336292147058,PTPRC,0.3124440237555192,0,0
Severity_positive_FDR005,GO Biological Process,688,Negative Regulation of Proteolysis (GO:0045861),0.2251291140928715,4.036223036223036,6.018336292147058,TIMP1,0.3124440237555192,0,0
Severity_positive_FDR005,GO Biological Process,689,Positive Regulation of Viral Process (GO:0048524),0.2251291140928715,4.036223036223036,6.018336292147058,CCL5,0.3124440237555192,0,0
Severity_positive_FDR005,GO Biological Process,690,Regulation of DNA Binding (GO:0051101),0.2251291140928715,4.036223036223036,6.018336292147058,MDFI,0.3124440237555192,0,0
Severity_positive_FDR005,GO Biological Process,691,Regulation of DNA Recombination (GO:0000018),0.2251291140928715,4.036223036223036,6.018336292147058,IL7R,0.3124440237555192,0,0
Severity_positive_FDR005,GO Biological Process,692,Plasma Membrane Bounded Cell Projection Organization (GO:0120036),0.2255465528258411,2.271539568345324,3.382841915319574,CSF1R;PLEK,0.3125710175722279,0,0
Severity_positive_FDR005,GO Biological Process,693,Lipid Metabolic Process (GO:0006629),0.2273207573474154,1.8539251512096775,2.746392169640135,CH25H;MUSK;PLA1A,0.3145751894605648,0,0
Severity_positive_FDR005,GO Biological Process,694,Chemical Synaptic Transmission (GO:0007268),0.2289925729136827,1.8466172963474332,2.722035233536845,PXMP2;HTR2B;PDLIM4,0.3156322780109844,0,0
Severity_positive_FDR005,GO Biological Process,695,Negative Regulation of Kinase Activity (GO:0033673),0.2300593976326153,3.935119047619048,5.782333788044519,PTPRC,0.3156322780109844,0,0
Severity_positive_FDR005,GO Biological Process,696,Negative Regulation of Type I Interferon Production (GO:0032480),0.2300593976326153,3.935119047619048,5.782333788044519,TYROBP,0.3156322780109844,0,0
Severity_positive_FDR005,GO Biological Process,697,Positive Regulation of Actin Filament Polymerization (GO:0030838),0.2300593976326153,3.935119047619048,5.782333788044519,NCKAP1L,0.3156322780109844,0,0
Severity_positive_FDR005,GO Biological Process,698,Positive Regulation of Immune System Process (GO:0002684),0.2300593976326153,3.935119047619048,5.782333788044519,NCKAP1L,0.3156322780109844,0,0
Severity_positive_FDR005,GO Biological Process,699,Heart Contraction (GO:0060047),0.2300593976326153,3.935119047619048,5.782333788044519,TNNT2,0.3156322780109844,0,0
Severity_positive_FDR005,GO Biological Process,700,Positive Regulation of Intracellular Signal Transduction (GO:1902533),0.234348025971048,1.4758590691605045,2.141394732316073,CSF1R;PTPRC;CLEC7A;UBD;CCL5;HTR2B,0.3191575861048252,0,0
Severity_positive_FDR005,GO Biological Process,701,Blood Vessel Diameter Maintenance (GO:0097746),0.2349585566110601,3.838946960898181,5.560123994196228,HTR2B,0.3191575861048252,0,0
Severity_positive_FDR005,GO Biological Process,702,Regulation of Receptor-Mediated Endocytosis (GO:0048259),0.2349585566110601,3.838946960898181,5.560123994196228,SERPINE1,0.3191575861048252,0,0
Severity_positive_FDR005,GO Biological Process,703,Cardiac Ventricle Morphogenesis (GO:0003208),0.2349585566110601,3.838946960898181,5.560123994196228,TNNT2,0.3191575861048252,0,0
Severity_positive_FDR005,GO Biological Process,704,Cellular Response to Retinoic Acid (GO:0071300),0.2349585566110601,3.838946960898181,5.560123994196228,FZD4,0.3191575861048252,0,0
Severity_positive_FDR005,GO Biological Process,705,Heterophilic Cell-Cell Adhesion via Plasma Membrane Cell Adhesion Molecules (GO:0007157),0.2349585566110601,3.838946960898181,5.560123994196228,ICAM1,0.3191575861048252,0,0
Severity_positive_FDR005,GO Biological Process,706,Lipid Catabolic Process (GO:0016042),0.2349585566110601,3.838946960898181,5.560123994196228,PLA1A,0.3191575861048252,0,0
Severity_positive_FDR005,GO Biological Process,707,Neural Crest Cell Development (GO:0014032),0.2398267859563774,3.747354497354497,5.350616430106396,HTR2B,0.3230251232193342,0,0
Severity_positive_FDR005,GO Biological Process,708,Regulation of Peptidyl-Tyrosine Phosphorylation (GO:0050730),0.2398267859563774,3.747354497354497,5.350616430106396,ITGB2,0.3230251232193342,0,0
Severity_positive_FDR005,GO Biological Process,709,Non-Canonical Wnt Signaling Pathway (GO:0035567),0.2398267859563774,3.747354497354497,5.350616430106396,FZD4,0.3230251232193342,0,0
Severity_positive_FDR005,GO Biological Process,710,Positive Regulation of Monoatomic Ion Transport (GO:0043270),0.2398267859563774,3.747354497354497,5.350616430106396,CCL5,0.3230251232193342,0,0
Severity_positive_FDR005,GO Biological Process,711,Positive Regulation of Receptor-Mediated Endocytosis (GO:0048260),0.2398267859563774,3.747354497354497,5.350616430106396,SERPINE1,0.3230251232193342,0,0
Severity_positive_FDR005,GO Biological Process,712,Positive Regulation of Stress Fiber Assembly (GO:0051496),0.2398267859563774,3.747354497354497,5.350616430106396,GPR65,0.3230251232193342,0,0
Severity_positive_FDR005,GO Biological Process,713,Negative Regulation of Protein Localization (GO:1903828),0.2446642793946973,3.6600221483942414,5.152829146574183,LILRB4,0.3272427391067152,0,0
Severity_positive_FDR005,GO Biological Process,714,Bone Development (GO:0060348),0.2446642793946973,3.6600221483942414,5.152829146574183,PTPRC,0.3272427391067152,0,0
Severity_positive_FDR005,GO Biological Process,715,Response to Unfolded Protein (GO:0006986),0.2446642793946973,3.6600221483942414,5.152829146574183,RHBDD1,0.3272427391067152,0,0
Severity_positive_FDR005,GO Biological Process,716,Positive Regulation of Cell Division (GO:0051781),0.2446642793946973,3.6600221483942414,5.152829146574183,HTR2B,0.3272427391067152,0,0
Severity_positive_FDR005,GO Biological Process,717,Regulated Exocytosis (GO:0045055),0.2446642793946973,3.6600221483942414,5.152829146574183,PLEK,0.3272427391067152,0,0
Severity_positive_FDR005,GO Biological Process,718,Regulation of Nitric Oxide Biosynthetic Process (GO:0045428),0.2494712294500503,3.576659451659452,4.965875769744344,CLEC7A,0.3322818181147197,0,0
Severity_positive_FDR005,GO Biological Process,719,Positive Regulation of Calcium Ion Transmembrane Transport (GO:1904427),0.2494712294500503,3.576659451659452,4.965875769744344,P2RY6,0.3322818181147197,0,0
Severity_positive_FDR005,GO Biological Process,720,Endothelial Cell Migration (GO:0043542),0.2494712294500503,3.576659451659452,4.965875769744344,LPXN,0.3322818181147197,0,0
Severity_positive_FDR005,GO Biological Process,721,Adenylate Cyclase-Activating G Protein-Coupled Receptor Signaling Pathway (GO:0007189),0.2536898461371319,2.089748344370861,2.8663883461995354,GPR65;PRKAR2A,0.3358452706935916,0,0
Severity_positive_FDR005,GO Biological Process,722,Regulation of Osteoclast Differentiation (GO:0045670),0.2542478274489546,3.4970017636684303,4.788954339486824,LILRB4,0.3358452706935916,0,0
Severity_positive_FDR005,GO Biological Process,723,Peptidyl-Tyrosine Modification (GO:0018212),0.2542478274489546,3.4970017636684303,4.788954339486824,CSF1R,0.3358452706935916,0,0
Severity_positive_FDR005,GO Biological Process,724,Homotypic Cell-Cell Adhesion (GO:0034109),0.2542478274489546,3.4970017636684303,4.788954339486824,PLEK,0.3358452706935916,0,0
Severity_positive_FDR005,GO Biological Process,725,Macromolecule Catabolic Process (GO:0009057),0.2542478274489546,3.4970017636684303,4.788954339486824,PRSS16,0.3358452706935916,0,0
Severity_positive_FDR005,GO Biological Process,726,Regulation of Cell-Substrate Adhesion (GO:0010810),0.2542478274489546,3.4970017636684303,4.788954339486824,FZD4,0.3358452706935916,0,0
Severity_positive_FDR005,GO Biological Process,727,Negative Regulation of Cold-Induced Thermogenesis (GO:0120163),0.2589942635199794,3.420807453416149,4.621337660740617,IL18R1,0.3397749640433109,0,0
Severity_positive_FDR005,GO Biological Process,728,Cellular Defense Response (GO:0006968),0.2589942635199794,3.420807453416149,4.621337660740617,TYROBP,0.3397749640433109,0,0
Severity_positive_FDR005,GO Biological Process,729,Cellular Response to Type II Interferon (GO:0071346),0.2589942635199794,3.420807453416149,4.621337660740617,CCL5,0.3397749640433109,0,0
Severity_positive_FDR005,GO Biological Process,730,Chemokine-Mediated Signaling Pathway (GO:0070098),0.2589942635199794,3.420807453416149,4.621337660740617,CCL5,0.3397749640433109,0,0
Severity_positive_FDR005,GO Biological Process,731,Positive Regulation of miRNA Transcription (GO:1902895),0.2589942635199794,3.420807453416149,4.621337660740617,FOS,0.3397749640433109,0,0
Severity_positive_FDR005,GO Biological Process,732,Negative Regulation of Tumor Necrosis Factor Production (GO:0032720),0.2637107266260292,3.347855454238433,4.462364934947035,LILRB4,0.3417548470734621,0,0
Severity_positive_FDR005,GO Biological Process,733,Negative Regulation of Viral Genome Replication (GO:0045071),0.2637107266260292,3.347855454238433,4.462364934947035,CCL5,0.3417548470734621,0,0
Severity_positive_FDR005,GO Biological Process,734,Blood Circulation (GO:0008015),0.2637107266260292,3.347855454238433,4.462364934947035,C3AR1,0.3417548470734621,0,0
Severity_positive_FDR005,GO Biological Process,735,Cellular Response to Chemokine (GO:1990869),0.2637107266260292,3.347855454238433,4.462364934947035,CCL5,0.3417548470734621,0,0
Severity_positive_FDR005,GO Biological Process,736,Secondary Alcohol Metabolic Process (GO:1902652),0.2637107266260292,3.347855454238433,4.462364934947035,CH25H,0.3417548470734621,0,0
Severity_positive_FDR005,GO Biological Process,737,Erythrocyte Differentiation (GO:0030218),0.2637107266260292,3.347855454238433,4.462364934947035,NCKAP1L,0.3417548470734621,0,0
Severity_positive_FDR005,GO Biological Process,738,Positive Regulation of Kinase Activity (GO:0033674),0.2637107266260292,3.347855454238433,4.462364934947035,PTPRC,0.3417548470734621,0,0
Severity_positive_FDR005,GO Biological Process,739,Positive Regulation of Leukocyte Cell-Cell Adhesion (GO:1903039),0.2637107266260292,3.347855454238433,4.462364934947035,ITGB2,0.3417548470734621,0,0
Severity_positive_FDR005,GO Biological Process,740,Post-Translational Protein Modification (GO:0043687),0.2637107266260292,3.347855454238433,4.462364934947035,RHBDD1,0.3417548470734621,0,0
Severity_positive_FDR005,GO Biological Process,741,Protein Maturation (GO:0051604),0.2654507067258967,2.0222564102564102,2.6821714933804612,MMP12;CTSS,0.3435455165318961,0,0
Severity_positive_FDR005,GO Biological Process,742,Positive Regulation of Epithelial to Mesenchymal Transition (GO:0010718),0.2683974045277927,3.277943121693122,4.31143448027524,LRG1,0.3464241062478509,0,0
Severity_positive_FDR005,GO Biological Process,743,Positive Regulation of Transport (GO:0051050),0.2683974045277927,3.277943121693122,4.31143448027524,RHBDD1,0.3464241062478509,0,0
Severity_positive_FDR005,GO Biological Process,744,"GPCR Sgnlng Pway, Coupled to Cyclic Nucleotide Second Messenger (GO:0007187)",0.2730544838638846,3.2108843537414966,4.167997377843627,HTR2B,0.350079211263991,0,0
Severity_positive_FDR005,GO Biological Process,745,Regulation of Interleukin-12 Production (GO:0032655),0.2730544838638846,3.2108843537414966,4.167997377843627,CLEC7A,0.350079211263991,0,0
Severity_positive_FDR005,GO Biological Process,746,Negative Regulation of Tumor Necrosis Factor Superfamily Cytokine Production (GO:1903556),0.2730544838638846,3.2108843537414966,4.167997377843627,LILRB4,0.350079211263991,0,0
Severity_positive_FDR005,GO Biological Process,747,Myelination (GO:0042552),0.2730544838638846,3.2108843537414966,4.167997377843627,PXMP2,0.350079211263991,0,0
Severity_positive_FDR005,GO Biological Process,748,Negative Regulation of ERK1 and ERK2 Cascade (GO:0070373),0.2730544838638846,3.2108843537414966,4.167997377843627,PTPRC,0.350079211263991,0,0
Severity_positive_FDR005,GO Biological Process,749,+ Reg of Phosphatidylinositol 3-Kinase/Prot Kinase B Signal Transduction (GO:0051897),0.2748612555893356,1.9713,2.545911937992827,CSF1R;CCL5,0.3519251590255979,0,0
Severity_positive_FDR005,GO Biological Process,750,Positive Regulation of Leukocyte Mediated Cytotoxicity (GO:0001912),0.2776821500910924,3.1465079365079367,4.0315519131749555,TYROBP,0.3541185930018053,0,0
Severity_positive_FDR005,GO Biological Process,751,Positive Regulation of Nervous System Development (GO:0051962),0.2776821500910924,3.1465079365079367,4.0315519131749555,MMP12,0.3541185930018053,0,0
Severity_positive_FDR005,GO Biological Process,752,Myofibril Assembly (GO:0030239),0.2776821500910924,3.1465079365079367,4.0315519131749555,TNNT2,0.3541185930018053,0,0
Severity_positive_FDR005,GO Biological Process,753,Sensory Perception (GO:0007600),0.2822805874395512,3.0846560846560847,3.9016386983005886,MMP12,0.3595047587709557,0,0
Severity_positive_FDR005,GO Biological Process,754,B Cell Differentiation (GO:0030183),0.2868499791302593,3.02518315018315,3.777836377286274,PTPRC,0.3624362713911972,0,0
Severity_positive_FDR005,GO Biological Process,755,Negative Regulation of Immune System Process (GO:0002683),0.2868499791302593,3.02518315018315,3.777836377286274,LILRB4,0.3624362713911972,0,0
Severity_positive_FDR005,GO Biological Process,756,Negative Regulation of Protein Catabolic Process (GO:0042177),0.2868499791302593,3.02518315018315,3.777836377286274,TIMP1,0.3624362713911972,0,0
Severity_positive_FDR005,GO Biological Process,757,Regulation of Release of Sequestered Calcium Ion Into Cytosol (GO:0051279),0.2868499791302593,3.02518315018315,3.777836377286274,P2RY6,0.3624362713911972,0,0
Severity_positive_FDR005,GO Biological Process,758,Positive Regulation of miRNA Metabolic Process (GO:2000630),0.2868499791302593,3.02518315018315,3.777836377286274,FOS,0.3624362713911972,0,0
Severity_positive_FDR005,GO Biological Process,759,Unsaturated Fatty Acid Metabolic Process (GO:0033559),0.2868499791302593,3.02518315018315,3.777836377286274,MUSK,0.3624362713911972,0,0
Severity_positive_FDR005,GO Biological Process,760,Regulation of Smooth Muscle Cell Proliferation (GO:0048660),0.2913905071943014,2.9679544773884396,3.659757842580537,CCL5,0.3672056457284298,0,0
Severity_positive_FDR005,GO Biological Process,761,Plasma Membrane Bounded Cell Projection Morphogenesis (GO:0120039),0.2913905071943014,2.9679544773884396,3.659757842580537,NCKAP1L,0.3672056457284298,0,0
Severity_positive_FDR005,GO Biological Process,762,Negative Regulation of Intracellular Signal Transduction (GO:1902532),0.2921381835130062,1.6111751152073732,1.9825966680699785,PRKAR2A;PLEK;LILRB4,0.3676647217703058,0,0
Severity_positive_FDR005,GO Biological Process,763,Rho Protein Signal Transduction (GO:0007266),0.2959023524817266,2.9128453850676075,3.547046887524031,ARHGDIB,0.3686653913710154,0,0
Severity_positive_FDR005,GO Biological Process,764,Regulation of Peptide Hormone Secretion (GO:0090276),0.2959023524817266,2.9128453850676075,3.547046887524031,CCL5,0.3686653913710154,0,0
Severity_positive_FDR005,GO Biological Process,765,Cell Surface Receptor Signaling Pathway via STAT (GO:0097696),0.2959023524817266,2.9128453850676075,3.547046887524031,CCL5,0.3686653913710154,0,0
Severity_positive_FDR005,GO Biological Process,766,Striated Muscle Contraction (GO:0006941),0.2959023524817266,2.9128453850676075,3.547046887524031,TNNT2,0.3686653913710154,0,0
Severity_positive_FDR005,GO Biological Process,767,Positive Regulation of Protein Localization to Plasma Membrane (GO:1903078),0.2959023524817266,2.9128453850676075,3.547046887524031,LGALS3,0.3686653913710154,0,0
Severity_positive_FDR005,GO Biological Process,768,Icosanoid Metabolic Process (GO:0006690),0.2959023524817266,2.9128453850676075,3.547046887524031,MUSK,0.3686653913710154,0,0
Severity_positive_FDR005,GO Biological Process,769,"Regulation of Alternative mRNA Splicing, via Spliceosome (GO:0000381)",0.2959023524817266,2.9128453850676075,3.547046887524031,RBM47,0.3686653913710154,0,0
Severity_positive_FDR005,GO Biological Process,770,Heart Development (GO:0007507),0.2960087084000854,1.8654674556213016,2.2709574097589496,HTR2B;PDLIM4,0.3686653913710154,0,0
Severity_positive_FDR005,GO Biological Process,771,Regulation of Cytokine Production (GO:0001817),0.298354156221127,1.8544,2.2428486865199035,PTPRC;HTR2B,0.371104586013049,0,0
Severity_positive_FDR005,GO Biological Process,772,Positive Regulation of Gene Expression (GO:0010628),0.3003231870515842,1.4634899126769043,1.7604262995888624,TYROBP;MUSK;CLEC7A;HTR2B,0.3717030726316285,0,0
Severity_positive_FDR005,GO Biological Process,773,Regulation of Protein Localization to Nucleus (GO:1900180),0.3003856947752993,2.85974025974026,3.439375238640294,LILRB4,0.3717030726316285,0,0
Severity_positive_FDR005,GO Biological Process,774,Nucleosome Assembly (GO:0006334),0.3003856947752993,2.85974025974026,3.439375238640294,ASF1B,0.3717030726316285,0,0
Severity_positive_FDR005,GO Biological Process,775,Cellular Response to Fibroblast Growth Factor Stimulus (GO:0044344),0.3003856947752993,2.85974025974026,3.439375238640294,CCL5,0.3717030726316285,0,0
Severity_positive_FDR005,GO Biological Process,776,Cellular Response to Interleukin-1 (GO:0071347),0.3048407126922924,2.808531746031746,3.336439921627669,CCL5,0.3747977480409083,0,0
Severity_positive_FDR005,GO Biological Process,777,Heart Morphogenesis (GO:0003007),0.3048407126922924,2.808531746031746,3.336439921627669,HTR2B,0.3747977480409083,0,0
Severity_positive_FDR005,GO Biological Process,778,Positive Regulation of Protein Localization to Cell Periphery (GO:1904377),0.3048407126922924,2.808531746031746,3.336439921627669,LGALS3,0.3747977480409083,0,0
Severity_positive_FDR005,GO Biological Process,779,mRNA Stabilization (GO:0048255),0.3048407126922924,2.808531746031746,3.336439921627669,RBM47,0.3747977480409083,0,0
Severity_positive_FDR005,GO Biological Process,780,Memory (GO:0007613),0.3048407126922924,2.808531746031746,3.336439921627669,MUSK,0.3747977480409083,0,0
Severity_positive_FDR005,GO Biological Process,781,Peptidyl-Tyrosine Phosphorylation (GO:0018108),0.3092675837759564,2.759120022277917,3.2379609148811213,CSF1R,0.3783005265830896,0,0
Severity_positive_FDR005,GO Biological Process,782,Cellular Response to Unfolded Protein (GO:0034620),0.3092675837759564,2.759120022277917,3.2379609148811213,RHBDD1,0.3783005265830896,0,0
Severity_positive_FDR005,GO Biological Process,783,Sterol Metabolic Process (GO:0016125),0.3092675837759564,2.759120022277917,3.2379609148811213,CH25H,0.3783005265830896,0,0
Severity_positive_FDR005,GO Biological Process,784,Mesenchymal Cell Differentiation (GO:0048762),0.3092675837759564,2.759120022277917,3.2379609148811213,HTR2B,0.3783005265830896,0,0
Severity_positive_FDR005,GO Biological Process,785,Cellular Response to Calcium Ion (GO:0071277),0.3136664845009534,2.7114121510673237,3.1436790571852447,ALOX5AP,0.3817337038533178,0,0
Severity_positive_FDR005,GO Biological Process,786,Renal System Development (GO:0072001),0.3136664845009534,2.7114121510673237,3.1436790571852447,MMP12,0.3817337038533178,0,0
Severity_positive_FDR005,GO Biological Process,787,Response to Interleukin-1 (GO:0070555),0.3136664845009534,2.7114121510673237,3.1436790571852447,CCL5,0.3817337038533178,0,0
Severity_positive_FDR005,GO Biological Process,788,Homophilic Cell Adhesion via Plasma Membrane Adhesion Molecules (GO:0007156),0.3136664845009534,2.7114121510673237,3.1436790571852447,CD84,0.3817337038533178,0,0
Severity_positive_FDR005,GO Biological Process,789,Response to Reactive Oxygen Species (GO:0000302),0.318037590083319,2.6653214958299705,3.053354179208369,FOS,0.3860734796074721,0,0
Severity_positive_FDR005,GO Biological Process,790,Response to Retinoic Acid (GO:0032526),0.318037590083319,2.6653214958299705,3.053354179208369,FZD4,0.3860734796074721,0,0
Severity_positive_FDR005,GO Biological Process,791,Neuron Differentiation (GO:0030182),0.3194018293879939,1.7603575418994413,2.0091054199984515,FZD4;IRX4,0.3872393860721696,0,0
Severity_positive_FDR005,GO Biological Process,792,Extracellular Matrix Organization (GO:0030198),0.3217322615462076,1.750488888888889,1.9851166564790248,MMP12;CTSS,0.3895722712409256,0,0
Severity_positive_FDR005,GO Biological Process,793,Negative Regulation of Canonical NF-kappaB Signal Transduction (GO:0043124),0.3223810748479812,2.6207671957671956,2.9667634254981174,LILRB4,0.3898656378048095,0,0
Severity_positive_FDR005,GO Biological Process,794,Cellular Response to Light Stimulus (GO:0071482),0.3266971119820211,2.577673692427791,2.883699753994032,RHBDD1,0.3940912331959223,0,0
Severity_positive_FDR005,GO Biological Process,795,protein-DNA Complex Assembly (GO:0065004),0.3266971119820211,2.577673692427791,2.883699753994032,ASF1B,0.3940912331959223,0,0
Severity_positive_FDR005,GO Biological Process,796,Negative Regulation of Metabolic Process (GO:0009892),0.3309858734882592,2.5359703020993343,2.8039705856159034,IL18R1,0.3977637251569431,0,0
Severity_positive_FDR005,GO Biological Process,797,Canonical Wnt Signaling Pathway (GO:0060070),0.3309858734882592,2.5359703020993343,2.8039705856159034,FZD4,0.3977637251569431,0,0
Severity_positive_FDR005,GO Biological Process,798,Positive Regulation of Peptidyl-Tyrosine Phosphorylation (GO:0050731),0.3309858734882592,2.5359703020993343,2.8039705856159034,CSF1R,0.3977637251569431,0,0
Severity_positive_FDR005,GO Biological Process,799,Regulation of Synapse Assembly (GO:0051963),0.3352475304682357,2.495590828924162,2.727396585834142,MUSK,0.4018779771487976,0,0
Severity_positive_FDR005,GO Biological Process,800,Positive Regulation of Neurogenesis (GO:0050769),0.3352475304682357,2.495590828924162,2.727396585834142,MMP12,0.4018779771487976,0,0
Severity_positive_FDR005,GO Biological Process,801,Small GTPase-mediated Signal Transduction (GO:0007264),0.3356724556035331,1.693505376344086,1.8486633719203127,ARHGDIB;RRAS2,0.4018849999048542,0,0
Severity_positive_FDR005,GO Biological Process,802,Anterograde Trans-Synaptic Signaling (GO:0098916),0.3379881285464898,1.6843636363636365,1.8271042019308328,PXMP2;HTR2B,0.4039249136253849,0,0
Severity_positive_FDR005,GO Biological Process,803,Regulation of Extrinsic Apoptotic Signaling Pathway (GO:2001236),0.3394822527445883,2.4564732142857144,2.653810570628963,LGALS3,0.4039249136253849,0,0
Severity_positive_FDR005,GO Biological Process,804,Cellular Response to Virus (GO:0098586),0.3394822527445883,2.4564732142857144,2.653810570628963,CCL5,0.4039249136253849,0,0
Severity_positive_FDR005,GO Biological Process,805,Fat Cell Differentiation (GO:0045444),0.3394822527445883,2.4564732142857144,2.653810570628963,PSMB8,0.4039249136253849,0,0
Severity_positive_FDR005,GO Biological Process,806,Glycerophospholipid Metabolic Process (GO:0006650),0.3394822527445883,2.4564732142857144,2.653810570628963,PLA1A,0.4039249136253849,0,0
Severity_positive_FDR005,GO Biological Process,807,Regulation of Neurogenesis (GO:0050767),0.3436902093190835,2.4185592185592184,2.5830565120206814,MMP12,0.4064104941270051,0,0
Severity_positive_FDR005,GO Biological Process,808,Cell-Cell Junction Organization (GO:0045216),0.3436902093190835,2.4185592185592184,2.5830565120206814,CSF1R,0.4064104941270051,0,0
Severity_positive_FDR005,GO Biological Process,809,Regulation of Type I Interferon Production (GO:0032479),0.3436902093190835,2.4185592185592184,2.5830565120206814,TYROBP,0.4064104941270051,0,0
Severity_positive_FDR005,GO Biological Process,810,Regulation of Viral Genome Replication (GO:0045069),0.3436902093190835,2.4185592185592184,2.5830565120206814,CCL5,0.4064104941270051,0,0
Severity_positive_FDR005,GO Biological Process,811,Negative Regulation of Binding (GO:0051100),0.3436902093190835,2.4185592185592184,2.5830565120206814,MDFI,0.4064104941270051,0,0
Severity_positive_FDR005,GO Biological Process,812,Generation of Neurons (GO:0048699),0.3449206682266927,1.6575157894736845,1.7643274919040592,FZD4;IRX4,0.4073632029918698,0,0
Severity_positive_FDR005,GO Biological Process,813,Negative Regulation of Cytokine-Mediated Signaling Pathway (GO:0001960),0.3478715679592218,2.381794131794132,2.5149886443944003,PTPRC,0.4103429688473478,0,0
Severity_positive_FDR005,GO Biological Process,814,Ras Protein Signal Transduction (GO:0007265),0.3520264954917118,2.3461265103056146,2.4494706496911953,RRAS2,0.4137174132065584,0,0
Severity_positive_FDR005,GO Biological Process,815,Cholesterol Metabolic Process (GO:0008203),0.3520264954917118,2.3461265103056146,2.4494706496911953,CH25H,0.4137174132065584,0,0
Severity_positive_FDR005,GO Biological Process,816,Regulation of Cell Communication (GO:0010646),0.3520264954917118,2.3461265103056146,2.4494706496911953,IGFBP7,0.4137174132065584,0,0
Severity_positive_FDR005,GO Biological Process,817,Response to Endoplasmic Reticulum Stress (GO:0034976),0.3541279746938051,1.6230103092783503,1.684842004396061,RHBDD1;ATF3,0.415677757321125,0,0
Severity_positive_FDR005,GO Biological Process,818,Regulation of Translational Initiation (GO:0006446),0.3561551576869073,2.3115079365079363,2.386374920664935,CCL5,0.4170363812231308,0,0
Severity_positive_FDR005,GO Biological Process,819,Phospholipid Metabolic Process (GO:0006644),0.3561551576869073,2.3115079365079363,2.386374920664935,MUSK,0.4170363812231308,0,0
Severity_positive_FDR005,GO Biological Process,820,Negative Regulation of Immune Response (GO:0050777),0.3602577192649719,2.27789279963193,2.3255818904183614,LGALS3,0.4203006724758006,0,0
Severity_positive_FDR005,GO Biological Process,821,Regulation of Heart Contraction (GO:0008016),0.3602577192649719,2.27789279963193,2.3255818904183614,TNNT2,0.4203006724758006,0,0
Severity_positive_FDR005,GO Biological Process,822,Fatty Acid Biosynthetic Process (GO:0006633),0.3602577192649719,2.27789279963193,2.3255818904183614,MUSK,0.4203006724758006,0,0
Severity_positive_FDR005,GO Biological Process,823,Protein Localization to Membrane (GO:0072657),0.3610043257570026,1.5980507614213195,1.6281985292001333,CD53;ITGB2,0.4206599616050613,0,0
Severity_positive_FDR005,GO Biological Process,824,Cellular Response to Reactive Oxygen Species (GO:0034614),0.364334343914416,2.2452380952380953,2.2669794220745736,FOS,0.4229983484430085,0,0
Severity_positive_FDR005,GO Biological Process,825,Positive Regulation of Protein Polymerization (GO:0032273),0.364334343914416,2.2452380952380953,2.2669794220745736,NCKAP1L,0.4229983484430085,0,0
Severity_positive_FDR005,GO Biological Process,826,Regulation of Actin Filament Polymerization (GO:0030833),0.364334343914416,2.2452380952380953,2.2669794220745736,NCKAP1L,0.4229983484430085,0,0
Severity_positive_FDR005,GO Biological Process,827,Regulation of Cell Differentiation (GO:0045595),0.3655738399407425,1.5818291457286433,1.5917740988210556,MUSK;CEBPD,0.4239241989155648,0,0
Severity_positive_FDR005,GO Biological Process,828,Adenylate Cyclase-Modulating G Protein-Coupled Receptor Signaling Pathway (GO:0007188),0.3678540173727906,1.57384,1.573948770345622,GPR65;PRKAR2A,0.4260531433097901,0,0
Severity_positive_FDR005,GO Biological Process,829,Kidney Development (GO:0001822),0.3683851943066601,2.213503241672256,2.210462252532142,MMP12,0.4261536807479941,0,0
Severity_positive_FDR005,GO Biological Process,830,Negative Regulation of Apoptotic Signaling Pathway (GO:2001234),0.3764102180503715,2.152641878669276,2.1032941239498313,LGALS3,0.4349125290485618,0,0
Severity_positive_FDR005,GO Biological Process,831,Regulation of Stress Fiber Assembly (GO:0051492),0.3803847117087205,2.1234448734448734,2.0524626537112076,GPR65,0.4384482434238738,0,0
Severity_positive_FDR005,GO Biological Process,832,Import Into Nucleus (GO:0051170),0.3803847117087205,2.1234448734448734,2.0524626537112076,MMP12,0.4384482434238738,0,0
Severity_positive_FDR005,GO Biological Process,833,Regulation of Rho Protein Signal Transduction (GO:0035023),0.384334071865397,2.095026455026455,2.003354645968289,ARHGDIB,0.4424686373576419,0,0
Severity_positive_FDR005,GO Biological Process,834,Intracellular Monoatomic Cation Homeostasis (GO:0030003),0.3859786880983799,1.5126923076923078,1.4400424206276163,CCL5;HTR2B,0.4438292108948997,0,0
Severity_positive_FDR005,GO Biological Process,835,Nucleosome Organization (GO:0034728),0.3882584560565766,2.0673558897243107,1.9558924066113237,ASF1B,0.4459159992314455,0,0
Severity_positive_FDR005,GO Biological Process,836,Cell Chemotaxis (GO:0060326),0.3921580210961478,2.04040404040404,1.910002645319829,CCRL2,0.4498237758898055,0,0
Severity_positive_FDR005,GO Biological Process,837,Positive Regulation of Macromolecule Biosynthetic Process (GO:0010557),0.3925990619601326,1.3417109604105573,1.2544546483078791,TYROBP;MUSK;CLEC7A,0.4498237758898055,0,0
Severity_positive_FDR005,GO Biological Process,838,Protein Import Into Nucleus (GO:0006606),0.3998833155654892,1.9885473176612416,1.8226676429888855,MMP12,0.4570775919276569,0,0
Severity_positive_FDR005,GO Biological Process,839,Regulation of TOR Signaling (GO:0032006),0.3998833155654892,1.9885473176612416,1.8226676429888855,CCL5,0.4570775919276569,0,0
Severity_positive_FDR005,GO Biological Process,840,Regulation of Phosphatidylinositol 3-Kinase/Protein Kinase B Signal Transduction (GO:0051896),0.4060988032881369,1.449290322580645,1.306040715099804,CSF1R;CCL5,0.4636294670872897,0,0
Severity_positive_FDR005,GO Biological Process,841,Wnt Signaling Pathway (GO:0016055),0.4112889751843597,1.9155052264808363,1.7018482581791048,FZD4,0.4678838994090165,0,0
Severity_positive_FDR005,GO Biological Process,842,Negative Regulation of Protein Phosphorylation (GO:0001933),0.4112889751843597,1.9155052264808363,1.7018482581791048,PTPRC,0.4678838994090165,0,0
Severity_positive_FDR005,GO Biological Process,843,Regulation of Protein Kinase Activity (GO:0045859),0.4112889751843597,1.9155052264808363,1.7018482581791048,PTPRC,0.4678838994090165,0,0
Severity_positive_FDR005,GO Biological Process,844,+ Reg of Transmembrane Receptor Prot Serine/Threonine Kinase Sgnlng Pway (GO:0090100),0.4150428616402652,1.8923312296806272,1.664065904478737,LRG1,0.4715949103234766,0,0
Severity_positive_FDR005,GO Biological Process,845,Actomyosin Structure Organization (GO:0031032),0.4187729989200027,1.8697089947089949,1.6274438347703124,TNNT2,0.4741479409259535,0,0
Severity_positive_FDR005,GO Biological Process,846,Long-Chain Fatty Acid Metabolic Process (GO:0001676),0.4187729989200027,1.8697089947089949,1.6274438347703124,MUSK,0.4741479409259535,0,0
Severity_positive_FDR005,GO Biological Process,847,Regulation of Cell Division (GO:0051302),0.4187729989200027,1.8697089947089949,1.6274438347703124,HTR2B,0.4741479409259535,0,0
Severity_positive_FDR005,GO Biological Process,848,Regulation of Innate Immune Response (GO:0045088),0.4224795359492009,1.8476190476190475,1.5919349350699237,CCL5,0.4777805129425516,0,0
Severity_positive_FDR005,GO Biological Process,849,Cellular Response to Tumor Necrosis Factor (GO:0071356),0.4261626210011654,1.8260428202288668,1.5574944927708072,CCL5,0.4808117100471972,0,0
Severity_positive_FDR005,GO Biological Process,850,Positive Regulation of Biosynthetic Process (GO:0009891),0.4261626210011654,1.8260428202288668,1.5574944927708072,CLEC7A,0.4808117100471972,0,0
Severity_positive_FDR005,GO Biological Process,851,Regulation of Endothelial Cell Migration (GO:0010594),0.4298224011911316,1.8049625980660464,1.5240800512908006,ANXA3,0.4826694177310248,0,0
Severity_positive_FDR005,GO Biological Process,852,T Cell Receptor Signaling Pathway (GO:0050852),0.4298224011911316,1.8049625980660464,1.5240800512908006,PTPRC,0.4826694177310248,0,0
Severity_positive_FDR005,GO Biological Process,853,Regulation of Mitotic Cell Cycle Phase Transition (GO:1901990),0.4298224011911316,1.8049625980660464,1.5240800512908006,UBD,0.4826694177310248,0,0
Severity_positive_FDR005,GO Biological Process,854,Positive Regulation of Endothelial Cell Migration (GO:0010595),0.4298224011911316,1.8049625980660464,1.5240800512908006,ANXA3,0.4826694177310248,0,0
Severity_positive_FDR005,GO Biological Process,855,Cellular Response to Hormone Stimulus (GO:0032870),0.433459022883632,1.7843614718614718,1.491651271293,CTSS,0.4861838630940387,0,0
Severity_positive_FDR005,GO Biological Process,856,Apoptotic Process (GO:0006915),0.4345953591288332,1.3664695652173913,1.1387335967641452,PXMP2;ITGB2,0.4868889595847558,0,0
Severity_positive_FDR005,GO Biological Process,857,Negative Regulation of Cellular Process (GO:0048523),0.4368144941458703,1.1938106477838972,0.9887696966621784,TMEM98;LPXN;IGFBP7;CXCL1,0.4879541950383532,0,0
Severity_positive_FDR005,GO Biological Process,858,Regulation of Protein Localization to Plasma Membrane (GO:1903076),0.437072631426429,1.76422329231318,1.4601698045564893,LGALS3,0.4879541950383532,0,0
Severity_positive_FDR005,GO Biological Process,859,Protein Dephosphorylation (GO:0006470),0.437072631426429,1.76422329231318,1.4601698045564893,PTPRC,0.4879541950383532,0,0
Severity_positive_FDR005,GO Biological Process,860,Negative Regulation of Programmed Cell Death (GO:0043069),0.4383959859214409,1.244403779045025,1.0261760476955673,RHBDD1;HTR2B;NCKAP1L,0.4888625005798394,0,0
Severity_positive_FDR005,GO Biological Process,861,Regulation of Epithelial to Mesenchymal Transition (GO:0010717),0.440663371319815,1.7445326278659612,1.429599174930562,LRG1,0.4902507808534833,0,0
Severity_positive_FDR005,GO Biological Process,862,ERAD Pathway (GO:0036503),0.440663371319815,1.7445326278659612,1.429599174930562,RHBDD1,0.4902507808534833,0,0
Severity_positive_FDR005,GO Biological Process,863,Regulation of Insulin Secretion (GO:0050796),0.4477768185264921,1.7064354727398203,1.3710532313073147,CCL5,0.4970115381561411,0,0
Severity_positive_FDR005,GO Biological Process,864,Negative Regulation of Angiogenesis (GO:0016525),0.4477768185264921,1.7064354727398203,1.3710532313073147,SERPINE1,0.4970115381561411,0,0
Severity_positive_FDR005,GO Biological Process,865,Regulation of Immune Response (GO:0050776),0.4512998103540226,1.6880013654207202,1.3430133726825788,CXCL13,0.4997650324821104,0,0
Severity_positive_FDR005,GO Biological Process,866,Lipid Biosynthetic Process (GO:0008610),0.4512998103540226,1.6880013654207202,1.3430133726825788,MUSK,0.4997650324821104,0,0
Severity_positive_FDR005,GO Biological Process,867,B Cell Activation (GO:0042113),0.458279035033115,1.652297410192147,1.289249721826958,PTPRC,0.5063244177381997,0,0
Severity_positive_FDR005,GO Biological Process,868,Regulation of Actin Filament-Based Process (GO:0032970),0.458279035033115,1.652297410192147,1.289249721826958,CSF1R,0.5063244177381997,0,0
Severity_positive_FDR005,GO Biological Process,869,"Regulation of mRNA Splicing, via Spliceosome (GO:0048024)",0.4617355471375379,1.635003306878307,1.263469995984744,RBM47,0.5089705628791942,0,0
Severity_positive_FDR005,GO Biological Process,870,Muscle Contraction (GO:0006936),0.4617355471375379,1.635003306878307,1.263469995984744,TNNT2,0.5089705628791942,0,0
Severity_positive_FDR005,GO Biological Process,871,Regulation of Apoptotic Process (GO:0042981),0.4641364719696543,1.1242055395295387,0.8629139212427167,LGALS3;UBD;RHBDD1;HTR2B;NCKAP1L,0.5109945014370157,0,0
Severity_positive_FDR005,GO Biological Process,872,Defense Response to Gram-positive Bacterium (GO:0050830),0.4651701770120069,1.6180657830142366,1.238389831832245,MPEG1,0.5109945014370157,0,0
Severity_positive_FDR005,GO Biological Process,873,Positive Regulation of Hydrolase Activity (GO:0051345),0.4651701770120069,1.6180657830142366,1.238389831832245,PRSS22,0.5109945014370157,0,0
Severity_positive_FDR005,GO Biological Process,874,Regulation of Protein Secretion (GO:0050708),0.4685830621894467,1.6014739229024944,1.213984333914786,CCL5,0.5130504272060872,0,0
Severity_positive_FDR005,GO Biological Process,875,Positive Regulation of Protein Catabolic Process (GO:0045732),0.4685830621894467,1.6014739229024944,1.213984333914786,RHBDD1,0.5130504272060872,0,0
Severity_positive_FDR005,GO Biological Process,876,Positive Regulation of Programmed Cell Death (GO:0043068),0.4686466884593664,1.2765528455284554,0.9675072191616868,LGALS3;UBD,0.5130504272060872,0,0
Severity_positive_FDR005,GO Biological Process,877,Response to UV (GO:0009411),0.4719743392071369,1.5852172518839185,1.1902297169988545,RHBDD1,0.5155163910018729,0,0
Severity_positive_FDR005,GO Biological Process,878,Monoatomic Ion Transport (GO:0006811),0.4719743392071369,1.5852172518839185,1.1902297169988545,SLC15A3,0.5155163910018729,0,0
Severity_positive_FDR005,GO Biological Process,879,Positive Regulation of Protein Localization (GO:1903829),0.4786926108283515,1.5536696526795537,1.1445831795753345,TYROBP,0.5222596288787135,0,0
Severity_positive_FDR005,GO Biological Process,880,Positive Regulation of Multicellular Organismal Process (GO:0051240),0.4796293328071674,1.165901469179176,0.8566364236691044,LRG1;SERPINE1;HTR2B,0.5226869660932654,0,0
Severity_positive_FDR005,GO Biological Process,881,Regulation of Actin Cytoskeleton Organization (GO:0032956),0.485326067677058,1.5233472029588535,1.101279958225622,CSF1R,0.5282947774146409,0,0
Severity_positive_FDR005,GO Biological Process,882,Positive Regulation of NF-kappaB Transcription Factor Activity (GO:0051092),0.4886113230689866,1.508623321123321,1.0804578375073273,IL18R1,0.5312678671464377,0,0
Severity_positive_FDR005,GO Biological Process,883,Cell-Matrix Adhesion (GO:0007160),0.4951195454123036,1.480008984725966,1.0403812546054103,ITGB2,0.5371262941746596,0,0
Severity_positive_FDR005,GO Biological Process,884,Dephosphorylation (GO:0016311),0.4951195454123036,1.480008984725966,1.0403812546054103,PTPRC,0.5371262941746596,0,0
Severity_positive_FDR005,GO Biological Process,885,Positive Regulation of Translation (GO:0045727),0.4983427731162494,1.4661029520842606,1.0210925289525392,CCL5,0.5400121123372692,0,0
Severity_positive_FDR005,GO Biological Process,886,External Encapsulating Structure Organization (GO:0045229),0.5078904689512943,1.425901875901876,0.96603350183052,MMP12,0.5491172037477917,0,0
Severity_positive_FDR005,GO Biological Process,887,Extracellular Structure Organization (GO:0043062),0.5078904689512943,1.425901875901876,0.96603350183052,MMP12,0.5491172037477917,0,0
Severity_positive_FDR005,GO Biological Process,888,Cellular Response to Metal Ion (GO:0071248),0.5110327968195454,1.412984412984413,0.948566828593764,ALOX5AP,0.5512715997187222,0,0
Severity_positive_FDR005,GO Biological Process,889,Regulation of Wnt Signaling Pathway (GO:0030111),0.5110327968195454,1.412984412984413,0.948566828593764,MDFI,0.5512715997187222,0,0
Severity_positive_FDR005,GO Biological Process,890,Positive Regulation of Cell Projection Organization (GO:0031346),0.5203408313097845,1.3755917571707046,0.8986345292132446,FZD4,0.5600525894793303,0,0
Severity_positive_FDR005,GO Biological Process,891,Regulation of JNK Cascade (GO:0046328),0.5203408313097845,1.3755917571707046,0.8986345292132446,MDFI,0.5600525894793303,0,0
Severity_positive_FDR005,GO Biological Process,892,Regulation of DNA Metabolic Process (GO:0051052),0.5234042742013877,1.363561076604555,0.8827709718582464,IL7R,0.5627182723757072,0,0
Severity_positive_FDR005,GO Biological Process,893,Cellular Component Assembly (GO:0022607),0.5271651521610906,1.1402472727272728,0.7300335077567303,LPXN;NCKAP1L,0.5661269663185733,0,0
Severity_positive_FDR005,GO Biological Process,894,MAPK Cascade (GO:0000165),0.5324786165853025,1.3286924939467313,0.8373586699639989,HTR2B,0.5711935048157775,0,0
Severity_positive_FDR005,GO Biological Process,895,Regulation of Transforming Growth Factor Beta Receptor Signaling Pathway (GO:0017015),0.5354651395119621,1.3174603174603174,0.8229113918032946,LRG1,0.573755384125108,0,0
Severity_positive_FDR005,GO Biological Process,896,Cellular Response to Oxidative Stress (GO:0034599),0.5384327337522713,1.306415343915344,0.8087922081998685,FOS,0.5762912853442279,0,0
Severity_positive_FDR005,GO Biological Process,897,Regulation of Mitotic Cell Cycle (GO:0007346),0.547223130934848,1.2743579816750548,0.7683086967291537,UBD,0.5850468033071564,0,0
Severity_positive_FDR005,GO Biological Process,898,Calcium Ion Transport (GO:0006816),0.552990914665827,1.2538412698412698,0.7427927543684754,CCL5,0.5898979834978065,0,0
Severity_positive_FDR005,GO Biological Process,899,Regulation of Cell Motility (GO:2000145),0.552990914665827,1.2538412698412698,0.7427927543684754,CSF1R,0.5898979834978065,0,0
Severity_positive_FDR005,GO Biological Process,900,Protein Localization to Nucleus (GO:0034504),0.5558474105243392,1.2438271604938271,0.7304517591108103,MMP12,0.5916289308466607,0,0
Severity_positive_FDR005,GO Biological Process,901,Regulation of Anatomical Structure Morphogenesis (GO:0022603),0.5558474105243392,1.2438271604938271,0.7304517591108103,CXCL13,0.5916289308466607,0,0
Severity_positive_FDR005,GO Biological Process,902,Regulation of Protein Catabolic Process (GO:0042176),0.561506183263368,1.2242683531746033,0.7065650465471837,RHBDD1,0.5969893899662637,0,0
Severity_positive_FDR005,GO Biological Process,903,Cell Surface Receptor Protein Tyrosine Kinase Signaling Pathway (GO:0007169),0.56310306987932,1.0655238095238095,0.6119224335933406,CSF1R;MUSK,0.5980241904919911,0,0
Severity_positive_FDR005,GO Biological Process,904,Circulatory System Development (GO:0072359),0.5698604933351046,1.196049921240761,0.6726150550800256,PDLIM4,0.603863218904271,0,0
Severity_positive_FDR005,GO Biological Process,905,Epithelial Cell Differentiation (GO:0030855),0.5698604933351046,1.196049921240761,0.6726150550800256,LGALS3,0.603863218904271,0,0
Severity_positive_FDR005,GO Biological Process,906,Regulation of Intracellular Signal Transduction (GO:1902531),0.5740429533805221,1.0438933333333331,0.5794140947099129,CSF1R;CLEC7A,0.6076238325517889,0,0
Severity_positive_FDR005,GO Biological Process,907,Regulation of Cytoskeleton Organization (GO:0051493),0.58874478593618,1.134978145847711,0.601268848469711,CSF1R,0.6218130503444896,0,0
Severity_positive_FDR005,GO Biological Process,908,Negative Regulation of Cell Motility (GO:2000146),0.58874478593618,1.134978145847711,0.601268848469711,SERPINE1,0.6218130503444896,0,0
Severity_positive_FDR005,GO Biological Process,909,Positive Regulation of Apoptotic Process (GO:0043065),0.5935838826390994,1.0064051446945337,0.5249175138709649,LGALS3;UBD,0.6259715269686807,0,0
Severity_positive_FDR005,GO Biological Process,910,Cellular Response to Starvation (GO:0009267),0.5939875803352445,1.1186507936507937,0.582701695206276,MUSK,0.6259715269686807,0,0
Severity_positive_FDR005,GO Biological Process,911,Protein Homooligomerization (GO:0051260),0.5991640575395412,1.102783366867874,0.5648675116348474,ALOX5AP,0.6307336236887158,0,0
Severity_positive_FDR005,GO Biological Process,912,Negative Regulation of Protein Metabolic Process (GO:0051248),0.60680624626583,1.0798029556650246,0.5394109641452847,CD84,0.6373791787173395,0,0
Severity_positive_FDR005,GO Biological Process,913,Negative Regulation of Wnt Signaling Pathway (GO:0030178),0.60680624626583,1.0798029556650246,0.5394109641452847,MDFI,0.6373791787173395,0,0
Severity_positive_FDR005,GO Biological Process,914,Positive Regulation of Metabolic Process (GO:0009893),0.609321378908706,1.072352685366384,0.5312536376428771,CLEC7A,0.639320790342942,0,0
Severity_positive_FDR005,GO Biological Process,915,Protein-Containing Complex Assembly (GO:0065003),0.610767523919845,0.9745545171339564,0.4804932645042638,LPXN;NCKAP1L,0.6401377655072473,0,0
Severity_positive_FDR005,GO Biological Process,916,Regulation of Cold-Induced Thermogenesis (GO:0120161),0.6118205488848929,1.0650037792894935,0.5232536739859709,IL18R1,0.6405413825115854,0,0
Severity_positive_FDR005,GO Biological Process,917,Phosphate-Containing Compound Metabolic Process (GO:0006796),0.6167714022488652,1.05060189623948,0.5077105341045698,PTPRC,0.6443178374255574,0,0
Severity_positive_FDR005,GO Biological Process,918,Cellular Response to Growth Factor Stimulus (GO:0071363),0.6167714022488652,1.05060189623948,0.5077105341045698,CCL5,0.6443178374255574,0,0
Severity_positive_FDR005,GO Biological Process,919,Protein Localization to Organelle (GO:0033365),0.6192232848458512,1.0435449735449736,0.5001599948716537,CD68,0.6461753320643867,0,0
Severity_positive_FDR005,GO Biological Process,920,Negative Regulation of Response to External Stimulus (GO:0032102),0.6264859374956304,1.0229276895943562,0.4783506024688431,SERPINE1,0.6530434935416408,0,0
Severity_positive_FDR005,GO Biological Process,921,Neuron Projection Morphogenesis (GO:0048812),0.6336111371815234,1.003103378103378,0.4577359940788592,NCKAP1L,0.659038048326552,0,0
Severity_positive_FDR005,GO Biological Process,922,Regulation of Small GTPase Mediated Signal Transduction (GO:0051056),0.6336111371815234,1.003103378103378,0.4577359940788592,ARHGDIB,0.659038048326552,0,0
Severity_positive_FDR005,GO Biological Process,923,Epithelium Development (GO:0060429),0.6382861841376433,0.9903054048623668,0.4446159635885618,LGALS3,0.6631814199219934,0,0
Severity_positive_FDR005,GO Biological Process,924,Regulation of Macromolecule Biosynthetic Process (GO:0010556),0.6629606549819813,0.925331079177233,0.3803477485540841,PTPRC,0.688072801004026,0,0
Severity_positive_FDR005,GO Biological Process,925,Nitrogen Compound Transport (GO:0071705),0.6672640165740547,0.9144156688016336,0.3699446756888544,SLC15A3,0.6917904777238038,0,0
Severity_positive_FDR005,GO Biological Process,926,Metal Ion Transport (GO:0030001),0.6839390832532289,0.8731932251485324,0.3317142525458946,CCL5,0.7083127222892511,0,0
Severity_positive_FDR005,GO Biological Process,927,Proteasomal Protein Catabolic Process (GO:0010498),0.6870393472624088,0.843372972972973,0.3165716117296423,RHBDD1;PSMB8,0.7106936955211183,0,0
Severity_positive_FDR005,GO Biological Process,928,Positive Regulation of RNA Biosynthetic Process (GO:1902680),0.688419493555611,0.8468180224403927,0.3161653499041452,FZD4;IRX4;FOS,0.7106936955211183,0,0
Severity_positive_FDR005,GO Biological Process,929,Protein Phosphorylation (GO:0006468),0.6884613588520531,0.8410566037735849,0.3139631383436735,CSF1R;MUSK,0.7106936955211183,0,0
Severity_positive_FDR005,GO Biological Process,930,Positive Regulation of Catabolic Process (GO:0009896),0.68997615323281,0.8586691086691086,0.3186505971335103,RHBDD1,0.7114915386561987,0,0
Severity_positive_FDR005,GO Biological Process,931,Negative Regulation of Cell Population Proliferation (GO:0008285),0.6968833187813452,0.8274164456233422,0.2988109305075935,IGFBP7;CXCL1,0.7178422155867993,0,0
Severity_positive_FDR005,GO Biological Process,932,Defense Response to Virus (GO:0051607),0.7184875850320266,0.7926839094351785,0.2620667324219523,PTPRC,0.7393021395340275,0,0
Severity_positive_FDR005,GO Biological Process,933,Transcription by RNA Polymerase II (GO:0006366),0.7220870340624399,0.7846374730796841,0.2554854949797123,CEBPD,0.7422095023214147,0,0
Severity_positive_FDR005,GO Biological Process,934,Positive Regulation of Protein Metabolic Process (GO:0051247),0.7256408175118829,0.7767511648108663,0.2491041982132431,RHBDD1,0.74506375159946,0,0
Severity_positive_FDR005,GO Biological Process,935,DNA-templated Transcription (GO:0006351),0.7274007646593357,0.7728665723715229,0.2459861913570802,CEBPD,0.746072014233479,0,0
Severity_positive_FDR005,GO Biological Process,936,Neuron Projection Development (GO:0031175),0.7326136802182356,0.7614401858304297,0.2369120287706585,NCKAP1L,0.7506159394543673,0,0
Severity_positive_FDR005,GO Biological Process,937,Modification-Dependent Protein Catabolic Process (GO:0019941),0.7360338875541582,0.7540065945863047,0.2310872764072877,UBD,0.7533153662373935,0,0
Severity_positive_FDR005,GO Biological Process,938,Protein Stabilization (GO:0050821),0.7427446218393511,0.7395621755811329,0.2199480138027394,TYROBP,0.759373232776053,0,0
Severity_positive_FDR005,GO Biological Process,939,Ubiquitin-Dependent Protein Catabolic Process (GO:0006511),0.7881271838682434,0.685916114790287,0.163313746975541,UBD;PSMB8,0.8049137053563848,0,0
Severity_positive_FDR005,GO Biological Process,940,Positive Regulation of Developmental Process (GO:0051094),0.792024448354651,0.6384660421545667,0.1488666696045678,FZD4,0.8080334531618194,0,0
Severity_positive_FDR005,GO Biological Process,941,Nervous System Development (GO:0007399),0.8124228826071563,0.6492050209205021,0.1348621395390412,PXMP2;CXCL1,0.8279633840810445,0,0
Severity_positive_FDR005,GO Biological Process,942,Plasma Membrane Bounded Cell Projection Assembly (GO:0120031),0.830834841345035,0.5635208189556016,0.104434073558738,PXMP2,0.845828676061453,0,0
Severity_positive_FDR005,GO Biological Process,943,Negative Regulation of Transcription by RNA Polymerase II (GO:0000122),0.8483465435088945,0.6353378468073808,0.1044915167984981,PTPRC;ATF3;MDFI,0.8627405463680062,0,0
Severity_positive_FDR005,GO Biological Process,944,Positive Regulation of Cell Differentiation (GO:0045597),0.8513470581161361,0.5249088374088374,0.0844764187894037,LRG1,0.8648748185734899,0,0
Severity_positive_FDR005,GO Biological Process,945,Protein Modification Process (GO:0036211),0.8644109512715733,0.5695764272559852,0.0829912640634049,PTPRC;RHBDD1,0.8772170394385596,0,0
Severity_positive_FDR005,GO Biological Process,946,Protein Modification by Small Protein Conjugation (GO:0032446),0.868541071396009,0.4927689594356261,0.0694510564104502,UBD,0.8804766252312608,0,0
Severity_positive_FDR005,GO Biological Process,947,Regulation of Cell Cycle (GO:0051726),0.8702319494548604,0.4896099344048871,0.0680535748460397,PTPRC,0.8812591758471078,0,0
Severity_positive_FDR005,GO Biological Process,948,Chromatin Organization (GO:0006325),0.8743653286988686,0.4818840579710144,0.0646963052916063,ASF1B,0.884510917955923,0,0
Severity_positive_FDR005,GO Biological Process,949,Positive Regulation of Transcription by RNA Polymerase II (GO:0045944),0.87628435405511,0.6276190238919754,0.08288627770653,MMP12;FZD4;FOS;ATF3,0.8850887360695496,0,0
Severity_positive_FDR005,GO Biological Process,950,Intracellular Protein Transport (GO:0006886),0.8767823767112327,0.4773626373626373,0.0627714981639468,MMP12,0.8850887360695496,0,0
Severity_positive_FDR005,GO Biological Process,951,Negative Regulation of DNA-templated Transcription (GO:0045892),0.8872802771798052,0.6124661246612466,0.0732474962173856,PTPRC;LILRB4;ATF3;MDFI,0.8939912594452942,0,0
Severity_positive_FDR005,GO Biological Process,952,Proteasome-Mediated Ubiquitin-Dependent Protein Catabolic Process (GO:0043161),0.8874657757997082,0.457320784754413,0.0545973886217122,PSMB8,0.8939912594452942,0,0
Severity_positive_FDR005,GO Biological Process,953,Protein Ubiquitination (GO:0016567),0.906759324560078,0.4206564872325742,0.0411731070979374,UBD,0.9124681975373712,0,0
Severity_positive_FDR005,GO Biological Process,954,Positive Regulation of DNA-templated Transcription (GO:0045893),0.91328874264767,0.6008345282848248,0.0544976092058707,MMP12;FZD4;IRX4;FOS;ATF3,0.9180753712778988,0,0
Severity_positive_FDR005,GO Biological Process,955,Regulation of Gene Expression (GO:0010468),0.932239137166946,0.5429707013009578,0.0380980345903598,TYROBP;PTPRC;MUSK;CLEC7A,0.9361438037100536,0,0
Severity_positive_FDR005,GO Biological Process,956,Regulation of RNA Biosynthetic Process (GO:2001141),0.950070628989095,0.331982074438971,0.0170037735527048,MUSK,0.9530520221762993,0,0
Severity_positive_FDR005,GO Biological Process,957,Negative Regulation of RNA Biosynthetic Process (GO:1902679),0.9516727482024394,0.3283582089552239,0.0162649136396144,MDFI,0.9536616149698426,0,0
Severity_positive_FDR005,GO Biological Process,958,Regulation of Transcription by RNA Polymerase II (GO:0006357),0.979312823538677,0.528669630207123,0.0110513912297868,MMP12;PTPRC;CEBPD;FZD4;IRX4;FOS;ATF3;MDFI,0.980335070744876,0,0
Severity_positive_FDR005,GO Biological Process,959,Regulation of DNA-templated Transcription (GO:0006355),0.9861719762390744,0.4854088492808005,0.0067590859562567,MUSK;CEBPD;FZD4;IRX4;FOS;ATF3;MDFI,0.9861719762390744,0,0
M12_module,KEGG mouse,1,Cytokine-cytokine receptor interaction,4.759871044587138e-07,10.963920401710991,159.61138353547636,CSF2RB2;CXCL10;CSF1R;TNFRSF12A;CCL5;CXCL1;OSMR;CXCL13;IL2RG,5.473851701275208e-05,0,0
M12_module,KEGG mouse,2,Tuberculosis,1.9663228215494684e-06,13.71206264248191,180.1675264862146,FCGR3;FCER1G;CLEC7A;ITGB2;CD14;H2-AA;CTSS,8.11963661380228e-05,0,0
M12_module,KEGG mouse,3,Phagosome,2.118166073165812e-06,13.552170079357303,177.05855869205263,FCGR3;CLEC7A;H2-K1;ITGB2;CD14;H2-AA;CTSS,8.11963661380228e-05,0,0
M12_module,KEGG mouse,4,TNF signaling pathway,3.142515568530226e-05,15.479313036690083,160.48799825920952,CXCL10;CCL5;CXCL1;IFI47;FOS,0.0007882311451556,0,0
M12_module,KEGG mouse,5,C-type lectin receptor signaling pathway,3.4270919354592647e-05,15.188447985291864,156.15567488525804,CLEC4D;FCER1G;CLEC7A;CLEC4N;RRAS2,0.0007882311451556,0,0
M12_module,KEGG mouse,6,Leishmaniasis,7.090079431081497e-05,20.349206349206348,194.42097582573464,FCGR3;ITGB2;FOS;H2-AA,0.0013589318909572,0,0
M12_module,KEGG mouse,7,Pertussis,0.0001160659538842,17.79749103942652,161.26933032143629,ITGB2;FOS;CD14;C1QC,0.0019067978138134,0,0
M12_module,KEGG mouse,8,Human T-cell leukemia virus 1 infection,0.0001562356205553,8.240585774058577,72.22169109767779,ZFP36;H2-K1;ITGB2;FOS;IL2RG;H2-AA,0.0021867633472302,0,0
M12_module,KEGG mouse,9,Rheumatoid arthritis,0.0001711380010875,16.011290322580646,138.86656627119677,CCL5;ITGB2;FOS;H2-AA,0.0021867633472302,0,0
M12_module,KEGG mouse,10,IL-17 signaling pathway,0.0002329906137642,14.71783463107156,123.10751011796684,CXCL10;MMP13;CXCL1;FOS,0.0026793920582892,0,0
M12_module,KEGG mouse,11,Staphylococcus aureus infection,0.0002747990062309,14.068060971286778,115.35065252944231,FCGR3;ITGB2;H2-AA;C1QC,0.0028728987015048,0,0
M12_module,KEGG mouse,12,Toll-like receptor signaling pathway,0.0003217432113054,13.473005093378609,108.34663047423912,CXCL10;CCL5;FOS;CD14,0.0030833724416773,0,0
M12_module,KEGG mouse,13,Chagas disease (American trypanosomiasis),0.0003741771979626,12.926034538937763,101.99650879749451,CCL5;SERPINE1;FOS;C1QC,0.0033100290589005,0,0
M12_module,KEGG mouse,14,Natural killer cell mediated cytotoxicity,0.0006258611006673,11.21675155631013,82.7390453485384,TYROBP;FCER1G;H2-K1;ITGB2,0.0051410018983391,0,0
M12_module,KEGG mouse,15,Osteoclast differentiation,0.0008488839551635,10.306971904266389,72.88665950591187,CSF1R;FCGR3;TYROBP;FOS,0.0065081103229205,0,0
M12_module,KEGG mouse,16,Legionellosis,0.0009302894043168,17.21125541125541,120.13481806147028,ITGB2;CXCL1;CD14,0.0066864550935272,0,0
M12_module,KEGG mouse,17,Salmonella infection,0.002188476098505,12.608888888888888,77.2237682101245,CXCL1;FOS;CD14,0.0148043971369456,0,0
M12_module,KEGG mouse,18,Th1 and Th2 cell differentiation,0.0029855420932308,11.25283446712018,65.42368637507951,FOS;IL2RG;H2-AA,0.0168868547394595,0,0
M12_module,KEGG mouse,19,Viral myocarditis,0.0029855420932308,11.25283446712018,65.42368637507951,H2-K1;ITGB2;H2-AA,0.0168868547394595,0,0
M12_module,KEGG mouse,20,Asthma,0.0030637473161426,27.05298913043478,156.58585273655547,FCER1G;H2-AA,0.0168868547394595,0,0
M12_module,KEGG mouse,21,Complement and coagulation cascades,0.0030836865176404,11.119887955182072,64.29107197621367,SERPINE1;ITGB2;C1QC,0.0168868547394595,0,0
M12_module,KEGG mouse,22,Antigen processing and presentation,0.0032858821043794,10.863163656267105,62.11687486710128,H2-K1;H2-AA;CTSS,0.0171762019092562,0,0
M12_module,KEGG mouse,23,Hematopoietic cell lineage,0.0037142477202495,10.38356881214024,58.1020808283191,CSF1R;CD14;H2-AA,0.0185712386012479,0,0
M12_module,KEGG mouse,24,Chemokine signaling pathway,0.0040878403862206,6.599030586662209,36.2929423908146,CXCL10;CCL5;CXCL1;CXCL13,0.0195875685173074,0,0
M12_module,KEGG mouse,25,Th17 cell differentiation,0.004669506170107,9.54064454064454,51.201795737353706,FOS;IL2RG;H2-AA,0.0214797283824922,0,0
M12_module,KEGG mouse,26,Prion diseases,0.0056208240869096,19.435546875,100.70095183375612,CCL5;C1QC,0.0240852369639407,0,0
M12_module,KEGG mouse,27,Kaposi sarcoma-associated herpesvirus infection,0.0056547947654469,6.001825928180158,31.060958413414888,ZFP36;H2-K1;CXCL1;FOS,0.0240852369639407,0,0
M12_module,KEGG mouse,28,Apoptosis,0.0113562406600044,6.830917874396135,30.588767234105863,CSF2RB2;FOS;CTSS,0.0466417027107324,0,0
M12_module,KEGG mouse,29,Hippo signaling pathway,0.0156558338887514,6.037240537240537,25.096275577528207,FZD4;SERPINE1;ITGB2,0.0589252077989877,0,0
M12_module,KEGG mouse,30,MAPK signaling pathway,0.0161661082029533,4.370189098998888,18.026323436945333,CSF1R;RRAS2;FOS;CD14,0.0589252077989877,0,0
M12_module,KEGG mouse,31,Inflammatory bowel disease (IBD),0.0162606511061238,10.897478070175438,44.88678989445044,IL2RG;H2-AA,0.0589252077989877,0,0
M12_module,KEGG mouse,32,JAK-STAT signaling pathway,0.0169916293805341,5.848269742679681,23.8319006484029,CSF2RB2;OSMR;IL2RG,0.0589252077989877,0,0
M12_module,KEGG mouse,33,Cytosolic DNA-sensing pathway,0.0173184481004133,10.527012711864408,42.697384404883266,CXCL10;CCL5,0.0589252077989877,0,0
M12_module,KEGG mouse,34,Influenza A,0.0181049733577927,5.705339105339105,22.887359249003744,CXCL10;CCL5;H2-AA,0.0589252077989877,0,0
M12_module,KEGG mouse,35,Allograft rejection,0.018404794347285,10.180840163934429,40.67392337099801,H2-K1;H2-AA,0.0589252077989877,0,0
M12_module,KEGG mouse,36,Cell adhesion molecules (CAMs),0.0186765881696413,5.636441402908469,22.435767690321743,H2-K1;ITGB2;H2-AA,0.0589252077989877,0,0
M12_module,KEGG mouse,37,Graft-versus-host disease,0.0189585451179352,10.016129032258064,39.71896487965259,H2-K1;H2-AA,0.0589252077989877,0,0
M12_module,KEGG mouse,38,Acute myeloid leukemia,0.0218310473790006,9.266324626865671,35.438336973132955,CSF1R;CD14,0.064373601245771,0,0
M12_module,KEGG mouse,39,Type I diabetes mellitus,0.0218310473790006,9.266324626865671,35.438336973132955,H2-K1;H2-AA,0.064373601245771,0,0
M12_module,KEGG mouse,40,Cellular senescence,0.0232822874082238,5.167974882260596,19.431908062595294,H2-K1;SERPINE1;RRAS2,0.0669365762986434,0,0
M12_module,KEGG mouse,41,Renin secretion,0.0261339873148861,8.386824324324325,30.565937377466756,CLCA2;CLCA1,0.0733026473466318,0,0
M12_module,KEGG mouse,42,Autoimmune thyroid disease,0.0274216545565208,8.165296052631579,29.365852527582412,H2-K1;H2-AA,0.0733369831162768,0,0
M12_module,KEGG mouse,43,Salivary secretion,0.0274216545565208,8.165296052631579,29.365852527582412,LYZ2;LYZ1,0.0733369831162768,0,0
M12_module,KEGG mouse,44,NOD-like receptor signaling pathway,0.0302987547533772,4.651579443658652,16.26493904976193,CCL5;CXCL1;GBP2,0.0791899271963268,0,0
M12_module,KEGG mouse,45,Pathways in cancer,0.0316294661274863,3.0009279307145067,10.36420312431914,CSF2RB2;CSF1R;FZD4;FOS;IL2RG,0.080830857881354,0,0
M12_module,KEGG mouse,46,Regulation of actin cytoskeleton,0.0349864771216792,4.388072986203827,14.71230328821814,ITGB2;RRAS2;NCKAP1L,0.0874661928041981,0,0
M12_module,KEGG mouse,47,Epstein-Barr virus infection,0.0400284771326637,4.152549515381374,13.363585980887118,CXCL10;H2-K1;H2-AA,0.097942018516092,0,0
M12_module,KEGG mouse,48,HIF-1 signaling pathway,0.0463199775891452,6.075980392156863,18.666517165049545,SERPINE1;TIMP1,0.1095925432240259,0,0
M12_module,KEGG mouse,49,Pancreatic secretion,0.0471210948671401,6.016686893203883,18.381186059636324,CLCA2;CLCA1,0.1095925432240259,0,0
M12_module,KEGG mouse,50,Amoebiasis,0.0479273133468445,5.958533653846154,18.102440675710863,ITGB2;CD14,0.1095925432240259,0,0
M12_module,KEGG mouse,51,"Parathyroid hormone synthesis, secretion and action",0.0487385917720925,5.901488095238095,17.830072289264994,MMP13;FOS,0.1095925432240259,0,0
M12_module,KEGG mouse,52,Toxoplasmosis,0.0495548891099943,5.845518867924528,17.563880621505387,IGTP;H2-AA,0.1095925432240259,0,0
M12_module,KEGG mouse,53,Lysosome,0.0632655339086048,5.074795081967213,14.008538365909256,CD68;CTSS,0.1372742716884822,0,0
M12_module,KEGG mouse,54,Relaxin signaling pathway,0.06962363089243,4.797722868217054,12.784258213722426,MMP13;FOS,0.1482725472709158,0,0
M12_module,KEGG mouse,55,Dopaminergic synapse,0.0733477193613296,4.652490601503759,12.154835789226324,FOS;ARNTL,0.1533634132100528,0,0
M12_module,KEGG mouse,56,Apelin signaling pathway,0.0761824014811429,4.549172794117647,11.712413070900812,SERPINE1;RRAS2,0.1564460030416328,0,0
M12_module,KEGG mouse,57,Systemic lupus erythematosus,0.0809833308211962,4.3867464539007095,11.026139580063532,H2-AA;C1QC,0.1624963381108107,0,0
M12_module,KEGG mouse,58,Measles,0.0819546748732784,4.355633802816901,10.896005304198663,FOS;IL2RG,0.1624963381108107,0,0
M12_module,KEGG mouse,59,Breast cancer,0.0848904117074553,4.264870689655172,10.51885202713995,FZD4;FOS,0.1654643618026672,0,0
M12_module,KEGG mouse,60,Phospholipase D signaling pathway,0.0868653218876915,4.206420068027211,10.277951583947983,FCER1G;RRAS2,0.1664918669514088,0,0
M12_module,KEGG mouse,61,Circadian rhythm,0.0944705208619502,10.559681697612731,24.915225160225248,ARNTL,0.1781001622807258,0,0
M12_module,KEGG mouse,62,Primary immunodeficiency,0.1122814103463968,8.746813186813187,19.127067203604,IL2RG,0.2079239312883102,0,0
M12_module,KEGG mouse,63,PI3K-Akt signaling pathway,0.1139061536622916,2.633844498251278,5.72171212014381,CSF1R;OSMR;IL2RG,0.2079239312883102,0,0
M12_module,KEGG mouse,64,Transcriptional misregulation in cancer,0.1223587630154058,3.41039364640884,7.164547705295901,CSF1R;CD14,0.2198634022933074,0,0
M12_module,KEGG mouse,65,Intestinal immune network for IgA production,0.1326250568596398,7.286446886446886,14.720293152785615,H2-AA,0.2346443313670551,0,0
M12_module,KEGG mouse,66,Proteoglycans in cancer,0.1446349855814853,3.0679415422885574,5.93199398266539,FZD4;RRAS2,0.2520155051798607,0,0
M12_module,KEGG mouse,67,Malaria,0.1496965090156283,6.373717948717949,12.104616534894063,ITGB2,0.2561753155216296,0,0
M12_module,KEGG mouse,68,Rap1 signaling pathway,0.1514775778736592,2.9781099033816427,5.62063943140522,CSF1R;ITGB2,0.2561753155216296,0,0
M12_module,KEGG mouse,69,cAMP signaling pathway,0.1537729728872017,2.9493122009569377,5.521932249605025,RRAS2;FOS,0.2562882881453363,0,0
M12_module,KEGG mouse,70,Herpes simplex virus 1 infection,0.1717372943704619,2.1599114064230345,3.8053088654358898,CCL5;H2-K1;H2-AA,0.2821398407514731,0,0
M12_module,KEGG mouse,71,Ras signaling pathway,0.1794408054503642,2.665449134199134,4.579001455830216,CSF1R;RRAS2,0.2906435581238294,0,0
M12_module,KEGG mouse,72,Human immunodeficiency virus 1 infection,0.1853670460495845,2.6083156779661016,4.396100593898738,H2-K1;FOS,0.2925562231584613,0,0
M12_module,KEGG mouse,73,Basal cell carcinoma,0.1882535696845751,4.931017369727047,8.23462864086336,FZD4,0.2925562231584613,0,0
M12_module,KEGG mouse,74,Mitophagy,0.1882535696845751,4.931017369727047,8.23462864086336,RRAS2,0.2925562231584613,0,0
M12_module,KEGG mouse,75,Glutathione metabolism,0.1909407938084013,4.852503052503052,8.034735147399807,GPX6,0.2927758838395487,0,0
M12_module,KEGG mouse,76,Amphetamine addiction,0.2016023561335558,4.561882893226177,7.305664108438629,FOS,0.2972342430174221,0,0
M12_module,KEGG mouse,77,Fc epsilon RI signaling pathway,0.2016023561335558,4.561882893226177,7.305664108438629,FCER1G,0.2972342430174221,0,0
M12_module,KEGG mouse,78,RIG-I-like receptor signaling pathway,0.2016023561335558,4.561882893226177,7.305664108438629,CXCL10,0.2972342430174221,0,0
M12_module,KEGG mouse,79,Human cytomegalovirus infection,0.2057164047814511,2.430953557312253,3.843961683755555,CCL5;H2-K1,0.2974931133645452,0,0
M12_module,KEGG mouse,80,p53 signaling pathway,0.2095076095779739,4.365714285714286,6.823590550467072,SERPINE1,0.2974931133645452,0,0
M12_module,KEGG mouse,81,B cell receptor signaling pathway,0.2121255243121104,4.304008667388949,6.673697207776293,FOS,0.2974931133645452,0,0
M12_module,KEGG mouse,82,Prolactin signaling pathway,0.2121255243121104,4.304008667388949,6.673697207776293,FOS,0.2974931133645452,0,0
M12_module,KEGG mouse,83,Thyroid hormone synthesis,0.2147349000863326,4.244017094017094,6.528788087046047,GPX6,0.2975242591557621,0,0
M12_module,KEGG mouse,84,Endocytosis,0.2226576416683282,2.3018492509363297,3.457653627319085,H2-K1;IL2RG,0.3048289141887827,0,0
M12_module,KEGG mouse,85,Gap junction,0.2478921009370132,3.592579185520362,5.010791867835437,HTR2B,0.3353834306794885,0,0
M12_module,KEGG mouse,86,Colorectal cancer,0.2528693061686969,3.509637488947834,4.8253391653703295,FOS,0.3375259650588268,0,0
M12_module,KEGG mouse,87,Arachidonic acid metabolism,0.255345730087982,3.4695804195804194,4.7364520772780585,GPX6,0.3375259650588268,0,0
M12_module,KEGG mouse,88,Choline metabolism in cancer,0.2796695907321195,3.113971742543171,3.9676559032118983,FOS,0.3546611653949519,0,0
M12_module,KEGG mouse,89,Circadian entrainment,0.2796695907321195,3.113971742543171,3.9676559032118983,FOS,0.3546611653949519,0,0
M12_module,KEGG mouse,90,Melanogenesis,0.2820585025763683,3.0823620823620823,3.9011631304837175,FZD4,0.3546611653949519,0,0
M12_module,KEGG mouse,91,AGE-RAGE signaling pathway in diabetic complications,0.2844396114654024,3.0513846153846154,3.83630543125727,SERPINE1,0.3546611653949519,0,0
M12_module,KEGG mouse,92,T cell receptor signaling pathway,0.2844396114654024,3.0513846153846154,3.83630543125727,FOS,0.3546611653949519,0,0
M12_module,KEGG mouse,93,NF-kappa B signaling pathway,0.2868129424498307,3.021020563594821,3.773028240866648,CD14,0.3546611653949519,0,0
M12_module,KEGG mouse,94,Cholinergic synapse,0.3124133416468328,2.722802197802198,3.167784737398363,FOS,0.3822078115892103,0,0
M12_module,KEGG mouse,95,Leukocyte transendothelial migration,0.3169697333745602,2.6747638326585697,3.073167198610254,ITGB2,0.3837002035586781,0,0
M12_module,KEGG mouse,96,Human papillomavirus infection,0.3337456568024998,1.7087988826815643,1.8751950239619717,FZD4;H2-K1,0.3981692050180195,0,0
M12_module,KEGG mouse,97,Sphingolipid signaling pathway,0.337108222849991,2.477923702313946,2.6943734701276076,FCER1G,0.3981692050180195,0,0
M12_module,KEGG mouse,98,Platelet activation,0.3393094094936166,2.457816377171216,2.656513320552243,FCER1G,0.3981692050180195,0,0
M12_module,KEGG mouse,99,Inflammatory mediator regulation of TRP channels,0.3436902093190835,2.4185592185592184,2.5830565120206814,HTR2B,0.399236101734289,0,0
M12_module,KEGG mouse,100,Autophagy,0.3502078223078284,2.3619558735837805,2.4782314719057235,RRAS2,0.4027389956540026,0,0
M12_module,KEGG mouse,101,Serotonergic synapse,0.3545174409680757,2.325660598943042,2.411704774502665,HTR2B,0.403658472389393,0,0
M12_module,KEGG mouse,102,Estrogen signaling pathway,0.3587989071439859,2.2904569115095432,2.3477027469733645,FOS,0.4045281796231213,0,0
M12_module,KEGG mouse,103,Signaling pathways regulating pluripotency of stem cells,0.3651687162750862,2.2395927601809955,2.2561563309728645,FZD4,0.407712644384805,0,0
M12_module,KEGG mouse,104,Fluid shear stress and atherosclerosis,0.3777219463588754,2.144312026002167,2.0876956391135053,FOS,0.4176733060699103,0,0
M12_module,KEGG mouse,105,Gastric cancer,0.3920586384466847,2.0428497676819823,1.912809841988032,FZD4,0.4293975563939881,0,0
M12_module,KEGG mouse,106,mTOR signaling pathway,0.4001044594805968,1.9890397184514832,1.8220192920200833,FZD4,0.4300188115912957,0,0
M12_module,KEGG mouse,107,Oxytocin signaling pathway,0.4001044594805968,1.9890397184514832,1.8220192920200833,FOS,0.4300188115912957,0,0
M12_module,KEGG mouse,108,Cushing syndrome,0.4100143915617125,1.9256085686465432,1.716801387969344,FZD4,0.4307031673466498,0,0
M12_module,KEGG mouse,109,Wnt signaling pathway,0.4119769426794042,1.9134010643444608,1.6967809032296095,FZD4,0.4307031673466498,0,0
M12_module,KEGG mouse,110,Hepatitis C,0.4119769426794042,1.9134010643444608,1.6967809032296095,CXCL10,0.4307031673466498,0,0
M12_module,KEGG mouse,111,Hepatitis B,0.4178261004589483,1.8776828110161443,1.6386349384232743,FOS,0.4328828968718834,0,0
M12_module,KEGG mouse,112,Hepatocellular carcinoma,0.4331451732041908,1.7885972850678733,1.4964877513825037,FZD4,0.4447472760578744,0,0
M12_module,KEGG mouse,113,Calcium signaling pathway,0.4661764276660525,1.6158756137479542,1.233221913564407,HTR2B,0.4744273378902305,0,0
M12_module,KEGG mouse,114,Viral carcinogenesis,0.5329426017603404,1.3296896086369772,0.8368289188134188,H2-K1,0.5376175368635012,0,0
M12_module,KEGG mouse,115,Neuroactive ligand-receptor interaction,0.6866420102863674,0.868410551984039,0.3264721854533539,HTR2B,0.6866420102863674,0,0
Severity_positive_FDR005,KEGG mouse,1,Phagosome,1.7101442482183456e-09,12.23913043478261,247.06750887727108,FCGR3;H2-EB1;H2-BL;CLEC7A;H2-Q6;H2-K1;NCF4;ITGB2;CD14;H2-AA;H2-D1;CTSS,2.240288965166033e-07,0,0
Severity_positive_FDR005,KEGG mouse,2,Staphylococcus aureus infection,9.351913400403797e-09,17.548581001182498,324.4326355151527,C4B;C1QB;FCGR3;H2-EB1;ITGB2;C3AR1;H2-AA;ICAM1;C1QC,6.125503277264486e-07,0,0
Severity_positive_FDR005,KEGG mouse,3,Viral myocarditis,8.125771481694658e-08,16.84416551430699,274.99178344335945,H2-EB1;H2-BL;H2-Q6;H2-K1;ITGB2;H2-AA;H2-D1;ICAM1,3.548253547006667e-06,0,0
Severity_positive_FDR005,KEGG mouse,4,Cell adhesion molecules (CAMs),1.341725502114531e-07,10.530448717948715,166.63528611128964,H2-EB1;H2-BL;PTPRC;CLDN13;H2-Q6;H2-K1;ITGB2;H2-AA;H2-D1;ICAM1,4.394151019425088e-06,0,0
Severity_positive_FDR005,KEGG mouse,5,Human T-cell leukemia virus 1 infection,4.7477424822425034e-07,7.9586280577659885,115.8810181818133,H2-EB1;H2-BL;H2-Q6;H2-K1;ITGB2;FOS;BUB3;IL2RG;H2-AA;H2-D1;ICAM1,1.243908530347536e-05,0,0
Severity_positive_FDR005,KEGG mouse,6,Rheumatoid arthritis,1.064121597702583e-06,14.996969696969696,206.25873649911256,H2-EB1;CCL5;ITGB2;ACP5;FOS;H2-AA;ICAM1,2.323332154983973e-05,0,0
Severity_positive_FDR005,KEGG mouse,7,Antigen processing and presentation,1.70091663710215e-06,13.90863453815261,184.7670753981726,H2-EB1;H2-BL;H2-Q6;H2-K1;H2-AA;CTSS;H2-D1,3.1831439922911665e-05,0,0
Severity_positive_FDR005,KEGG mouse,8,Tuberculosis,2.060355818742079e-06,8.892588506669341,116.42738762282062,FCGR3;H2-EB1;FCER1G;CLEC7A;ITGB2;CD14;CLEC4E;H2-AA;CTSS,3.373832653190154e-05,0,0
Severity_positive_FDR005,KEGG mouse,9,Allograft rejection,2.9413170298275143e-06,17.23879947803393,219.56460894307173,H2-EB1;H2-BL;H2-Q6;H2-K1;H2-AA;H2-D1,4.229760467605689e-05,0,0
Severity_positive_FDR005,KEGG mouse,10,Graft-versus-host disease,3.228824784431824e-06,16.940723852949557,214.18821804000865,H2-EB1;H2-BL;H2-Q6;H2-K1;H2-AA;H2-D1,4.229760467605689e-05,0,0
Severity_positive_FDR005,KEGG mouse,11,Leishmaniasis,4.231519753911172e-06,16.1051348055819,199.26801721709475,FCGR3;H2-EB1;ITGB2;NCF4;FOS;H2-AA,5.039355343294214e-05,0,0
Severity_positive_FDR005,KEGG mouse,12,Type I diabetes mellitus,5.030658517373588e-06,15.59228650137741,190.22526639342615,H2-EB1;H2-BL;H2-Q6;H2-K1;H2-AA;H2-D1,5.491802214799501e-05,0,0
Severity_positive_FDR005,KEGG mouse,13,TNF signaling pathway,6.5232281805654654e-06,11.196601941747574,133.68900797490187,CCL5;IFI47;CXCL1;FOS;CXCL2;IL18R1;ICAM1,6.573406858877507e-05,0,0
Severity_positive_FDR005,KEGG mouse,14,Pertussis,8.84788431317626e-06,14.028099173553718,163.22159385305946,C4B;C1QB;ITGB2;FOS;CD14;C1QC,8.279091750186357e-05,0,0
Severity_positive_FDR005,KEGG mouse,15,Autoimmune thyroid disease,1.028820144452706e-05,13.637052341597796,156.61490230945722,H2-EB1;H2-BL;H2-Q6;H2-K1;H2-AA;H2-D1,8.485508211436392e-05,0,0
Severity_positive_FDR005,KEGG mouse,16,Natural killer cell mediated cytotoxicity,1.0363979494884145e-05,10.385435435435436,119.19545240138292,TYROBP;FCER1G;H2-K1;ITGB2;CD48;H2-D1;ICAM1,8.485508211436392e-05,0,0
Severity_positive_FDR005,KEGG mouse,17,Cytokine-cytokine receptor interaction,1.754226033374047e-05,5.937746256895193,65.02365189876669,CSF2RB2;CSF1R;CCL5;CXCL1;CXCL13;IL2RG;IL7R;OSMR;CXCL2;IL18R1,0.0001351785943364,0,0
Severity_positive_FDR005,KEGG mouse,18,Complement and coagulation cascades,2.061288685589535e-05,11.967950010078614,129.12932284453538,C4B;C1QB;SERPINE1;ITGB2;C3AR1;C1QC,0.0001500160098956,0,0
Severity_positive_FDR005,KEGG mouse,19,Legionellosis,3.338199592784186e-05,15.326322301268172,157.97597282350986,NAIP5;ITGB2;CXCL1;CD14;CXCL2,0.0002301600771866,0,0
Severity_positive_FDR005,KEGG mouse,20,NF-kappa B signaling pathway,4.764277793829648e-05,10.215392561983473,101.66133432498744,CD14;BCL2A1D;BCL2A1A;CXCL2;BCL2A1B;ICAM1,0.0003120601954958,0,0
Severity_positive_FDR005,KEGG mouse,21,Kaposi sarcoma-associated herpesvirus infection,7.249854158156055e-05,6.35585003232062,60.583607295018155,H2-BL;H2-Q6;H2-K1;CXCL1;FOS;CXCL2;H2-D1;ICAM1,0.0004522528070087,0,0
Severity_positive_FDR005,KEGG mouse,22,Acute myeloid leukemia,7.743897469357875e-05,12.685066598360656,120.0770986258076,CSF1R;BCL2A1D;CD14;BCL2A1A;BCL2A1B,0.000457858931383,0,0
Severity_positive_FDR005,KEGG mouse,23,C-type lectin receptor signaling pathway,8.038744596801495e-05,9.246998284734136,87.1867338522288,CLEC4D;FCER1G;CLEC4N;CLEC7A;RRAS2;CLEC4E,0.000457858931383,0,0
Severity_positive_FDR005,KEGG mouse,24,Epstein-Barr virus infection,0.0001088659809976,5.978021978021978,54.551799699040416,H2-EB1;H2-BL;H2-Q6;H2-K1;OAS1A;H2-AA;H2-D1;ICAM1,0.0005942268129455,0,0
Severity_positive_FDR005,KEGG mouse,25,Osteoclast differentiation,0.0001678043027008,8.027774014361198,69.78312849068057,CSF1R;FCGR3;TYROBP;NCF4;ACP5;FOS,0.0008792945461524,0,0
Severity_positive_FDR005,KEGG mouse,26,Apoptosis,0.000283529359742,7.249954086317723,59.21903783691698,CSF2RB2;BCL2A1D;FOS;BCL2A1A;BCL2A1B;CTSS,0.0014285517740851,0,0
Severity_positive_FDR005,KEGG mouse,27,Hematopoietic cell lineage,0.000333330729446,9.110333394731995,72.94074898918522,CSF1R;H2-EB1;CD14;IL7R;H2-AA,0.0016172713169419,0,0
Severity_positive_FDR005,KEGG mouse,28,Chagas disease (American trypanosomiasis),0.0005080084343293,8.269906323185012,62.72734289732029,C1QB;CCL5;SERPINE1;FOS;C1QC,0.002345513850743,0,0
Severity_positive_FDR005,KEGG mouse,29,Asthma,0.0005192358906225,21.830278592375368,165.10572105107244,H2-EB1;FCER1G;H2-AA,0.002345513850743,0,0
Severity_positive_FDR005,KEGG mouse,30,Inflammatory bowel disease (IBD),0.0005386921494727,11.717960088691797,88.19365993362757,H2-EB1;IL2RG;H2-AA;IL18R1,0.0023522890526974,0,0
Severity_positive_FDR005,KEGG mouse,31,Cellular senescence,0.0011840213796148,5.455653538944549,36.76476912334048,H2-BL;H2-Q6;H2-K1;SERPINE1;RRAS2;H2-D1,0.0050034451848238,0,0
Severity_positive_FDR005,KEGG mouse,32,Prion diseases,0.0012958118205982,15.485431841831426,102.95671920508047,C1QB;CCL5;C1QC,0.0053047296405739,0,0
Severity_positive_FDR005,KEGG mouse,33,Primary immunodeficiency,0.0015319179221077,14.545454545454543,94.27250595995088,PTPRC;IL2RG;IL7R,0.0059292302618511,0,0
Severity_positive_FDR005,KEGG mouse,34,Salmonella infection,0.0015388841900987,8.70094484728631,56.35338928060364,CXCL1;FOS;CD14;CXCL2,0.0059292302618511,0,0
Severity_positive_FDR005,KEGG mouse,35,Systemic lupus erythematosus,0.0022034534380593,5.860952720361131,35.85572279753469,C4B;C1QB;H2-EB1;H2-AA;C1QC,0.0082472114395935,0,0
Severity_positive_FDR005,KEGG mouse,36,Th1 and Th2 cell differentiation,0.0022984976236804,7.753942599666961,47.10907498106488,H2-EB1;FOS;IL2RG;H2-AA,0.0083639774639484,0,0
Severity_positive_FDR005,KEGG mouse,37,Th17 cell differentiation,0.0040800057474258,6.562137049941928,36.10262646068061,H2-EB1;FOS;IL2RG;H2-AA,0.0144454257543996,0,0
Severity_positive_FDR005,KEGG mouse,38,Influenza A,0.0043975438816677,4.955747762244795,26.89340149169366,H2-EB1;CCL5;OAS1A;H2-AA;ICAM1,0.0151599539078546,0,0
Severity_positive_FDR005,KEGG mouse,39,Leukocyte transendothelial migration,0.0062326075129519,5.78978978978979,29.400323811517573,CLDN13;NCF4;ITGB2;ICAM1,0.0205946295402016,0,0
Severity_positive_FDR005,KEGG mouse,40,Transcriptional misregulation in cancer,0.0062884365008249,4.534674894087309,22.98646115937313,CSF1R;BCL2A1D;CD14;BCL2A1A;BCL2A1B,0.0205946295402016,0,0
Severity_positive_FDR005,KEGG mouse,41,Herpes simplex virus 1 infection,0.0064686601410574,3.076302521008403,15.50698354056857,H2-EB1;H2-BL;H2-Q6;CCL5;H2-K1;OAS1A;H2-AA;H2-D1,0.0206681580116714,0,0
Severity_positive_FDR005,KEGG mouse,42,NOD-like receptor signaling pathway,0.0100012430567168,4.031352459016394,18.564563064640325,NAIP5;CCL5;OAS1A;CXCL1;CXCL2,0.031194353343569,0,0
Severity_positive_FDR005,KEGG mouse,43,Human immunodeficiency virus 1 infection,0.0180323071652151,3.45458383170337,13.8721932815249,H2-BL;H2-Q6;H2-K1;FOS;H2-D1,0.0549356334568183,0,0
Severity_positive_FDR005,KEGG mouse,44,IL-17 signaling pathway,0.0202590156943454,5.439424486803519,21.209161170430978,CXCL1;FOS;CXCL2,0.0602308704011817,0,0
Severity_positive_FDR005,KEGG mouse,45,JAK-STAT signaling pathway,0.0206899936492608,4.006707317073171,15.538432057197715,CSF2RB2;IL2RG;IL7R;OSMR,0.0602308704011817,0,0
Severity_positive_FDR005,KEGG mouse,46,Human cytomegalovirus infection,0.0234754310531713,3.2168852459016395,12.069112934501314,H2-BL;H2-Q6;CCL5;H2-K1;H2-D1,0.0668539449557706,0,0
Severity_positive_FDR005,KEGG mouse,47,Toll-like receptor signaling pathway,0.0252238358813558,4.984122983870968,18.341402438678227,CCL5;CD14;FOS,0.0703047340522897,0,0
Severity_positive_FDR005,KEGG mouse,48,Endocytosis,0.0286812259791664,3.044119473422752,10.81122841411341,H2-BL;H2-Q6;H2-K1;IL2RG;H2-D1,0.0782758459014749,0,0
Severity_positive_FDR005,KEGG mouse,49,Intestinal immune network for IgA production,0.0304929875889461,7.7393170731707315,27.01221748456348,H2-EB1;H2-AA,0.0815220688602438,0,0
Severity_positive_FDR005,KEGG mouse,50,Chemokine signaling pathway,0.0370335181686049,3.316062176165803,10.92951504237323,CCL5;CXCL1;CXCL13;CXCL2,0.097027817601745,0,0
Severity_positive_FDR005,KEGG mouse,51,Malaria,0.0387502305620584,6.749276595744681,21.93932385787189,ITGB2;ICAM1,0.0995349059535226,0,0
Severity_positive_FDR005,KEGG mouse,52,Lysosome,0.0445507104490652,3.949346840842442,12.286920291747933,ACP5;CD68;CTSS,0.1122335205543759,0,0
Severity_positive_FDR005,KEGG mouse,53,Riboflavin metabolism,0.0496934630553014,22.52380952380953,67.61381573648762,ACP5,0.1228272388725375,0,0
Severity_positive_FDR005,KEGG mouse,54,Viral carcinogenesis,0.0583642043244473,2.8398193315266487,8.06807585886995,H2-BL;H2-Q6;H2-K1;H2-D1,0.1415872364167147,0,0
Severity_positive_FDR005,KEGG mouse,55,Measles,0.0640083039058905,3.3857240905971175,9.306483550465718,OAS1A;FOS;IL2RG,0.1524561420303938,0,0
Severity_positive_FDR005,KEGG mouse,56,Fc epsilon RI signaling pathway,0.0694913993669451,4.80169696969697,12.80397602250948,FCER1G;ALOX5AP,0.162560237804818,0,0
Severity_positive_FDR005,KEGG mouse,57,Human papillomavirus infection,0.0796833846884703,2.2532902332024936,5.700135207007851,H2-BL;FZD4;H2-Q6;H2-K1;H2-D1,0.1824024833556682,0,0
Severity_positive_FDR005,KEGG mouse,58,Hippo signaling pathway,0.0807583514093798,3.057847394540943,7.6944427435704,FZD4;SERPINE1;ITGB2,0.1824024833556682,0,0
Severity_positive_FDR005,KEGG mouse,59,Renin secretion,0.0841826527433238,4.280864864864865,10.594140545002633,CLCA2;CLCA1,0.1869140255826342,0,0
Severity_positive_FDR005,KEGG mouse,60,Salivary secretion,0.0879918905071506,4.167789473684211,10.129856586374949,LYZ2;LYZ1,0.1921156276072788,0,0
Severity_positive_FDR005,KEGG mouse,61,Primary bile acid biosynthesis,0.0969361006486535,10.506878306878306,24.519936301690542,CH25H,0.2081742489339937,0,0
Severity_positive_FDR005,KEGG mouse,62,MAPK signaling pathway,0.1176653142464481,2.196019063638912,4.699285360239288,CSF1R;RRAS2;CD14;FOS,0.24861542203685,0,0
Severity_positive_FDR005,KEGG mouse,63,Pathways in cancer,0.1256952151670465,1.8132450124201285,3.760480181367316,CSF2RB2;CSF1R;FZD4;FOS;IL2RG;IL7R,0.2613662410616365,0,0
Severity_positive_FDR005,KEGG mouse,64,AGE-RAGE signaling pathway in diabetic complications,0.1349937469121199,3.19579797979798,6.399671168359029,SERPINE1;ICAM1,0.2720643206998109,0,0
Severity_positive_FDR005,KEGG mouse,65,T cell receptor signaling pathway,0.1349937469121199,3.19579797979798,6.399671168359029,PTPRC;FOS,0.2720643206998109,0,0
Severity_positive_FDR005,KEGG mouse,66,HIF-1 signaling pathway,0.1414818248005278,3.1013333333333333,6.0649178973991384,SERPINE1;TIMP1,0.2806878146137173,0,0
Severity_positive_FDR005,KEGG mouse,67,Pancreatic secretion,0.1436593642499077,3.0710679611650487,5.958824820773415,CLCA2;CLCA1,0.2806878146137173,0,0
Severity_positive_FDR005,KEGG mouse,68,Amoebiasis,0.1458440285940325,3.0413846153846156,5.8553269636628515,ITGB2;CD14,0.2806878146137173,0,0
Severity_positive_FDR005,KEGG mouse,69,Rap1 signaling pathway,0.1478432000637136,2.3097792045098653,4.415380916433616,CSF1R;ITGB2;FYB,0.2806878146137173,0,0
Severity_positive_FDR005,KEGG mouse,70,Toxoplasmosis,0.1502340291839485,2.9836981132075473,5.655781797565178,H2-EB1;H2-AA,0.281152254615675,0,0
Severity_positive_FDR005,KEGG mouse,71,Regulation of actin cytoskeleton,0.1598960912315014,2.222527886644558,4.074407252465031,ITGB2;RRAS2;NCKAP1L,0.2950195486102349,0,0
Severity_positive_FDR005,KEGG mouse,72,Neuroactive ligand-receptor interaction,0.1806861601841254,1.8461902060881077,3.1588197642323395,P2RY6;P2RY14;C3AR1;HTR2B,0.328748430335006,0,0
Severity_positive_FDR005,KEGG mouse,73,Ras signaling pathway,0.1848455025364211,2.066234221598878,3.488288774556315,CSF1R;RRAS2;PLA1A,0.3317090524968653,0,0
Severity_positive_FDR005,KEGG mouse,74,PI3K-Akt signaling pathway,0.1921418934707083,1.7982910707294042,2.9663191575565993,CSF1R;IL2RG;IL7R;OSMR,0.3401430816846323,0,0
Severity_positive_FDR005,KEGG mouse,75,Apelin signaling pathway,0.2185453179434486,2.322,3.531209088091555,SERPINE1;RRAS2,0.3794992603298036,0,0
Severity_positive_FDR005,KEGG mouse,76,African trypanosomiasis,0.220167509809657,4.142648287385129,6.26934561220422,ICAM1,0.3794992603298036,0,0
Severity_positive_FDR005,KEGG mouse,77,"Glycine, serine and threonine metabolism",0.2251291140928715,4.036223036223036,6.018336292147058,BHMT,0.3830118694307295,0,0
Severity_positive_FDR005,KEGG mouse,78,Fluid shear stress and atherosclerosis,0.2302236265958612,2.2390921985815604,3.2885640107357985,FOS;ICAM1,0.3866576292827925,0,0
Severity_positive_FDR005,KEGG mouse,79,Breast cancer,0.2395966034829283,2.17688275862069,3.1103270131129954,FZD4;FOS,0.3927163620035681,0,0
Severity_positive_FDR005,KEGG mouse,80,Vasopressin-regulated water reabsorption,0.2398267859563774,3.747354497354497,5.350616430106396,ARHGDIB,0.3927163620035681,0,0
Severity_positive_FDR005,KEGG mouse,81,Phospholipase D signaling pathway,0.2442907125230357,2.147047619047619,3.026041009134308,FCER1G;RRAS2,0.3950874486483665,0,0
Severity_positive_FDR005,KEGG mouse,82,Proteasome,0.2542478274489546,3.4970017636684303,4.788954339486824,PSMB8,0.4061764072660129,0,0
Severity_positive_FDR005,KEGG mouse,83,Hepatitis C,0.2701562192231206,1.9964556962025315,2.6128711702205147,CLDN13;OAS1A,0.4258349688829628,0,0
Severity_positive_FDR005,KEGG mouse,84,Cysteine and methionine metabolism,0.2730544838638846,3.2108843537414966,4.167997377843627,BHMT,0.4258349688829628,0,0
Severity_positive_FDR005,KEGG mouse,85,Cytosolic DNA-sensing pathway,0.3223810748479812,2.6207671957671956,2.9667634254981174,CCL5,0.4968461271186534,0,0
Severity_positive_FDR005,KEGG mouse,86,Basal cell carcinoma,0.3309858734882592,2.5359703020993343,2.8039705856159034,FZD4,0.4983810278961145,0,0
Severity_positive_FDR005,KEGG mouse,87,Mitophagy,0.3309858734882592,2.5359703020993343,2.8039705856159034,RRAS2,0.4983810278961145,0,0
Severity_positive_FDR005,KEGG mouse,88,Glutathione metabolism,0.3352475304682357,2.495590828924162,2.727396585834142,GPX6,0.4990616646743054,0,0
Severity_positive_FDR005,KEGG mouse,89,Amphetamine addiction,0.3520264954917118,2.3461265103056146,2.4494706496911953,FOS,0.5181513585327444,0,0
Severity_positive_FDR005,KEGG mouse,90,p53 signaling pathway,0.364334343914416,2.2452380952380953,2.2669794220745736,SERPINE1,0.5189975171228671,0,0
Severity_positive_FDR005,KEGG mouse,91,B cell receptor signaling pathway,0.3683851943066601,2.213503241672256,2.210462252532142,FOS,0.5189975171228671,0,0
Severity_positive_FDR005,KEGG mouse,92,Prolactin signaling pathway,0.3683851943066601,2.213503241672256,2.210462252532142,FOS,0.5189975171228671,0,0
Severity_positive_FDR005,KEGG mouse,93,Proteoglycans in cancer,0.3701310708866821,1.5659303482587064,1.5563751828875374,FZD4;RRAS2,0.5189975171228671,0,0
Severity_positive_FDR005,KEGG mouse,94,Thyroid hormone synthesis,0.3724104321339657,2.1826499118165783,2.155931484680991,GPX6,0.5189975171228671,0,0
Severity_positive_FDR005,KEGG mouse,95,cAMP signaling pathway,0.3882289357277112,1.505377990430622,1.424328549061009,RRAS2;FOS,0.535132299620785,0,0
Severity_positive_FDR005,KEGG mouse,96,Cardiac muscle contraction,0.3921580210961478,2.04040404040404,1.910002645319829,TNNT2,0.535132299620785,0,0
Severity_positive_FDR005,KEGG mouse,97,Peroxisome,0.4150428616402652,1.8923312296806272,1.664065904478737,PXMP2,0.5558884923967204,0,0
Severity_positive_FDR005,KEGG mouse,98,Gap junction,0.4224795359492009,1.8476190476190475,1.5919349350699237,HTR2B,0.5558884923967204,0,0
Severity_positive_FDR005,KEGG mouse,99,Hypertrophic cardiomyopathy (HCM),0.4224795359492009,1.8476190476190475,1.5919349350699237,TNNT2,0.5558884923967204,0,0
Severity_positive_FDR005,KEGG mouse,100,Fc gamma R-mediated phagocytosis,0.4261626210011654,1.8260428202288668,1.5574944927708072,PTPRC,0.5558884923967204,0,0
Severity_positive_FDR005,KEGG mouse,101,Colorectal cancer,0.4298224011911316,1.8049625980660464,1.5240800512908006,FOS,0.5558884923967204,0,0
Severity_positive_FDR005,KEGG mouse,102,Arachidonic acid metabolism,0.433459022883632,1.7843614718614718,1.491651271293,GPX6,0.5558884923967204,0,0
Severity_positive_FDR005,KEGG mouse,103,Dilated cardiomyopathy (DCM),0.437072631426429,1.76422329231318,1.4601698045564893,TNNT2,0.5558884923967204,0,0
Severity_positive_FDR005,KEGG mouse,104,Choline metabolism in cancer,0.4685830621894467,1.6014739229024944,1.213984333914786,FOS,0.5832890418503296,0,0
Severity_positive_FDR005,KEGG mouse,105,Circadian entrainment,0.4685830621894467,1.6014739229024944,1.213984333914786,FOS,0.5832890418503296,0,0
Severity_positive_FDR005,KEGG mouse,106,Melanogenesis,0.4719743392071369,1.5852172518839185,1.1902297169988545,FZD4,0.5832890418503296,0,0
Severity_positive_FDR005,KEGG mouse,107,"Parathyroid hormone synthesis, secretion and action",0.4951195454123036,1.480008984725966,1.0403812546054103,FOS,0.6061743967197362,0,0
Severity_positive_FDR005,KEGG mouse,108,Cholinergic synapse,0.5141552165788452,1.400297619047619,0.9315200990097762,FOS,0.62365123492434,0,0
Severity_positive_FDR005,KEGG mouse,109,Neurotrophin signaling pathway,0.5384327337522713,1.306415343915344,0.8087922081998685,ARHGDIB,0.6363483120749968,0,0
Severity_positive_FDR005,KEGG mouse,110,Cell cycle,0.5443116115578684,1.284868592245641,0.7814999676920618,BUB3,0.6363483120749968,0,0
Severity_positive_FDR005,KEGG mouse,111,Sphingolipid signaling pathway,0.547223130934848,1.2743579816750548,0.7683086967291537,FCER1G,0.6363483120749968,0,0
Severity_positive_FDR005,KEGG mouse,112,Platelet activation,0.5501161932698174,1.2640168970814132,0.7554090620289964,FCER1G,0.6363483120749968,0,0
Severity_positive_FDR005,KEGG mouse,113,Inflammatory mediator regulation of TRP channels,0.5558474105243392,1.2438271604938271,0.7304517591108103,HTR2B,0.6363483120749968,0,0
Severity_positive_FDR005,KEGG mouse,114,Autophagy,0.5643086873501771,1.2147163775070753,0.6950046632376934,RRAS2,0.6363483120749968,0,0
Severity_positive_FDR005,KEGG mouse,115,Relaxin signaling pathway,0.5670934200868116,1.2053113553113552,0.6836902387110143,FOS,0.6363483120749968,0,0
Severity_positive_FDR005,KEGG mouse,116,FoxO signaling pathway,0.5698604933351046,1.196049921240761,0.6726150550800256,IL7R,0.6363483120749968,0,0
Severity_positive_FDR005,KEGG mouse,117,Serotonergic synapse,0.5698604933351046,1.196049921240761,0.6726150550800256,HTR2B,0.6363483120749968,0,0
Severity_positive_FDR005,KEGG mouse,118,Estrogen signaling pathway,0.5753421050096749,1.1779448621553883,0.6511566702755393,FOS,0.6363483120749968,0,0
Severity_positive_FDR005,KEGG mouse,119,Dopaminergic synapse,0.5780568636406459,1.1690950011845531,0.6407611366251603,FOS,0.6363483120749968,0,0
Severity_positive_FDR005,KEGG mouse,120,Signaling pathways regulating pluripotency of stem cells,0.5834348315231391,1.1517857142857142,0.6206080798869107,FZD4,0.6369163577460935,0,0
Severity_positive_FDR005,KEGG mouse,121,Insulin signaling pathway,0.58874478593618,1.134978145847711,0.601268848469711,PRKAR2A,0.6374013798152031,0,0
Severity_positive_FDR005,KEGG mouse,122,Adrenergic signaling in cardiomyocytes,0.6118205488848929,1.0650037792894935,0.5232536739859709,TNNT2,0.6565572624954207,0,0
Severity_positive_FDR005,KEGG mouse,123,Gastric cancer,0.6167714022488652,1.05060189623948,0.5077105341045698,FZD4,0.6565572624954207,0,0
Severity_positive_FDR005,KEGG mouse,124,mTOR signaling pathway,0.6264859374956304,1.0229276895943562,0.4783506024688431,FZD4,0.6565572624954207,0,0
Severity_positive_FDR005,KEGG mouse,125,Oxytocin signaling pathway,0.6264859374956304,1.0229276895943562,0.4783506024688431,FOS,0.6565572624954207,0,0
Severity_positive_FDR005,KEGG mouse,126,Cushing syndrome,0.6382861841376433,0.9903054048623668,0.4446159635885618,FZD4,0.6607778890479622,0,0
Severity_positive_FDR005,KEGG mouse,127,Wnt signaling pathway,0.6406014649548947,0.9840271538384746,0.4382342837832091,FZD4,0.6607778890479622,0,0
Severity_positive_FDR005,KEGG mouse,128,Hepatitis B,0.6474594539988702,0.9656574563981972,0.4197704336511979,FOS,0.6626342849519687,0,0
Severity_positive_FDR005,KEGG mouse,129,Tight junction,0.6564018690363138,0.9421973608720596,0.3966481975574648,CLDN13,0.6665786421996676,0,0
Severity_positive_FDR005,KEGG mouse,130,Hepatocellular carcinoma,0.6651191938597765,0.9198412698412698,0.3751011658455506,FZD4,0.6702354953510055,0,0
Severity_positive_FDR005,KEGG mouse,131,Calcium signaling pathway,0.7017091735982279,0.8310114826072272,0.2943743858365781,HTR2B,0.7017091735982279,0,0
