gene_set,analysis_type,rank,term,p_value,z_score,combined_score,overlapping_genes,adjusted_p_value,old_p_value,old_adjusted_p_value
M12_module,drug repositioning,1,1-NITROPYRENE CTD 00001569,4.716284131760837e-09,15.712691326530612,301.2475615562925,CXCL10;GLIPR1;CEBPD;CCL5;SERPINE1;CXCL1;FOS;CD14;CXCL13;GBP2,5.753866640748222e-06,0,0
M12_module,drug repositioning,2,Phorbol 12-myristate 13-acetate CTD 00006852,5.1798586761905296e-08,9.18282613824015,154.05020029139058,TYROBP;MMP13;ANXA3;CCL5;SERPINE1;ITGB2;S100A4;IGFBP7;LCP1;TIMP1;FOS;CD14,3.1597137924762224e-05,0,0
M12_module,drug repositioning,3,Acetovanillone CTD 00002374,3.2971063994749433e-07,41.81378730559059,624.0728836109125,CXCL10;MMP13;CCL5;SERPINE1;CXCL1,0.0001340823269119,0,0
M12_module,drug repositioning,4,mebendazole HL60 UP,1.9443196812178665e-06,9.181789786037797,120.74603025648132,ZFP36;GLIPR1;FCER1G;RGS1;TIMP1;FOS;CD14;IL2RG;GBP2,0.0005362363627634,0,0
M12_module,drug repositioning,5,"1,9-Pyrazoloanthrone CTD 00003948",2.197690011325463e-06,13.473602181959867,175.535487033074,MMP12;CXCL10;MMP13;CEBPD;SERPINE1;FOS;CD14,0.0005362363627634,0,0
M12_module,drug repositioning,6,PD 98059 CTD 00003206,2.461919130773041e-05,9.156065137919574,97.16401935340272,MMP12;MMP13;CCL5;SERPINE1;TIMP1;FOS;CD14,0.0048222584719883,0,0
M12_module,drug repositioning,7,progesterone CTD 00006624,3.2593953199486726e-05,3.565564048497628,36.837210546800755,CEBPD;ANXA3;SERPINE1;ITGB2;HTR2B;CXCL1;FOS;ARNTL;CXCL10;LGALS3;ZFP36;GLIPR1;RGS1;CCL5;MTF2;LCP1;TIMP1;GBP2,0.0048222584719883,0,0
M12_module,drug repositioning,8,3-(1-methylpyrrolidin-2-yl)pyridine CTD 00006393,3.648769532169876e-05,6.265520945220193,64.02444800852565,ZFP36;GLIPR1;MMP13;RGS1;CCL5;SERPINE1;LCP1;TIMP1;FOS,0.0048222584719883,0,0
M12_module,drug repositioning,9,AGN-PC-0JHFVD BOSS,3.9587152217172344e-05,10.675135135135136,108.21390818235623,CXCL10;CCL5;ITGB2;CXCL13;CD68;IL2RG,0.0048222584719883,0,0
M12_module,drug repositioning,10,Isoguanine BOSS,4.075931585171701e-05,10.617204301075269,107.31685511022884,CXCL10;CCL5;ITGB2;CXCL13;CD68;IL2RG,0.0048222584719883,0,0
M12_module,drug repositioning,11,CLODRONATE DISODIUM BOSS,5.053740796412734e-05,49.91228070175438,493.7720480188795,ITGB2;CXCL1;CD68,0.0048222584719883,0,0
M12_module,drug repositioning,12,valsartan CTD 00002971,5.564793451130691e-05,21.73318753417168,212.90842398364933,SERPINE1;TIMP1;CD68;CTSS,0.0048222584719883,0,0
M12_module,drug repositioning,13,curcumin CTD 00000663,5.650246749462722e-05,5.906601764526925,57.77380821741168,CSF1R;MMP13;DRAM1;SERPINE1;CXCL1;IGFBP7;TIMP1;FOS;CD14,0.0048222584719883,0,0
M12_module,drug repositioning,14,Dinoprostone CTD 00007049,6.252228239860028e-05,13.310937919914002,128.84971329542998,CXCL10;CCL5;TIMP1;FOS;IL2RG,0.0048222584719883,0,0
M12_module,drug repositioning,15,thioridazine HL60 UP,6.293798218807235e-05,21.01850872554204,203.31961682759135,LGALS3;CXCL10;CLEC7A;GBP2,0.0048222584719883,0,0
M12_module,drug repositioning,16,simvastatin CTD 00007319,6.324273405886387e-05,7.844490098727387,75.84469031345839,MMP12;MMP13;ANXA3;CCL5;SERPINE1;ITGB2;FOS,0.0048222584719883,0,0
M12_module,drug repositioning,17,beclomethasone CTD 00005468,7.090079431081497e-05,20.349206349206348,194.42097582573464,CXCL10;CCL5;TIMP1;FOS,0.004827315178096,0,0
M12_module,drug repositioning,18,dexamethasone CTD 00005779,7.122268295551606e-05,6.519495700091842,62.25922293315721,MMP12;CSF1R;LGALS3;CCL5;SERPINE1;CD14;CD68;ARNTL,0.004827315178096,0,0
M12_module,drug repositioning,19,PHENCYCLIDINE CTD 00005881,0.0001005414185141,8.960909090909091,82.48463761397657,CXCL10;RGS1;CCL5;CXCL1;FOS;CD14,0.0064558173993276,0,0
M12_module,drug repositioning,20,NICKEL SULFATE CTD 00001417,0.0001098101838914,5.393205235310498,49.168543111628665,CXCL10;LGALS3;RGS1;CCL5;MS4A7;CXCL1;TIMP1;FOS;C1QC,0.0066984212173804,0,0
M12_module,drug repositioning,21,TITANIUM DIOXIDE CTD 00000489,0.0001170543207982,11.588992974238876,104.91367522650116,CXCL10;CCL5;SERPINE1;CXCL1;FOS,0.0068002986368516,0,0
M12_module,drug repositioning,22,"1-chloro-2,4-dinitrobenzene CTD 00005848",0.0001461117257743,8.346610169491525,73.71007445101702,CXCL10;RGS1;CCL5;MS4A7;CXCL1;FOS,0.008102559338398,0,0
M12_module,drug repositioning,23,benzo[a]pyrene CTD 00005488,0.0001756058435216,2.604425075427422,22.521163175427695,CEBPD;SERPINE1;ITGB2;MS4A7;CXCL1;CXCL13;ARNTL;LGALS3;ZFP36;GLIPR1;DRAM1;RGS1;CCL5;CLCA2;IGFBP7;TIMP1;CD14;GBP2;SLC15A3;TNFRSF12A;FZD4;RRAS2;FOS;OSMR;MPEG1;CXCL10;TYROBP;MMP13,0.0091347099655917,0,0
M12_module,drug repositioning,24,benzene CTD 00005481,0.0001796992124378,5.035956227201668,43.43122536894385,CSF1R;ZFP36;MMP13;RGS1;CCL5;ITGB2;CXCL1;FOS;SLC15A3,0.0091347099655917,0,0
M12_module,drug repositioning,25,methotrexate CTD 00006299,0.0001886024798184,5.001898188093183,42.89562380895611,CSF1R;TYROBP;FCER1G;CD93;RGS1;CCL5;IGFBP7;CD68;CTSS,0.0092038010151382,0,0
M12_module,drug repositioning,26,cholecalciferol CTD 00005655,0.0003881853923969,12.796129032258063,100.50114953046904,RGS1;ITGB2;FOS;CD14,0.0175403202127297,0,0
M12_module,drug repositioning,27,NICKEL CTD 00006389,0.0004004880323751,8.798111190306486,68.82609889693734,MMP12;FZD4;SERPINE1;TIMP1;FOS,0.0175403202127297,0,0
M12_module,drug repositioning,28,nitric oxide CTD 00006402,0.0004025647261937,12.66879591184925,99.0402714426536,CXCL10;CSF1R;CCL5;ITGB2,0.0175403202127297,0,0
M12_module,drug repositioning,29,podophyllotoxin HL60 UP,0.000513490818824,6.544666666666667,49.571127423233925,ZFP36;GLIPR1;TNFRSF12A;TIMP1;IL2RG;GBP2,0.0209062786820792,0,0
M12_module,drug repositioning,30,ionomycin CTD 00007090,0.0005140888200511,11.843488649940262,89.69209569392353,TYROBP;CCL5;LCP1;FOS,0.0209062786820792,0,0
M12_module,drug repositioning,31,Demecolcine CTD 00005762,0.0005617826859516,3.9318706697459582,29.427675000380603,CXCL10;GLIPR1;DRAM1;RGS1;CCL5;MS4A7;S100A4;TIMP1;FOS;GBP2,0.0213931813572206,0,0
M12_module,drug repositioning,32,pergolide HL60 UP,0.000568678404866,6.414379084967321,47.92949438759138,ZFP36;TYROBP;FCER1G;RGS1;TIMP1;GBP2,0.0213931813572206,0,0
M12_module,drug repositioning,33,Ginsenoside Rh1 CTD 00003920,0.0005786680203182,69.18402777777777,515.751818132609,ITGB2;FOS,0.0213931813572206,0,0
M12_module,drug repositioning,34,astemizole HL60 UP,0.000638277841354,19.728174603174605,145.1349897058961,LGALS3;RGS1;GBP2,0.0228477647795707,0,0
M12_module,drug repositioning,35,cycloheximide CTD 00005731,0.0006928442679707,6.168553459119497,44.8744085767548,LGALS3;MMP13;CCL5;SERPINE1;S100A4;FOS,0.0228477647795707,0,0
M12_module,drug repositioning,36,3-NITROFLUORANTHENE CTD 00001617,0.0006929240138066,62.2625,452.9341731352203,CXCL10;CXCL1,0.0228477647795707,0,0
M12_module,drug repositioning,37,Ilomastat TTD 00008545,0.0006929240138066,62.2625,452.9341731352203,MMP12;MMP13,0.0228477647795707,0,0
M12_module,drug repositioning,38,Arsenenous acid CTD 00000922,0.0008990663911926,3.2630474691843694,22.887516401503312,CXCL10;CSF1R;ZFP36;MMP13;RRAS2;CXCL1;NCKAP1L;IGFBP7;FOS;CXCL13;GBP2;CTSS,0.0283080069162621,0,0
M12_module,drug repositioning,39,LY 294002 CTD 00003061,0.0009175006849089,7.278097769901048,50.90197671988497,MMP12;LGALS3;MMP13;ITGB2;TIMP1,0.0283080069162621,0,0
M12_module,drug repositioning,40,NSC267099 CTD 00001568,0.0009513346586612,51.880208333333336,360.9640542350765,SERPINE1;FOS,0.0283080069162621,0,0
M12_module,drug repositioning,41,CHEMBL475540 TTD 00006054,0.0009513346586612,51.880208333333336,360.9640542350765,MMP12;MMP13,0.0283080069162621,0,0
M12_module,drug repositioning,42,terfenadine HL60 UP,0.0010268754287942,16.605680868838764,114.267586608079,LGALS3;RGS1;GBP2,0.0298282862649744,0,0
M12_module,drug repositioning,43,Dimaprit CTD 00007150,0.0010953593235033,47.88701923076923,326.43014243196444,FOS;CD14,0.0310776366203278,0,0
M12_module,drug repositioning,44,"N-(undeca-2,4,7-trienylideneamino)nitrous amide CTD 00001653",0.0011295854437618,16.041162227602907,108.85379618865412,TNFRSF12A;IGFBP7;FOS,0.031291764827229,0,0
M12_module,drug repositioning,45,8-HYDROXYQUINOLINE CTD 00007045,0.0011542044403486,6.900658540002802,46.678427974246,LGALS3;DRAM1;SERPINE1;FOS;GBP2,0.031291764827229,0,0
M12_module,drug repositioning,46,troglitazone CTD 00002415,0.0013133914967642,4.1381455462004615,27.457185626633137,CXCL10;ZFP36;CCL5;SERPINE1;CXCL1;TIMP1;FOS;CD14,0.0348334266533123,0,0
M12_module,drug repositioning,47,allopurinol CTD 00005353,0.0014127246831094,41.49791666666667,272.31908283307774,CXCL10;FOS,0.036670725816884,0,0
M12_module,drug repositioning,48,histamine CTD 00006100,0.0014758981403422,14.556043956043956,94.8834060906592,CLCA1;FOS;CD14,0.0375124110670319,0,0
M12_module,drug repositioning,49,635-65-4 CTD 00005510,0.0015649081492518,8.684222075927146,56.0994506255666,CXCL10;MMP13;SERPINE1;S100A4,0.0383827641447758,0,0
M12_module,drug repositioning,50,fucose TTD 00008125,0.0015859372356271,38.90234375,250.7870606899547,FCER1G;CTSS,0.0383827641447758,0,0
M12_module,drug repositioning,51,quercetin HL60 UP,0.0016045253863799,14.120113717128644,90.86190489223836,CLEC7A;HTR2B;NCKAP1L,0.0383827641447758,0,0
M12_module,drug repositioning,52,fluoxetine CTD 00005988,0.0016713874083191,13.911764705882351,88.9532315952982,CCL5;HTR2B;FOS,0.0392133199644114,0,0
M12_module,drug repositioning,53,Sodium dodecyl sulfate CTD 00006753,0.0017399699811107,13.709454796411318,87.10833234047344,CXCL10;RGS1;CCL5,0.0392341230836584,0,0
M12_module,drug repositioning,54,profenamine PC3 UP,0.0017399699811107,13.709454796411318,87.10833234047344,MMP13;SERPINE1;CXCL1,0.0392341230836584,0,0
M12_module,drug repositioning,55,cannabidiol CTD 00005567,0.0017687514504928,36.612132352941174,232.0287069409544,SERPINE1;TIMP1,0.0392341230836584,0,0
M12_module,drug repositioning,56,luteolin HL60 UP,0.0018902128782934,8.23267429760666,51.62764241331871,ZFP36;HTR2B;RRAS2;CD14,0.0404571879213689,0,0
M12_module,drug repositioning,57,Pyrrolidine dithiocarbamate CTD 00001021,0.0018902128782934,8.23267429760666,51.62764241331871,TYROBP;LCP1;FOS;CD14,0.0404571879213689,0,0
M12_module,drug repositioning,58,Decitabine CTD 00000750,0.0019251460945131,2.7357222844344906,17.105796872544047,CSF1R;FCER1G;CEBPD;SERPINE1;RRAS2;FOS;CXCL10;LGALS3;GLIPR1;MMP13;DRAM1;S100A4;IGFBP7;CD14,0.0404944523328634,0,0
M12_module,drug repositioning,59,lycorine HL60 UP,0.0020098017921921,3.5319923489850065,21.93268060705059,LGALS3;ZFP36;TNFRSF12A;RGS1;MTF2;FOS;IL2RG;GBP2;ARNTL,0.0413137097348776,0,0
M12_module,drug repositioning,60,beta-escin PC3 UP,0.0020318217902398,12.955642530984996,80.30972783698496,ZFP36;CXCL1;FOS,0.0413137097348776,0,0
M12_module,drug repositioning,61,vanoxerine PC3 UP,0.0021092423363523,12.77992277992278,78.74255460655293,ZFP36;CXCL1;FOS,0.0421848467270474,0,0
M12_module,drug repositioning,62,"Dibenz[a,h]anthracene CTD 00001246",0.002188476098505,12.608888888888888,77.2237682101245,LGALS3;TYROBP;TIMP1,0.0427113195229786,0,0
M12_module,drug repositioning,63,arachidonic acid CTD 00007139,0.0023091286908634,7.777340676632573,47.21534097580096,MMP13;TNFRSF12A;IGFBP7;FOS,0.0427113195229786,0,0
M12_module,drug repositioning,64,Bathocuproine disulfonate CTD 00001350,0.0023524420315085,12.280148423005564,74.32315860905366,TYROBP;LCP1;FOS,0.0427113195229786,0,0
M12_module,drug repositioning,65,lasalocid HL60 DOWN,0.002374172468896,31.115625,188.03503059735857,GLIPR1;NCKAP1L,0.0427113195229786,0,0
M12_module,drug repositioning,66,calyculin A CTD 00002466,0.002374172468896,31.115625,188.03503059735857,FOS;LCP1,0.0427113195229786,0,0
M12_module,drug repositioning,67,triprolidine PC3 UP,0.002374172468896,31.115625,188.03503059735857,SERPINE1;CXCL1,0.0427113195229786,0,0
M12_module,drug repositioning,68,Tamibarotene CTD 00002527,0.0024021799863918,4.1658683370179315,25.12592924764034,TYROBP;FCER1G;CEBPD;CCL5;ITGB2;S100A4;TIMP1,0.0427113195229786,0,0
M12_module,drug repositioning,69,ellipticine PC3 UP,0.0024372030898042,12.122100122100122,72.9375147959169,ZFP36;CEBPD;FOS,0.0427113195229786,0,0
M12_module,drug repositioning,70,aspirin CTD 00005447,0.0024506494808266,4.150400783209937,24.949728379736573,FCER1G;ITGB2;S100A4;CXCL1;TIMP1;FOS;IL2RG,0.0427113195229786,0,0
M12_module,drug repositioning,71,hydroquinone CTD 00001535,0.0025143463301722,7.5906298003072195,45.43555477270135,CSF1R;CCL5;ITGB2;FOS,0.0432042608846496,0,0
M12_module,drug repositioning,72,anisomycin PC3 UP,0.0026695137483489,3.3785925487876995,20.02106285944043,ZFP36;GLIPR1;MMP13;TNFRSF12A;SERPINE1;RRAS2;CXCL1;FOS;ARNTL,0.0452334274025792,0,0
M12_module,drug repositioning,73,chitosamine CTD 00006030,0.0028893495458017,11.388984509466438,66.58824761898,MMP13;CCL5;FOS,0.0470262193940166,0,0
M12_module,drug repositioning,74,IRON CTD 00006166,0.0029618066667173,7.242668621700879,42.16649685367765,RGS1;CCL5;ITGB2;CD14,0.0470262193940166,0,0
M12_module,drug repositioning,75,FEXOFENADINE HYDROCHLORIDE CTD 00003191,0.0030637473161426,27.05298913043478,156.58585273655547,CCL5;TIMP1,0.0470262193940166,0,0
M12_module,drug repositioning,76,CHRYSENE CTD 00001482,0.0030637473161426,27.05298913043478,156.58585273655547,TIMP1;FOS,0.0470262193940166,0,0
M12_module,drug repositioning,77,clomipramine PC3 UP,0.003081643928895,7.16056542225444,41.404480738296456,MMP13;CCL5;SERPINE1;CXCL1,0.0470262193940166,0,0
M12_module,drug repositioning,78,"5,6-BENZOFLAVONE CTD 00007276",0.003081643928895,7.16056542225444,41.404480738296456,LGALS3;TNFRSF12A;SERPINE1;FOS,0.0470262193940166,0,0
M12_module,drug repositioning,79,GW-8510 PC3 UP,0.0030836865176404,11.119887955182072,64.29107197621367,SERPINE1;CXCL1;FOS,0.0470262193940166,0,0
M12_module,drug repositioning,80,GNF-Pf-4325 CTD 00005408,0.0030836865176404,11.119887955182072,64.29107197621367,CCL5;CXCL1;FOS,0.0470262193940166,0,0
M12_module,drug repositioning,81,camptothecin PC3 UP,0.0031617093496995,4.525058004640371,26.049141062416872,ZFP36;GLIPR1;S100A4;LCP1;FOS;CD14,0.0476208074893016,0,0
M12_module,drug repositioning,82,azacyclonol PC3 UP,0.0032858821043794,10.863163656267105,62.11687486710128,ZFP36;CXCL1;FOS,0.0486826638302385,0,0
M12_module,drug repositioning,83,Antimycin A CTD 00005427,0.0033120172933686,25.924479166666668,148.03390444922684,CCL5;CD14,0.0486826638302385,0,0
M12_module,drug repositioning,84,bezafibrate CTD 00005506,0.0034960366829955,10.617977528089888,60.05661163297088,CCL5;SERPINE1;FOS,0.0507757708720782,0,0
M12_module,drug repositioning,85,ciglitazone CTD 00001835,0.0035941922254033,6.849809226500174,38.55371289126692,LGALS3;CEBPD;SERPINE1;OSMR,0.0515872295881415,0,0
M12_module,drug repositioning,86,Chinomethionate CTD 00000210,0.0038358070126423,23.927884615384617,133.11980542706667,CEBPD;FOS,0.0544149366909732,0,0
M12_module,drug repositioning,87,Dinoprostone BOSS,0.0040146641079497,6.633736559139785,36.603642162673694,CXCL10;MMP13;CCL5;CXCL1,0.055117256386523,0,0
M12_module,drug repositioning,88,hydrocortisone CTD 00006117,0.0040568762907209,10.05065856129686,55.35241390188424,ZFP36;CD14;ARNTL,0.055117256386523,0,0
M12_module,drug repositioning,89,mefloquine HL60 UP,0.0041112051894865,23.04050925925926,126.58545783281876,LGALS3;CXCL10,0.055117256386523,0,0
M12_module,drug repositioning,90,monensin HL60 UP,0.0041112051894865,23.04050925925926,126.58545783281876,LGALS3;RGS1,0.055117256386523,0,0
M12_module,drug repositioning,91,withaferin A PC3 DOWN,0.0041112051894865,23.04050925925926,126.58545783281876,FZD4;CXCL1,0.055117256386523,0,0
M12_module,drug repositioning,92,calcitriol CTD 00005558,0.0041765298878128,2.4914925609370053,13.649080282134475,CSF1R;TNFRSF12A;CEBPD;ANXA3;CXCL1;FOS;IL2RG;MMP12;LGALS3;ZFP36;TYROBP;CD14;CD68;GBP2,0.0553844180775179,0,0
M12_module,drug repositioning,93,gsno CTD 00007396,0.0046887064481426,21.44935344827586,115.02427159714598,CXCL10;CCL5,0.0602835786477955,0,0
M12_module,drug repositioning,94,"2,4-Diisocyanato-1-methylbenzene CTD 00006908",0.0046887064481426,21.44935344827586,115.02427159714598,CCL5;TIMP1,0.0602835786477955,0,0
M12_module,drug repositioning,95,Capsaicin CTD 00005570,0.0047874967001948,6.302139891408496,33.664440726323704,SERPINE1;S100A4;TIMP1;FOS,0.0602835786477955,0,0
M12_module,drug repositioning,96,dimethyl sulfoxide CTD 00005842,0.0048698930511326,6.270777053869379,33.38990187483284,CSF1R;ZFP36;CCL5;ITGB2,0.0602835786477955,0,0
M12_module,drug repositioning,97,mifepristone CTD 00007083,0.0049015932140177,4.884398824057003,25.976185311282983,FZD4;SERPINE1;HTR2B;CXCL1;CXCL13,0.0602835786477955,0,0
M12_module,drug repositioning,98,Sodium dichromate CTD 00000827,0.004953239223371,6.239721695129664,33.118655251324775,CSF1R;CD93;CCL5;CD14,0.0602835786477955,0,0
M12_module,drug repositioning,99,bepridil MCF7 UP,0.0049906897077273,20.733333333333334,109.89042273368166,ZFP36;FOS,0.0602835786477955,0,0
M12_module,drug repositioning,100,Cobalt sulfate CTD 00001238,0.0049906897077273,20.733333333333334,109.89042273368166,CXCL1;FOS,0.0602835786477955,0,0
M12_module,drug repositioning,101,minocycline CTD 00006338,0.0049906897077273,20.733333333333334,109.89042273368166,MMP13;CCL5,0.0602835786477955,0,0
M12_module,drug repositioning,102,3-Aminofluoranthene CTD 00002071,0.0053014153182641,20.063508064516128,105.1283974363864,CXCL10;CCL5,0.0627934629930322,0,0
M12_module,drug repositioning,103,EGTA CTD 00005889,0.0053014153182641,20.063508064516128,105.1283974363864,CXCL10;CCL5,0.0627934629930322,0,0
M12_module,drug repositioning,104,quercetin CTD 00006679,0.0053843298940981,2.1629398168545344,11.299765192111051,FCER1G;TNFRSF12A;CD93;CEBPD;ANXA3;SERPINE1;ITGB2;FOS;ARNTL;MMP12;CXCL10;LGALS3;ZFP36;GLIPR1;MMP13;DRAM1;RGS1;CCL5;TIMP1,0.063162331449998,0,0
M12_module,drug repositioning,105,strophanthidin HL60 UP,0.0055445610105243,4.73789835098409,24.613087377461984,ZFP36;MTF2;NCKAP1L;FOS;CTSS,0.0644225184079971,0,0
M12_module,drug repositioning,106,chloropyramine PC3 UP,0.0056208240869096,19.435546875,100.70095183375612,SERPINE1;CXCL1,0.0646925036417899,0,0
M12_module,drug repositioning,107,Pirinixic acid CTD 00000280,0.00583941623216,2.666139468008627,13.712287078053016,LGALS3;GLIPR1;CEBPD;SERPINE1;ITGB2;LY86;RRAS2;S100A4;CSN3;FOS;CD68,0.06658025984332,0,0
M12_module,drug repositioning,108,Pioglitazone CTD 00002515,0.005906952384713,8.741622574955908,44.85873114484389,ZFP36;CCL5;SERPINE1,0.0665835382560971,0,0
M12_module,drug repositioning,109,Fenbuconazole CTD 00004512,0.0059488571064873,18.845643939393938,96.57556075420716,MMP12;FCER1G,0.0665835382560971,0,0
M12_module,drug repositioning,110,Dasatinib CTD 00004330,0.0061820678288236,3.918951612903226,19.932189452118564,CXCL10;CSF1R;CCL5;HTR2B;CXCL1;IGFBP7,0.0672654036497532,0,0
M12_module,drug repositioning,111,menadione PC3 UP,0.0062060282155404,8.581818181818182,43.61480957409126,ZFP36;CEBPD;FOS,0.0672654036497532,0,0
M12_module,drug repositioning,112,camptothecin MCF7 UP,0.0062225641921187,5.834862385321101,29.638610642777145,CEBPD;S100A4;FOS;CD14,0.0672654036497532,0,0
M12_module,drug repositioning,113,trolox CTD 00000557,0.0062854557508785,18.290441176470587,92.72370111910996,MMP13;FOS,0.0672654036497532,0,0
M12_module,drug repositioning,114,ciprofloxacin CTD 00005674,0.0062854557508785,18.290441176470587,92.72370111910996,MMP13;CEBPD,0.0672654036497532,0,0
M12_module,drug repositioning,115,"[6-[6-(butanoylamino)purin-9-yl]-2-hydroxy-2-oxo-4a,6,7,7a-tetrahydro-4H-furo[3,2-d][1,3,2]dioxaphosphinin-7-yl] butanoate CTD 00005796",0.0064199480079376,5.781231671554252,29.185653504694976,CSF1R;LGALS3;FOS;GBP2,0.068107274518991,0,0
M12_module,drug repositioning,116,emetine HL60 UP,0.0066458928176165,3.131411701996802,15.70013495003606,CSF1R;ZFP36;GLIPR1;MTF2;FOS;IL2RG;GBP2;SLC15A3,0.0698964589438977,0,0
M12_module,drug repositioning,117,celastrol MCF7 UP,0.0069315378419815,5.651326164874552,28.096548983490532,ZFP36;SERPINE1;FOS;ARNTL,0.0710051877790206,0,0
M12_module,drug repositioning,118,Beryllium sulfate CTD 00001005,0.0069841168307233,17.272569444444443,85.74305098803407,CCL5;CXCL1,0.0710051877790206,0,0
M12_module,drug repositioning,119,clenbuterol HL60 UP,0.0069841168307233,17.272569444444443,85.74305098803407,RGS1;TIMP1,0.0710051877790206,0,0
M12_module,drug repositioning,120,usnic acid CTD 00002807,0.0069841168307233,17.272569444444443,85.74305098803407,CXCL10;SERPINE1,0.0710051877790206,0,0
M12_module,drug repositioning,121,pentoxifylline CTD 00006487,0.007346063427891,16.80489864864865,82.57239366869861,ITGB2;FOS,0.0734606342789101,0,0
M12_module,drug repositioning,122,C2-ceramide CTD 00002618,0.007346063427891,16.80489864864865,82.57239366869861,LGALS3;SERPINE1,0.0734606342789101,0,0
M12_module,drug repositioning,123,testosterone CTD 00006844,0.0074325186984684,2.699070331447049,13.230547182339048,MMP12;ZFP36;TNFRSF12A;CEBPD;ANXA3;FOS;CD14;CD68;IL2RG;GBP2,0.0737209171718009,0,0
M12_module,drug repositioning,124,LY-294002 PC3 DOWN,0.0080949012269259,15.94150641025641,76.7825987015039,SERPINE1;CXCL1,0.0796433830391104,0,0
M12_module,drug repositioning,125,naphthalene CTD 00001527,0.0084816782628139,15.5421875,74.13385549413645,TIMP1;FOS,0.08212418635423,0,0
M12_module,drug repositioning,126,Acteoside CTD 00002463,0.0084816782628139,15.5421875,74.13385549413645,CXCL10;ITGB2,0.08212418635423,0,0
M12_module,drug repositioning,127,Gadodiamide hydrate CTD 00002623,0.008876618402253,15.16234756097561,71.63200327629296,CXCL10;TIMP1,0.0846052691464744,0,0
M12_module,drug repositioning,128,GADOLINIUM BOSS,0.008876618402253,15.16234756097561,71.63200327629296,ITGB2;CD68,0.0846052691464744,0,0
M12_module,drug repositioning,129,DEOXYNIVALENOL CTD 00000341,0.0091144275366837,7.426696662917135,34.889853576453575,CXCL1;FOS;CD14,0.0861984619748383,0,0
M12_module,drug repositioning,130,Medroxyprogesterone acetate CTD 00006623,0.0091888694235837,4.173070355191257,19.57070833016952,LGALS3;ZFP36;SERPINE1;GBP2;C1QC,0.0862340053597862,0,0
M12_module,drug repositioning,131,colchicine HL60 UP,0.0095006439325143,7.310815799187893,34.042051253044534,GLIPR1;TIMP1;GBP2,0.0882293319625534,0,0
M12_module,drug repositioning,132,139890-68-9 CTD 00002746,0.0096907626909689,14.455668604651162,67.02489497669835,ITGB2;FOS,0.0882293319625534,0,0
M12_module,drug repositioning,133,22-Hydroxycholesterol CTD 00000121,0.0096907626909689,14.455668604651162,67.02489497669835,CXCL1;FOS,0.0882293319625534,0,0
M12_module,drug repositioning,134,flurbiprofen CTD 00005993,0.0096907626909689,14.455668604651162,67.02489497669835,TIMP1;FOS,0.0882293319625534,0,0
M12_module,drug repositioning,135,TPEN CTD 00001994,0.0097635872021172,5.100401606425703,23.610245639364734,ZFP36;CEBPD;S100A4;CD14,0.0882338991598742,0,0
M12_module,drug repositioning,136,9001-31-4 BOSS,0.0100977086661533,7.1435786435786435,32.827935229641916,MMP13;ITGB2;CXCL1,0.0898951130356806,0,0
M12_module,drug repositioning,137,Inosinic acid BOSS,0.0101098548652501,14.126420454545457,64.90023091346157,CXCL10;CCL5,0.0898951130356806,0,0
M12_module,drug repositioning,138,dihydroergotamine HL60 UP,0.0103014833411077,7.089509488005729,32.43781940551811,TYROBP;TIMP1;GBP2,0.0898951130356806,0,0
M12_module,drug repositioning,139,methylergometrine HL60 UP,0.0103014833411077,7.089509488005729,32.43781940551811,GLIPR1;TYROBP;TIMP1,0.0898951130356806,0,0
M12_module,drug repositioning,140,T-2 TOXIN CTD 00006824,0.0105368862000838,13.811805555555557,62.88339944662853,MMP13;TIMP1,0.0898951130356806,0,0
M12_module,drug repositioning,141,p-benzoquinone CTD 00000148,0.0105368862000838,13.811805555555557,62.88339944662853,CSF1R;CCL5,0.0898951130356806,0,0
M12_module,drug repositioning,142,loxapine PC3 UP,0.0105368862000838,13.811805555555557,62.88339944662853,SERPINE1;CXCL1,0.0898951130356806,0,0
M12_module,drug repositioning,143,2-Mercaptobenzothiazole CTD 00000240,0.0105368862000838,13.811805555555557,62.88339944662853,RGS1;CXCL1,0.0898951130356806,0,0
M12_module,drug repositioning,144,pizotifen PC3 UP,0.0109718013839528,13.51086956521739,60.9668100275446,MMP13;CXCL1,0.0929555395029338,0,0
M12_module,drug repositioning,145,lactacystin CTD 00002698,0.0114145453782217,13.222739361702128,59.1435522463245,CEBPD;SERPINE1,0.0958080427886717,0,0
M12_module,drug repositioning,146,lanatoside C PC3 UP,0.0114655526615951,3.9425018170071873,17.61670728833497,ZFP36;GLIPR1;MTF2;FOS;ARNTL,0.0958080427886717,0,0
M12_module,drug repositioning,147,doxorubicin CTD 00005874,0.01160630102871,3.064466090289025,13.6558956602351,LGALS3;DRAM1;RGS1;SERPINE1;IGFBP7;FOS;CTSS,0.0963244030954163,0,0
M12_module,drug repositioning,148,methacholine BOSS,0.0118650634107129,12.946614583333334,57.4073222604629,ITGB2;CXCL1,0.0978066037910121,0,0
M12_module,drug repositioning,149,"1-(5-deoxypentofuranosyl)-5-fluoropyrimidine-2,4(1h,3h)-dione CTD 00001171",0.0123233009764115,12.681760204081632,55.75235849108612,RRAS2;OSMR,0.0995657429882256,0,0
M12_module,drug repositioning,150,VERAPAMIL CTD 00006985,0.0123233009764115,12.681760204081632,55.75235849108612,TIMP1;FOS,0.0995657429882256,0,0
M12_module,drug repositioning,151,ZINC SULFIDE CTD 00001487,0.0123233009764115,12.681760204081632,55.75235849108612,SERPINE1;CD14,0.0995657429882256,0,0
M12_module,drug repositioning,152,fulvestrant PC3 DOWN,0.0124712435373636,6.590409590409591,28.894529174220445,GLIPR1;TNFRSF12A;CXCL1,0.1000981389183134,0,0
M12_module,drug repositioning,153,etoposide HL60 UP,0.0127015221253264,6.544312169312169,28.5726857750538,CCL5;CD14;GBP2,0.1012801110646947,0,0
M12_module,drug repositioning,154,suloctidil PC3 UP,0.0127892038354819,12.4275,54.17338527013628,ZFP36;CXCL1,0.1013170693460261,0,0
M12_module,drug repositioning,155,Zoledronic acid CTD 00003127,0.0130998840233468,3.808352849336456,16.509788098264643,GLIPR1;TNFRSF12A;CXCL1;IL2RG;ARNTL,0.1031087645708589,0,0
M12_module,drug repositioning,156,p-Phenylenediamine CTD 00001400,0.0137437897897283,11.948317307692308,51.22444610721821,RGS1;CXCL1,0.1074834842530039,0,0
M12_module,drug repositioning,157,Vitinoin CTD 00007069,0.0141549727247918,2.940930120376258,12.521566668270356,CXCL10;CSF1R;MMP13;CCL5;ITGB2;S100A4;CXCL1,0.1098954821591618,0,0
M12_module,drug repositioning,158,nicotinic acid CTD 00006387,0.0142323657222521,11.722287735849056,49.84594131852239,CEBPD;SERPINE1,0.1098954821591618,0,0
M12_module,drug repositioning,159,chenodeoxycholic acid CTD 00005623,0.0147283926208621,11.50462962962963,48.52627671548826,CCL5;FOS,0.1130103081600741,0,0
M12_module,drug repositioning,160,Vanadic sulfate CTD 00001628,0.0151388462105505,6.116264687693259,25.630153606912113,CCL5;CXCL1;FOS,0.1133098622988215,0,0
M12_module,drug repositioning,161,N-NITROSODIETHYLAMINE CTD 00005817,0.0151388462105505,6.116264687693259,25.630153606912113,TNFRSF12A;S100A4;TIMP1,0.1133098622988215,0,0
M12_module,drug repositioning,162,Paricalcitol CTD 00003033,0.0152318175549235,11.294886363636364,47.261969859575466,SERPINE1;CD14,0.1133098622988215,0,0
M12_module,drug repositioning,163,FERROUS SULFATE CTD 00001009,0.0152318175549235,11.294886363636364,47.261969859575466,CXCL10;CXCL13,0.1133098622988215,0,0
M12_module,drug repositioning,164,acacetin HL60 UP,0.0152318175549235,11.294886363636364,47.261969859575466,HTR2B;RRAS2,0.1133098622988215,0,0
M12_module,drug repositioning,165,eugenol CTD 00005949,0.0161827152840415,5.960216998191682,24.578811781829263,RGS1;MS4A7;CXCL1,0.1187903853261742,0,0
M12_module,drug repositioning,166,ellipticine HL60 DOWN,0.0161827152840415,5.960216998191682,24.578811781829263,CLEC7A;RGS1;CD14,0.1187903853261742,0,0
M12_module,drug repositioning,167,sulfasalazine CTD 00006719,0.0162606511061238,10.897478070175438,44.88678989445044,ITGB2;CXCL1,0.1187903853261742,0,0
M12_module,drug repositioning,168,Tetradioxin CTD 00006848,0.016662359141416,1.8776390886733791,7.688186733913983,TNFRSF12A;CEBPD;SERPINE1;FOS;OSMR;CXCL13;CTSS;MMP12;CXCL10;LGALS3;ZFP36;GLIPR1;MMP13;DRAM1;CCL5;S100A4;IGFBP7;LCP1;GBP2;C1QC,0.120463913461416,0,0
M12_module,drug repositioning,169,scriptaid CTD 00003819,0.0167859551544596,10.70905172413793,43.7701726929984,MMP13;SERPINE1,0.120463913461416,0,0
M12_module,drug repositioning,170,mometasone PC3 UP,0.0167859551544596,10.70905172413793,43.7701726929984,ZFP36;CEBPD,0.120463913461416,0,0
M12_module,drug repositioning,171,cinnamaldehyde CTD 00000671,0.0172662338599615,5.811875367430923,23.590416557310416,CCL5;SERPINE1;FOS,0.1221300964306604,0,0
M12_module,drug repositioning,172,Nickelous acetate CTD 00003684,0.0173184481004133,10.527012711864408,42.697384404883266,CEBPD;CD68,0.1221300964306604,0,0
M12_module,drug repositioning,173,fluticasone HL60 UP,0.0173184481004133,10.527012711864408,42.697384404883266,CEBPD;SERPINE1,0.1221300964306604,0,0
M12_module,drug repositioning,174,helveticoside HL60 UP,0.017470373883502,4.26566742695775,17.26421717704999,DRAM1;MTF2;FOS;GBP2,0.1224934260797268,0,0
M12_module,drug repositioning,175,strophanthidin PC3 UP,0.0177112738069064,3.5170072939987,14.18603850081696,ZFP36;GLIPR1;MTF2;FOS;ARNTL,0.1234728802538623,0,0
M12_module,drug repositioning,176,diphenylpyraline BOSS,0.0181049733577927,5.705339105339105,22.887359249003744,CCL5;ITGB2;CXCL1,0.1255003835028817,0,0
M12_module,drug repositioning,177,bisindolylmaleimide i CTD 00002749,0.018404794347285,10.180840163934429,40.67392337099801,ITGB2;FOS,0.1261452196836393,0,0
M12_module,drug repositioning,178,chlorprothixene MCF7 UP,0.018404794347285,10.180840163934429,40.67392337099801,ZFP36;FOS,0.1261452196836393,0,0
M12_module,drug repositioning,179,bicalutamide CTD 00002279,0.0186765881696413,5.636441402908469,22.435767690321743,MMP13;SERPINE1;FOS,0.1271356410552705,0,0
M12_module,drug repositioning,180,mitomycin C CTD 00007136,0.0188388411554647,4.165959252971137,16.546500776198894,LGALS3;SERPINE1;S100A4;FOS,0.1271356410552705,0,0
M12_module,drug repositioning,181,arecoline CTD 00005439,0.0189585451179352,10.016129032258064,39.71896487965259,CCL5;TIMP1,0.1271356410552705,0,0
M12_module,drug repositioning,182,5109870 MCF7 UP,0.0189661366164419,5.602607709750567,22.214900800961953,SERPINE1;FOS;OSMR,0.1271356410552705,0,0
M12_module,drug repositioning,183,astemizole MCF7 UP,0.0195527220827221,5.5361344537815125,21.782700303894657,ZFP36;CCL5;FOS,0.1303514805514808,0,0
M12_module,drug repositioning,184,N-Acetyl-L-cysteine CTD 00005305,0.020272361627346,4.070739549839228,15.869765177079456,CCL5;CXCL1;FOS;CD14,0.1344145716595769,0,0
M12_module,drug repositioning,185,vincristine CTD 00006988,0.020584024632502,2.388605007664793,9.275526527452216,CXCL10;GLIPR1;DRAM1;RGS1;CCL5;SERPINE1;S100A4;TIMP1;GBP2,0.1346923964357136,0,0
M12_module,drug repositioning,186,Chromium(II) chloride CTD 00000877,0.0206614981041463,9.552403846153846,37.058391249676575,CCL5;IGFBP7,0.1346923964357136,0,0
M12_module,drug repositioning,187,UNII-9XX54M675G CTD 00004634,0.0206614981041463,9.552403846153846,37.058391249676575,GLIPR1;SERPINE1,0.1346923964357136,0,0
M12_module,drug repositioning,188,ciclopirox HL60 UP,0.0207558774835362,5.407772304324029,20.95471653176142,ZFP36;RGS1;FOS,0.1346923964357136,0,0
M12_module,drug repositioning,189,niclosamide HL60 UP,0.0210629182581248,5.376598639455782,20.754967654400986,LGALS3;ZFP36;HTR2B,0.1359616945762557,0,0
M12_module,drug repositioning,190,4-nonylphenol CTD 00001904,0.0218310473790006,9.266324626865671,35.438336973132955,CSF1R;FOS,0.1401783042230565,0,0
M12_module,drug repositioning,191,helveticoside PC3 UP,0.0222123036581559,3.954435483870968,15.054966623153748,ZFP36;GLIPR1;FOS;ARNTL,0.1410291481912746,0,0
M12_module,drug repositioning,192,(-)-isoprenaline HL60 UP,0.0223161077883621,5.255387071029529,19.983328378906517,CEBPD;TIMP1;GBP2,0.1410291481912746,0,0
M12_module,drug repositioning,193,calmidazolium MCF7 UP,0.0223161077883621,5.255387071029529,19.983328378906517,ZFP36;CEBPD;FOS,0.1410291481912746,0,0
M12_module,drug repositioning,194,mephentermine HL60 UP,0.0224259465156617,9.129595588235292,34.66997397264529,RGS1;GBP2,0.1410291481912746,0,0
M12_module,drug repositioning,195,PHOSPHINE CTD 00006547,0.0230275293733088,8.996829710144928,33.92762827711182,SERPINE1;CD14,0.1440696709509581,0,0
M12_module,drug repositioning,196,17-Hydroxyandrostan-3-one CTD 00006776,0.0239389268191924,5.11128364389234,19.076585352984004,SERPINE1;CXCL1;FOS,0.1490076057113001,0,0
M12_module,drug repositioning,197,ns-398 CTD 00002958,0.0248718898609494,8.620659722222221,31.84486386225891,CXCL10;TIMP1,0.1524809328158712,0,0
M12_module,drug repositioning,198,perhexiline HL60 UP,0.0248718898609494,8.620659722222221,31.84486386225891,LGALS3;RGS1,0.1524809328158712,0,0
M12_module,drug repositioning,199,Benzo[k]fluoranthene CTD 00001069,0.0248718898609494,8.620659722222221,31.84486386225891,TIMP1;FOS,0.1524809328158712,0,0
M12_module,drug repositioning,200,trimethoprim BOSS,0.0252822468920686,5.001519756838905,18.39385330518902,CCL5;ITGB2;CXCL1,0.1542217060416186,0,0
M12_module,drug repositioning,201,raloxifene CTD 00007367,0.025420145035431,2.831470588235294,10.39776397440329,MMP12;ZFP36;DRAM1;CCL5;SERPINE1;TIMP1,0.1542914275782383,0,0
M12_module,drug repositioning,202,cerivastatin BOSS,0.0259689211267704,4.948370927318296,18.065783738468166,MMP13;CCL5;ITGB2,0.1567604667816226,0,0
M12_module,drug repositioning,203,lycorine PC3 UP,0.0260839137349749,3.1664113678584234,11.54611794352581,ZFP36;TNFRSF12A;CEBPD;RRAS2;ARNTL,0.1567604667816226,0,0
M12_module,drug repositioning,204,thioridazine PC3 UP,0.0270176860037823,4.870713052060203,17.58942870343073,ZFP36;MMP13;FOS,0.1615763574736002,0,0
M12_module,drug repositioning,205,formaldehyde CTD 00006001,0.027454209862235,1.8312903744174835,6.583920637462616,CEBPD;SERPINE1;ITGB2;LY86;CXCL1;FOS;CXCL10;GLIPR1;DRAM1;CLEC7A;RGS1;CCL5;MTF2;CLCA2;S100A4;TIMP1;GBP2,0.163386029424033,0,0
M12_module,drug repositioning,206,clonidine HL60 UP,0.0280749577018175,8.058847402597403,28.793272827800436,RGS1;TIMP1,0.1654659342812432,0,0
M12_module,drug repositioning,207,morphine CTD 00006352,0.0280749577018175,8.058847402597403,28.793272827800436,CCL5;FOS,0.1654659342812432,0,0
M12_module,drug repositioning,208,dinoprost HL60 UP,0.0287345107971239,7.955128205128205,28.237971840040128,TIMP1;FOS,0.1685389575600538,0,0
M12_module,drug repositioning,209,dexamethasone BOSS,0.0291826356010031,4.722421631969371,16.689894778692057,CCL5;CXCL1;ARNTL,0.1700644690526107,0,0
M12_module,drug repositioning,210,oxygen CTD 00006454,0.0292876317382739,3.0662686755740864,10.825737452931998,MMP13;CEBPD;FZD4;SERPINE1;FOS,0.1700644690526107,0,0
M12_module,drug repositioning,211,parthenolide PC3 UP,0.0295521864255356,4.698571428571428,16.54647761799131,ZFP36;FOS;ARNTL,0.1700644690526107,0,0
M12_module,drug repositioning,212,Vitamin D3 BOSS,0.0295521864255356,4.698571428571428,16.54647761799131,CXCL10;MMP13;CCL5,0.1700644690526107,0,0
M12_module,drug repositioning,213,Retinoic acid CTD 00006918,0.0301107757221212,1.7288804972071434,6.056047385631456,CSF1R;FCER1G;TNFRSF12A;CEBPD;ANXA3;FZD4;ITGB2;CXCL1;FOS;OSMR;ARNTL;LGALS3;TYROBP;DRAM1;CLEC7A;CCL5;S100A4;IGFBP7;TIMP1;CD14;GBP2,0.1724654759670794,0,0
M12_module,drug repositioning,214,anisomycin MCF7 UP,0.030846968614884,2.6997191011235957,9.391558180310945,CXCL10;ZFP36;TNFRSF12A;CEBPD;FOS;ARNTL,0.1758565500474696,0,0
M12_module,drug repositioning,215,"Dibenzo[def,p]chrysene CTD 00001899",0.0314342859643826,7.565548780487805,26.175709886742844,LGALS3;TYROBP,0.1767273220117367,0,0
M12_module,drug repositioning,216,fenoterol HL60 UP,0.0314342859643826,7.565548780487805,26.175709886742844,RGS1;TIMP1,0.1767273220117367,0,0
M12_module,drug repositioning,217,SILVER CTD 00006742,0.0314342859643826,7.565548780487805,26.175709886742844,SERPINE1;FOS,0.1767273220117367,0,0
M12_module,drug repositioning,218,Alitretinoin CTD 00003402,0.0329899647908909,4.49419002050581,15.332162328181656,SERPINE1;ITGB2;CXCL1,0.1815538940705413,0,0
M12_module,drug repositioning,219,LUCANTHONE CTD 00006227,0.0333843307708566,4.472562358276644,15.20522993476006,CXCL10;ANXA3;CLCA2,0.1815538940705413,0,0
M12_module,drug repositioning,220,felodipine MCF7 UP,0.0335224615624403,7.297426470588236,24.778700343191936,ZFP36;FOS,0.1815538940705413,0,0
M12_module,drug repositioning,221,CADMIUM CTD 00005555,0.0336697977574469,2.2866873441586084,7.754509053799923,ZFP36;MMP13;TNFRSF12A;ANXA3;SERPINE1;FOS;CD14;OSMR,0.1815538940705413,0,0
M12_module,drug repositioning,222,piperlongumine MCF7 UP,0.0345822428583417,4.408897831433043,14.833361736726111,ZFP36;FOS;ARNTL,0.1815538940705413,0,0
M12_module,drug repositioning,223,Periodate-oxidized adenosine CTD 00001296,0.0345822428583417,4.408897831433043,14.833361736726111,SERPINE1;IGFBP7;TIMP1,0.1815538940705413,0,0
M12_module,drug repositioning,224,nocodazole HL60 UP,0.0347404149975355,3.4207535623743333,11.493224235431272,RGS1;TIMP1;FOS;GBP2,0.1815538940705413,0,0
M12_module,drug repositioning,225,Heparitin BOSS,0.0356635618341995,7.0475852272727275,23.494011859266895,CCL5;CXCL1,0.1815538940705413,0,0
M12_module,drug repositioning,226,fenofibrate CTD 00006620,0.0356635618341995,7.0475852272727275,23.494011859266895,CCL5;SERPINE1,0.1815538940705413,0,0
M12_module,drug repositioning,227,GLYOXAL CTD 00006046,0.0357155201450245,30.65230769230769,102.13869848967184,CTSS,0.1815538940705413,0,0
M12_module,drug repositioning,228,"3,7,11-trimethyldodeca-2,6,10-trien-1-yl trihydrogen diphosphate CTD 00000172",0.0357155201450245,30.65230769230769,102.13869848967184,FOS,0.1815538940705413,0,0
M12_module,drug repositioning,229,6401-97-4 CTD 00000925,0.0357155201450245,30.65230769230769,102.13869848967184,FOS,0.1815538940705413,0,0
M12_module,drug repositioning,230,Lead dinitrate CTD 00000898,0.0357155201450245,30.65230769230769,102.13869848967184,FOS,0.1815538940705413,0,0
M12_module,drug repositioning,231,trazodone CTD 00006916,0.0357155201450245,30.65230769230769,102.13869848967184,HTR2B,0.1815538940705413,0,0
M12_module,drug repositioning,232,acetazolamide CTD 00005298,0.0357155201450245,30.65230769230769,102.13869848967184,MMP12,0.1815538940705413,0,0
M12_module,drug repositioning,233,proscillaridin CTD 00006639,0.0357155201450245,30.65230769230769,102.13869848967184,CCL5,0.1815538940705413,0,0
M12_module,drug repositioning,234,BENZOYL PEROXIDE CTD 00005495,0.0357155201450245,30.65230769230769,102.13869848967184,FOS,0.1815538940705413,0,0
M12_module,drug repositioning,235,PIMARIC ACID CTD 00000440,0.0357155201450245,30.65230769230769,102.13869848967184,FOS,0.1815538940705413,0,0
M12_module,drug repositioning,236,chlorpropamide CTD 00005649,0.0357155201450245,30.65230769230769,102.13869848967184,FOS,0.1815538940705413,0,0
M12_module,drug repositioning,237,XANOMELINE CTD 00002842,0.0357155201450245,30.65230769230769,102.13869848967184,HTR2B,0.1815538940705413,0,0
M12_module,drug repositioning,238,meclizine CTD 00006252,0.0357155201450245,30.65230769230769,102.13869848967184,TIMP1,0.1815538940705413,0,0
M12_module,drug repositioning,239,IPRODIONE CTD 00001594,0.0357155201450245,30.65230769230769,102.13869848967184,FOS,0.1815538940705413,0,0
M12_module,drug repositioning,240,BP 897 TTD 00002536,0.0357155201450245,30.65230769230769,102.13869848967184,HTR2B,0.1815538940705413,0,0
M12_module,drug repositioning,241,cicloheximide PC3 UP,0.036209308937793,3.374159047783336,11.196941112112418,ZFP36;GLIPR1;TNFRSF12A;CEBPD,0.1819440635771943,0,0
M12_module,drug repositioning,242,resveratrol CTD 00002483,0.0362619415039761,2.058790518092844,6.828980418930534,CXCL10;CSF1R;MMP13;CEBPD;ANXA3;CLEC7A;SERPINE1;ITGB2;FOS;CD14,0.1819440635771943,0,0
M12_module,drug repositioning,243,SB 202190 CTD 00003161,0.0363888127154388,6.968047752808989,23.088583685945036,FOS;CD14,0.1819440635771943,0,0
M12_module,drug repositioning,244,pimozide MCF7 UP,0.0363888127154388,6.968047752808989,23.088583685945036,ZFP36;FOS,0.1819440635771943,0,0
M12_module,drug repositioning,245,methylergonovine CTD 00006315,0.0388994008510199,27.864335664335663,90.46926829385504,HTR2B,0.1861069374048797,0,0
M12_module,drug repositioning,246,LISURIDE CTD 00006219,0.0388994008510199,27.864335664335663,90.46926829385504,HTR2B,0.1861069374048797,0,0
M12_module,drug repositioning,247,4-Methylhistamine CTD 00001201,0.0388994008510199,27.864335664335663,90.46926829385504,CD14,0.1861069374048797,0,0
M12_module,drug repositioning,248,MIGLITOL CTD 00002031,0.0388994008510199,27.864335664335663,90.46926829385504,S100A4,0.1861069374048797,0,0
M12_module,drug repositioning,249,diflunisal CTD 00005819,0.0388994008510199,27.864335664335663,90.46926829385504,FOS,0.1861069374048797,0,0
M12_module,drug repositioning,250,flunisolide CTD 00000364,0.0388994008510199,27.864335664335663,90.46926829385504,CCL5,0.1861069374048797,0,0
M12_module,drug repositioning,251,KT 5720 CTD 00002405,0.0388994008510199,27.864335664335663,90.46926829385504,ZFP36,0.1861069374048797,0,0
M12_module,drug repositioning,252,1-(1-Naphthyl)piperazine TTD 00000201,0.0388994008510199,27.864335664335663,90.46926829385504,HTR2B,0.1861069374048797,0,0
M12_module,drug repositioning,253,180083-23-2 TTD 00000398,0.0388994008510199,27.864335664335663,90.46926829385504,HTR2B,0.1861069374048797,0,0
M12_module,drug repositioning,254,methylergonovine TTD 00009260,0.0388994008510199,27.864335664335663,90.46926829385504,HTR2B,0.1861069374048797,0,0
M12_module,drug repositioning,255,RU-24969 TTD 00010707,0.0388994008510199,27.864335664335663,90.46926829385504,HTR2B,0.1861069374048797,0,0
M12_module,drug repositioning,256,Gefitinib CTD 00003879,0.0393463852506455,6.667002688172043,21.570094946378564,CD14;OSMR,0.1875101172101076,0,0
M12_module,drug repositioning,257,vorinostat HL60 DOWN,0.0396018761372238,2.815079641902104,9.089550932813454,GLIPR1;CEBPD;CLEC7A;RGS1;CD14,0.1879933419743701,0,0
M12_module,drug repositioning,258,2-Naphthalenamine CTD 00007026,0.0400997009666802,6.595744680851064,21.21446350181075,RGS1;CCL5,0.1887543359483396,0,0
M12_module,drug repositioning,259,cephaeline HL60 UP,0.0405530726478424,2.5194480946123523,8.075193255928728,ZFP36;GLIPR1;MTF2;FOS;IL2RG;GBP2,0.1887543359483396,0,0
M12_module,drug repositioning,260,LITHIUM CHLORIDE CTD 00007226,0.040902922879266,4.115705931495405,13.15607524751764,CEBPD;FZD4;LCP1,0.1887543359483396,0,0
M12_module,drug repositioning,261,ZINC CTD 00007011,0.0419953610882308,2.002582282913165,6.3485785774226535,ZFP36;TNFRSF12A;ANXA3;MTF2;SERPINE1;ITGB2;IGFBP7;FOS;CD14;ARNTL,0.1887543359483396,0,0
M12_module,drug repositioning,262,nabumetone CTD 00001691,0.0420729281997368,25.54102564102564,80.9229285312976,FOS,0.1887543359483396,0,0
M12_module,drug repositioning,263,AM-630 CTD 00003207,0.0420729281997368,25.54102564102564,80.9229285312976,TIMP1,0.1887543359483396,0,0
M12_module,drug repositioning,264,methazolamide CTD 00006289,0.0420729281997368,25.54102564102564,80.9229285312976,TIMP1,0.1887543359483396,0,0
M12_module,drug repositioning,265,oxotremorine-M CTD 00001937,0.0420729281997368,25.54102564102564,80.9229285312976,FOS,0.1887543359483396,0,0
M12_module,drug repositioning,266,Tesmilifene CTD 00001953,0.0420729281997368,25.54102564102564,80.9229285312976,CD14,0.1887543359483396,0,0
M12_module,drug repositioning,267,Roflumilast CTD 00003916,0.0420729281997368,25.54102564102564,80.9229285312976,CXCL10,0.1887543359483396,0,0
M12_module,drug repositioning,268,CGS-27023A TTD 00002801,0.0420729281997368,25.54102564102564,80.9229285312976,MMP13,0.1887543359483396,0,0
M12_module,drug repositioning,269,Pazopanib TTD 00010053,0.0420729281997368,25.54102564102564,80.9229285312976,CSF1R,0.1887543359483396,0,0
M12_module,drug repositioning,270,herbimycin a CTD 00001010,0.0420729281997368,25.54102564102564,80.9229285312976,TIMP1,0.1887543359483396,0,0
M12_module,drug repositioning,271,Aflodac CTD 00006817,0.0422327307710778,4.06163677592249,12.853292251600127,LGALS3;CCL5;TIMP1,0.1887543359483396,0,0
M12_module,drug repositioning,272,rofecoxib CTD 00003631,0.0423923672539713,6.390786082474227,20.199913253204997,ANXA3;CXCL1,0.1887543359483396,0,0
M12_module,drug repositioning,273,Toxoflavin TTD 00011503,0.0423923672539713,6.390786082474227,20.199913253204997,ITGB2;CTSS,0.1887543359483396,0,0
M12_module,drug repositioning,274,Calcimycin CTD 00005287,0.0423923672539713,6.390786082474227,20.199913253204997,CCL5;ITGB2,0.1887543359483396,0,0
M12_module,drug repositioning,275,ACMC-20mvek CTD 00002629,0.0431673525667949,6.325255102040816,19.87819449312978,ITGB2;CD14,0.1898983461993715,0,0
M12_module,drug repositioning,276,mefloquine PC3 UP,0.0431673525667949,6.325255102040816,19.87819449312978,ZFP36;FOS,0.1898983461993715,0,0
M12_module,drug repositioning,277,Dronabinol CTD 00006853,0.0437578482593159,3.1668017506889283,9.90918961865327,SERPINE1;IGFBP7;TIMP1;FOS,0.1898983461993715,0,0
M12_module,drug repositioning,278,"1,2,4-BENZENETRIOL CTD 00000682",0.0439476484565826,6.26104797979798,19.56424825076857,CSF1R;CCL5,0.1898983461993715,0,0
M12_module,drug repositioning,279,astemizole PC3 UP,0.0447332126098621,6.198125,19.257816361282792,ZFP36;FOS,0.1898983461993715,0,0
M12_module,drug repositioning,280,NIMUSTINE CTD 00007067,0.0452361352854174,23.57514792899408,72.98533526719285,FOS,0.1898983461993715,0,0
M12_module,drug repositioning,281,methylglyoxal CTD 00006677,0.0452361352854174,23.57514792899408,72.98533526719285,CTSS,0.1898983461993715,0,0
M12_module,drug repositioning,282,5630-53-5 CTD 00001286,0.0452361352854174,23.57514792899408,72.98533526719285,SERPINE1,0.1898983461993715,0,0
M12_module,drug repositioning,283,Phylloquinone CTD 00006555,0.0452361352854174,23.57514792899408,72.98533526719285,FOS,0.1898983461993715,0,0
M12_module,drug repositioning,284,Ropivacaina [Spanish] CTD 00001768,0.0452361352854174,23.57514792899408,72.98533526719285,ITGB2,0.1898983461993715,0,0
M12_module,drug repositioning,285,Pazopanib CTD 00004656,0.0452361352854174,23.57514792899408,72.98533526719285,CSF1R,0.1898983461993715,0,0
M12_module,drug repositioning,286,A-987306 TTD 00001415,0.0452361352854174,23.57514792899408,72.98533526719285,HTR2B,0.1898983461993715,0,0
M12_module,drug repositioning,287,CHEMBL460515 TTD 00005964,0.0452361352854174,23.57514792899408,72.98533526719285,MMP13,0.1898983461993715,0,0
M12_module,drug repositioning,288,SB 206553 TTD 00010834,0.0452361352854174,23.57514792899408,72.98533526719285,HTR2B,0.1898983461993715,0,0
M12_module,drug repositioning,289,37686-84-3 CTD 00000277,0.0452361352854174,23.57514792899408,72.98533526719285,HTR2B,0.1898983461993715,0,0
M12_module,drug repositioning,290,ciclopirox MCF7 UP,0.0455240029440215,6.13644801980198,18.958651608969564,FOS;OSMR,0.1898983461993715,0,0
M12_module,drug repositioning,291,alprostadil HL60 UP,0.046115003845761,3.1109518120270807,9.571206978763398,ZFP36;CEBPD;TIMP1;FOS,0.1898983461993715,0,0
M12_module,drug repositioning,292,Decabromodiphenyl oxide CTD 00000574,0.0463199775891452,6.075980392156863,18.666517165049545,ZFP36;IGFBP7,0.1898983461993715,0,0
M12_module,drug repositioning,293,rosiglitazone CTD 00003139,0.0468013740246305,3.09534754696045,9.477467343210202,ZFP36;CCL5;SERPINE1;CD300LF,0.1898983461993715,0,0
M12_module,drug repositioning,294,kaempferol CTD 00000297,0.0479273133468445,5.958533653846154,18.102440675710863,CCL5;FOS,0.1898983461993715,0,0
M12_module,drug repositioning,295,CHEMBL55802 CTD 00003118,0.0483890551226402,21.89010989010989,66.29379556401673,TIMP1,0.1898983461993715,0,0
M12_module,drug repositioning,296,POVPC CTD 00003737,0.0483890551226402,21.89010989010989,66.29379556401673,CD68,0.1898983461993715,0,0
M12_module,drug repositioning,297,pd 168393 CTD 00004570,0.0483890551226402,21.89010989010989,66.29379556401673,CXCL10,0.1898983461993715,0,0
M12_module,drug repositioning,298,"L-741,626 CTD 00003428",0.0483890551226402,21.89010989010989,66.29379556401673,HTR2B,0.1898983461993715,0,0
M12_module,drug repositioning,299,fumonisin b1 CTD 00002395,0.0483890551226402,21.89010989010989,66.29379556401673,SERPINE1,0.1898983461993715,0,0
M12_module,drug repositioning,300,alfacalcidol CTD 00000387,0.0483890551226402,21.89010989010989,66.29379556401673,CD14,0.1898983461993715,0,0
M12_module,drug repositioning,301,Ciprofibrate CTD 00000977,0.0483890551226402,21.89010989010989,66.29379556401673,CD14,0.1898983461993715,0,0
M12_module,drug repositioning,302,1-(3-Chlorophenyl)piperazine CTD 00000782,0.0483890551226402,21.89010989010989,66.29379556401673,HTR2B,0.1898983461993715,0,0
M12_module,drug repositioning,303,"3,14-Dihydroxybufa-20,22-dienolide CTD 00001062",0.0483890551226402,21.89010989010989,66.29379556401673,FOS,0.1898983461993715,0,0
M12_module,drug repositioning,304,rolipram CTD 00007371,0.0483890551226402,21.89010989010989,66.29379556401673,CXCL10,0.1898983461993715,0,0
M12_module,drug repositioning,305,Oroxylin A CTD 00002952,0.0483890551226402,21.89010989010989,66.29379556401673,FOS,0.1898983461993715,0,0
M12_module,drug repositioning,306,pindolol CTD 00006562,0.0483890551226402,21.89010989010989,66.29379556401673,HTR2B,0.1898983461993715,0,0
M12_module,drug repositioning,307,TITANIUM CTD 00006899,0.0483890551226402,21.89010989010989,66.29379556401673,TIMP1,0.1898983461993715,0,0
M12_module,drug repositioning,308,Carnosic acid CTD 00000939,0.0483890551226402,21.89010989010989,66.29379556401673,CD14,0.1898983461993715,0,0
M12_module,drug repositioning,309,XANOMELINE TTD 00011862,0.0483890551226402,21.89010989010989,66.29379556401673,HTR2B,0.1898983461993715,0,0
M12_module,drug repositioning,310,ouabain PC3 UP,0.0485423581414577,3.0569996868149074,9.248397702299938,ZFP36;GLIPR1;MTF2;FOS,0.1898983461993715,0,0
M12_module,drug repositioning,311,vorinostat PC3 UP,0.0485423581414577,3.0569996868149074,9.248397702299938,ZFP36;SERPINE1;RRAS2;ARNTL,0.1898983461993715,0,0
M12_module,drug repositioning,312,tamoxifen CTD 00006827,0.0485641672247573,2.40427135678392,7.272606663891018,MMP12;LGALS3;ZFP36;SERPINE1;FOS;OSMR,0.1898983461993715,0,0
M12_module,drug repositioning,313,topotecan CTD 00007293,0.0496887744665114,3.795450163871216,11.393851201630971,SERPINE1;IGFBP7;FOS,0.1936750953646772,0,0
M12_module,drug repositioning,314,sertraline CTD 00007358,0.0503761645409737,5.790595794392523,17.303673424471118,FOS;CD14,0.1946399353847872,0,0
M12_module,drug repositioning,315,phenytoin CTD 00006527,0.0503761645409737,5.790595794392523,17.303673424471118,S100A4;TIMP1,0.1946399353847872,0,0
M12_module,drug repositioning,316,alexidine CTD 00000048,0.0515317205977756,20.42974358974359,60.58558396287635,CCL5,0.1946399353847872,0,0
M12_module,drug repositioning,317,nimodipine CTD 00006398,0.0515317205977756,20.42974358974359,60.58558396287635,FOS,0.1946399353847872,0,0
M12_module,drug repositioning,318,p-Propenylanisole CTD 00000298,0.0515317205977756,20.42974358974359,60.58558396287635,TIMP1,0.1946399353847872,0,0
M12_module,drug repositioning,319,Ethene CTD 00007378,0.0515317205977756,20.42974358974359,60.58558396287635,FOS,0.1946399353847872,0,0
M12_module,drug repositioning,320,KN-62 CTD 00002580,0.0515317205977756,20.42974358974359,60.58558396287635,FOS,0.1946399353847872,0,0
M12_module,drug repositioning,321,mianserin CTD 00006332,0.0515317205977756,20.42974358974359,60.58558396287635,HTR2B,0.1946399353847872,0,0
M12_module,drug repositioning,322,tryptamine TTD 00011590,0.0515317205977756,20.42974358974359,60.58558396287635,HTR2B,0.1946399353847872,0,0
M12_module,drug repositioning,323,"L-741,626 TTD 00008862",0.0515317205977756,20.42974358974359,60.58558396287635,HTR2B,0.1946399353847872,0,0
M12_module,drug repositioning,324,prenylamine PC3 UP,0.0520334874253415,5.683772935779817,16.80048128245357,ZFP36;FOS,0.1959285637620883,0,0
M12_module,drug repositioning,325,diclofenac CTD 00005804,0.0524983341409097,2.9758255166628538,8.769679951608898,FZD4;SERPINE1;RRAS2;FOS,0.1970706696981843,0,0
M12_module,drug repositioning,326,8-azaguanine HL60 UP,0.0528665299885358,2.96865489957395,8.727800411188822,TNFRSF12A;TIMP1;CD14;GBP2,0.1978440692822507,0,0
M12_module,drug repositioning,327,MS-275 PC3 UP,0.0539796615002265,2.947344564478356,8.603734820495166,MMP13;SERPINE1;CXCL1;ARNTL,0.1990754648430677,0,0
M12_module,drug repositioning,328,Palmatine CTD 00000225,0.05466416452658,19.151923076923076,55.66596287289847,CCL5,0.1990754648430677,0,0
M12_module,drug repositioning,329,leukotriene C4 CTD 00007223,0.05466416452658,19.151923076923076,55.66596287289847,CLEC7A,0.1990754648430677,0,0
M12_module,drug repositioning,330,8-OH-Dpat CTD 00007178,0.05466416452658,19.151923076923076,55.66596287289847,HTR2B,0.1990754648430677,0,0
M12_module,drug repositioning,331,Tosyllysyl chloromethane CTD 00006909,0.05466416452658,19.151923076923076,55.66596287289847,CXCL1,0.1990754648430677,0,0
M12_module,drug repositioning,332,pergolide CTD 00006492,0.05466416452658,19.151923076923076,55.66596287289847,HTR2B,0.1990754648430677,0,0
M12_module,drug repositioning,333,bupropion CTD 00007131,0.05466416452658,19.151923076923076,55.66596287289847,FOS,0.1990754648430677,0,0
M12_module,drug repositioning,334,Delsemidine CTD 00002328,0.05466416452658,19.151923076923076,55.66596287289847,ZFP36,0.1990754648430677,0,0
M12_module,drug repositioning,335,bromocriptine TTD 00002572,0.05466416452658,19.151923076923076,55.66596287289847,HTR2B,0.1990754648430677,0,0
M12_module,drug repositioning,336,Healon BOSS,0.0554060969519058,5.481471238938053,15.85825608706145,MMP13;CD68,0.2011768996468011,0,0
M12_module,drug repositioning,337,carbamazepine CTD 00005574,0.0558633187296086,2.912485065710872,8.402074703364228,FZD4;SERPINE1;RRAS2;FOS,0.2022351597926484,0,0
M12_module,drug repositioning,338,fendiline MCF7 UP,0.057120748475047,5.385597826086957,15.416746942237513,ZFP36;FOS,0.202584574509918,0,0
M12_module,drug repositioning,339,suloctidil MCF7 UP,0.057120748475047,5.385597826086957,15.416746942237513,ZFP36;FOS,0.202584574509918,0,0
M12_module,drug repositioning,340,AC1L1WKQ CTD 00007050,0.0577864196143044,18.02443438914027,51.387689221977354,TIMP1,0.202584574509918,0,0
M12_module,drug repositioning,341,Oligomycin CTD 00006434,0.0577864196143044,18.02443438914027,51.387689221977354,CD14,0.202584574509918,0,0
M12_module,drug repositioning,342,Nilotinib CTD 00004428,0.0577864196143044,18.02443438914027,51.387689221977354,FOS,0.202584574509918,0,0
M12_module,drug repositioning,343,Yohimbine CTD 00007005,0.0577864196143044,18.02443438914027,51.387689221977354,HTR2B,0.202584574509918,0,0
M12_module,drug repositioning,344,Peroxynitrous acid CTD 00007400,0.0577864196143044,18.02443438914027,51.387689221977354,FOS,0.202584574509918,0,0
M12_module,drug repositioning,345,fenthion CTD 00005965,0.0577864196143044,18.02443438914027,51.387689221977354,FOS,0.202584574509918,0,0
M12_module,drug repositioning,346,methysergide TTD 00009274,0.0577864196143044,18.02443438914027,51.387689221977354,HTR2B,0.202584574509918,0,0
M12_module,drug repositioning,347,apomorphine TTD 00002109,0.0577864196143044,18.02443438914027,51.387689221977354,HTR2B,0.202584574509918,0,0
M12_module,drug repositioning,348,Ginsenoside Re CTD 00002168,0.0577864196143044,18.02443438914027,51.387689221977354,FOS,0.202584574509918,0,0
M12_module,drug repositioning,349,digoxin HL60 UP,0.0582681037521443,3.547979797979798,10.08584373564736,ZFP36;MTF2;FOS,0.2036879271564929,0,0
M12_module,drug repositioning,350,"1,4-chrysenequinone PC3 UP",0.0588538798156863,5.293002136752137,14.99347402745322,ZFP36;FOS,0.2046908372796623,0,0
M12_module,drug repositioning,351,doxycycline CTD 00005875,0.0608985184770234,17.022222222222222,47.63747925968391,MMP13,0.2046908372796623,0,0
M12_module,drug repositioning,352,prazosin CTD 00006604,0.0608985184770234,17.022222222222222,47.63747925968391,CCL5,0.2046908372796623,0,0
M12_module,drug repositioning,353,tryptamine CTD 00001466,0.0608985184770234,17.022222222222222,47.63747925968391,HTR2B,0.2046908372796623,0,0
M12_module,drug repositioning,354,dequalinium CTD 00005770,0.0608985184770234,17.022222222222222,47.63747925968391,CCL5,0.2046908372796623,0,0
M12_module,drug repositioning,355,1-(5-ISOQUINOLINESULFONYL)-2-METHYLPIPERAZINE CTD 00007271,0.0608985184770234,17.022222222222222,47.63747925968391,FOS,0.2046908372796623,0,0
M12_module,drug repositioning,356,Methoxycamptothecin CTD 00001213,0.0608985184770234,17.022222222222222,47.63747925968391,FOS,0.2046908372796623,0,0
M12_module,drug repositioning,357,haloperidol TTD 00008393,0.0608985184770234,17.022222222222222,47.63747925968391,HTR2B,0.2046908372796623,0,0
M12_module,drug repositioning,358,selegiline CTD 00006730,0.0608985184770234,17.022222222222222,47.63747925968391,FOS,0.2046908372796623,0,0
M12_module,drug repositioning,359,ARSENIC CTD 00005442,0.0618981666874785,2.253482880755608,6.2697859096179975,TNFRSF12A;RGS1;SERPINE1;CXCL1;FOS;CD14,0.2046908372796623,0,0
M12_module,drug repositioning,360,"2-Nonenal, 4-hydroxy-, (2E,4R)- CTD 00001295",0.0619923928261427,3.4551045510455105,9.607759860109551,ZFP36;TIMP1;FOS,0.2046908372796623,0,0
M12_module,drug repositioning,361,perhexiline MCF7 UP,0.062374347021776,5.116993801652892,14.197617109474594,ZFP36;FOS,0.2046908372796623,0,0
M12_module,drug repositioning,362,deferoxamine CTD 00005759,0.062374347021776,5.116993801652892,14.197617109474594,MMP12;ANXA3,0.2046908372796623,0,0
M12_module,drug repositioning,363,"8-Bromo-cAMP, Na CTD 00007044",0.0638603794322856,2.4434337547824767,6.722023458422989,CXCL10;GLIPR1;TNFRSF12A;FZD4;SERPINE1,0.2046908372796623,0,0
M12_module,drug repositioning,364,mitotane,0.0640004936134332,16.125506072874494,44.32683091319527,HTR2B,0.2046908372796623,0,0
M12_module,drug repositioning,365,Kinome 511 Roche,0.0640004936134332,16.125506072874494,44.32683091319527,CSF1R,0.2046908372796623,0,0
M12_module,drug repositioning,366,WZ-7043 LINCS,0.0640004936134332,16.125506072874494,44.32683091319527,CSF1R,0.2046908372796623,0,0
M12_module,drug repositioning,367,AB-1010 Kinome Scan,0.0640004936134332,16.125506072874494,44.32683091319527,CSF1R,0.2046908372796623,0,0
M12_module,drug repositioning,368,CP-690334-01 PC3 DOWN,0.0640004936134332,16.125506072874494,44.32683091319527,CXCL1,0.2046908372796623,0,0
M12_module,drug repositioning,369,clofibric acid CTD 00005685,0.0640004936134332,16.125506072874494,44.32683091319527,SERPINE1,0.2046908372796623,0,0
M12_module,drug repositioning,370,domperidone PC3 UP,0.0640004936134332,16.125506072874494,44.32683091319527,CXCL1,0.2046908372796623,0,0
M12_module,drug repositioning,371,"2,2',4,6,6'-pentachlorobiphenyl CTD 00003860",0.0640004936134332,16.125506072874494,44.32683091319527,FOS,0.2046908372796623,0,0
M12_module,drug repositioning,372,TRIAMCINOLONE ACETONIDE CTD 00006922,0.0640004936134332,16.125506072874494,44.32683091319527,CCL5,0.2046908372796623,0,0
M12_module,drug repositioning,373,Goniothalamin CTD 00003401,0.0640004936134332,16.125506072874494,44.32683091319527,ANXA3,0.2046908372796623,0,0
M12_module,drug repositioning,374,trimipramine MCF7 UP,0.0640004936134332,16.125506072874494,44.32683091319527,FOS,0.2046908372796623,0,0
M12_module,drug repositioning,375,aminoguanidine CTD 00000144,0.0640004936134332,16.125506072874494,44.32683091319527,SERPINE1,0.2046908372796623,0,0
M12_module,drug repositioning,376,Manumycin A CTD 00002318,0.0640004936134332,16.125506072874494,44.32683091319527,MMP13,0.2046908372796623,0,0
M12_module,drug repositioning,377,serotonin TTD 00010933,0.0640004936134332,16.125506072874494,44.32683091319527,HTR2B,0.2046908372796623,0,0
M12_module,drug repositioning,378,Sunitinib TTD 00011140,0.0640004936134332,16.125506072874494,44.32683091319527,CSF1R,0.2046908372796623,0,0
M12_module,drug repositioning,379,clozapine CTD 00005693,0.0641610733211127,5.033282520325203,13.82319866920092,HTR2B;CXCL1,0.2046908372796623,0,0
M12_module,drug repositioning,380,azacyclonol MCF7 UP,0.0650609278391694,4.992439516129032,13.641496982535084,ZFP36;FOS,0.2046908372796623,0,0
M12_module,drug repositioning,381,N-NITROSODIMETHYLAMINE CTD 00005845,0.0650609278391694,4.992439516129032,13.641496982535084,LGALS3;TIMP1,0.2046908372796623,0,0
M12_module,drug repositioning,382,etoposide CTD 00005948,0.0658112153859465,2.749629420484224,7.481645439700513,LGALS3;TNFRSF12A;IGFBP7;FOS,0.2046908372796623,0,0
M12_module,drug repositioning,383,methyprylon BOSS,0.0659650602427137,4.95225,13.463335751252547,CXCL13;CD68,0.2046908372796623,0,0
M12_module,drug repositioning,384,L-histidine BOSS,0.0668734334897925,4.912698412698413,13.288620758464782,ITGB2;SLC15A3,0.2046908372796623,0,0
M12_module,drug repositioning,385,fluoxetine,0.0670923774293873,15.318461538461538,41.38565533533388,HTR2B,0.2046908372796623,0,0
M12_module,drug repositioning,386,loperamide,0.0670923774293873,15.318461538461538,41.38565533533388,HTR2B,0.2046908372796623,0,0
M12_module,drug repositioning,387,propafenone,0.0670923774293873,15.318461538461538,41.38565533533388,HTR2B,0.2046908372796623,0,0
M12_module,drug repositioning,388,apomorphine,0.0670923774293873,15.318461538461538,41.38565533533388,HTR2B,0.2046908372796623,0,0
M12_module,drug repositioning,389,CHEMBL1967116 Roche,0.0670923774293873,15.318461538461538,41.38565533533388,CSF1R,0.2046908372796623,0,0
M12_module,drug repositioning,390,formoterol CTD 00000665,0.0670923774293873,15.318461538461538,41.38565533533388,CCL5,0.2046908372796623,0,0
M12_module,drug repositioning,391,Anandamide CTD 00002912,0.0670923774293873,15.318461538461538,41.38565533533388,TIMP1,0.2046908372796623,0,0
M12_module,drug repositioning,392,Ketanserin CTD 00006189,0.0670923774293873,15.318461538461538,41.38565533533388,HTR2B,0.2046908372796623,0,0
M12_module,drug repositioning,393,STOCK1N-35215 PC3 DOWN,0.0670923774293873,15.318461538461538,41.38565533533388,FZD4,0.2046908372796623,0,0
M12_module,drug repositioning,394,cloperastine MCF7 UP,0.0670923774293873,15.318461538461538,41.38565533533388,FOS,0.2046908372796623,0,0
M12_module,drug repositioning,395,TDZD-8 CTD 00004374,0.0670923774293873,15.318461538461538,41.38565533533388,LGALS3,0.2046908372796623,0,0
M12_module,drug repositioning,396,Bosentan BOSS,0.0670923774293873,15.318461538461538,41.38565533533388,MMP13,0.2046908372796623,0,0
M12_module,drug repositioning,397,acetate TTD 00001564,0.0670923774293873,15.318461538461538,41.38565533533388,MMP12,0.2046908372796623,0,0
M12_module,drug repositioning,398,Polydatin CTD 00002437,0.0670923774293873,15.318461538461538,41.38565533533388,CXCL10,0.2046908372796623,0,0
M12_module,drug repositioning,399,cantharidin HL60 UP,0.0677860107460833,4.87376968503937,13.1172609839638,HTR2B;FOS,0.2046908372796623,0,0
M12_module,drug repositioning,400,Zinc sulfate CTD 00007264,0.0691971478137329,3.2947686116700203,8.799653622338946,ZFP36;CEBPD;FOS,0.2046908372796623,0,0
M12_module,drug repositioning,401,thimerosal CTD 00006868,0.06962363089243,4.797722868217054,12.784258213722426,SERPINE1;FOS,0.2046908372796623,0,0
M12_module,drug repositioning,402,prazosin,0.0701742022596553,14.588278388278388,38.75776638076853,HTR2B,0.2046908372796623,0,0
M12_module,drug repositioning,403,troglitazone,0.0701742022596553,14.588278388278388,38.75776638076853,HTR2B,0.2046908372796623,0,0
M12_module,drug repositioning,404,ERGOTAMINE,0.0701742022596553,14.588278388278388,38.75776638076853,HTR2B,0.2046908372796623,0,0
M12_module,drug repositioning,405,methysergide,0.0701742022596553,14.588278388278388,38.75776638076853,HTR2B,0.2046908372796623,0,0
M12_module,drug repositioning,406,dihydroergotamine,0.0701742022596553,14.588278388278388,38.75776638076853,HTR2B,0.2046908372796623,0,0
M12_module,drug repositioning,407,Isotretinoin,0.0701742022596553,14.588278388278388,38.75776638076853,HTR2B,0.2046908372796623,0,0
M12_module,drug repositioning,408,GW779439X GSK,0.0701742022596553,14.588278388278388,38.75776638076853,CSF1R,0.2046908372796623,0,0
M12_module,drug repositioning,409,CHEMBL1241473 Roche,0.0701742022596553,14.588278388278388,38.75776638076853,CSF1R,0.2046908372796623,0,0
M12_module,drug repositioning,410,dicycloverine PC3 UP,0.0701742022596553,14.588278388278388,38.75776638076853,SERPINE1,0.2046908372796623,0,0
M12_module,drug repositioning,411,labetalol HL60 UP,0.0701742022596553,14.588278388278388,38.75776638076853,RGS1,0.2046908372796623,0,0
M12_module,drug repositioning,412,pioglitazone PC3 DOWN,0.0701742022596553,14.588278388278388,38.75776638076853,CXCL1,0.2046908372796623,0,0
M12_module,drug repositioning,413,salbutamol HL60 UP,0.0701742022596553,14.588278388278388,38.75776638076853,TIMP1,0.2046908372796623,0,0
M12_module,drug repositioning,414,chloramphenicol CTD 00005627,0.0701742022596553,14.588278388278388,38.75776638076853,MMP13,0.2046908372796623,0,0
M12_module,drug repositioning,415,ticlopidine MCF7 UP,0.0701742022596553,14.588278388278388,38.75776638076853,CCL5,0.2046908372796623,0,0
M12_module,drug repositioning,416,Muramyl Dipeptide CTD 00005307,0.0701742022596553,14.588278388278388,38.75776638076853,CXCL1,0.2046908372796623,0,0
M12_module,drug repositioning,417,cabergoline BOSS,0.0701742022596553,14.588278388278388,38.75776638076853,HTR2B,0.2046908372796623,0,0
M12_module,drug repositioning,418,co-dergocrine mesilate HL60 UP,0.0705486010345719,4.760576923076923,12.622448012888624,CSF1R;TIMP1,0.2046908372796623,0,0
M12_module,drug repositioning,419,harmine PC3 DOWN,0.0714776297360171,4.723998091603053,12.463658383507363,TNFRSF12A;SERPINE1,0.2046908372796623,0,0
M12_module,drug repositioning,420,TERT-BUTYL HYDROPEROXIDE CTD 00007349,0.0731708812641057,1.9247225599503324,5.033068144130229,ZFP36;GLIPR1;SERPINE1;RRAS2;S100A4;CXCL1;FOS;CD68,0.2046908372796623,0,0
M12_module,drug repositioning,421,loratadine,0.0732460002885256,13.924475524475524,36.39762709015897,HTR2B,0.2046908372796623,0,0
M12_module,drug repositioning,422,bromocriptine,0.0732460002885256,13.924475524475524,36.39762709015897,HTR2B,0.2046908372796623,0,0
M12_module,drug repositioning,423,AMG-706 Kinome Scan,0.0732460002885256,13.924475524475524,36.39762709015897,CSF1R,0.2046908372796623,0,0
M12_module,drug repositioning,424,Sunitinib RBC,0.0732460002885256,13.924475524475524,36.39762709015897,CSF1R,0.2046908372796623,0,0
M12_module,drug repositioning,425,PHENANTHRENE CTD 00001483,0.0732460002885256,13.924475524475524,36.39762709015897,TIMP1,0.2046908372796623,0,0
M12_module,drug repositioning,426,citrinin CTD 00005677,0.0732460002885256,13.924475524475524,36.39762709015897,FOS,0.2046908372796623,0,0
M12_module,drug repositioning,427,tracazolate HL60 DOWN,0.0732460002885256,13.924475524475524,36.39762709015897,RGS1,0.2046908372796623,0,0
M12_module,drug repositioning,428,methiothepin CTD 00006295,0.0732460002885256,13.924475524475524,36.39762709015897,HTR2B,0.2046908372796623,0,0
M12_module,drug repositioning,429,Ketanserin BOSS,0.0732460002885256,13.924475524475524,36.39762709015897,HTR2B,0.2046908372796623,0,0
M12_module,drug repositioning,430,apomorphine CTD 00005433,0.0732460002885256,13.924475524475524,36.39762709015897,HTR2B,0.2046908372796623,0,0
M12_module,drug repositioning,431,GR-127935 TTD 00008296,0.0732460002885256,13.924475524475524,36.39762709015897,HTR2B,0.2046908372796623,0,0
M12_module,drug repositioning,432,methiothepin TTD 00009235,0.0732460002885256,13.924475524475524,36.39762709015897,HTR2B,0.2046908372796623,0,0
M12_module,drug repositioning,433,isotretinoin HL60 UP,0.0742887090462485,4.617537313432836,12.00465643730666,RGS1;TIMP1,0.2046908372796623,0,0
M12_module,drug repositioning,434,digoxigenin PC3 UP,0.0743991672779121,3.1921014139444175,8.29407071574409,ZFP36;MTF2;FOS,0.2046908372796623,0,0
M12_module,drug repositioning,435,3-methylcholanthrene CTD 00006310,0.0749877585621355,3.181081956592161,8.240371398691765,SERPINE1;MS4A7;TIMP1,0.2046908372796623,0,0
M12_module,drug repositioning,436,pyrvinium HL60 UP,0.0752336148000164,4.583101851851852,11.857204691208892,ZFP36;FOS,0.2046908372796623,0,0
M12_module,drug repositioning,437,Cylindrospermopsin CTD 00003136,0.0752852544217098,2.6203784766650955,6.77753290685884,ZFP36;TNFRSF12A;TIMP1;FOS,0.2046908372796623,0,0
M12_module,drug repositioning,438,Silica CTD 00006678,0.0753237063134667,2.1347533632286995,5.520387594564162,CXCL10;ZFP36;CCL5;CXCL1;FOS;CXCL13,0.2046908372796623,0,0
M12_module,drug repositioning,439,thapsigargin PC3 UP,0.0757316487997091,2.614784946236559,6.747607150340545,TNFRSF12A;RRAS2;CXCL1;ARNTL,0.2046908372796623,0,0
M12_module,drug repositioning,440,ursodiol CTD 00006973,0.0761824014811429,4.549172794117647,11.712413070900812,CCL5;CXCL1,0.2046908372796623,0,0
M12_module,drug repositioning,441,CYPROHEPTADINE,0.0763078036201209,13.31839464882943,34.26796400153892,HTR2B,0.2046908372796623,0,0
M12_module,drug repositioning,442,propofol,0.0763078036201209,13.31839464882943,34.26796400153892,HTR2B,0.2046908372796623,0,0
M12_module,drug repositioning,443,Clopidogrelum [Latin] CTD 00002343,0.0763078036201209,13.31839464882943,34.26796400153892,CCL5,0.2046908372796623,0,0
M12_module,drug repositioning,444,celecoxib MCF7 UP,0.0763078036201209,13.31839464882943,34.26796400153892,FOS,0.2046908372796623,0,0
M12_module,drug repositioning,445,isotretinoin PC3 UP,0.0763078036201209,13.31839464882943,34.26796400153892,IGFBP7,0.2046908372796623,0,0
M12_module,drug repositioning,446,HEXANE CTD 00001239,0.0763078036201209,13.31839464882943,34.26796400153892,CCL5,0.2046908372796623,0,0
M12_module,drug repositioning,447,"2,6-DICHLOROINDOPHENOL CTD 00007030",0.0763078036201209,13.31839464882943,34.26796400153892,CXCL10,0.2046908372796623,0,0
M12_module,drug repositioning,448,ofloxacin CTD 00007052,0.0763078036201209,13.31839464882943,34.26796400153892,MMP13,0.2046908372796623,0,0
M12_module,drug repositioning,449,methiothepin BOSS,0.0763078036201209,13.31839464882943,34.26796400153892,HTR2B,0.2046908372796623,0,0
M12_module,drug repositioning,450,daunorubicin PC3 UP,0.079051698152866,4.450314748201439,11.293355611078402,MMP13;CEBPD,0.2046908372796623,0,0
M12_module,drug repositioning,451,suloctidil HL60 UP,0.079051698152866,4.450314748201439,11.293355611078402,CXCL10;GBP2,0.2046908372796623,0,0
M12_module,drug repositioning,452,17-Ethynyl estradiol CTD 00005932,0.0791662321970126,3.1059958867267836,7.8774436403953665,CEBPD;SERPINE1;FOS,0.2046908372796623,0,0
M12_module,drug repositioning,453,Pomalidomide CTD 00004109,0.079359644289574,12.762820512820513,32.33799172322633,CEBPD,0.2046908372796623,0,0
M12_module,drug repositioning,454,quetiapine,0.079359644289574,12.762820512820513,32.33799172322633,HTR2B,0.2046908372796623,0,0
M12_module,drug repositioning,455,Desloratadine,0.079359644289574,12.762820512820513,32.33799172322633,HTR2B,0.2046908372796623,0,0
M12_module,drug repositioning,456,GW768505A GSK,0.079359644289574,12.762820512820513,32.33799172322633,CSF1R,0.2046908372796623,0,0
M12_module,drug repositioning,457,naloxone CTD 00006373,0.079359644289574,12.762820512820513,32.33799172322633,CCL5,0.2046908372796623,0,0
M12_module,drug repositioning,458,ALW-II-49-7 LINCS,0.079359644289574,12.762820512820513,32.33799172322633,CSF1R,0.2046908372796623,0,0
M12_module,drug repositioning,459,(+)-isoprenaline HL60 UP,0.079359644289574,12.762820512820513,32.33799172322633,TIMP1,0.2046908372796623,0,0
M12_module,drug repositioning,460,5253409 MCF7 UP,0.079359644289574,12.762820512820513,32.33799172322633,FOS,0.2046908372796623,0,0
M12_module,drug repositioning,461,norethindrone CTD 00006418,0.079359644289574,12.762820512820513,32.33799172322633,SERPINE1,0.2046908372796623,0,0
M12_module,drug repositioning,462,EMETINE CTD 00005892,0.079359644289574,12.762820512820513,32.33799172322633,CCL5,0.2046908372796623,0,0
M12_module,drug repositioning,463,bleomycin CTD 00005517,0.079359644289574,12.762820512820513,32.33799172322633,CTSS,0.2046908372796623,0,0
M12_module,drug repositioning,464,disulfiram PC3 UP,0.079359644289574,12.762820512820513,32.33799172322633,FOS,0.2046908372796623,0,0
M12_module,drug repositioning,465,mebendazole CTD 00006249,0.079359644289574,12.762820512820513,32.33799172322633,FOS,0.2046908372796623,0,0
M12_module,drug repositioning,466,letrozole HL60 UP,0.079359644289574,12.762820512820513,32.33799172322633,SERPINE1,0.2046908372796623,0,0
M12_module,drug repositioning,467,flecainide CTD 00005972,0.079359644289574,12.762820512820513,32.33799172322633,FOS,0.2046908372796623,0,0
M12_module,drug repositioning,468,nifuroxazide HL60 DOWN,0.079359644289574,12.762820512820513,32.33799172322633,RGS1,0.2046908372796623,0,0
M12_module,drug repositioning,469,Hydroxytyrosol CTD 00000267,0.079359644289574,12.762820512820513,32.33799172322633,CCL5,0.2046908372796623,0,0
M12_module,drug repositioning,470,CARBARYL CTD 00006737,0.079359644289574,12.762820512820513,32.33799172322633,FOS,0.2046908372796623,0,0
M12_module,drug repositioning,471,Propene BOSS,0.079359644289574,12.762820512820513,32.33799172322633,CD68,0.2046908372796623,0,0
M12_module,drug repositioning,472,ALENDRONATE SODIUM BOSS,0.079359644289574,12.762820512820513,32.33799172322633,MMP13,0.2046908372796623,0,0
M12_module,drug repositioning,473,FERRIC AMMONIUM CITRATE CTD 00000709,0.079359644289574,12.762820512820513,32.33799172322633,ANXA3,0.2046908372796623,0,0
M12_module,drug repositioning,474,mefloquine MCF7 UP,0.0809833308211962,4.3867464539007095,11.026139580063532,ZFP36;FOS,0.2081364308849388,0,0
M12_module,drug repositioning,475,nortriptyline,0.082401554194611,12.251692307692307,30.58207376858464,HTR2B,0.2081364308849388,0,0
M12_module,drug repositioning,476,promethazine,0.082401554194611,12.251692307692307,30.58207376858464,HTR2B,0.2081364308849388,0,0
M12_module,drug repositioning,477,XMD-12 LINCS,0.082401554194611,12.251692307692307,30.58207376858464,CSF1R,0.2081364308849388,0,0
M12_module,drug repositioning,478,ILORASERTIB Roche,0.082401554194611,12.251692307692307,30.58207376858464,CSF1R,0.2081364308849388,0,0
M12_module,drug repositioning,479,KIN001-123/WZ-1-84 LINCS,0.082401554194611,12.251692307692307,30.58207376858464,CSF1R,0.2081364308849388,0,0
M12_module,drug repositioning,480,econazole MCF7 UP,0.082401554194611,12.251692307692307,30.58207376858464,FOS,0.2081364308849388,0,0
M12_module,drug repositioning,481,desipramine CTD 00005772,0.082401554194611,12.251692307692307,30.58207376858464,CCL5,0.2081364308849388,0,0
M12_module,drug repositioning,482,"indolo[3,2-b]carbazole CTD 00002853",0.082401554194611,12.251692307692307,30.58207376858464,FOS,0.2081364308849388,0,0
M12_module,drug repositioning,483,hmba CTD 00000732,0.082401554194611,12.251692307692307,30.58207376858464,CSF1R,0.2081364308849388,0,0
M12_module,drug repositioning,484,Fulvestrant CTD 00002740,0.0828278987906706,3.044361718628819,7.583475609514597,CXCL10;CCL5;FOS,0.2086065644546981,0,0
M12_module,drug repositioning,485,prenylamine MCF7 UP,0.0829296588201054,4.324956293706293,10.768114057346034,ZFP36;FOS,0.2086065644546981,0,0
M12_module,drug repositioning,486,tonzonium bromide PC3 UP,0.0839082489415906,4.294704861111111,10.642413291746209,ZFP36;FOS,0.2101390110320193,0,0
M12_module,drug repositioning,487,wortmannin CTD 00000504,0.0839082489415906,4.294704861111111,10.642413291746209,MMP12;ITGB2,0.2101390110320193,0,0
M12_module,drug repositioning,488,promazine,0.0854335651408865,11.779881656804733,28.97869995683251,HTR2B,0.2101390110320193,0,0
M12_module,drug repositioning,489,risperidone,0.0854335651408865,11.779881656804733,28.97869995683251,HTR2B,0.2101390110320193,0,0
M12_module,drug repositioning,490,pyrimethamine CTD 00006670,0.0854335651408865,11.779881656804733,28.97869995683251,FOS,0.2101390110320193,0,0
M12_module,drug repositioning,491,60282-87-3 CTD 00001598,0.0854335651408865,11.779881656804733,28.97869995683251,SERPINE1,0.2101390110320193,0,0
M12_module,drug repositioning,492,ifenprodil PC3 DOWN,0.0854335651408865,11.779881656804733,28.97869995683251,MTF2,0.2101390110320193,0,0
M12_module,drug repositioning,493,Dienogest CTD 00001099,0.0854335651408865,11.779881656804733,28.97869995683251,SERPINE1,0.2101390110320193,0,0
M12_module,drug repositioning,494,DL-Thyroxine CTD 00006892,0.0854335651408865,11.779881656804733,28.97869995683251,FOS,0.2101390110320193,0,0
M12_module,drug repositioning,495,4-OCTYLPHENOL CTD 00002947,0.0854335651408865,11.779881656804733,28.97869995683251,FOS,0.2101390110320193,0,0
M12_module,drug repositioning,496,alpha-D-Mannose TTD 00001913,0.0854335651408865,11.779881656804733,28.97869995683251,FCER1G,0.2101390110320193,0,0
M12_module,drug repositioning,497,CHROMIUM CTD 00005668,0.0858761137509706,4.2354452054794525,10.397380795179195,TIMP1;FOS,0.2108025327488615,0,0
M12_module,drug repositioning,498,ibuprofen CTD 00006137,0.0868653218876915,4.206420068027211,10.277951583947983,CXCL10;ANXA3,0.2120156478992099,0,0
M12_module,drug repositioning,499,lomustine PC3 UP,0.0868653218876915,4.206420068027211,10.277951583947983,ZFP36;ARNTL,0.2120156478992099,0,0
M12_module,drug repositioning,500,Methysergide maleate,0.0884557088366375,11.343019943019945,27.509696745751697,HTR2B,0.2120156478992099,0,0
M12_module,drug repositioning,501,Pazopanib hydrochloride,0.0884557088366375,11.343019943019945,27.509696745751697,CSF1R,0.2120156478992099,0,0
M12_module,drug repositioning,502,PEPCID CTD 00007086,0.0884557088366375,11.343019943019945,27.509696745751697,FOS,0.2120156478992099,0,0
M12_module,drug repositioning,503,ALW-II-38-3 LINCS,0.0884557088366375,11.343019943019945,27.509696745751697,CSF1R,0.2120156478992099,0,0
M12_module,drug repositioning,504,0316684-0000 MCF7 DOWN,0.0884557088366375,11.343019943019945,27.509696745751697,OSMR,0.2120156478992099,0,0
M12_module,drug repositioning,505,Amrinone CTD 00005395,0.0884557088366375,11.343019943019945,27.509696745751697,S100A4,0.2120156478992099,0,0
M12_module,drug repositioning,506,cerivastatin CTD 00003073,0.0884557088366375,11.343019943019945,27.509696745751697,ITGB2,0.2120156478992099,0,0
M12_module,drug repositioning,507,15442-64-5 CTD 00000915,0.0884557088366375,11.343019943019945,27.509696745751697,FOS,0.2120156478992099,0,0
M12_module,drug repositioning,508,PROPIDIUM CTD 00006632,0.0884557088366375,11.343019943019945,27.509696745751697,CCL5,0.2120156478992099,0,0
M12_module,drug repositioning,509,Vinblastine sulfate BOSS,0.0884557088366375,11.343019943019945,27.509696745751697,CD68,0.2120156478992099,0,0
M12_module,drug repositioning,510,MG-262 PC3 UP,0.0890911102455911,2.946822893195133,7.1256998322922875,ZFP36;CXCL1;FOS,0.213119910783571,0,0
M12_module,drug repositioning,511,8-azaguanine PC3 UP,0.0910083741943067,2.91875,6.995670952860345,ZFP36;CXCL1;FOS,0.2145980396737131,0,0
M12_module,drug repositioning,512,carvedilol,0.0914680169101072,10.937362637362638,26.159611098844096,HTR2B,0.2145980396737131,0,0
M12_module,drug repositioning,513,Amrinone,0.0914680169101072,10.937362637362638,26.159611098844096,S100A4,0.2145980396737131,0,0
M12_module,drug repositioning,514,olanzapine,0.0914680169101072,10.937362637362638,26.159611098844096,HTR2B,0.2145980396737131,0,0
M12_module,drug repositioning,515,clemastine,0.0914680169101072,10.937362637362638,26.159611098844096,HTR2B,0.2145980396737131,0,0
M12_module,drug repositioning,516,lidocaine CTD 00006207,0.0914680169101072,10.937362637362638,26.159611098844096,ITGB2,0.2145980396737131,0,0
M12_module,drug repositioning,517,benfluorex MCF7 UP,0.0914680169101072,10.937362637362638,26.159611098844096,CCL5,0.2145980396737131,0,0
M12_module,drug repositioning,518,lanatoside C CTD 00000952,0.0914680169101072,10.937362637362638,26.159611098844096,CCL5,0.2145980396737131,0,0
M12_module,drug repositioning,519,clozapine TTD 00007243,0.0914680169101072,10.937362637362638,26.159611098844096,HTR2B,0.2145980396737131,0,0
M12_module,drug repositioning,520,D-MONAPTERIN BOSS,0.0914680169101072,10.937362637362638,26.159611098844096,CXCL10,0.2145980396737131,0,0
M12_module,drug repositioning,521,digoxin MCF7 UP,0.091651328625113,2.9095089749295355,6.953039247551892,ZFP36;MTF2;FOS,0.2146153952449863,0,0
M12_module,drug repositioning,522,thioridazine MCF7 UP,0.0928723620373698,4.040236928104576,9.601740952597511,ZFP36;FOS,0.2162364642618748,0,0
M12_module,drug repositioning,523,Torcetrapib CTD 00004291,0.0935916974404933,2.8821281599059376,6.827224387868573,GLIPR1;TNFRSF12A;FOS,0.2162364642618748,0,0
M12_module,drug repositioning,524,carisoprodol BOSS,0.0938851981414721,4.013798701298701,9.495373504608214,CCL5;CXCL1,0.2162364642618748,0,0
M12_module,drug repositioning,525,digitoxigenin MCF7 UP,0.0942422997510972,2.873113553113553,6.785967126419574,ZFP36;MTF2;FOS,0.2162364642618748,0,0
M12_module,drug repositioning,526,bromocriptine CTD 00005530,0.0944705208619502,10.559681697612731,24.915225160225248,HTR2B,0.2162364642618748,0,0
M12_module,drug repositioning,527,budesonide HL60 UP,0.0944705208619502,10.559681697612731,24.915225160225248,CEBPD,0.2162364642618748,0,0
M12_module,drug repositioning,528,colforsin MCF7 DOWN,0.0944705208619502,10.559681697612731,24.915225160225248,TNFRSF12A,0.2162364642618748,0,0
M12_module,drug repositioning,529,Digitoxigenin CTD 00005821,0.0944705208619502,10.559681697612731,24.915225160225248,CCL5,0.2162364642618748,0,0
M12_module,drug repositioning,530,homochlorcyclizine PC3 UP,0.0944705208619502,10.559681697612731,24.915225160225248,SERPINE1,0.2162364642618748,0,0
M12_module,drug repositioning,531,succinylsulfathiazole PC3 UP,0.0944705208619502,10.559681697612731,24.915225160225248,CCL5,0.2162364642618748,0,0
M12_module,drug repositioning,532,chlorophyllin CTD 00000324,0.0944705208619502,10.559681697612731,24.915225160225248,CXCL10,0.2162364642618748,0,0
M12_module,drug repositioning,533,fumaric acid BOSS,0.0944705208619502,10.559681697612731,24.915225160225248,CLEC4D,0.2162364642618748,0,0
M12_module,drug repositioning,534,hydrogen peroxide CTD 00006118,0.0955291535469241,1.5928642360618528,3.740561004217224,CSF1R;TNFRSF12A;CEBPD;FZD4;SERPINE1;RRAS2;FOS;CTSS;ZFP36;CCL5;S100A4;CD68;CD300LF,0.216585004671328,0,0
M12_module,drug repositioning,535,Cyperquat CTD 00007079,0.0969430608844355,3.936504777070064,9.186351445411768,RRAS2;FOS,0.216585004671328,0,0
M12_module,drug repositioning,536,CHIR-265/RAF-265 Kinome Scan,0.0974632521020976,10.207179487179488,23.765170565615563,CSF1R,0.216585004671328,0,0
M12_module,drug repositioning,537,L 741211 CTD 00003280,0.0974632521020976,10.207179487179488,23.765170565615563,SERPINE1,0.216585004671328,0,0
M12_module,drug repositioning,538,cyproheptadine PC3 UP,0.0974632521020976,10.207179487179488,23.765170565615563,MMP13,0.216585004671328,0,0
M12_module,drug repositioning,539,lasalocid HL60 UP,0.0974632521020976,10.207179487179488,23.765170565615563,LGALS3,0.216585004671328,0,0
M12_module,drug repositioning,540,HMN-176 CTD 00004250,0.0974632521020976,10.207179487179488,23.765170565615563,TIMP1,0.216585004671328,0,0
M12_module,drug repositioning,541,TIRON CTD 00006898,0.0974632521020976,10.207179487179488,23.765170565615563,CXCL1,0.216585004671328,0,0
M12_module,drug repositioning,542,methimazole CTD 00006291,0.0974632521020976,10.207179487179488,23.765170565615563,LGALS3,0.216585004671328,0,0
M12_module,drug repositioning,543,AMPHETAMINE CTD 00005391,0.0974632521020976,10.207179487179488,23.765170565615563,FOS,0.216585004671328,0,0
M12_module,drug repositioning,544,"Indeno[1,2,3-cd]pyrene CTD 00001895",0.0974632521020976,10.207179487179488,23.765170565615563,TIMP1,0.216585004671328,0,0
M12_module,drug repositioning,545,peptidoglycan CTD 00006490,0.0974632521020976,10.207179487179488,23.765170565615563,CLEC7A,0.216585004671328,0,0
M12_module,drug repositioning,546,ritanserin TTD 00010642,0.0974632521020976,10.207179487179488,23.765170565615563,HTR2B,0.216585004671328,0,0
M12_module,drug repositioning,547,captopril BOSS,0.0974632521020976,10.207179487179488,23.765170565615563,MMP12,0.216585004671328,0,0
M12_module,drug repositioning,548,AC-42 TTD 00001459,0.0974632521020976,10.207179487179488,23.765170565615563,HTR2B,0.216585004671328,0,0
M12_module,drug repositioning,549,ritanserin CTD 00007138,0.0974632521020976,10.207179487179488,23.765170565615563,HTR2B,0.216585004671328,0,0
M12_module,drug repositioning,550,menadione HL60 UP,0.0981854721464992,2.820169759746799,6.545323580144628,LGALS3;SERPINE1;FOS,0.217793229124962,0,0
M12_module,drug repositioning,551,indomethacin CTD 00006147,0.0988491968837828,2.8115318416523234,6.506334116176301,CXCL10;SERPINE1;TIMP1,0.2188675502689928,0,0
M12_module,drug repositioning,552,5-Fluorouracil CTD 00005987,0.1003590149570035,1.8604779802850864,4.277241430419031,LGALS3;DRAM1;ANXA3;RGS1;ITGB2;S100A4;FOS,0.2196136472939399,0,0
M12_module,drug repositioning,553,amitriptyline,0.1004462419590315,9.87741935483871,22.69961942793217,HTR2B,0.2196136472939399,0,0
M12_module,drug repositioning,554,metergoline CTD 00006290,0.1004462419590315,9.87741935483871,22.69961942793217,HTR2B,0.2196136472939399,0,0
M12_module,drug repositioning,555,cacodylic acid CTD 00005554,0.1004462419590315,9.87741935483871,22.69961942793217,CD68,0.2196136472939399,0,0
M12_module,drug repositioning,556,141-05-9 CTD 00000755,0.1004462419590315,9.87741935483871,22.69961942793217,ZFP36,0.2196136472939399,0,0
M12_module,drug repositioning,557,2-tert-Butyl-4-methoxyphenol CTD 00005547,0.1004462419590315,9.87741935483871,22.69961942793217,FOS,0.2196136472939399,0,0
M12_module,drug repositioning,558,AC1NUPCX TTD 00001530,0.1004462419590315,9.87741935483871,22.69961942793217,HTR2B,0.2196136472939399,0,0
M12_module,drug repositioning,559,COPPER CTD 00005706,0.1018871389367694,1.7167173442838783,3.920792818899732,ZFP36;GLIPR1;MMP13;ANXA3;FZD4;CCL5;SERPINE1;FOS;ARNTL,0.2221334796018737,0,0
M12_module,drug repositioning,560,sertraline,0.1034195216507084,9.56826923076923,21.710034863454165,HTR2B,0.2221334796018737,0,0
M12_module,drug repositioning,561,5-Aminosalicylic acid CTD 00007308,0.1034195216507084,9.56826923076923,21.710034863454165,CXCL1,0.2221334796018737,0,0
M12_module,drug repositioning,562,Regorafenib FDA,0.1034195216507084,9.56826923076923,21.710034863454165,CSF1R,0.2221334796018737,0,0
M12_module,drug repositioning,563,isopropanol CTD 00007325,0.1034195216507084,9.56826923076923,21.710034863454165,FOS,0.2221334796018737,0,0
M12_module,drug repositioning,564,AH 6809 CTD 00002290,0.1034195216507084,9.56826923076923,21.710034863454165,FOS,0.2221334796018737,0,0
M12_module,drug repositioning,565,AH 23848 CTD 00002080,0.1034195216507084,9.56826923076923,21.710034863454165,FOS,0.2221334796018737,0,0
M12_module,drug repositioning,566,CADMIUM SELENIDE CTD 00002452,0.1034195216507084,9.56826923076923,21.710034863454165,SERPINE1,0.2221334796018737,0,0
M12_module,drug repositioning,567,Promegestone CTD 00006626,0.1034195216507084,9.56826923076923,21.710034863454165,FOS,0.2221334796018737,0,0
M12_module,drug repositioning,568,gemfibrozil CTD 00007055,0.1034195216507084,9.56826923076923,21.710034863454165,SERPINE1,0.2221334796018737,0,0
M12_module,drug repositioning,569,trichostatin A HL60 DOWN,0.104404522014161,2.3215033814112154,5.245395776844615,GLIPR1;CEBPD;RGS1;CD14,0.223855038413491,0,0
M12_module,drug repositioning,570,niclosamide PC3 UP,0.1062835512313117,3.7213855421686746,8.342024343715691,CXCL1;ARNTL,0.2257172333444079,0,0
M12_module,drug repositioning,571,Xanthohumol CTD 00003425,0.1063831222729791,9.277855477855478,20.78896814571847,S100A4,0.2257172333444079,0,0
M12_module,drug repositioning,572,fluticasone CTD 00002635,0.1063831222729791,9.277855477855478,20.78896814571847,CCL5,0.2257172333444079,0,0
M12_module,drug repositioning,573,prochlorperazine HL60 UP,0.1063831222729791,9.277855477855478,20.78896814571847,LGALS3,0.2257172333444079,0,0
M12_module,drug repositioning,574,promethazine PC3 UP,0.1063831222729791,9.277855477855478,20.78896814571847,CXCL1,0.2257172333444079,0,0
M12_module,drug repositioning,575,BROMOCRIPTINE MESYLATE BOSS,0.1063831222729791,9.277855477855478,20.78896814571847,HTR2B,0.2257172333444079,0,0
M12_module,drug repositioning,576,pyrvinium MCF7 UP,0.1083916471798902,3.6767113095238098,8.169668150202211,DRAM1;ARNTL,0.2276300876062442,0,0
M12_module,drug repositioning,577,puromycin PC3 UP,0.1091667128536468,2.282316929597363,5.055056042950086,ZFP36;RRAS2;CXCL1;ARNTL,0.2276300876062442,0,0
M12_module,drug repositioning,578,amoxapine,0.1093370748666058,9.004524886877828,19.929892668037816,HTR2B,0.2276300876062442,0,0
M12_module,drug repositioning,579,haloperidol,0.1093370748666058,9.004524886877828,19.929892668037816,HTR2B,0.2276300876062442,0,0
M12_module,drug repositioning,580,Ki-20227 Kinome Scan,0.1093370748666058,9.004524886877828,19.929892668037816,CSF1R,0.2276300876062442,0,0
M12_module,drug repositioning,581,Tauroursodeoxycholic acid CTD 00001524,0.1093370748666058,9.004524886877828,19.929892668037816,FOS,0.2276300876062442,0,0
M12_module,drug repositioning,582,N-formylmethionylleucylphenylalanine CTD 00006360,0.1093370748666058,9.004524886877828,19.929892668037816,ITGB2,0.2276300876062442,0,0
M12_module,drug repositioning,583,Methylbenzethonium chloride CTD 00000197,0.1093370748666058,9.004524886877828,19.929892668037816,CCL5,0.2276300876062442,0,0
M12_module,drug repositioning,584,oxozinc CTD 00007012,0.1093370748666058,9.004524886877828,19.929892668037816,ZFP36,0.2276300876062442,0,0
M12_module,drug repositioning,585,clonidine PC3 UP,0.1093370748666058,9.004524886877828,19.929892668037816,CCL5,0.2276300876062442,0,0
M12_module,drug repositioning,586,Stannic fluoride BOSS,0.1093370748666058,9.004524886877828,19.929892668037816,MMP13,0.2276300876062442,0,0
M12_module,drug repositioning,587,genistein CTD 00007324,0.1102289649406719,1.813587016727595,3.999314067878689,TNFRSF12A;CEBPD;ANXA3;SERPINE1;TIMP1;FOS;GBP2,0.2290690980311105,0,0
M12_module,drug repositioning,588,5-azacytidine CTD 00005455,0.1104094718323585,2.672260881429936,5.8884854595627205,ITGB2;TIMP1;GBP2,0.2290690980311105,0,0
M12_module,drug repositioning,589,MG-132 CTD 00002789,0.1115748589994901,3.6116593567251463,7.920583979311403,CEBPD;CXCL1,0.2290690980311105,0,0
M12_module,drug repositioning,590,COBALT CTD 00005696,0.1115748589994901,3.6116593567251463,7.920583979311403,TIMP1;FOS,0.2290690980311105,0,0
M12_module,drug repositioning,591,cicloheximide MCF7 UP,0.1118030097992356,2.656762990096323,5.821012337858484,ZFP36;TNFRSF12A;CEBPD,0.2290690980311105,0,0
M12_module,drug repositioning,592,benzethonium chloride HL60 DOWN,0.1122814103463968,8.746813186813187,19.127067203604,RGS1,0.2290690980311105,0,0
M12_module,drug repositioning,593,palmitic acid CTD 00007272,0.1122814103463968,8.746813186813187,19.127067203604,SERPINE1,0.2290690980311105,0,0
M12_module,drug repositioning,594,Destruxin B CTD 00001859,0.1122814103463968,8.746813186813187,19.127067203604,FOS,0.2290690980311105,0,0
M12_module,drug repositioning,595,harmol PC3 DOWN,0.1122814103463968,8.746813186813187,19.127067203604,SERPINE1,0.2290690980311105,0,0
M12_module,drug repositioning,596,adenosine CTD 00005319,0.1122814103463968,8.746813186813187,19.127067203604,CD14,0.2290690980311105,0,0
M12_module,drug repositioning,597,pyrithione CTD 00000427,0.1122814103463968,8.746813186813187,19.127067203604,CD14,0.2290690980311105,0,0
M12_module,drug repositioning,598,sulconazole MCF7 UP,0.1122814103463968,8.746813186813187,19.127067203604,FOS,0.2290690980311105,0,0
M12_module,drug repositioning,599,Dasatinib RBC,0.1152161595492861,8.503418803418803,18.37542261395164,CSF1R,0.2334945426081879,0,0
M12_module,drug repositioning,600,dioxidanide CTD 00006819,0.1152161595492861,8.503418803418803,18.37542261395164,SERPINE1,0.2334945426081879,0,0
M12_module,drug repositioning,601,miconazole MCF7 UP,0.1152161595492861,8.503418803418803,18.37542261395164,FOS,0.2334945426081879,0,0
M12_module,drug repositioning,602,securinine PC3 DOWN,0.1152161595492861,8.503418803418803,18.37542261395164,FZD4,0.2334945426081879,0,0
M12_module,drug repositioning,603,dUTP BOSS,0.1180142512002041,3.4881709039548023,7.454046425760574,MMP13;CD68,0.2366706911257274,0,0
M12_module,drug repositioning,604,Nilotinib Kinome Scan,0.1181413531930885,8.273180873180873,17.67046748179394,CSF1R,0.2366706911257274,0,0
M12_module,drug repositioning,605,piperine CTD 00000442,0.1181413531930885,8.273180873180873,17.67046748179394,FOS,0.2366706911257274,0,0
M12_module,drug repositioning,606,isoflupredone HL60 UP,0.1181413531930885,8.273180873180873,17.67046748179394,CEBPD,0.2366706911257274,0,0
M12_module,drug repositioning,607,ketoconazole HL60 DOWN,0.1181413531930885,8.273180873180873,17.67046748179394,RGS1,0.2366706911257274,0,0
M12_module,drug repositioning,608,prenylamine HL60 UP,0.1181413531930885,8.273180873180873,17.67046748179394,CXCL10,0.2366706911257274,0,0
M12_module,drug repositioning,609,spiperone BOSS,0.1181413531930885,8.273180873180873,17.67046748179394,HTR2B,0.2366706911257274,0,0
M12_module,drug repositioning,610,histamine BOSS,0.1190966086671949,3.4683988764044944,7.3801294603411085,CXCL10;CCL5,0.237825389266413,0,0
M12_module,drug repositioning,611,parthenolide HL60 DOWN,0.1201814983166194,3.4488477653631286,7.307253765783274,RGS1;CD14,0.237825389266413,0,0
M12_module,drug repositioning,612,tubocurarine CTD 00006958,0.1210570219134774,8.05506072874494,17.00820908701037,FOS,0.237825389266413,0,0
M12_module,drug repositioning,613,Barasertib LINCS,0.1210570219134774,8.05506072874494,17.00820908701037,CSF1R,0.237825389266413,0,0
M12_module,drug repositioning,614,Nilotinib FDA,0.1210570219134774,8.05506072874494,17.00820908701037,CSF1R,0.237825389266413,0,0
M12_module,drug repositioning,615,Axitinib FDA,0.1210570219134774,8.05506072874494,17.00820908701037,CSF1R,0.237825389266413,0,0
M12_module,drug repositioning,616,AG-013736 Kinome Scan,0.1210570219134774,8.05506072874494,17.00820908701037,CSF1R,0.237825389266413,0,0
M12_module,drug repositioning,617,Clofop [ISO] CTD 00000269,0.1210570219134774,8.05506072874494,17.00820908701037,SERPINE1,0.237825389266413,0,0
M12_module,drug repositioning,618,pyrantel HL60 UP,0.1210570219134774,8.05506072874494,17.00820908701037,RGS1,0.237825389266413,0,0
M12_module,drug repositioning,619,spiperone CTD 00006773,0.1210570219134774,8.05506072874494,17.00820908701037,HTR2B,0.237825389266413,0,0
M12_module,drug repositioning,620,"1,2-NAPHTHOQUINONE CTD 00001871",0.1210570219134774,8.05506072874494,17.00820908701037,FOS,0.237825389266413,0,0
M12_module,drug repositioning,621,Tetradioxin BOSS,0.1210570219134774,8.05506072874494,17.00820908701037,ITGB2,0.237825389266413,0,0
M12_module,drug repositioning,622,terfenadine MCF7 UP,0.1234510828890657,3.3914835164835164,7.094679271060613,ZFP36;FOS,0.2400557133652876,0,0
M12_module,drug repositioning,623,Melatonin BOSS,0.1234510828890657,3.3914835164835164,7.094679271060613,HTR2B;ARNTL,0.2400557133652876,0,0
M12_module,drug repositioning,624,minoxidil PC3 UP,0.1239191090583917,2.531832298136646,5.286785539431863,RGS1;CCL5;CXCL13,0.2400557133652876,0,0
M12_module,drug repositioning,625,thioridazine,0.1239631962460091,7.848126232741618,16.38508691479256,HTR2B,0.2400557133652876,0,0
M12_module,drug repositioning,626,spironolactone CTD 00006774,0.1239631962460091,7.848126232741618,16.38508691479256,SERPINE1,0.2400557133652876,0,0
M12_module,drug repositioning,627,propylthiouracil PC3 DOWN,0.1239631962460091,7.848126232741618,16.38508691479256,CCL5,0.2400557133652876,0,0
M12_module,drug repositioning,628,"2,6-Di-tert-butyl-4-methylphenol CTD 00005548",0.1239631962460091,7.848126232741618,16.38508691479256,SERPINE1,0.2400557133652876,0,0
M12_module,drug repositioning,629,trifluoperazine MCF7 UP,0.1239631962460091,7.848126232741618,16.38508691479256,FOS,0.2400557133652876,0,0
M12_module,drug repositioning,630,spiperone TTD 00011044,0.1239631962460091,7.848126232741618,16.38508691479256,HTR2B,0.2400557133652876,0,0
M12_module,drug repositioning,631,Sunitinib CTD 00004175,0.1268599066306127,7.651538461538461,15.797916443973,CSF1R,0.2422051425498397,0,0
M12_module,drug repositioning,632,TETRACHLOROETHYLENE CTD 00006849,0.1268599066306127,7.651538461538461,15.797916443973,FOS,0.2422051425498397,0,0
M12_module,drug repositioning,633,RUTIN CTD 00006712,0.1268599066306127,7.651538461538461,15.797916443973,CXCL10,0.2422051425498397,0,0
M12_module,drug repositioning,634,benzethonium chloride CTD 00005485,0.1268599066306127,7.651538461538461,15.797916443973,CCL5,0.2422051425498397,0,0
M12_module,drug repositioning,635,CHEMBL35349 CTD 00001274,0.1268599066306127,7.651538461538461,15.797916443973,ITGB2,0.2422051425498397,0,0
M12_module,drug repositioning,636,quinisocaine MCF7 UP,0.1268599066306127,7.651538461538461,15.797916443973,FOS,0.2422051425498397,0,0
M12_module,drug repositioning,637,FLUORANTHENE CTD 00000365,0.1268599066306127,7.651538461538461,15.797916443973,TYROBP,0.2422051425498397,0,0
M12_module,drug repositioning,638,Salbutamol CTD 00005336,0.1268599066306127,7.651538461538461,15.797916443973,CCL5,0.2422051425498397,0,0
M12_module,drug repositioning,639,SMR000103217 TTD 00010985,0.1268599066306127,7.651538461538461,15.797916443973,MMP13,0.2422051425498397,0,0
M12_module,drug repositioning,640,Prestwick-983 HL60 UP,0.1289484673318831,3.299966577540107,6.759461566542831,TIMP1;FOS,0.2426100819477819,0,0
M12_module,drug repositioning,641,proscillaridin MCF7 UP,0.1290438182550526,2.4836825396825395,5.085596454880107,ZFP36;MTF2;FOS,0.2426100819477819,0,0
M12_module,drug repositioning,642,AFLATOXIN B1 CTD 00007128,0.1291146779876112,1.480637556118482,3.0309454654487773,ANXA3;FZD4;SERPINE1;ITGB2;FOS;OSMR;MMP12;CXCL10;GLIPR1;DRAM1;CLCA2;IGFBP7;TIMP1;GBP2,0.2426100819477819,0,0
M12_module,drug repositioning,643,DIALLYL DISULFIDE CTD 00001321,0.1297471834376009,7.464540337711069,15.243841417224631,TIMP1,0.2426100819477819,0,0
M12_module,drug repositioning,644,PLX4032 LINCS,0.1297471834376009,7.464540337711069,15.243841417224631,CSF1R,0.2426100819477819,0,0
M12_module,drug repositioning,645,PLX-4720 LINCS,0.1297471834376009,7.464540337711069,15.243841417224631,CSF1R,0.2426100819477819,0,0
M12_module,drug repositioning,646,amantadine PC3 DOWN,0.1297471834376009,7.464540337711069,15.243841417224631,ARNTL,0.2426100819477819,0,0
M12_module,drug repositioning,647,busulfan CTD 00005543,0.1297471834376009,7.464540337711069,15.243841417224631,SERPINE1,0.2426100819477819,0,0
M12_module,drug repositioning,648,Telmisartan CTD 00003021,0.1297471834376009,7.464540337711069,15.243841417224631,CCL5,0.2426100819477819,0,0
M12_module,drug repositioning,649,orciprenaline HL60 UP,0.1297471834376009,7.464540337711069,15.243841417224631,TIMP1,0.2426100819477819,0,0
M12_module,drug repositioning,650,rimexolone HL60 DOWN,0.1297471834376009,7.464540337711069,15.243841417224631,RGS1,0.2426100819477819,0,0
M12_module,drug repositioning,651,N-Formyl-Met-Leu-Phe BOSS,0.1297471834376009,7.464540337711069,15.243841417224631,ITGB2,0.2426100819477819,0,0
M12_module,drug repositioning,652,actinomycin D CTD 00005748,0.1300549127818437,3.282247340425532,6.6951232400335075,LGALS3;FOS,0.2426100819477819,0,0
M12_module,drug repositioning,653,D-Norepinephrine d-bitartrate BOSS,0.1300549127818437,3.282247340425532,6.6951232400335075,HTR2B;ARNTL,0.2426100819477819,0,0
M12_module,drug repositioning,654,HEXACHLOROETHANE BOSS,0.1300549127818437,3.282247340425532,6.6951232400335075,CCL5;ITGB2,0.2426100819477819,0,0
M12_module,drug repositioning,655,dihydroergocristine HL60 DOWN,0.132274559512962,3.2473684210526317,6.569022084286854,ANXA3;IGFBP7,0.2437236199092185,0,0
M12_module,drug repositioning,656,Phetharbital BOSS,0.132274559512962,3.2473684210526317,6.569022084286854,ITGB2;CD68,0.2437236199092185,0,0
M12_module,drug repositioning,657,cyclosporin A BOSS,0.132274559512962,3.2473684210526317,6.569022084286854,CCL5;CD68,0.2437236199092185,0,0
M12_module,drug repositioning,658,FLUPHENAZINE,0.1326250568596398,7.286446886446886,14.720293152785615,HTR2B,0.2437236199092185,0,0
M12_module,drug repositioning,659,Sorafenib Kinome Scan,0.1326250568596398,7.286446886446886,14.720293152785615,CSF1R,0.2437236199092185,0,0
M12_module,drug repositioning,660,ABT-869 Kinome Scan,0.1326250568596398,7.286446886446886,14.720293152785615,CSF1R,0.2437236199092185,0,0
M12_module,drug repositioning,661,0173570-0000 PC3 DOWN,0.1326250568596398,7.286446886446886,14.720293152785615,SERPINE1,0.2437236199092185,0,0
M12_module,drug repositioning,662,Andrographolide CTD 00001445,0.1326250568596398,7.286446886446886,14.720293152785615,FOS,0.2437236199092185,0,0
M12_module,drug repositioning,663,octopamine PC3 DOWN,0.1326250568596398,7.286446886446886,14.720293152785615,CCL5,0.2437236199092185,0,0
M12_module,drug repositioning,664,cytarabine CTD 00005743,0.1326495767374763,2.1152542372881356,4.272907453819085,CEBPD;RGS1;S100A4;TIMP1,0.2437236199092185,0,0
M12_module,drug repositioning,665,ethisterone BOSS,0.1333877082677759,3.2302028795811517,6.507228492044321,ITGB2;IL2RG,0.2443438499800099,0,0
M12_module,drug repositioning,666,Simvastatin and niacin BOSS,0.1333877082677759,3.2302028795811517,6.507228492044321,MMP13;ITGB2,0.2443438499800099,0,0
M12_module,drug repositioning,667,PIPERONYL BUTOXIDE BOSS,0.1345030391506622,3.2132161458333335,6.446252964949913,CCL5;CD68,0.2460175528692771,0,0
M12_module,drug repositioning,668,Vemurafenib FDA,0.1354935571079204,7.116636851520572,14.224955698267507,CSF1R,0.2467694610119315,0,0
M12_module,drug repositioning,669,STYRENE CTD 00001125,0.1354935571079204,7.116636851520572,14.224955698267507,FOS,0.2467694610119315,0,0
M12_module,drug repositioning,670,valproic acid HL60 DOWN,0.1356205262743957,3.196405440414508,6.386080980951477,CEBPD;CD14,0.2467694610119315,0,0
M12_module,drug repositioning,671,apigenin HL60 UP,0.1367401438675778,3.1797680412371134,6.326698345635204,HTR2B;RRAS2,0.2467694610119315,0,0
M12_module,drug repositioning,672,water BOSS,0.1367401438675778,3.1797680412371134,6.326698345635204,MMP13;CCL5,0.2467694610119315,0,0
M12_module,drug repositioning,673,piperlongumine HL60 DOWN,0.1372485182529246,2.411547002220577,4.789240694655114,CLEC7A;RGS1;CD14,0.2467694610119315,0,0
M12_module,drug repositioning,674,SU11652 RBC,0.1383527142066894,6.954545454545454,13.755735911077744,CSF1R,0.2467694610119315,0,0
M12_module,drug repositioning,675,serotonin CTD 00006734,0.1383527142066894,6.954545454545454,13.755735911077744,HTR2B,0.2467694610119315,0,0
M12_module,drug repositioning,676,LY-294002 PC3 UP,0.1383527142066894,6.954545454545454,13.755735911077744,FZD4,0.2467694610119315,0,0
M12_module,drug repositioning,677,capsazepine CTD 00002764,0.1383527142066894,6.954545454545454,13.755735911077744,TIMP1,0.2467694610119315,0,0
M12_module,drug repositioning,678,chrysin HL60 UP,0.1383527142066894,6.954545454545454,13.755735911077744,HTR2B,0.2467694610119315,0,0
M12_module,drug repositioning,679,Org-2058 CTD 00000993,0.1383527142066894,6.954545454545454,13.755735911077744,CEBPD,0.2467694610119315,0,0
M12_module,drug repositioning,680,"2,2',3,4,4',5,5'-HEPTACHLOROBIPHENYL CTD 00003812",0.1383527142066894,6.954545454545454,13.755735911077744,FOS,0.2467694610119315,0,0
M12_module,drug repositioning,681,metoprolol HL60 UP,0.1383527142066894,6.954545454545454,13.755735911077744,CD14,0.2467694610119315,0,0
M12_module,drug repositioning,682,Diquat dication CTD 00005858,0.1383527142066894,6.954545454545454,13.755735911077744,SERPINE1,0.2467694610119315,0,0
M12_module,drug repositioning,683,Toluidine Blue O BOSS,0.1383527142066894,6.954545454545454,13.755735911077744,MMP13,0.2467694610119315,0,0
M12_module,drug repositioning,684,Bazedoxifene CTD 00004022,0.1383527142066894,6.954545454545454,13.755735911077744,FOS,0.2467694610119315,0,0
M12_module,drug repositioning,685,Acid red 87 BOSS,0.138985668112641,3.147002551020408,6.210245924321761,MMP13;CD68,0.2475365183903972,0,0
M12_module,drug repositioning,686,amiodarone,0.1412025581168882,6.79965811965812,13.31073764113508,HTR2B,0.248581704044161,0,0
M12_module,drug repositioning,687,Retinoic acid,0.1412025581168882,6.79965811965812,13.31073764113508,HTR2B,0.248581704044161,0,0
M12_module,drug repositioning,688,catechol CTD 00001636,0.1412025581168882,6.79965811965812,13.31073764113508,CCL5,0.248581704044161,0,0
M12_module,drug repositioning,689,AZD-2171 Kinome Scan,0.1412025581168882,6.79965811965812,13.31073764113508,CSF1R,0.248581704044161,0,0
M12_module,drug repositioning,690,colchicine SKMEL5 UP,0.1412025581168882,6.79965811965812,13.31073764113508,CXCL1,0.248581704044161,0,0
M12_module,drug repositioning,691,tetracycline CTD 00006851,0.1412025581168882,6.79965811965812,13.31073764113508,MMP13,0.248581704044161,0,0
M12_module,drug repositioning,692,Ferriheme chloride CTD 00006079,0.1412025581168882,6.79965811965812,13.31073764113508,FOS,0.248581704044161,0,0
M12_module,drug repositioning,693,4-tert-Octylphenol CTD 00003436,0.1412025581168882,6.79965811965812,13.31073764113508,CSF1R,0.248581704044161,0,0
M12_module,drug repositioning,694,L-thyroxine BOSS,0.1423692970157044,3.0990891959798996,6.0411503752657545,CXCL10;CD68,0.2502745567134862,0,0
M12_module,drug repositioning,695,clozapine,0.1440431187274462,6.651505016722408,12.88823939882601,HTR2B,0.2514057293955428,0,0
M12_module,drug repositioning,696,BW-B70C MCF7 UP,0.1440431187274462,6.651505016722408,12.88823939882601,FOS,0.2514057293955428,0,0
M12_module,drug repositioning,697,betulinic acid HL60 DOWN,0.1440431187274462,6.651505016722408,12.88823939882601,RGS1,0.2514057293955428,0,0
M12_module,drug repositioning,698,AMILORIDE CTD 00005369,0.1440431187274462,6.651505016722408,12.88823939882601,FOS,0.2514057293955428,0,0
M12_module,drug repositioning,699,prednisolone CTD 00006605,0.1440431187274462,6.651505016722408,12.88823939882601,ARNTL,0.2514057293955428,0,0
M12_module,drug repositioning,700,NICKEL CHLORIDE CTD 00001064,0.1448609554952493,2.3494468494468492,4.53908649566061,CEBPD;CCL5;CXCL1,0.2524719510060059,0,0
M12_module,drug repositioning,701,BUTHIONINE SULFOXIMINE CTD 00007280,0.1468744257960715,6.509656301145663,12.48667497086592,CCL5,0.2549477071985067,0,0
M12_module,drug repositioning,702,butyric acid CTD 00007353,0.1468744257960715,6.509656301145663,12.48667497086592,CLEC7A,0.2549477071985067,0,0
M12_module,drug repositioning,703,norgestrel CTD 00006422,0.1469083919348772,3.0374076354679804,5.825584039194937,CXCL10;SERPINE1,0.2549477071985067,0,0
M12_module,drug repositioning,704,Methaneseleninic acid CTD 00000412,0.1471720746820581,2.331423797589211,4.467364239427374,S100A4;CD14;GBP2,0.2550425157842484,0,0
M12_module,drug repositioning,705,proscillaridin HL60 DOWN,0.1481601155009178,2.0232509426057814,3.86332024208914,GLIPR1;CEBPD;RGS1;ARNTL,0.2561426942483402,0,0
M12_module,drug repositioning,706,lanatoside C MCF7 UP,0.1494954830965737,2.3136697465055676,4.397104134253665,ZFP36;MTF2;FOS,0.2561426942483402,0,0
M12_module,drug repositioning,707,Pazopanib FDA,0.1496965090156283,6.373717948717949,12.104616534894063,CSF1R,0.2561426942483402,0,0
M12_module,drug repositioning,708,"Staurosporine, N-benzoyl- RBC",0.1496965090156283,6.373717948717949,12.104616534894063,CSF1R,0.2561426942483402,0,0
M12_module,drug repositioning,709,Pazopanib Kinome Scan,0.1496965090156283,6.373717948717949,12.104616534894063,CSF1R,0.2561426942483402,0,0
M12_module,drug repositioning,710,etoposide HL60 DOWN,0.1496965090156283,6.373717948717949,12.104616534894063,IGFBP7,0.2561426942483402,0,0
M12_module,drug repositioning,711,progesterone HL60 DOWN,0.1496965090156283,6.373717948717949,12.104616534894063,RGS1,0.2561426942483402,0,0
M12_module,drug repositioning,712,Platelet activating factor BOSS,0.1496965090156283,6.373717948717949,12.104616534894063,CCL5,0.2561426942483402,0,0
M12_module,drug repositioning,713,Dasatinib TTD 00007441,0.1496965090156283,6.373717948717949,12.104616534894063,CSF1R,0.2561426942483402,0,0
M12_module,drug repositioning,714,oxytetracycline CTD 00006459,0.1525093979756266,6.243328100470958,11.740759916332207,CCL5,0.2594999519250551,0,0
M12_module,drug repositioning,715,chlorpromazine,0.1525093979756266,6.243328100470958,11.740759916332207,HTR2B,0.2594999519250551,0,0
M12_module,drug repositioning,716,Leptomycin B CTD 00001805,0.1525093979756266,6.243328100470958,11.740759916332207,CXCL10,0.2594999519250551,0,0
M12_module,drug repositioning,717,mycophenolic acid CTD 00006358,0.1525093979756266,6.243328100470958,11.740759916332207,FOS,0.2594999519250551,0,0
M12_module,drug repositioning,718,Cube root extract CTD 00006707,0.1537729728872017,2.9493122009569377,5.521932249605025,FOS;CD14,0.2612855528166938,0,0
M12_module,drug repositioning,719,oleic acid CTD 00007269,0.1553131221552578,6.118153846153846,11.393911673481483,SERPINE1,0.2620774675372262,0,0
M12_module,drug repositioning,720,haloperidol CTD 00006071,0.1553131221552578,6.118153846153846,11.393911673481483,HTR2B,0.2620774675372262,0,0
M12_module,drug repositioning,721,budesonide CTD 00007317,0.1553131221552578,6.118153846153846,11.393911673481483,CCL5,0.2620774675372262,0,0
M12_module,drug repositioning,722,clofibrate CTD 00005684,0.1553131221552578,6.118153846153846,11.393911673481483,CD14,0.2620774675372262,0,0
M12_module,drug repositioning,723,parthenolide CTD 00000087,0.1553131221552578,6.118153846153846,11.393911673481483,CD14,0.2620774675372262,0,0
M12_module,drug repositioning,724,MANGANESE CTD 00006240,0.1560753164253825,2.921060426540284,5.425626098527389,CEBPD;FOS,0.2626370841916782,0,0
M12_module,drug repositioning,725,PARAQUAT CTD 00006471,0.1560753164253825,2.921060426540284,5.425626098527389,CXCL10;SERPINE1,0.2626370841916782,0,0
M12_module,drug repositioning,726,Mustard gas CTD 00006356,0.1572290353830874,2.907134433962264,5.378349038275023,CD93;CCL5,0.264014035567797,0,0
M12_module,drug repositioning,727,trichostatin A PC3 UP,0.1573263966047446,2.2563569116967175,4.172980193117434,ZFP36;SERPINE1;ARNTL,0.264014035567797,0,0
M12_module,drug repositioning,728,norepinephrine CTD 00006417,0.1581077109680406,5.99788838612368,11.06297775242708,CCL5,0.2645972666406166,0,0
M12_module,drug repositioning,729,isoetarine HL60 UP,0.1581077109680406,5.99788838612368,11.06297775242708,TIMP1,0.2645972666406166,0,0
M12_module,drug repositioning,730,emetine MCF7 UP,0.1586720685098392,1.967181368801916,3.621415005136467,ZFP36;CEBPD;FOS;ARNTL,0.2651779775095942,0,0
M12_module,drug repositioning,731,prochlorperazine,0.1608931937032813,5.882248520710059,10.746953500453245,HTR2B,0.2685221563857773,0,0
M12_module,drug repositioning,732,digitoxigenin HL60 UP,0.1620863921869828,2.2232854864433813,4.045547633656297,ZFP36;MTF2;FOS,0.2701439869783047,0,0
M12_module,drug repositioning,733,Bortezomib CTD 00003736,0.1634137127822326,1.7896644320507764,3.2419237482207057,CLEC7A;CCL5;HTR2B;CXCL1;GBP2,0.2705649207598685,0,0
M12_module,drug repositioning,734,CHEBI:18224 CTD 00001728,0.1636695996071991,5.770972423802612,10.444914844508016,ZFP36,0.2705649207598685,0,0
M12_module,drug repositioning,735,HKI-272 Kinome Scan,0.1636695996071991,5.770972423802612,10.444914844508016,CSF1R,0.2705649207598685,0,0
M12_module,drug repositioning,736,ethaverine HL60 DOWN,0.1636695996071991,5.770972423802612,10.444914844508016,RGS1,0.2705649207598685,0,0
M12_module,drug repositioning,737,propofol MCF7 UP,0.1636695996071991,5.770972423802612,10.444914844508016,FOS,0.2705649207598685,0,0
M12_module,drug repositioning,738,hyoscyamine CTD 00005451,0.1636695996071991,5.770972423802612,10.444914844508016,FOS,0.2705649207598685,0,0
M12_module,drug repositioning,739,azathioprine CTD 00005457,0.1664369577851922,5.663817663817664,10.156010490840348,FOS,0.2736564535012594,0,0
M12_module,drug repositioning,740,atovaquone HL60 DOWN,0.1664369577851922,5.663817663817664,10.156010490840348,RGS1,0.2736564535012594,0,0
M12_module,drug repositioning,741,INDIRUBIN-3'-MONOXIME CTD 00004181,0.1664369577851922,5.663817663817664,10.156010490840348,SERPINE1,0.2736564535012594,0,0
M12_module,drug repositioning,742,Methoprene BOSS,0.1664369577851922,5.663817663817664,10.156010490840348,ITGB2,0.2736564535012594,0,0
M12_module,drug repositioning,743,parthenolide MCF7 UP,0.1676847904512397,2.7874717194570136,4.97750269983581,ZFP36;ARNTL,0.2753370718041891,0,0
M12_module,drug repositioning,744,estradiol CTD 00005920,0.1689728026709172,1.3561834182491894,2.411317861640103,TNFRSF12A;CEBPD;ANXA3;SERPINE1;ITGB2;FOS;OSMR;MMP12;CXCL10;LGALS3;ZFP36;GLIPR1;MMP13;DRAM1;CCL5;S100A4;TIMP1;GBP2,0.275591805936583,0,0
M12_module,drug repositioning,745,Sorafenib LINCS,0.1691952972512301,5.560559440559441,9.879455000733476,CSF1R,0.275591805936583,0,0
M12_module,drug repositioning,746,AZ-628 LINCS,0.1691952972512301,5.560559440559441,9.879455000733476,CSF1R,0.275591805936583,0,0
M12_module,drug repositioning,747,CAPECITABINE CTD 00003557,0.1691952972512301,5.560559440559441,9.879455000733476,RRAS2,0.275591805936583,0,0
M12_module,drug repositioning,748,LITHIUM CTD 00006220,0.1691952972512301,5.560559440559441,9.879455000733476,FOS,0.275591805936583,0,0
M12_module,drug repositioning,749,pentachlorophenol CTD 00006479,0.1691952972512301,5.560559440559441,9.879455000733476,FOS,0.275591805936583,0,0
M12_module,drug repositioning,750,POTASSIUM CHROMATE CTD 00001284,0.1704509918998774,1.509199375557538,2.670237715482584,CXCL10;DRAM1;TNFRSF12A;CEBPD;CXCL1;FOS;CD14;GBP2;ARNTL,0.2772669468238006,0,0
M12_module,drug repositioning,751,miconazole,0.1719446469872662,5.460989010989011,9.614522634588267,HTR2B,0.2789527517612564,0,0
M12_module,drug repositioning,752,"1,4-chrysenequinone PC3 DOWN",0.1719446469872662,5.460989010989011,9.614522634588267,FZD4,0.2789527517612564,0,0
M12_module,drug repositioning,753,anisomycin HL60 UP,0.1741097364066028,1.6547535211267606,2.892624176105939,ZFP36;RGS1;MTF2;FOS;IL2RG;GBP2,0.281526741982606,0,0
M12_module,drug repositioning,754,Puerarin CTD 00001616,0.1746850358039612,5.364912280701755,9.360541873693466,FOS,0.281526741982606,0,0
M12_module,drug repositioning,755,chrysin HL60 DOWN,0.1746850358039612,5.364912280701755,9.360541873693466,GLIPR1,0.281526741982606,0,0
M12_module,drug repositioning,756,quinisocaine PC3 UP,0.1746850358039612,5.364912280701755,9.360541873693466,MMP13,0.281526741982606,0,0
M12_module,drug repositioning,757,TACROLIMUS MONOHYDRATE CTD 00007118,0.1746850358039612,5.364912280701755,9.360541873693466,CCL5,0.281526741982606,0,0
M12_module,drug repositioning,758,scriptaid PC3 UP,0.175924147631249,1.884066471163245,3.2739467461969864,ZFP36;SERPINE1;RRAS2;ARNTL,0.2831496835225908,0,0
M12_module,drug repositioning,759,zalcitabine PC3 UP,0.1765117618709834,1.7395873311767824,3.0170841921754414,RGS1;CCL5;CLCA2;CXCL13;CD68,0.2836803680442608,0,0
M12_module,drug repositioning,760,DL-Homocysteine CTD 00006102,0.1774164924735828,5.272148541114058,9.11689052087105,CCL5,0.2836803680442608,0,0
M12_module,drug repositioning,761,Caffeic acid phenethyl ester CTD 00002352,0.1774164924735828,5.272148541114058,9.11689052087105,CD14,0.2836803680442608,0,0
M12_module,drug repositioning,762,protoporphyrin IX CTD 00001323,0.1774164924735828,5.272148541114058,9.11689052087105,FOS,0.2836803680442608,0,0
M12_module,drug repositioning,763,PONATINIB CTD 00004976,0.1774164924735828,5.272148541114058,9.11689052087105,CSF1R,0.2836803680442608,0,0
M12_module,drug repositioning,764,diethylstilbestrol,0.1801390456585259,5.182529335071708,8.88299132386989,HTR2B,0.2865314676706671,0,0
M12_module,drug repositioning,765,Sorafenib FDA,0.1801390456585259,5.182529335071708,8.88299132386989,CSF1R,0.2865314676706671,0,0
M12_module,drug repositioning,766,STOCK1N-35696 PC3 DOWN,0.1801390456585259,5.182529335071708,8.88299132386989,TNFRSF12A,0.2865314676706671,0,0
M12_module,drug repositioning,767,endosulfan CTD 00005896,0.1801390456585259,5.182529335071708,8.88299132386989,S100A4,0.2865314676706671,0,0
M12_module,drug repositioning,768,cimetidine CTD 00005672,0.1828527239724489,5.095897435897436,8.658308048703326,CD14,0.2893389406567933,0,0
M12_module,drug repositioning,769,tamoxifen MCF7 UP,0.1828527239724489,5.095897435897436,8.658308048703326,FOS,0.2893389406567933,0,0
M12_module,drug repositioning,770,vanoxerine MCF7 UP,0.1828527239724489,5.095897435897436,8.658308048703326,ZFP36,0.2893389406567933,0,0
M12_module,drug repositioning,771,Electrocorundum CTD 00005364,0.1828527239724489,5.095897435897436,8.658308048703326,FOS,0.2893389406567933,0,0
M12_module,drug repositioning,772,hesperetin PC3 DOWN,0.1841794193484545,2.6195478723404255,4.431868685399666,SERPINE1;RRAS2,0.2906842064749217,0,0
M12_module,drug repositioning,773,"3,3',4,4',5-Pentachlorobiphenyl CTD 00001077",0.1841794193484545,2.6195478723404255,4.431868685399666,CXCL10;SERPINE1,0.2906842064749217,0,0
M12_module,drug repositioning,774,Lead dichloride CTD 00001407,0.1855575558454358,5.012105926860025,8.442341959014975,CCL5,0.2917270852209171,0,0
M12_module,drug repositioning,775,Chromium(III) oxide CTD 00001091,0.1855575558454358,5.012105926860025,8.442341959014975,IGFBP7,0.2917270852209171,0,0
M12_module,drug repositioning,776,dopamine CTD 00005870,0.1855575558454358,5.012105926860025,8.442341959014975,FOS,0.2917270852209171,0,0
M12_module,drug repositioning,777,WZ4002 LINCS,0.1882535696845751,4.931017369727047,8.23462864086336,CSF1R,0.2936948273851428,0,0
M12_module,drug repositioning,778,dequalinium chloride HL60 DOWN,0.1882535696845751,4.931017369727047,8.23462864086336,RGS1,0.2936948273851428,0,0
M12_module,drug repositioning,779,etynodiol HL60 UP,0.1882535696845751,4.931017369727047,8.23462864086336,CEBPD,0.2936948273851428,0,0
M12_module,drug repositioning,780,Dibenziodolium CTD 00000351,0.1882535696845751,4.931017369727047,8.23462864086336,MMP13,0.2936948273851428,0,0
M12_module,drug repositioning,781,digoxin CTD 00005825,0.1882535696845751,4.931017369727047,8.23462864086336,CCL5,0.2936948273851428,0,0
M12_module,drug repositioning,782,thiostrepton PC3 DOWN,0.1882535696845751,4.931017369727047,8.23462864086336,CXCL1,0.2936948273851428,0,0
M12_module,drug repositioning,783,puromycin MCF7 UP,0.1901288392837983,2.564322916666667,4.256912810175382,TNFRSF12A;ARNTL,0.2937550673975405,0,0
M12_module,drug repositioning,784,pregnenolone PC3 UP,0.1906829559639161,2.047829286239882,3.393546266981418,RGS1;CCL5;IGFBP7,0.2937550673975405,0,0
M12_module,drug repositioning,785,PHA-665752 Kinome Scan,0.1909407938084013,4.852503052503052,8.034735147399807,CSF1R,0.2937550673975405,0,0
M12_module,drug repositioning,786,JWE-035 LINCS,0.1909407938084013,4.852503052503052,8.034735147399807,CSF1R,0.2937550673975405,0,0
M12_module,drug repositioning,787,JNK-9L LINCS,0.1909407938084013,4.852503052503052,8.034735147399807,CSF1R,0.2937550673975405,0,0
M12_module,drug repositioning,788,FCCP CTD 00005590,0.1909407938084013,4.852503052503052,8.034735147399807,SERPINE1,0.2937550673975405,0,0
M12_module,drug repositioning,789,QUINOLINE CTD 00001749,0.1909407938084013,4.852503052503052,8.034735147399807,LGALS3,0.2937550673975405,0,0
M12_module,drug repositioning,790,enoxaparin CTD 00006081,0.1909407938084013,4.852503052503052,8.034735147399807,FOS,0.2937550673975405,0,0
M12_module,drug repositioning,791,succinic acid BOSS,0.1909407938084013,4.852503052503052,8.034735147399807,CLEC4D,0.2937550673975405,0,0
M12_module,drug repositioning,792,ionomycin BOSS,0.1909407938084013,4.852503052503052,8.034735147399807,CCL5,0.2937550673975405,0,0
M12_module,drug repositioning,793,MINOCYCLINE HYDROCHLORIDE BOSS,0.1909407938084013,4.852503052503052,8.034735147399807,CD68,0.2937550673975405,0,0
M12_module,drug repositioning,794,digoxigenin HL60 UP,0.1925162293501209,2.542871900826446,4.189571715547762,FOS;CTSS,0.2958057932079942,0,0
M12_module,drug repositioning,795,papaverine HL60 DOWN,0.1936192564338959,4.7764423076923075,7.842257419945376,RGS1,0.2961503813613834,0,0
M12_module,drug repositioning,796,VANADIUM PENTOXIDE CTD 00002655,0.1936192564338959,4.7764423076923075,7.842257419945376,CXCL10,0.2961503813613834,0,0
M12_module,drug repositioning,797,SODIUM SULFATE BOSS,0.1936192564338959,4.7764423076923075,7.842257419945376,CXCL1,0.2961503813613834,0,0
M12_module,drug repositioning,798,quinpirole HL60 UP,0.1937114789560524,2.532278806584362,4.1564455854499265,GLIPR1;TIMP1,0.2961503813613834,0,0
M12_module,drug repositioning,799,scriptaid PC3 DOWN,0.194474138523342,1.8047636909227307,2.955221294283795,DRAM1;TNFRSF12A;CEBPD;CXCL1,0.2967441914981855,0,0
M12_module,drug repositioning,800,ouabain MCF7 UP,0.1949077390064005,2.5217725409836067,4.1236755038773305,ZFP36;FOS,0.2967441914981855,0,0
M12_module,drug repositioning,801,rapamycin CTD 00007350,0.1961049902483143,2.5113520408163263,4.091256414164897,SERPINE1;CD68,0.2967441914981855,0,0
M12_module,drug repositioning,802,Nilotinib,0.1962889856877341,4.702721893491124,7.656817955600443,CSF1R,0.2967441914981855,0,0
M12_module,drug repositioning,803,corbadrine HL60 UP,0.1962889856877341,4.702721893491124,7.656817955600443,CSF1R,0.2967441914981855,0,0
M12_module,drug repositioning,804,Melatonin CTD 00006260,0.1962889856877341,4.702721893491124,7.656817955600443,HTR2B,0.2967441914981855,0,0
M12_module,drug repositioning,805,h-89 CTD 00002586,0.1962889856877341,4.702721893491124,7.656817955600443,FOS,0.2967441914981855,0,0
M12_module,drug repositioning,806,luteolin PC3 DOWN,0.1962889856877341,4.702721893491124,7.656817955600443,SERPINE1,0.2967441914981855,0,0
M12_module,drug repositioning,807,Masoprocol CTD 00006416,0.1962889856877341,4.702721893491124,7.656817955600443,MMP13,0.2967441914981855,0,0
M12_module,drug repositioning,808,HEMATOXYLIN BOSS,0.200903525130212,2.4705070281124497,3.9649919826039337,MMP13;CD68,0.3029000917277564,0,0
M12_module,drug repositioning,809,latamoxef HL60 UP,0.2011922303358747,1.575126050420168,2.5257058926940577,CLCA2;RRAS2;CSN3;IGFBP7;CD68;GBP2,0.3029000917277564,0,0
M12_module,drug repositioning,810,deptropine PC3 UP,0.2016023561335558,4.561882893226177,7.305664108438629,CXCL1,0.3029000917277564,0,0
M12_module,drug repositioning,811,gossypol CTD 00006052,0.2016023561335558,4.561882893226177,7.305664108438629,CXCL1,0.3029000917277564,0,0
M12_module,drug repositioning,812,hycanthone MCF7 UP,0.2016023561335558,4.561882893226177,7.305664108438629,DRAM1,0.3029000917277564,0,0
M12_module,drug repositioning,813,azacyclonol HL60 DOWN,0.2019289023979946,1.7753472702939683,2.840270887829283,GLIPR1;TNFRSF12A;ANXA3;MTF2,0.3030175411138419,0,0
M12_module,drug repositioning,814,tamoxifen,0.2042460531413442,4.494570135746606,7.139309452358317,HTR2B,0.3057425580766134,0,0
M12_module,drug repositioning,815,Benz[a]anthracene CTD 00001470,0.2042460531413442,4.494570135746606,7.139309452358317,TIMP1,0.3057425580766134,0,0
M12_module,drug repositioning,816,cimetidine PC3 DOWN,0.2056301527945414,1.6415923082243895,2.5964673175531168,GLIPR1;TNFRSF12A;ANXA3;MTF2;LCP1,0.3068141978403061,0,0
M12_module,drug repositioning,817,PNU-0293363 MCF7 UP,0.2057164047814511,2.430953557312253,3.843961683755555,TNFRSF12A;RRAS2,0.3068141978403061,0,0
M12_module,drug repositioning,818,digoxigenin MCF7 UP,0.2057164047814511,2.430953557312253,3.843961683755555,ZFP36;FOS,0.3068141978403061,0,0
M12_module,drug repositioning,819,clotrimazole CTD 00005691,0.2068811283739256,4.429208472686733,6.978709191032958,FOS,0.3070498498980405,0,0
M12_module,drug repositioning,820,170449-18-0 CTD 00003361,0.2068811283739256,4.429208472686733,6.978709191032958,FOS,0.3070498498980405,0,0
M12_module,drug repositioning,821,fluspirilene MCF7 UP,0.2068811283739256,4.429208472686733,6.978709191032958,FOS,0.3070498498980405,0,0
M12_module,drug repositioning,822,ritonavir CTD 00007290,0.2068811283739256,4.429208472686733,6.978709191032958,FOS,0.3070498498980405,0,0
M12_module,drug repositioning,823,chlorprothixene PC3 UP,0.2095076095779739,4.365714285714286,6.823590550467072,SERPINE1,0.3101933054431167,0,0
M12_module,drug repositioning,824,clozapine BOSS,0.2095076095779739,4.365714285714286,6.823590550467072,HTR2B,0.3101933054431167,0,0
M12_module,drug repositioning,825,TERBUFOS CTD 00000658,0.210160789434923,1.7442947234698971,2.720894599888246,LY86;CLCA2;S100A4;FOS,0.3107832280128559,0,0
M12_module,drug repositioning,826,PARAOXON CTD 00006470,0.2121255243121104,4.304008667388949,6.673697207776293,FOS,0.3129300358655076,0,0
M12_module,drug repositioning,827,gossypol HL60 UP,0.2121255243121104,4.304008667388949,6.673697207776293,CLEC7A,0.3129300358655076,0,0
M12_module,drug repositioning,828,7646-79-9 CTD 00000928,0.2128795723002552,1.341692540402834,2.0756368148255016,TNFRSF12A;CD93;ANXA3;FZD4;SERPINE1;RRAS2;CXCL1;FOS;GLIPR1;CLEC4D;DRAM1;S100A4;IGFBP7,0.3134032012581904,0,0
M12_module,drug repositioning,829,ascorbic acid CTD 00005445,0.2129600441336392,2.3739140926640925,3.6716159337438232,CXCL10;TIMP1,0.3134032012581904,0,0
M12_module,drug repositioning,830,digitoxigenin PC3 UP,0.2135755882534677,1.9299603174603177,2.979404158171702,ZFP36;CCL5;FOS,0.3135526085068961,0,0
M12_module,drug repositioning,831,digoxin PC3 UP,0.2135755882534677,1.9299603174603177,2.979404158171702,ZFP36;MTF2;FOS,0.3135526085068961,0,0
M12_module,drug repositioning,832,Benzo[b]fluoranthene CTD 00000306,0.2147349000863326,4.244017094017094,6.528788087046047,LGALS3,0.314875694838132,0,0
M12_module,drug repositioning,833,puromycin PC3 DOWN,0.2150082973667116,1.7266600772755862,2.6540123564657296,FZD4;RRAS2;S100A4;TIMP1,0.3148981065875009,0,0
M12_module,drug repositioning,834,cicloheximide HL60 UP,0.2152958361157733,1.921754593953764,2.951319656259753,GLIPR1;FOS;GBP2,0.31494115115257,0,0
M12_module,drug repositioning,835,Enterolactone CTD 00001393,0.2162852029165601,1.6094762922988155,2.4643614680677164,TNFRSF12A;CEBPD;ANXA3;FOS;GBP2,0.3156543243853639,0,0
M12_module,drug repositioning,836,lamivudine CTD 00007258,0.2173357643309063,4.185669125395153,6.388636261597497,TIMP1,0.3156543243853639,0,0
M12_module,drug repositioning,837,imidurea PC3 DOWN,0.2173357643309063,4.185669125395153,6.388636261597497,CCL5,0.3156543243853639,0,0
M12_module,drug repositioning,838,rottlerin CTD 00003057,0.2173357643309063,4.185669125395153,6.388636261597497,FOS,0.3156543243853639,0,0
M12_module,drug repositioning,839,DMBA CTD 00007046,0.2173357643309063,4.185669125395153,6.388636261597497,CCL5,0.3156543243853639,0,0
M12_module,drug repositioning,840,dipyridamole CTD 00005856,0.2173357643309063,4.185669125395153,6.388636261597497,FOS,0.3156543243853639,0,0
M12_module,drug repositioning,841,picrotoxinin PC3 UP,0.2190162432588265,2.328361742424242,3.5358719862335053,CCL5;HTR2B,0.3177167857024594,0,0
M12_module,drug repositioning,842,methylprednisolone BOSS,0.2199281443839533,4.128898128898129,6.253027948441568,CXCL10,0.3186607317677233,0,0
M12_module,drug repositioning,843,paclitaxel CTD 00007144,0.2222072343677484,1.8896015549076777,2.842234436776945,SERPINE1;S100A4;OSMR,0.3212600264550963,0,0
M12_module,drug repositioning,844,AC1L1FUW CTD 00002630,0.2225120675037347,4.073641025641026,6.121761585958773,IL2RG,0.3212600264550963,0,0
M12_module,drug repositioning,845,"3H-Xanthen-3-one, 2,6,7-trihydroxy-9-methyl- TTD 00000850",0.2225120675037347,4.073641025641026,6.121761585958773,S100A4,0.3212600264550963,0,0
M12_module,drug repositioning,846,ajmaline HL60 DOWN,0.2248110688151384,1.8778131942432144,2.802626660014688,MTF2;TIMP1;CD14,0.3241956311518544,0,0
M12_module,drug repositioning,847,STOCK1N-35215 PC3 UP,0.225087560855222,4.019838056680162,5.994646987825331,CXCL1,0.32421112661555,0,0
M12_module,drug repositioning,848,Bosutinib LINCS,0.2276546514841882,3.9674325674325672,5.871504565760211,CSF1R,0.3271362483047227,0,0
M12_module,drug repositioning,849,quercetin PC3 UP,0.2276546514841882,3.9674325674325672,5.871504565760211,CCL5,0.3271362483047227,0,0
M12_module,drug repositioning,850,disulfiram,0.2302133664232941,3.916370808678501,5.752164612240669,HTR2B,0.3300356134388001,0,0
M12_module,drug repositioning,851,isoproterenol CTD 00006175,0.2302133664232941,3.916370808678501,5.752164612240669,TIMP1,0.3300356134388001,0,0
M12_module,drug repositioning,852,Kinome 3629 Roche,0.2327637325881963,3.866601752677702,5.636466643543788,CSF1R,0.3313556053180858,0,0
M12_module,drug repositioning,853,SILVER NITRATE CTD 00006743,0.2327637325881963,3.866601752677702,5.636466643543788,FOS,0.3313556053180858,0,0
M12_module,drug repositioning,854,withaferin A PC3 UP,0.2327637325881963,3.866601752677702,5.636466643543788,ZFP36,0.3313556053180858,0,0
M12_module,drug repositioning,855,haloperidol BOSS,0.2327637325881963,3.866601752677702,5.636466643543788,HTR2B,0.3313556053180858,0,0
M12_module,drug repositioning,856,hesperadin TTD 00008420,0.2327637325881963,3.866601752677702,5.636466643543788,CSF1R,0.3313556053180858,0,0
M12_module,drug repositioning,857,CARBON TETRACHLORIDE BOSS,0.2327637325881963,3.866601752677702,5.636466643543788,MMP13,0.3313556053180858,0,0
M12_module,drug repositioning,858,ebselen CTD 00001949,0.235305776764487,3.818076923076923,5.52425879251769,FOS,0.3338058693635746,0,0
M12_module,drug repositioning,859,bromocriptine HL60 UP,0.235305776764487,3.818076923076923,5.52425879251769,TIMP1,0.3338058693635746,0,0
M12_module,drug repositioning,860,hyoscyamine HL60 DOWN,0.235305776764487,3.818076923076923,5.52425879251769,CCL5,0.3338058693635746,0,0
M12_module,drug repositioning,861,doxorubicin MCF7 DOWN,0.2374998540385357,1.5503349109906488,2.2287432827391136,ZFP36;TNFRSF12A;CEBPD;FZD4;MTF2,0.3346761491896474,0,0
M12_module,drug repositioning,862,KIN001-220 LINCS,0.23783952569461,3.770750237416904,5.415397246609847,CSF1R,0.3346761491896474,0,0
M12_module,drug repositioning,863,Dasatinib Kinome Scan,0.23783952569461,3.770750237416904,5.415397246609847,CSF1R,0.3346761491896474,0,0
M12_module,drug repositioning,864,Dasatinib FDA,0.23783952569461,3.770750237416904,5.415397246609847,CSF1R,0.3346761491896474,0,0
M12_module,drug repositioning,865,dihydroergocristine HL60 UP,0.23783952569461,3.770750237416904,5.415397246609847,TIMP1,0.3346761491896474,0,0
M12_module,drug repositioning,866,yohimbic acid PC3 DOWN,0.23783952569461,3.770750237416904,5.415397246609847,CCL5,0.3346761491896474,0,0
M12_module,drug repositioning,867,nicotinamide adenine dinucleotide BOSS,0.23783952569461,3.770750237416904,5.415397246609847,ARNTL,0.3346761491896474,0,0
M12_module,drug repositioning,868,verteporfin HL60 DOWN,0.2397124085704937,2.1856094306049823,3.1217395464748594,ITGB2;CTSS,0.3369229705714313,0,0
M12_module,drug repositioning,869,metformin CTD 00006282,0.2403650060614183,3.724577861163227,5.309745730421859,FOS,0.3369497795737721,0,0
M12_module,drug repositioning,870,DL-Selenomethionine CTD 00006732,0.2403650060614183,3.724577861163227,5.309745730421859,FOS,0.3369497795737721,0,0
M12_module,drug repositioning,871,cephaeline PC3 UP,0.2405600475481602,1.8099897493243873,2.5788472271743856,ZFP36;CEBPD;ARNTL,0.3369497795737721,0,0
M12_module,drug repositioning,872,NSC94017 CTD 00005320,0.242882244416145,3.6795180722891567,5.207175028067292,FOS,0.3394230677980491,0,0
M12_module,drug repositioning,873,Lead(II) acetate CTD 00000394,0.242882244416145,3.6795180722891567,5.207175028067292,IGFBP7,0.3394230677980491,0,0
M12_module,drug repositioning,874,Rubidomycin hydrochloride,0.2453912672325741,3.635531135531135,5.1075625391536255,S100A4,0.3417549612143155,0,0
M12_module,drug repositioning,875,Idocyklin BOSS,0.2453912672325741,3.635531135531135,5.1075625391536255,MMP13,0.3417549612143155,0,0
M12_module,drug repositioning,876,curcumin TTD 00007338,0.2453912672325741,3.635531135531135,5.1075625391536255,MMP13,0.3417549612143155,0,0
M12_module,drug repositioning,877,WH-4-025 LINCS,0.2478921009370132,3.592579185520362,5.010791867835437,CSF1R,0.3436685944808593,0,0
M12_module,drug repositioning,878,retinol CTD 00006991,0.2478921009370132,3.592579185520362,5.010791867835437,CD14,0.3436685944808593,0,0
M12_module,drug repositioning,879,Spectrum 001666 CTD 00000796,0.2478921009370132,3.592579185520362,5.010791867835437,FOS,0.3436685944808593,0,0
M12_module,drug repositioning,880,nifedipine CTD 00006395,0.2478921009370132,3.592579185520362,5.010791867835437,FOS,0.3436685944808593,0,0
M12_module,drug repositioning,881,Allococaine CTD 00005697,0.2482684247240982,2.1317274305555554,2.9700180731916483,CXCL10;FOS,0.3437996346917139,0,0
M12_module,drug repositioning,882,chlorzoxazone HL60 DOWN,0.2495371746821466,1.45734375,2.023007905651208,GLIPR1;TNFRSF12A;MTF2;LCP1;TIMP1;CD14,0.3451631882945499,0,0
M12_module,drug repositioning,883,clotrimazole,0.2503847718366202,3.5506261180679783,4.916752443225862,HTR2B,0.3451631882945499,0,0
M12_module,drug repositioning,884,calcitriol BOSS,0.2503847718366202,3.5506261180679783,4.916752443225862,CCL5,0.3451631882945499,0,0
M12_module,drug repositioning,885,Pioglitazone BOSS,0.2503847718366202,3.5506261180679783,4.916752443225862,CXCL10,0.3451631882945499,0,0
M12_module,drug repositioning,886,dihydroergotamine HL60 DOWN,0.2519392920671913,2.109428694158076,2.9079890502729753,CCL5;IGFBP7,0.3469141493475997,0,0
M12_module,drug repositioning,887,IN1152 CTD 00001901,0.2528693061686969,3.509637488947834,4.8253391653703295,FOS,0.3474105332497864,0,0
M12_module,drug repositioning,888,IBMX CTD 00007018,0.2528693061686969,3.509637488947834,4.8253391653703295,SERPINE1,0.3474105332497864,0,0
M12_module,drug repositioning,889,MS-275 PC3 DOWN,0.253163340129756,2.1020976027397262,2.887694329009353,TNFRSF12A;CEBPD,0.3474232564210375,0,0
M12_module,drug repositioning,890,etretinate BOSS,0.255345730087982,3.4695804195804194,4.7364520772780585,CD68,0.3496316394021751,0,0
M12_module,drug repositioning,891,Dichloromercury CTD 00006273,0.255345730087982,3.4695804195804194,4.7364520772780585,FOS,0.3496316394021751,0,0
M12_module,drug repositioning,892,ampyrone HL60 DOWN,0.2570225765630367,1.590650558392494,2.161044091725926,CLEC7A;MTF2;TIMP1;CD14,0.3506501281742729,0,0
M12_module,drug repositioning,893,testosterone enanthate CTD 00000155,0.2573877121477972,1.7433962264150944,2.366088061021448,FCER1G;GBP2;CTSS,0.3506501281742729,0,0
M12_module,drug repositioning,894,Chlorophenothane CTD 00005755,0.2578140696494449,3.4304235090751947,4.649996060068758,FOS,0.3506501281742729,0,0
M12_module,drug repositioning,895,Ponatinib FDA,0.2578140696494449,3.4304235090751947,4.649996060068758,CSF1R,0.3506501281742729,0,0
M12_module,drug repositioning,896,(+)-chelidonine HL60 UP,0.2578140696494449,3.4304235090751947,4.649996060068758,CEBPD,0.3506501281742729,0,0
M12_module,drug repositioning,897,chrysin CTD 00001976,0.2578140696494449,3.4304235090751947,4.649996060068758,FOS,0.3506501281742729,0,0
M12_module,drug repositioning,898,(-)-Epigallocatechin gallate CTD 00002033,0.2597834624208112,1.3373421677709714,1.802612644407323,CXCL10;DRAM1;TNFRSF12A;CEBPD;CXCL1;FOS;CD14;GBP2;ARNTL,0.3524247591835895,0,0
M12_module,drug repositioning,899,"7,8-Benzoflavone CTD 00000606",0.2602743508396837,3.3921367521367523,4.565880548678803,FOS,0.3524247591835895,0,0
M12_module,drug repositioning,900,ampicillin CTD 00005394,0.2602743508396837,3.3921367521367523,4.565880548678803,TIMP1,0.3524247591835895,0,0
M12_module,drug repositioning,901,"9,10-Phenanthrenequinone TTD 00001360",0.2602743508396837,3.3921367521367523,4.565880548678803,ITGB2,0.3524247591835895,0,0
M12_module,drug repositioning,902,Diallyl trisulfide CTD 00001934,0.2627265995764594,3.3546914623837703,4.484019267557801,TIMP1,0.3553508331300227,0,0
M12_module,drug repositioning,903,KIN001-111/A770041 LINCS,0.2651708416719468,3.318060200668896,4.404329984809634,CSF1R,0.3570733188076988,0,0
M12_module,drug repositioning,904,Deguelin CTD 00003487,0.2651708416719468,3.318060200668896,4.404329984809634,FZD4,0.3570733188076988,0,0
M12_module,drug repositioning,905,zardaverine HL60 UP,0.2651708416719468,3.318060200668896,4.404329984809634,TIMP1,0.3570733188076988,0,0
M12_module,drug repositioning,906,Sunitinib BOSS,0.2651708416719468,3.318060200668896,4.404329984809634,CSF1R,0.3570733188076988,0,0
M12_module,drug repositioning,907,meprobamate BOSS,0.267607102869758,3.2822167080231597,4.326734281963286,ARNTL,0.3599566323055179,0,0
M12_module,drug repositioning,908,Cdk1/2 Inhibitor III RBC,0.2700354088471514,3.2471358428805237,4.251157339529945,CSF1R,0.3624237610489821,0,0
M12_module,drug repositioning,909,chlortetracycline PC3 DOWN,0.2700354088471514,3.2471358428805237,4.251157339529945,OSMR,0.3624237610489821,0,0
M12_module,drug repositioning,910,ouabain HL60 DOWN,0.2716893381666261,1.6909122623408337,2.2034210130457152,GLIPR1;RGS1;CD14,0.3642428489706416,0,0
M12_module,drug repositioning,911,5224221 MCF7 UP,0.2724557851761253,3.2127935222672064,4.177527737189532,ARNTL,0.3648694378867978,0,0
M12_module,drug repositioning,912,apigenin PC3 DOWN,0.2748682573302712,3.1791666666666667,4.1057772664685075,SERPINE1,0.3676965723058453,0,0
M12_module,drug repositioning,913,glibenclamide HL60 DOWN,0.2760781842386023,1.4021853805576487,1.8047123883414833,TYROBP;MTF2;ITGB2;LCP1;TIMP1;CD14,0.3689106076353722,0,0
M12_module,drug repositioning,914,Caspan CTD 00000180,0.2768139487593014,1.5350666024715134,1.9716543784713696,LGALS3;ANXA3;RGS1;S100A4,0.3694890782126342,0,0
M12_module,drug repositioning,915,sulfaguanidine PC3 UP,0.2775523752063351,1.53307954317772,1.965017995899633,RGS1;CCL5;IGFBP7;CXCL13,0.3700698336084467,0,0
M12_module,drug repositioning,916,POTASSIUM DICHROMATE CTD 00006598,0.277977040702283,1.6689055368983037,2.136560832691762,LGALS3;ANXA3;SERPINE1,0.3702314297563158,0,0
M12_module,drug repositioning,917,cephaeline MCF7 UP,0.27903028682721,1.5291201982651796,1.951822460936041,ZFP36;CEBPD;FOS;ARNTL,0.3708661964056366,0,0
M12_module,drug repositioning,918,acetaminophen CTD 00005295,0.2794656425659529,1.228647730031561,1.5663734034262478,TNFRSF12A;CD93;CEBPD;FZD4;SERPINE1;FOS;OSMR;CTSS;CXCL10;GLIPR1;DRAM1;CLEC7A;LCP1;TIMP1;CD14;GBP2,0.3708661964056366,0,0
M12_module,drug repositioning,919,0297417-0002B MCF7 DOWN,0.2796695907321195,3.113971742543171,3.9676559032118983,TNFRSF12A,0.3708661964056366,0,0
M12_module,drug repositioning,920,okadaic acid CTD 00007275,0.2796695907321195,3.113971742543171,3.9676559032118983,FOS,0.3708661964056366,0,0
M12_module,drug repositioning,921,JNJ-28312141 Kinome Scan,0.2820585025763683,3.0823620823620823,3.9011631304837175,CSF1R,0.3728183891041922,0,0
M12_module,drug repositioning,922,N-acetyl-L-aspartic acid PC3 DOWN,0.2820585025763683,3.0823620823620823,3.9011631304837175,CCL5,0.3728183891041922,0,0
M12_module,drug repositioning,923,TITANIUM BOSS,0.2820585025763683,3.0823620823620823,3.9011631304837175,CD68,0.3728183891041922,0,0
M12_module,drug repositioning,924,Crizotinib Kinome Scan,0.2844396114654024,3.0513846153846154,3.83630543125727,CSF1R,0.3751527848516659,0,0
M12_module,drug repositioning,925,Phenethyl isothiocyanate CTD 00002443,0.2844396114654024,3.0513846153846154,3.83630543125727,CXCL10,0.3751527848516659,0,0
M12_module,drug repositioning,926,Irinotecan hydrochloride CTD 00002224,0.2860841546814994,1.6414167090323677,2.054182561272926,RGS1;FOS;OSMR,0.3769143290620186,0,0
M12_module,drug repositioning,927,lactose BOSS,0.2868129424498307,3.021020563594821,3.773028240866648,LGALS3,0.3774668714010716,0,0
M12_module,drug repositioning,928,proscillaridin HL60 UP,0.2886869936086557,1.9093652647975077,2.372218784987933,MTF2;FOS,0.3795238493562068,0,0
M12_module,drug repositioning,929,CHIR-258/TKI-258 Kinome Scan,0.2891785205674098,2.9912518853695325,3.7112793074527346,CSF1R,0.3797608128011194,0,0
M12_module,drug repositioning,930,Doxorubicin Hydrochloride,0.2915363707488658,2.9620612397311428,3.6510085740328897,S100A4,0.3820347715506083,0,0
M12_module,drug repositioning,931,phenoxybenzamine PC3 DOWN,0.2915363707488658,2.9620612397311428,3.6510085740328897,FZD4,0.3820347715506083,0,0
M12_module,drug repositioning,932,Axitinib,0.2938865178819819,2.9334319526627217,3.592168066061915,CSF1R,0.3842889086988402,0,0
M12_module,drug repositioning,933,Imatinib CTD 00003267,0.2938865178819819,2.9334319526627217,3.592168066061915,CXCL10,0.3842889086988402,0,0
M12_module,drug repositioning,934,Tanshinone I CTD 00001048,0.2962289867656527,2.9053479853479853,3.534711786822226,FOS,0.3865233838011725,0,0
M12_module,drug repositioning,935,Dasatinib BOSS,0.2962289867656527,2.9053479853479853,3.534711786822226,CSF1R,0.3865233838011725,0,0
M12_module,drug repositioning,936,Disodium selenite CTD 00007229,0.2974593008081413,1.3614369501466277,1.6507121698605491,ZFP36;DRAM1;LY86;IGFBP7;FOS;CD14,0.3877140459251414,0,0
M12_module,drug repositioning,937,"1,10-phenanthroline CTD 00001181",0.2985638020189045,2.8777939042089984,3.4785956194223524,SERPINE1,0.3879103711001741,0,0
M12_module,drug repositioning,938,"(2E,4E,6E,8E)-3,7-DIMETHYL-9-(2,6,6-TRIMETHYL-3-OXO-1-CYCLOHEXENYL)NONA-2,4,6,8-TETRAENOIC ACID CTD 00000070",0.2985638020189045,2.8777939042089984,3.4785956194223524,CXCL1,0.3879103711001741,0,0
M12_module,drug repositioning,939,"9,10-Phenanthrenequinone CTD 00000222",0.2985638020189045,2.8777939042089984,3.4785956194223524,ITGB2,0.3879103711001741,0,0
M12_module,drug repositioning,940,HC toxin MCF7 UP,0.2996930781766027,1.856439393939394,2.237002787938541,SERPINE1;ARNTL,0.3889633567823993,0,0
M12_module,drug repositioning,941,clonidine HL60 DOWN,0.3032105701599634,2.824216524216524,3.3702159893767143,IGFBP7,0.3922766655303874,0,0
M12_module,drug repositioning,942,lomustine PC3 DOWN,0.3032105701599634,2.824216524216524,3.3702159893767143,FZD4,0.3922766655303874,0,0
M12_module,drug repositioning,943,celecoxib BOSS,0.3032105701599634,2.824216524216524,3.3702159893767143,MMP13,0.3922766655303874,0,0
M12_module,drug repositioning,944,4-Hydroxytamoxifen CTD 00000850,0.3050786874886806,1.580576656048354,1.8764377570590836,ZFP36;CEBPD;FOS,0.3942754223900322,0,0
M12_module,drug repositioning,945,hexachlorophene,0.3078270184372736,2.7725874125874124,3.266710406007471,HTR2B,0.3974063095169035,0,0
M12_module,drug repositioning,946,apigenin CTD 00007429,0.310123933546629,2.7474705474705474,3.216692567626199,FOS,0.3991046402182357,0,0
M12_module,drug repositioning,947,buflomedil PC3 UP,0.310123933546629,2.7474705474705474,3.216692567626199,CCL5,0.3991046402182357,0,0
M12_module,drug repositioning,948,emodin CTD 00005893,0.310123933546629,2.7474705474705474,3.216692567626199,SERPINE1,0.3991046402182357,0,0
M12_module,drug repositioning,949,salicylic acid BOSS,0.3124133416468328,2.722802197802198,3.167784737398363,CCL5,0.4016272674490369,0,0
M12_module,drug repositioning,950,clopamide HL60 DOWN,0.315546322923269,1.7848943148688046,2.0587859618284687,MTF2;TIMP1,0.4052279094383033,0,0
M12_module,drug repositioning,951,AM580 CTD 00002706,0.3169697333745602,2.6747638326585697,3.073167198610254,CD300LF,0.4062007087363061,0,0
M12_module,drug repositioning,952,LITHOCHOLIC ACID CTD 00006221,0.3169697333745602,2.6747638326585697,3.073167198610254,CD14,0.4062007087363061,0,0
M12_module,drug repositioning,953,Sorafenib,0.3192367650652739,2.651371237458194,3.0273946487751098,CSF1R,0.4082482739828451,0,0
M12_module,drug repositioning,954,PD-173955 Kinome Scan,0.3192367650652739,2.651371237458194,3.0273946487751098,CSF1R,0.4082482739828451,0,0
M12_module,drug repositioning,955,Vandetanib,0.321496385939474,2.628381962864722,2.9826063101492517,CSF1R,0.4098491022425896,0,0
M12_module,drug repositioning,956,SKI-606 Kinome Scan,0.321496385939474,2.628381962864722,2.9826063101492517,CSF1R,0.4098491022425896,0,0
M12_module,drug repositioning,957,camptothecin CTD 00005566,0.321496385939474,2.628381962864722,2.9826063101492517,CCL5,0.4098491022425896,0,0
M12_module,drug repositioning,958,Cianidanol CTD 00005600,0.323141131893355,1.4205468226178946,1.6047436036683336,CXCL10;RGS1;SERPINE1;ITGB2,0.4115158464612663,0,0
M12_module,drug repositioning,959,Ethylene dimethacrylate BOSS,0.3237486198293851,2.605785667324129,2.938773621306778,MMP13,0.4118595580728361,0,0
M12_module,drug repositioning,960,tetryzoline HL60 UP,0.3259934905164107,2.5835723598435463,2.895869072210547,TIMP1,0.4142833941979386,0,0
M12_module,drug repositioning,961,helveticoside MCF7 UP,0.3276922027628548,1.7334454674220965,1.933971335956604,ZFP36;FOS,0.4153961062978103,0,0
M12_module,drug repositioning,962,vorinostat PC3 DOWN,0.3276922027628548,1.7334454674220965,1.933971335956604,TNFRSF12A;CEBPD,0.4153961062978103,0,0
M12_module,drug repositioning,963,azacitidine PC3 UP,0.3282310216976141,2.561732385261797,2.853866157539477,ZFP36,0.4153961062978103,0,0
M12_module,drug repositioning,964,luteolin CTD 00007430,0.3282310216976141,2.561732385261797,2.853866157539477,FOS,0.4153961062978103,0,0
M12_module,drug repositioning,965,PKC-412 Kinome Scan,0.3393094094936166,2.457816377171216,2.656513320552243,CSF1R,0.428084260167748,0,0
M12_module,drug repositioning,966,Dabrafenib LINCS,0.3393094094936166,2.457816377171216,2.656513320552243,CSF1R,0.428084260167748,0,0
M12_module,drug repositioning,967,Dabrafenib FDA,0.3393094094936166,2.457816377171216,2.656513320552243,CSF1R,0.428084260167748,0,0
M12_module,drug repositioning,968,amiodarone CTD 00005381,0.3404965505489587,1.47848721482162,1.5928486207640424,ZFP36;FOS;GBP2,0.4291382145348446,0,0
M12_module,drug repositioning,969,FLUOXETINE HYDROCHLORIDE BOSS,0.3415033972594014,2.4380307692307692,2.6194145338917076,HTR2B,0.4295197367592471,0,0
M12_module,drug repositioning,970,citric acid BOSS,0.3415033972594014,2.4380307692307692,2.6194145338917076,CLEC4D,0.4295197367592471,0,0
M12_module,drug repositioning,971,daidzein CTD 00000166,0.3436902093190835,2.4185592185592184,2.5830565120206814,FOS,0.4313807154004958,0,0
M12_module,drug repositioning,972,0297417-0002B PC3 UP,0.3436902093190835,2.4185592185592184,2.5830565120206814,CXCL1,0.4313807154004958,0,0
M12_module,drug repositioning,973,AZD4547 LINCS,0.3458698688347449,2.3993943064809207,2.5474193627516444,CSF1R,0.4336703391350348,0,0
M12_module,drug repositioning,974,acetaldehyde CTD 00005293,0.3480423988361848,2.380528846153846,2.512483871334638,FOS,0.4354992067488671,0,0
M12_module,drug repositioning,975,rosiglitazone BOSS,0.3480423988361848,2.380528846153846,2.512483871334638,CXCL10,0.4354992067488671,0,0
M12_module,drug repositioning,976,Oxazolone CTD 00006449,0.3502078223078284,2.3619558735837805,2.4782314719057235,RGS1,0.4377597778847855,0,0
M12_module,drug repositioning,977,sanguinarine MCF7 DOWN,0.3530131869122044,1.6343582887700534,1.7017753492673489,DRAM1;MTF2,0.4408148291022409,0,0
M12_module,drug repositioning,978,STOCK1N-28457 MCF7 DOWN,0.3545174409680757,2.325660598943042,2.411704774502665,TNFRSF12A,0.4422024916249296,0,0
M12_module,drug repositioning,979,ouabain HL60 UP,0.3566062814887562,1.6211041114058355,1.671557667818903,MTF2;FOS,0.4422024916249296,0,0
M12_module,drug repositioning,980,flunixin HL60 UP,0.3566616817696154,2.307925407925408,2.3793963571890755,CSN3,0.4422024916249296,0,0
M12_module,drug repositioning,981,niclosamide CTD 00006390,0.3566616817696154,2.307925407925408,2.3793963571890755,S100A4,0.4422024916249296,0,0
M12_module,drug repositioning,982,tacrolimus BOSS,0.3566616817696154,2.307925407925408,2.3793963571890755,CD68,0.4422024916249296,0,0
M12_module,drug repositioning,983,Rifampicin CTD 00006701,0.3566616817696154,2.307925407925408,2.3793963571890755,SERPINE1,0.4422024916249296,0,0
M12_module,drug repositioning,984,Agarose BOSS,0.3566616817696154,2.307925407925408,2.3793963571890755,MMP13,0.4422024916249296,0,0
M12_module,drug repositioning,985,TG-101348 Kinome Scan,0.3587989071439859,2.2904569115095432,2.3477027469733645,CSF1R,0.4441962480767336,0,0
M12_module,drug repositioning,986,daunorubicin PC3 DOWN,0.3589979513144749,1.6123845646437995,1.6517889814781626,TNFRSF12A;SERPINE1,0.4441962480767336,0,0
M12_module,drug repositioning,987,WH-4-023 LINCS,0.3609291396940803,2.2732491389207805,2.3166082492858573,CSF1R,0.4452310924436582,0,0
M12_module,drug repositioning,988,AG-012559 PC3 DOWN,0.3609291396940803,2.2732491389207805,2.3166082492858573,TNFRSF12A,0.4452310924436582,0,0
M12_module,drug repositioning,989,"3,4-DICHLOROANILINE CTD 00000754",0.3609291396940803,2.2732491389207805,2.3166082492858573,TIMP1,0.4452310924436582,0,0
M12_module,drug repositioning,990,Crizotinib LINCS,0.3630524019179371,2.256296296296296,2.2860976771692716,CSF1R,0.4464958975200436,0,0
M12_module,drug repositioning,991,MeIQx CTD 00001739,0.3630524019179371,2.256296296296296,2.2860976771692716,FOS,0.4464958975200436,0,0
M12_module,drug repositioning,992,glutathione CTD 00006035,0.3630524019179371,2.256296296296296,2.2860976771692716,CCL5,0.4464958975200436,0,0
M12_module,drug repositioning,993,thapsigargin MCF7 DOWN,0.3651687162750862,2.2395927601809955,2.2561563309728645,MTF2,0.4486463583641543,0,0
M12_module,drug repositioning,994,Crizotinib FDA,0.3672781052230965,2.2231330713082538,2.226769979174984,CSF1R,0.4507839923261346,0,0
M12_module,drug repositioning,995,thalidomide CTD 00006858,0.3735649419475232,2.175164835164835,2.1418052358705997,FOS,0.4575795473654401,0,0
M12_module,drug repositioning,996,Bosutinib FDA,0.3735649419475232,2.175164835164835,2.1418052358705997,CSF1R,0.4575795473654401,0,0
M12_module,drug repositioning,997,"BMS-536924,KIN001-126 LINCS",0.375646851454587,2.1596290234588107,2.1145053065936077,CSF1R,0.4596681632643892,0,0
M12_module,drug repositioning,998,diuron CTD 00005864,0.3777219463588754,2.144312026002167,2.0876956391135053,TIMP1,0.4617442630839959,0,0
M12_module,drug repositioning,999,Cadmium sulfate CTD 00001745,0.3797902486551503,2.1292092522861754,2.061364460573539,FOS,0.4638079112705539,0,0
M12_module,drug repositioning,1000,Dasatinib,0.3818517802387177,2.1143162393162394,2.035500355949185,CSF1R,0.4653937781131225,0,0
M12_module,drug repositioning,1001,HG-6-64-01 LINCS,0.3818517802387177,2.1143162393162394,2.035500355949185,CSF1R,0.4653937781131225,0,0
M12_module,drug repositioning,1002,SU-14813 Kinome Scan,0.3839065628662478,2.099628647214854,2.0100922550840283,CSF1R,0.4665000066701417,0,0
M12_module,drug repositioning,1003,ellagic acid CTD 00005891,0.3839065628662478,2.099628647214854,2.0100922550840283,CD14,0.4665000066701417,0,0
M12_module,drug repositioning,1004,daunorubicin CTD 00005752,0.3839065628662478,2.099628647214854,2.0100922550840283,SERPINE1,0.4665000066701417,0,0
M12_module,drug repositioning,1005,danazol HL60 DOWN,0.3849924320011065,1.2485982805574838,1.191826517029367,ZFP36;ANXA3;RGS1;MTF2;CD14,0.4673539970560696,0,0
M12_module,drug repositioning,1006,Crizotinib,0.3859546183876325,2.0851422550052687,1.9851294188157624,CSF1R,0.4680562966529937,0,0
M12_module,drug repositioning,1007,AST-487 Kinome Scan,0.3879959683921862,2.070852956567242,1.9606014288613056,CSF1R,0.4700646290352206,0,0
M12_module,drug repositioning,1008,VANADIUM CTD 00006979,0.3900306345604786,2.056756756756757,1.9364981743564225,TIMP1,0.4711261130334493,0,0
M12_module,drug repositioning,1009,EXEL-2880/GSK-1363089 Kinome Scan,0.3900306345604786,2.056756756756757,1.9364981743564225,CSF1R,0.4711261130334493,0,0
M12_module,drug repositioning,1010,Zinc acetate dihydrate CTD 00007284,0.3900306345604786,2.056756756756757,1.9364981743564225,CXCL1,0.4711261130334493,0,0
M12_module,drug repositioning,1011,HC toxin MCF7 DOWN,0.3940800014682162,2.029128205128205,1.8895269054413928,CEBPD,0.4755465893088267,0,0
M12_module,drug repositioning,1012,HG-9-91-01 LINCS,0.3981028907112062,2.0022267206477733,1.8441404849127392,CSF1R,0.4799264097506636,0,0
M12_module,drug repositioning,1013,phenoxybenzamine PC3 UP,0.4001044594805968,1.9890397184514832,1.8220192920200833,FOS,0.4818632187229301,0,0
M12_module,drug repositioning,1014,AZD5438 LINCS,0.4040879514783871,1.9631761786600497,1.7788785448056414,CSF1R,0.4861807700233059,0,0
M12_module,drug repositioning,1015,dmnq CTD 00002569,0.4060699168814017,1.9504930966469427,1.7578427474756346,TIMP1,0.488084038024936,0,0
M12_module,drug repositioning,1016,Nintedanib FDA,0.4080453899190131,1.9379715825575696,1.7371528838109185,CSF1R,0.4890131391956739,0,0
M12_module,drug repositioning,1017,BIBF-1120 (derivative) Kinome Scan,0.4080453899190131,1.9379715825575696,1.7371528838109185,CSF1R,0.4890131391956739,0,0
M12_module,drug repositioning,1018,Pyruvic acid BOSS,0.4080453899190131,1.9379715825575696,1.7371528838109185,CLEC4D,0.4890131391956739,0,0
M12_module,drug repositioning,1019,SELENIUM CTD 00006731,0.4103864868557168,1.1835801674179007,1.0541626739485987,MMP13;TNFRSF12A;MTF2;CXCL1;TIMP1;CD14,0.4913361275407012,0,0
M12_module,drug repositioning,1020,raloxifene HL60 DOWN,0.4119769426794042,1.9134010643444608,1.6967809032296095,IL2RG,0.4927567353616403,0,0
M12_module,drug repositioning,1021,carmustine CTD 00005595,0.4153470769577075,1.4276200234192038,1.2543651684393908,CXCL1;CD68,0.4963011105665065,0,0
M12_module,drug repositioning,1022,liothyronine CTD 00006943,0.4158827763688641,1.88944099378882,1.6577045438187064,CCL5,0.496454977661462,0,0
M12_module,drug repositioning,1023,lanatoside C HL60 UP,0.4187929407822525,1.4174418604651162,1.233711141396922,MTF2;FOS,0.4990396498056617,0,0
M12_module,drug repositioning,1024,Fonofos CTD 00005884,0.4188660667221291,1.2912217073006915,1.1236263720360835,LY86;CLCA2;S100A4,0.4990396498056617,0,0
M12_module,drug repositioning,1025,primaquine PC3 UP,0.4210846952774222,1.4107349537037035,1.2201746947387828,CCL5;CSN3,0.5011934909643464,0,0
M12_module,drug repositioning,1026,gabexate PC3 DOWN,0.4236179485025532,1.8432634032634032,1.5832218755256051,ARNTL,0.5037172487067397,0,0
M12_module,drug repositioning,1027,cyclosporin A CTD 00007121,0.4245142613945762,1.091471696831811,0.935183513161098,TNFRSF12A;CEBPD;ANXA3;FZD4;SERPINE1;FOS;OSMR;CXCL13;MMP12;CXCL10;GLIPR1;DRAM1;IGFBP7;TIMP1;CD14;CD68;GBP2,0.504291527654706,0,0
M12_module,drug repositioning,1028,digitoxigenin HL60 DOWN,0.428607386619639,1.2707671957671958,1.0766117104441562,GLIPR1;RGS1;CD14,0.5085540859953472,0,0
M12_module,drug repositioning,1029,Coxistac CTD 00000539,0.4293530398157439,1.81007326007326,1.5303730685600088,IGFBP7,0.5085540859953472,0,0
M12_module,drug repositioning,1030,tobramycin PC3 DOWN,0.4293530398157439,1.81007326007326,1.5303730685600088,CCL5,0.5085540859953472,0,0
M12_module,drug repositioning,1031,staurosporine CTD 00007273,0.4312522191453294,1.7992717341829767,1.513299379825398,ITGB2,0.5103081545657632,0,0
M12_module,drug repositioning,1032,morphine BOSS,0.4350319221075128,1.7780476833108412,1.4799328590436929,CCL5,0.5142819234216721,0,0
M12_module,drug repositioning,1033,doxorubicin PC3 DOWN,0.4386317840298498,1.1975687739402956,0.9869104131510794,CEBPD;FZD4;MTF2;CXCL1,0.5177176006386136,0,0
M12_module,drug repositioning,1034,parthenolide PC3 DOWN,0.4387868844756774,1.757314361938639,1.4475726640104076,CXCL1,0.5177176006386136,0,0
M12_module,drug repositioning,1035,scopolamine PC3 UP,0.4437514847817529,1.346930309734513,1.0943682050232215,CCL5;IGFBP7,0.5230693830277667,0,0
M12_module,drug repositioning,1036,CALCIUM CTD 00005559,0.4462232243098513,1.7172533681008255,1.3857134766654489,CCL5,0.525475225538628,0,0
M12_module,drug repositioning,1037,PhIP CTD 00002156,0.4480670943748681,1.7075194468452894,1.370817603404935,FOS,0.5266299182440647,0,0
M12_module,drug repositioning,1038,GEMCITABINE HYDROCHLORIDE BOSS,0.4480670943748681,1.7075194468452894,1.370817603404935,IL2RG,0.5266299182440647,0,0
M12_module,drug repositioning,1039,CORTICOSTERONE BOSS,0.4499049177648639,1.6978942844864633,1.3561404460634805,ARNTL,0.5282810391464234,0,0
M12_module,drug repositioning,1040,clindamycin HL60 DOWN,0.4506792083421133,1.1304938271604938,0.9010029949598118,TYROBP;TNFRSF12A;MTF2;LCP1;TIMP1;CD14,0.5286813790167099,0,0
M12_module,drug repositioning,1041,tyrphostin AG-825 MCF7 DOWN,0.4526852730559585,1.3229619565217392,1.0485242892793878,ZFP36;MTF2,0.5302985512978938,0,0
M12_module,drug repositioning,1042,methotrexate BOSS,0.4535625023938274,1.678963025924352,1.3274254356772175,CD68,0.5302985512978938,0,0
M12_module,drug repositioning,1043,bilirubin BOSS,0.4535625023938274,1.678963025924352,1.3274254356772175,MMP13,0.5302985512978938,0,0
M12_module,drug repositioning,1044,mitoxantrone PC3 DOWN,0.4537964652090173,1.3200244034707158,1.0429598560361462,MTF2;CXCL1,0.5302985512978938,0,0
M12_module,drug repositioning,1045,KW-2449 Kinome Scan,0.4571961337096228,1.660445565363598,1.2995357724189636,CSF1R,0.5322321403871564,0,0
M12_module,drug repositioning,1046,CROTONALDEHYDE CTD 00000669,0.4571961337096228,1.660445565363598,1.2995357724189636,CXCL1,0.5322321403871564,0,0
M12_module,drug repositioning,1047,Copper(II) chloride CTD 00001408,0.4571961337096228,1.660445565363598,1.2995357724189636,FOS,0.5322321403871564,0,0
M12_module,drug repositioning,1048,ZEARALENONE CTD 00007008,0.4571961337096228,1.660445565363598,1.2995357724189636,CEBPD,0.5322321403871564,0,0
M12_module,drug repositioning,1049,Sunitinib Kinome Scan,0.4590040152329257,1.6513377926421404,1.2858906641488383,CSF1R,0.5333189510325423,0,0
M12_module,drug repositioning,1050,IRON BOSS,0.4590040152329257,1.6513377926421404,1.2858906641488383,CD68,0.5333189510325423,0,0
M12_module,drug repositioning,1051,Sunitinib FDA,0.4626020059112956,1.6334160463192722,1.2591811444071377,CSF1R,0.5359681360035903,0,0
M12_module,drug repositioning,1052,ZINC BOSS,0.4626020059112956,1.6334160463192722,1.2591811444071377,MMP13,0.5359681360035903,0,0
M12_module,drug repositioning,1053,Imatinib mesylate BOSS,0.4626020059112956,1.6334160463192722,1.2591811444071377,CSF1R,0.5359681360035903,0,0
M12_module,drug repositioning,1054,Superoxide BOSS,0.4661764276660525,1.6158756137479542,1.233221913564407,ITGB2,0.5395970035603265,0,0
M12_module,drug repositioning,1055,cholesterol BOSS,0.4679548477399131,1.6072446072446072,1.2205149820171926,CD68,0.5411401960892699,0,0
M12_module,drug repositioning,1056,phenoxybenzamine MCF7 UP,0.4697274325069974,1.5987044534412955,1.2079853748864733,FOS,0.5411401960892699,0,0
M12_module,drug repositioning,1057,nitric oxide BOSS,0.4697274325069974,1.5987044534412955,1.2079853748864733,MMP13,0.5411401960892699,0,0
M12_module,drug repositioning,1058,formaldehyde BOSS,0.4697274325069974,1.5987044534412955,1.2079853748864733,CD68,0.5411401960892699,0,0
M12_module,drug repositioning,1059,Insulin BOSS,0.4697274325069974,1.5987044534412955,1.2079853748864733,ITGB2,0.5411401960892699,0,0
M12_module,drug repositioning,1060,parathion CTD 00006472,0.4747148332229403,1.1803733136204029,0.8794265214366035,LY86;CLCA2;S100A4,0.5446547397347898,0,0
M12_module,drug repositioning,1061,folic acid CTD 00005997,0.475010363178538,1.573614986050219,1.171428356073071,S100A4,0.5446547397347898,0,0
M12_module,drug repositioning,1062,R406 LINCS,0.475010363178538,1.573614986050219,1.171428356073071,CSF1R,0.5446547397347898,0,0
M12_module,drug repositioning,1063,ethosuximide HL60 DOWN,0.475010363178538,1.573614986050219,1.171428356073071,RGS1,0.5446547397347898,0,0
M12_module,drug repositioning,1064,furosemide BOSS,0.475010363178538,1.573614986050219,1.171428356073071,ITGB2,0.5446547397347898,0,0
M12_module,drug repositioning,1065,R-atenolol PC3 UP,0.4785034844789474,1.5573175542406312,1.147885977467949,CCL5,0.5466051039928052,0,0
M12_module,drug repositioning,1066,sanguinarine MCF7 UP,0.4785034844789474,1.5573175542406312,1.147885977467949,FOS,0.5466051039928052,0,0
M12_module,drug repositioning,1067,MANGANESE CHLORIDE CTD 00001187,0.4785034844789474,1.5573175542406312,1.147885977467949,CEBPD,0.5466051039928052,0,0
M12_module,drug repositioning,1068,2-Butanone BOSS,0.4785034844789474,1.5573175542406312,1.147885977467949,MMP13,0.5466051039928052,0,0
M12_module,drug repositioning,1069,"Staurosporine, Streptomyces sp. RBC",0.4802414512213977,1.549293563579278,1.136354583880737,CSF1R,0.547565019149631,0,0
M12_module,drug repositioning,1070,fulvestrant MCF7 DOWN,0.4802414512213977,1.549293563579278,1.136354583880737,MTF2,0.547565019149631,0,0
M12_module,drug repositioning,1071,Andriol CTD 00000567,0.4819737133792164,1.54135103475205,1.1249792565126313,CXCL10,0.5480036629288388,0,0
M12_module,drug repositioning,1072,hydrocortisone BOSS,0.4819737133792164,1.54135103475205,1.1249792565126313,ARNTL,0.5480036629288388,0,0
M12_module,drug repositioning,1073,Bisulfite BOSS,0.4819737133792164,1.54135103475205,1.1249792565126313,CXCL1,0.5480036629288388,0,0
M12_module,drug repositioning,1074,Bosutinib,0.4837002894353833,1.5334887334887335,1.113757226736995,CSF1R,0.5494547049452213,0,0
M12_module,drug repositioning,1075,dopamine BOSS,0.4854211976341649,1.525705450328566,1.1026857881843173,HTR2B,0.550896614989471,0,0
M12_module,drug repositioning,1076,R406 Kinome Scan,0.4905500986905821,1.5028179741051029,1.0703488404705086,CSF1R,0.5555441189044279,0,0
M12_module,drug repositioning,1077,mitoxantrone MCF7 DOWN,0.4908135298785393,1.227209595959596,0.8733940239882313,ZFP36;MTF2,0.5555441189044279,0,0
M12_module,drug repositioning,1078,TAE-684 Kinome Scan,0.4922485184718742,1.4953391436150056,1.0598538742581958,CSF1R,0.5555441189044279,0,0
M12_module,drug repositioning,1079,HG-14-10-04 LINCS,0.4922485184718742,1.4953391436150056,1.0598538742581958,CSF1R,0.5555441189044279,0,0
M12_module,drug repositioning,1080,temozolomide CTD 00002088,0.4922485184718742,1.4953391436150056,1.0598538742581958,CXCL1,0.5555441189044279,0,0
M12_module,drug repositioning,1081,monobenzone PC3 DOWN,0.4922485184718742,1.4953391436150056,1.0598538742581958,RRAS2,0.5555441189044279,0,0
M12_module,drug repositioning,1082,irinotecan PC3 UP,0.4950676650272665,1.217121743486974,0.8557106216422924,ZFP36;FOS,0.558209382008563,0,0
M12_module,drug repositioning,1083,BX-912 LINCS,0.4956286458259475,1.4806003752345216,1.0392753496785962,CSF1R,0.5583258983450193,0,0
M12_module,drug repositioning,1084,"2,2',4,4',5,5'-Hexachlorobiphenyl CTD 00000731",0.4989866101313608,1.466146413972501,1.0192298243965057,FOS,0.5615900962733028,0,0
M12_module,drug repositioning,1085,NVP-TAE684 LINCS,0.505636621058205,1.4380605176813708,0.9806666865809354,CSF1R,0.5680264067136372,0,0
M12_module,drug repositioning,1086,(-)-Epigallocatechin gallate BOSS,0.505636621058205,1.4380605176813708,0.9806666865809354,CCL5,0.5680264067136372,0,0
M12_module,drug repositioning,1087,ellipticine MCF7 DOWN,0.5097837041654063,1.1830531189083822,0.7971042243085579,TNFRSF12A;MTF2,0.5721583432215231,0,0
M12_module,drug repositioning,1088,bisacodyl MCF7 UP,0.5154489626351055,1.3978730946472882,0.9263942440727808,FOS,0.5778657712734908,0,0
M12_module,drug repositioning,1089,phenobarbital CTD 00006510,0.5158162499318291,1.078652329749104,0.714072892225067,TNFRSF12A;FZD4;RRAS2;CD14,0.5778657712734908,0,0
M12_module,drug repositioning,1090,trichostatin A PC3 DOWN,0.5186433287854121,1.0746021314894711,0.7055180581889484,DRAM1;TNFRSF12A;CEBPD;CXCL1,0.5804998725855071,0,0
M12_module,drug repositioning,1091,progesterone BOSS,0.520282950610114,1.3786013986013983,0.9007540002067298,CCL5,0.5818012829920615,0,0
M12_module,drug repositioning,1092,EINECS 250-892-2 CTD 00001193,0.5234791910630493,1.366042966042966,0.8841822368888341,SERPINE1,0.5844093128397515,0,0
M12_module,drug repositioning,1093,menadione CTD 00007386,0.5235732614211872,1.0675829168559745,0.690809752885288,TNFRSF12A;FZD4;RRAS2;FOS,0.5844093128397515,0,0
M12_module,drug repositioning,1094,tolazoline PC3 UP,0.5250694370240641,1.3598482235253535,0.8760479010641138,CCL5,0.5855436135003274,0,0
M12_module,drug repositioning,1095,resveratrol BOSS,0.5266544561494,1.3537087912087913,0.8680124620072812,MMP13,0.5867748278559525,0,0
M12_module,drug repositioning,1096,chlorhexidine PC3 DOWN,0.5293149725300007,1.1396851503759398,0.7250353405418394,GLIPR1;RRAS2,0.589200973071716,0,0
M12_module,drug repositioning,1097,vinblastine CTD 00006986,0.5298088815207171,1.3415929203539825,0.8522320624536145,SERPINE1,0.5892131590294211,0,0
M12_module,drug repositioning,1098,alsterpaullone PC3 DOWN,0.5326683996334702,1.0547741373985795,0.664356017329948,TNFRSF12A;CEBPD;FZD4;MTF2,0.5916196307075663,0,0
M12_module,drug repositioning,1099,SARIN CTD 00006722,0.5329426017603404,1.3296896086369772,0.8368289188134188,OSMR,0.5916196307075663,0,0
M12_module,drug repositioning,1100,levonorgestrel HL60 UP,0.5360557507744059,1.3179933110367894,0.8217913811951465,RGS1,0.5939945648908039,0,0
M12_module,drug repositioning,1101,ethanol CTD 00005337,0.5360557507744059,1.3179933110367894,0.8217913811951465,S100A4,0.5939945648908039,0,0
M12_module,drug repositioning,1102,Retinoic acid BOSS,0.5376046526253595,1.3122211122211125,0.8144061972937677,ITGB2,0.5951703050843363,0,0
M12_module,drug repositioning,1103,diethylstilbestrol CTD 00005818,0.5391484615512531,1.306498673740053,0.8071082479478011,CEBPD,0.5963382802289472,0,0
M12_module,drug repositioning,1104,baclofen HL60 DOWN,0.5406871938319999,1.300825354902608,0.7998962000758535,IGFBP7,0.5969578067647421,0,0
M12_module,drug repositioning,1105,cephaeline PC3 DOWN,0.5406871938319999,1.300825354902608,0.7998962000758535,FZD4,0.5969578067647421,0,0
M12_module,drug repositioning,1106,gemcitabine CTD 00002382,0.542220866074932,1.2952005259697568,0.792768745150718,CXCL1,0.5981098161043553,0,0
M12_module,drug repositioning,1107,OTSSP167 LINCS,0.5452730957703443,1.2840938722294657,0.778762505952893,CSF1R,0.6009333124117616,0,0
M12_module,drug repositioning,1108,lycorine HL60 DOWN,0.5458098475665139,1.0574311214590608,0.6402582896623067,ITGB2;IGFBP7;CD14,0.6009819621219737,0,0
M12_module,drug repositioning,1109,flunixin HL60 DOWN,0.5467916859173785,1.2786108406361572,0.7718812274350396,MTF2,0.601520159440218,0,0
M12_module,drug repositioning,1110,puromycin HL60 DOWN,0.5498138976996305,1.2677824267782427,0.75835629300266,CD14,0.6036439235159295,0,0
M12_module,drug repositioning,1111,tolnaftate PC3 DOWN,0.5498138976996305,1.2677824267782427,0.75835629300266,ARNTL,0.6036439235159295,0,0
M12_module,drug repositioning,1112,0175029-0000 MCF7 DOWN,0.5502065925817324,1.0198092037628643,0.609296683980332,ZFP36;TNFRSF12A;CEBPD;MTF2;RRAS2,0.6036439235159295,0,0
M12_module,drug repositioning,1113,dirithromycin HL60 DOWN,0.5512806944024874,1.093185920577617,0.6510044291219503,MTF2;CD14,0.6037768518790497,0,0
M12_module,drug repositioning,1114,tretinoin HL60 UP,0.5513175516338208,1.2624358974358971,0.751710280809064,TIMP1,0.6037768518790497,0,0
M12_module,drug repositioning,1115,trichostatin A MCF7 UP,0.5553000697032436,1.0422065496692363,0.6130745064598638,FZD4;FOS;ARNTL,0.6075929013793339,0,0
M12_module,drug repositioning,1116,lanatoside C HL60 DOWN,0.5581212049393491,1.0791555258467025,0.6293409774985266,CEBPD;RGS1,0.6101325000233028,0,0
M12_module,drug repositioning,1117,URANIUM CTD 00006964,0.5587619439252943,1.2363579277864991,0.7195995771513957,FOS,0.6102860981099901,0,0
M12_module,drug repositioning,1118,cicloheximide PC3 DOWN,0.5602361583531072,1.2312695434646654,0.7133937230614303,FZD4,0.6113489384533013,0,0
M12_module,drug repositioning,1119,AZD7762 LINCS,0.5704207046698503,1.1967771359075707,0.6718480794093912,CSF1R,0.6213511247296583,0,0
M12_module,drug repositioning,1120,cantharidin HL60 DOWN,0.5704207046698503,1.1967771359075707,0.6718480794093912,CD14,0.6213511247296583,0,0
M12_module,drug repositioning,1121,mitoxantrone CTD 00006345,0.5718565475131897,1.192004845548153,0.6661723032764008,IGFBP7,0.6223594897110539,0,0
M12_module,drug repositioning,1122,alsterpaullone MCF7 UP,0.5732876635530092,1.1872699849170438,0.6605586204578772,S100A4,0.6233609175888336,0,0
M12_module,drug repositioning,1123,curcumin BOSS,0.57471406815806,1.1825721153846154,0.6550061589145069,MMP13,0.6243554435911249,0,0
M12_module,drug repositioning,1124,Sunitinib,0.5761357765948729,1.1779108051481593,0.6495140619649734,CSF1R,0.6253431027097375,0,0
M12_module,drug repositioning,1125,emetine PC3 DOWN,0.5789651658798117,1.1686961686961688,0.6387076092445341,FZD4,0.6278555576652181,0,0
M12_module,drug repositioning,1126,piperlongumine MCF7 DOWN,0.5817759525334353,1.159622752726201,0.628132701833592,FZD4,0.6299816293698453,0,0
M12_module,drug repositioning,1127,trichostatin A MCF7 DOWN,0.5819584395900128,1.031783276450512,0.5585623185830949,TNFRSF12A;CEBPD,0.6299816293698453,0,0
M12_module,drug repositioning,1128,azacitidine PC3 DOWN,0.588465723827933,1.0192348229342327,0.5404356043226143,FZD4;MTF2,0.6364611552039701,0,0
M12_module,drug repositioning,1129,CEP-701 Kinome Scan,0.5955550352393493,1.1162645472608572,0.5785169117796473,CSF1R,0.6435581425969938,0,0
M12_module,drug repositioning,1130,puromycin HL60 UP,0.5982567088077508,1.1079740772048463,0.5692054372725707,FOS,0.6459054732260672,0,0
M12_module,drug repositioning,1131,etifenin PC3 DOWN,0.6012598758670964,0.9950061779242174,0.5061875348610212,GLIPR1;MTF2,0.6485738714039413,0,0
M12_module,drug repositioning,1132,vorinostat MCF7 UP,0.604861298943486,0.988287643207856,0.4968676462962749,FOS;ARNTL,0.6516579334195215,0,0
M12_module,drug repositioning,1133,Bisphenol A CTD 00000312,0.6054767591919826,0.957792707318324,0.4805620505378878,CEBPD;ITGB2;FOS;GBP2,0.6516579334195215,0,0
M12_module,drug repositioning,1134,cyclophosphamide CTD 00005734,0.6062555364189811,1.0838158257513095,0.5423996450305215,RRAS2,0.6516579334195215,0,0
M12_module,drug repositioning,1135,PHA-00665752 MCF7 DOWN,0.6062555364189811,1.0838158257513095,0.5423996450305215,TNFRSF12A,0.6516579334195215,0,0
M12_module,drug repositioning,1136,sulpiride PC3 DOWN,0.6084386877980581,0.9816565040650408,0.4877449977535094,GLIPR1;RRAS2,0.6533349967199351,0,0
M12_module,drug repositioning,1137,arbutin CTD 00005438,0.6088867961234149,1.0759923350670682,0.5338244520757733,SLC15A3,0.6533349967199351,0,0
M12_module,drug repositioning,1138,ambroxol PC3 DOWN,0.6128766262909647,0.9734879032258064,0.4766115249156631,RRAS2;S100A4,0.6570382109621942,0,0
M12_module,drug repositioning,1139,chlorhexidine PC3 UP,0.6230521361696442,1.0348788198103267,0.4896271223749485,NCKAP1L,0.6667750930938298,0,0
M12_module,drug repositioning,1140,luteolin HL60 DOWN,0.6230521361696442,1.0348788198103267,0.4896271223749485,GLIPR1,0.6667750930938298,0,0
M12_module,drug repositioning,1141,OCHRATOXIN A CTD 00001202,0.6280768782984846,1.0206860706860708,0.4747136428496731,FOS,0.671563358040448,0,0
M12_module,drug repositioning,1142,arsenite CTD 00000779,0.629257989658649,0.9278176025487852,0.429778054639145,TNFRSF12A;CCL5;SERPINE1;CD14,0.6722370817719368,0,0
M12_module,drug repositioning,1143,zuclopenthixol PC3 UP,0.6330356413852646,1.006871794871795,0.4603705337422831,CCL5,0.6756810870428895,0,0
M12_module,drug repositioning,1144,lycorine PC3 DOWN,0.6342651232083991,1.0034755941732685,0.4568706336904144,FZD4,0.6764016174075586,0,0
M12_module,drug repositioning,1145,staurosporine MCF7 DOWN,0.6361934120705626,0.9315591190108192,0.4213000847167793,TNFRSF12A;MTF2,0.6778654696297698,0,0
M12_module,drug repositioning,1146,neostigmine bromide PC3 DOWN,0.6370360395672928,0.9300733024691358,0.419397068835581,GLIPR1;MTF2,0.6781710019826329,0,0
M12_module,drug repositioning,1147,metronidazole PC3 UP,0.6390049939208433,0.9157159716758458,0.4100969965316086,NCKAP1L;CD14;CXCL13;SLC15A3,0.6796740127144104,0,0
M12_module,drug repositioning,1148,kojic acid CTD 00000624,0.647524534865769,0.9675542406311636,0.4204977130244398,CEBPD,0.6881358297353991,0,0
M12_module,drug repositioning,1149,Staurosporine Kinome Scan,0.6498839485106568,0.9612934835864771,0.4142804554656162,CSF1R,0.690042138540471,0,0
M12_module,drug repositioning,1150,scriptaid MCF7 DOWN,0.6535758319370263,0.9012911676646708,0.3833161710281507,TNFRSF12A;CEBPD,0.6931429819497879,0,0
M12_module,drug repositioning,1151,irinotecan MCF7 UP,0.6543872321582438,0.8998972346786248,0.3816068259285119,FCER1G;CEBPD,0.6931429819497879,0,0
M12_module,drug repositioning,1152,trichostatin A CTD 00000660,0.6545087829558653,0.915813042261405,0.3881859255091871,MMP12;LGALS3;MMP13;DRAM1;CEBPD;ANXA3;FZD4;S100A4;CXCL1;IGFBP7;CD14,0.6931429819497879,0,0
M12_module,drug repositioning,1153,dexverapamil MCF7 DOWN,0.6625853546515271,0.9282366863905326,0.3820676894844863,RRAS2,0.7010877126408179,0,0
M12_module,drug repositioning,1154,H-7 PC3 DOWN,0.6655488339563361,0.883210117194,0.3595930503456138,TNFRSF12A;CEBPD;FZD4;MTF2,0.7036131520162305,0,0
M12_module,drug repositioning,1155,amikacin PC3 DOWN,0.6726389635169019,0.9028097650852142,0.358006099143029,RRAS2,0.709878490908841,0,0
M12_module,drug repositioning,1156,cyclopenthiazide PC3 UP,0.6726389635169019,0.9028097650852142,0.358006099143029,CCL5,0.709878490908841,0,0
M12_module,drug repositioning,1157,zalcitabine PC3 DOWN,0.6967605989486582,0.82916091160221,0.2995869487428616,MTF2;ARNTL,0.7347000265491468,0,0
M12_module,drug repositioning,1158,MG-262 PC3 DOWN,0.6990434009082639,0.8388686522391258,0.3003505863671741,FZD4,0.7364705950846995,0,0
M12_module,drug repositioning,1159,diltiazem PC3 DOWN,0.7030687870518574,0.8294553930917568,0.2922175862840576,SERPINE1,0.7394344139683328,0,0
M12_module,drug repositioning,1160,MERCURY CTD 00006274,0.7030687870518574,0.8294553930917568,0.2922175862840576,CEBPD,0.7394344139683328,0,0
M12_module,drug repositioning,1161,"(17S)-17-hydroxy-13,17-dimethyl-1,2,6,7,8,14,15,16-octahydrocyclopenta[a]phenanthren-3-one CTD 00007088",0.7060529838732512,0.8225304749894914,0.28629406675503,SERPINE1,0.7416940560447665,0,0
M12_module,drug repositioning,1162,0175029-0000 MCF7 UP,0.7070411370328389,0.8202473276042759,0.2843522123198015,S100A4,0.7416940560447665,0,0
M12_module,drug repositioning,1163,scopolamine PC3 DOWN,0.7070411370328389,0.8202473276042759,0.2843522123198015,ARNTL,0.7416940560447665,0,0
M12_module,drug repositioning,1164,bisacodyl MCF7 DOWN,0.7119330400555635,0.8090157154673284,0.2748804159050776,FZD4,0.7461841141475837,0,0
M12_module,drug repositioning,1165,sanguinarine HL60 UP,0.7224138083006951,0.785338421369753,0.2553584127588749,FOS,0.7565191812247624,0,0
M12_module,drug repositioning,1166,alsterpaullone MCF7 DOWN,0.7238745201075019,0.8133436089397776,0.2628215897579842,TNFRSF12A;CEBPD;MTF2;RRAS2,0.7573987260129951,0,0
M12_module,drug repositioning,1167,COUMESTROL CTD 00005717,0.7253033895363963,0.8222577045551452,0.2640805957674078,TNFRSF12A;CEBPD;ANXA3;FOS;GBP2,0.758243474922368,0,0
M12_module,drug repositioning,1168,CUPRIC OXIDE CTD 00001471,0.7307088902604234,0.7669544740973312,0.2406243990816037,FOS,0.7632404504432505,0,0
M12_module,drug repositioning,1169,Copper sulfate CTD 00007279,0.7327776481872808,0.8712904301433811,0.27089549363916,TNFRSF12A;ANXA3;FZD4;SERPINE1;RRAS2;CXCL1;FOS;ARNTL;MMP12;CXCL10;LGALS3;ZFP36;GLIPR1;S100A4;TIMP1;CD14;CD68;GBP2,0.7647465618378806,0,0
M12_module,drug repositioning,1170,apigenin HL60 DOWN,0.7334192884823333,0.7610126582278481,0.2359426321921305,CEBPD,0.7647619931183305,0,0
M12_module,drug repositioning,1171,ellipticine PC3 DOWN,0.7361028157838545,0.7551604174719753,0.2313701829449878,MTF2,0.766904726948166,0,0
M12_module,drug repositioning,1172,MG-262 MCF7 DOWN,0.7431295064031209,0.7399772641151952,0.2196881111563589,CEBPD,0.7729053689785231,0,0
M12_module,drug repositioning,1173,thapsigargin MCF7 UP,0.7431295064031209,0.7399772641151952,0.2196881111563589,ARNTL,0.7729053689785231,0,0
M12_module,drug repositioning,1174,VITAMIN E CTD 00006994,0.744005080693678,0.7894443730454526,0.2334445550629869,ZFP36;CCL5;MTF2;TIMP1,0.7731568981654916,0,0
M12_module,drug repositioning,1175,emetine PC3 UP,0.7476578103921219,0.7483964330413017,0.2176410757012374,ZFP36;ARNTL,0.7762915137688414,0,0
M12_module,drug repositioning,1176,Pentabromodiphenyl ether CTD 00003077,0.7499718590379356,0.7253808992939428,0.208706298158269,CEBPD,0.778032030634593,0,0
M12_module,drug repositioning,1177,cimetidine PC3 UP,0.7558114503519276,0.7130641330166271,0.1996318150338883,NCKAP1L,0.7834239332449887,0,0
M12_module,drug repositioning,1178,Vorinostat CTD 00003560,0.7582728194914821,0.7079100145137881,0.1958872227815272,ANXA3,0.785308013395253,0,0
M12_module,drug repositioning,1179,sanguinarine HL60 DOWN,0.7631224824707306,0.6978175313059034,0.1886457117105373,RGS1,0.7896602447958365,0,0
M12_module,drug repositioning,1180,deptropine HL60 DOWN,0.7663022238346925,0.6912442396313364,0.1839944508996149,ARNTL,0.79227857040536,0,0
M12_module,drug repositioning,1181,digoxin HL60 DOWN,0.7793536224706009,0.6646085621695378,0.1656805289840931,NCKAP1L,0.8050901095801296,0,0
M12_module,drug repositioning,1182,captopril PC3 DOWN,0.7802567529104061,0.6981850117096019,0.1732422130300292,GLIPR1;MTF2,0.8053411493660706,0,0
M12_module,drug repositioning,1183,theophylline CTD 00006862,0.7937913507840914,0.6357341172627797,0.1468130261085219,ITGB2,0.8186182992025286,0,0
M12_module,drug repositioning,1184,irinotecan MCF7 DOWN,0.7994012705931898,0.7004015160043529,0.1568144666097546,MTF2;RRAS2;ARNTL,0.823707390307172,0,0
M12_module,drug repositioning,1185,GW-8510 MCF7 DOWN,0.8072296466259857,0.6899396899396899,0.1477485719666818,CEBPD;FZD4;MTF2,0.8297415702019111,0,0
M12_module,drug repositioning,1186,daunorubicin MCF7 DOWN,0.8072296466259857,0.6899396899396899,0.1477485719666818,ZFP36;CEBPD;MTF2,0.8297415702019111,0,0
M12_module,drug repositioning,1187,vorinostat MCF7 DOWN,0.8072977408439906,0.6092119692934357,0.1304095779015558,CEBPD,0.8297415702019111,0,0
M12_module,drug repositioning,1188,0179445-0000 MCF7 DOWN,0.8091752812446177,0.6540497799779978,0.1384883181335116,TNFRSF12A;RRAS2,0.83097124841619,0,0
M12_module,drug repositioning,1189,GW-8510 PC3 DOWN,0.8164553034006172,0.6775437447706355,0.1373944275709058,CEBPD;FZD4;MTF2,0.8377421952470588,0,0
M12_module,drug repositioning,1190,H-7 MCF7 DOWN,0.824522541265562,0.6666308359310616,0.1286269517914892,ZFP36;CEBPD;MTF2,0.8453088238184753,0,0
M12_module,drug repositioning,1191,67526-95-8 CTD 00007263,0.8289674611867274,0.623784174553102,0.1170059268617224,S100A4;FOS,0.8491522272441707,0,0
M12_module,drug repositioning,1192,GDC-0941 CTD 00004868,0.832320040944818,0.5610757663389242,0.1029788628844162,TNFRSF12A,0.8516040589723946,0,0
M12_module,drug repositioning,1193,helveticoside HL60 DOWN,0.8328885296348522,0.5599942271612065,0.1023980040965305,RGS1,0.8516040589723946,0,0
M12_module,drug repositioning,1194,primaquine PC3 DOWN,0.8334551200106879,0.5589167386920196,0.1018208935496118,MTF2,0.8516040589723946,0,0
M12_module,drug repositioning,1195,fisetin PC3 DOWN,0.8368151465779383,0.5525356125356126,0.0984353715427136,MTF2,0.8543217396025814,0,0
M12_module,drug repositioning,1196,piroxicam CTD 00006571,0.8411915248995436,0.544244806288602,0.0941194709562722,GLIPR1,0.8580716223891666,0,0
M12_module,drug repositioning,1197,anisomycin PC3 DOWN,0.8459768774399642,0.5352023201215301,0.0895196802100093,FZD4,0.862232072244575,0,0
M12_module,drug repositioning,1198,irinotecan PC3 DOWN,0.8485453318712782,0.5935619358074222,0.0974817272277308,MTF2;RRAS2,0.8641279673480462,0,0
M12_module,drug repositioning,1199,diazinon CTD 00005790,0.8594605391223739,0.5764939024390244,0.0873102128943318,TNFRSF12A;ITGB2,0.8745136428100885,0,0
M12_module,drug repositioning,1200,anisomycin HL60 DOWN,0.8620767969407105,0.5723716085271318,0.0849461974088094,ITGB2;CD14,0.8764447435563889,0,0
M12_module,drug repositioning,1201,chlortetracycline HL60 DOWN,0.8678932539783413,0.5631560114503816,0.0797916330341753,MTF2;TIMP1,0.8816234553318704,0,0
M12_module,drug repositioning,1202,0175029-0000 PC3 DOWN,0.8784265198070346,0.6907360063187213,0.0895352855354053,ZFP36;TNFRSF12A;CEBPD;FZD4;MTF2;SERPINE1;CXCL1;ARNTL,0.8915809934813496,0,0
M12_module,drug repositioning,1203,lobeline HL60 DOWN,0.8840616443440938,0.5822668815369545,0.071751865884082,MTF2;IGFBP7;CD14,0.8965546185368201,0,0
M12_module,drug repositioning,1204,camptothecin MCF7 DOWN,0.8848929383698995,0.5810154525386313,0.0710515749179844,TNFRSF12A;MTF2;ARNTL,0.8966523129661773,0,0
M12_module,drug repositioning,1205,digoxigenin HL60 DOWN,0.8919585269703308,0.4485744210403817,0.0512880443744656,CEBPD,0.9030617451483848,0,0
M12_module,drug repositioning,1206,ETHYL METHANESULFONATE CTD 00005938,0.8929773142098204,0.6253637073309204,0.0707874835553047,DRAM1;SERPINE1;MS4A7;LY86;CLCA2,0.9033435516882098,0,0
M12_module,drug repositioning,1207,trichostatin A HL60 UP,0.8937898530724142,0.4450912450912451,0.0499768902455516,ARNTL,0.9034164214982148,0,0
M12_module,drug repositioning,1208,scriptaid MCF7 UP,0.9011532996078244,0.4310155637666554,0.0448600533261873,ARNTL,0.909873132515967,0,0
M12_module,drug repositioning,1209,latamoxef HL60 DOWN,0.9016693583703312,0.5550718065003779,0.0574540345754074,MTF2;NCKAP1L;CTSS,0.909873132515967,0,0
M12_module,drug repositioning,1210,digitoxigenin PC3 DOWN,0.9031631704563168,0.4271506271506271,0.0435061643470212,DRAM1,0.91062732888984,0,0
M12_module,drug repositioning,1211,meclofenoxate HL60 DOWN,0.909265912224633,0.4153414001728608,0.0395063165741858,IGFBP7,0.9160234623567732,0,0
M12_module,drug repositioning,1212,METHYL METHANESULFONATE CTD 00006307,0.9128603314595808,0.6585705508908458,0.0600434495806188,CXCL10;DRAM1;SERPINE1;ITGB2;MS4A7;LY86;CLCA2;S100A4;FOS,0.9187904780641136,0,0
M12_module,drug repositioning,1213,vorinostat HL60 UP,0.9135187294194834,0.4070353888535706,0.0368169209553293,FOS,0.9187904780641136,0,0
M12_module,drug repositioning,1214,metronidazole PC3 DOWN,0.918699223654762,0.3968155500413565,0.0336485685004955,CXCL1,0.9232397470006668,0,0
M12_module,drug repositioning,1215,medrysone HL60 DOWN,0.9227818502153255,0.3886693017127799,0.0312344060707857,MTF2,0.9265793063890512,0,0
M12_module,drug repositioning,1216,hydralazine CTD 00006108,0.9269141717367468,0.3803275434243176,0.028864694514363,LY86,0.9299632315121968,0,0
M12_module,drug repositioning,1217,LEAD CTD 00006203,0.930590040900993,0.3728140214216163,0.0268189140174247,MPEG1,0.932884017994422,0,0
M12_module,drug repositioning,1218,camptothecin PC3 DOWN,0.9625480763542236,0.3862684316353887,0.0147443545139408,FZD4;MTF2,0.9641286150674488,0,0
M12_module,drug repositioning,1219,atrazine CTD 00005450,0.9756920380734072,0.4694787626630077,0.0115530634942537,SERPINE1;S100A4;CXCL1;FOS;ARNTL,0.9764924417141564,0,0
M12_module,drug repositioning,1220,VALPROIC ACID CTD 00006977,0.9885744804732916,0.5674588412170223,0.0065208353823048,CSF1R;TNFRSF12A;CEBPD;ANXA3;FZD4;SERPINE1;ITGB2;LY86;CXCL1;FOS;ARNTL;LGALS3;GLIPR1;CLEC4D;DRAM1;MTF2;S100A4;IGFBP7;LCP1,0.9885744804732916,0,0
Severity_positive_FDR005,drug repositioning,1,mebendazole HL60 UP,4.3978602731945355e-08,7.292195329992537,123.52659945051973,RBM47;FCER1G;FOS;IL2RG;CXCL2;ICAM1;GLIPR1;PTPRC;C3AR1;LPXN;CD14;TIMP1;CYTIP;ASF1B,7.062963598750424e-05,0,0
Severity_positive_FDR005,drug repositioning,2,NICKEL SULFATE CTD 00001417,1.445914280120132e-07,5.339697511790535,84.09678534980577,C1QB;MS4A7;PLEK;CXCL1;FOS;CXCL2;ICAM1;LGALS3;UBD;CCL5;ALOX5AP;TIMP1;IL7R;CYTIP;ATF3;MDFI;C1QC,0.0001161069166936,0,0
Severity_positive_FDR005,drug repositioning,3,methotrexate CTD 00006299,1.9800657222780537e-06,4.606397442218338,60.49296404096998,C1QB;CSF1R;FCER1G;CD93;NCF4;CTSS;FYB;ICAM1;TYROBP;PTPRC;CCL5;ARHGDIB;IGFBP7;CD48;CD68;PLA1A,0.0007680384996521,0,0
Severity_positive_FDR005,drug repositioning,4,Phorbol 12-myristate 13-acetate CTD 00006852,2.439674269918214e-06,5.125875049531105,66.24499470085973,ANXA3;SERPINE1;ITGB2;PCOLCE;FOS;FYB;ICAM1;TYROBP;CCL5;IGFBP7;CD14;LCP1;TIMP1;IL18R1,0.0007680384996521,0,0
Severity_positive_FDR005,drug repositioning,5,1-NITROPYRENE CTD 00001569,2.5097930571971933e-06,7.49732905982906,96.6803843144568,GLIPR1;CEBPD;CCL5;SERPINE1;CXCL1;CD14;FOS;CXCL13;CXCL2;ICAM1,0.0007680384996521,0,0
Severity_positive_FDR005,drug repositioning,6,dexamethasone CTD 00005779,2.8693841830092135e-06,5.440423976608187,69.42749792213499,CD53;CSF1R;SERPINE1;ICAM1;MMP12;LGALS3;CCL5;ACP5;CD14;CD68;IL7R;PDLIM4;PLA1A,0.0007680384996521,0,0
Severity_positive_FDR005,drug repositioning,7,AGN-PC-0JHFVD BOSS,3.678171072963513e-06,8.251955671447197,103.25750459547908,CD53;PTPRC;CCL5;ITGB2;CXCL13;CD68;IL2RG;IL18R1;ICAM1,0.0008238874746337,0,0
Severity_positive_FDR005,drug repositioning,8,beclomethasone CTD 00005468,4.231519753911172e-06,16.1051348055819,199.26801721709475,CCL5;ACP5;TIMP1;FOS;ICAM1;PLA1A,0.0008238874746337,0,0
Severity_positive_FDR005,drug repositioning,9,histamine CTD 00006100,4.617053095705775e-06,15.84457478005865,194.66254662707524,PTPRC;ALOX5AP;CLCA1;FOS;CD14;ICAM1,0.0008238874746337,0,0
Severity_positive_FDR005,drug repositioning,10,triprolidine PC3 UP,1.037990693274693e-05,35.871725383920506,411.6509581245834,SERPINE1;CXCL1;IL7R;CXCL2,0.0016670130533991,0,0
Severity_positive_FDR005,drug repositioning,11,"1-chloro-2,4-dinitrobenzene CTD 00005848",2.459094485712893e-05,6.429039063068306,68.23224199695507,CCL5;MS4A7;CXCL1;FOS;IL7R;CYTIP;CXCL2;ATF3;ICAM1,0.0035902779491408,0,0
Severity_positive_FDR005,drug repositioning,12,Isoguanine BOSS,3.154091033974325e-05,7.193642674461088,74.55653206651832,CD53;PTPRC;CCL5;ITGB2;CXCL13;CD68;IL2RG;ICAM1,0.0042212251671356,0,0
Severity_positive_FDR005,drug repositioning,13,Ginsenoside Rh1 CTD 00003920,3.975038956310422e-05,60.07560483870968,608.7395505783484,ITGB2;FOS;ICAM1,0.0049107019721804,0,0
Severity_positive_FDR005,drug repositioning,14,PD 98059 CTD 00003206,4.5719821912879655e-05,5.914785288403564,59.106322894685064,MMP12;CCL5;SERPINE1;CD14;TIMP1;FOS;CXCL2;ATF3;ICAM1,0.0052447167137203,0,0
Severity_positive_FDR005,drug repositioning,15,chloropyramine PC3 UP,6.204007408362375e-05,21.510027100271003,208.3833353892572,SERPINE1;CXCL1;CXCL2;ICAM1,0.0066424239318866,0,0
Severity_positive_FDR005,drug repositioning,16,cinnamaldehyde CTD 00000671,8.926159338631174e-05,7.278744725738397,67.86657362342748,TNNT2;CCL5;SERPINE1;FOS;IL7R;ATF3;ICAM1,0.0083987283267759,0,0
Severity_positive_FDR005,drug repositioning,17,profenamine PC3 UP,9.495608455933108e-05,12.115243454856865,112.21254843945272,SERPINE1;CXCL1;IL7R;CXCL2;ICAM1,0.0083987283267759,0,0
Severity_positive_FDR005,drug repositioning,18,Sodium dodecyl sulfate CTD 00006753,9.495608455933108e-05,12.115243454856865,112.21254843945272,CCL5;ARHGDIB;IL7R;ATF3;ICAM1,0.0083987283267759,0,0
Severity_positive_FDR005,drug repositioning,19,PHENCYCLIDINE CTD 00005881,9.936229029187045e-05,6.0612134762161745,55.86461590321534,CCL5;CXCL1;CD48;CD14;FOS;CYTIP;CXCL2;ICAM1,0.0083987283267759,0,0
Severity_positive_FDR005,drug repositioning,20,Dimaprit CTD 00007150,0.0001075959343894,40.042338709677416,365.8719620141805,FOS;CD14;ICAM1,0.0086399535314741,0,0
Severity_positive_FDR005,drug repositioning,21,"Dibenz[a,h]anthracene CTD 00001246",0.00013899123659,11.116101504603638,98.72320543685814,LGALS3;TYROBP;UBD;TIMP1;ATF3,0.0103818820923331,0,0
Severity_positive_FDR005,drug repositioning,22,simvastatin CTD 00007319,0.0001422175629086,5.061821315713876,44.83838534340915,MMP12;ANXA3;CCL5;SERPINE1;ALOX5AP;ITGB2;FOS;ATF3;ICAM1,0.0103818820923331,0,0
Severity_positive_FDR005,drug repositioning,23,"1,9-Pyrazoloanthrone CTD 00003948",0.0001587595712844,6.604070881226054,57.7732021169589,MMP12;CEBPD;SERPINE1;CD14;FOS;ATF3;ICAM1,0.0106806782060457,0,0
Severity_positive_FDR005,drug repositioning,24,ellipticine PC3 UP,0.0001661484003769,10.675690250215704,92.90657360340136,CEBPD;FOS;CXCL2;ATF3;ICAM1,0.0106806782060457,0,0
Severity_positive_FDR005,drug repositioning,25,pergolide HL60 UP,0.0001727490107051,4.9261621077361974,42.67864691760946,RBM47;TYROBP;PTPRC;FCER1G;GPR65;LPXN;TIMP1;CYTIP;ASF1B,0.0106806782060457,0,0
Severity_positive_FDR005,drug repositioning,26,Acetovanillone CTD 00002374,0.0001729125986034,16.12439024390244,139.681147212929,CCL5;SERPINE1;CXCL1;ICAM1,0.0106806782060457,0,0
Severity_positive_FDR005,drug repositioning,27,22-Hydroxycholesterol CTD 00000121,0.0001888546720528,15.730319254412056,134.88013792355645,CXCL1;FOS;CXCL2;ICAM1,0.0112333556784023,0,0
Severity_positive_FDR005,drug repositioning,28,loxapine PC3 UP,0.0002238781198775,14.997163925127625,126.04229589567964,SERPINE1;CXCL1;IL7R;ICAM1,0.0115828059626155,0,0
Severity_positive_FDR005,drug repositioning,29,2-Mercaptobenzothiazole CTD 00000240,0.0002238781198775,14.997163925127625,126.04229589567964,TNNT2;CXCL1;IL7R;ATF3,0.0115828059626155,0,0
Severity_positive_FDR005,drug repositioning,30,cannabidiol CTD 00005567,0.0002249276971887,30.025705645161292,252.20786711566447,SERPINE1;TIMP1;ICAM1,0.0115828059626155,0,0
Severity_positive_FDR005,drug repositioning,31,methylergometrine HL60 UP,0.0002333213779342,7.530705657978385,62.97999742378508,GLIPR1;RBM47;TYROBP;PTPRC;LPXN;TIMP1,0.0115828059626155,0,0
Severity_positive_FDR005,drug repositioning,32,Tamibarotene CTD 00002527,0.0002347391185356,3.6867021699387967,30.80990199734503,CD53;TYROBP;PTPRC;FCER1G;CEBPD;P2RY14;CCL5;ALOX5AP;ITGB2;PLEK;TIMP1;FYB,0.0115828059626155,0,0
Severity_positive_FDR005,drug repositioning,33,pizotifen PC3 UP,0.0002430377577125,14.65558019216556,121.96804336496528,CXCL1;IL7R;CXCL2;ICAM1,0.0115828059626155,0,0
Severity_positive_FDR005,drug repositioning,34,GW-8510 PC3 UP,0.0002452150701923,9.77187438277701,81.23725517061537,SERPINE1;CXCL1;FOS;CXCL2;ATF3,0.0115828059626155,0,0
Severity_positive_FDR005,drug repositioning,35,hycanthone PC3 UP,0.000305873066363,26.686827956989248,215.95889490010893,CXCL2;ATF3;ICAM1,0.0140352041308319,0,0
Severity_positive_FDR005,drug repositioning,36,lasalocid HL60 DOWN,0.000352530200869,25.280984719864176,200.99329026409157,GLIPR1;NCKAP1L;ATF3,0.0153017162863698,0,0
Severity_positive_FDR005,drug repositioning,37,CLODRONATE DISODIUM BOSS,0.000352530200869,25.280984719864176,200.99329026409157,ITGB2;CXCL1;CD68,0.0153017162863698,0,0
Severity_positive_FDR005,drug repositioning,38,lasalocid PC3 UP,0.0005192358906225,21.830278592375368,165.10572105107244,CXCL2;ATF3;ICAM1,0.0208473210084937,0,0
Severity_positive_FDR005,drug repositioning,39,FEXOFENADINE HYDROCHLORIDE CTD 00003191,0.0005192358906225,21.830278592375368,165.10572105107244,CCL5;TIMP1;ICAM1,0.0208473210084937,0,0
Severity_positive_FDR005,drug repositioning,40,CHRYSENE CTD 00001482,0.0005192358906225,21.830278592375368,165.10572105107244,TIMP1;FOS;ICAM1,0.0208473210084937,0,0
Severity_positive_FDR005,drug repositioning,41,Pyrrolidine dithiocarbamate CTD 00001021,0.0005380340972681,6.3911845730027546,48.11020827276712,TYROBP;CD14;LCP1;FOS;FYB;ICAM1,0.0210751892734781,0,0
Severity_positive_FDR005,drug repositioning,42,curcumin CTD 00000663,0.0005522219723774,3.5502567865003667,26.632465963150363,CSF1R;TNNT2;SERPINE1;IGFBP7;CXCL1;CD14;TIMP1;FOS;CXCL2;ATF3;ICAM1,0.0211159163723368,0,0
Severity_positive_FDR005,drug repositioning,43,Antimycin A CTD 00005427,0.0005842495539504,20.88008415147265,155.45603394934548,CCL5;CD14;ICAM1,0.0218210414801031,0,0
Severity_positive_FDR005,drug repositioning,44,valsartan CTD 00002971,0.0006913937495303,10.921317348766708,79.47225377834316,SERPINE1;TIMP1;CD68;CTSS,0.0252358718578573,0,0
Severity_positive_FDR005,drug repositioning,45,Chinomethionate CTD 00000210,0.0007293683749566,19.20774193548387,138.74389001987268,CEBPD;FOS;CXCL2,0.0259749295413789,0,0
Severity_positive_FDR005,drug repositioning,46,ionomycin CTD 00007090,0.0007439892645724,7.570859506664624,54.53656496344581,TYROBP;CCL5;FOS;LCP1;FYB,0.0259749295413789,0,0
Severity_positive_FDR005,drug repositioning,47,homochlorcyclizine PC3 UP,0.0008955900807594,17.7831541218638,124.80266908889784,SERPINE1;CXCL2;ATF3,0.0306025036106298,0,0
Severity_positive_FDR005,drug repositioning,48,deptropine PC3 UP,0.0009224751608091,10.065548780487806,70.34258546574587,CXCL1;CXCL2;ATF3;ICAM1,0.0308644814220718,0,0
Severity_positive_FDR005,drug repositioning,49,niclosamide HL60 UP,0.0009705842388261,5.679704016913319,39.40358478725156,LGALS3;PLEK;C3AR1;HTR2B;CXCL2;ICAM1,0.0317014707713625,0,0
Severity_positive_FDR005,drug repositioning,50,"2,4-Diisocyanato-1-methylbenzene CTD 00006908",0.0009869698247622,17.14717741935484,118.67340450553468,CCL5;TIMP1;ICAM1,0.0317014707713625,0,0
Severity_positive_FDR005,drug repositioning,51,Cobalt sulfate CTD 00001238,0.0010840451030865,16.555061179087875,113.02232592580732,CXCL1;FOS;IL7R,0.0336194666310425,0,0
Severity_positive_FDR005,drug repositioning,52,clomipramine PC3 UP,0.001088550600756,5.549492862509392,37.86368031131649,CCL5;SERPINE1;CXCL1;CXCL2;ATF3;ICAM1,0.0336194666310425,0,0
Severity_positive_FDR005,drug repositioning,53,alprostadil HL60 UP,0.0012154449000495,3.713072033898305,24.924534780683345,RBM47;CEBPD;GPR65;CCRL2;LPXN;TIMP1;FOS;IL7R;CXCL2,0.0368302737637657,0,0
Severity_positive_FDR005,drug repositioning,54,promethazine PC3 UP,0.0012958118205982,15.485431841831426,102.95671920508047,CXCL1;IL7R;CXCL2,0.0377613469867581,0,0
Severity_positive_FDR005,drug repositioning,55,NICKEL CTD 00006389,0.0013211490076404,5.3353204172876305,35.369191340146514,MMP12;FZD4;SERPINE1;TIMP1;FOS;ICAM1,0.0377613469867581,0,0
Severity_positive_FDR005,drug repositioning,56,mifepristone CTD 00007083,0.001334758740598,4.030932618446151,26.68076203602109,FZD4;P2RY14;SERPINE1;HTR2B;CXCL1;CXCL13;ATF3;ICAM1,0.0377613469867581,0,0
Severity_positive_FDR005,drug repositioning,57,ciglitazone CTD 00001835,0.0013572535705168,5.30605461731944,35.032122240579454,LGALS3;BHMT;CEBPD;SERPINE1;OSMR;ICAM1,0.0377613469867581,0,0
Severity_positive_FDR005,drug repositioning,58,trimethoprim BOSS,0.0013941074497648,5.277105204377932,34.69960996504871,CD53;CCL5;ITGB2;CXCL1;CXCL2;ICAM1,0.0377613469867581,0,0
Severity_positive_FDR005,drug repositioning,59,beta-escin PC3 UP,0.0013976732638508,8.943541102077688,58.78541610530363,CXCL1;FOS;CXCL2;ATF3,0.0377613469867581,0,0
Severity_positive_FDR005,drug repositioning,60,Fenbuconazole CTD 00004512,0.0014107601613981,15.000756048387096,98.4593613939063,MMP12;FCER1G;ICAM1,0.0377613469867581,0,0
Severity_positive_FDR005,drug repositioning,61,DEOXYNIVALENOL CTD 00000341,0.0014500330130373,6.4747540983606555,42.32008673023861,CXCL1;CD14;FOS;ATF3;ICAM1,0.03800248046934,0,0
Severity_positive_FDR005,drug repositioning,62,vanoxerine PC3 UP,0.0014670945137603,8.820581356498497,57.549630397909645,CXCL1;FOS;CXCL2;ATF3,0.03800248046934,0,0
Severity_positive_FDR005,drug repositioning,63,benzo[a]pyrene CTD 00005488,0.0015524836812176,1.8101868457951544,11.70810615224322,RBM47;IGSF6;CEBPD;SERPINE1;MS4A7;NCF4;ITGB2;PLEK;CXCL1;CXCL13;PRSS22;CXCL2;FYB;TMEM71;ICAM1;C4B;LGALS3;GLIPR1;P2RY6;UBD;CCL5;CLCA2;ACP5;LPXN;IGFBP7;CD14;TIMP1;BUB3;SLC15A3;FZD4;RHBDD1;RRAS2;FOS;OSMR;MPEG1;BHMT;TYROBP;PTPRC;LRG1;GIPC2;CLEC4E;ATF3;IL18R1,0.0395760125719918,0,0
Severity_positive_FDR005,drug repositioning,64,Bathocuproine disulfonate CTD 00001350,0.0016897375758782,8.471116816431323,54.07268074383367,TYROBP;FOS;LCP1;FYB,0.042401852294694,0,0
Severity_positive_FDR005,drug repositioning,65,dihydroergotamine HL60 UP,0.0017691973870101,6.176323363784257,39.14077731871678,RBM47;TYROBP;PTPRC;LPXN;TIMP1,0.0436379823219217,0,0
Severity_positive_FDR005,drug repositioning,66,Beryllium sulfate CTD 00001005,0.001793341739257,13.712903225806452,86.71593653460145,CCL5;CXCL1;ICAM1,0.0436379823219217,0,0
Severity_positive_FDR005,drug repositioning,67,daunorubicin PC3 UP,0.0020722230264012,5.947745901639344,36.751914892518286,CEBPD;CXCL2;ATF3;ASF1B;ICAM1,0.049220569437359,0,0
Severity_positive_FDR005,drug repositioning,68,GLYOXAL CTD 00006046,0.0021193401920992,35.31377777777778,217.41458651355765,ATF3;CTSS,0.049220569437359,0,0
Severity_positive_FDR005,drug repositioning,69,"3,7,11-trimethyldodeca-2,6,10-trien-1-yl trihydrogen diphosphate CTD 00000172",0.0021193401920992,35.31377777777778,217.41458651355765,FOS;ICAM1,0.049220569437359,0,0
Severity_positive_FDR005,drug repositioning,70,Sodium dichromate CTD 00000827,0.0021453548322634,4.828819245560919,29.670439945650205,CSF1R;P2RY6;CD93;CCL5;NCF4;CD14,0.049220569437359,0,0
Severity_positive_FDR005,drug repositioning,71,LY-294002 PC3 DOWN,0.0022349703459908,12.62839558573854,77.07775745291733,SERPINE1;CXCL1;IL7R,0.0505543996572014,0,0
Severity_positive_FDR005,drug repositioning,72,TITANIUM DIOXIDE CTD 00000489,0.0023406438409547,5.776639344262295,34.9910064190494,CCL5;SERPINE1;CXCL1;FOS;ICAM1,0.0522093612301848,0,0
Severity_positive_FDR005,drug repositioning,73,GNF-Pf-4325 CTD 00005408,0.002396273360205,7.661246612466124,46.22674020571141,CCL5;CXCL1;FOS;ATF3,0.0527180139245117,0,0
Severity_positive_FDR005,drug repositioning,74,etoposide HL60 UP,0.0024839509548003,5.6947009928423,34.1562747586538,CCL5;LPXN;CD14;CXCL2;ATF3,0.0539084491001264,0,0
Severity_positive_FDR005,drug repositioning,75,4-Methylhistamine CTD 00001201,0.002532659498839,31.7808,190.00104699006127,CD14;ICAM1,0.0542326820684734,0,0
Severity_positive_FDR005,drug repositioning,76,Periodate-oxidized adenosine CTD 00001296,0.0025896844710383,4.64297520661157,27.654578240425973,RBM47;SERPINE1;PXMP2;IGFBP7;TIMP1;ATF3,0.0542357113481099,0,0
Severity_positive_FDR005,drug repositioning,77,azacyclonol PC3 UP,0.0026003423249093,7.482321799962186,44.53561871421031,CXCL1;FOS;CXCL2;ATF3,0.0542357113481099,0,0
Severity_positive_FDR005,drug repositioning,78,SB 202190 CTD 00003161,0.002706716544902,7.395944304270629,43.72496314422733,TNNT2;FOS;CD14;ICAM1,0.0556731015147291,0,0
Severity_positive_FDR005,drug repositioning,79,etynodiol HL60 DOWN,0.0027385896760047,11.702596380802518,69.04897228955204,PLEK;ATF3;ICAM1,0.0556731015147291,0,0
Severity_positive_FDR005,drug repositioning,80,bezafibrate CTD 00005506,0.0028160375827874,7.311529933481153,42.9364074744862,CCL5;SERPINE1;FOS;ICAM1,0.0565319544744574,0,0
Severity_positive_FDR005,drug repositioning,81,emetine HL60 UP,0.00291896043516,2.5967535465457905,15.156024112114403,CSF1R;CD84;RBM47;IGSF6;GPR65;FOS;IL2RG;FYB;ICAM1;GLIPR1;LPXN;SLC15A3;ATF3,0.056988792460056,0,0
Severity_positive_FDR005,drug repositioning,82,herbimycin a CTD 00001010,0.0029807338522071,28.89018181818182,168.013329686665,TIMP1;ICAM1,0.056988792460056,0,0
Severity_positive_FDR005,drug repositioning,83,AM-630 CTD 00003207,0.0029807338522071,28.89018181818182,168.013329686665,TIMP1;ICAM1,0.056988792460056,0,0
Severity_positive_FDR005,drug repositioning,84,Tesmilifene CTD 00001953,0.0029807338522071,28.89018181818182,168.013329686665,PTPRC;CD14,0.056988792460056,0,0
Severity_positive_FDR005,drug repositioning,85,carisoprodol BOSS,0.0032087428335692,5.352838996851591,30.73533808468907,CCL5;CXCL1;CXCL2;ATF3;ICAM1,0.0606263645966135,0,0
Severity_positive_FDR005,drug repositioning,86,Vanadic sulfate CTD 00001628,0.003297740639623,5.317353321829163,30.38610967289832,CCL5;CXCL1;FOS;CXCL2;FYB,0.061583389153891,0,0
Severity_positive_FDR005,drug repositioning,87,podophyllotoxin HL60 UP,0.0034329260624539,3.818784838350056,21.66909235062769,GLIPR1;RBM47;PTPRC;LPXN;TIMP1;IL2RG;CYTIP,0.0624916660339176,0,0
Severity_positive_FDR005,drug repositioning,88,5630-53-5 CTD 00001286,0.0034631122521909,26.481333333333332,150.03231374792333,SERPINE1;ICAM1,0.0624916660339176,0,0
Severity_positive_FDR005,drug repositioning,89,NSC267099 CTD 00001568,0.0034631122521909,26.481333333333332,150.03231374792333,SERPINE1;FOS,0.0624916660339176,0,0
Severity_positive_FDR005,drug repositioning,90,lactacystin CTD 00002698,0.0037229910274913,10.427945301542778,58.32587453890055,CEBPD;SERPINE1;PSMB8,0.066434706557235,0,0
Severity_positive_FDR005,drug repositioning,91,cicloheximide HL60 UP,0.0038270669308345,3.108050847457627,17.298343661250005,CD84;GLIPR1;RBM47;PTPRC;IGSF6;GPR65;LPXN;FOS;FYB,0.0675414229771464,0,0
Severity_positive_FDR005,drug repositioning,92,"1,2,4-BENZENETRIOL CTD 00000682",0.0039390556969011,6.6301232084485795,36.70976069450392,CSF1R;CCL5;CXCL2;ATF3,0.0679875829379151,0,0
Severity_positive_FDR005,drug repositioning,93,methacholine BOSS,0.0039424476157876,10.205559368565543,56.49750237396662,ITGB2;CXCL1;ICAM1,0.0679875829379151,0,0
Severity_positive_FDR005,drug repositioning,94,CHEMBL55802 CTD 00003118,0.0039793479428169,24.443076923076923,135.0880208104625,TIMP1;ICAM1,0.0679875829379151,0,0
Severity_positive_FDR005,drug repositioning,95,diphenylpyraline BOSS,0.0043975438816677,4.955747762244795,26.89340149169366,CD53;CCL5;ITGB2;CXCL1;ICAM1,0.0736854571335458,0,0
Severity_positive_FDR005,drug repositioning,96,suloctidil PC3 UP,0.0044046101399877,9.788018433179724,53.10101332894358,CXCL1;CXCL2;ATF3,0.0736854571335458,0,0
Severity_positive_FDR005,drug repositioning,97,Ethene CTD 00007378,0.0045289983803737,22.696,122.49608749697616,ACP5;FOS,0.0749852721534049,0,0
Severity_positive_FDR005,drug repositioning,98,cycloheximide CTD 00005731,0.0046843316215839,3.5986330178759203,19.301383480609893,LGALS3;CCL5;SERPINE1;ALOX5AP;LPXN;FOS;ICAM1,0.0767656794312642,0,0
Severity_positive_FDR005,drug repositioning,99,5109870 MCF7 UP,0.0047379898960861,4.8654453881098165,26.040556098140517,SERPINE1;LPXN;FOS;OSMR;ATF3,0.0768607249809523,0,0
Severity_positive_FDR005,drug repositioning,100,p-Phenylenediamine CTD 00001400,0.0048982912321556,9.403225806451612,50.014524951971445,CXCL1;CYTIP;ATF3,0.0778876803845732,0,0
Severity_positive_FDR005,drug repositioning,101,"2,4-Dinitrofluorobenzene CTD 00005849",0.0048982912321556,9.403225806451612,50.014524951971445,CYTIP;ATF3;ICAM1,0.0778876803845732,0,0
Severity_positive_FDR005,drug repositioning,102,leukotriene C4 CTD 00007223,0.0051116251968173,21.181866666666668,111.76056733723074,CLEC7A;ALOX5AP,0.0796380962729732,0,0
Severity_positive_FDR005,drug repositioning,103,Tosyllysyl chloromethane CTD 00006909,0.0051116251968173,21.181866666666668,111.76056733723074,CXCL1;ICAM1,0.0796380962729732,0,0
Severity_positive_FDR005,drug repositioning,104,nicotinic acid CTD 00006387,0.0051571369940157,9.221929280397022,48.57534775107655,CEBPD;SERPINE1;ICAM1,0.0796380962729732,0,0
Severity_positive_FDR005,drug repositioning,105,chenodeoxycholic acid CTD 00005623,0.0054240805769737,9.047474132684114,47.199829984439575,CCL5;FOS;ICAM1,0.0829626038725693,0,0
Severity_positive_FDR005,drug repositioning,106,prenylamine PC3 UP,0.0055047727526812,6.007446242686726,31.25157513432391,FOS;CXCL2;ATF3;ICAM1,0.0834025003849635,0,0
Severity_positive_FDR005,drug repositioning,107,fucose TTD 00008125,0.0057267941672394,19.857,102.51373602728556,FCER1G;CTSS,0.0859101513918537,0,0
Severity_positive_FDR005,drug repositioning,108,menadione PC3 UP,0.0058611569353215,5.896621168046543,30.30514357043001,CEBPD;FOS;IL7R;ATF3,0.0859101513918537,0,0
Severity_positive_FDR005,drug repositioning,109,IRON CTD 00006166,0.0058714938913287,4.613114754098361,23.70055140146074,CCL5;ITGB2;CD14;CYTIP;ICAM1,0.0859101513918537,0,0
Severity_positive_FDR005,drug repositioning,110,benzene CTD 00005481,0.0058842569446475,2.7220456311365404,13.97899676719684,CSF1R;RBM47;PTPRC;CCL5;ITGB2;LPXN;CXCL1;FOS;SLC15A3;ATF3,0.0859101513918537,0,0
Severity_positive_FDR005,drug repositioning,111,quinisocaine PC3 UP,0.0059825303834906,8.717595307917888,44.624600264212006,CXCL2;ATF3;ICAM1,0.0865580522151889,0,0
Severity_positive_FDR005,drug repositioning,112,(-)-isoprenaline HL60 UP,0.0061472136061643,4.560526072057053,23.221087687070103,RBM47;CEBPD;GPR65;TIMP1;IL7R,0.0881466522455345,0,0
Severity_positive_FDR005,drug repositioning,113,sulfasalazine CTD 00006719,0.0062741655387412,8.56149193548387,43.41802063134703,ITGB2;CXCL1;ICAM1,0.0891708836745,0,0
Severity_positive_FDR005,drug repositioning,114,primaquine PC3 UP,0.0065558434259153,3.0689233439854817,15.42870061907997,CD84;PTPRC;TNNT2;CCL5;CSN3;LILRB4;ATF3;FYB,0.0918095238202414,0,0
Severity_positive_FDR005,drug repositioning,115,mometasone PC3 UP,0.0065741564379375,8.410865874363328,42.26131243372003,CEBPD;CXCL2;ATF3,0.0918095238202414,0,0
Severity_positive_FDR005,drug repositioning,116,17-Hydroxyandrostan-3-one CTD 00006776,0.0068761840368993,4.434110970996217,22.080504387347435,SERPINE1;CXCL1;FOS;ATF3;ICAM1,0.0936131052197521,0,0
Severity_positive_FDR005,drug repositioning,117,tamoxifen MCF7 UP,0.0068825620355522,8.26543381535039,41.15164686560564,FOS;ATF3;ICAM1,0.0936131052197521,0,0
Severity_positive_FDR005,drug repositioning,118,Electrocorundum CTD 00005364,0.0068825620355522,8.26543381535039,41.15164686560564,ACP5;FOS;ICAM1,0.0936131052197521,0,0
Severity_positive_FDR005,drug repositioning,119,CP-690334-01 PC3 DOWN,0.0070530421740909,17.648888888888887,87.43782388318907,CXCL1;CXCL2,0.0936131052197521,0,0
Severity_positive_FDR005,drug repositioning,120,domperidone PC3 UP,0.0070530421740909,17.648888888888887,87.43782388318907,CXCL1;ICAM1,0.0936131052197521,0,0
Severity_positive_FDR005,drug repositioning,121,trimipramine MCF7 UP,0.0070530421740909,17.648888888888887,87.43782388318907,FOS;ATF3,0.0936131052197521,0,0
Severity_positive_FDR005,drug repositioning,122,"N-(undeca-2,4,7-trienylideneamino)nitrous amide CTD 00001653",0.007199439132113,8.124931656642975,40.08639906459993,IGFBP7;FOS;ATF3,0.0947729446407672,0,0
Severity_positive_FDR005,drug repositioning,123,cloperastine MCF7 UP,0.0077632731661142,16.719157894736842,81.22754138870916,FOS;ATF3,0.1013643634534914,0,0
Severity_positive_FDR005,drug repositioning,124,MINOCYCLINE HYDROCHLORIDE BOSS,0.0078588244711003,7.857747223691168,38.079572162620344,PTPRC;CD68;ICAM1,0.1017844524240898,0,0
Severity_positive_FDR005,drug repositioning,125,thioridazine HL60 UP,0.0082014358501603,7.730619146722164,37.13361189895217,LGALS3;CLEC7A;ATF3,0.1045357617091866,0,0
Severity_positive_FDR005,drug repositioning,126,SODIUM SULFATE BOSS,0.0082014358501603,7.730619146722164,37.13361189895217,PTPRC;CXCL1;ICAM1,0.1045357617091866,0,0
Severity_positive_FDR005,drug repositioning,127,ticlopidine MCF7 UP,0.0085043501555642,15.8824,75.7142193446179,CCL5;ATF3,0.1057077309519558,0,0
Severity_positive_FDR005,drug repositioning,128,calyculin A CTD 00002466,0.0085043501555642,15.8824,75.7142193446179,FOS;LCP1,0.1057077309519558,0,0
Severity_positive_FDR005,drug repositioning,129,Muramyl Dipeptide CTD 00005307,0.0085043501555642,15.8824,75.7142193446179,CXCL1;ATF3,0.1057077309519558,0,0
Severity_positive_FDR005,drug repositioning,130,N-NITROSODIMETHYLAMINE CTD 00005845,0.0085566656436826,5.264827402372385,25.066078560052485,LGALS3;UBD;TIMP1;BUB3,0.1057077309519558,0,0
Severity_positive_FDR005,drug repositioning,131,0297417-0002B PC3 UP,0.0087924136821703,5.221759534668517,24.71910997813258,CXCL1;CXCL2;ATF3;ICAM1,0.1069743664664062,0,0
Severity_positive_FDR005,drug repositioning,132,Dinoprostone CTD 00007049,0.0087924136821703,5.221759534668517,24.71910997813258,CCL5;TIMP1;FOS;IL2RG,0.1069743664664062,0,0
Severity_positive_FDR005,drug repositioning,133,PHENANTHRENE CTD 00001483,0.0092758591206581,15.125333333333334,70.79170332746214,TIMP1;ICAM1,0.1111718637893802,0,0
Severity_positive_FDR005,drug repositioning,134,citrinin CTD 00005677,0.0092758591206581,15.125333333333334,70.79170332746214,FOS;ATF3,0.1111718637893802,0,0
Severity_positive_FDR005,drug repositioning,135,thimerosal CTD 00006868,0.0097777850595423,5.056270405223738,23.398610792861653,TNNT2;SERPINE1;FOS;ATF3,0.114782186608161,0,0
Severity_positive_FDR005,drug repositioning,136,Demecolcine CTD 00005762,0.0099069613769919,2.2957729468599033,10.5938846678701,GLIPR1;CCL5;MS4A7;LPXN;CD48;TIMP1;FOS;BUB3;IL7R;ATF3;PLA1A;ICAM1,0.114782186608161,0,0
Severity_positive_FDR005,drug repositioning,137,co-dergocrine mesilate HL60 UP,0.0100348645195741,5.0165142276422765,23.084442340930927,CSF1R;GPR65;LPXN;TIMP1,0.114782186608161,0,0
Severity_positive_FDR005,drug repositioning,138,colchicine HL60 UP,0.0100348645195741,5.0165142276422765,23.084442340930927,GLIPR1;PTPRC;LPXN;TIMP1,0.114782186608161,0,0
Severity_positive_FDR005,drug repositioning,139,quercetin HL60 UP,0.0100455611822566,7.1519017814155035,32.90321395248611,CLEC7A;HTR2B;NCKAP1L,0.114782186608161,0,0
Severity_positive_FDR005,drug repositioning,140,celecoxib MCF7 UP,0.0100773899824101,14.437090909090909,66.37396212190897,FOS;ATF3,0.114782186608161,0,0
Severity_positive_FDR005,drug repositioning,141,isotretinoin PC3 UP,0.0100773899824101,14.437090909090909,66.37396212190897,C4B;IGFBP7,0.114782186608161,0,0
Severity_positive_FDR005,drug repositioning,142,chlorprothixene PC3 UP,0.0104408983536357,7.046370967741935,32.145718055146716,SERPINE1;CXCL2;ATF3,0.1172593199716016,0,0
Severity_positive_FDR005,drug repositioning,143,fluoxetine CTD 00005988,0.0104408983536357,7.046370967741935,32.145718055146716,CCL5;HTR2B;FOS,0.1172593199716016,0,0
Severity_positive_FDR005,drug repositioning,144,chlorpromazine PC3 UP,0.0108451635006804,6.943899018232819,31.414449546333746,CXCL2;ATF3;ICAM1,0.1175779176675065,0,0
Severity_positive_FDR005,drug repositioning,145,gossypol HL60 UP,0.0108451635006804,6.943899018232819,31.414449546333746,CLEC7A;C3AR1;ATF3,0.1175779176675065,0,0
Severity_positive_FDR005,drug repositioning,146,GW768505A GSK,0.0109085365706466,13.808695652173911,62.39058159947264,CSF1R;MUSK,0.1175779176675065,0,0
Severity_positive_FDR005,drug repositioning,147,5253409 MCF7 UP,0.0109085365706466,13.808695652173911,62.39058159947264,FOS;ATF3,0.1175779176675065,0,0
Severity_positive_FDR005,drug repositioning,148,bleomycin CTD 00005517,0.0109085365706466,13.808695652173911,62.39058159947264,CXCL2;CTSS,0.1175779176675065,0,0
Severity_positive_FDR005,drug repositioning,149,Hydroxytyrosol CTD 00000267,0.0109085365706466,13.808695652173911,62.39058159947264,CCL5;ICAM1,0.1175779176675065,0,0
Severity_positive_FDR005,drug repositioning,150,isotretinoin HL60 UP,0.011106951517095,4.863513180586351,21.886704704301156,ALOX5AP;PLEK;TIMP1;LILRB4,0.118918427576364,0,0
Severity_positive_FDR005,drug repositioning,151,econazole MCF7 UP,0.0117688965910172,13.232666666666669,58.78341042138074,FOS;ATF3,0.123993546768751,0,0
Severity_positive_FDR005,drug repositioning,152,"indolo[3,2-b]carbazole CTD 00002853",0.0117688965910172,13.232666666666669,58.78341042138074,ALOX5AP;FOS,0.123993546768751,0,0
Severity_positive_FDR005,drug repositioning,153,Mustard gas CTD 00006356,0.0118804464319748,3.8559887049964705,17.09306344026164,CD93;PRKAR2A;CCL5;IL7R;CXCL2,0.123993546768751,0,0
Severity_positive_FDR005,drug repositioning,154,Silica CTD 00006678,0.0118897921559076,2.2361762685248796,9.910901044921678,UBD;CCL5;IRX4;ACP5;CXCL1;FOS;CXCL13;IL7R;CXCL2;ATF3;IL18R1;ICAM1,0.123993546768751,0,0
Severity_positive_FDR005,drug repositioning,155,zalcitabine PC3 UP,0.012281126978657,2.225657059110894,9.792204638445684,C1QB;CD84;PTPRC;MUSK;TNNT2;CCL5;NCF4;CLCA2;CXCL13;CD68;LILRB4;FYB,0.1272483221143436,0,0
Severity_positive_FDR005,drug repositioning,156,thalidomide CTD 00006858,0.0125474977214405,4.684825826360453,20.51126380151637,ACP5;FOS;ATF3;ICAM1,0.1291748803886762,0,0
Severity_positive_FDR005,drug repositioning,157,dobutamine PC3 UP,0.0126580715941363,12.70272,55.504029428636514,CXCL2;ATF3,0.1294832036954331,0,0
Severity_positive_FDR005,drug repositioning,158,STOCK1N-35215 PC3 UP,0.0130015762249032,6.473081952920663,28.110553834518463,CXCL1;CXCL2;ATF3,0.1321552621341429,0,0
Severity_positive_FDR005,drug repositioning,159,PEPCID CTD 00007086,0.0135756669415311,12.213538461538462,52.51181896201051,FOS;ICAM1,0.1354193857645905,0,0
Severity_positive_FDR005,drug repositioning,160,cerivastatin CTD 00003073,0.0135756669415311,12.213538461538462,52.51181896201051,ITGB2;ICAM1,0.1354193857645905,0,0
Severity_positive_FDR005,drug repositioning,161,15442-64-5 CTD 00000915,0.0135756669415311,12.213538461538462,52.51181896201051,FOS;ICAM1,0.1354193857645905,0,0
Severity_positive_FDR005,drug repositioning,162,camptothecin MCF7 UP,0.013741231428768,3.712321523003702,15.916037914025262,CEBPD;CD14;FOS;PRSS22;ATF3,0.1362248004605035,0,0
Severity_positive_FDR005,drug repositioning,163,NICKEL CHLORIDE CTD 00001064,0.0138365007122469,2.8989583333333333,12.408832281386568,CEBPD;CCL5;CXCL1;CXCL2;ATF3;IL18R1;ICAM1,0.1363277309439791,0,0
Severity_positive_FDR005,drug repositioning,164,3-(1-methylpyrrolidin-2-yl)pyridine CTD 00006393,0.014395472434838,2.6537507059850416,11.25413622035908,GLIPR1;CCL5;SERPINE1;C3AR1;LCP1;TIMP1;FOS;CXCL2,0.1396478717874702,0,0
Severity_positive_FDR005,drug repositioning,165,benfluorex MCF7 UP,0.0145212917736659,11.760592592592593,49.77246620135527,CCL5;ATF3,0.1396478717874702,0,0
Severity_positive_FDR005,drug repositioning,166,prochlorperazine PC3 UP,0.0145212917736659,11.760592592592593,49.77246620135527,CXCL2;ATF3,0.1396478717874702,0,0
Severity_positive_FDR005,drug repositioning,167,withaferin A PC3 DOWN,0.0145212917736659,11.760592592592593,49.77246620135527,FZD4;CXCL1,0.1396478717874702,0,0
Severity_positive_FDR005,drug repositioning,168,LY 294002 CTD 00003061,0.0149989002795377,3.627787623689263,15.235904084580154,MMP12;LGALS3;ITGB2;TIMP1;ICAM1,0.1433823443389144,0,0
Severity_positive_FDR005,drug repositioning,169,N-Acetyl-L-cysteine CTD 00005305,0.0153896219022462,3.139533017732488,13.10460515056122,CCL5;CXCL1;CD14;FOS;CXCL2;ICAM1,0.1446759402823146,0,0
Severity_positive_FDR005,drug repositioning,170,bepridil PC3 UP,0.0154945589841582,11.34,47.25680040858784,CXCL2;ATF3,0.1446759402823146,0,0
Severity_positive_FDR005,drug repositioning,171,primaquine HL60 UP,0.0154945589841582,11.34,47.25680040858784,CXCL2;ATF3,0.1446759402823146,0,0
Severity_positive_FDR005,drug repositioning,172,bromocriptine CTD 00005530,0.0154945589841582,11.34,47.25680040858784,HTR2B;ATF3,0.1446759402823146,0,0
Severity_positive_FDR005,drug repositioning,173,635-65-4 CTD 00005510,0.0157748573637368,4.363917924893535,18.107370092860865,SERPINE1;CXCL2;ATF3;PLA1A,0.1464417394575806,0,0
Severity_positive_FDR005,drug repositioning,174,LITHIUM CHLORIDE CTD 00007226,0.016058969835953,3.5628536196141014,14.719885967728208,CEBPD;FZD4;ALOX5AP;LCP1;ICAM1,0.1476662718671863,0,0
Severity_positive_FDR005,drug repositioning,175,Arsenenous acid CTD 00000922,0.0160906585160383,1.9650954821991888,8.114894005149507,CSF1R;RRAS2;CXCL1;FOS;CXCL13;CXCL2;CTSS;PSMB8;ICAM1;CH25H;ALOX5AP;ARHGDIB;NCKAP1L;IGFBP7;ATF3,0.1476662718671863,0,0
Severity_positive_FDR005,drug repositioning,176,"Dibenzo[def,p]chrysene CTD 00001899",0.0164037693009235,5.911589008363202,24.2980740509707,LGALS3;TYROBP;ATF3,0.1480801438388257,0,0
Severity_positive_FDR005,drug repositioning,177,SILVER CTD 00006742,0.0164037693009235,5.911589008363202,24.2980740509707,SERPINE1;FOS;ICAM1,0.1480801438388257,0,0
Severity_positive_FDR005,drug repositioning,178,peptidoglycan CTD 00006490,0.0164950851787762,10.948413793103448,44.939875381836224,CLEC7A;ICAM1,0.1480801438388257,0,0
Severity_positive_FDR005,drug repositioning,179,MG-262 PC3 UP,0.0165045739396947,3.088750855398221,12.67659714309043,CXCL1;FOS;IL7R;CXCL2;ATF3;ICAM1,0.1480801438388257,0,0
Severity_positive_FDR005,drug repositioning,180,phenoxybenzamine PC3 UP,0.0168356701693698,4.275989159891599,17.464231898133537,FOS;IL7R;CXCL2;ATF3,0.1498289171574474,0,0
Severity_positive_FDR005,drug repositioning,181,Aflodac CTD 00006817,0.0168860734778941,3.515641778223209,14.348269438118068,LGALS3;CCL5;TIMP1;ATF3;ICAM1,0.1498289171574474,0,0
Severity_positive_FDR005,drug repositioning,182,chitosamine CTD 00006030,0.0174588307916257,5.768558103381267,23.3506022773636,CCL5;FOS;ICAM1,0.1529408695509665,0,0
Severity_positive_FDR005,drug repositioning,183,bepridil MCF7 UP,0.0175224906583921,10.582933333333331,42.80024024400403,FOS;ATF3,0.1529408695509665,0,0
Severity_positive_FDR005,drug repositioning,184,"1,6-Diisocyanatohexane CTD 00000793",0.0175224906583921,10.582933333333331,42.80024024400403,TNNT2;ICAM1,0.1529408695509665,0,0
Severity_positive_FDR005,drug repositioning,185,progesterone CTD 00006624,0.0179715452610589,1.7732843439449608,7.126768760892357,CEBPD;ANXA3;P2RY14;SERPINE1;IRX4;ITGB2;HTR2B;CXCL1;FOS;CXCL2;ICAM1;CH25H;LGALS3;GLIPR1;UBD;CCL5;LCP1;TIMP1;IL7R;ATF3,0.1554217073551719,0,0
Severity_positive_FDR005,drug repositioning,186,felodipine MCF7 UP,0.01800027245832,5.699596774193548,22.8973798857683,FOS;ATF3;ICAM1,0.1554217073551719,0,0
Severity_positive_FDR005,drug repositioning,187,3-Aminofluoranthene CTD 00002071,0.0185763993716091,10.241032258064516,40.819355194021576,CCL5;TNNT2,0.1595384887208783,0,0
Severity_positive_FDR005,drug repositioning,188,luteolin HL60 UP,0.0187010411466832,4.137004982953055,16.46187127257239,C3AR1;HTR2B;RRAS2;CD14,0.1597546387317728,0,0
Severity_positive_FDR005,drug repositioning,189,tretinoin HL60 UP,0.018925010276818,3.4101486524034454,13.528983638268413,CCRL2;ALOX5AP;PLEK;TIMP1;ICAM1,0.1608125211881999,0,0
Severity_positive_FDR005,drug repositioning,190,eugenol CTD 00005949,0.0194816768336672,4.083890010874631,16.08350604678534,MS4A7;CXCL1;IL7R;ATF3,0.1612585198274782,0,0
Severity_positive_FDR005,drug repositioning,191,8-azaguanine HL60 UP,0.0195534330326011,2.695249406175772,10.604740186858097,GPR65;CCRL2;CD14;TIMP1;CYTIP;CXCL2;ATF3,0.1612585198274782,0,0
Severity_positive_FDR005,drug repositioning,192,(+)-isoprenaline PC3 UP,0.0196564388982329,9.9205,38.98111980038029,CXCL2;ATF3,0.1612585198274782,0,0
Severity_positive_FDR005,drug repositioning,193,bisacodyl PC3 UP,0.0196564388982329,9.9205,38.98111980038029,CXCL2;ATF3,0.1612585198274782,0,0
Severity_positive_FDR005,drug repositioning,194,fluticasone CTD 00002635,0.0196564388982329,9.9205,38.98111980038029,CCL5;ICAM1,0.1612585198274782,0,0
Severity_positive_FDR005,drug repositioning,195,Heparitin BOSS,0.0196803673014855,5.5022246941045605,21.613474377050885,CCL5;CXCL1;ICAM1,0.1612585198274782,0,0
Severity_positive_FDR005,drug repositioning,196,fenofibrate CTD 00006620,0.0196803673014855,5.5022246941045605,21.613474377050885,CCL5;SERPINE1;ICAM1,0.1612585198274782,0,0
Severity_positive_FDR005,drug repositioning,197,menadione HL60 UP,0.0199212344161809,2.954797419875025,11.570895274981275,LGALS3;SERPINE1;LPXN;FOS;CXCL2;ICAM1,0.162242953801716,0,0
Severity_positive_FDR005,drug repositioning,198,ARSENIC CTD 00005442,0.0200025559481567,2.1433061675812923,8.384389143782565,BHMT;IGSF6;SERPINE1;CCRL2;CXCL1;CD14;FOS;IL7R;CXCL2;IL18R1;ICAM1,0.162242953801716,0,0
Severity_positive_FDR005,drug repositioning,199,quinpirole HL60 UP,0.0201599624152425,3.352629781420765,13.088856761123916,GLIPR1;RBM47;GPR65;LPXN;TIMP1,0.1626798960255938,0,0
Severity_positive_FDR005,drug repositioning,200,pimozide MCF7 UP,0.0202590156943454,5.439424486803519,21.209161170430978,FOS;ATF3;ICAM1,0.1626798960255938,0,0
Severity_positive_FDR005,drug repositioning,201,fenbendazole MCF7 UP,0.0218934386440505,9.336,35.67816157733114,ATF3;ICAM1,0.1740636755561644,0,0
Severity_positive_FDR005,drug repositioning,202,sulconazole MCF7 UP,0.0218934386440505,9.336,35.67816157733114,FOS;ATF3,0.1740636755561644,0,0
Severity_positive_FDR005,drug repositioning,203,niclosamide PC3 UP,0.0223714631297853,3.908189569700575,14.8509996007407,CXCL1;CXCL2;ATF3;ICAM1,0.176988028504607,0,0
Severity_positive_FDR005,drug repositioning,204,strophanthidin HL60 UP,0.0226382214707348,2.865910313462761,10.856399525587198,C3AR1;NCKAP1L;FOS;CXCL2;ATF3;CTSS,0.177462113141871,0,0
Severity_positive_FDR005,drug repositioning,205,ivermectin MCF7 UP,0.0230496718734781,9.0688,34.19031684324317,ATF3;ICAM1,0.177462113141871,0,0
Severity_positive_FDR005,drug repositioning,206,miconazole MCF7 UP,0.0230496718734781,9.0688,34.19031684324317,FOS;ATF3,0.177462113141871,0,0
Severity_positive_FDR005,drug repositioning,207,trifluoperazine PC3 UP,0.0230496718734781,9.0688,34.19031684324317,CXCL2;ATF3,0.177462113141871,0,0
Severity_positive_FDR005,drug repositioning,208,Tenofovir BOSS,0.0230496718734781,9.0688,34.19031684324317,CD53;ICAM1,0.177462113141871,0,0
Severity_positive_FDR005,drug repositioning,209,troglitazone CTD 00002415,0.0230943845869558,2.2846903215586885,8.60909189325996,CCL5;SERPINE1;CXCL1;CD14;TIMP1;FOS;CXCL2;ATF3;ICAM1,0.177462113141871,0,0
Severity_positive_FDR005,drug repositioning,210,bicalutamide CTD 00002279,0.0232426139896075,3.860711137231854,14.523099131795409,SERPINE1;FOS;ATF3;ICAM1,0.1777506574633799,0,0
Severity_positive_FDR005,drug repositioning,211,hydroquinone CTD 00001535,0.0241341808705814,3.814363143631436,14.205169528521251,CSF1R;CCL5;ITGB2;FOS,0.1826963122311383,0,0
Severity_positive_FDR005,drug repositioning,212,etilefrine PC3 UP,0.0242305818837063,8.816444444444445,32.79840525010321,CXCL2;ATF3,0.1826963122311383,0,0
Severity_positive_FDR005,drug repositioning,213,4-Aminobenzohydrazide CTD 00001642,0.0242305818837063,8.816444444444445,32.79840525010321,CXCL2;ATF3,0.1826963122311383,0,0
Severity_positive_FDR005,drug repositioning,214,cephaeline HL60 UP,0.0243852674390849,2.1583172441825016,8.015507046267704,CD84;GLIPR1;RBM47;GPR65;CCRL2;LPXN;FOS;IL2RG;ATF3;ICAM1,0.1830034556409834,0,0
Severity_positive_FDR005,drug repositioning,215,astemizole MCF7 UP,0.0245876506270726,3.7916005195554914,14.049817315738144,CCL5;FOS;ATF3;ICAM1,0.1836640321259472,0,0
Severity_positive_FDR005,drug repositioning,216,Calcimycin CTD 00005287,0.0252238358813558,4.984122983870968,18.341402438678227,CCL5;ITGB2;IL18R1,0.1856814416423503,0,0
Severity_positive_FDR005,drug repositioning,217,Barasertib LINCS,0.0254358139236096,8.57772972972973,31.49396760950185,CSF1R;MUSK,0.1856814416423503,0,0
Severity_positive_FDR005,drug repositioning,218,pentoxifylline CTD 00006487,0.0254358139236096,8.57772972972973,31.49396760950185,ITGB2;FOS,0.1856814416423503,0,0
Severity_positive_FDR005,drug repositioning,219,C2-ceramide CTD 00002618,0.0254358139236096,8.57772972972973,31.49396760950185,LGALS3;SERPINE1,0.1856814416423503,0,0
Severity_positive_FDR005,drug repositioning,220,Ammonium hexachloroplatinate(IV) CTD 00000945,0.0254358139236096,8.57772972972973,31.49396760950185,TNNT2;CYTIP,0.1856814416423503,0,0
Severity_positive_FDR005,drug repositioning,221,POTASSIUM DICHROMATE CTD 00006598,0.0255967348654001,2.3707293136232597,8.689411583765038,LGALS3;ANXA3;SERPINE1;ARHGDIB;PCOLCE;ATF3;ASF1B;ICAM1,0.186010661510555,0,0
Severity_positive_FDR005,drug repositioning,222,mefloquine PC3 UP,0.025886385384727,4.932490854672431,18.023509556776776,FOS;CXCL2;ATF3,0.1864284077483034,0,0
Severity_positive_FDR005,drug repositioning,223,ACMC-20mvek CTD 00002629,0.025886385384727,4.932490854672431,18.023509556776776,ITGB2;CD14;ICAM1,0.1864284077483034,0,0
Severity_positive_FDR005,drug repositioning,224,ciclopirox HL60 UP,0.0264530345993085,3.703181540485925,13.45137884916464,FOS;CXCL2;ATF3;ICAM1,0.1896588105646856,0,0
Severity_positive_FDR005,drug repositioning,225,trifluoperazine MCF7 UP,0.0266650166987525,8.351578947368422,30.26948619381673,FOS;ATF3,0.1903289636364292,0,0
Severity_positive_FDR005,drug repositioning,226,aspirin CTD 00005447,0.0268072266657947,2.3486863099670248,8.500092519564056,FCER1G;ITGB2;CXCL1;TIMP1;FOS;IL2RG;IL7R;ICAM1,0.190497371793214,0,0
Severity_positive_FDR005,drug repositioning,227,Vitinoin CTD 00007069,0.0269699731800637,2.1204351204351206,7.661198112565931,CSF1R;RBM47;PTPRC;CCL5;PXMP2;ITGB2;ARHGDIB;CXCL1;PCOLCE;FYB,0.1908095899875876,0,0
Severity_positive_FDR005,drug repositioning,228,astemizole PC3 UP,0.027239403600249,4.832355816226784,17.41141626286698,FOS;CXCL2;ATF3,0.1918705358859645,0,0
Severity_positive_FDR005,drug repositioning,229,tolnaftate PC3 UP,0.0275091676341834,3.0795804283650523,11.065659141067204,CD84;PTPRC;MUSK;LILRB4;IL18R1,0.1929245555480291,0,0
Severity_positive_FDR005,drug repositioning,230,quinisocaine MCF7 UP,0.027917842336178,8.137025641025641,29.118259062460876,FOS;ATF3,0.1933420277499586,0,0
Severity_positive_FDR005,drug repositioning,231,FLUORANTHENE CTD 00000365,0.027917842336178,8.137025641025641,29.118259062460876,TYROBP;ICAM1,0.1933420277499586,0,0
Severity_positive_FDR005,drug repositioning,232,ciclopirox MCF7 UP,0.0279298570597698,4.7837903225806455,17.11668409838579,FOS;OSMR;ATF3,0.1933420277499586,0,0
Severity_positive_FDR005,drug repositioning,233,cholecalciferol CTD 00005655,0.0286295947295087,4.736186521877994,16.829159368692245,ITGB2;CD14;FOS,0.1945455511188415,0,0
Severity_positive_FDR005,drug repositioning,234,vorinostat HL60 DOWN,0.0288263213850186,2.3142347848230203,8.207355841858039,GLIPR1;IGSF6;CEBPD;CLEC7A;NCF4;C3AR1;CD14;CYTIP,0.1945455511188415,0,0
Severity_positive_FDR005,drug repositioning,235,calmidazolium MCF7 UP,0.0289014098405799,3.5982460948204986,12.751698042906742,CEBPD;TNNT2;FOS;ATF3,0.1945455511188415,0,0
Severity_positive_FDR005,drug repositioning,236,rimexolone HL60 DOWN,0.0291939463385061,7.9332,28.03429383392472,CYTIP;ATF3,0.1945455511188415,0,0
Severity_positive_FDR005,drug repositioning,237,N-Formyl-Met-Leu-Phe BOSS,0.0291939463385061,7.9332,28.03429383392472,ITGB2;ICAM1,0.1945455511188415,0,0
Severity_positive_FDR005,drug repositioning,238,Acteoside CTD 00002463,0.0291939463385061,7.9332,28.03429383392472,ITGB2;ICAM1,0.1945455511188415,0,0
Severity_positive_FDR005,drug repositioning,239,DIALLYL DISULFIDE CTD 00001321,0.0291939463385061,7.9332,28.03429383392472,TIMP1;ATF3,0.1945455511188415,0,0
Severity_positive_FDR005,drug repositioning,240,Telmisartan CTD 00003021,0.0291939463385061,7.9332,28.03429383392472,CCL5;ICAM1,0.1945455511188415,0,0
Severity_positive_FDR005,drug repositioning,241,naphthalene CTD 00001527,0.0291939463385061,7.9332,28.03429383392472,TIMP1;FOS,0.1945455511188415,0,0
Severity_positive_FDR005,drug repositioning,242,nitric oxide CTD 00006402,0.0293386062237485,4.689516129032258,16.548603736312923,CSF1R;CCL5;ITGB2,0.1947016594848769,0,0
Severity_positive_FDR005,drug repositioning,243,terfenadine MCF7 UP,0.0299172803663479,3.557904245709124,12.48582106519126,FOS;PRSS22;ATF3;ICAM1,0.1974666857574497,0,0
Severity_positive_FDR005,drug repositioning,244,kaempferol CTD 00000297,0.0300568800969914,4.643751957406828,16.274788866925384,CCL5;FOS;ICAM1,0.1974666857574497,0,0
Severity_positive_FDR005,drug repositioning,245,Sorafenib Kinome Scan,0.0304929875889461,7.7393170731707315,27.01221748456348,CSF1R;MUSK,0.1974666857574497,0,0
Severity_positive_FDR005,drug repositioning,246,ABT-869 Kinome Scan,0.0304929875889461,7.7393170731707315,27.01221748456348,CSF1R;MUSK,0.1974666857574497,0,0
Severity_positive_FDR005,drug repositioning,247,GADOLINIUM BOSS,0.0304929875889461,7.7393170731707315,27.01221748456348,ITGB2;CD68,0.1974666857574497,0,0
Severity_positive_FDR005,drug repositioning,248,Gadodiamide hydrate CTD 00002623,0.0304929875889461,7.7393170731707315,27.01221748456348,UBD;TIMP1,0.1974666857574497,0,0
Severity_positive_FDR005,drug repositioning,249,"1,10-phenanthroline CTD 00001181",0.0307844038423508,4.598867866004963,16.007495923520672,TNNT2;SERPINE1;ICAM1,0.1985532231759656,0,0
Severity_positive_FDR005,drug repositioning,250,nocodazole HL60 UP,0.031901960743936,2.6355304343909745,9.07963376121153,RBM47;PTPRC;LPXN;TIMP1;FOS;CYTIP,0.2049381958190451,0,0
Severity_positive_FDR005,drug repositioning,251,5707885 PC3 UP,0.0331585339465294,7.3786046511627905,25.134885896380784,CXCL2;ATF3,0.2077675048215295,0,0
Severity_positive_FDR005,drug repositioning,252,139890-68-9 CTD 00002746,0.0331585339465294,7.3786046511627905,25.134885896380784,ITGB2;FOS,0.2077675048215295,0,0
Severity_positive_FDR005,drug repositioning,253,capsazepine CTD 00002764,0.0331585339465294,7.3786046511627905,25.134885896380784,TIMP1;ICAM1,0.2077675048215295,0,0
Severity_positive_FDR005,drug repositioning,254,Diquat dication CTD 00005858,0.0331585339465294,7.3786046511627905,25.134885896380784,SERPINE1;ATF3,0.2077675048215295,0,0
Severity_positive_FDR005,drug repositioning,255,Bazedoxifene CTD 00004022,0.0331585339465294,7.3786046511627905,25.134885896380784,FOS;MDFI,0.2077675048215295,0,0
Severity_positive_FDR005,drug repositioning,256,flurbiprofen CTD 00005993,0.0331585339465294,7.3786046511627905,25.134885896380784,TIMP1;FOS,0.2077675048215295,0,0
Severity_positive_FDR005,drug repositioning,257,cyclophosphamide CTD 00005734,0.033247975553632,2.920715350223547,9.941418167547589,CD84;ALOX5AP;ARHGDIB;RRAS2;BUB3,0.2077675048215295,0,0
Severity_positive_FDR005,drug repositioning,258,sulfaguanidine PC3 UP,0.0334358301566125,2.0403709765411895,6.9334401028946555,CD84;PTPRC;IGSF6;TNNT2;CCL5;NCF4;IGFBP7;CXCL13;LILRB4;FYB,0.208131562912867,0,0
Severity_positive_FDR005,drug repositioning,259,Pioglitazone CTD 00002515,0.0337867119459471,4.427643369175628,14.999472944045522,CCL5;SERPINE1;ATF3,0.2095037041899268,0,0
Severity_positive_FDR005,drug repositioning,260,cyclosporin A BOSS,0.0341908961397983,3.4051202214149803,11.49499076359529,CCL5;CD68;ATF3;ICAM1,0.2111945353866008,0,0
Severity_positive_FDR005,drug repositioning,261,colchicine SKMEL5 UP,0.034524373359081,7.210545454545454,24.27134300371437,CXCL1;ATF3,0.2112627510934344,0,0
Severity_positive_FDR005,drug repositioning,262,buflomedil PC3 UP,0.0345602621640308,4.386800828647529,14.761807415515293,PTPRC;CCL5;LILRB4,0.2112627510934344,0,0
Severity_positive_FDR005,drug repositioning,263,digitoxigenin PC3 UP,0.0345965775451888,2.377083333333333,7.996509561548028,PTPRC;CCL5;FOS;LILRB4;ATF3;FYB;ASF1B,0.2112627510934344,0,0
Severity_positive_FDR005,drug repositioning,264,PIPERONYL BUTOXIDE BOSS,0.0353120605271948,3.3689345314505776,11.264136084078396,CCL5;CD68;ATF3;ICAM1,0.2148150348737687,0,0
Severity_positive_FDR005,drug repositioning,265,cytarabine CTD 00005743,0.0358113138699643,2.2126365904723664,7.366954511727323,TMEM98;CEBPD;TNNT2;ARHGDIB;C3AR1;TIMP1;PDLIM4;ATF3,0.2152029126876557,0,0
Severity_positive_FDR005,drug repositioning,266,BW-B70C MCF7 UP,0.0359118185555988,7.049955555555556,23.453008398578607,FOS;ATF3,0.2152029126876557,0,0
Severity_positive_FDR005,drug repositioning,267,p-benzoquinone CTD 00000148,0.0359118185555988,7.049955555555556,23.453008398578607,CSF1R;CCL5,0.2152029126876557,0,0
Severity_positive_FDR005,drug repositioning,268,prednisolone CTD 00006605,0.0359118185555988,7.049955555555556,23.453008398578607,CD84;PLA1A,0.2152029126876557,0,0
Severity_positive_FDR005,drug repositioning,269,thioridazine PC3 UP,0.0364543997888168,3.3335027100271004,11.039537991297864,FOS;CXCL2;ATF3;ICAM1,0.2176422530142747,0,0
Severity_positive_FDR005,drug repositioning,270,Healon BOSS,0.0369357578402817,4.268649193548387,14.080460153891917,CD53;CD68;ICAM1,0.2196993595981201,0,0
Severity_positive_FDR005,drug repositioning,271,BUTHIONINE SULFOXIMINE CTD 00007280,0.0373205448077938,6.896347826086957,22.67664888377872,CCL5;ICAM1,0.2211689850971104,0,0
Severity_positive_FDR005,drug repositioning,272,Medroxyprogesterone acetate CTD 00006623,0.0379400734404201,2.523358436009753,8.255791348732616,C1QB;LGALS3;SERPINE1;ALOX5AP;ICAM1;C1QC,0.224013815975422,0,0
Severity_positive_FDR005,drug repositioning,273,suloctidil MCF7 UP,0.0385649212243438,4.193336162988116,13.651037671280449,FOS;ATF3;ICAM1,0.2263013464824212,0,0
Severity_positive_FDR005,drug repositioning,274,clioquinol PC3 UP,0.0387502305620584,6.749276595744681,21.93932385787189,CXCL2;ATF3,0.2263013464824212,0,0
Severity_positive_FDR005,drug repositioning,275,Platelet activating factor BOSS,0.0387502305620584,6.749276595744681,21.93932385787189,CCL5;ICAM1,0.2263013464824212,0,0
Severity_positive_FDR005,drug repositioning,276,dexamethasone BOSS,0.0400086935940858,3.231502011989817,10.401101446549026,PTPRC;CCL5;CXCL1;ICAM1,0.2315764330502115,0,0
Severity_positive_FDR005,drug repositioning,277,perphenazine PC3 UP,0.0402005574491777,6.608333333333333,21.238353436089685,CXCL2;ATF3,0.2315764330502115,0,0
Severity_positive_FDR005,drug repositioning,278,oxytetracycline CTD 00006459,0.0402005574491777,6.608333333333333,21.238353436089685,TNNT2;CCL5,0.2315764330502115,0,0
Severity_positive_FDR005,drug repositioning,279,tetryzoline HL60 UP,0.0402302769744763,4.120620133481646,13.240110454918833,GPR65;LPXN;TIMP1,0.2315764330502115,0,0
Severity_positive_FDR005,drug repositioning,280,Dasatinib CTD 00004330,0.0412099032450962,2.2836026936026936,7.282584099943073,CSF1R;CCL5;HTR2B;LPXN;IGFBP7;CXCL1;ASF1B,0.2348209250085189,0,0
Severity_positive_FDR005,drug repositioning,281,astemizole HL60 UP,0.0416712102287844,6.473142857142857,20.57129062297526,LGALS3;C3AR1,0.2348209250085189,0,0
Severity_positive_FDR005,drug repositioning,282,"1-(5-deoxypentofuranosyl)-5-fluoropyrimidine-2,4(1h,3h)-dione CTD 00001171",0.0416712102287844,6.473142857142857,20.57129062297526,RRAS2;OSMR,0.2348209250085189,0,0
Severity_positive_FDR005,drug repositioning,283,VERAPAMIL CTD 00006985,0.0416712102287844,6.473142857142857,20.57129062297526,TIMP1;FOS,0.2348209250085189,0,0
Severity_positive_FDR005,drug repositioning,284,ZINC SULFIDE CTD 00001487,0.0416712102287844,6.473142857142857,20.57129062297526,SERPINE1;CD14,0.2348209250085189,0,0
Severity_positive_FDR005,drug repositioning,285,parthenolide CTD 00000087,0.0416712102287844,6.473142857142857,20.57129062297526,CD14;ICAM1,0.2348209250085189,0,0
Severity_positive_FDR005,drug repositioning,286,Capsaicin CTD 00005570,0.042484416535141,3.1668679063028256,10.002925782626024,SERPINE1;TIMP1;FOS;ATF3,0.2385663390050225,0,0
Severity_positive_FDR005,drug repositioning,287,dimethyl sulfoxide CTD 00005842,0.0431166263501393,3.151107373142697,9.906598182620325,CSF1R;CCL5;ITGB2;ICAM1,0.2406874101241808,0,0
Severity_positive_FDR005,drug repositioning,288,ciclosporin PC3 UP,0.043161876784411,6.34336,19.93589693403078,PRSS16;ATF3,0.2406874101241808,0,0
Severity_positive_FDR005,drug repositioning,289,Dronabinol CTD 00006853,0.0433519927763715,2.438893062860005,7.654228347517123,UBD;SERPINE1;IGFBP7;TIMP1;FOS;ICAM1,0.2409110740444732,0,0
Severity_positive_FDR005,drug repositioning,290,deferoxamine CTD 00005759,0.043668781114461,3.982459677419355,12.46956640579401,MMP12;ANXA3;ICAM1,0.2418346981718082,0,0
Severity_positive_FDR005,drug repositioning,291,Cube root extract CTD 00006707,0.0456985605152158,3.089587997329249,9.533506091771743,ACP5;CD14;FOS;ICAM1,0.2522058013313971,0,0
Severity_positive_FDR005,drug repositioning,292,propofol MCF7 UP,0.0462020181718545,6.098769230769231,18.75207968540743,FOS;ATF3,0.2540063678140674,0,0
Severity_positive_FDR005,drug repositioning,293,azacyclonol MCF7 UP,0.0463411368427906,3.8847364280094414,11.932842888622934,FOS;ATF3;ICAM1,0.2540063678140674,0,0
Severity_positive_FDR005,drug repositioning,294,resveratrol CTD 00002483,0.0467825612763074,1.6631596896581125,5.093002057672424,CSF1R;CEBPD;ANXA3;SERPINE1;ITGB2;PLEK;FOS;ICAM1;CLEC7A;PRKAR2A;ACP5;CD14;BUB3;IL7R;ATF3;ASF1B,0.2555537190807813,0,0
Severity_positive_FDR005,drug repositioning,295,MANGANESE CTD 00006240,0.0470213620599071,3.0597113626638657,9.354006593396733,CEBPD;CD48;FOS;CXCL2,0.2559874829430879,0,0
Severity_positive_FDR005,drug repositioning,296,methyprylon BOSS,0.0472495748855888,3.853212799167534,11.761206209759932,PTPRC;CXCL13;CD68,0.2561478800794681,0,0
Severity_positive_FDR005,drug repositioning,297,rosiglitazone CTD 00003139,0.0473698134393537,2.383593510866238,7.269412221008063,CCL5;SERPINE1;CD300LF;PDLIM4;ATF3;ICAM1,0.2561478800794681,0,0
Severity_positive_FDR005,drug repositioning,298,AFLATOXIN B1 CTD 00007128,0.0479322624604655,1.4869449901768172,4.517289013216506,RBM47;SERPINE1;ITGB2;ICAM1;GLIPR1;P2RY6;UBD;CCRL2;ARHGDIB;CLCA2;ACP5;LPXN;IGFBP7;TIMP1;FZD4;ANXA3;FOS;OSMR;MMP12;BHMT;PXMP2;ALOX5AP;ATF3;MDFI;IL18R1;ASF1B;PLA1A,0.2583195084278782,0,0
Severity_positive_FDR005,drug repositioning,299,cantharidin HL60 UP,0.049092747834306,3.7916666666666665,11.428250003775265,HTR2B;FOS;ATF3,0.2636888060932959,0,0
Severity_positive_FDR005,drug repositioning,300,Sorafenib LINCS,0.0493185459627508,5.872296296296296,17.672411936694196,CSF1R;MUSK,0.2640186160539263,0,0
Severity_positive_FDR005,drug repositioning,301,acacetin HL60 UP,0.0509047068102076,5.7652363636363635,17.16772019785835,HTR2B;RRAS2,0.2707051627059387,0,0
Severity_positive_FDR005,drug repositioning,302,Paricalcitol CTD 00003033,0.0509047068102076,5.7652363636363635,17.16772019785835,SERPINE1;CD14,0.2707051627059387,0,0
Severity_positive_FDR005,drug repositioning,303,gossypol PC3 UP,0.0525090726739951,5.662,16.68460784158263,CXCL2;ATF3,0.2764903957850367,0,0
Severity_positive_FDR005,drug repositioning,304,Puerarin CTD 00001616,0.0525090726739951,5.662,16.68460784158263,FOS;ICAM1,0.2764903957850367,0,0
Severity_positive_FDR005,drug repositioning,305,TACROLIMUS MONOHYDRATE CTD 00007118,0.0525090726739951,5.662,16.68460784158263,TNNT2;CCL5,0.2764903957850367,0,0
Severity_positive_FDR005,drug repositioning,306,Bortezomib CTD 00003736,0.053050579098662,1.871381306865178,5.495328981783536,CLEC7A;CCL5;NCF4;HTR2B;CXCL1;IL7R;CYTIP;ATF3;IL18R1;ICAM1,0.2784288563152001,0,0
Severity_positive_FDR005,drug repositioning,307,Zoledronic acid CTD 00003127,0.0540668688845716,2.3022939308467625,6.717020097898362,GLIPR1;ALOX5AP;PLEK;CXCL1;IL2RG;ICAM1,0.282235495377491,0,0
Severity_positive_FDR005,drug repositioning,308,protoporphyrin IX CTD 00001323,0.054131352519168,5.562385964912281,16.22181831889152,TNNT2;FOS,0.282235495377491,0,0
Severity_positive_FDR005,drug repositioning,309,tolazoline PC3 UP,0.0546749056937765,2.90509977827051,8.443238010894424,TNNT2;CCL5;LILRB4;FYB,0.282235495377491,0,0
Severity_positive_FDR005,drug repositioning,310,"[6-[6-(butanoylamino)purin-9-yl]-2-hydroxy-2-oxo-4a,6,7,7a-tetrahydro-4H-furo[3,2-d][1,3,2]dioxaphosphinin-7-yl] butanoate CTD 00005796",0.0546749056937765,2.90509977827051,8.443238010894424,CSF1R;LGALS3;FOS;ICAM1,0.282235495377491,0,0
Severity_positive_FDR005,drug repositioning,311,9001-31-4 BOSS,0.0548303079438214,3.6182184750733137,10.505541387830949,ITGB2;CXCL1;ICAM1,0.282235495377491,0,0
Severity_positive_FDR005,drug repositioning,312,"3,4-DICHLOROANILINE CTD 00000754",0.0548303079438214,3.6182184750733137,10.505541387830949,TIMP1;ATF3;FYB,0.282235495377491,0,0
Severity_positive_FDR005,drug repositioning,313,8-azaguanine PC3 UP,0.0552861014048686,2.520234044746881,7.296666621096053,CXCL1;FOS;CXCL2;ATF3;ICAM1,0.282550916937152,0,0
Severity_positive_FDR005,drug repositioning,314,diethylstilbestrol,0.0557712581999235,5.466206896551724,15.77818777659676,TNNT2;HTR2B,0.282550916937152,0,0
Severity_positive_FDR005,drug repositioning,315,Sorafenib FDA,0.0557712581999235,5.466206896551724,15.77818777659676,CSF1R;MUSK,0.282550916937152,0,0
Severity_positive_FDR005,drug repositioning,316,STOCK1N-35215 MCF7 UP,0.0557712581999235,5.466206896551724,15.77818777659676,P2RY6;ATF3,0.282550916937152,0,0
Severity_positive_FDR005,drug repositioning,317,terfenadine HL60 UP,0.0557712581999235,5.466206896551724,15.77818777659676,LGALS3;C3AR1,0.282550916937152,0,0
Severity_positive_FDR005,drug repositioning,318,pyrvinium HL60 UP,0.0568112641074739,3.5638541165142033,10.221207239540332,GPR65;FOS;CXCL2,0.2864291248408521,0,0
Severity_positive_FDR005,drug repositioning,319,F0447-0125 MCF7 UP,0.0574285044824124,5.373288135593221,15.352636801357924,P2RY6;ATF3,0.2864291248408521,0,0
Severity_positive_FDR005,drug repositioning,320,fluticasone HL60 UP,0.0574285044824124,5.373288135593221,15.352636801357924,CEBPD;SERPINE1,0.2864291248408521,0,0
Severity_positive_FDR005,drug repositioning,321,Nickelous acetate CTD 00003684,0.0574285044824124,5.373288135593221,15.352636801357924,CEBPD;CD68,0.2864291248408521,0,0
Severity_positive_FDR005,drug repositioning,322,cimetidine CTD 00005672,0.0574285044824124,5.373288135593221,15.352636801357924,CD14;ICAM1,0.2864291248408521,0,0
Severity_positive_FDR005,drug repositioning,323,camptothecin PC3 UP,0.0602444701719779,2.236812333416425,6.283976408971821,GLIPR1;CD14;LCP1;FOS;CXCL2;ATF3,0.2994938368105636,0,0
Severity_positive_FDR005,drug repositioning,324,chlorprothixene MCF7 UP,0.0607938921545726,5.1965901639344265,14.55183450796947,FOS;ATF3,0.2994938368105636,0,0
Severity_positive_FDR005,drug repositioning,325,thiostrepton PC3 DOWN,0.0607938921545726,5.1965901639344265,14.55183450796947,CXCL1;ASF1B,0.2994938368105636,0,0
Severity_positive_FDR005,drug repositioning,326,bisindolylmaleimide i CTD 00002749,0.0607938921545726,5.1965901639344265,14.55183450796947,ITGB2;FOS,0.2994938368105636,0,0
Severity_positive_FDR005,drug repositioning,327,Pirinixic acid CTD 00000280,0.0613426823408725,1.6499834230190509,4.605564726122754,CEBPD;SERPINE1;ITGB2;LY86;RRAS2;CSN3;FOS;LGALS3;GLIPR1;BHMT;TMEM98;PXMP2;CD68;IL18R1,0.300439648300668,0,0
Severity_positive_FDR005,drug repositioning,328,alexidine PC3 UP,0.0625014772656504,5.112516129032258,14.17478372234047,CXCL2;ATF3,0.300439648300668,0,0
Severity_positive_FDR005,drug repositioning,329,thiostrepton MCF7 UP,0.0625014772656504,5.112516129032258,14.17478372234047,PRSS16;ATF3,0.300439648300668,0,0
Severity_positive_FDR005,drug repositioning,330,arecoline CTD 00005439,0.0625014772656504,5.112516129032258,14.17478372234047,CCL5;TIMP1,0.300439648300668,0,0
Severity_positive_FDR005,drug repositioning,331,cyclopenthiazide PC3 UP,0.0626487584859489,2.4270988574267265,6.7235769589664205,MUSK;TNNT2;CCL5;LILRB4;FYB,0.300439648300668,0,0
Severity_positive_FDR005,drug repositioning,332,mefloquine MCF7 UP,0.0629553503274032,3.4100806451612904,9.429996703710884,FOS;ATF3;ICAM1,0.300439648300668,0,0
Severity_positive_FDR005,drug repositioning,333,diuron CTD 00005864,0.0629553503274032,3.4100806451612904,9.429996703710884,TIMP1;ATF3;FYB,0.300439648300668,0,0
Severity_positive_FDR005,drug repositioning,334,gemcitabine CTD 00002382,0.0629633917412745,2.765213106676521,7.646372273672307,CXCL1;CXCL2;ATF3;ICAM1,0.300439648300668,0,0
Severity_positive_FDR005,drug repositioning,335,Decitabine CTD 00000750,0.0632860833137532,1.5679906184673431,4.327794954653807,CSF1R;FCER1G;CEBPD;SERPINE1;IRX4;RRAS2;FOS;ICAM1;LGALS3;GLIPR1;ACP5;LPXN;IGFBP7;CD14;IL7R;PDLIM4;ATF3,0.300439648300668,0,0
Severity_positive_FDR005,drug repositioning,336,Cadmium sulfate CTD 00001745,0.0640083039058905,3.3857240905971175,9.306483550465718,FOS;IL7R;ATF3,0.300439648300668,0,0
Severity_positive_FDR005,drug repositioning,337,ciclosporin MCF7 UP,0.0642252903528654,5.0311111111111115,13.812202220103453,PRSS16;ATF3,0.300439648300668,0,0
Severity_positive_FDR005,drug repositioning,338,"3,3',4,4',5-Pentachlorobiphenyl CTD 00001077",0.0645378758404666,2.741198227432918,7.512261980115558,C1QB;SERPINE1;MDFI;ICAM1,0.300439648300668,0,0
Severity_positive_FDR005,drug repositioning,339,corbadrine HL60 UP,0.0659650602427137,4.95225,13.463335751252547,CSF1R;RBM47,0.300439648300668,0,0
Severity_positive_FDR005,drug repositioning,340,8-HYDROXYQUINOLINE CTD 00007045,0.0661329486840618,2.717592112091334,7.381219838403501,LGALS3;UBD;SERPINE1;FOS,0.300439648300668,0,0
Severity_positive_FDR005,drug repositioning,341,fulvestrant PC3 DOWN,0.066138656409074,3.3380329348071283,9.066103746406398,GLIPR1;CXCL1;CXCL2,0.300439648300668,0,0
Severity_positive_FDR005,drug repositioning,342,tonzonium bromide PC3 UP,0.066138656409074,3.3380329348071283,9.066103746406398,FOS;CXCL2;ATF3,0.300439648300668,0,0
Severity_positive_FDR005,drug repositioning,343,wortmannin CTD 00000504,0.066138656409074,3.3380329348071283,9.066103746406398,MMP12;ITGB2;CXCL2,0.300439648300668,0,0
Severity_positive_FDR005,drug repositioning,344,ellagic acid CTD 00005891,0.066138656409074,3.3380329348071283,9.066103746406398,TNNT2;CD14;ATF3,0.300439648300668,0,0
Severity_positive_FDR005,drug repositioning,345,6401-97-4 CTD 00000925,0.0676900970783306,15.764285714285714,42.45031112549025,FOS,0.300439648300668,0,0
Severity_positive_FDR005,drug repositioning,346,Lead dinitrate CTD 00000898,0.0676900970783306,15.764285714285714,42.45031112549025,FOS,0.300439648300668,0,0
Severity_positive_FDR005,drug repositioning,347,P-CRESOL CTD 00001567,0.0676900970783306,15.764285714285714,42.45031112549025,ICAM1,0.300439648300668,0,0
Severity_positive_FDR005,drug repositioning,348,trazodone CTD 00006916,0.0676900970783306,15.764285714285714,42.45031112549025,HTR2B,0.300439648300668,0,0
Severity_positive_FDR005,drug repositioning,349,acetazolamide CTD 00005298,0.0676900970783306,15.764285714285714,42.45031112549025,MMP12,0.300439648300668,0,0
Severity_positive_FDR005,drug repositioning,350,proscillaridin CTD 00006639,0.0676900970783306,15.764285714285714,42.45031112549025,CCL5,0.300439648300668,0,0
Severity_positive_FDR005,drug repositioning,351,BENZOYL PEROXIDE CTD 00005495,0.0676900970783306,15.764285714285714,42.45031112549025,FOS,0.300439648300668,0,0
Severity_positive_FDR005,drug repositioning,352,PIMARIC ACID CTD 00000440,0.0676900970783306,15.764285714285714,42.45031112549025,FOS,0.300439648300668,0,0
Severity_positive_FDR005,drug repositioning,353,chlorpropamide CTD 00005649,0.0676900970783306,15.764285714285714,42.45031112549025,FOS,0.300439648300668,0,0
Severity_positive_FDR005,drug repositioning,354,XANOMELINE CTD 00002842,0.0676900970783306,15.764285714285714,42.45031112549025,HTR2B,0.300439648300668,0,0
Severity_positive_FDR005,drug repositioning,355,Chromium (Iii) Chloride CTD 00001073,0.0676900970783306,15.764285714285714,42.45031112549025,ICAM1,0.300439648300668,0,0
Severity_positive_FDR005,drug repositioning,356,meclizine CTD 00006252,0.0676900970783306,15.764285714285714,42.45031112549025,TIMP1,0.300439648300668,0,0
Severity_positive_FDR005,drug repositioning,357,IPRODIONE CTD 00001594,0.0676900970783306,15.764285714285714,42.45031112549025,FOS,0.300439648300668,0,0
Severity_positive_FDR005,drug repositioning,358,BP 897 TTD 00002536,0.0676900970783306,15.764285714285714,42.45031112549025,HTR2B,0.300439648300668,0,0
Severity_positive_FDR005,drug repositioning,359,orlistat TTD 00009937,0.0676900970783306,15.764285714285714,42.45031112549025,TNNT2,0.300439648300668,0,0
Severity_positive_FDR005,drug repositioning,360,FITC BOSS,0.0677205184837122,4.875815384615384,13.127479882987004,PTPRC;ICAM1,0.300439648300668,0,0
Severity_positive_FDR005,drug repositioning,361,Chromium(II) chloride CTD 00000877,0.0677205184837122,4.875815384615384,13.127479882987004,CCL5;IGFBP7,0.300439648300668,0,0
Severity_positive_FDR005,drug repositioning,362,UNII-9XX54M675G CTD 00004634,0.0677205184837122,4.875815384615384,13.127479882987004,GLIPR1;SERPINE1,0.300439648300668,0,0
Severity_positive_FDR005,drug repositioning,363,Zinc acetate dihydrate CTD 00007284,0.0693946777571358,3.2689460892620414,8.72136871339557,CXCL1;ATF3;ICAM1,0.3070188773497526,0,0
Severity_positive_FDR005,drug repositioning,364,scopolamine PC3 UP,0.0696910357682184,2.150051652892562,5.727057286399162,PTPRC;MUSK;CCL5;IGFBP7;LILRB4;FYB,0.307482976493843,0,0
Severity_positive_FDR005,drug repositioning,365,calcitriol CTD 00005558,0.06989599172658,1.5265014659982976,4.0616341570018015,CSF1R;CEBPD;ANXA3;IRX4;CXCL1;FOS;IL2RG;PRSS22;CXCL2;MMP12;LGALS3;TYROBP;ACP5;CD14;CD68;IL7R;ATF3;ASF1B,0.3075423635969521,0,0
Severity_positive_FDR005,drug repositioning,366,4-nonylphenol CTD 00001904,0.0712774398481934,4.729791044776119,12.492207817494595,CSF1R;FOS,0.3094850752353241,0,0
Severity_positive_FDR005,drug repositioning,367,fluspirilene MCF7 UP,0.073078379571255,4.66,12.191597880198492,FOS;ATF3,0.3094850752353241,0,0
Severity_positive_FDR005,drug repositioning,368,mephentermine HL60 UP,0.073078379571255,4.66,12.191597880198492,CYTIP;ATF3,0.3094850752353241,0,0
Severity_positive_FDR005,drug repositioning,369,hyperforin CTD 00000051,0.0736135110460111,14.330447330447331,37.38708660746238,ICAM1,0.3094850752353241,0,0
Severity_positive_FDR005,drug repositioning,370,Candesartan cilexetil CTD 00002890,0.0736135110460111,14.330447330447331,37.38708660746238,ICAM1,0.3094850752353241,0,0
Severity_positive_FDR005,drug repositioning,371,methylergonovine CTD 00006315,0.0736135110460111,14.330447330447331,37.38708660746238,HTR2B,0.3094850752353241,0,0
Severity_positive_FDR005,drug repositioning,372,LISURIDE CTD 00006219,0.0736135110460111,14.330447330447331,37.38708660746238,HTR2B,0.3094850752353241,0,0
Severity_positive_FDR005,drug repositioning,373,diflunisal CTD 00005819,0.0736135110460111,14.330447330447331,37.38708660746238,FOS,0.3094850752353241,0,0
Severity_positive_FDR005,drug repositioning,374,3-NITROFLUORANTHENE CTD 00001617,0.0736135110460111,14.330447330447331,37.38708660746238,CXCL1,0.3094850752353241,0,0
Severity_positive_FDR005,drug repositioning,375,dioxybenzone CTD 00000176,0.0736135110460111,14.330447330447331,37.38708660746238,TNNT2,0.3094850752353241,0,0
Severity_positive_FDR005,drug repositioning,376,flunisolide CTD 00000364,0.0736135110460111,14.330447330447331,37.38708660746238,CCL5,0.3094850752353241,0,0
Severity_positive_FDR005,drug repositioning,377,AR-A014418 CTD 00004251,0.0736135110460111,14.330447330447331,37.38708660746238,ATF3,0.3094850752353241,0,0
Severity_positive_FDR005,drug repositioning,378,Ilomastat TTD 00008545,0.0736135110460111,14.330447330447331,37.38708660746238,MMP12,0.3094850752353241,0,0
Severity_positive_FDR005,drug repositioning,379,1-(1-Naphthyl)piperazine TTD 00000201,0.0736135110460111,14.330447330447331,37.38708660746238,HTR2B,0.3094850752353241,0,0
Severity_positive_FDR005,drug repositioning,380,180083-23-2 TTD 00000398,0.0736135110460111,14.330447330447331,37.38708660746238,HTR2B,0.3094850752353241,0,0
Severity_positive_FDR005,drug repositioning,381,methylergonovine TTD 00009260,0.0736135110460111,14.330447330447331,37.38708660746238,HTR2B,0.3094850752353241,0,0
Severity_positive_FDR005,drug repositioning,382,RU-24969 TTD 00010707,0.0736135110460111,14.330447330447331,37.38708660746238,HTR2B,0.3094850752353241,0,0
Severity_positive_FDR005,drug repositioning,383,PHOSPHINE CTD 00006547,0.0748939608314774,4.592231884057971,11.901604812302306,SERPINE1;CD14,0.3140462169591455,0,0
Severity_positive_FDR005,drug repositioning,384,thioridazine MCF7 UP,0.0761202685573316,3.1389537351443124,8.084189231532168,FOS;ATF3;ICAM1,0.3183571648517567,0,0
Severity_positive_FDR005,drug repositioning,385,Benzo[b]fluoranthene CTD 00000306,0.0785680302099136,4.462422535211267,11.351467617506296,LGALS3;ATF3,0.3237197533670858,0,0
Severity_positive_FDR005,drug repositioning,386,nimesulide CTD 00000666,0.0785680302099136,4.462422535211267,11.351467617506296,C1QB;ICAM1,0.3237197533670858,0,0
Severity_positive_FDR005,drug repositioning,387,nabumetone CTD 00001691,0.0794995856538601,13.135582010582011,33.25933922123504,FOS,0.3237197533670858,0,0
Severity_positive_FDR005,drug repositioning,388,methazolamide CTD 00006289,0.0794995856538601,13.135582010582011,33.25933922123504,TIMP1,0.3237197533670858,0,0
Severity_positive_FDR005,drug repositioning,389,oxotremorine-M CTD 00001937,0.0794995856538601,13.135582010582011,33.25933922123504,FOS,0.3237197533670858,0,0
Severity_positive_FDR005,drug repositioning,390,Neocuproine CTD 00000090,0.0794995856538601,13.135582010582011,33.25933922123504,ICAM1,0.3237197533670858,0,0
Severity_positive_FDR005,drug repositioning,391,15(R)-Prostaglandin D2 CTD 00007048,0.0794995856538601,13.135582010582011,33.25933922123504,ARHGDIB,0.3237197533670858,0,0
Severity_positive_FDR005,drug repositioning,392,5-Hydroxyindole-3-acetic acid TTD 00001139,0.0794995856538601,13.135582010582011,33.25933922123504,TNNT2,0.3237197533670858,0,0
Severity_positive_FDR005,drug repositioning,393,Pazopanib TTD 00010053,0.0794995856538601,13.135582010582011,33.25933922123504,CSF1R,0.3237197533670858,0,0
Severity_positive_FDR005,drug repositioning,394,imidurea PC3 DOWN,0.0804260159361564,4.400222222222222,11.090397417702835,CCL5;FYB,0.3237197533670858,0,0
Severity_positive_FDR005,drug repositioning,395,perhexiline HL60 UP,0.0804260159361564,4.400222222222222,11.090397417702835,LGALS3;C3AR1,0.3237197533670858,0,0
Severity_positive_FDR005,drug repositioning,396,Benzo[k]fluoranthene CTD 00001069,0.0804260159361564,4.400222222222222,11.090397417702835,TIMP1;FOS,0.3237197533670858,0,0
Severity_positive_FDR005,drug repositioning,397,lamivudine CTD 00007258,0.0804260159361564,4.400222222222222,11.090397417702835,TIMP1;ATF3,0.3237197533670858,0,0
Severity_positive_FDR005,drug repositioning,398,DMBA CTD 00007046,0.0804260159361564,4.400222222222222,11.090397417702835,CCL5;ARHGDIB,0.3237197533670858,0,0
Severity_positive_FDR005,drug repositioning,399,dipyridamole CTD 00005856,0.0804260159361564,4.400222222222222,11.090397417702835,TNNT2;FOS,0.3237197533670858,0,0
Severity_positive_FDR005,drug repositioning,400,TERT-BUTYL HYDROPEROXIDE CTD 00007349,0.0838365227042316,1.592455347706616,3.947516118458843,SERPINE1;RRAS2;CXCL1;PCOLCE;FOS;CXCL2;ICAM1;GLIPR1;PXMP2;CD68;PDLIM4;ATF3;ASF1B,0.3324827048133372,0,0
Severity_positive_FDR005,drug repositioning,401,thiram CTD 00006883,0.0841826527433238,4.280864864864865,10.594140545002633,TNNT2;ATF3,0.3324827048133372,0,0
Severity_positive_FDR005,drug repositioning,402,ascorbic acid CTD 00005445,0.0850120611048045,2.4821739267976337,6.118464747519509,ARHGDIB;TIMP1;ATF3;ICAM1,0.3324827048133372,0,0
Severity_positive_FDR005,drug repositioning,403,37686-84-3 CTD 00000277,0.0853485543584609,12.124542124542124,29.838640846336183,HTR2B,0.3324827048133372,0,0
Severity_positive_FDR005,drug repositioning,404,NIMUSTINE CTD 00007067,0.0853485543584609,12.124542124542124,29.838640846336183,FOS,0.3324827048133372,0,0
Severity_positive_FDR005,drug repositioning,405,methylglyoxal CTD 00006677,0.0853485543584609,12.124542124542124,29.838640846336183,CTSS,0.3324827048133372,0,0
Severity_positive_FDR005,drug repositioning,406,Phylloquinone CTD 00006555,0.0853485543584609,12.124542124542124,29.838640846336183,FOS,0.3324827048133372,0,0
Severity_positive_FDR005,drug repositioning,407,Ropivacaina [Spanish] CTD 00001768,0.0853485543584609,12.124542124542124,29.838640846336183,ITGB2,0.3324827048133372,0,0
Severity_positive_FDR005,drug repositioning,408,Pazopanib CTD 00004656,0.0853485543584609,12.124542124542124,29.838640846336183,CSF1R,0.3324827048133372,0,0
Severity_positive_FDR005,drug repositioning,409,7-ACA CTD 00001461,0.0853485543584609,12.124542124542124,29.838640846336183,TNNT2,0.3324827048133372,0,0
Severity_positive_FDR005,drug repositioning,410,A-987306 TTD 00001415,0.0853485543584609,12.124542124542124,29.838640846336183,HTR2B,0.3324827048133372,0,0
Severity_positive_FDR005,drug repositioning,411,CHEMBL475540 TTD 00006054,0.0853485543584609,12.124542124542124,29.838640846336183,MMP12,0.3324827048133372,0,0
Severity_positive_FDR005,drug repositioning,412,SB 206553 TTD 00010834,0.0853485543584609,12.124542124542124,29.838640846336183,HTR2B,0.3324827048133372,0,0
Severity_positive_FDR005,drug repositioning,413,TERBUFOS CTD 00000658,0.085501467676157,1.8224477909975871,4.481803222868257,CD53;TNNT2;IRX4;LY86;CLCA2;CD48;FOS;FYB,0.3324827048133372,0,0
Severity_positive_FDR005,drug repositioning,414,minoxidil PC3 UP,0.0878935341552677,2.1843366478545194,5.311496417529063,MUSK;CCL5;CXCL13;LILRB4;FYB,0.3388981540704227,0,0
Severity_positive_FDR005,drug repositioning,415,thapsigargin PC3 UP,0.0883441434695302,2.011999031778416,4.8821465755411975,PRSS16;RRAS2;CXCL1;CXCL2;ATF3;ICAM1,0.3388981540704227,0,0
Severity_positive_FDR005,drug repositioning,416,picrotoxinin PC3 UP,0.0896352032721328,2.4341835784770063,5.871268177446544,CCL5;HTR2B;LILRB4;FYB,0.3388981540704227,0,0
Severity_positive_FDR005,drug repositioning,417,clonidine HL60 UP,0.0899156367929536,4.1134545454545455,9.90883244205047,LPXN;TIMP1,0.3388981540704227,0,0
Severity_positive_FDR005,drug repositioning,418,morphine CTD 00006352,0.0899156367929536,4.1134545454545455,9.90883244205047,CCL5;FOS,0.3388981540704227,0,0
Severity_positive_FDR005,drug repositioning,419,POVPC CTD 00003737,0.0911606491646467,11.257936507936508,26.96424346033221,CD68,0.3388981540704227,0,0
Severity_positive_FDR005,drug repositioning,420,"L-741,626 CTD 00003428",0.0911606491646467,11.257936507936508,26.96424346033221,HTR2B,0.3388981540704227,0,0
Severity_positive_FDR005,drug repositioning,421,naringin CTD 00000212,0.0911606491646467,11.257936507936508,26.96424346033221,ICAM1,0.3388981540704227,0,0
Severity_positive_FDR005,drug repositioning,422,fumonisin b1 CTD 00002395,0.0911606491646467,11.257936507936508,26.96424346033221,SERPINE1,0.3388981540704227,0,0
Severity_positive_FDR005,drug repositioning,423,alfacalcidol CTD 00000387,0.0911606491646467,11.257936507936508,26.96424346033221,CD14,0.3388981540704227,0,0
Severity_positive_FDR005,drug repositioning,424,Ciprofibrate CTD 00000977,0.0911606491646467,11.257936507936508,26.96424346033221,CD14,0.3388981540704227,0,0
Severity_positive_FDR005,drug repositioning,425,1-(3-Chlorophenyl)piperazine CTD 00000782,0.0911606491646467,11.257936507936508,26.96424346033221,HTR2B,0.3388981540704227,0,0
Severity_positive_FDR005,drug repositioning,426,"3,14-Dihydroxybufa-20,22-dienolide CTD 00001062",0.0911606491646467,11.257936507936508,26.96424346033221,FOS,0.3388981540704227,0,0
Severity_positive_FDR005,drug repositioning,427,Oroxylin A CTD 00002952,0.0911606491646467,11.257936507936508,26.96424346033221,FOS,0.3388981540704227,0,0
Severity_positive_FDR005,drug repositioning,428,pindolol CTD 00006562,0.0911606491646467,11.257936507936508,26.96424346033221,HTR2B,0.3388981540704227,0,0
Severity_positive_FDR005,drug repositioning,429,TITANIUM CTD 00006899,0.0911606491646467,11.257936507936508,26.96424346033221,TIMP1,0.3388981540704227,0,0
Severity_positive_FDR005,drug repositioning,430,Carnosic acid CTD 00000939,0.0911606491646467,11.257936507936508,26.96424346033221,CD14,0.3388981540704227,0,0
Severity_positive_FDR005,drug repositioning,431,ACETYLCHOLINE CHLORIDE TTD 00001569,0.0911606491646467,11.257936507936508,26.96424346033221,TNNT2,0.3388981540704227,0,0
Severity_positive_FDR005,drug repositioning,432,XANOMELINE TTD 00011862,0.0911606491646467,11.257936507936508,26.96424346033221,HTR2B,0.3388981540704227,0,0
Severity_positive_FDR005,drug repositioning,433,arachidonic acid CTD 00007139,0.0916284520916545,2.8897360703812316,6.906508055446862,IGFBP7;FOS;ATF3,0.3391126989611391,0,0
Severity_positive_FDR005,drug repositioning,434,dinoprost HL60 UP,0.0918518207024256,4.0605128205128205,9.694793697819618,TIMP1;FOS,0.3391126989611391,0,0
Severity_positive_FDR005,drug repositioning,435,hesperadin TTD 00008420,0.0918518207024256,4.0605128205128205,9.694793697819618,CSF1R;MUSK,0.3391126989611391,0,0
Severity_positive_FDR005,drug repositioning,436,cicloheximide PC3 UP,0.0933408885117631,2.142574605546521,5.081109290931739,GLIPR1;CEBPD;IL7R;CXCL2;ATF3,0.3438198783254395,0,0
Severity_positive_FDR005,drug repositioning,437,bromocriptine HL60 UP,0.0938002097682958,4.0089113924050634,9.487442342539037,LPXN;TIMP1,0.3447211370432108,0,0
Severity_positive_FDR005,drug repositioning,438,KIN001-220 LINCS,0.0957605739546073,3.9586,9.286496461412842,CSF1R;MUSK,0.3459541725371947,0,0
Severity_positive_FDR005,drug repositioning,439,alexidine CTD 00000048,0.0969361006486535,10.506878306878306,24.519936301690542,CCL5,0.3459541725371947,0,0
Severity_positive_FDR005,drug repositioning,440,nimodipine CTD 00006398,0.0969361006486535,10.506878306878306,24.519936301690542,FOS,0.3459541725371947,0,0
Severity_positive_FDR005,drug repositioning,441,p-Propenylanisole CTD 00000298,0.0969361006486535,10.506878306878306,24.519936301690542,TIMP1,0.3459541725371947,0,0
Severity_positive_FDR005,drug repositioning,442,KN-62 CTD 00002580,0.0969361006486535,10.506878306878306,24.519936301690542,FOS,0.3459541725371947,0,0
Severity_positive_FDR005,drug repositioning,443,PYRENE CTD 00001472,0.0969361006486535,10.506878306878306,24.519936301690542,ICAM1,0.3459541725371947,0,0
Severity_positive_FDR005,drug repositioning,444,Rimonabant hydrochloride CTD 00003133,0.0969361006486535,10.506878306878306,24.519936301690542,ICAM1,0.3459541725371947,0,0
Severity_positive_FDR005,drug repositioning,445,mianserin CTD 00006332,0.0969361006486535,10.506878306878306,24.519936301690542,HTR2B,0.3459541725371947,0,0
Severity_positive_FDR005,drug repositioning,446,sodium chloride CTD 00006751,0.0969361006486535,10.506878306878306,24.519936301690542,ICAM1,0.3459541725371947,0,0
Severity_positive_FDR005,drug repositioning,447,"1,3-Dimethylthiourea CTD 00001818",0.0969361006486535,10.506878306878306,24.519936301690542,ICAM1,0.3459541725371947,0,0
Severity_positive_FDR005,drug repositioning,448,73151-67-4 CTD 00006204,0.0969361006486535,10.506878306878306,24.519936301690542,ALOX5AP,0.3459541725371947,0,0
Severity_positive_FDR005,drug repositioning,449,tryptamine TTD 00011590,0.0969361006486535,10.506878306878306,24.519936301690542,HTR2B,0.3459541725371947,0,0
Severity_positive_FDR005,drug repositioning,450,"L-741,626 TTD 00008862",0.0969361006486535,10.506878306878306,24.519936301690542,HTR2B,0.3459541725371947,0,0
Severity_positive_FDR005,drug repositioning,451,"2-Nonenal, 4-hydroxy-, (2E,4R)- CTD 00001295",0.0972792454796183,2.3610960554049987,5.501754291043108,TIMP1;FOS;IL7R;ATF3,0.3461303099764936,0,0
Severity_positive_FDR005,drug repositioning,452,vincristine CTD 00006988,0.0976105180757081,1.5774886279487994,3.6704532530283056,GLIPR1;TMEM98;CCL5;SERPINE1;PLEK;CD48;TIMP1;BUB3;LILRB4;ATF3;PLA1A;ICAM1,0.3461303099764936,0,0
Severity_positive_FDR005,drug repositioning,453,MG-132 CTD 00002789,0.0979172494878813,2.8040322580645163,6.5155406260688915,CEBPD;CXCL1;ICAM1,0.3461303099764936,0,0
Severity_positive_FDR005,drug repositioning,454,COBALT CTD 00005696,0.0979172494878813,2.8040322580645163,6.5155406260688915,TIMP1;FOS;CLEC4E,0.3461303099764936,0,0
Severity_positive_FDR005,drug repositioning,455,lycorine HL60 UP,0.0980630703856192,1.7006775687006974,3.949218946707248,LGALS3;PTPRC;GPR65;LPXN;FOS;IL2RG;CYTIP;CXCL2;ATF3,0.3461303099764936,0,0
Severity_positive_FDR005,drug repositioning,456,fenoterol HL60 UP,0.0997163194852562,3.8616585365853657,8.902767721115561,PTPRC;TIMP1,0.3511938795906173,0,0
Severity_positive_FDR005,drug repositioning,457,Adenosine triphosphate CTD 00005324,0.1017112525879702,3.814939759036145,8.71949245336792,P2RY6;ICAM1,0.3538546600424984,0,0
Severity_positive_FDR005,drug repositioning,458,Palmatine CTD 00000225,0.1026751379699901,9.84970238095238,22.419747526457723,CCL5,0.3538546600424984,0,0
Severity_positive_FDR005,drug repositioning,459,Diethylcarbamodithioic acid CTD 00005815,0.1026751379699901,9.84970238095238,22.419747526457723,ICAM1,0.3538546600424984,0,0
Severity_positive_FDR005,drug repositioning,460,allopurinol CTD 00005353,0.1026751379699901,9.84970238095238,22.419747526457723,FOS,0.3538546600424984,0,0
Severity_positive_FDR005,drug repositioning,461,8-OH-Dpat CTD 00007178,0.1026751379699901,9.84970238095238,22.419747526457723,HTR2B,0.3538546600424984,0,0
Severity_positive_FDR005,drug repositioning,462,pergolide CTD 00006492,0.1026751379699901,9.84970238095238,22.419747526457723,HTR2B,0.3538546600424984,0,0
Severity_positive_FDR005,drug repositioning,463,bupropion CTD 00007131,0.1026751379699901,9.84970238095238,22.419747526457723,FOS,0.3538546600424984,0,0
Severity_positive_FDR005,drug repositioning,464,leukotriene D4 CTD 00007224,0.1026751379699901,9.84970238095238,22.419747526457723,ICAM1,0.3538546600424984,0,0
Severity_positive_FDR005,drug repositioning,465,proadifen CTD 00006614,0.1026751379699901,9.84970238095238,22.419747526457723,ATF3,0.3538546600424984,0,0
Severity_positive_FDR005,drug repositioning,466,bromocriptine TTD 00002572,0.1026751379699901,9.84970238095238,22.419747526457723,HTR2B,0.3538546600424984,0,0
Severity_positive_FDR005,drug repositioning,467,dimethyl sulfoxide BOSS,0.1030714656596308,2.739015572858732,6.223954624608146,CD53;PTPRC;ICAM1,0.354459901176375,0,0
Severity_positive_FDR005,drug repositioning,468,Spectrum 001666 CTD 00000796,0.1037172643208314,3.7693333333333334,8.541636112965913,FOS;ICAM1,0.3559186463659302,0,0
Severity_positive_FDR005,drug repositioning,469,doxorubicin CTD 00005874,0.1050450087891332,1.733312192801649,3.905787396233342,LGALS3;P2RY6;SERPINE1;IGFBP7;FOS;BUB3;ATF3;CTSS,0.3588763920752839,0,0
Severity_positive_FDR005,drug repositioning,470,dUTP BOSS,0.1056885271519885,2.707615469208211,6.084713051946453,PTPRC;CD68;ICAM1,0.3588763920752839,0,0
Severity_positive_FDR005,drug repositioning,471,IN1152 CTD 00001901,0.1077616527785984,3.6813023255813953,8.201328311063719,FOS;ICAM1,0.3588763920752839,0,0
Severity_positive_FDR005,drug repositioning,472,IBMX CTD 00007018,0.1077616527785984,3.6813023255813953,8.201328311063719,SERPINE1;PDLIM4,0.3588763920752839,0,0
Severity_positive_FDR005,drug repositioning,473,Ginsenoside Re CTD 00002168,0.1083779888894848,9.26984126984127,20.598794838572697,FOS,0.3588763920752839,0,0
Severity_positive_FDR005,drug repositioning,474,AC1L1WKQ CTD 00007050,0.1083779888894848,9.26984126984127,20.598794838572697,TIMP1,0.3588763920752839,0,0
Severity_positive_FDR005,drug repositioning,475,Oligomycin CTD 00006434,0.1083779888894848,9.26984126984127,20.598794838572697,CD14,0.3588763920752839,0,0
Severity_positive_FDR005,drug repositioning,476,EPICHLOROHYDRIN CTD 00005906,0.1083779888894848,9.26984126984127,20.598794838572697,TNNT2,0.3588763920752839,0,0
Severity_positive_FDR005,drug repositioning,477,Nilotinib CTD 00004428,0.1083779888894848,9.26984126984127,20.598794838572697,FOS,0.3588763920752839,0,0
Severity_positive_FDR005,drug repositioning,478,hesperidin CTD 00006087,0.1083779888894848,9.26984126984127,20.598794838572697,ICAM1,0.3588763920752839,0,0
Severity_positive_FDR005,drug repositioning,479,Nebivolol CTD 00002249,0.1083779888894848,9.26984126984127,20.598794838572697,ICAM1,0.3588763920752839,0,0
Severity_positive_FDR005,drug repositioning,480,Yohimbine CTD 00007005,0.1083779888894848,9.26984126984127,20.598794838572697,HTR2B,0.3588763920752839,0,0
Severity_positive_FDR005,drug repositioning,481,Peroxynitrous acid CTD 00007400,0.1083779888894848,9.26984126984127,20.598794838572697,FOS,0.3588763920752839,0,0
Severity_positive_FDR005,drug repositioning,482,fenthion CTD 00005965,0.1083779888894848,9.26984126984127,20.598794838572697,FOS,0.3588763920752839,0,0
Severity_positive_FDR005,drug repositioning,483,CHLOROPICRIN CTD 00003338,0.1083779888894848,9.26984126984127,20.598794838572697,TNNT2,0.3588763920752839,0,0
Severity_positive_FDR005,drug repositioning,484,methysergide TTD 00009274,0.1083779888894848,9.26984126984127,20.598794838572697,HTR2B,0.3588763920752839,0,0
Severity_positive_FDR005,drug repositioning,485,apomorphine TTD 00002109,0.1083779888894848,9.26984126984127,20.598794838572697,HTR2B,0.3588763920752839,0,0
Severity_positive_FDR005,drug repositioning,486,maltotriose BOSS,0.109662916425298,2.6618309605334294,5.883562130425709,CD53;PTPRC;ICAM1,0.3613486826553055,0,0
Severity_positive_FDR005,drug repositioning,487,"5,6-BENZOFLAVONE CTD 00007276",0.109662916425298,2.6618309605334294,5.883562130425709,LGALS3;SERPINE1;FOS,0.3613486826553055,0,0
Severity_positive_FDR005,drug repositioning,488,"Octa-2,4,6-trienoic acid CTD 00002551",0.1097995997109521,3.6388045977011494,8.038477398440062,UBD;ATF3,0.3613486826553055,0,0
Severity_positive_FDR005,drug repositioning,489,Zinc sulfate CTD 00007264,0.1103287877707486,2.2511419460484356,4.962170561744421,CEBPD;FOS;CXCL2;ICAM1,0.3616458638260967,0,0
Severity_positive_FDR005,drug repositioning,490,Ponatinib FDA,0.1118477656664868,3.597272727272727,7.880245233840243,CSF1R;MUSK,0.3616458638260967,0,0
Severity_positive_FDR005,drug repositioning,491,chrysin CTD 00001976,0.1118477656664868,3.597272727272727,7.880245233840243,FOS;ICAM1,0.3616458638260967,0,0
Severity_positive_FDR005,drug repositioning,492,CROTONALDEHYDE CTD 00000669,0.1123444423250599,2.6321511317055784,5.754371293575484,CXCL1;CXCL2;ATF3,0.3616458638260967,0,0
Severity_positive_FDR005,drug repositioning,493,selegiline CTD 00006730,0.1140448797250081,8.754409171075837,19.007251259887777,FOS,0.3616458638260967,0,0
Severity_positive_FDR005,drug repositioning,494,Trimethyl-beta-cyclodextrin CTD 00003512,0.1140448797250081,8.754409171075837,19.007251259887777,ICAM1,0.3616458638260967,0,0
Severity_positive_FDR005,drug repositioning,495,prazosin CTD 00006604,0.1140448797250081,8.754409171075837,19.007251259887777,CCL5,0.3616458638260967,0,0
Severity_positive_FDR005,drug repositioning,496,tryptamine CTD 00001466,0.1140448797250081,8.754409171075837,19.007251259887777,HTR2B,0.3616458638260967,0,0
Severity_positive_FDR005,drug repositioning,497,dequalinium CTD 00005770,0.1140448797250081,8.754409171075837,19.007251259887777,CCL5,0.3616458638260967,0,0
Severity_positive_FDR005,drug repositioning,498,1-(5-ISOQUINOLINESULFONYL)-2-METHYLPIPERAZINE CTD 00007271,0.1140448797250081,8.754409171075837,19.007251259887777,FOS,0.3616458638260967,0,0
Severity_positive_FDR005,drug repositioning,499,prostaglandin J2 CTD 00001744,0.1140448797250081,8.754409171075837,19.007251259887777,ARHGDIB,0.3616458638260967,0,0
Severity_positive_FDR005,drug repositioning,500,Methoxycamptothecin CTD 00001213,0.1140448797250081,8.754409171075837,19.007251259887777,FOS,0.3616458638260967,0,0
Severity_positive_FDR005,drug repositioning,501,haloperidol TTD 00008393,0.1140448797250081,8.754409171075837,19.007251259887777,HTR2B,0.3616458638260967,0,0
Severity_positive_FDR005,drug repositioning,502,forskolin TTD 00008105,0.1140448797250081,8.754409171075837,19.007251259887777,TNNT2,0.3616458638260967,0,0
Severity_positive_FDR005,drug repositioning,503,clotrimazole PC3 UP,0.1159739198101189,3.516977777777778,7.576941552007025,CXCL2;ATF3,0.3616458638260967,0,0
Severity_positive_FDR005,drug repositioning,504,oxygen CTD 00006454,0.1170592333769821,1.85280321643958,3.974402237690069,CEBPD;FZD4;SERPINE1;FOS;ATF3;ICAM1,0.3616458638260967,0,0
Severity_positive_FDR005,drug repositioning,505,Deguelin CTD 00003487,0.1180514960064777,3.4781538461538464,7.431542957511363,FZD4;ICAM1,0.3616458638260967,0,0
Severity_positive_FDR005,drug repositioning,506,anisomycin PC3 UP,0.1185736073388707,1.626804418206056,3.4687071164637273,GLIPR1;SERPINE1;RRAS2;CXCL1;FOS;IL7R;CXCL2;ATF3;ICAM1,0.3616458638260967,0,0
Severity_positive_FDR005,drug repositioning,507,GLYCOPROTEIN BOSS,0.1191570091705562,2.560744016649324,5.4475046783345595,CD53;PTPRC;ICAM1,0.3616458638260967,0,0
Severity_positive_FDR005,drug repositioning,508,mitotane,0.1196760354120022,8.293233082706767,17.606259261193085,HTR2B,0.3616458638260967,0,0
Severity_positive_FDR005,drug repositioning,509,Kinome 511 Roche,0.1196760354120022,8.293233082706767,17.606259261193085,CSF1R,0.3616458638260967,0,0
Severity_positive_FDR005,drug repositioning,510,WZ-7043 LINCS,0.1196760354120022,8.293233082706767,17.606259261193085,CSF1R,0.3616458638260967,0,0
Severity_positive_FDR005,drug repositioning,511,AB-1010 Kinome Scan,0.1196760354120022,8.293233082706767,17.606259261193085,CSF1R,0.3616458638260967,0,0
Severity_positive_FDR005,drug repositioning,512,myricetin HL60 UP,0.1196760354120022,8.293233082706767,17.606259261193085,CXCL2,0.3616458638260967,0,0
Severity_positive_FDR005,drug repositioning,513,Indoxyl sulfate BOSS,0.1196760354120022,8.293233082706767,17.606259261193085,ICAM1,0.3616458638260967,0,0
Severity_positive_FDR005,drug repositioning,514,methylprednisolone CTD 00006322,0.1196760354120022,8.293233082706767,17.606259261193085,PLA1A,0.3616458638260967,0,0
Severity_positive_FDR005,drug repositioning,515,clofibric acid CTD 00005685,0.1196760354120022,8.293233082706767,17.606259261193085,SERPINE1,0.3616458638260967,0,0
Severity_positive_FDR005,drug repositioning,516,DIETHYL PHTHALATE CTD 00000348,0.1196760354120022,8.293233082706767,17.606259261193085,TNNT2,0.3616458638260967,0,0
Severity_positive_FDR005,drug repositioning,517,DIBUTYLTIN DICHLORIDE CTD 00001008,0.1196760354120022,8.293233082706767,17.606259261193085,CD84,0.3616458638260967,0,0
Severity_positive_FDR005,drug repositioning,518,Sodium salicylate CTD 00006761,0.1196760354120022,8.293233082706767,17.606259261193085,ICAM1,0.3616458638260967,0,0
Severity_positive_FDR005,drug repositioning,519,"2,2',4,6,6'-pentachlorobiphenyl CTD 00003860",0.1196760354120022,8.293233082706767,17.606259261193085,FOS,0.3616458638260967,0,0
Severity_positive_FDR005,drug repositioning,520,TRIAMCINOLONE ACETONIDE CTD 00006922,0.1196760354120022,8.293233082706767,17.606259261193085,CCL5,0.3616458638260967,0,0
Severity_positive_FDR005,drug repositioning,521,Goniothalamin CTD 00003401,0.1196760354120022,8.293233082706767,17.606259261193085,ANXA3,0.3616458638260967,0,0
Severity_positive_FDR005,drug repositioning,522,cytochalasin D CTD 00007076,0.1196760354120022,8.293233082706767,17.606259261193085,ICAM1,0.3616458638260967,0,0
Severity_positive_FDR005,drug repositioning,523,aminoguanidine CTD 00000144,0.1196760354120022,8.293233082706767,17.606259261193085,SERPINE1,0.3616458638260967,0,0
Severity_positive_FDR005,drug repositioning,524,serotonin TTD 00010933,0.1196760354120022,8.293233082706767,17.606259261193085,HTR2B,0.3616458638260967,0,0
Severity_positive_FDR005,drug repositioning,525,Sunitinib TTD 00011140,0.1196760354120022,8.293233082706767,17.606259261193085,CSF1R,0.3616458638260967,0,0
Severity_positive_FDR005,drug repositioning,526,HEXACHLOROETHANE BOSS,0.1205377500585238,2.5469208211143695,5.388755453412102,CCL5;ITGB2;ICAM1,0.3616458638260967,0,0
Severity_positive_FDR005,drug repositioning,527,actinomycin D CTD 00005748,0.1205377500585238,2.5469208211143695,5.388755453412102,LGALS3;ARHGDIB;FOS,0.3616458638260967,0,0
Severity_positive_FDR005,drug repositioning,528,formaldehyde BOSS,0.1219244450526748,2.533244680851064,5.330842890474027,CD53;PTPRC;CD68,0.3616458638260967,0,0
Severity_positive_FDR005,drug repositioning,529,Cdk1/2 Inhibitor III RBC,0.1222346330768742,3.403010752688172,7.15249176044108,CSF1R;MUSK,0.3616458638260967,0,0
Severity_positive_FDR005,drug repositioning,530,valinomycin PC3 UP,0.1222346330768742,3.403010752688172,7.15249176044108,CXCL2;ATF3,0.3616458638260967,0,0
Severity_positive_FDR005,drug repositioning,531,UNII-768N7QO4KH BOSS,0.1222346330768742,3.403010752688172,7.15249176044108,CD53;PTPRC,0.3616458638260967,0,0
Severity_positive_FDR005,drug repositioning,532,Gefitinib CTD 00003879,0.1222346330768742,3.403010752688172,7.15249176044108,CD14;OSMR,0.3616458638260967,0,0
Severity_positive_FDR005,drug repositioning,533,testosterone enanthate CTD 00000155,0.124102110557392,1.820314582777926,3.798360479949326,CD53;FCER1G;PRKAR2A;CYTIP;PRSS22;CTSS,0.3616458638260967,0,0
Severity_positive_FDR005,drug repositioning,534,2-Naphthalenamine CTD 00007026,0.1243397949354294,3.3666382978723406,7.018556029054545,CCL5;CXCL2,0.3616458638260967,0,0
Severity_positive_FDR005,drug repositioning,535,ethisterone BOSS,0.1247154879866727,2.50632427843803,5.217465958453552,ITGB2;IL2RG;ICAM1,0.3616458638260967,0,0
Severity_positive_FDR005,drug repositioning,536,cerivastatin BOSS,0.1247154879866727,2.50632427843803,5.217465958453552,CCL5;ITGB2;ICAM1,0.3616458638260967,0,0
Severity_positive_FDR005,drug repositioning,537,helveticoside HL60 UP,0.1252099335576982,2.143494566258794,4.453674733527237,RBM47;C3AR1;FOS;CXCL2,0.3616458638260967,0,0
Severity_positive_FDR005,drug repositioning,538,zuclopenthixol PC3 UP,0.1252099335576982,2.143494566258794,4.453674733527237,MUSK;CCL5;LILRB4;FYB,0.3616458638260967,0,0
Severity_positive_FDR005,drug repositioning,539,fluoxetine,0.1252716795248585,7.878174603174603,16.365099413225817,HTR2B,0.3616458638260967,0,0
Severity_positive_FDR005,drug repositioning,540,loperamide,0.1252716795248585,7.878174603174603,16.365099413225817,HTR2B,0.3616458638260967,0,0
Severity_positive_FDR005,drug repositioning,541,propafenone,0.1252716795248585,7.878174603174603,16.365099413225817,HTR2B,0.3616458638260967,0,0
Severity_positive_FDR005,drug repositioning,542,apomorphine,0.1252716795248585,7.878174603174603,16.365099413225817,HTR2B,0.3616458638260967,0,0
Severity_positive_FDR005,drug repositioning,543,CHEMBL1967116 Roche,0.1252716795248585,7.878174603174603,16.365099413225817,CSF1R,0.3616458638260967,0,0
Severity_positive_FDR005,drug repositioning,544,STOCK1N-35215 PC3 DOWN,0.1252716795248585,7.878174603174603,16.365099413225817,FZD4,0.3616458638260967,0,0
Severity_positive_FDR005,drug repositioning,545,clotrimazole MCF7 UP,0.1252716795248585,7.878174603174603,16.365099413225817,ATF3,0.3616458638260967,0,0
Severity_positive_FDR005,drug repositioning,546,Uridine 5'-diphosphate BOSS,0.1252716795248585,7.878174603174603,16.365099413225817,P2RY6,0.3616458638260967,0,0
Severity_positive_FDR005,drug repositioning,547,PREGNENOLONE CARBONITRILE CTD 00006611,0.1252716795248585,7.878174603174603,16.365099413225817,TNNT2,0.3616458638260967,0,0
Severity_positive_FDR005,drug repositioning,548,losartan CTD 00007310,0.1252716795248585,7.878174603174603,16.365099413225817,ICAM1,0.3616458638260967,0,0
Severity_positive_FDR005,drug repositioning,549,84625-61-6 CTD 00007215,0.1252716795248585,7.878174603174603,16.365099413225817,TNNT2,0.3616458638260967,0,0
Severity_positive_FDR005,drug repositioning,550,formoterol CTD 00000665,0.1252716795248585,7.878174603174603,16.365099413225817,CCL5,0.3616458638260967,0,0
Severity_positive_FDR005,drug repositioning,551,Anandamide CTD 00002912,0.1252716795248585,7.878174603174603,16.365099413225817,TIMP1,0.3616458638260967,0,0
Severity_positive_FDR005,drug repositioning,552,Ketanserin CTD 00006189,0.1252716795248585,7.878174603174603,16.365099413225817,HTR2B,0.3616458638260967,0,0
Severity_positive_FDR005,drug repositioning,553,salubrinal CTD 00004410,0.1252716795248585,7.878174603174603,16.365099413225817,ATF3,0.3616458638260967,0,0
Severity_positive_FDR005,drug repositioning,554,TDZD-8 CTD 00004374,0.1252716795248585,7.878174603174603,16.365099413225817,LGALS3,0.3616458638260967,0,0
Severity_positive_FDR005,drug repositioning,555,acetate TTD 00001564,0.1252716795248585,7.878174603174603,16.365099413225817,MMP12,0.3616458638260967,0,0
Severity_positive_FDR005,drug repositioning,556,ethosuximide HL60 DOWN,0.1261197310619019,2.4930754940043913,5.16197158884416,PTPRC;BUB3;CYTIP,0.3616458638260967,0,0
Severity_positive_FDR005,drug repositioning,557,hydrocortisone CTD 00006117,0.1264537565516486,3.331031578947369,6.888168913048758,CD14;ICAM1,0.3616458638260967,0,0
Severity_positive_FDR005,drug repositioning,558,valproic acid HL60 DOWN,0.1275297185053584,2.4799647177419355,5.107253860475392,CEBPD;NCF4;CD14,0.3616458638260967,0,0
Severity_positive_FDR005,drug repositioning,559,17-Ethynyl estradiol CTD 00005932,0.1285052626650515,2.1217344173441735,4.353343744515033,CEBPD;SERPINE1;FOS;ATF3,0.3616458638260967,0,0
Severity_positive_FDR005,drug repositioning,560,ciclopirox PC3 UP,0.1285763236735679,3.2961666666666667,6.761204496719207,PDLIM4;ATF3,0.3616458638260967,0,0
Severity_positive_FDR005,drug repositioning,561,R-atenolol PC3 UP,0.128945397770405,2.46698980444593,5.053298623248209,PTPRC;CCL5;LILRB4,0.3616458638260967,0,0
Severity_positive_FDR005,drug repositioning,562,Dinoprostone BOSS,0.128945397770405,2.46698980444593,5.053298623248209,CCL5;CXCL1;ICAM1,0.3616458638260967,0,0
Severity_positive_FDR005,drug repositioning,563,MANGANESE CHLORIDE CTD 00001187,0.128945397770405,2.46698980444593,5.053298623248209,CEBPD;CD48;CXCL2,0.3616458638260967,0,0
Severity_positive_FDR005,drug repositioning,564,rofecoxib CTD 00003631,0.1307073041665873,3.262020618556701,6.637542510371869,ANXA3;CXCL1,0.3616458638260967,0,0
Severity_positive_FDR005,drug repositioning,565,Toxoflavin TTD 00011503,0.1307073041665873,3.262020618556701,6.637542510371869,ITGB2;CTSS,0.3616458638260967,0,0
Severity_positive_FDR005,drug repositioning,566,prazosin,0.1308320341736999,7.502645502645502,15.259187734338411,HTR2B,0.3616458638260967,0,0
Severity_positive_FDR005,drug repositioning,567,troglitazone,0.1308320341736999,7.502645502645502,15.259187734338411,HTR2B,0.3616458638260967,0,0
Severity_positive_FDR005,drug repositioning,568,ERGOTAMINE,0.1308320341736999,7.502645502645502,15.259187734338411,HTR2B,0.3616458638260967,0,0
Severity_positive_FDR005,drug repositioning,569,methysergide,0.1308320341736999,7.502645502645502,15.259187734338411,HTR2B,0.3616458638260967,0,0
Severity_positive_FDR005,drug repositioning,570,dihydroergotamine,0.1308320341736999,7.502645502645502,15.259187734338411,HTR2B,0.3616458638260967,0,0
Severity_positive_FDR005,drug repositioning,571,Isotretinoin,0.1308320341736999,7.502645502645502,15.259187734338411,HTR2B,0.3616458638260967,0,0
Severity_positive_FDR005,drug repositioning,572,GW779439X GSK,0.1308320341736999,7.502645502645502,15.259187734338411,CSF1R,0.3616458638260967,0,0
Severity_positive_FDR005,drug repositioning,573,CHEMBL1241473 Roche,0.1308320341736999,7.502645502645502,15.259187734338411,CSF1R,0.3616458638260967,0,0
Severity_positive_FDR005,drug repositioning,574,dicycloverine PC3 UP,0.1308320341736999,7.502645502645502,15.259187734338411,SERPINE1,0.3616458638260967,0,0
Severity_positive_FDR005,drug repositioning,575,loperamide MCF7 UP,0.1308320341736999,7.502645502645502,15.259187734338411,ATF3,0.3616458638260967,0,0
Severity_positive_FDR005,drug repositioning,576,pioglitazone PC3 DOWN,0.1308320341736999,7.502645502645502,15.259187734338411,CXCL1,0.3616458638260967,0,0
Severity_positive_FDR005,drug repositioning,577,salbutamol HL60 UP,0.1308320341736999,7.502645502645502,15.259187734338411,TIMP1,0.3616458638260967,0,0
Severity_positive_FDR005,drug repositioning,578,cabergoline BOSS,0.1308320341736999,7.502645502645502,15.259187734338411,HTR2B,0.3616458638260967,0,0
Severity_positive_FDR005,drug repositioning,579,7-Ketocholesterol CTD 00000104,0.1308320341736999,7.502645502645502,15.259187734338411,ICAM1,0.3616458638260967,0,0
Severity_positive_FDR005,drug repositioning,580,Garcinol CTD 00002324,0.1308320341736999,7.502645502645502,15.259187734338411,ICAM1,0.3616458638260967,0,0
Severity_positive_FDR005,drug repositioning,581,Agroclavine TTD 00001847,0.1308320341736999,7.502645502645502,15.259187734338411,TNNT2,0.3616458638260967,0,0
Severity_positive_FDR005,drug repositioning,582,Acid red 87 BOSS,0.1317936211868671,2.441439205955335,4.947620632900682,PTPRC;CD68;ICAM1,0.3636779306290525,0,0
Severity_positive_FDR005,drug repositioning,583,trichostatin A HL60 DOWN,0.1321679253795207,1.7854933284085135,3.613270715073499,GLIPR1;CEBPD;NCF4;C3AR1;CD14;CYTIP,0.3640852284039628,0,0
Severity_positive_FDR005,drug repositioning,584,N-acetyl-L-aspartic acid PC3 DOWN,0.1328465079421489,3.2285714285714286,6.5170680254594,CCL5;LILRB4,0.3647034047095575,0,0
Severity_positive_FDR005,drug repositioning,585,Hydroxyzine dihydrochloride BOSS,0.1328465079421489,3.2285714285714286,6.5170680254594,CD53;ICAM1,0.3647034047095575,0,0
Severity_positive_FDR005,drug repositioning,586,Crizotinib Kinome Scan,0.1349937469121199,3.19579797979798,6.399671168359029,CSF1R;MUSK,0.3655924143808133,0,0
Severity_positive_FDR005,drug repositioning,587,diclofenac CTD 00005804,0.1360801209823879,1.8890334861316136,3.767698902111272,FZD4;SERPINE1;RRAS2;FOS;ICAM1,0.3655924143808133,0,0
Severity_positive_FDR005,drug repositioning,588,loratadine,0.1363573201831302,7.161255411255412,14.268633005851834,HTR2B,0.3655924143808133,0,0
Severity_positive_FDR005,drug repositioning,589,bromocriptine,0.1363573201831302,7.161255411255412,14.268633005851834,HTR2B,0.3655924143808133,0,0
Severity_positive_FDR005,drug repositioning,590,AMG-706 Kinome Scan,0.1363573201831302,7.161255411255412,14.268633005851834,CSF1R,0.3655924143808133,0,0
Severity_positive_FDR005,drug repositioning,591,Sunitinib RBC,0.1363573201831302,7.161255411255412,14.268633005851834,CSF1R,0.3655924143808133,0,0
Severity_positive_FDR005,drug repositioning,592,clioquinol HL60 UP,0.1363573201831302,7.161255411255412,14.268633005851834,ATF3,0.3655924143808133,0,0
Severity_positive_FDR005,drug repositioning,593,Ketanserin BOSS,0.1363573201831302,7.161255411255412,14.268633005851834,HTR2B,0.3655924143808133,0,0
Severity_positive_FDR005,drug repositioning,594,Guanosine 5'-monophosphate disodium salt BOSS,0.1363573201831302,7.161255411255412,14.268633005851834,PTPRC,0.3655924143808133,0,0
Severity_positive_FDR005,drug repositioning,595,methiothepin CTD 00006295,0.1363573201831302,7.161255411255412,14.268633005851834,HTR2B,0.3655924143808133,0,0
Severity_positive_FDR005,drug repositioning,596,apomorphine CTD 00005433,0.1363573201831302,7.161255411255412,14.268633005851834,HTR2B,0.3655924143808133,0,0
Severity_positive_FDR005,drug repositioning,597,GR-127935 TTD 00008296,0.1363573201831302,7.161255411255412,14.268633005851834,HTR2B,0.3655924143808133,0,0
Severity_positive_FDR005,drug repositioning,598,diethylstilbestrol TTD 00007572,0.1363573201831302,7.161255411255412,14.268633005851834,TNNT2,0.3655924143808133,0,0
Severity_positive_FDR005,drug repositioning,599,methiothepin TTD 00009235,0.1363573201831302,7.161255411255412,14.268633005851834,HTR2B,0.3655924143808133,0,0
Severity_positive_FDR005,drug repositioning,600,celastrol CTD 00002186,0.137148835073635,3.16368,6.285246849096425,ATF3;ICAM1,0.367101715213763,0,0
Severity_positive_FDR005,drug repositioning,601,carmustine CTD 00005595,0.1379863459765371,1.8799296319208163,3.723389645872103,GPR65;CXCL1;PCOLCE;CD68;CXCL2,0.3680250366042934,0,0
Severity_positive_FDR005,drug repositioning,602,latamoxef HL60 UP,0.1386810304761375,1.4954750472864833,2.9544286910594844,MUSK;TNNT2;P2RY14;CLCA2;RRAS2;CSN3;IGFBP7;CD68;MDFI;IL18R1;FYB,0.3680250366042934,0,0
Severity_positive_FDR005,drug repositioning,603,parthenolide PC3 UP,0.1390100985523293,2.3797983870967743,4.695838874608811,FOS;IL7R;ATF3,0.3680250366042934,0,0
Severity_positive_FDR005,drug repositioning,604,N-methyl-D-aspartic acid BOSS,0.1390100985523293,2.3797983870967743,4.695838874608811,CD53;TNNT2;ATF3,0.3680250366042934,0,0
Severity_positive_FDR005,drug repositioning,605,CHIR-258/TKI-258 Kinome Scan,0.1393115883808346,3.1321980198019803,6.173694511985472,CSF1R;MUSK,0.3680250366042934,0,0
Severity_positive_FDR005,drug repositioning,606,puromycin PC3 UP,0.1396382753826251,1.7552447552447552,3.4555502571057963,RRAS2;CXCL1;IL7R;CXCL2;ATF3;ICAM1,0.3680250366042934,0,0
Severity_positive_FDR005,drug repositioning,607,MS-275 PC3 UP,0.139904482078163,1.870911259909182,3.6796995851403382,SERPINE1;CXCL1;PDLIM4;ATF3;FYB,0.3680250366042934,0,0
Severity_positive_FDR005,drug repositioning,608,CYPROHEPTADINE,0.141847756947732,6.849551414768806,13.37718028791238,HTR2B,0.3680250366042934,0,0
Severity_positive_FDR005,drug repositioning,609,propofol,0.141847756947732,6.849551414768806,13.37718028791238,HTR2B,0.3680250366042934,0,0
Severity_positive_FDR005,drug repositioning,610,Carfilzomib,0.141847756947732,6.849551414768806,13.37718028791238,PSMB8,0.3680250366042934,0,0
Severity_positive_FDR005,drug repositioning,611,methiothepin BOSS,0.141847756947732,6.849551414768806,13.37718028791238,HTR2B,0.3680250366042934,0,0
Severity_positive_FDR005,drug repositioning,612,orlistat BOSS,0.141847756947732,6.849551414768806,13.37718028791238,TNNT2,0.3680250366042934,0,0
Severity_positive_FDR005,drug repositioning,613,jasplakinolide CTD 00002409,0.141847756947732,6.849551414768806,13.37718028791238,ICAM1,0.3680250366042934,0,0
Severity_positive_FDR005,drug repositioning,614,carbon monoxide CTD 00005586,0.141847756947732,6.849551414768806,13.37718028791238,ICAM1,0.3680250366042934,0,0
Severity_positive_FDR005,drug repositioning,615,L-methionine CTD 00006293,0.141847756947732,6.849551414768806,13.37718028791238,BHMT,0.3680250366042934,0,0
Severity_positive_FDR005,drug repositioning,616,Prolinedithiocarbamate CTD 00002658,0.141847756947732,6.849551414768806,13.37718028791238,ICAM1,0.3680250366042934,0,0
Severity_positive_FDR005,drug repositioning,617,Clopidogrelum [Latin] CTD 00002343,0.141847756947732,6.849551414768806,13.37718028791238,CCL5,0.3680250366042934,0,0
Severity_positive_FDR005,drug repositioning,618,L-sorbose CTD 00006006,0.141847756947732,6.849551414768806,13.37718028791238,ICAM1,0.3680250366042934,0,0
Severity_positive_FDR005,drug repositioning,619,HEXANE CTD 00001239,0.141847756947732,6.849551414768806,13.37718028791238,CCL5,0.3680250366042934,0,0
Severity_positive_FDR005,drug repositioning,620,carbamazepine CTD 00005574,0.1447512964837678,1.8487315050777833,3.5731140122393685,FZD4;SERPINE1;RRAS2;FOS;ICAM1,0.3696398772540137,0,0
Severity_positive_FDR005,drug repositioning,621,"2,2',4,4',5,5'-Hexachlorobiphenyl CTD 00000731",0.1463583254511619,2.3211644374508262,4.460575618457425,FOS;MDFI;ICAM1,0.3696398772540137,0,0
Severity_positive_FDR005,drug repositioning,622,quetiapine,0.1473035625420727,6.563822751322752,12.571425654229188,HTR2B,0.3696398772540137,0,0
Severity_positive_FDR005,drug repositioning,623,Desloratadine,0.1473035625420727,6.563822751322752,12.571425654229188,HTR2B,0.3696398772540137,0,0
Severity_positive_FDR005,drug repositioning,624,ALW-II-49-7 LINCS,0.1473035625420727,6.563822751322752,12.571425654229188,CSF1R,0.3696398772540137,0,0
Severity_positive_FDR005,drug repositioning,625,(+)-isoprenaline HL60 UP,0.1473035625420727,6.563822751322752,12.571425654229188,TIMP1,0.3696398772540137,0,0
Severity_positive_FDR005,drug repositioning,626,disulfiram PC3 UP,0.1473035625420727,6.563822751322752,12.571425654229188,FOS,0.3696398772540137,0,0
Severity_positive_FDR005,drug repositioning,627,letrozole HL60 UP,0.1473035625420727,6.563822751322752,12.571425654229188,SERPINE1,0.3696398772540137,0,0
Severity_positive_FDR005,drug repositioning,628,salbutamol PC3 UP,0.1473035625420727,6.563822751322752,12.571425654229188,CXCL2,0.3696398772540137,0,0
Severity_positive_FDR005,drug repositioning,629,Propene BOSS,0.1473035625420727,6.563822751322752,12.571425654229188,CD68,0.3696398772540137,0,0
Severity_positive_FDR005,drug repositioning,630,cytochalasin D BOSS,0.1473035625420727,6.563822751322752,12.571425654229188,ICAM1,0.3696398772540137,0,0
Severity_positive_FDR005,drug repositioning,631,FERRIC AMMONIUM CITRATE CTD 00000709,0.1473035625420727,6.563822751322752,12.571425654229188,ANXA3,0.3696398772540137,0,0
Severity_positive_FDR005,drug repositioning,632,Pomalidomide CTD 00004109,0.1473035625420727,6.563822751322752,12.571425654229188,CEBPD,0.3696398772540137,0,0
Severity_positive_FDR005,drug repositioning,633,naloxone CTD 00006373,0.1473035625420727,6.563822751322752,12.571425654229188,CCL5,0.3696398772540137,0,0
Severity_positive_FDR005,drug repositioning,634,norethindrone CTD 00006418,0.1473035625420727,6.563822751322752,12.571425654229188,SERPINE1,0.3696398772540137,0,0
Severity_positive_FDR005,drug repositioning,635,EMETINE CTD 00005892,0.1473035625420727,6.563822751322752,12.571425654229188,CCL5,0.3696398772540137,0,0
Severity_positive_FDR005,drug repositioning,636,carnosol CTD 00002718,0.1473035625420727,6.563822751322752,12.571425654229188,ICAM1,0.3696398772540137,0,0
Severity_positive_FDR005,drug repositioning,637,mebendazole CTD 00006249,0.1473035625420727,6.563822751322752,12.571425654229188,FOS,0.3696398772540137,0,0
Severity_positive_FDR005,drug repositioning,638,Ergocryptine CTD 00003346,0.1473035625420727,6.563822751322752,12.571425654229188,TNNT2,0.3696398772540137,0,0
Severity_positive_FDR005,drug repositioning,639,flecainide CTD 00005972,0.1473035625420727,6.563822751322752,12.571425654229188,FOS,0.3696398772540137,0,0
Severity_positive_FDR005,drug repositioning,640,CARBARYL CTD 00006737,0.1473035625420727,6.563822751322752,12.571425654229188,FOS,0.3696398772540137,0,0
Severity_positive_FDR005,drug repositioning,641,methylbenzethonium chloride PC3 UP,0.1502340291839485,2.9836981132075473,5.655781797565178,CXCL2;ATF3,0.3738967615292859,0,0
Severity_positive_FDR005,drug repositioning,642,helveticoside PC3 UP,0.1513730076250266,1.987093495934959,3.7516488920780025,GLIPR1;FOS;CXCL2;ATF3,0.3738967615292859,0,0
Severity_positive_FDR005,drug repositioning,643,Alitretinoin CTD 00003402,0.1523273328787841,2.2762772032721097,4.283324460298326,SERPINE1;ITGB2;CXCL1,0.3738967615292859,0,0
Severity_positive_FDR005,drug repositioning,644,sertraline CTD 00007358,0.1524390187863328,2.955663551401869,5.559575474341558,CD14;FOS,0.3738967615292859,0,0
Severity_positive_FDR005,drug repositioning,645,nortriptyline,0.1527249536508166,6.300952380952381,11.840224617662312,HTR2B,0.3738967615292859,0,0
Severity_positive_FDR005,drug repositioning,646,promethazine,0.1527249536508166,6.300952380952381,11.840224617662312,HTR2B,0.3738967615292859,0,0
Severity_positive_FDR005,drug repositioning,647,XMD-12 LINCS,0.1527249536508166,6.300952380952381,11.840224617662312,CSF1R,0.3738967615292859,0,0
Severity_positive_FDR005,drug repositioning,648,ILORASERTIB Roche,0.1527249536508166,6.300952380952381,11.840224617662312,CSF1R,0.3738967615292859,0,0
Severity_positive_FDR005,drug repositioning,649,KIN001-123/WZ-1-84 LINCS,0.1527249536508166,6.300952380952381,11.840224617662312,CSF1R,0.3738967615292859,0,0
Severity_positive_FDR005,drug repositioning,650,ebselen MCF7 UP,0.1527249536508166,6.300952380952381,11.840224617662312,ATF3,0.3738967615292859,0,0
Severity_positive_FDR005,drug repositioning,651,maprotiline MCF7 UP,0.1527249536508166,6.300952380952381,11.840224617662312,ATF3,0.3738967615292859,0,0
Severity_positive_FDR005,drug repositioning,652,metixene PC3 UP,0.1527249536508166,6.300952380952381,11.840224617662312,ATF3,0.3738967615292859,0,0
Severity_positive_FDR005,drug repositioning,653,Anacardic acid C15:3 CTD 00003117,0.1527249536508166,6.300952380952381,11.840224617662312,ICAM1,0.3738967615292859,0,0
Severity_positive_FDR005,drug repositioning,654,"2,4-DIHYDROXYBENZOPHENONE CTD 00003724",0.1527249536508166,6.300952380952381,11.840224617662312,TNNT2,0.3738967615292859,0,0
Severity_positive_FDR005,drug repositioning,655,desipramine CTD 00005772,0.1527249536508166,6.300952380952381,11.840224617662312,CCL5,0.3738967615292859,0,0
Severity_positive_FDR005,drug repositioning,656,hmba CTD 00000732,0.1527249536508166,6.300952380952381,11.840224617662312,CSF1R,0.3738967615292859,0,0
Severity_positive_FDR005,drug repositioning,657,LUCANTHONE CTD 00006227,0.1538317044667959,2.265322580645161,4.240448509112626,ANXA3;CLCA2;ICAM1,0.3760330553632788,0,0
Severity_positive_FDR005,drug repositioning,658,promazine,0.1581121456444391,6.058302808302808,11.174240947502284,HTR2B,0.3761897865258803,0,0
Severity_positive_FDR005,drug repositioning,659,risperidone,0.1581121456444391,6.058302808302808,11.174240947502284,HTR2B,0.3761897865258803,0,0
Severity_positive_FDR005,drug repositioning,660,lynestrenol MCF7 UP,0.1581121456444391,6.058302808302808,11.174240947502284,ATF3,0.3761897865258803,0,0
Severity_positive_FDR005,drug repositioning,661,mometasone MCF7 UP,0.1581121456444391,6.058302808302808,11.174240947502284,ATF3,0.3761897865258803,0,0
Severity_positive_FDR005,drug repositioning,662,DEXMEDETOMIDINE BOSS,0.1581121456444391,6.058302808302808,11.174240947502284,ICAM1,0.3761897865258803,0,0
Severity_positive_FDR005,drug repositioning,663,84625-61-6 BOSS,0.1581121456444391,6.058302808302808,11.174240947502284,TNNT2,0.3761897865258803,0,0
Severity_positive_FDR005,drug repositioning,664,sulfasalazine BOSS,0.1581121456444391,6.058302808302808,11.174240947502284,ICAM1,0.3761897865258803,0,0
Severity_positive_FDR005,drug repositioning,665,pentoxifylline BOSS,0.1581121456444391,6.058302808302808,11.174240947502284,ICAM1,0.3761897865258803,0,0
Severity_positive_FDR005,drug repositioning,666,pyrimethamine CTD 00006670,0.1581121456444391,6.058302808302808,11.174240947502284,FOS,0.3761897865258803,0,0
Severity_positive_FDR005,drug repositioning,667,60282-87-3 CTD 00001598,0.1581121456444391,6.058302808302808,11.174240947502284,SERPINE1,0.3761897865258803,0,0
Severity_positive_FDR005,drug repositioning,668,"2,6,9,9-tetramethylcycloundeca-2,6,10-trien-1-one CTD 00003763",0.1581121456444391,6.058302808302808,11.174240947502284,ICAM1,0.3761897865258803,0,0
Severity_positive_FDR005,drug repositioning,669,Carfilzomib CTD 00004787,0.1581121456444391,6.058302808302808,11.174240947502284,PSMB8,0.3761897865258803,0,0
Severity_positive_FDR005,drug repositioning,670,Evodiamine CTD 00002158,0.1581121456444391,6.058302808302808,11.174240947502284,ICAM1,0.3761897865258803,0,0
Severity_positive_FDR005,drug repositioning,671,Dienogest CTD 00001099,0.1581121456444391,6.058302808302808,11.174240947502284,SERPINE1,0.3761897865258803,0,0
Severity_positive_FDR005,drug repositioning,672,AC1L1KON CTD 00000061,0.1581121456444391,6.058302808302808,11.174240947502284,ICAM1,0.3761897865258803,0,0
Severity_positive_FDR005,drug repositioning,673,DL-Thyroxine CTD 00006892,0.1581121456444391,6.058302808302808,11.174240947502284,FOS,0.3761897865258803,0,0
Severity_positive_FDR005,drug repositioning,674,4-OCTYLPHENOL CTD 00002947,0.1581121456444391,6.058302808302808,11.174240947502284,FOS,0.3761897865258803,0,0
Severity_positive_FDR005,drug repositioning,675,alpha-D-Mannose TTD 00001913,0.1581121456444391,6.058302808302808,11.174240947502284,FCER1G,0.3761897865258803,0,0
Severity_positive_FDR005,drug repositioning,676,apigenin CTD 00007429,0.1590919044883197,2.8746181818181817,5.284333644642405,FOS;ICAM1,0.3779609446867477,0,0
Severity_positive_FDR005,drug repositioning,677,Disodium selenite CTD 00007229,0.1606928541074354,1.422680412371134,2.6010303657999083,CD53;CD84;GPR65;PXMP2;LY86;LPXN;IGFBP7;CD14;FOS;CYTIP;CXCL2;ICAM1,0.3804715306942448,0,0
Severity_positive_FDR005,drug repositioning,678,bisacodyl MCF7 UP,0.1614236504627317,2.2120780195048764,4.034217563414161,FOS;PRSS22;ATF3,0.3804715306942448,0,0
Severity_positive_FDR005,drug repositioning,679,Methysergide maleate,0.1634653525398685,5.833627278071723,10.565598675259062,HTR2B,0.3804715306942448,0,0
Severity_positive_FDR005,drug repositioning,680,Pazopanib hydrochloride,0.1634653525398685,5.833627278071723,10.565598675259062,CSF1R,0.3804715306942448,0,0
Severity_positive_FDR005,drug repositioning,681,KIN001-127 LINCS,0.1634653525398685,5.833627278071723,10.565598675259062,MUSK,0.3804715306942448,0,0
Severity_positive_FDR005,drug repositioning,682,ALW-II-38-3 LINCS,0.1634653525398685,5.833627278071723,10.565598675259062,CSF1R,0.3804715306942448,0,0
Severity_positive_FDR005,drug repositioning,683,0316684-0000 MCF7 DOWN,0.1634653525398685,5.833627278071723,10.565598675259062,OSMR,0.3804715306942448,0,0
Severity_positive_FDR005,drug repositioning,684,fluphenazine PC3 UP,0.1634653525398685,5.833627278071723,10.565598675259062,ATF3,0.3804715306942448,0,0
Severity_positive_FDR005,drug repositioning,685,SU 5416 BOSS,0.1634653525398685,5.833627278071723,10.565598675259062,TNNT2,0.3804715306942448,0,0
Severity_positive_FDR005,drug repositioning,686,Betaine hydrochloride BOSS,0.1634653525398685,5.833627278071723,10.565598675259062,BHMT,0.3804715306942448,0,0
Severity_positive_FDR005,drug repositioning,687,MEMANTINE HYDROCHLORIDE BOSS,0.1634653525398685,5.833627278071723,10.565598675259062,TNNT2,0.3804715306942448,0,0
Severity_positive_FDR005,drug repositioning,688,Vinblastine sulfate BOSS,0.1634653525398685,5.833627278071723,10.565598675259062,CD68,0.3804715306942448,0,0
Severity_positive_FDR005,drug repositioning,689,venlafaxine CTD 00002095,0.1634653525398685,5.833627278071723,10.565598675259062,ACP5,0.3804715306942448,0,0
Severity_positive_FDR005,drug repositioning,690,PROPIDIUM CTD 00006632,0.1634653525398685,5.833627278071723,10.565598675259062,CCL5,0.3804715306942448,0,0
Severity_positive_FDR005,drug repositioning,691,pregnenolone PC3 UP,0.1648455228629301,1.7649303914797718,3.1817220307187566,PTPRC;CCL5;IGFBP7;LILRB4;FYB,0.3828649265629137,0,0
Severity_positive_FDR005,drug repositioning,692,Retinoic acid CTD 00006918,0.1655291550428094,1.2471766258998185,2.2431817772854625,CSF1R;RBM47;CEBPD;ITGB2;PLEK;CXCL1;FYB;ICAM1;LGALS3;CLEC7A;UBD;CCL5;ARHGDIB;IGFBP7;CD14;TIMP1;CD53;FCER1G;FZD4;ANXA3;P2RY14;FOS;OSMR;PSMB8;BHMT;TYROBP;PTPRC;TNNT2;ALOX5AP;ATF3;IL18R1;ASF1B,0.3828649265629137,0,0
Severity_positive_FDR005,drug repositioning,693,LITHOCHOLIC ACID CTD 00006221,0.165798182512692,2.7978761061946904,5.027738591965124,CD14;ICAM1,0.3828649265629137,0,0
Severity_positive_FDR005,drug repositioning,694,AM580 CTD 00002706,0.165798182512692,2.7978761061946904,5.027738591965124,CD300LF;PDLIM4,0.3828649265629137,0,0
Severity_positive_FDR005,drug repositioning,695,Fonofos CTD 00005884,0.1675526555296651,1.5860047281323877,2.833330225182955,CD53;TNNT2;IRX4;LY86;CLCA2;CD48;FYB,0.3828649265629137,0,0
Severity_positive_FDR005,drug repositioning,696,Sorafenib,0.1680447164259588,2.7731929824561403,4.946059473812403,CSF1R;MUSK,0.3828649265629137,0,0
Severity_positive_FDR005,drug repositioning,697,carvedilol,0.1687847870526419,5.625,10.007610890498013,HTR2B,0.3828649265629137,0,0
Severity_positive_FDR005,drug repositioning,698,olanzapine,0.1687847870526419,5.625,10.007610890498013,HTR2B,0.3828649265629137,0,0
Severity_positive_FDR005,drug repositioning,699,clemastine,0.1687847870526419,5.625,10.007610890498013,HTR2B,0.3828649265629137,0,0
Severity_positive_FDR005,drug repositioning,700,mefloquine HL60 UP,0.1687847870526419,5.625,10.007610890498013,LGALS3,0.3828649265629137,0,0
Severity_positive_FDR005,drug repositioning,701,monensin HL60 UP,0.1687847870526419,5.625,10.007610890498013,LGALS3,0.3828649265629137,0,0
Severity_positive_FDR005,drug repositioning,702,norcyclobenzaprine PC3 UP,0.1687847870526419,5.625,10.007610890498013,ATF3,0.3828649265629137,0,0
Severity_positive_FDR005,drug repositioning,703,parathion BOSS,0.1687847870526419,5.625,10.007610890498013,CD53,0.3828649265629137,0,0
Severity_positive_FDR005,drug repositioning,704,D-MONAPTERIN BOSS,0.1687847870526419,5.625,10.007610890498013,ICAM1,0.3828649265629137,0,0
Severity_positive_FDR005,drug repositioning,705,lidocaine CTD 00006207,0.1687847870526419,5.625,10.007610890498013,ITGB2,0.3828649265629137,0,0
Severity_positive_FDR005,drug repositioning,706,ICN 1229 CTD 00006697,0.1687847870526419,5.625,10.007610890498013,ICAM1,0.3828649265629137,0,0
Severity_positive_FDR005,drug repositioning,707,lanatoside C CTD 00000952,0.1687847870526419,5.625,10.007610890498013,CCL5,0.3828649265629137,0,0
Severity_positive_FDR005,drug repositioning,708,clozapine TTD 00007243,0.1687847870526419,5.625,10.007610890498013,HTR2B,0.3828649265629137,0,0
Severity_positive_FDR005,drug repositioning,709,fendiline MCF7 UP,0.1702965399001083,2.7489391304347826,4.866210559117106,FOS;ATF3,0.3857492850205556,0,0
Severity_positive_FDR005,drug repositioning,710,anisomycin MCF7 UP,0.1725233421855573,1.5721284575714956,2.762579867430973,CEBPD;UBD;LPXN;FOS;PRSS22;ATF3;ICAM1,0.3860496406805893,0,0
Severity_positive_FDR005,drug repositioning,711,indocyanine green,0.1740706605220296,5.430760810071155,9.494566361812383,TNNT2,0.3860496406805893,0,0
Severity_positive_FDR005,drug repositioning,712,budesonide HL60 UP,0.1740706605220296,5.430760810071155,9.494566361812383,CEBPD,0.3860496406805893,0,0
Severity_positive_FDR005,drug repositioning,713,dequalinium chloride MCF7 UP,0.1740706605220296,5.430760810071155,9.494566361812383,ATF3,0.3860496406805893,0,0
Severity_positive_FDR005,drug repositioning,714,monorden PC3 UP,0.1740706605220296,5.430760810071155,9.494566361812383,IL7R,0.3860496406805893,0,0
Severity_positive_FDR005,drug repositioning,715,succinylsulfathiazole PC3 UP,0.1740706605220296,5.430760810071155,9.494566361812383,CCL5,0.3860496406805893,0,0
Severity_positive_FDR005,drug repositioning,716,fumaric acid BOSS,0.1740706605220296,5.430760810071155,9.494566361812383,CLEC4D,0.3860496406805893,0,0
Severity_positive_FDR005,drug repositioning,717,Carfilzomib BOSS,0.1740706605220296,5.430760810071155,9.494566361812383,PSMB8,0.3860496406805893,0,0
Severity_positive_FDR005,drug repositioning,718,lamivudine BOSS,0.1740706605220296,5.430760810071155,9.494566361812383,CD53,0.3860496406805893,0,0
Severity_positive_FDR005,drug repositioning,719,stearic acid BOSS,0.1740706605220296,5.430760810071155,9.494566361812383,ICAM1,0.3860496406805893,0,0
Severity_positive_FDR005,drug repositioning,720,Digitoxigenin CTD 00005821,0.1740706605220296,5.430760810071155,9.494566361812383,CCL5,0.3860496406805893,0,0
Severity_positive_FDR005,drug repositioning,721,Perfluorodecanoic acid CTD 00001721,0.1740706605220296,5.430760810071155,9.494566361812383,ATF3,0.3860496406805893,0,0
Severity_positive_FDR005,drug repositioning,722,OLEANOLIC ACID CTD 00006433,0.1740706605220296,5.430760810071155,9.494566361812383,ICAM1,0.3860496406805893,0,0
Severity_positive_FDR005,drug repositioning,723,1'-Acetoxychavicol acetate CTD 00002113,0.1740706605220296,5.430760810071155,9.494566361812383,ICAM1,0.3860496406805893,0,0
Severity_positive_FDR005,drug repositioning,724,7-AMINO-4-HYDROXY-2-NAPHTHALENESULFONIC ACID TTD 00001268,0.1740706605220296,5.430760810071155,9.494566361812383,TNNT2,0.3860496406805893,0,0
Severity_positive_FDR005,drug repositioning,725,"1,4-chrysenequinone PC3 UP",0.1748154331791647,2.701675213675214,4.711787842471602,FOS;ATF3,0.3860496406805893,0,0
Severity_positive_FDR005,drug repositioning,726,azacitidine PC3 UP,0.1770821961923023,2.6786440677966104,4.637111290549377,CXCL2;ATF3,0.3860496406805893,0,0
Severity_positive_FDR005,drug repositioning,727,luteolin CTD 00007430,0.1770821961923023,2.6786440677966104,4.637111290549377,FOS;ICAM1,0.3860496406805893,0,0
Severity_positive_FDR005,drug repositioning,728,celastrol MCF7 UP,0.1785110211728996,2.10323294319155,3.624091066818636,SERPINE1;FOS;ATF3,0.3860496406805893,0,0
Severity_positive_FDR005,drug repositioning,729,CHIR-265/RAF-265 Kinome Scan,0.1793231830309586,5.249470899470899,9.021560154796337,CSF1R,0.3860496406805893,0,0
Severity_positive_FDR005,drug repositioning,730,lasalocid HL60 UP,0.1793231830309586,5.249470899470899,9.021560154796337,LGALS3,0.3860496406805893,0,0
Severity_positive_FDR005,drug repositioning,731,methylbenzethonium chloride MCF7 UP,0.1793231830309586,5.249470899470899,9.021560154796337,ATF3,0.3860496406805893,0,0
Severity_positive_FDR005,drug repositioning,732,nifuroxazide MCF7 UP,0.1793231830309586,5.249470899470899,9.021560154796337,ATF3,0.3860496406805893,0,0
Severity_positive_FDR005,drug repositioning,733,captopril BOSS,0.1793231830309586,5.249470899470899,9.021560154796337,MMP12,0.3860496406805893,0,0
Severity_positive_FDR005,drug repositioning,734,ritanserin CTD 00007138,0.1793231830309586,5.249470899470899,9.021560154796337,HTR2B,0.3860496406805893,0,0
Severity_positive_FDR005,drug repositioning,735,gsno CTD 00007396,0.1793231830309586,5.249470899470899,9.021560154796337,CCL5,0.3860496406805893,0,0
Severity_positive_FDR005,drug repositioning,736,L 741211 CTD 00003280,0.1793231830309586,5.249470899470899,9.021560154796337,SERPINE1,0.3860496406805893,0,0
Severity_positive_FDR005,drug repositioning,737,patulin CTD 00006474,0.1793231830309586,5.249470899470899,9.021560154796337,ATF3,0.3860496406805893,0,0
Severity_positive_FDR005,drug repositioning,738,HMN-176 CTD 00004250,0.1793231830309586,5.249470899470899,9.021560154796337,TIMP1,0.3860496406805893,0,0
Severity_positive_FDR005,drug repositioning,739,TIRON CTD 00006898,0.1793231830309586,5.249470899470899,9.021560154796337,CXCL1,0.3860496406805893,0,0
Severity_positive_FDR005,drug repositioning,740,methimazole CTD 00006291,0.1793231830309586,5.249470899470899,9.021560154796337,LGALS3,0.3860496406805893,0,0
Severity_positive_FDR005,drug repositioning,741,AMPHETAMINE CTD 00005391,0.1793231830309586,5.249470899470899,9.021560154796337,FOS,0.3860496406805893,0,0
Severity_positive_FDR005,drug repositioning,742,"Indeno[1,2,3-cd]pyrene CTD 00001895",0.1793231830309586,5.249470899470899,9.021560154796337,TIMP1,0.3860496406805893,0,0
Severity_positive_FDR005,drug repositioning,743,ranitidine CTD 00006691,0.1793231830309586,5.249470899470899,9.021560154796337,ICAM1,0.3860496406805893,0,0
Severity_positive_FDR005,drug repositioning,744,ritanserin TTD 00010642,0.1793231830309586,5.249470899470899,9.021560154796337,HTR2B,0.3860496406805893,0,0
Severity_positive_FDR005,drug repositioning,745,SB 216763 TTD 00010836,0.1793231830309586,5.249470899470899,9.021560154796337,TNNT2,0.3860496406805893,0,0
Severity_positive_FDR005,drug repositioning,746,AC-42 TTD 00001459,0.1793231830309586,5.249470899470899,9.021560154796337,HTR2B,0.3860496406805893,0,0
Severity_positive_FDR005,drug repositioning,747,phenobarbital CTD 00006510,0.1806839008248049,1.4324450249383225,2.450922288376153,LRG1;TMEM98;FZD4;UBD;CCRL2;ARHGDIB;RRAS2;CD14;ATF3;ICAM1,0.3884582928040653,0,0
Severity_positive_FDR005,drug repositioning,748,Retinoic acid BOSS,0.1832561982992731,2.075362727144668,3.521620988454789,CD53;ITGB2;ICAM1,0.3909965128761218,0,0
Severity_positive_FDR005,drug repositioning,749,perhexiline MCF7 UP,0.1839099456851586,2.6118347107438016,4.4226433966987635,FOS;ATF3,0.3909965128761218,0,0
Severity_positive_FDR005,drug repositioning,750,amitriptyline,0.1845425633624535,5.0798771121351765,8.584358078442884,HTR2B,0.3909965128761218,0,0
Severity_positive_FDR005,drug repositioning,751,metergoline CTD 00006290,0.1845425633624535,5.0798771121351765,8.584358078442884,HTR2B,0.3909965128761218,0,0
Severity_positive_FDR005,drug repositioning,752,sodium fluoride CTD 00006755,0.1845425633624535,5.0798771121351765,8.584358078442884,ICAM1,0.3909965128761218,0,0
Severity_positive_FDR005,drug repositioning,753,indocyanine green CTD 00006145,0.1845425633624535,5.0798771121351765,8.584358078442884,TNNT2,0.3909965128761218,0,0
Severity_positive_FDR005,drug repositioning,754,cacodylic acid CTD 00005554,0.1845425633624535,5.0798771121351765,8.584358078442884,CD68,0.3909965128761218,0,0
Severity_positive_FDR005,drug repositioning,755,27-hydroxycholesterol CTD 00002877,0.1845425633624535,5.0798771121351765,8.584358078442884,ICAM1,0.3909965128761218,0,0
Severity_positive_FDR005,drug repositioning,756,minocycline CTD 00006338,0.1845425633624535,5.0798771121351765,8.584358078442884,CCL5,0.3909965128761218,0,0
Severity_positive_FDR005,drug repositioning,757,2-tert-Butyl-4-methoxyphenol CTD 00005547,0.1845425633624535,5.0798771121351765,8.584358078442884,FOS,0.3909965128761218,0,0
Severity_positive_FDR005,drug repositioning,758,AC1NUPCX TTD 00001530,0.1845425633624535,5.0798771121351765,8.584358078442884,HTR2B,0.3909965128761218,0,0
Severity_positive_FDR005,drug repositioning,759,5-azacytidine CTD 00005455,0.1857486979640041,1.8245958321652185,3.0714527439577055,PTPRC;ITGB2;C3AR1;TIMP1,0.3930334768513711,0,0
Severity_positive_FDR005,drug repositioning,760,clozapine CTD 00005693,0.1884831918338107,2.569105691056911,4.287185986365959,HTR2B;CXCL1,0.3931674688641152,0,0
Severity_positive_FDR005,drug repositioning,761,spiperone PC3 UP,0.1896354359735045,2.0393188425861832,3.3906771607758683,CXCL2;ATF3;ICAM1,0.3931674688641152,0,0
Severity_positive_FDR005,drug repositioning,762,sertraline,0.1897290089475027,4.920882936507937,8.179287368969138,HTR2B,0.3931674688641152,0,0
Severity_positive_FDR005,drug repositioning,763,Regorafenib FDA,0.1897290089475027,4.920882936507937,8.179287368969138,CSF1R,0.3931674688641152,0,0
Severity_positive_FDR005,drug repositioning,764,valsartan BOSS,0.1897290089475027,4.920882936507937,8.179287368969138,ICAM1,0.3931674688641152,0,0
Severity_positive_FDR005,drug repositioning,765,5-Aminosalicylic acid CTD 00007308,0.1897290089475027,4.920882936507937,8.179287368969138,CXCL1,0.3931674688641152,0,0
Severity_positive_FDR005,drug repositioning,766,isopropanol CTD 00007325,0.1897290089475027,4.920882936507937,8.179287368969138,FOS,0.3931674688641152,0,0
Severity_positive_FDR005,drug repositioning,767,Pemetrexed CTD 00003054,0.1897290089475027,4.920882936507937,8.179287368969138,IL7R,0.3931674688641152,0,0
Severity_positive_FDR005,drug repositioning,768,AH 6809 CTD 00002290,0.1897290089475027,4.920882936507937,8.179287368969138,FOS,0.3931674688641152,0,0
Severity_positive_FDR005,drug repositioning,769,EGTA CTD 00005889,0.1897290089475027,4.920882936507937,8.179287368969138,CCL5,0.3931674688641152,0,0
Severity_positive_FDR005,drug repositioning,770,AH 23848 CTD 00002080,0.1897290089475027,4.920882936507937,8.179287368969138,FOS,0.3931674688641152,0,0
Severity_positive_FDR005,drug repositioning,771,CADMIUM SELENIDE CTD 00002452,0.1897290089475027,4.920882936507937,8.179287368969138,SERPINE1,0.3931674688641152,0,0
Severity_positive_FDR005,drug repositioning,772,Promegestone CTD 00006626,0.1897290089475027,4.920882936507937,8.179287368969138,FOS,0.3931674688641152,0,0
Severity_positive_FDR005,drug repositioning,773,gemfibrozil CTD 00007055,0.1897290089475027,4.920882936507937,8.179287368969138,SERPINE1,0.3931674688641152,0,0
Severity_positive_FDR005,drug repositioning,774,SU 5416 CTD 00003630,0.1897290089475027,4.920882936507937,8.179287368969138,TNNT2,0.3931674688641152,0,0
Severity_positive_FDR005,drug repositioning,775,Methyl 4-methoxycinnamate CTD 00002989,0.1897290089475027,4.920882936507937,8.179287368969138,CXCL2,0.3931674688641152,0,0
Severity_positive_FDR005,drug repositioning,776,midecamycin HL60 DOWN,0.1928465674764455,2.0217570350034317,3.3275298290219197,ARHGDIB;BUB3;ATF3,0.3981826598977188,0,0
Severity_positive_FDR005,drug repositioning,777,perphenazine MCF7 UP,0.1948827259792939,4.7715247715247715,7.80314789859015,ATF3,0.3981826598977188,0,0
Severity_positive_FDR005,drug repositioning,778,prochlorperazine HL60 UP,0.1948827259792939,4.7715247715247715,7.80314789859015,LGALS3,0.3981826598977188,0,0
Severity_positive_FDR005,drug repositioning,779,quercetin MCF7 UP,0.1948827259792939,4.7715247715247715,7.80314789859015,ATF3,0.3981826598977188,0,0
Severity_positive_FDR005,drug repositioning,780,terbutaline PC3 UP,0.1948827259792939,4.7715247715247715,7.80314789859015,CXCL2,0.3981826598977188,0,0
Severity_positive_FDR005,drug repositioning,781,diethylstilbestrol BOSS,0.1948827259792939,4.7715247715247715,7.80314789859015,TNNT2,0.3981826598977188,0,0
Severity_positive_FDR005,drug repositioning,782,BROMOCRIPTINE MESYLATE BOSS,0.1948827259792939,4.7715247715247715,7.80314789859015,HTR2B,0.3981826598977188,0,0
Severity_positive_FDR005,drug repositioning,783,uridine triphosphate BOSS,0.1948827259792939,4.7715247715247715,7.80314789859015,P2RY6,0.3981826598977188,0,0
Severity_positive_FDR005,drug repositioning,784,Xanthohumol CTD 00003425,0.1948827259792939,4.7715247715247715,7.80314789859015,ICAM1,0.3981826598977188,0,0
Severity_positive_FDR005,drug repositioning,785,Geranylgeranyl pyrophosphate CTD 00000102,0.1948827259792939,4.7715247715247715,7.80314789859015,ICAM1,0.3981826598977188,0,0
Severity_positive_FDR005,drug repositioning,786,SU 5416 TTD 00011104,0.1948827259792939,4.7715247715247715,7.80314789859015,TNNT2,0.3981826598977188,0,0
Severity_positive_FDR005,drug repositioning,787,AZD4547 LINCS,0.195372313822791,2.507555555555556,4.094457673491529,CSF1R;MUSK,0.3981826598977188,0,0
Severity_positive_FDR005,drug repositioning,788,L-histidine BOSS,0.195372313822791,2.507555555555556,4.094457673491529,ITGB2;SLC15A3,0.3981826598977188,0,0
Severity_positive_FDR005,drug repositioning,789,quercetin CTD 00006679,0.197699269087956,1.244527605157341,2.01738951019654,FCER1G;CD93;CEBPD;ANXA3;SERPINE1;ITGB2;FOS;CXCL2;ICAM1;MMP12;LGALS3;GLIPR1;BHMT;LRG1;UBD;CCL5;GIPC2;ALOX5AP;ARHGDIB;LPXN;TIMP1;BUB3;ATF3;ASF1B,0.3985189758035721,0,0
Severity_positive_FDR005,drug repositioning,790,Oxazolone CTD 00006449,0.1999829383536193,2.468125,3.972504507987674,CYTIP;ATF3,0.3985189758035721,0,0
Severity_positive_FDR005,drug repositioning,791,Chromium(VI) CTD 00002830,0.1999829383536193,2.468125,3.972504507987674,NCF4;ICAM1,0.3985189758035721,0,0
Severity_positive_FDR005,drug repositioning,792,amoxapine,0.2000039193634366,4.630952380952381,7.453139581543748,HTR2B,0.3985189758035721,0,0
Severity_positive_FDR005,drug repositioning,793,haloperidol,0.2000039193634366,4.630952380952381,7.453139581543748,HTR2B,0.3985189758035721,0,0
Severity_positive_FDR005,drug repositioning,794,Bortezomib,0.2000039193634366,4.630952380952381,7.453139581543748,PSMB8,0.3985189758035721,0,0
Severity_positive_FDR005,drug repositioning,795,Ki-20227 Kinome Scan,0.2000039193634366,4.630952380952381,7.453139581543748,CSF1R,0.3985189758035721,0,0
Severity_positive_FDR005,drug repositioning,796,clonidine PC3 UP,0.2000039193634366,4.630952380952381,7.453139581543748,CCL5,0.3985189758035721,0,0
Severity_positive_FDR005,drug repositioning,797,luteolin PC3 UP,0.2000039193634366,4.630952380952381,7.453139581543748,ATF3,0.3985189758035721,0,0
Severity_positive_FDR005,drug repositioning,798,resveratrol PC3 UP,0.2000039193634366,4.630952380952381,7.453139581543748,ATF3,0.3985189758035721,0,0
Severity_positive_FDR005,drug repositioning,799,ritodrine PC3 UP,0.2000039193634366,4.630952380952381,7.453139581543748,CXCL2,0.3985189758035721,0,0
Severity_positive_FDR005,drug repositioning,800,tyrphostin AG-825 MCF7 UP,0.2000039193634366,4.630952380952381,7.453139581543748,ATF3,0.3985189758035721,0,0
Severity_positive_FDR005,drug repositioning,801,Tauroursodeoxycholic acid CTD 00001524,0.2000039193634366,4.630952380952381,7.453139581543748,FOS,0.3985189758035721,0,0
Severity_positive_FDR005,drug repositioning,802,warfarin CTD 00005716,0.2000039193634366,4.630952380952381,7.453139581543748,ALOX5AP,0.3985189758035721,0,0
Severity_positive_FDR005,drug repositioning,803,N-formylmethionylleucylphenylalanine CTD 00006360,0.2000039193634366,4.630952380952381,7.453139581543748,ITGB2,0.3985189758035721,0,0
Severity_positive_FDR005,drug repositioning,804,Methylbenzethonium chloride CTD 00000197,0.2000039193634366,4.630952380952381,7.453139581543748,CCL5,0.3985189758035721,0,0
Severity_positive_FDR005,drug repositioning,805,oxozinc CTD 00007012,0.2000039193634366,4.630952380952381,7.453139581543748,ICAM1,0.3985189758035721,0,0
Severity_positive_FDR005,drug repositioning,806,Velcade(Bortezomib) TTD 00011778,0.2000039193634366,4.630952380952381,7.453139581543748,PSMB8,0.3985189758035721,0,0
Severity_positive_FDR005,drug repositioning,807,digoxigenin HL60 UP,0.2025611676490096,1.9708205059563648,3.1468354627337423,C3AR1;FOS;CTSS,0.4011924787597764,0,0
Severity_positive_FDR005,drug repositioning,808,paclitaxel CTD 00007144,0.204707491820189,1.6280065842515452,2.582300393763344,SERPINE1;PCOLCE;BUB3;OSMR;ICAM1,0.4011924787597764,0,0
Severity_positive_FDR005,drug repositioning,809,benzethonium chloride HL60 DOWN,0.2050927926910189,4.498412698412698,7.126802647024788,ATF3,0.4011924787597764,0,0
Severity_positive_FDR005,drug repositioning,810,harmol PC3 DOWN,0.2050927926910189,4.498412698412698,7.126802647024788,SERPINE1,0.4011924787597764,0,0
Severity_positive_FDR005,drug repositioning,811,primaquine MCF7 UP,0.2050927926910189,4.498412698412698,7.126802647024788,ATF3,0.4011924787597764,0,0
Severity_positive_FDR005,drug repositioning,812,Amiloride hydrochloride dihydrate BOSS,0.2050927926910189,4.498412698412698,7.126802647024788,ICAM1,0.4011924787597764,0,0
Severity_positive_FDR005,drug repositioning,813,cinnamyl alcohol CTD 00001006,0.2050927926910189,4.498412698412698,7.126802647024788,ATF3,0.4011924787597764,0,0
Severity_positive_FDR005,drug repositioning,814,TAXIFOLIN CTD 00000115,0.2050927926910189,4.498412698412698,7.126802647024788,ICAM1,0.4011924787597764,0,0
Severity_positive_FDR005,drug repositioning,815,palmitic acid CTD 00007272,0.2050927926910189,4.498412698412698,7.126802647024788,SERPINE1,0.4011924787597764,0,0
Severity_positive_FDR005,drug repositioning,816,trolox CTD 00000557,0.2050927926910189,4.498412698412698,7.126802647024788,FOS,0.4011924787597764,0,0
Severity_positive_FDR005,drug repositioning,817,Destruxin B CTD 00001859,0.2050927926910189,4.498412698412698,7.126802647024788,FOS,0.4011924787597764,0,0
Severity_positive_FDR005,drug repositioning,818,adenosine CTD 00005319,0.2050927926910189,4.498412698412698,7.126802647024788,CD14,0.4011924787597764,0,0
Severity_positive_FDR005,drug repositioning,819,ciprofloxacin CTD 00005674,0.2050927926910189,4.498412698412698,7.126802647024788,CEBPD,0.4011924787597764,0,0
Severity_positive_FDR005,drug repositioning,820,pyrithione CTD 00000427,0.2050927926910189,4.498412698412698,7.126802647024788,CD14,0.4011924787597764,0,0
Severity_positive_FDR005,drug repositioning,821,su6656 TTD 00011109,0.2050927926910189,4.498412698412698,7.126802647024788,TNNT2,0.4011924787597764,0,0
Severity_positive_FDR005,drug repositioning,822,ouabain MCF7 UP,0.2058251026373532,1.954400637196336,3.0893767624902058,FOS;PRSS22;ATF3,0.4021351761990138,0,0
Severity_positive_FDR005,drug repositioning,823,tacrolimus BOSS,0.2069229826115136,2.411236641221374,3.798682988544665,CD68;ICAM1,0.4037889551325526,0,0
Severity_positive_FDR005,drug repositioning,824,rapamycin CTD 00007350,0.2074616721433884,1.9462916446324696,3.0611443709533823,CD84;SERPINE1;CD68,0.4043488415804391,0,0
Severity_positive_FDR005,drug repositioning,825,TG-101348 Kinome Scan,0.2092422318165122,2.392848484848485,3.7430436178102258,CSF1R;MUSK,0.4066267164203251,0,0
Severity_positive_FDR005,drug repositioning,826,Epirubicin hydrochloride,0.2101495483367807,4.3732363315696645,6.82196820750072,TNNT2,0.4066267164203251,0,0
Severity_positive_FDR005,drug repositioning,827,Dasatinib RBC,0.2101495483367807,4.3732363315696645,6.82196820750072,CSF1R,0.4066267164203251,0,0
Severity_positive_FDR005,drug repositioning,828,securinine PC3 DOWN,0.2101495483367807,4.3732363315696645,6.82196820750072,FZD4,0.4066267164203251,0,0
Severity_positive_FDR005,drug repositioning,829,dioxidanide CTD 00006819,0.2101495483367807,4.3732363315696645,6.82196820750072,SERPINE1,0.4066267164203251,0,0
Severity_positive_FDR005,drug repositioning,830,Romidepsin CTD 00003096,0.2101495483367807,4.3732363315696645,6.82196820750072,ICAM1,0.4066267164203251,0,0
Severity_positive_FDR005,drug repositioning,831,topotecan CTD 00007293,0.2123891980794372,1.9223586260937704,2.9783772086213167,SERPINE1;IGFBP7;FOS,0.4099289041689905,0,0
Severity_positive_FDR005,drug repositioning,832,Crizotinib LINCS,0.2138888087950014,2.3568955223880597,3.6350375697181327,CSF1R;MUSK,0.4099289041689905,0,0
Severity_positive_FDR005,drug repositioning,833,glutathione CTD 00006035,0.2138888087950014,2.3568955223880597,3.6350375697181327,CCL5;ICAM1,0.4099289041689905,0,0
Severity_positive_FDR005,drug repositioning,834,HEMATOXYLIN BOSS,0.2140374827919096,1.9145096253902183,2.9514159378919524,PTPRC;CD68;ICAM1,0.4099289041689905,0,0
Severity_positive_FDR005,drug repositioning,835,Nilotinib Kinome Scan,0.2151743874311699,4.254826254826255,6.536717126526899,CSF1R,0.4099289041689905,0,0
Severity_positive_FDR005,drug repositioning,836,clenbuterol HL60 UP,0.2151743874311699,4.254826254826255,6.536717126526899,TIMP1,0.4099289041689905,0,0
Severity_positive_FDR005,drug repositioning,837,isoflupredone HL60 UP,0.2151743874311699,4.254826254826255,6.536717126526899,CEBPD,0.4099289041689905,0,0
Severity_positive_FDR005,drug repositioning,838,spiperone BOSS,0.2151743874311699,4.254826254826255,6.536717126526899,HTR2B,0.4099289041689905,0,0
Severity_positive_FDR005,drug repositioning,839,Lidocaine hydrochloride BOSS,0.2151743874311699,4.254826254826255,6.536717126526899,ICAM1,0.4099289041689905,0,0
Severity_positive_FDR005,drug repositioning,840,2-Naphthoxyacetic acid BOSS,0.2151743874311699,4.254826254826255,6.536717126526899,ATF3,0.4099289041689905,0,0
Severity_positive_FDR005,drug repositioning,841,piperine CTD 00000442,0.2151743874311699,4.254826254826255,6.536717126526899,FOS,0.4099289041689905,0,0
Severity_positive_FDR005,drug repositioning,842,usnic acid CTD 00002807,0.2151743874311699,4.254826254826255,6.536717126526899,SERPINE1,0.4099289041689905,0,0
Severity_positive_FDR005,drug repositioning,843,Ephedrone CTD 00002112,0.2151743874311699,4.254826254826255,6.536717126526899,C1QB,0.4099289041689905,0,0
Severity_positive_FDR005,drug repositioning,844,TPEN CTD 00001994,0.217342424363503,1.899,2.8984079545628343,CEBPD;CD14;CXCL2,0.4111500241329177,0,0
Severity_positive_FDR005,drug repositioning,845,Crizotinib FDA,0.2185453179434486,2.322,3.531209088091555,CSF1R;MUSK,0.4111500241329177,0,0
Severity_positive_FDR005,drug repositioning,846,ursodiol CTD 00006973,0.2185453179434486,2.322,3.531209088091555,CCL5;CXCL1,0.4111500241329177,0,0
Severity_positive_FDR005,drug repositioning,847,emetine MCF7 UP,0.2189544750783234,1.5121216487013922,2.2967486392320664,CEBPD;UBD;LPXN;FOS;ATF3;ICAM1,0.4111500241329177,0,0
Severity_positive_FDR005,drug repositioning,848,cantharidin HL60 DOWN,0.2189989844710356,1.8913378743092149,2.872352486005601,GPR65;CD14;BUB3,0.4111500241329177,0,0
Severity_positive_FDR005,drug repositioning,849,Nilotinib FDA,0.220167509809657,4.142648287385129,6.26934561220422,CSF1R,0.4111500241329177,0,0
Severity_positive_FDR005,drug repositioning,850,Axitinib FDA,0.220167509809657,4.142648287385129,6.26934561220422,CSF1R,0.4111500241329177,0,0
Severity_positive_FDR005,drug repositioning,851,AG-013736 Kinome Scan,0.220167509809657,4.142648287385129,6.26934561220422,CSF1R,0.4111500241329177,0,0
Severity_positive_FDR005,drug repositioning,852,suramin BOSS,0.220167509809657,4.142648287385129,6.26934561220422,P2RY6,0.4111500241329177,0,0
Severity_positive_FDR005,drug repositioning,853,Tetradioxin BOSS,0.220167509809657,4.142648287385129,6.26934561220422,ITGB2,0.4111500241329177,0,0
Severity_positive_FDR005,drug repositioning,854,Fasudil hydrochloride BOSS,0.220167509809657,4.142648287385129,6.26934561220422,ICAM1,0.4111500241329177,0,0
Severity_positive_FDR005,drug repositioning,855,tubocurarine CTD 00006958,0.220167509809657,4.142648287385129,6.26934561220422,FOS,0.4111500241329177,0,0
Severity_positive_FDR005,drug repositioning,856,Clofop [ISO] CTD 00000269,0.220167509809657,4.142648287385129,6.26934561220422,SERPINE1,0.4111500241329177,0,0
Severity_positive_FDR005,drug repositioning,857,spiperone CTD 00006773,0.220167509809657,4.142648287385129,6.26934561220422,HTR2B,0.4111500241329177,0,0
Severity_positive_FDR005,drug repositioning,858,"1,2-NAPHTHOQUINONE CTD 00001871",0.220167509809657,4.142648287385129,6.26934561220422,FOS,0.4111500241329177,0,0
Severity_positive_FDR005,drug repositioning,859,erythromycin CTD 00005916,0.220167509809657,4.142648287385129,6.26934561220422,ICAM1,0.4111500241329177,0,0
Severity_positive_FDR005,drug repositioning,860,4-Hydroxytamoxifen TTD 00000995,0.220167509809657,4.142648287385129,6.26934561220422,TNNT2,0.4111500241329177,0,0
Severity_positive_FDR005,drug repositioning,861,digoxigenin MCF7 UP,0.2206582065102446,1.883736559139785,2.8465903261601966,FOS;PRSS22;ATF3,0.411517914817353,0,0
Severity_positive_FDR005,drug repositioning,862,ACROLEIN CTD 00005313,0.2208769879032119,2.304934306569343,3.4807950408363983,TNNT2;ATF3,0.411517914817353,0,0
Severity_positive_FDR005,drug repositioning,863,parathion CTD 00006472,0.2236866310746153,1.4491547464239272,2.170122528784792,CD53;TNNT2;IRX4;LY86;CLCA2;CD48;FYB,0.4151060358589571,0,0
Severity_positive_FDR005,drug repositioning,864,thioridazine,0.2251291140928715,4.036223036223036,6.018336292147058,HTR2B,0.4151060358589571,0,0
Severity_positive_FDR005,drug repositioning,865,mebendazole MCF7 UP,0.2251291140928715,4.036223036223036,6.018336292147058,ATF3,0.4151060358589571,0,0
Severity_positive_FDR005,drug repositioning,866,propylthiouracil PC3 DOWN,0.2251291140928715,4.036223036223036,6.018336292147058,CCL5,0.4151060358589571,0,0
Severity_positive_FDR005,drug repositioning,867,spironolactone CTD 00006774,0.2251291140928715,4.036223036223036,6.018336292147058,SERPINE1,0.4151060358589571,0,0
Severity_positive_FDR005,drug repositioning,868,Bandrowski's base CTD 00002216,0.2251291140928715,4.036223036223036,6.018336292147058,ICAM1,0.4151060358589571,0,0
Severity_positive_FDR005,drug repositioning,869,"2,6-Di-tert-butyl-4-methylphenol CTD 00005548",0.2251291140928715,4.036223036223036,6.018336292147058,SERPINE1,0.4151060358589571,0,0
Severity_positive_FDR005,drug repositioning,870,dipyridamole TTD 00007632,0.2251291140928715,4.036223036223036,6.018336292147058,TNNT2,0.4151060358589571,0,0
Severity_positive_FDR005,drug repositioning,871,spiperone TTD 00011044,0.2251291140928715,4.036223036223036,6.018336292147058,HTR2B,0.4151060358589571,0,0
Severity_positive_FDR005,drug repositioning,872,sanguinarine HL60 UP,0.2277841811867627,1.6682071031236627,2.467873308373534,FOS;IL7R;CXCL2;ATF3,0.4195199483783727,0,0
Severity_positive_FDR005,drug repositioning,873,F0447-0125 PC3 UP,0.2300593976326153,3.935119047619048,5.782333788044519,ATF3,0.4196812080737266,0,0
Severity_positive_FDR005,drug repositioning,874,methylglyoxal BOSS,0.2300593976326153,3.935119047619048,5.782333788044519,ICAM1,0.4196812080737266,0,0
Severity_positive_FDR005,drug repositioning,875,Sunitinib CTD 00004175,0.2300593976326153,3.935119047619048,5.782333788044519,CSF1R,0.4196812080737266,0,0
Severity_positive_FDR005,drug repositioning,876,TETRACHLOROETHYLENE CTD 00006849,0.2300593976326153,3.935119047619048,5.782333788044519,FOS,0.4196812080737266,0,0
Severity_positive_FDR005,drug repositioning,877,benzethonium chloride CTD 00005485,0.2300593976326153,3.935119047619048,5.782333788044519,CCL5,0.4196812080737266,0,0
Severity_positive_FDR005,drug repositioning,878,CHEMBL35349 CTD 00001274,0.2300593976326153,3.935119047619048,5.782333788044519,ITGB2,0.4196812080737266,0,0
Severity_positive_FDR005,drug repositioning,879,Salbutamol CTD 00005336,0.2300593976326153,3.935119047619048,5.782333788044519,CCL5,0.4196812080737266,0,0
Severity_positive_FDR005,drug repositioning,880,TOPOTECAN HYDROCHLORIDE TTD 00011493,0.2300593976326153,3.935119047619048,5.782333788044519,TNNT2,0.4196812080737266,0,0
Severity_positive_FDR005,drug repositioning,881,Deacetylchitin BOSS,0.2302236265958612,2.2390921985815604,3.2885640107357985,CD53;ICAM1,0.4196812080737266,0,0
Severity_positive_FDR005,drug repositioning,882,"8-Bromo-cAMP, Na CTD 00007044",0.234348025971048,1.4758590691605045,2.141394732316073,GLIPR1;FZD4;TNNT2;SERPINE1;IL7R;PDLIM4,0.4230307644813481,0,0
Severity_positive_FDR005,drug repositioning,883,piperlongumine HL60 DOWN,0.2345671659951632,1.646119733924612,2.386895523966293,CLEC7A;C3AR1;CD14;CYTIP,0.4230307644813481,0,0
Severity_positive_FDR005,drug repositioning,884,HG-6-64-01 LINCS,0.2349072794201299,2.2075524475524477,3.1977818830249563,CSF1R;MUSK,0.4230307644813481,0,0
Severity_positive_FDR005,drug repositioning,885,prenylamine MCF7 UP,0.2349072794201299,2.2075524475524477,3.1977818830249563,FOS;ATF3,0.4230307644813481,0,0
Severity_positive_FDR005,drug repositioning,886,PLX4032 LINCS,0.2349585566110601,3.838946960898181,5.560123994196228,CSF1R,0.4230307644813481,0,0
Severity_positive_FDR005,drug repositioning,887,PLX-4720 LINCS,0.2349585566110601,3.838946960898181,5.560123994196228,CSF1R,0.4230307644813481,0,0
Severity_positive_FDR005,drug repositioning,888,clenbuterol PC3 UP,0.2349585566110601,3.838946960898181,5.560123994196228,CXCL2,0.4230307644813481,0,0
Severity_positive_FDR005,drug repositioning,889,orciprenaline HL60 UP,0.2349585566110601,3.838946960898181,5.560123994196228,TIMP1,0.4230307644813481,0,0
Severity_positive_FDR005,drug repositioning,890,busulfan CTD 00005543,0.2349585566110601,3.838946960898181,5.560123994196228,SERPINE1,0.4230307644813481,0,0
Severity_positive_FDR005,drug repositioning,891,astemizole CTD 00007123,0.2349585566110601,3.838946960898181,5.560123994196228,ICAM1,0.4230307644813481,0,0
Severity_positive_FDR005,drug repositioning,892,benzbromarone TTD 00002342,0.2349585566110601,3.838946960898181,5.560123994196228,TNNT2,0.4230307644813481,0,0
Severity_positive_FDR005,drug repositioning,893,SU-14813 Kinome Scan,0.2372512884490311,2.192111111111111,3.153648668724776,CSF1R;MUSK,0.4265357898626159,0,0
Severity_positive_FDR005,drug repositioning,894,Crizotinib,0.2395966034829283,2.17688275862069,3.1103270131129954,CSF1R;MUSK,0.4265357898626159,0,0
Severity_positive_FDR005,drug repositioning,895,FLUPHENAZINE,0.2398267859563774,3.747354497354497,5.350616430106396,HTR2B,0.4265357898626159,0,0
Severity_positive_FDR005,drug repositioning,896,0173570-0000 PC3 DOWN,0.2398267859563774,3.747354497354497,5.350616430106396,SERPINE1,0.4265357898626159,0,0
Severity_positive_FDR005,drug repositioning,897,5182598 MCF7 UP,0.2398267859563774,3.747354497354497,5.350616430106396,ATF3,0.4265357898626159,0,0
Severity_positive_FDR005,drug repositioning,898,benzethonium chloride MCF7 UP,0.2398267859563774,3.747354497354497,5.350616430106396,ATF3,0.4265357898626159,0,0
Severity_positive_FDR005,drug repositioning,899,octopamine PC3 DOWN,0.2398267859563774,3.747354497354497,5.350616430106396,CCL5,0.4265357898626159,0,0
Severity_positive_FDR005,drug repositioning,900,sevoflurane BOSS,0.2398267859563774,3.747354497354497,5.350616430106396,ICAM1,0.4265357898626159,0,0
Severity_positive_FDR005,drug repositioning,901,levamisole BOSS,0.2398267859563774,3.747354497354497,5.350616430106396,ICAM1,0.4265357898626159,0,0
Severity_positive_FDR005,drug repositioning,902,Andrographolide CTD 00001445,0.2398267859563774,3.747354497354497,5.350616430106396,FOS,0.4265357898626159,0,0
Severity_positive_FDR005,drug repositioning,903,Cleland's reagent CTD 00005862,0.2398267859563774,3.747354497354497,5.350616430106396,ATF3,0.4265357898626159,0,0
Severity_positive_FDR005,drug repositioning,904,digoxin HL60 UP,0.2407592106220536,1.7970124633431086,2.5588702211641112,FOS;CXCL2;ATF3,0.4277204560387369,0,0
Severity_positive_FDR005,drug repositioning,905,AST-487 Kinome Scan,0.241943114435574,2.16186301369863,3.067797427226417,CSF1R;MUSK,0.4280292295292854,0,0
Severity_positive_FDR005,drug repositioning,906,CHROMIUM CTD 00005668,0.241943114435574,2.16186301369863,3.067797427226417,TIMP1;FOS,0.4280292295292854,0,0
Severity_positive_FDR005,drug repositioning,907,EXEL-2880/GSK-1363089 Kinome Scan,0.2442907125230357,2.147047619047619,3.026041009134308,CSF1R;MUSK,0.4280292295292854,0,0
Severity_positive_FDR005,drug repositioning,908,lomustine PC3 UP,0.2442907125230357,2.147047619047619,3.026041009134308,IL7R;ATF3,0.4280292295292854,0,0
Severity_positive_FDR005,drug repositioning,909,ibuprofen CTD 00006137,0.2442907125230357,2.147047619047619,3.026041009134308,ANXA3;ICAM1,0.4280292295292854,0,0
Severity_positive_FDR005,drug repositioning,910,TOPOTECAN HYDROCHLORIDE,0.2446642793946973,3.6600221483942414,5.152829146574183,TNNT2,0.4280292295292854,0,0
Severity_positive_FDR005,drug repositioning,911,Vemurafenib FDA,0.2446642793946973,3.6600221483942414,5.152829146574183,CSF1R,0.4280292295292854,0,0
Severity_positive_FDR005,drug repositioning,912,hexetidine MCF7 UP,0.2446642793946973,3.6600221483942414,5.152829146574183,ATF3,0.4280292295292854,0,0
Severity_positive_FDR005,drug repositioning,913,minocycline HL60 UP,0.2446642793946973,3.6600221483942414,5.152829146574183,ATF3,0.4280292295292854,0,0
Severity_positive_FDR005,drug repositioning,914,nicotinic acid BOSS,0.2446642793946973,3.6600221483942414,5.152829146574183,ICAM1,0.4280292295292854,0,0
Severity_positive_FDR005,drug repositioning,915,CHEMBL521784 BOSS,0.2446642793946973,3.6600221483942414,5.152829146574183,ICAM1,0.4280292295292854,0,0
Severity_positive_FDR005,drug repositioning,916,nelfinavir CTD 00007329,0.2446642793946973,3.6600221483942414,5.152829146574183,ATF3,0.4280292295292854,0,0
Severity_positive_FDR005,drug repositioning,917,STYRENE CTD 00001125,0.2446642793946973,3.6600221483942414,5.152829146574183,FOS,0.4280292295292854,0,0
Severity_positive_FDR005,drug repositioning,918,"3-[3-butylsulfanyl-1-[(4-chlorophenyl)methyl]-5-propan-2-ylindol-2-yl]-2,2-dimethylpropanoic acid TTD 00000826",0.2446642793946973,3.6600221483942414,5.152829146574183,ALOX5AP,0.4280292295292854,0,0
Severity_positive_FDR005,drug repositioning,919,hydrogen peroxide CTD 00006118,0.2486598288559106,1.2132271348605528,1.6884111585720831,CSF1R;RBM47;CEBPD;FZD4;SERPINE1;RRAS2;FOS;CXCL2;CTSS;ICAM1;P2RY6;PTPRC;TMEM98;CCL5;CCRL2;PXMP2;ALOX5AP;CD68;CD300LF;ATF3,0.4280457206162187,0,0
Severity_positive_FDR005,drug repositioning,920,HC toxin MCF7 DOWN,0.24898874151203,2.118013422818792,2.94477487569081,CEBPD;IRX4,0.4280457206162187,0,0
Severity_positive_FDR005,drug repositioning,921,oxytetracycline,0.2494712294500503,3.576659451659452,4.965875769744344,TNNT2,0.4280457206162187,0,0
Severity_positive_FDR005,drug repositioning,922,SU11652 RBC,0.2494712294500503,3.576659451659452,4.965875769744344,CSF1R,0.4280457206162187,0,0
Severity_positive_FDR005,drug repositioning,923,LY-294002 PC3 UP,0.2494712294500503,3.576659451659452,4.965875769744344,FZD4,0.4280457206162187,0,0
Severity_positive_FDR005,drug repositioning,924,chrysin HL60 UP,0.2494712294500503,3.576659451659452,4.965875769744344,HTR2B,0.4280457206162187,0,0
Severity_positive_FDR005,drug repositioning,925,fenoterol PC3 UP,0.2494712294500503,3.576659451659452,4.965875769744344,CXCL2,0.4280457206162187,0,0
Severity_positive_FDR005,drug repositioning,926,metoprolol HL60 UP,0.2494712294500503,3.576659451659452,4.965875769744344,CD14,0.4280457206162187,0,0
Severity_positive_FDR005,drug repositioning,927,strophanthidin MCF7 UP,0.2494712294500503,3.576659451659452,4.965875769744344,ATF3,0.4280457206162187,0,0
Severity_positive_FDR005,drug repositioning,928,thiostrepton PC3 UP,0.2494712294500503,3.576659451659452,4.965875769744344,ATF3,0.4280457206162187,0,0
Severity_positive_FDR005,drug repositioning,929,benzbromarone BOSS,0.2494712294500503,3.576659451659452,4.965875769744344,TNNT2,0.4280457206162187,0,0
Severity_positive_FDR005,drug repositioning,930,Toluidine Blue O BOSS,0.2494712294500503,3.576659451659452,4.965875769744344,PTPRC,0.4280457206162187,0,0
Severity_positive_FDR005,drug repositioning,931,Acridine orange BOSS,0.2494712294500503,3.576659451659452,4.965875769744344,ICAM1,0.4280457206162187,0,0
Severity_positive_FDR005,drug repositioning,932,dorsomorphin CTD 00004649,0.2494712294500503,3.576659451659452,4.965875769744344,ICAM1,0.4280457206162187,0,0
Severity_positive_FDR005,drug repositioning,933,serotonin CTD 00006734,0.2494712294500503,3.576659451659452,4.965875769744344,HTR2B,0.4280457206162187,0,0
Severity_positive_FDR005,drug repositioning,934,Org-2058 CTD 00000993,0.2494712294500503,3.576659451659452,4.965875769744344,CEBPD,0.4280457206162187,0,0
Severity_positive_FDR005,drug repositioning,935,"2,2',3,4,4',5,5'-HEPTACHLOROBIPHENYL CTD 00003812",0.2494712294500503,3.576659451659452,4.965875769744344,FOS,0.4280457206162187,0,0
Severity_positive_FDR005,drug repositioning,936,SB 202190 TTD 00010831,0.2494712294500503,3.576659451659452,4.965875769744344,TNNT2,0.4280457206162187,0,0
Severity_positive_FDR005,drug repositioning,937,amiodarone,0.2542478274489546,3.4970017636684303,4.788954339486824,HTR2B,0.4302655541443848,0,0
Severity_positive_FDR005,drug repositioning,938,Retinoic acid,0.2542478274489546,3.4970017636684303,4.788954339486824,HTR2B,0.4302655541443848,0,0
Severity_positive_FDR005,drug repositioning,939,AZD-2171 Kinome Scan,0.2542478274489546,3.4970017636684303,4.788954339486824,CSF1R,0.4302655541443848,0,0
Severity_positive_FDR005,drug repositioning,940,benzocaine PC3 UP,0.2542478274489546,3.4970017636684303,4.788954339486824,CD84,0.4302655541443848,0,0
Severity_positive_FDR005,drug repositioning,941,clomifene MCF7 UP,0.2542478274489546,3.4970017636684303,4.788954339486824,ATF3,0.4302655541443848,0,0
Severity_positive_FDR005,drug repositioning,942,cloperastine PC3 UP,0.2542478274489546,3.4970017636684303,4.788954339486824,CXCL2,0.4302655541443848,0,0
Severity_positive_FDR005,drug repositioning,943,geldanamycin PC3 UP,0.2542478274489546,3.4970017636684303,4.788954339486824,IL7R,0.4302655541443848,0,0
Severity_positive_FDR005,drug repositioning,944,oxytetracycline BOSS,0.2542478274489546,3.4970017636684303,4.788954339486824,TNNT2,0.4302655541443848,0,0
Severity_positive_FDR005,drug repositioning,945,CHROMIUM BOSS,0.2542478274489546,3.4970017636684303,4.788954339486824,ICAM1,0.4302655541443848,0,0
Severity_positive_FDR005,drug repositioning,946,Inosinic acid BOSS,0.2542478274489546,3.4970017636684303,4.788954339486824,CCL5,0.4302655541443848,0,0
Severity_positive_FDR005,drug repositioning,947,catechol CTD 00001636,0.2542478274489546,3.4970017636684303,4.788954339486824,CCL5,0.4302655541443848,0,0
Severity_positive_FDR005,drug repositioning,948,Ferriheme chloride CTD 00006079,0.2542478274489546,3.4970017636684303,4.788954339486824,FOS,0.4302655541443848,0,0
Severity_positive_FDR005,drug repositioning,949,4-tert-Octylphenol CTD 00003436,0.2542478274489546,3.4970017636684303,4.788954339486824,CSF1R,0.4302655541443848,0,0
Severity_positive_FDR005,drug repositioning,950,cephaeline MCF7 UP,0.2569108367738228,1.3835302653399668,1.880253869277005,CEBPD;UBD;LPXN;FOS;PRSS22;ATF3;ICAM1,0.4343145303776415,0,0
Severity_positive_FDR005,drug repositioning,951,clozapine,0.2589942635199794,3.420807453416149,4.621337660740617,HTR2B,0.4350886895534383,0,0
Severity_positive_FDR005,drug repositioning,952,indometacin PC3 UP,0.2589942635199794,3.420807453416149,4.621337660740617,ATF3,0.4350886895534383,0,0
Severity_positive_FDR005,drug repositioning,953,nifedipine HL60 DOWN,0.2589942635199794,3.420807453416149,4.621337660740617,ATF3,0.4350886895534383,0,0
Severity_positive_FDR005,drug repositioning,954,T-2 TOXIN CTD 00006824,0.2589942635199794,3.420807453416149,4.621337660740617,TIMP1,0.4350886895534383,0,0
Severity_positive_FDR005,drug repositioning,955,Ursolic acid CTD 00000232,0.2589942635199794,3.420807453416149,4.621337660740617,ICAM1,0.4350886895534383,0,0
Severity_positive_FDR005,drug repositioning,956,AMILORIDE CTD 00005369,0.2589942635199794,3.420807453416149,4.621337660740617,FOS,0.4350886895534383,0,0
Severity_positive_FDR005,drug repositioning,957,diltiazem PC3 UP,0.2637107266260292,3.347855454238433,4.462364934947035,CXCL2,0.4402488845752628,0,0
Severity_positive_FDR005,drug repositioning,958,gossypol MCF7 UP,0.2637107266260292,3.347855454238433,4.462364934947035,ATF3,0.4402488845752628,0,0
Severity_positive_FDR005,drug repositioning,959,syrosingopine MCF7 UP,0.2637107266260292,3.347855454238433,4.462364934947035,ATF3,0.4402488845752628,0,0
Severity_positive_FDR005,drug repositioning,960,thioguanosine PC3 UP,0.2637107266260292,3.347855454238433,4.462364934947035,ATF3,0.4402488845752628,0,0
Severity_positive_FDR005,drug repositioning,961,OZONE BOSS,0.2637107266260292,3.347855454238433,4.462364934947035,ICAM1,0.4402488845752628,0,0
Severity_positive_FDR005,drug repositioning,962,butyric acid CTD 00007353,0.2637107266260292,3.347855454238433,4.462364934947035,CLEC7A,0.4402488845752628,0,0
Severity_positive_FDR005,drug repositioning,963,Nintedanib FDA,0.2654507067258967,2.0222564102564102,2.6821714933804612,CSF1R;MUSK,0.4417589825755078,0,0
Severity_positive_FDR005,drug repositioning,964,BIBF-1120 (derivative) Kinome Scan,0.2654507067258967,2.0222564102564102,2.6821714933804612,CSF1R;MUSK,0.4417589825755078,0,0
Severity_positive_FDR005,drug repositioning,965,arbutin CTD 00005438,0.2662922651550504,1.6990981616371834,2.2481801375249524,C1QB;SLC15A3;MDFI,0.4417589825755078,0,0
Severity_positive_FDR005,drug repositioning,966,Cyperquat CTD 00007079,0.2678034757336887,2.0092738853503183,2.6472220951991554,RRAS2;FOS,0.4417589825755078,0,0
Severity_positive_FDR005,drug repositioning,967,verteporfin HL60 DOWN,0.2680071902484536,1.6929435483870967,2.2291689757614837,PTPRC;ITGB2;CTSS,0.4417589825755078,0,0
Severity_positive_FDR005,drug repositioning,968,Pazopanib FDA,0.2683974045277927,3.277943121693122,4.31143448027524,CSF1R,0.4417589825755078,0,0
Severity_positive_FDR005,drug repositioning,969,"Staurosporine, N-benzoyl- RBC",0.2683974045277927,3.277943121693122,4.31143448027524,CSF1R,0.4417589825755078,0,0
Severity_positive_FDR005,drug repositioning,970,Pazopanib Kinome Scan,0.2683974045277927,3.277943121693122,4.31143448027524,CSF1R,0.4417589825755078,0,0
Severity_positive_FDR005,drug repositioning,971,etoposide HL60 DOWN,0.2683974045277927,3.277943121693122,4.31143448027524,IGFBP7,0.4417589825755078,0,0
Severity_positive_FDR005,drug repositioning,972,progesterone HL60 DOWN,0.2683974045277927,3.277943121693122,4.31143448027524,ATF3,0.4417589825755078,0,0
Severity_positive_FDR005,drug repositioning,973,mycophenolic acid BOSS,0.2683974045277927,3.277943121693122,4.31143448027524,ICAM1,0.4417589825755078,0,0
Severity_positive_FDR005,drug repositioning,974,D-Penicillamine CTD 00006475,0.2683974045277927,3.277943121693122,4.31143448027524,C4B,0.4417589825755078,0,0
Severity_positive_FDR005,drug repositioning,975,Dasatinib TTD 00007441,0.2683974045277927,3.277943121693122,4.31143448027524,CSF1R,0.4417589825755078,0,0
Severity_positive_FDR005,drug repositioning,976,testosterone CTD 00006844,0.2684662310047918,1.2876479489252326,1.6932958651372363,MMP12;CEBPD;ANXA3;CD14;FOS;CD68;IL2RG;PRSS22;ATF3;ASF1B,0.4417589825755078,0,0
Severity_positive_FDR005,drug repositioning,977,raloxifene HL60 DOWN,0.2701562192231206,1.9964556962025315,2.6128711702205147,CD48;IL2RG,0.4440564275471907,0,0
Severity_positive_FDR005,drug repositioning,978,raloxifene CTD 00007367,0.2704154334627351,1.399586776859504,1.83037379252495,MMP12;CCL5;SERPINE1;TIMP1;IL7R;ATF3,0.4440564275471907,0,0
Severity_positive_FDR005,drug repositioning,979,ouabain PC3 UP,0.2719705104929153,1.536111768884679,2.0001122026718834,GLIPR1;FOS;CXCL2;ATF3,0.4447520294983759,0,0
Severity_positive_FDR005,drug repositioning,980,ellipticine HL60 DOWN,0.2725088433847458,1.9837987421383647,2.579105425664266,CLEC7A;CD14,0.4447520294983759,0,0
Severity_positive_FDR005,drug repositioning,981,chlorpromazine,0.2730544838638846,3.2108843537414966,4.167997377843627,HTR2B,0.4447520294983759,0,0
Severity_positive_FDR005,drug repositioning,982,Cabozantinib FDA,0.2730544838638846,3.2108843537414966,4.167997377843627,MUSK,0.4447520294983759,0,0
Severity_positive_FDR005,drug repositioning,983,(+)-chelidonine HL60 DOWN,0.2730544838638846,3.2108843537414966,4.167997377843627,PLEK,0.4447520294983759,0,0
Severity_positive_FDR005,drug repositioning,984,STOCK1N-35696 MCF7 UP,0.2730544838638846,3.2108843537414966,4.167997377843627,ATF3,0.4447520294983759,0,0
Severity_positive_FDR005,drug repositioning,985,caffeic acid BOSS,0.2730544838638846,3.2108843537414966,4.167997377843627,ICAM1,0.4447520294983759,0,0
Severity_positive_FDR005,drug repositioning,986,mycophenolic acid CTD 00006358,0.2730544838638846,3.2108843537414966,4.167997377843627,FOS,0.4447520294983759,0,0
Severity_positive_FDR005,drug repositioning,987,COPPER CTD 00005706,0.2742857936591304,1.2389316575019638,1.6026630038237883,FZD4;ANXA3;SERPINE1;FOS;CXCL2;ICAM1;GLIPR1;P2RY6;CCL5;LPXN;IL7R;ATF3;ASF1B,0.4463049489529518,0,0
Severity_positive_FDR005,drug repositioning,988,Chalcone BOSS,0.2776821500910924,3.1465079365079367,4.0315519131749555,ICAM1,0.4491012417384636,0,0
Severity_positive_FDR005,drug repositioning,989,oleic acid CTD 00007269,0.2776821500910924,3.1465079365079367,4.0315519131749555,SERPINE1,0.4491012417384636,0,0
Severity_positive_FDR005,drug repositioning,990,haloperidol CTD 00006071,0.2776821500910924,3.1465079365079367,4.0315519131749555,HTR2B,0.4491012417384636,0,0
Severity_positive_FDR005,drug repositioning,991,MK 886 CTD 00002517,0.2776821500910924,3.1465079365079367,4.0315519131749555,ALOX5AP,0.4491012417384636,0,0
Severity_positive_FDR005,drug repositioning,992,budesonide CTD 00007317,0.2776821500910924,3.1465079365079367,4.0315519131749555,CCL5,0.4491012417384636,0,0
Severity_positive_FDR005,drug repositioning,993,clofibrate CTD 00005684,0.2776821500910924,3.1465079365079367,4.0315519131749555,CD14,0.4491012417384636,0,0
Severity_positive_FDR005,drug repositioning,994,isoetarine HL60 UP,0.2822805874395512,3.0846560846560847,3.9016386983005886,TIMP1,0.4537964198477671,0,0
Severity_positive_FDR005,drug repositioning,995,pararosaniline MCF7 UP,0.2822805874395512,3.0846560846560847,3.9016386983005886,ATF3,0.4537964198477671,0,0
Severity_positive_FDR005,drug repositioning,996,securinine PC3 UP,0.2822805874395512,3.0846560846560847,3.9016386983005886,ATF3,0.4537964198477671,0,0
Severity_positive_FDR005,drug repositioning,997,isoflurane BOSS,0.2822805874395512,3.0846560846560847,3.9016386983005886,ICAM1,0.4537964198477671,0,0
Severity_positive_FDR005,drug repositioning,998,norepinephrine CTD 00006417,0.2822805874395512,3.0846560846560847,3.9016386983005886,CCL5,0.4537964198477671,0,0
Severity_positive_FDR005,drug repositioning,999,Corilagin TTD 00007282,0.2822805874395512,3.0846560846560847,3.9016386983005886,TNNT2,0.4537964198477671,0,0
Severity_positive_FDR005,drug repositioning,1000,prochlorperazine,0.2868499791302593,3.02518315018315,3.777836377286274,HTR2B,0.4579334656890621,0,0
Severity_positive_FDR005,drug repositioning,1001,alprostadil PC3 UP,0.2868499791302593,3.02518315018315,3.777836377286274,CXCL2,0.4579334656890621,0,0
Severity_positive_FDR005,drug repositioning,1002,ellipticine MCF7 UP,0.2868499791302593,3.02518315018315,3.777836377286274,ATF3,0.4579334656890621,0,0
Severity_positive_FDR005,drug repositioning,1003,pyrvinium PC3 UP,0.2868499791302593,3.02518315018315,3.777836377286274,ATF3,0.4579334656890621,0,0
Severity_positive_FDR005,drug repositioning,1004,Melitten CTD 00006261,0.2868499791302593,3.02518315018315,3.777836377286274,ICAM1,0.4579334656890621,0,0
Severity_positive_FDR005,drug repositioning,1005,HELENALIN CTD 00000035,0.2868499791302593,3.02518315018315,3.777836377286274,ICAM1,0.4579334656890621,0,0
Severity_positive_FDR005,drug repositioning,1006,"Cyclohexanecarboxamide, 4-(1-aminoethyl)-N-4-pyridinyl-, trans- CTD 00003513",0.2868499791302593,3.02518315018315,3.777836377286274,ICAM1,0.4579334656890621,0,0
Severity_positive_FDR005,drug repositioning,1007,digoxigenin PC3 UP,0.2904082388867739,1.616756578223054,1.9990671674675824,FOS;CXCL2;ATF3,0.461057295127141,0,0
Severity_positive_FDR005,drug repositioning,1008,Coxistac CTD 00000539,0.2913146656485115,1.888,2.328567199212001,IGFBP7;ATF3,0.461057295127141,0,0
Severity_positive_FDR005,drug repositioning,1009,HKI-272 Kinome Scan,0.2913905071943014,2.9679544773884396,3.659757842580537,CSF1R,0.461057295127141,0,0
Severity_positive_FDR005,drug repositioning,1010,ethaverine HL60 DOWN,0.2913905071943014,2.9679544773884396,3.659757842580537,ATF3,0.461057295127141,0,0
Severity_positive_FDR005,drug repositioning,1011,trimipramine PC3 UP,0.2913905071943014,2.9679544773884396,3.659757842580537,ATF3,0.461057295127141,0,0
Severity_positive_FDR005,drug repositioning,1012,"1,10-phenanthroline BOSS",0.2913905071943014,2.9679544773884396,3.659757842580537,TNNT2,0.461057295127141,0,0
Severity_positive_FDR005,drug repositioning,1013,CHEBI:18224 CTD 00001728,0.2913905071943014,2.9679544773884396,3.659757842580537,ATF3,0.461057295127141,0,0
Severity_positive_FDR005,drug repositioning,1014,"3,3',4,4'-Tetrachlorobiphenyl CTD 00001342",0.2913905071943014,2.9679544773884396,3.659757842580537,GPR65,0.461057295127141,0,0
Severity_positive_FDR005,drug repositioning,1015,hyoscyamine CTD 00005451,0.2913905071943014,2.9679544773884396,3.659757842580537,FOS,0.461057295127141,0,0
Severity_positive_FDR005,drug repositioning,1016,3-methylcholanthrene CTD 00006310,0.2921381835130062,1.6111751152073732,1.9825966680699785,SERPINE1;MS4A7;TIMP1,0.4617853570097323,0,0
Severity_positive_FDR005,drug repositioning,1017,JAK3 Inhibitor VI RBC,0.2959023524817266,2.9128453850676075,3.547046887524031,MUSK,0.4645348759390546,0,0
Severity_positive_FDR005,drug repositioning,1018,atovaquone HL60 DOWN,0.2959023524817266,2.9128453850676075,3.547046887524031,ATF3,0.4645348759390546,0,0
Severity_positive_FDR005,drug repositioning,1019,Methoprene BOSS,0.2959023524817266,2.9128453850676075,3.547046887524031,ITGB2,0.4645348759390546,0,0
Severity_positive_FDR005,drug repositioning,1020,Rosuvastatin BOSS,0.2959023524817266,2.9128453850676075,3.547046887524031,ICAM1,0.4645348759390546,0,0
Severity_positive_FDR005,drug repositioning,1021,azathioprine CTD 00005457,0.2959023524817266,2.9128453850676075,3.547046887524031,FOS,0.4645348759390546,0,0
Severity_positive_FDR005,drug repositioning,1022,INDIRUBIN-3'-MONOXIME CTD 00004181,0.2959023524817266,2.9128453850676075,3.547046887524031,SERPINE1,0.4645348759390546,0,0
Severity_positive_FDR005,drug repositioning,1023,fluoride CTD 00005982,0.2959023524817266,2.9128453850676075,3.547046887524031,IL18R1,0.4645348759390546,0,0
Severity_positive_FDR005,drug repositioning,1024,AZ-628 LINCS,0.3003856947752993,2.85974025974026,3.439375238640294,CSF1R,0.4692795970905941,0,0
Severity_positive_FDR005,drug repositioning,1025,5707885 MCF7 UP,0.3003856947752993,2.85974025974026,3.439375238640294,ATF3,0.4692795970905941,0,0
Severity_positive_FDR005,drug repositioning,1026,CAPECITABINE CTD 00003557,0.3003856947752993,2.85974025974026,3.439375238640294,RRAS2,0.4692795970905941,0,0
Severity_positive_FDR005,drug repositioning,1027,LITHIUM CTD 00006220,0.3003856947752993,2.85974025974026,3.439375238640294,FOS,0.4692795970905941,0,0
Severity_positive_FDR005,drug repositioning,1028,pentachlorophenol CTD 00006479,0.3003856947752993,2.85974025974026,3.439375238640294,FOS,0.4692795970905941,0,0
Severity_positive_FDR005,drug repositioning,1029,anisomycin HL60 UP,0.3008664955500466,1.2615375409517255,1.5152184207285249,PTPRC;GPR65;C3AR1;LPXN;FOS;IL2RG;CYTIP;CXCL2;ATF3,0.469573947379373,0,0
Severity_positive_FDR005,drug repositioning,1030,miconazole,0.3048407126922924,2.808531746031746,3.336439921627669,HTR2B,0.4739343510007954,0,0
Severity_positive_FDR005,drug repositioning,1031,"1,4-chrysenequinone PC3 DOWN",0.3048407126922924,2.808531746031746,3.336439921627669,FZD4,0.4739343510007954,0,0
Severity_positive_FDR005,drug repositioning,1032,FERROUS SULFATE CTD 00001009,0.3048407126922924,2.808531746031746,3.336439921627669,CXCL13,0.4739343510007954,0,0
Severity_positive_FDR005,drug repositioning,1033,orlistat CTD 00002339,0.3048407126922924,2.808531746031746,3.336439921627669,TNNT2,0.4739343510007954,0,0
Severity_positive_FDR005,drug repositioning,1034,chrysin HL60 DOWN,0.3092675837759564,2.759120022277917,3.2379609148811213,GLIPR1,0.4785007124703141,0,0
Severity_positive_FDR005,drug repositioning,1035,prochlorperazine MCF7 UP,0.3092675837759564,2.759120022277917,3.2379609148811213,ATF3,0.4785007124703141,0,0
Severity_positive_FDR005,drug repositioning,1036,Tyrphostin B42 CTD 00003234,0.3092675837759564,2.759120022277917,3.2379609148811213,ICAM1,0.4785007124703141,0,0
Severity_positive_FDR005,drug repositioning,1037,alpha-Tocopherol CTD 00007387,0.3092675837759564,2.759120022277917,3.2379609148811213,ICAM1,0.4785007124703141,0,0
Severity_positive_FDR005,drug repositioning,1038,Salazinic acid TTD 00010778,0.3092675837759564,2.759120022277917,3.2379609148811213,TNNT2,0.4785007124703141,0,0
Severity_positive_FDR005,drug repositioning,1039,mitomycin C CTD 00007136,0.3112096089816981,1.5521946060285563,1.8118590840647613,LGALS3;SERPINE1;FOS,0.4810419942489001,0,0
Severity_positive_FDR005,drug repositioning,1040,lovastatin BOSS,0.3136664845009534,2.7114121510673237,3.1436790571852447,ICAM1,0.4825175997208154,0,0
Severity_positive_FDR005,drug repositioning,1041,TOPOTECAN HYDROCHLORIDE BOSS,0.3136664845009534,2.7114121510673237,3.1436790571852447,TNNT2,0.4825175997208154,0,0
Severity_positive_FDR005,drug repositioning,1042,DL-Homocysteine CTD 00006102,0.3136664845009534,2.7114121510673237,3.1436790571852447,CCL5,0.4825175997208154,0,0
Severity_positive_FDR005,drug repositioning,1043,Caffeic acid phenethyl ester CTD 00002352,0.3136664845009534,2.7114121510673237,3.1436790571852447,CD14,0.4825175997208154,0,0
Severity_positive_FDR005,drug repositioning,1044,PONATINIB CTD 00004976,0.3136664845009534,2.7114121510673237,3.1436790571852447,CSF1R,0.4825175997208154,0,0
Severity_positive_FDR005,drug repositioning,1045,GEMCITABINE HYDROCHLORIDE BOSS,0.3147355329389247,1.7804293785310734,2.058216547245975,IL2RG;ICAM1,0.483698819042979,0,0
Severity_positive_FDR005,drug repositioning,1046,4-Hydroxytamoxifen CTD 00000850,0.315840016916007,1.360853249061821,1.568409864238207,CEBPD;TNNT2;FOS;IL7R;ATF3,0.4849321865842326,0,0
Severity_positive_FDR005,drug repositioning,1047,7646-79-9 CTD 00000928,0.3162892348020112,1.1459015376984127,1.3190451791109206,CD93;FZD4;ANXA3;GPR65;SERPINE1;RRAS2;CXCL1;FOS;FYB;ICAM1;GLIPR1;CLEC4D;TMEM98;PRKAR2A;GIPC2;PXMP2;ARHGDIB;IGFBP7;ATF3;MDFI;IL18R1;ASF1B,0.485158081272235,0,0
Severity_positive_FDR005,drug repositioning,1048,histamine BOSS,0.3170695627264968,1.7703370786516854,2.0334695164993373,CCL5;ICAM1,0.4858909520407957,0,0
Severity_positive_FDR005,drug repositioning,1049,albendazole CTD 00007095,0.318037590083319,2.6653214958299705,3.053354179208369,ICAM1,0.4864460663560099,0,0
Severity_positive_FDR005,drug repositioning,1050,scriptaid CTD 00003819,0.318037590083319,2.6653214958299705,3.053354179208369,SERPINE1,0.4864460663560099,0,0
Severity_positive_FDR005,drug repositioning,1051,folic acid BOSS,0.3194018293879939,1.7603575418994413,2.0091054199984515,BHMT;ICAM1,0.4880678763055358,0,0
Severity_positive_FDR005,drug repositioning,1052,kojic acid CTD 00000624,0.3198952295254749,1.5267689906347557,1.7401528882615036,CEBPD;CYTIP;MDFI,0.4880702900866288,0,0
Severity_positive_FDR005,drug repositioning,1053,bilirubin BOSS,0.3217322615462076,1.750488888888889,1.9851166564790248,CD53;ICAM1,0.4880702900866288,0,0
Severity_positive_FDR005,drug repositioning,1054,vanoxerine MCF7 UP,0.3223810748479812,2.6207671957671956,2.9667634254981174,ATF3,0.4880702900866288,0,0
Severity_positive_FDR005,drug repositioning,1055,indocyanine green BOSS,0.3223810748479812,2.6207671957671956,2.9667634254981174,TNNT2,0.4880702900866288,0,0
Severity_positive_FDR005,drug repositioning,1056,Sodium dodecyl sulfate BOSS,0.3223810748479812,2.6207671957671956,2.9667634254981174,CD53,0.4880702900866288,0,0
Severity_positive_FDR005,drug repositioning,1057,Propranolol hydrochloride BOSS,0.3223810748479812,2.6207671957671956,2.9667634254981174,ICAM1,0.4880702900866288,0,0
Severity_positive_FDR005,drug repositioning,1058,"1h-pyrazolo[3,4-d]pyrimidine CTD 00000742",0.3223810748479812,2.6207671957671956,2.9667634254981174,CXCL2,0.4880702900866288,0,0
Severity_positive_FDR005,drug repositioning,1059,DEOXYCHOLIC ACID CTD 00005765,0.3223810748479812,2.6207671957671956,2.9667634254981174,ICAM1,0.4880702900866288,0,0
Severity_positive_FDR005,drug repositioning,1060,benzbromarone CTD 00005480,0.3223810748479812,2.6207671957671956,2.9667634254981174,TNNT2,0.4880702900866288,0,0
Severity_positive_FDR005,drug repositioning,1061,Velcade(Bortezomib) BOSS,0.3240607888671067,1.7407292817679558,1.961495812156948,ATF3;PSMB8,0.4880702900866288,0,0
Severity_positive_FDR005,drug repositioning,1062,metronidazole PC3 UP,0.3252711116570108,1.2151018965720344,1.364676389096298,CD84;IGSF6;GPR65;NCKAP1L;CD14;CXCL13;SLC15A3;PRSS22;IL18R1;FYB,0.4880702900866288,0,0
Severity_positive_FDR005,drug repositioning,1063,KW-2449 Kinome Scan,0.326387341938318,1.7310769230769232,1.9382356557564744,CSF1R;MUSK,0.4880702900866288,0,0
Severity_positive_FDR005,drug repositioning,1064,ellagic acid BOSS,0.326387341938318,1.7310769230769232,1.9382356557564744,TNNT2;ICAM1,0.4880702900866288,0,0
Severity_positive_FDR005,drug repositioning,1065,Melatonin BOSS,0.326387341938318,1.7310769230769232,1.9382356557564744,HTR2B;ICAM1,0.4880702900866288,0,0
Severity_positive_FDR005,drug repositioning,1066,ZEARALENONE CTD 00007008,0.326387341938318,1.7310769230769232,1.9382356557564744,CEBPD;PRKAR2A,0.4880702900866288,0,0
Severity_positive_FDR005,drug repositioning,1067,nocodazole MCF7 UP,0.3266971119820211,2.577673692427791,2.883699753994032,ATF3,0.4880702900866288,0,0
Severity_positive_FDR005,drug repositioning,1068,troglitazone PC3 UP,0.3266971119820211,2.577673692427791,2.883699753994032,ATF3,0.4880702900866288,0,0
Severity_positive_FDR005,drug repositioning,1069,dipyridamole BOSS,0.3266971119820211,2.577673692427791,2.883699753994032,TNNT2,0.4880702900866288,0,0
Severity_positive_FDR005,drug repositioning,1070,thimerosal BOSS,0.3266971119820211,2.577673692427791,2.883699753994032,TNNT2,0.4880702900866288,0,0
Severity_positive_FDR005,drug repositioning,1071,Ademetionine BOSS,0.3266971119820211,2.577673692427791,2.883699753994032,BHMT,0.4880702900866288,0,0
Severity_positive_FDR005,drug repositioning,1072,Lead dichloride CTD 00001407,0.3266971119820211,2.577673692427791,2.883699753994032,CCL5,0.4880702900866288,0,0
Severity_positive_FDR005,drug repositioning,1073,caffeic acid CTD 00001850,0.3266971119820211,2.577673692427791,2.883699753994032,CXCL2,0.4880702900866288,0,0
Severity_positive_FDR005,drug repositioning,1074,Chromium(III) oxide CTD 00001091,0.3266971119820211,2.577673692427791,2.883699753994032,IGFBP7,0.4880702900866288,0,0
Severity_positive_FDR005,drug repositioning,1075,dopamine CTD 00005870,0.3266971119820211,2.577673692427791,2.883699753994032,FOS,0.4880702900866288,0,0
Severity_positive_FDR005,drug repositioning,1076,Sunitinib Kinome Scan,0.3287118522094463,1.721530054644809,1.9153291333636064,CSF1R;MUSK,0.4881919274562181,0,0
Severity_positive_FDR005,drug repositioning,1077,15-delta prostaglandin J2 HL60 UP,0.3287118522094463,1.721530054644809,1.9153291333636064,CD84;CXCL2,0.4881919274562181,0,0
Severity_positive_FDR005,drug repositioning,1078,IRON BOSS,0.3287118522094463,1.721530054644809,1.9153291333636064,CD68;ICAM1,0.4881919274562181,0,0
Severity_positive_FDR005,drug repositioning,1079,WZ4002 LINCS,0.3309858734882592,2.5359703020993343,2.8039705856159034,CSF1R,0.4881919274562181,0,0
Severity_positive_FDR005,drug repositioning,1080,H-7 MCF7 UP,0.3309858734882592,2.5359703020993343,2.8039705856159034,PRKAR2A,0.4881919274562181,0,0
Severity_positive_FDR005,drug repositioning,1081,dequalinium chloride HL60 DOWN,0.3309858734882592,2.5359703020993343,2.8039705856159034,ATF3,0.4881919274562181,0,0
Severity_positive_FDR005,drug repositioning,1082,etynodiol HL60 UP,0.3309858734882592,2.5359703020993343,2.8039705856159034,CEBPD,0.4881919274562181,0,0
Severity_positive_FDR005,drug repositioning,1083,orciprenaline PC3 UP,0.3309858734882592,2.5359703020993343,2.8039705856159034,CXCL2,0.4881919274562181,0,0
Severity_positive_FDR005,drug repositioning,1084,resveratrol MCF7 UP,0.3309858734882592,2.5359703020993343,2.8039705856159034,ATF3,0.4881919274562181,0,0
Severity_positive_FDR005,drug repositioning,1085,Telmisartan BOSS,0.3309858734882592,2.5359703020993343,2.8039705856159034,ICAM1,0.4881919274562181,0,0
Severity_positive_FDR005,drug repositioning,1086,Dibenziodolium CTD 00000351,0.3309858734882592,2.5359703020993343,2.8039705856159034,ICAM1,0.4881919274562181,0,0
Severity_positive_FDR005,drug repositioning,1087,digoxin CTD 00005825,0.3309858734882592,2.5359703020993343,2.8039705856159034,CCL5,0.4881919274562181,0,0
Severity_positive_FDR005,drug repositioning,1088,T0901317 CTD 00003912,0.3309858734882592,2.5359703020993343,2.8039705856159034,ICAM1,0.4881919274562181,0,0
Severity_positive_FDR005,drug repositioning,1089,methane BOSS,0.3310342521792164,1.7120869565217391,1.8927693621715187,PTPRC;ICAM1,0.4881919274562181,0,0
Severity_positive_FDR005,drug repositioning,1090,strophanthidin PC3 UP,0.3333407106536782,1.3878674171357095,1.5246974836196627,GLIPR1;FOS;CXCL2;ATF3,0.4890168337256917,0,0
Severity_positive_FDR005,drug repositioning,1091,Sunitinib FDA,0.333354475205675,1.702745945945946,1.870549626408528,CSF1R;MUSK,0.4890168337256917,0,0
Severity_positive_FDR005,drug repositioning,1092,Imatinib mesylate BOSS,0.333354475205675,1.702745945945946,1.870549626408528,CSF1R;PTPRC,0.4890168337256917,0,0
Severity_positive_FDR005,drug repositioning,1093,PHA-665752 Kinome Scan,0.3352475304682357,2.495590828924162,2.727396585834142,CSF1R,0.4890168337256917,0,0
Severity_positive_FDR005,drug repositioning,1094,JWE-035 LINCS,0.3352475304682357,2.495590828924162,2.727396585834142,CSF1R,0.4890168337256917,0,0
Severity_positive_FDR005,drug repositioning,1095,JNK-9L LINCS,0.3352475304682357,2.495590828924162,2.727396585834142,CSF1R,0.4890168337256917,0,0
Severity_positive_FDR005,drug repositioning,1096,succinic acid BOSS,0.3352475304682357,2.495590828924162,2.727396585834142,CLEC4D,0.4890168337256917,0,0
Severity_positive_FDR005,drug repositioning,1097,mycophenolate mofetil BOSS,0.3352475304682357,2.495590828924162,2.727396585834142,ICAM1,0.4890168337256917,0,0
Severity_positive_FDR005,drug repositioning,1098,ionomycin BOSS,0.3352475304682357,2.495590828924162,2.727396585834142,CCL5,0.4890168337256917,0,0
Severity_positive_FDR005,drug repositioning,1099,FCCP CTD 00005590,0.3352475304682357,2.495590828924162,2.727396585834142,SERPINE1,0.4890168337256917,0,0
Severity_positive_FDR005,drug repositioning,1100,QUINOLINE CTD 00001749,0.3352475304682357,2.495590828924162,2.727396585834142,LGALS3,0.4890168337256917,0,0
Severity_positive_FDR005,drug repositioning,1101,enoxaparin CTD 00006081,0.3352475304682357,2.495590828924162,2.727396585834142,FOS,0.4890168337256917,0,0
Severity_positive_FDR005,drug repositioning,1102,etoposide CTD 00005948,0.3362243146322203,1.3816512782195656,1.5059677542470524,LGALS3;ARHGDIB;IGFBP7;FOS,0.4899965964603863,0,0
Severity_positive_FDR005,drug repositioning,1103,Prestwick-983 HL60 UP,0.3379881285464898,1.6843636363636365,1.8271042019308328,TIMP1;FOS,0.4911788269439719,0,0
Severity_positive_FDR005,drug repositioning,1104,hydrogen peroxide BOSS,0.3379881285464898,1.6843636363636365,1.8271042019308328,PTPRC;ICAM1,0.4911788269439719,0,0
Severity_positive_FDR005,drug repositioning,1105,Superoxide BOSS,0.3379881285464898,1.6843636363636365,1.8271042019308328,ITGB2;ICAM1,0.4911788269439719,0,0
Severity_positive_FDR005,drug repositioning,1106,digoxin MCF7 UP,0.3390113955229805,1.4736207416340066,1.594047323148329,FOS;PRSS22;ATF3,0.4911788269439719,0,0
Severity_positive_FDR005,drug repositioning,1107,15-delta prostaglandin J2 PC3 UP,0.3394822527445883,2.4564732142857144,2.653810570628963,ATF3,0.4911788269439719,0,0
Severity_positive_FDR005,drug repositioning,1108,papaverine HL60 DOWN,0.3394822527445883,2.4564732142857144,2.653810570628963,C3AR1,0.4911788269439719,0,0
Severity_positive_FDR005,drug repositioning,1109,DL-Mevalonic acid CTD 00006329,0.3394822527445883,2.4564732142857144,2.653810570628963,ICAM1,0.4911788269439719,0,0
Severity_positive_FDR005,drug repositioning,1110,Mangiferin CTD 00000713,0.3394822527445883,2.4564732142857144,2.653810570628963,ICAM1,0.4911788269439719,0,0
Severity_positive_FDR005,drug repositioning,1111,D-Norepinephrine d-bitartrate BOSS,0.3403014301393415,1.6753191489361705,1.8058658720943197,HTR2B;ICAM1,0.4914785043199483,0,0
Severity_positive_FDR005,drug repositioning,1112,cholesterol BOSS,0.3403014301393415,1.6753191489361705,1.8058658720943197,CD68;ICAM1,0.4914785043199483,0,0
Severity_positive_FDR005,drug repositioning,1113,phenoxybenzamine MCF7 UP,0.3426122974008599,1.6663703703703705,1.784942286164506,FOS;ATF3,0.4932676283882468,0,0
Severity_positive_FDR005,drug repositioning,1114,Insulin BOSS,0.3426122974008599,1.6663703703703705,1.784942286164506,ITGB2;ICAM1,0.4932676283882468,0,0
Severity_positive_FDR005,drug repositioning,1115,Nilotinib,0.3436902093190835,2.4185592185592184,2.5830565120206814,CSF1R,0.4932676283882468,0,0
Severity_positive_FDR005,drug repositioning,1116,luteolin PC3 DOWN,0.3436902093190835,2.4185592185592184,2.5830565120206814,SERPINE1,0.4932676283882468,0,0
Severity_positive_FDR005,drug repositioning,1117,syrosingopine PC3 UP,0.3436902093190835,2.4185592185592184,2.5830565120206814,CXCL2,0.4932676283882468,0,0
Severity_positive_FDR005,drug repositioning,1118,Melatonin CTD 00006260,0.3436902093190835,2.4185592185592184,2.5830565120206814,HTR2B,0.4932676283882468,0,0
Severity_positive_FDR005,drug repositioning,1119,h-89 CTD 00002586,0.3436902093190835,2.4185592185592184,2.5830565120206814,FOS,0.4932676283882468,0,0
Severity_positive_FDR005,drug repositioning,1120,Torcetrapib CTD 00004291,0.3442220818344163,1.459752090800478,1.5567792477576017,GLIPR1;FOS;ATF3,0.4935898780589934,0,0
Severity_positive_FDR005,drug repositioning,1121,dihydroergocristine HL60 DOWN,0.3449206682266927,1.6575157894736845,1.7643274919040592,ANXA3;IGFBP7,0.4937099760891876,0,0
Severity_positive_FDR005,drug repositioning,1122,Phetharbital BOSS,0.3449206682266927,1.6575157894736845,1.7643274919040592,ITGB2;CD68,0.4937099760891876,0,0
Severity_positive_FDR005,drug repositioning,1123,digitoxigenin MCF7 UP,0.345958368773822,1.4551861042183625,1.5445881293437258,FOS;PRSS22;ATF3,0.4947543546311292,0,0
Severity_positive_FDR005,drug repositioning,1124,diazepam BOSS,0.347226481299651,1.6487539267015707,1.7440156773756896,PTPRC;ICAM1,0.4948465351129409,0,0
Severity_positive_FDR005,drug repositioning,1125,"Angiotensin II, human BOSS",0.347226481299651,1.6487539267015707,1.7440156773756896,PTPRC;ICAM1,0.4948465351129409,0,0
Severity_positive_FDR005,drug repositioning,1126,Simvastatin and niacin BOSS,0.347226481299651,1.6487539267015707,1.7440156773756896,ITGB2;ICAM1,0.4948465351129409,0,0
Severity_positive_FDR005,drug repositioning,1127,Clopidogrel bisulfate BOSS,0.3478715679592218,2.381794131794132,2.5149886443944003,ICAM1,0.4948465351129409,0,0
Severity_positive_FDR005,drug repositioning,1128,thalidomide BOSS,0.3478715679592218,2.381794131794132,2.5149886443944003,ICAM1,0.4948465351129409,0,0
Severity_positive_FDR005,drug repositioning,1129,ketamine BOSS,0.3478715679592218,2.381794131794132,2.5149886443944003,ICAM1,0.4948465351129409,0,0
Severity_positive_FDR005,drug repositioning,1130,R406 LINCS,0.3495296762925732,1.6400833333333331,1.7240011659697578,CSF1R;MUSK,0.4958875089451171,0,0
Severity_positive_FDR005,drug repositioning,1131,furosemide BOSS,0.3495296762925732,1.6400833333333331,1.7240011659697578,ITGB2;ICAM1,0.4958875089451171,0,0
Severity_positive_FDR005,drug repositioning,1132,Aizen uranine BOSS,0.3495296762925732,1.6400833333333331,1.7240011659697578,PTPRC;ICAM1,0.4958875089451171,0,0
Severity_positive_FDR005,drug repositioning,1133,hycanthone MCF7 UP,0.3520264954917118,2.3461265103056146,2.4494706496911953,ATF3,0.4972335547578621,0,0
Severity_positive_FDR005,drug repositioning,1134,lomustine MCF7 UP,0.3520264954917118,2.3461265103056146,2.4494706496911953,ATF3,0.4972335547578621,0,0
Severity_positive_FDR005,drug repositioning,1135,5-azacytidine BOSS,0.3520264954917118,2.3461265103056146,2.4494706496911953,PTPRC,0.4972335547578621,0,0
Severity_positive_FDR005,drug repositioning,1136,Calcifediol BOSS,0.3520264954917118,2.3461265103056146,2.4494706496911953,ICAM1,0.4972335547578621,0,0
Severity_positive_FDR005,drug repositioning,1137,gossypol CTD 00006052,0.3520264954917118,2.3461265103056146,2.4494706496911953,CXCL1,0.4972335547578621,0,0
Severity_positive_FDR005,drug repositioning,1138,apigenin HL60 UP,0.3541279746938051,1.6230103092783503,1.684842004396061,HTR2B;RRAS2,0.4988855503142553,0,0
Severity_positive_FDR005,drug repositioning,1139,sanguinarine MCF7 UP,0.3541279746938051,1.6230103092783503,1.684842004396061,FOS;ATF3,0.4988855503142553,0,0
Severity_positive_FDR005,drug repositioning,1140,water BOSS,0.3541279746938051,1.6230103092783503,1.684842004396061,CCL5;ICAM1,0.4988855503142553,0,0
Severity_positive_FDR005,drug repositioning,1141,dipyridamole,0.3561551576869073,2.3115079365079363,2.386374920664935,TNNT2,0.4990542949583442,0,0
Severity_positive_FDR005,drug repositioning,1142,tamoxifen,0.3561551576869073,2.3115079365079363,2.386374920664935,HTR2B,0.4990542949583442,0,0
Severity_positive_FDR005,drug repositioning,1143,disulfiram MCF7 UP,0.3561551576869073,2.3115079365079363,2.386374920664935,ATF3,0.4990542949583442,0,0
Severity_positive_FDR005,drug repositioning,1144,Benz[a]anthracene CTD 00001470,0.3561551576869073,2.3115079365079363,2.386374920664935,TIMP1,0.4990542949583442,0,0
Severity_positive_FDR005,drug repositioning,1145,"Staurosporine, Streptomyces sp. RBC",0.3564229615922919,1.614605128205128,1.6656866473608012,CSF1R;MUSK,0.4990542949583442,0,0
Severity_positive_FDR005,drug repositioning,1146,LAMININ BOSS,0.3564229615922919,1.614605128205128,1.6656866473608012,CD53;ICAM1,0.4990542949583442,0,0
Severity_positive_FDR005,drug repositioning,1147,11-cis-Retinal BOSS,0.3564229615922919,1.614605128205128,1.6656866473608012,PTPRC;ICAM1,0.4990542949583442,0,0
Severity_positive_FDR005,drug repositioning,1148,Bisulfite BOSS,0.3587150973462489,1.6062857142857143,1.6468071728117464,CXCL1;ICAM1,0.5018261727683586,0,0
Severity_positive_FDR005,drug repositioning,1149,clotrimazole CTD 00005691,0.3602577192649719,2.27789279963193,2.3255818904183614,FOS,0.5022342857114106,0,0
Severity_positive_FDR005,drug repositioning,1150,170449-18-0 CTD 00003361,0.3602577192649719,2.27789279963193,2.3255818904183614,FOS,0.5022342857114106,0,0
Severity_positive_FDR005,drug repositioning,1151,ritonavir CTD 00007290,0.3602577192649719,2.27789279963193,2.3255818904183614,FOS,0.5022342857114106,0,0
Severity_positive_FDR005,drug repositioning,1152,purpurogallin TTD 00010394,0.3602577192649719,2.27789279963193,2.3255818904183614,TNNT2,0.5022342857114106,0,0
Severity_positive_FDR005,drug repositioning,1153,clozapine BOSS,0.364334343914416,2.2452380952380953,2.2669794220745736,HTR2B,0.5070372238531649,0,0
Severity_positive_FDR005,drug repositioning,1154,Perfluorooctanesulfonic acid CTD 00002876,0.364334343914416,2.2452380952380953,2.2669794220745736,ICAM1,0.5070372238531649,0,0
Severity_positive_FDR005,drug repositioning,1155,L-thyroxine BOSS,0.3655738399407425,1.5818291457286433,1.5917740988210556,PTPRC;CD68,0.5083217202985563,0,0
Severity_positive_FDR005,drug repositioning,1156,0297417-0002B PC3 DOWN,0.3683851943066601,2.213503241672256,2.210462252532142,ASF1B,0.5106021932639018,0,0
Severity_positive_FDR005,drug repositioning,1157,TBTO CTD 00000264,0.3683851943066601,2.213503241672256,2.210462252532142,ATF3,0.5106021932639018,0,0
Severity_positive_FDR005,drug repositioning,1158,PARAOXON CTD 00006470,0.3683851943066601,2.213503241672256,2.210462252532142,FOS,0.5106021932639018,0,0
Severity_positive_FDR005,drug repositioning,1159,medrysone HL60 UP,0.3684856425858419,1.39828688681046,1.3959846492418806,CCRL2;C3AR1;FYB,0.5106021932639018,0,0
Severity_positive_FDR005,drug repositioning,1160,R406 Kinome Scan,0.3701310708866821,1.5659303482587064,1.5563751828875374,CSF1R;MUSK,0.5119987078759789,0,0
Severity_positive_FDR005,drug repositioning,1161,Vitamin D3 BOSS,0.3701310708866821,1.5659303482587064,1.5563751828875374,CCL5;ICAM1,0.5119987078759789,0,0
Severity_positive_FDR005,drug repositioning,1162,TAE-684 Kinome Scan,0.3724049482492262,1.5580990099009902,1.539048828546071,CSF1R;MUSK,0.513816449216716,0,0
Severity_positive_FDR005,drug repositioning,1163,HG-14-10-04 LINCS,0.3724049482492262,1.5580990099009902,1.539048828546071,CSF1R;MUSK,0.513816449216716,0,0
Severity_positive_FDR005,drug repositioning,1164,temozolomide CTD 00002088,0.3724049482492262,1.5580990099009902,1.539048828546071,CXCL1;CXCL2,0.513816449216716,0,0
Severity_positive_FDR005,drug repositioning,1165,protoporphyrin IX BOSS,0.3764102180503715,2.152641878669276,2.1032941239498313,TNNT2,0.5180075494335019,0,0
Severity_positive_FDR005,drug repositioning,1166,ns-398 CTD 00002958,0.3764102180503715,2.152641878669276,2.1032941239498313,TIMP1,0.5180075494335019,0,0
Severity_positive_FDR005,drug repositioning,1167,rottlerin CTD 00003057,0.3764102180503715,2.152641878669276,2.1032941239498313,FOS,0.5180075494335019,0,0
Severity_positive_FDR005,drug repositioning,1168,BX-912 LINCS,0.3769429696282025,1.5426666666666666,1.5051202845188365,CSF1R;MUSK,0.5182965832387785,0,0
Severity_positive_FDR005,drug repositioning,1169,methylprednisolone BOSS,0.3803847117087205,2.1234448734448734,2.0524626537112076,ICAM1,0.5216890239147781,0,0
Severity_positive_FDR005,drug repositioning,1170,propofol BOSS,0.3803847117087205,2.1234448734448734,2.0524626537112076,ICAM1,0.5216890239147781,0,0
Severity_positive_FDR005,drug repositioning,1171,TOSYLPHENYLALANYL CHLOROMETHYL KETONE CTD 00006910,0.3803847117087205,2.1234448734448734,2.0524626537112076,ICAM1,0.5216890239147781,0,0
Severity_positive_FDR005,drug repositioning,1172,tanespimycin HL60 UP,0.384334071865397,2.095026455026455,2.003354645968289,CD84,0.5248643872583568,0,0
Severity_positive_FDR005,drug repositioning,1173,withaferin A MCF7 UP,0.384334071865397,2.095026455026455,2.003354645968289,ATF3,0.5248643872583568,0,0
Severity_positive_FDR005,drug repositioning,1174,epoprostenol BOSS,0.384334071865397,2.095026455026455,2.003354645968289,ICAM1,0.5248643872583568,0,0
Severity_positive_FDR005,drug repositioning,1175,AC1L1FUW CTD 00002630,0.384334071865397,2.095026455026455,2.003354645968289,IL2RG,0.5248643872583568,0,0
Severity_positive_FDR005,drug repositioning,1176,"3H-Xanthen-3-one, 2,6,7-trihydroxy-9-methyl- TTD 00000850",0.384334071865397,2.095026455026455,2.003354645968289,TNNT2,0.5248643872583568,0,0
Severity_positive_FDR005,drug repositioning,1177,ellagic acid TTD 00007809,0.3882584560565766,2.0673558897243107,1.9558924066113237,TNNT2,0.5297732204136466,0,0
Severity_positive_FDR005,drug repositioning,1178,NVP-TAE684 LINCS,0.3904756171206204,1.498133333333333,1.408829233502519,CSF1R;MUSK,0.531792758064841,0,0
Severity_positive_FDR005,drug repositioning,1179,(-)-Epigallocatechin gallate BOSS,0.3904756171206204,1.498133333333333,1.408829233502519,CCL5;ICAM1,0.531792758064841,0,0
Severity_positive_FDR005,drug repositioning,1180,cicloheximide MCF7 UP,0.3908833754819228,1.3456024262475876,1.263986305011378,CEBPD;ATF3;ICAM1,0.531792758064841,0,0
Severity_positive_FDR005,drug repositioning,1181,Bosutinib LINCS,0.3921580210961478,2.04040404040404,1.910002645319829,CSF1R,0.531792758064841,0,0
Severity_positive_FDR005,drug repositioning,1182,quercetin PC3 UP,0.3921580210961478,2.04040404040404,1.910002645319829,CCL5,0.531792758064841,0,0
Severity_positive_FDR005,drug repositioning,1183,"3,4-Dihydro-2-phenyl-2H-1-benzopyran-3,4-diol BOSS",0.3921580210961478,2.04040404040404,1.910002645319829,ICAM1,0.531792758064841,0,0
Severity_positive_FDR005,drug repositioning,1184,helveticoside MCF7 UP,0.3925990619601326,1.3417109604105573,1.2544546483078791,FOS;PRSS22;ATF3,0.531792758064841,0,0
Severity_positive_FDR005,drug repositioning,1185,vorinostat PC3 DOWN,0.3925990619601326,1.3417109604105573,1.2544546483078791,CEBPD;BUB3;IL7R,0.531792758064841,0,0
Severity_positive_FDR005,drug repositioning,1186,PARAQUAT CTD 00006471,0.3927186868399138,1.490957345971564,1.3935407768066856,SERPINE1;ICAM1,0.531792758064841,0,0
Severity_positive_FDR005,drug repositioning,1187,disulfiram,0.3960329226874391,2.014143264143264,1.8656161767800847,HTR2B,0.534478045240359,0,0
Severity_positive_FDR005,drug repositioning,1188,laudanosine HL60 DOWN,0.3960329226874391,2.014143264143264,1.8656161767800847,PSMB8,0.534478045240359,0,0
Severity_positive_FDR005,drug repositioning,1189,berberine BOSS,0.3960329226874391,2.014143264143264,1.8656161767800847,ICAM1,0.534478045240359,0,0
Severity_positive_FDR005,drug repositioning,1190,isoproterenol CTD 00006175,0.3960329226874391,2.014143264143264,1.8656161767800847,TIMP1,0.534478045240359,0,0
Severity_positive_FDR005,drug repositioning,1191,piperlongumine MCF7 UP,0.39942578205028,1.4698317757009345,1.34890475891822,FOS;ATF3,0.5351771706651465,0,0
Severity_positive_FDR005,drug repositioning,1192,Kinome 3629 Roche,0.3998833155654892,1.9885473176612416,1.8226676429888855,CSF1R,0.5351771706651465,0,0
Severity_positive_FDR005,drug repositioning,1193,lycorine MCF7 UP,0.3998833155654892,1.9885473176612416,1.8226676429888855,ATF3,0.5351771706651465,0,0
Severity_positive_FDR005,drug repositioning,1194,tanespimycin PC3 UP,0.3998833155654892,1.9885473176612416,1.8226676429888855,IL7R,0.5351771706651465,0,0
Severity_positive_FDR005,drug repositioning,1195,withaferin A PC3 UP,0.3998833155654892,1.9885473176612416,1.8226676429888855,IL7R,0.5351771706651465,0,0
Severity_positive_FDR005,drug repositioning,1196,wortmannin MCF7 UP,0.3998833155654892,1.9885473176612416,1.8226676429888855,ATF3,0.5351771706651465,0,0
Severity_positive_FDR005,drug repositioning,1197,haloperidol BOSS,0.3998833155654892,1.9885473176612416,1.8226676429888855,HTR2B,0.5351771706651465,0,0
Severity_positive_FDR005,drug repositioning,1198,Gallic acid BOSS,0.3998833155654892,1.9885473176612416,1.8226676429888855,ICAM1,0.5351771706651465,0,0
Severity_positive_FDR005,drug repositioning,1199,CARBON TETRACHLORIDE BOSS,0.3998833155654892,1.9885473176612416,1.8226676429888855,PTPRC,0.5351771706651465,0,0
Severity_positive_FDR005,drug repositioning,1200,SILVER NITRATE CTD 00006743,0.3998833155654892,1.9885473176612416,1.8226676429888855,FOS,0.5351771706651465,0,0
Severity_positive_FDR005,drug repositioning,1201,tamoxifen CTD 00006827,0.4006407253757675,1.1884006810914074,1.0870184566314445,MMP12;LGALS3;SERPINE1;FOS;OSMR;ATF3,0.5357443838080621,0,0
Severity_positive_FDR005,drug repositioning,1202,hyoscyamine HL60 DOWN,0.4037093535249111,1.96359126984127,1.7810952580348425,CCL5,0.5379957906933447,0,0
Severity_positive_FDR005,drug repositioning,1203,biotin BOSS,0.4037093535249111,1.96359126984127,1.7810952580348425,CD53,0.5379957906933447,0,0
Severity_positive_FDR005,drug repositioning,1204,2'-Deoxy cyclic AMP BOSS,0.4037093535249111,1.96359126984127,1.7810952580348425,ICAM1,0.5379957906933447,0,0
Severity_positive_FDR005,drug repositioning,1205,ebselen CTD 00001949,0.4037093535249111,1.96359126984127,1.7810952580348425,FOS,0.5379957906933447,0,0
Severity_positive_FDR005,drug repositioning,1206,lycorine PC3 UP,0.4039993297485514,1.249774164408311,1.132722890780346,CEBPD;RRAS2;CXCL2;ATF3,0.5379957906933447,0,0
Severity_positive_FDR005,drug repositioning,1207,Dasatinib Kinome Scan,0.4075111894490813,1.939251420732902,1.740840572747826,CSF1R,0.5404318499217379,0,0
Severity_positive_FDR005,drug repositioning,1208,Dasatinib FDA,0.4075111894490813,1.939251420732902,1.740840572747826,CSF1R,0.5404318499217379,0,0
Severity_positive_FDR005,drug repositioning,1209,dihydroergocristine HL60 UP,0.4075111894490813,1.939251420732902,1.740840572747826,TIMP1,0.5404318499217379,0,0
Severity_positive_FDR005,drug repositioning,1210,yohimbic acid PC3 DOWN,0.4075111894490813,1.939251420732902,1.740840572747826,CCL5,0.5404318499217379,0,0
Severity_positive_FDR005,drug repositioning,1211,Apocarotenal CTD 00000185,0.4075111894490813,1.939251420732902,1.740840572747826,IRX4,0.5404318499217379,0,0
Severity_positive_FDR005,drug repositioning,1212,MERCURY CTD 00006274,0.4079843806197448,1.3076579394156018,1.1723498493017808,CD84;CEBPD;BUB3,0.5406129663987708,0,0
Severity_positive_FDR005,drug repositioning,1213,progesterone BOSS,0.4105280012503275,1.4359086757990869,1.2784054898992614,CCL5;ICAM1,0.5427527478603793,0,0
Severity_positive_FDR005,drug repositioning,1214,silibinin BOSS,0.4112889751843597,1.9155052264808363,1.7018482581791048,ICAM1,0.5427527478603793,0,0
Severity_positive_FDR005,drug repositioning,1215,bay 11-7082 CTD 00003959,0.4112889751843597,1.9155052264808363,1.7018482581791048,ICAM1,0.5427527478603793,0,0
Severity_positive_FDR005,drug repositioning,1216,metformin CTD 00006282,0.4112889751843597,1.9155052264808363,1.7018482581791048,FOS,0.5427527478603793,0,0
Severity_positive_FDR005,drug repositioning,1217,DL-Selenomethionine CTD 00006732,0.4112889751843597,1.9155052264808363,1.7018482581791048,FOS,0.5427527478603793,0,0
Severity_positive_FDR005,drug repositioning,1218,cephaeline PC3 UP,0.4125977352511796,1.2346883468834688,1.0930475757055509,CEBPD;CXCL2;ATF3;ICAM1,0.5440328101916211,0,0
Severity_positive_FDR005,drug repositioning,1219,EINECS 250-892-2 CTD 00001193,0.414941241476091,1.4227692307692308,1.2514939311396165,SERPINE1;ATF3,0.5454654957399885,0,0
Severity_positive_FDR005,drug repositioning,1220,172889-27-9 BOSS,0.4150428616402652,1.8923312296806272,1.664065904478737,ICAM1,0.5454654957399885,0,0
Severity_positive_FDR005,drug repositioning,1221,NSC94017 CTD 00005320,0.4150428616402652,1.8923312296806272,1.664065904478737,FOS,0.5454654957399885,0,0
Severity_positive_FDR005,drug repositioning,1222,Lead(II) acetate CTD 00000394,0.4150428616402652,1.8923312296806272,1.664065904478737,IGFBP7,0.5454654957399885,0,0
Severity_positive_FDR005,drug repositioning,1223,Rubidomycin hydrochloride,0.4187729989200027,1.8697089947089949,1.6274438347703124,TNNT2,0.5481250499311527,0,0
Severity_positive_FDR005,drug repositioning,1224,0179445-0000 PC3 DOWN,0.4187729989200027,1.8697089947089949,1.6274438347703124,ASF1B,0.5481250499311527,0,0
Severity_positive_FDR005,drug repositioning,1225,Isoflavone BOSS,0.4187729989200027,1.8697089947089949,1.6274438347703124,ICAM1,0.5481250499311527,0,0
Severity_positive_FDR005,drug repositioning,1226,acetoacetic acid BOSS,0.4187729989200027,1.8697089947089949,1.6274438347703124,ICAM1,0.5481250499311527,0,0
Severity_positive_FDR005,drug repositioning,1227,curcumin TTD 00007338,0.4187729989200027,1.8697089947089949,1.6274438347703124,TNNT2,0.5481250499311527,0,0
Severity_positive_FDR005,drug repositioning,1228,resveratrol BOSS,0.4193382173135007,1.409865470852018,1.225282335405706,ATF3;ICAM1,0.5484178965842688,0,0
Severity_positive_FDR005,drug repositioning,1229,WH-4-025 LINCS,0.4224795359492009,1.8476190476190475,1.5919349350699237,CSF1R,0.5498396553763507,0,0
Severity_positive_FDR005,drug repositioning,1230,Edetate sodium BOSS,0.4224795359492009,1.8476190476190475,1.5919349350699237,PTPRC,0.5498396553763507,0,0
Severity_positive_FDR005,drug repositioning,1231,Vincristine sulfate BOSS,0.4224795359492009,1.8476190476190475,1.5919349350699237,PTPRC,0.5498396553763507,0,0
Severity_positive_FDR005,drug repositioning,1232,NADP(+) BOSS,0.4224795359492009,1.8476190476190475,1.5919349350699237,ICAM1,0.5498396553763507,0,0
Severity_positive_FDR005,drug repositioning,1233,retinol CTD 00006991,0.4224795359492009,1.8476190476190475,1.5919349350699237,CD14,0.5498396553763507,0,0
Severity_positive_FDR005,drug repositioning,1234,nifedipine CTD 00006395,0.4224795359492009,1.8476190476190475,1.5919349350699237,FOS,0.5498396553763507,0,0
Severity_positive_FDR005,drug repositioning,1235,vinblastine CTD 00006986,0.4237186321929079,1.397191111111111,1.1997479537174145,SERPINE1;ICAM1,0.5510057678557168,0,0
Severity_positive_FDR005,drug repositioning,1236,3'-Azido-3'-deoxythymidine CTD 00007047,0.4249449669038023,1.2717589774802192,1.088365747464315,C3AR1;LILRB4;ATF3,0.5515045683544494,0,0
Severity_positive_FDR005,drug repositioning,1237,FENRETINIDE CTD 00007166,0.4259025393773186,1.3909380530973452,1.1872278584579803,CXCL2;ATF3,0.5515045683544494,0,0
Severity_positive_FDR005,drug repositioning,1238,clotrimazole,0.4261626210011654,1.8260428202288668,1.5574944927708072,HTR2B,0.5515045683544494,0,0
Severity_positive_FDR005,drug repositioning,1239,VX-680/MK-0457 Kinome Scan,0.4261626210011654,1.8260428202288668,1.5574944927708072,MUSK,0.5515045683544494,0,0
Severity_positive_FDR005,drug repositioning,1240,tanespimycin MCF7 UP,0.4261626210011654,1.8260428202288668,1.5574944927708072,PRSS16,0.5515045683544494,0,0
Severity_positive_FDR005,drug repositioning,1241,calcitriol BOSS,0.4261626210011654,1.8260428202288668,1.5574944927708072,CCL5,0.5515045683544494,0,0
Severity_positive_FDR005,drug repositioning,1242,SARIN CTD 00006722,0.4280821996308215,1.3847400881057268,1.1748689449206124,MUSK;OSMR,0.5535426832585341,0,0
Severity_positive_FDR005,drug repositioning,1243,chlorzoxazone HL60 DOWN,0.4314013930784136,1.110680487901995,0.9337672078518324,GLIPR1;PTPRC;NCF4;CD14;LCP1;TIMP1;BUB3;CYTIP;PSMB8,0.5573031583363104,0,0
Severity_positive_FDR005,drug repositioning,1244,proscillaridin MCF7 UP,0.4316843891471794,1.2579354838709678,1.0567419598782293,FOS;PRSS22;ATF3,0.5573031583363104,0,0
Severity_positive_FDR005,drug repositioning,1245,ouabain HL60 UP,0.4333649528621632,1.2545255662319836,1.0490029890087798,FOS;CXCL2;ATF3,0.5573540358295541,0,0
Severity_positive_FDR005,drug repositioning,1246,etretinate BOSS,0.433459022883632,1.7843614718614718,1.491651271293,CD68,0.5573540358295541,0,0
Severity_positive_FDR005,drug repositioning,1247,Dichloromercury CTD 00006273,0.433459022883632,1.7843614718614718,1.491651271293,FOS,0.5573540358295541,0,0
Severity_positive_FDR005,drug repositioning,1248,gedunin CTD 00003449,0.433459022883632,1.7843614718614718,1.491651271293,ATF3,0.5573540358295541,0,0
Severity_positive_FDR005,drug repositioning,1249,15-Acetyldeoxynivalenol CTD 00002073,0.433459022883632,1.7843614718614718,1.491651271293,ATF3,0.5573540358295541,0,0
Severity_positive_FDR005,drug repositioning,1250,daunorubicin MCF7 UP,0.4345953591288332,1.3664695652173913,1.1387335967641452,ARHGDIB;ATF3,0.5583681174087248,0,0
Severity_positive_FDR005,drug repositioning,1251,diethylstilbestrol CTD 00005818,0.4367576948380591,1.3604848484848484,1.1269939651312872,CEBPD;TNNT2,0.5597596858619178,0,0
Severity_positive_FDR005,drug repositioning,1252,(+)-chelidonine HL60 UP,0.437072631426429,1.76422329231318,1.4601698045564893,CEBPD,0.5597596858619178,0,0
Severity_positive_FDR005,drug repositioning,1253,harmine MCF7 UP,0.437072631426429,1.76422329231318,1.4601698045564893,ATF3,0.5597596858619178,0,0
Severity_positive_FDR005,drug repositioning,1254,Chlorophenothane CTD 00005755,0.437072631426429,1.76422329231318,1.4601698045564893,FOS,0.5597596858619178,0,0
Severity_positive_FDR005,drug repositioning,1255,cephaeline PC3 DOWN,0.4389156181090637,1.354551724137931,1.1154030412321063,FZD4;PRKAR2A,0.5612255149402243,0,0
Severity_positive_FDR005,drug repositioning,1256,Tetradioxin CTD 00006848,0.4390319782393152,1.056219976636126,0.8694623556336238,CEBPD;SERPINE1;CXCL13;CXCL2;CTSS;ICAM1;LGALS3;GLIPR1;P2RY6;UBD;CCL5;LPXN;IGFBP7;FOS;OSMR;PSMB8;MMP12;LRG1;TNNT2;ALOX5AP;LCP1;CLEC4E;ASF1B;PLA1A;C1QC,0.5612255149402243,0,0
Severity_positive_FDR005,drug repositioning,1257,CADMIUM CTD 00005555,0.4399000657076857,1.1109036207075422,0.9122826086802936,PTPRC;ANXA3;SERPINE1;CD14;FOS;OSMR;CXCL2;ATF3,0.5612255149402243,0,0
Severity_positive_FDR005,drug repositioning,1258,Eicosapentaenoic acid BOSS,0.440663371319815,1.7445326278659612,1.429599174930562,ICAM1,0.5612255149402243,0,0
Severity_positive_FDR005,drug repositioning,1259,"7,8-Benzoflavone CTD 00000606",0.440663371319815,1.7445326278659612,1.429599174930562,FOS,0.5612255149402243,0,0
Severity_positive_FDR005,drug repositioning,1260,ampicillin CTD 00005394,0.440663371319815,1.7445326278659612,1.429599174930562,TIMP1,0.5612255149402243,0,0
Severity_positive_FDR005,drug repositioning,1261,"9,10-Phenanthrenequinone TTD 00001360",0.440663371319815,1.7445326278659612,1.429599174930562,ITGB2,0.5612255149402243,0,0
Severity_positive_FDR005,drug repositioning,1262,Diallyl trisulfide CTD 00001934,0.4442313861001594,1.7252747252747254,1.399904668699479,TIMP1,0.5653213994269858,0,0
Severity_positive_FDR005,drug repositioning,1263,OTSSP167 LINCS,0.445362602626798,1.3370553191489365,1.0814992446098777,CSF1R;MUSK,0.5658641928944919,0,0
Severity_positive_FDR005,drug repositioning,1264,hesperetin PC3 DOWN,0.445362602626798,1.3370553191489365,1.0814992446098777,SERPINE1;RRAS2,0.5658641928944919,0,0
Severity_positive_FDR005,drug repositioning,1265,KIN001-111/A770041 LINCS,0.4477768185264921,1.7064354727398203,1.3710532313073147,CSF1R,0.5675845071456561,0,0
Severity_positive_FDR005,drug repositioning,1266,zardaverine HL60 UP,0.4477768185264921,1.7064354727398203,1.3710532313073147,TIMP1,0.5675845071456561,0,0
Severity_positive_FDR005,drug repositioning,1267,Sunitinib BOSS,0.4477768185264921,1.7064354727398203,1.3710532313073147,CSF1R,0.5675845071456561,0,0
Severity_positive_FDR005,drug repositioning,1268,valinomycin MCF7 UP,0.4512998103540226,1.6880013654207202,1.3430133726825788,ATF3,0.5715989711581706,0,0
Severity_positive_FDR005,drug repositioning,1269,chlortetracycline PC3 DOWN,0.4548005025088766,1.6699594731509626,1.3157550774243678,OSMR,0.5746731762621998,0,0
Severity_positive_FDR005,drug repositioning,1270,geldanamycin MCF7 UP,0.4548005025088766,1.6699594731509626,1.3157550774243678,PRSS16,0.5746731762621998,0,0
Severity_positive_FDR005,drug repositioning,1271,thioguanosine MCF7 UP,0.4548005025088766,1.6699594731509626,1.3157550774243678,ATF3,0.5746731762621998,0,0
Severity_positive_FDR005,drug repositioning,1272,puromycin MCF7 UP,0.4560165119702952,1.3088666666666666,1.027756477063146,ATF3;ICAM1,0.5757566967172124,0,0
Severity_positive_FDR005,drug repositioning,1273,5224221 MCF7 UP,0.458279035033115,1.652297410192147,1.289249721826958,ATF3,0.5772518668730845,0,0
Severity_positive_FDR005,drug repositioning,1274,thapsigargin BOSS,0.458279035033115,1.652297410192147,1.289249721826958,ATF3,0.5772518668730845,0,0
Severity_positive_FDR005,drug repositioning,1275,carbon monoxide BOSS,0.458279035033115,1.652297410192147,1.289249721826958,ICAM1,0.5772518668730845,0,0
Severity_positive_FDR005,drug repositioning,1276,apigenin PC3 DOWN,0.4617355471375379,1.635003306878307,1.263469995984744,SERPINE1,0.5802404449944334,0,0
Severity_positive_FDR005,drug repositioning,1277,apigenin BOSS,0.4617355471375379,1.635003306878307,1.263469995984744,ICAM1,0.5802404449944334,0,0
Severity_positive_FDR005,drug repositioning,1278,beta-D-allopyranose BOSS,0.4617355471375379,1.635003306878307,1.263469995984744,PTPRC,0.5802404449944334,0,0
Severity_positive_FDR005,drug repositioning,1279,azacyclonol HL60 DOWN,0.4629001238100889,1.125874864953732,0.8671983183630994,GLIPR1;PTPRC;ANXA3;PLEK;PSMB8,0.5812490999523087,0,0
Severity_positive_FDR005,drug repositioning,1280,Omega-3 Fatty Acids BOSS,0.4651701770120069,1.6180657830142366,1.238389831832245,ICAM1,0.5836432064697524,0,0
Severity_positive_FDR005,drug repositioning,1281,alexidine MCF7 UP,0.4685830621894467,1.6014739229024944,1.213984333914786,ATF3,0.586550582912121,0,0
Severity_positive_FDR005,drug repositioning,1282,33258 Hoechst BOSS,0.4685830621894467,1.6014739229024944,1.213984333914786,PTPRC,0.586550582912121,0,0
Severity_positive_FDR005,drug repositioning,1283,okadaic acid CTD 00007275,0.4685830621894467,1.6014739229024944,1.213984333914786,FOS,0.586550582912121,0,0
Severity_positive_FDR005,drug repositioning,1284,JNJ-28312141 Kinome Scan,0.4719743392071369,1.5852172518839185,1.1902297169988545,CSF1R,0.5889594318311282,0,0
Severity_positive_FDR005,drug repositioning,1285,D-Sorbitol BOSS,0.4719743392071369,1.5852172518839185,1.1902297169988545,ICAM1,0.5889594318311282,0,0
Severity_positive_FDR005,drug repositioning,1286,TITANIUM BOSS,0.4719743392071369,1.5852172518839185,1.1902297169988545,CD68,0.5889594318311282,0,0
Severity_positive_FDR005,drug repositioning,1287,myricetin CTD 00001847,0.4719743392071369,1.5852172518839185,1.1902297169988545,ARHGDIB,0.5889594318311282,0,0
Severity_positive_FDR005,drug repositioning,1288,ZINC CTD 00007011,0.4725684172795555,1.0606038182625426,0.7949997144106645,C1QB;P2RY6;ANXA3;SERPINE1;ITGB2;IGFBP7;PCOLCE;CD14;FOS;ATF3;ICAM1,0.5892429178190732,0,0
Severity_positive_FDR005,drug repositioning,1289,glibenclamide HL60 DOWN,0.474387273085924,1.06854549644119,0.7968477784122596,TYROBP;PTPRC;NCF4;ITGB2;CD14;LCP1;TIMP1;BUB3;PSMB8,0.5910519476927805,0,0
Severity_positive_FDR005,drug repositioning,1290,PHA-767491 LINCS,0.4753441437717702,1.5692857142857144,1.1671032459261703,MUSK,0.5917850348042349,0,0
Severity_positive_FDR005,drug repositioning,1291,lanatoside C MCF7 UP,0.4763800144041643,1.1718223399133365,0.8689524274325829,FOS;PRSS22;ATF3,0.5926152619156375,0,0
Severity_positive_FDR005,drug repositioning,1292,losartan BOSS,0.4786926108283515,1.5536696526795537,1.1445831795753345,ICAM1,0.5945710231943794,0,0
Severity_positive_FDR005,drug repositioning,1293,lactose BOSS,0.4786926108283515,1.5536696526795537,1.1445831795753345,LGALS3,0.5945710231943794,0,0
Severity_positive_FDR005,drug repositioning,1294,azacitidine MCF7 UP,0.4820198744002198,1.5383597883597884,1.122648719044528,ATF3,0.5982410496806437,0,0
Severity_positive_FDR005,drug repositioning,1295,Irinotecan hydrochloride CTD 00002224,0.4843541779952267,1.1194875585119488,0.8115600424709511,FOS;OSMR;ATF3;FYB,0.5995643574533501,0,0
Severity_positive_FDR005,drug repositioning,1296,Doxorubicin Hydrochloride,0.485326067677058,1.5233472029588535,1.101279958225622,TNNT2,0.5995643574533501,0,0
Severity_positive_FDR005,drug repositioning,1297,phenoxybenzamine PC3 DOWN,0.485326067677058,1.5233472029588535,1.101279958225622,FZD4,0.5995643574533501,0,0
Severity_positive_FDR005,drug repositioning,1298,Decabromodiphenyl oxide CTD 00000574,0.485326067677058,1.5233472029588535,1.101279958225622,IGFBP7,0.5995643574533501,0,0
Severity_positive_FDR005,drug repositioning,1299,"3,3'-Diindolylmethane CTD 00000841",0.485326067677058,1.5233472029588535,1.101279958225622,ATF3,0.5995643574533501,0,0
Severity_positive_FDR005,drug repositioning,1300,beta-carotene CTD 00007253,0.485326067677058,1.5233472029588535,1.101279958225622,IRX4,0.5995643574533501,0,0
Severity_positive_FDR005,drug repositioning,1301,lanatoside C PC3 UP,0.486100136885309,1.154233870967742,0.8325957914967643,GLIPR1;FOS;ATF3,0.5997769776432199,0,0
Severity_positive_FDR005,drug repositioning,1302,puromycin PC3 DOWN,0.4862450964454996,1.094953929167524,0.7895082840148646,FZD4;RRAS2;TIMP1;PSMB8;ASF1B,0.5997769776432199,0,0
Severity_positive_FDR005,drug repositioning,1303,curcumin BOSS,0.4872647911129974,1.2309333333333334,0.8849765469799713,TNNT2;ICAM1,0.5999310281718597,0,0
Severity_positive_FDR005,drug repositioning,1304,Axitinib,0.4886113230689866,1.508623321123321,1.0804578375073273,CSF1R,0.5999310281718597,0,0
Severity_positive_FDR005,drug repositioning,1305,tyrphostin AG-1478 MCF7 UP,0.4886113230689866,1.508623321123321,1.0804578375073273,ATF3,0.5999310281718597,0,0
Severity_positive_FDR005,drug repositioning,1306,MAGNESIUM BOSS,0.4886113230689866,1.508623321123321,1.0804578375073273,ICAM1,0.5999310281718597,0,0
Severity_positive_FDR005,drug repositioning,1307,L-arginine BOSS,0.4886113230689866,1.508623321123321,1.0804578375073273,ICAM1,0.5999310281718597,0,0
Severity_positive_FDR005,drug repositioning,1308,Imatinib CTD 00003267,0.4886113230689866,1.508623321123321,1.0804578375073273,ICAM1,0.5999310281718597,0,0
Severity_positive_FDR005,drug repositioning,1309,Sunitinib,0.4893086451092311,1.2260625,0.8763426547660157,CSF1R;MUSK,0.6003282536634265,0,0
Severity_positive_FDR005,drug repositioning,1310,Dasatinib BOSS,0.4918757720739738,1.4941798941798945,1.0601641008481375,CSF1R,0.6025572005726941,0,0
Severity_positive_FDR005,drug repositioning,1311,Tanshinone I CTD 00001048,0.4918757720739738,1.4941798941798945,1.0601641008481375,FOS,0.6025572005726941,0,0
Severity_positive_FDR005,drug repositioning,1312,Pentabromodiphenyl ether CTD 00003077,0.4925329515583431,1.1427928280613844,0.8093189256710137,CEBPD;ATF3;ICAM1,0.6029023782032767,0,0
Severity_positive_FDR005,drug repositioning,1313,emetine PC3 DOWN,0.4933812183672612,1.2164341085271315,0.8593780258898253,FZD4;PRKAR2A,0.6034807590996356,0,0
Severity_positive_FDR005,drug repositioning,1314,"9,10-Phenanthrenequinone CTD 00000222",0.4951195454123036,1.480008984725966,1.0403812546054103,ITGB2,0.604685923902783,0,0
Severity_positive_FDR005,drug repositioning,1315,"(2E,4E,6E,8E)-3,7-DIMETHYL-9-(2,6,6-TRIMETHYL-3-OXO-1-CYCLOHEXENYL)NONA-2,4,6,8-TETRAENOIC ACID CTD 00000070",0.4951195454123036,1.480008984725966,1.0403812546054103,CXCL1,0.604685923902783,0,0
Severity_positive_FDR005,drug repositioning,1316,5-Fluorouracil CTD 00005987,0.4978209423023784,1.0517010824430275,0.7335770914475979,LGALS3;ANXA3;ITGB2;LPXN;FOS;BUB3;ATF3;MDFI,0.6075231256364892,0,0
Severity_positive_FDR005,drug repositioning,1317,clonidine HL60 DOWN,0.5015455842078541,1.4524544385655496,1.0022818427654283,IGFBP7,0.6102137941195558,0,0
Severity_positive_FDR005,drug repositioning,1318,lomustine PC3 DOWN,0.5015455842078541,1.4524544385655496,1.0022818427654283,FZD4,0.6102137941195558,0,0
Severity_positive_FDR005,drug repositioning,1319,celecoxib BOSS,0.5015455842078541,1.4524544385655496,1.0022818427654283,ICAM1,0.6102137941195558,0,0
Severity_positive_FDR005,drug repositioning,1320,phenytoin CTD 00006527,0.5015455842078541,1.4524544385655496,1.0022818427654283,TIMP1,0.6102137941195558,0,0
Severity_positive_FDR005,drug repositioning,1321,cimetidine PC3 UP,0.5036959345826216,1.123296635614751,0.7703371720610643,NCKAP1L;PDLIM4;FYB,0.6123661399997655,0,0
Severity_positive_FDR005,drug repositioning,1322,hexachlorophene,0.5078904689512943,1.425901875901876,0.96603350183052,HTR2B,0.6169985575913606,0,0
Severity_positive_FDR005,drug repositioning,1323,Vorinostat CTD 00003560,0.5084422264492575,1.1151391224583398,0.7542842123696684,ANXA3;ARHGDIB;ICAM1,0.6172019770805045,0,0
Severity_positive_FDR005,drug repositioning,1324,beta-Levulose BOSS,0.5110327968195454,1.412984412984413,0.948566828593764,ICAM1,0.6194103182582565,0,0
Severity_positive_FDR005,drug repositioning,1325,emodin CTD 00005893,0.5110327968195454,1.412984412984413,0.948566828593764,SERPINE1,0.6194103182582565,0,0
Severity_positive_FDR005,drug repositioning,1326,salicylic acid BOSS,0.5141552165788452,1.400297619047619,0.9315200990097762,CCL5,0.6227249455698532,0,0
Severity_positive_FDR005,drug repositioning,1327,trichostatin A MCF7 DOWN,0.5156215048239255,1.0741173850094663,0.7114763444245895,P2RY6;CEBPD;IRX4;BUB3,0.6240302462300109,0,0
Severity_positive_FDR005,drug repositioning,1328,Glycidamide CTD 00002776,0.5172578532789189,1.3878353701362551,0.914880199975068,ATF3,0.6255392412394155,0,0
Severity_positive_FDR005,drug repositioning,1329,PD-173955 Kinome Scan,0.5234042742013877,1.363561076604555,0.8827709718582464,CSF1R,0.6324960604721058,0,0
Severity_positive_FDR005,drug repositioning,1330,Vandetanib,0.5264483048494119,1.3517378215654077,0.8672778772098888,CSF1R,0.6347417249160326,0,0
Severity_positive_FDR005,drug repositioning,1331,SKI-606 Kinome Scan,0.5264483048494119,1.3517378215654077,0.8672778772098888,CSF1R,0.6347417249160326,0,0
Severity_positive_FDR005,drug repositioning,1332,camptothecin CTD 00005566,0.5264483048494119,1.3517378215654077,0.8672778772098888,CCL5,0.6347417249160326,0,0
Severity_positive_FDR005,drug repositioning,1333,HG-5-113-01 LINCS,0.5294730452011145,1.3401166734500067,0.8521440381379155,MUSK,0.6379097603848386,0,0
Severity_positive_FDR005,drug repositioning,1334,INDOMETHACIN SODIUM BOSS,0.5324786165853025,1.3286924939467313,0.8373586699639989,ICAM1,0.6410499686926505,0,0
Severity_positive_FDR005,drug repositioning,1335,Deoxycorticosterone acetate BOSS,0.5354651395119621,1.3174603174603174,0.8229113918032946,PTPRC,0.6441625573454764,0,0
Severity_positive_FDR005,drug repositioning,1336,valproic acid MCF7 DOWN,0.5384327337522713,1.306415343915344,0.8087922081998685,BUB3,0.6472477323399309,0,0
Severity_positive_FDR005,drug repositioning,1337,15-delta prostaglandin J2 MCF7 UP,0.5413815183500735,1.2955529319165682,0.7949914918981021,ATF3,0.6503056981826612,0,0
Severity_positive_FDR005,drug repositioning,1338,niclosamide MCF7 UP,0.5443116115578684,1.284868592245641,0.7814999676920618,ATF3,0.6533366578190858,0,0
Severity_positive_FDR005,drug repositioning,1339,PKC-412 Kinome Scan,0.5501161932698174,1.2640168970814132,0.7554090620289964,CSF1R,0.658335772273716,0,0
Severity_positive_FDR005,drug repositioning,1340,Dabrafenib LINCS,0.5501161932698174,1.2640168970814132,0.7554090620289964,CSF1R,0.658335772273716,0,0
Severity_positive_FDR005,drug repositioning,1341,Dabrafenib FDA,0.5501161932698174,1.2640168970814132,0.7554090620289964,CSF1R,0.658335772273716,0,0
Severity_positive_FDR005,drug repositioning,1342,oxiglutatione BOSS,0.5501161932698174,1.2640168970814132,0.7554090620289964,ICAM1,0.658335772273716,0,0
Severity_positive_FDR005,drug repositioning,1343,"K-252a, Nocardiopsis sp. RBC",0.552990914665827,1.2538412698412698,0.7427927543684754,MUSK,0.6602999323072997,0,0
Severity_positive_FDR005,drug repositioning,1344,FLUOXETINE HYDROCHLORIDE BOSS,0.552990914665827,1.2538412698412698,0.7427927543684754,HTR2B,0.6602999323072997,0,0
Severity_positive_FDR005,drug repositioning,1345,citric acid BOSS,0.552990914665827,1.2538412698412698,0.7427927543684754,CLEC4D,0.6602999323072997,0,0
Severity_positive_FDR005,drug repositioning,1346,daidzein CTD 00000166,0.5558474105243392,1.2438271604938271,0.7304517591108103,FOS,0.6632159463480837,0,0
Severity_positive_FDR005,drug repositioning,1347,ampyrone HL60 DOWN,0.5562589537552108,1.0085875443636978,0.5915581270973856,CLEC7A;NCF4;CD14;TIMP1;PSMB8,0.6632159463480837,0,0
Severity_positive_FDR005,drug repositioning,1348,dihydroergotamine HL60 DOWN,0.557559049671313,1.0766735395189004,0.6289785370571306,CCL5;IGFBP7,0.6636356094517996,0,0
Severity_positive_FDR005,drug repositioning,1349,proscillaridin HL60 DOWN,0.5576370381694838,1.016629711751663,0.5937595306955205,GLIPR1;CEBPD;NCF4;CYTIP,0.6636356094517996,0,0
Severity_positive_FDR005,drug repositioning,1350,acetaminophen CTD 00005295,0.5578506057035675,0.987602678496129,0.5764282128597854,RBM47;IGSF6;CEBPD;SERPINE1;CXCL2;CTSS;ICAM1;GLIPR1;CLEC7A;PRKAR2A;ARHGDIB;C3AR1;LPXN;CD14;TIMP1;BUB3;CD93;FZD4;FOS;OSMR;PSMB8;LRG1;CD48;LCP1;ATF3;ASF1B,0.6636356094517996,0,0
Severity_positive_FDR005,drug repositioning,1351,Oxotremorine BOSS,0.5586857954578649,1.2339707536557931,0.7183783438524304,ICAM1,0.6636459966755407,0,0
Severity_positive_FDR005,drug repositioning,1352,alpha-GalNAc BOSS,0.5586857954578649,1.2339707536557931,0.7183783438524304,PTPRC,0.6636459966755407,0,0
Severity_positive_FDR005,drug repositioning,1353,rosiglitazone BOSS,0.561506183263368,1.2242683531746033,0.7065650465471837,ICAM1,0.6660110268249401,0,0
Severity_positive_FDR005,drug repositioning,1354,acetaldehyde CTD 00005293,0.561506183263368,1.2242683531746033,0.7065650465471837,FOS,0.6660110268249401,0,0
Severity_positive_FDR005,drug repositioning,1355,Docosahexaenoic acid BOSS,0.5670934200868116,1.2053113553113552,0.6836902387110143,ICAM1,0.6721417215198667,0,0
Severity_positive_FDR005,drug repositioning,1356,lindane CTD 00001115,0.5698604933351046,1.196049921240761,0.6726150550800256,CD84,0.6744259044187014,0,0
Severity_positive_FDR005,drug repositioning,1357,1-Methyl-3-nitro-1-nitrosoguanidine CTD 00006318,0.5698604933351046,1.196049921240761,0.6726150550800256,ICAM1,0.6744259044187014,0,0
Severity_positive_FDR005,drug repositioning,1358,flunixin HL60 UP,0.5726100181659597,1.186928811928812,0.661772622642857,CSN3,0.6756882359842257,0,0
Severity_positive_FDR005,drug repositioning,1359,harmine PC3 DOWN,0.5726100181659597,1.186928811928812,0.661772622642857,SERPINE1,0.6756882359842257,0,0
Severity_positive_FDR005,drug repositioning,1360,Agarose BOSS,0.5726100181659597,1.186928811928812,0.661772622642857,ICAM1,0.6756882359842257,0,0
Severity_positive_FDR005,drug repositioning,1361,Rifampicin CTD 00006701,0.5726100181659597,1.186928811928812,0.661772622642857,SERPINE1,0.6756882359842257,0,0
Severity_positive_FDR005,drug repositioning,1362,lycorine PC3 DOWN,0.5740429533805221,1.0438933333333331,0.5794140947099129,RBM47;FZD4,0.6768817790962691,0,0
Severity_positive_FDR005,drug repositioning,1363,WH-4-023 LINCS,0.5780568636406459,1.1690950011845531,0.6407611366251603,CSF1R,0.6811146903938938,0,0
Severity_positive_FDR005,drug repositioning,1364,MeIQx CTD 00001739,0.5807544029960098,1.1603762492651382,0.6305801620503344,FOS,0.6837914744953019,0,0
Severity_positive_FDR005,drug repositioning,1365,cyclosporin A CTD 00007121,0.5870251171628914,0.9725336744676047,0.518056698055822,RBM47;CEBPD;SERPINE1;CXCL13;TMEM71;ICAM1;GLIPR1;UBD;CCRL2;IGFBP7;CD14;TIMP1;PDLIM4;FZD4;ANXA3;RHBDD1;FOS;OSMR;MMP12;BHMT;LRG1;TMEM98;GIPC2;PXMP2;CD68;IL7R;ATF3;IL18R1;ASF1B;PLA1A,0.6906683796070356,0,0
Severity_positive_FDR005,drug repositioning,1366,Fulvestrant CTD 00002740,0.5883208598483873,1.0163636363636364,0.5391634275331472,CCL5;FOS,0.6916861646533748,0,0
Severity_positive_FDR005,drug repositioning,1367,azacitidine MCF7 DOWN,0.5938442397867076,0.9795609131928076,0.5104866273397748,P2RY6;RBM47;ASF1B,0.6973275248672534,0,0
Severity_positive_FDR005,drug repositioning,1368,Bosutinib FDA,0.5939875803352445,1.1186507936507937,0.582701695206276,CSF1R,0.6973275248672534,0,0
Severity_positive_FDR005,drug repositioning,1369,Cylindrospermopsin CTD 00003136,0.5952558318068969,0.977469758064516,0.5070761180766752,TIMP1;FOS;ATF3,0.6983059648516263,0,0
Severity_positive_FDR005,drug repositioning,1370,"BMS-536924,KIN001-126 LINCS",0.5965840563641982,1.1106608127884725,0.5736953288987892,CSF1R,0.6993532806721914,0,0
Severity_positive_FDR005,drug repositioning,1371,Staurosporine Kinome Scan,0.5970648952689129,0.9998722044728434,0.5156635612848275,CSF1R;MUSK,0.6994064345746711,0,0
Severity_positive_FDR005,drug repositioning,1372,genistein BOSS,0.5991640575395412,1.102783366867874,0.5648675116348474,ICAM1,0.7008430272458143,0,0
Severity_positive_FDR005,drug repositioning,1373,atorvastatin BOSS,0.5991640575395412,1.102783366867874,0.5648675116348474,ICAM1,0.7008430272458143,0,0
Severity_positive_FDR005,drug repositioning,1374,Dasatinib,0.6042750497288241,1.0873567019400352,0.5477296293063594,CSF1R,0.7063069358547973,0,0
Severity_positive_FDR005,drug repositioning,1375,daunorubicin CTD 00005752,0.60680624626583,1.0798029556650246,0.5394109641452847,SERPINE1,0.7087496956384894,0,0
Severity_positive_FDR005,drug repositioning,1376,vorinostat MCF7 DOWN,0.6078183815261345,0.9590342370868792,0.4774831567615176,P2RY6;CEBPD;BUB3,0.7094159307637878,0,0
Severity_positive_FDR005,drug repositioning,1377,proscillaridin HL60 UP,0.610767523919845,0.9745545171339564,0.4804932645042638,FOS;CXCL2,0.7123403365397756,0,0
Severity_positive_FDR005,drug repositioning,1378,nifedipine BOSS,0.6118205488848929,1.0650037792894935,0.5232536739859709,ICAM1,0.71305065421563,0,0
Severity_positive_FDR005,drug repositioning,1379,ajmaline HL60 DOWN,0.6133192119737083,0.9510567296996664,0.4649428573796383,CD14;TIMP1;PSMB8,0.7142789372224623,0,0
Severity_positive_FDR005,drug repositioning,1380,thiostrepton HL60 DOWN,0.6141378433073521,0.968421052631579,0.4721400057772805,C3AR1;ASF1B,0.7143895683838749,0,0
Severity_positive_FDR005,drug repositioning,1381,VANADIUM CTD 00006979,0.6143038567485251,1.0577541827541828,0.5154072186321046,TIMP1,0.7143895683838749,0,0
Severity_positive_FDR005,drug repositioning,1382,sulfamonomethoxine HL60 UP,0.6191518592903438,0.959361963190184,0.4599226402495879,MUSK;FYB,0.7185556610192836,0,0
Severity_positive_FDR005,drug repositioning,1383,mebendazole HL60 DOWN,0.6192232848458512,1.0435449735449736,0.5001599948716537,P2RY6,0.7185556610192836,0,0
Severity_positive_FDR005,drug repositioning,1384,scriptaid MCF7 DOWN,0.6192285397575894,0.9378646939622548,0.4495006031154141,P2RY6;CEBPD;IRX4;BUB3,0.7185556610192836,0,0
Severity_positive_FDR005,drug repositioning,1385,irinotecan PC3 UP,0.6201232299521321,0.941265060240964,0.4497713316128029,FOS;CXCL2;ATF3,0.7188825092335762,0,0
Severity_positive_FDR005,drug repositioning,1386,irinotecan MCF7 UP,0.6204054531741822,0.9364098438585584,0.4470252583430033,FCER1G;CEBPD;PRSS22;ATF3,0.7188825092335762,0,0
Severity_positive_FDR005,drug repositioning,1387,nitrate BOSS,0.6216596028948773,1.0365815200252286,0.4927520846804212,ICAM1,0.7198163822993316,0,0
Severity_positive_FDR005,drug repositioning,1388,HG-9-91-01 LINCS,0.62408045466463,1.0297096908939014,0.4854833909497273,CSF1R,0.722098854604752,0,0
Severity_positive_FDR005,drug repositioning,1389,HC toxin MCF7 UP,0.6257599043981616,0.947539393939394,0.4441955908391984,SERPINE1;ATF3,0.7230002924197465,0,0
Severity_positive_FDR005,drug repositioning,1390,clindamycin HL60 UP,0.6257599043981616,0.947539393939394,0.4441955908391984,BHMT;PDLIM4,0.7230002924197465,0,0
Severity_positive_FDR005,drug repositioning,1391,amikacin PC3 DOWN,0.6306580496267783,0.9388588588588588,0.432805936278128,RRAS2;PDLIM4,0.7276126635780216,0,0
Severity_positive_FDR005,drug repositioning,1392,indomethacin CTD 00006147,0.6306580496267783,0.9388588588588588,0.432805936278128,SERPINE1;TIMP1,0.7276126635780216,0,0
Severity_positive_FDR005,drug repositioning,1393,AZD5438 LINCS,0.6312511828212367,1.0096262160778289,0.4644799790383933,CSF1R,0.7277741562174488,0,0
Severity_positive_FDR005,drug repositioning,1394,N-NITROSODIETHYLAMINE CTD 00005817,0.6336111371815234,1.003103378103378,0.4577359940788592,TIMP1,0.729447660439804,0,0
Severity_positive_FDR005,drug repositioning,1395,dmnq CTD 00002569,0.6336111371815234,1.003103378103378,0.4577359940788592,TIMP1,0.729447660439804,0,0
Severity_positive_FDR005,drug repositioning,1396,Pyruvic acid BOSS,0.6359561061213715,0.9966636336063088,0.4511156082697745,CLEC4D,0.7316228556095435,0,0
Severity_positive_FDR005,drug repositioning,1397,oleic acid BOSS,0.6382861841376433,0.9903054048623668,0.4446159635885618,ICAM1,0.7337778179850072,0,0
Severity_positive_FDR005,drug repositioning,1398,lycorine HL60 DOWN,0.6442015454063403,0.9093865371004456,0.3998969488412411,PXMP2;ITGB2;IGFBP7;CD48;CD14,0.7399746975151557,0,0
Severity_positive_FDR005,drug repositioning,1399,scriptaid PC3 DOWN,0.6445981331405372,0.9068349404424276,0.3982168003140696,CEBPD;CXCL1;BUB3;IL7R,0.7399746975151557,0,0
Severity_positive_FDR005,drug repositioning,1400,liothyronine CTD 00006943,0.645188007572573,0.971704623878537,0.425814103679753,CCL5,0.7401228144011088,0,0
Severity_positive_FDR005,drug repositioning,1401,clopamide HL60 DOWN,0.6466281619693043,0.9110204081632652,0.3971901947385199,TIMP1;PSMB8,0.7412454162189169,0,0
Severity_positive_FDR005,drug repositioning,1402,DL-METHIONINE BOSS,0.6564018690363138,0.9421973608720596,0.3966481975574648,BHMT,0.7513766227172629,0,0
Severity_positive_FDR005,drug repositioning,1403,Estrone sulfate BOSS,0.6564018690363138,0.9421973608720596,0.3966481975574648,ICAM1,0.7513766227172629,0,0
Severity_positive_FDR005,drug repositioning,1404,formaldehyde CTD 00006001,0.6580715324142142,0.925925925925926,0.387445964527613,CEBPD;SERPINE1;ITGB2;LY86;CXCL1;FOS;ICAM1;GLIPR1;PTPRC;CLEC7A;CCL5;ARHGDIB;CLCA2;LPXN;TIMP1;IL7R;CYTIP;ATF3;PLA1A,0.7527513397843505,0,0
Severity_positive_FDR005,drug repositioning,1405,forskolin BOSS,0.6586020804338353,0.9365079365079364,0.3911191946052847,TNNT2,0.7528220221898501,0,0
Severity_positive_FDR005,drug repositioning,1406,tobramycin PC3 DOWN,0.660788313000209,0.9308862433862434,0.3856864109591779,CCL5,0.7547838056033681,0,0
Severity_positive_FDR005,drug repositioning,1407,captopril HL60 DOWN,0.6629606549819813,0.925331079177233,0.3803477485540841,ALOX5AP,0.7556528118531313,0,0
Severity_positive_FDR005,drug repositioning,1408,pyrvinium MCF7 UP,0.6629606549819813,0.925331079177233,0.3803477485540841,ATF3,0.7556528118531313,0,0
Severity_positive_FDR005,drug repositioning,1409,staurosporine CTD 00007273,0.6629606549819813,0.925331079177233,0.3803477485540841,ITGB2,0.7556528118531313,0,0
Severity_positive_FDR005,drug repositioning,1410,dirithromycin HL60 UP,0.6651191938597765,0.9198412698412698,0.3751011658455506,PDLIM4,0.7575754789636886,0,0
Severity_positive_FDR005,drug repositioning,1411,morphine BOSS,0.6672640165740547,0.9144156688016336,0.3699446756888544,CCL5,0.7589419338653908,0,0
Severity_positive_FDR005,drug repositioning,1412,"14-Deoxy-11,12-didehydroandrographolide CTD 00004394",0.6672640165740547,0.9144156688016336,0.3699446756888544,RBM47,0.7589419338653908,0,0
Severity_positive_FDR005,drug repositioning,1413,L-aspartic acid BOSS,0.6693952097263878,0.9090531561461794,0.3648763433359581,ICAM1,0.7608271102764181,0,0
Severity_positive_FDR005,drug repositioning,1414,parthenolide PC3 DOWN,0.671512859221495,0.903752637856684,0.3598942852640719,CXCL1,0.7625617799244425,0,0
Severity_positive_FDR005,drug repositioning,1415,genistein CTD 00007324,0.6718710576544745,0.8887731481481481,0.3534551581866204,CEBPD;ANXA3;PRKAR2A;SERPINE1;TIMP1;FOS;ATF3,0.7625617799244425,0,0
Severity_positive_FDR005,drug repositioning,1416,ALDOSTERONE BOSS,0.6757078681019312,0.8933333333333333,0.350181703413994,ICAM1,0.766374884302049,0,0
Severity_positive_FDR005,drug repositioning,1417,palmitic acid BOSS,0.6777853967297631,0.8882124819624819,0.345447653302229,ICAM1,0.7681886712406489,0,0
Severity_positive_FDR005,drug repositioning,1418,CALCIUM CTD 00005559,0.6798497200752354,0.8831494933189848,0.3407928220316673,CCL5,0.768900903262034,0,0
Severity_positive_FDR005,drug repositioning,1419,"O,P'-DDT CTD 00000838",0.6798497200752354,0.8831494933189848,0.3407928220316673,PRKAR2A,0.768900903262034,0,0
Severity_positive_FDR005,drug repositioning,1420,"(17S)-17-hydroxy-13,17-dimethyl-1,2,6,7,8,14,15,16-octahydrocyclopenta[a]phenanthren-3-one CTD 00007088",0.6798501137186104,0.855145205479452,0.3299859341396112,SERPINE1;ATF3,0.768900903262034,0,0
Severity_positive_FDR005,drug repositioning,1421,ouabain HL60 DOWN,0.6813032380632363,0.8563895781637717,0.3286376066653724,GLIPR1;NCF4;CD14,0.7694606190784511,0,0
Severity_positive_FDR005,drug repositioning,1422,piroxicam CTD 00006571,0.6813032380632363,0.8563895781637717,0.3286376066653724,GLIPR1;CXCL2;ATF3,0.7694606190784511,0,0
Severity_positive_FDR005,drug repositioning,1423,PhIP CTD 00002156,0.6819009212782317,0.878143392188336,0.3362155582818217,FOS,0.769594433993563,0,0
Severity_positive_FDR005,drug repositioning,1424,CORTICOSTERONE BOSS,0.6839390832532289,0.8731932251485324,0.3317142525458946,ICAM1,0.7713526458600322,0,0
Severity_positive_FDR005,drug repositioning,1425,parthenolide HL60 DOWN,0.6859642881943241,0.8682980599647266,0.3272873364892463,CD14,0.7720102640785456,0,0
Severity_positive_FDR005,drug repositioning,1426,hemin BOSS,0.6859642881943241,0.8682980599647266,0.3272873364892463,ICAM1,0.7720102640785456,0,0
Severity_positive_FDR005,drug repositioning,1427,hydrogen sulfide BOSS,0.6859642881943241,0.8682980599647266,0.3272873364892463,ICAM1,0.7720102640785456,0,0
Severity_positive_FDR005,drug repositioning,1428,methotrexate BOSS,0.6879766177730918,0.8634569850039463,0.3229332814513382,CD68,0.7731913562936217,0,0
Severity_positive_FDR005,drug repositioning,1429,L-leucine BOSS,0.6879766177730918,0.8634569850039463,0.3229332814513382,ATF3,0.7731913562936217,0,0
Severity_positive_FDR005,drug repositioning,1430,dirithromycin HL60 DOWN,0.6895940560327802,0.8452429563086974,0.3141363865910487,NCF4;CD14;PSMB8,0.7744671706214301,0,0
Severity_positive_FDR005,drug repositioning,1431,piperlongumine HL60 UP,0.6919629753093961,0.8539335588515916,0.3144378305485344,ATF3,0.7755007245965737,0,0
Severity_positive_FDR005,drug repositioning,1432,COPPER BOSS,0.6919629753093961,0.8539335588515916,0.3144378305485344,ICAM1,0.7755007245965737,0,0
Severity_positive_FDR005,drug repositioning,1433,Copper(II) chloride CTD 00001408,0.6919629753093961,0.8539335588515916,0.3144378305485344,FOS,0.7755007245965737,0,0
Severity_positive_FDR005,drug repositioning,1434,sucrose BOSS,0.6939371641104369,0.8492494824016563,0.3102935650567143,CD53,0.7756012625302601,0,0
Severity_positive_FDR005,drug repositioning,1435,lactic acid BOSS,0.6958987993893044,0.8446160446160447,0.3062164189538328,ICAM1,0.7756012625302601,0,0
Severity_positive_FDR005,drug repositioning,1436,methanol BOSS,0.6958987993893044,0.8446160446160447,0.3062164189538328,CD53,0.7756012625302601,0,0
Severity_positive_FDR005,drug repositioning,1437,L-cysteine BOSS,0.6958987993893044,0.8446160446160447,0.3062164189538328,ICAM1,0.7756012625302601,0,0
Severity_positive_FDR005,drug repositioning,1438,Ethylparaben BOSS,0.6958987993893044,0.8446160446160447,0.3062164189538328,ICAM1,0.7756012625302601,0,0
Severity_positive_FDR005,drug repositioning,1439,Bisphenol A CTD 00000312,0.697077418814195,0.8653784860557769,0.3122794420680707,CEBPD;PRKAR2A;ITGB2;FOS;ATF3;MDFI;IL18R1,0.7756012625302601,0,0
Severity_positive_FDR005,drug repositioning,1440,ZINC BOSS,0.697847960371249,0.8400324287421062,0.3022050446522182,ICAM1,0.7756012625302601,0,0
Severity_positive_FDR005,drug repositioning,1441,ethanol BOSS,0.697847960371249,0.8400324287421062,0.3022050446522182,ICAM1,0.7756012625302601,0,0
Severity_positive_FDR005,drug repositioning,1442,Quercetin dihydrate BOSS,0.697847960371249,0.8400324287421062,0.3022050446522182,ICAM1,0.7756012625302601,0,0
Severity_positive_FDR005,drug repositioning,1443,Hydrogen BOSS,0.697847960371249,0.8400324287421062,0.3022050446522182,ICAM1,0.7756012625302601,0,0
Severity_positive_FDR005,drug repositioning,1444,Erythorbic acid BOSS,0.697847960371249,0.8400324287421062,0.3022050446522182,ICAM1,0.7756012625302601,0,0
Severity_positive_FDR005,drug repositioning,1445,sodium chloride BOSS,0.697847960371249,0.8400324287421062,0.3022050446522182,ICAM1,0.7756012625302601,0,0
Severity_positive_FDR005,drug repositioning,1446,daunorubicin PC3 DOWN,0.6996489106592074,0.8229656992084433,0.2939441117251117,SERPINE1;PDLIM4,0.7766788317183952,0,0
Severity_positive_FDR005,drug repositioning,1447,D-glucose BOSS,0.6997847257138966,0.8354978354978355,0.2982581277264498,ICAM1,0.7766788317183952,0,0
Severity_positive_FDR005,drug repositioning,1448,metformin BOSS,0.7017091735982279,0.8310114826072272,0.2943743858365781,ICAM1,0.7777397741882361,0,0
Severity_positive_FDR005,drug repositioning,1449,Coke BOSS,0.7017091735982279,0.8310114826072272,0.2943743858365781,ICAM1,0.7777397741882361,0,0
Severity_positive_FDR005,drug repositioning,1450,glutathione BOSS,0.7036213817815427,0.8265726043503822,0.2905525677342734,ICAM1,0.7793213373387292,0,0
Severity_positive_FDR005,drug repositioning,1451,streptozocin BOSS,0.7055214274336482,0.8221804511278196,0.2867914525561678,ICAM1,0.7798123967367097,0,0
Severity_positive_FDR005,drug repositioning,1452,nitric oxide BOSS,0.7055214274336482,0.8221804511278196,0.2867914525561678,ICAM1,0.7798123967367097,0,0
Severity_positive_FDR005,drug repositioning,1453,N-Acetyl-L-cysteine BOSS,0.7055214274336482,0.8221804511278196,0.2867914525561678,ICAM1,0.7798123967367097,0,0
Severity_positive_FDR005,drug repositioning,1454,1-Phosphatidyl-myo-inositol BOSS,0.7074093875300906,0.8178342890384775,0.2830898484943651,ICAM1,0.78127933139087,0,0
Severity_positive_FDR005,drug repositioning,1455,meclofenoxate HL60 UP,0.7078215611293374,0.8098909090909091,0.2798685341702233,CCRL2;FYB,0.78127933139087,0,0
Severity_positive_FDR005,drug repositioning,1456,folic acid CTD 00005997,0.7111493549511424,0.8092770787071305,0.2758605502824216,IL7R,0.7844133681672629,0,0
Severity_positive_FDR005,drug repositioning,1457,UNII-CXY7B3Q98Z BOSS,0.7130015134551918,0.8050646375388644,0.2723306124616697,ICAM1,0.7859165618455992,0,0
Severity_positive_FDR005,drug repositioning,1458,2-Butanone BOSS,0.7148418884882546,0.8008954008954009,0.2688556971936408,ICAM1,0.7874047139315067,0,0
Severity_positive_FDR005,drug repositioning,1459,CUPRIC OXIDE CTD 00001471,0.7158096849651521,0.7972173913043479,0.266542420343655,FOS;ATF3,0.7876389498712866,0,0
Severity_positive_FDR005,drug repositioning,1460,fulvestrant MCF7 DOWN,0.7166705543448056,0.7967687074829932,0.2654347478723537,PRKAR2A,0.7876389498712866,0,0
Severity_positive_FDR005,drug repositioning,1461,5-Fluorouracil BOSS,0.7166705543448056,0.7967687074829932,0.2654347478723537,CD53,0.7876389498712866,0,0
Severity_positive_FDR005,drug repositioning,1462,cyclophosphamide BOSS,0.7184875850320266,0.7926839094351785,0.2620667324219523,PTPRC,0.7876389498712866,0,0
Severity_positive_FDR005,drug repositioning,1463,Acetylcholine bromide BOSS,0.7184875850320266,0.7926839094351785,0.2620667324219523,ICAM1,0.7876389498712866,0,0
Severity_positive_FDR005,drug repositioning,1464,hydrocortisone BOSS,0.7184875850320266,0.7926839094351785,0.2620667324219523,ICAM1,0.7876389498712866,0,0
Severity_positive_FDR005,drug repositioning,1465,Andriol CTD 00000567,0.7184875850320266,0.7926839094351785,0.2620667324219523,IGSF6,0.7876389498712866,0,0
Severity_positive_FDR005,drug repositioning,1466,Bosutinib,0.7202930539448201,0.7886403719737053,0.2587506429733156,CSF1R,0.7890795665998507,0,0
Severity_positive_FDR005,drug repositioning,1467,dopamine BOSS,0.7220870340624399,0.7846374730796841,0.2554854949797123,HTR2B,0.7901387462724896,0,0
Severity_positive_FDR005,drug repositioning,1468,ETHYL METHANESULFONATE CTD 00005938,0.7222438851357502,0.8704216013535141,0.2832285791693985,SERPINE1;MS4A7;NCF4;LY86;PTPRC;ALOX5AP;CLCA2;LPXN;BUB3;CYTIP;ATF3;IL18R1;PLA1A,0.7901387462724896,0,0
Severity_positive_FDR005,drug repositioning,1469,Capsaicin BOSS,0.7256408175118829,0.7767511648108663,0.2491041982132431,ATF3,0.7933146037604385,0,0
Severity_positive_FDR005,drug repositioning,1470,arsenite CTD 00000779,0.7262499606298345,0.8382315029646816,0.2681175877475589,BHMT;CCL5;SERPINE1;GIPC2;LPXN;CD14;PLA1A,0.7934404331779008,0,0
Severity_positive_FDR005,drug repositioning,1471,Pentadecafluorooctanoic acid CTD 00001078,0.7274007646593357,0.7728665723715229,0.2459861913570802,MDFI,0.7936725098876727,0,0
Severity_positive_FDR005,drug repositioning,1472,Methaneseleninic acid CTD 00000412,0.7274507687139815,0.77892,0.2478593185253517,CD14;ATF3,0.7936725098876727,0,0
Severity_positive_FDR005,drug repositioning,1473,0179445-0000 MCF7 UP,0.7291495104125276,0.7690202517788725,0.2429154088520519,ATF3,0.7944464814942466,0,0
Severity_positive_FDR005,drug repositioning,1474,monobenzone PC3 DOWN,0.7291495104125276,0.7690202517788725,0.2429154088520519,RRAS2,0.7944464814942466,0,0
Severity_positive_FDR005,drug repositioning,1475,norgestrel CTD 00006422,0.7308871254821941,0.7652116402116402,0.2398909737399986,SERPINE1,0.7957998125589177,0,0
Severity_positive_FDR005,drug repositioning,1476,MG-262 MCF7 DOWN,0.7337436897720907,0.7691061728395062,0.2381118161682819,CEBPD;ASF1B,0.7978282774366809,0,0
Severity_positive_FDR005,drug repositioning,1477,thapsigargin MCF7 UP,0.7337436897720907,0.7691061728395062,0.2381118161682819,PRSS16;ATF3,0.7978282774366809,0,0
Severity_positive_FDR005,drug repositioning,1478,epinephrine BOSS,0.734329244444683,0.7577053475111728,0.2339777360459191,ICAM1,0.797924740580623,0,0
Severity_positive_FDR005,drug repositioning,1479,Enterolactone CTD 00001393,0.7442016670152939,0.8021501544309813,0.236989827005029,CEBPD;ANXA3;FOS;ATF3;ASF1B,0.8081053936623136,0,0
Severity_positive_FDR005,drug repositioning,1480,vorinostat PC3 UP,0.7447625554073014,0.7520386473429952,0.221618140370286,SERPINE1;RRAS2,0.8081680162054905,0,0
Severity_positive_FDR005,drug repositioning,1481,etifenin PC3 DOWN,0.7472053715511624,0.7692031299904184,0.2241574864178821,GLIPR1;PRKAR2A;IL7R,0.8102713212094306,0,0
Severity_positive_FDR005,drug repositioning,1482,digitoxigenin HL60 UP,0.7507153958829479,0.742873508353222,0.2130031299907479,FOS;CXCL2,0.8129453379483891,0,0
Severity_positive_FDR005,drug repositioning,1483,oxyphenbutazone BOSS,0.7508954649522097,0.7222589653145208,0.2069191269249111,ICAM1,0.8129453379483891,0,0
Severity_positive_FDR005,drug repositioning,1484,vorinostat MCF7 UP,0.7511898390506908,0.7640005288207298,0.2185781656809728,FOS;ATF3;ASF1B,0.8129453379483891,0,0
Severity_positive_FDR005,drug repositioning,1485,parthenolide MCF7 UP,0.7603388914661428,0.7025239525239525,0.1924852650512908,ATF3,0.8222924307707914,0,0
Severity_positive_FDR005,drug repositioning,1486,amiodarone CTD 00005381,0.7628451450688406,0.7487942122186495,0.2026987607114728,FOS;ATF3;ICAM1,0.8244477139842248,0,0
Severity_positive_FDR005,drug repositioning,1487,lanatoside C HL60 UP,0.7633961323520221,0.723460465116279,0.1953185577816181,FOS;CXCL2,0.8244883581421302,0,0
Severity_positive_FDR005,drug repositioning,1488,levonorgestrel HL60 UP,0.7723797670746039,0.6778122843340235,0.1750646272352025,MUSK,0.8330704539434614,0,0
Severity_positive_FDR005,drug repositioning,1489,ethanol CTD 00005337,0.7723797670746039,0.6778122843340235,0.1750646272352025,ICAM1,0.8330704539434614,0,0
Severity_positive_FDR005,drug repositioning,1490,baclofen HL60 DOWN,0.7767386686547106,0.6689829007425574,0.1690194122377064,IGFBP7,0.8372095985633995,0,0
Severity_positive_FDR005,drug repositioning,1491,digoxin HL60 DOWN,0.7850342972718957,0.6905955555555555,0.1671433722831134,NCF4;NCKAP1L,0.8446393397624757,0,0
Severity_positive_FDR005,drug repositioning,1492,puromycin HL60 DOWN,0.785209548110446,0.6519891080560537,0.1576540023503507,CD14,0.8446393397624757,0,0
Severity_positive_FDR005,drug repositioning,1493,tolnaftate PC3 DOWN,0.785209548110446,0.6519891080560537,0.1576540023503507,CXCL2,0.8446393397624757,0,0
Severity_positive_FDR005,drug repositioning,1494,chlorzoxazone HL60 UP,0.7881271838682434,0.685916114790287,0.163313746975541,MUSK;PDLIM4,0.8472103462465856,0,0
Severity_positive_FDR005,drug repositioning,1495,URANIUM CTD 00006964,0.7933614615356235,0.635827664399093,0.1471790643747494,FOS,0.8522665600175328,0,0
Severity_positive_FDR005,drug repositioning,1496,cicloheximide PC3 DOWN,0.7946899467116567,0.6332107368692734,0.1455138818072602,FZD4,0.8531230310286902,0,0
Severity_positive_FDR005,drug repositioning,1497,scriptaid PC3 UP,0.7977227437918304,0.7031867649211849,0.1589161168600227,SERPINE1;RRAS2;ATF3,0.8558067645488843,0,0
Severity_positive_FDR005,drug repositioning,1498,AZD7762 LINCS,0.8037550464017762,0.6154714850367025,0.1344563467632272,CSF1R,0.8617026732451619,0,0
Severity_positive_FDR005,drug repositioning,1499,PNU-0293363 MCF7 UP,0.8050172213466098,0.6130171228596425,0.1329582700083206,RRAS2,0.8619051049884369,0,0
Severity_positive_FDR005,drug repositioning,1500,mitoxantrone CTD 00006345,0.8050172213466098,0.6130171228596425,0.1329582700083206,IGFBP7,0.8619051049884369,0,0
Severity_positive_FDR005,drug repositioning,1501,Cianidanol CTD 00005600,0.8082094969668645,0.7137572992358099,0.1519831793708812,SERPINE1;ITGB2;CLEC4E;ICAM1,0.8647464704388971,0,0
Severity_positive_FDR005,drug repositioning,1502,trichostatin A MCF7 UP,0.8110556323901331,0.7103261377441361,0.1487555265799862,FZD4;FOS;ATF3;ASF1B,0.8672139451521662,0,0
Severity_positive_FDR005,drug repositioning,1503,piperlongumine MCF7 DOWN,0.813629755579085,0.5963631940643435,0.122999826584537,FZD4,0.8693874833399937,0,0
Severity_positive_FDR005,drug repositioning,1504,digoxin PC3 UP,0.8151666057979599,0.6450561330561331,0.1318254532164179,FOS;ATF3,0.870450511244364,0,0
Severity_positive_FDR005,drug repositioning,1505,MG-132 MCF7 UP,0.8230112974068993,0.5783914557148758,0.1126621828873963,ATF3,0.878243284807628,0,0
Severity_positive_FDR005,drug repositioning,1506,CEP-701 Kinome Scan,0.8252825168498801,0.5740643120716922,0.1102372866047869,CSF1R,0.8800821527628867,0,0
Severity_positive_FDR005,drug repositioning,1507,puromycin HL60 UP,0.8275248170068678,0.5698005698005698,0.1078724682848972,FOS,0.8818877611898007,0,0
Severity_positive_FDR005,drug repositioning,1508,azacyclonol HL60 UP,0.8286352366613214,0.5676920403197775,0.1067120388419955,PDLIM4,0.8824855371870571,0,0
Severity_positive_FDR005,drug repositioning,1509,alprostadil HL60 DOWN,0.8300523241389677,0.6224899598393574,0.1159490504109173,PLEK;C3AR1,0.8834089016349782,0,0
Severity_positive_FDR005,drug repositioning,1510,melphalan CTD 00006262,0.8330064314800597,0.5594096151650109,0.1022119214240458,ICAM1,0.8859657807662092,0,0
Severity_positive_FDR005,drug repositioning,1511,digitoxigenin HL60 DOWN,0.8423378629214634,0.6435819892473118,0.1104219895419511,GLIPR1;NCF4;CD14,0.8952975564870087,0,0
Severity_positive_FDR005,drug repositioning,1512,chlortetracycline HL60 UP,0.8434563994820412,0.5397100970017636,0.0918840617656704,PDLIM4,0.8953013731448501,0,0
Severity_positive_FDR005,drug repositioning,1513,valproic acid HL60 UP,0.8434563994820412,0.5397100970017636,0.0918840617656704,ASF1B,0.8953013731448501,0,0
Severity_positive_FDR005,drug repositioning,1514,Allococaine CTD 00005697,0.8444650150307013,0.5378151260504201,0.0909187067890306,FOS,0.895779930078802,0,0
Severity_positive_FDR005,drug repositioning,1515,chlorhexidine PC3 UP,0.8474523383930965,0.5322080887149381,0.0880914443162075,NCKAP1L,0.8976200683907544,0,0
Severity_positive_FDR005,drug repositioning,1516,luteolin HL60 DOWN,0.8474523383930965,0.5322080887149381,0.0880914443162075,GLIPR1,0.8976200683907544,0,0
Severity_positive_FDR005,drug repositioning,1517,MS-275 PC3 DOWN,0.8484354071090692,0.5303645917980389,0.0871714260767713,CEBPD,0.8976200683907544,0,0
Severity_positive_FDR005,drug repositioning,1518,ajmaline HL60 UP,0.8484354071090692,0.5303645917980389,0.0871714260767713,PDLIM4,0.8976200683907544,0,0
Severity_positive_FDR005,drug repositioning,1519,OCHRATOXIN A CTD 00001202,0.8513470581161361,0.5249088374088374,0.0844764187894037,FOS,0.9001075545322678,0,0
Severity_positive_FDR005,drug repositioning,1520,trichostatin A PC3 DOWN,0.8525894640527969,0.6810617951401,0.1086137819128059,CEBPD;CXCL1;BUB3;IL7R;CXCL2,0.9004802887455636,0,0
Severity_positive_FDR005,drug repositioning,1521,lobeline HL60 DOWN,0.8528209957546714,0.7129629629629629,0.1135077006355644,PTPRC;NCF4;IGFBP7;CD14;BUB3;CYTIP;PSMB8,0.9004802887455636,0,0
Severity_positive_FDR005,drug repositioning,1522,levonorgestrel HL60 DOWN,0.8542032057529886,0.5195625630408239,0.0818758731648459,PLEK,0.9013471408931008,0,0
Severity_positive_FDR005,drug repositioning,1523,menadione CTD 00007386,0.8562709692927343,0.6766086516935076,0.1049882819233934,FZD4;RRAS2;FOS;PRSS22;ATF3,0.9027408387013623,0,0
Severity_positive_FDR005,drug repositioning,1524,chlorhexidine PC3 DOWN,0.8566482180453775,0.5816842105263158,0.0900027911026941,GLIPR1;RRAS2,0.9027408387013623,0,0
Severity_positive_FDR005,drug repositioning,1525,67526-95-8 CTD 00007263,0.8605770778118212,0.6484874964661133,0.0973717555641025,FOS;CXCL2;ATF3;ASF1B,0.906286417682482,0,0
Severity_positive_FDR005,drug repositioning,1526,MG-262 MCF7 UP,0.8650934645142664,0.4992089011381616,0.0723442189644727,ATF3,0.910445677594962,0,0
Severity_positive_FDR005,drug repositioning,1527,methazolamide HL60 UP,0.868541071396009,0.4927689594356261,0.0694510564104502,FYB,0.9134754162815916,0,0
Severity_positive_FDR005,drug repositioning,1528,anisomycin PC3 DOWN,0.8730915832545527,0.555884892086331,0.0754418193388669,FZD4;PRKAR2A,0.9176603944416306,0,0
Severity_positive_FDR005,drug repositioning,1529,SELENIUM CTD 00006731,0.8744086486893645,0.688611469072165,0.0924167901105412,C1QB;CXCL1;PCOLCE;CD14;TIMP1;CXCL2;PDLIM4,0.9184436166089728,0,0
Severity_positive_FDR005,drug repositioning,1530,pregnenolone PC3 DOWN,0.87598186462127,0.4788604742308446,0.0634058630760488,CXCL2,0.9191334836803132,0,0
Severity_positive_FDR005,drug repositioning,1531,lanatoside C HL60 DOWN,0.8762931261021202,0.5507878787878788,0.0727340868870791,CEBPD;NCF4,0.9191334836803132,0,0
Severity_positive_FDR005,drug repositioning,1532,dexverapamil MCF7 DOWN,0.8767823767112327,0.4773626373626373,0.0627714981639468,RRAS2,0.9191334836803132,0,0
Severity_positive_FDR005,drug repositioning,1533,thapsigargin PC3 DOWN,0.8791532820916622,0.4729239256678281,0.0609107166188558,P2RY6,0.9210177240960272,0,0
Severity_positive_FDR005,drug repositioning,1534,LEAD CTD 00006203,0.8830515342105351,0.5859566890453578,0.0728764397631241,LPXN;LILRB4;MPEG1,0.9244985423351496,0,0
Severity_positive_FDR005,drug repositioning,1535,lobeline HL60 UP,0.8874657757997082,0.457320784754413,0.0545973886217122,PDLIM4,0.928514681390444,0,0
Severity_positive_FDR005,drug repositioning,1536,emetine PC3 UP,0.8881853272746936,0.5783106960950763,0.068573107442908,CXCL2;ATF3;ICAM1,0.9286625231791392,0,0
Severity_positive_FDR005,drug repositioning,1537,Caspan CTD 00000180,0.8916594428699641,0.5730715287517532,0.0657146908937208,LGALS3;RBM47;ANXA3,0.9316883963885249,0,0
Severity_positive_FDR005,drug repositioning,1538,diazinon CTD 00005790,0.8965740693665151,0.5992259336083097,0.0654201130411483,CD84;TMEM98;TNNT2;ITGB2,0.9362145353723168,0,0
Severity_positive_FDR005,drug repositioning,1539,danazol HL60 DOWN,0.8983699693091602,0.6222633096598494,0.0666900142172653,PTPRC;ANXA3;CD14;CYTIP;PSMB8,0.9374802928593317,0,0
Severity_positive_FDR005,drug repositioning,1540,clindamycin HL60 DOWN,0.899683533259025,0.6577002264772494,0.0695269426209566,TYROBP;PTPRC;NCF4;CD14;LCP1;TIMP1;PSMB8,0.938241398970126,0,0
Severity_positive_FDR005,drug repositioning,1541,MG-262 PC3 DOWN,0.9011521924218608,0.431401158420657,0.0449007160098119,FZD4,0.9391631544643144,0,0
Severity_positive_FDR005,drug repositioning,1542,diltiazem PC3 DOWN,0.9036843985032624,0.4265599720145174,0.0431999022201687,SERPINE1,0.9411914033698052,0,0
Severity_positive_FDR005,drug repositioning,1543,glibenclamide HL60 UP,0.9049262597822556,0.4241791693846488,0.0423762708178771,PDLIM4,0.9417727632491448,0,0
Severity_positive_FDR005,drug repositioning,1544,0175029-0000 MCF7 UP,0.9061522328103768,0.4218243155572856,0.0415699256372195,ATF3,0.9417727632491448,0,0
Severity_positive_FDR005,drug repositioning,1545,sulpiride PC3 DOWN,0.9064500110649154,0.5010211382113822,0.0492099932274352,GLIPR1;RRAS2,0.9417727632491448,0,0
Severity_positive_FDR005,drug repositioning,1546,estradiol CTD 00005920,0.9065882266395876,0.7556747687484823,0.0741067022606093,CEBPD;ANXA3;P2RY14;SERPINE1;IRX4;ITGB2;FOS;OSMR;CXCL2;PSMB8;ICAM1;MMP12;LGALS3;GLIPR1;TMEM98;PRKAR2A;UBD;CCL5;GIPC2;TIMP1;IL7R;ATF3,0.9417727632491448,0,0
Severity_positive_FDR005,drug repositioning,1547,ambroxol PC3 DOWN,0.908867223113955,0.4968516129032258,0.0474772842170269,RRAS2;ASF1B,0.9432126939025872,0,0
Severity_positive_FDR005,drug repositioning,1548,bisacodyl MCF7 DOWN,0.9091489727031168,0.4160479604027991,0.0396270337896089,FZD4,0.9432126939025872,0,0
Severity_positive_FDR005,drug repositioning,1549,ampyrone HL60 UP,0.9131855402681668,0.4082171127026008,0.0370727263736418,PDLIM4,0.9467888816466598,0,0
Severity_positive_FDR005,drug repositioning,1550,doxycycline HL60 UP,0.918645228656939,0.3975190761823152,0.0337315892526586,FYB,0.9518349917568026,0,0
Severity_positive_FDR005,drug repositioning,1551,neostigmine bromide PC3 DOWN,0.9213649621128008,0.4746913580246913,0.0388767731625348,GLIPR1;IL7R,0.9538274708611468,0,0
Severity_positive_FDR005,drug repositioning,1552,apigenin HL60 DOWN,0.92175606150467,0.391360257183042,0.0318859461638664,CEBPD,0.9538274708611468,0,0
Severity_positive_FDR005,drug repositioning,1553,VITAMIN E CTD 00006994,0.924393783342835,0.6056246703006858,0.0476124708182314,CCL5;PCOLCE;TIMP1;PDLIM4;ATF3;ICAM1,0.9559410277196349,0,0
Severity_positive_FDR005,drug repositioning,1554,digoxigenin HL60 DOWN,0.926215466740362,0.4657696969696969,0.0357004954916834,CEBPD;NCF4,0.957208519681481,0,0
Severity_positive_FDR005,drug repositioning,1555,cephaeline HL60 DOWN,0.9290263367743592,0.3767518389469609,0.0277357888295877,PXMP2,0.9594960108422,0,0
Severity_positive_FDR005,drug repositioning,1556,pyrithyldione HL60 UP,0.930397852926988,0.3739574926015604,0.026978409954572,LILRB4,0.9601437020152256,0,0
Severity_positive_FDR005,drug repositioning,1557,trichostatin A PC3 UP,0.93084915568973,0.3730350433248984,0.0267309596068955,SERPINE1,0.9601437020152256,0,0
Severity_positive_FDR005,drug repositioning,1558,proscillaridin MCF7 DOWN,0.9343565946954648,0.3658128338223125,0.0248376380884329,IRX4,0.9631429339415382,0,0
Severity_positive_FDR005,drug repositioning,1559,sanguinarine HL60 DOWN,0.9376874548342846,0.358859357696567,0.0230885048320317,ICAM1,0.965956415948596,0,0
Severity_positive_FDR005,drug repositioning,1560,meclofenoxate HL60 DOWN,0.9438685119608368,0.4312123769338959,0.0249104536962014,PLEK;IGFBP7,0.9717005321853228,0,0
Severity_positive_FDR005,drug repositioning,1561,cimetidine PC3 DOWN,0.9449837531055832,0.4819100169779287,0.0272701043461873,GLIPR1;ANXA3;LCP1,0.9722254372117658,0,0
Severity_positive_FDR005,drug repositioning,1562,vorinostat HL60 UP,0.947967976548661,0.4225765517241379,0.0225801909708108,FOS;ASF1B,0.9746712998317218,0,0
Severity_positive_FDR005,drug repositioning,1563,mitoxantrone PC3 DOWN,0.9494151249782758,0.3334535834535834,0.0173092893806595,CXCL1,0.975534670962963,0,0
Severity_positive_FDR005,drug repositioning,1564,theophylline CTD 00006862,0.9522992191987564,0.3269302059110976,0.0159790367207347,ITGB2,0.9777859746651966,0,0
Severity_positive_FDR005,drug repositioning,1565,metronidazole PC3 DOWN,0.9528238171550638,0.4119515477792732,0.0199076674002368,CXCL1;BUB3,0.9777859746651966,0,0
Severity_positive_FDR005,drug repositioning,1566,irinotecan PC3 DOWN,0.9560075102598958,0.4585357559269335,0.0206292989955241,RBM47;RRAS2;BUB3,0.980269349748372,0,0
Severity_positive_FDR005,drug repositioning,1567,ouabain MCF7 DOWN,0.9564645523385422,0.3172639502536409,0.0141219103592881,IRX4,0.980269349748372,0,0
Severity_positive_FDR005,drug repositioning,1568,hydralazine CTD 00006108,0.9601954665218844,0.3948113695090439,0.0160366078233713,LY86;ICAM1,0.9834655097156544,0,0
Severity_positive_FDR005,drug repositioning,1569,doxorubicin PC3 DOWN,0.9609102606394836,0.4471774193548387,0.0178308667181571,CEBPD;FZD4;CXCL1,0.9835703496411796,0,0
Severity_positive_FDR005,drug repositioning,1570,anisomycin HL60 DOWN,0.962983141217922,0.4421482431713651,0.0166775548860314,ITGB2;CD48;CD14,0.9850642833095432,0,0
Severity_positive_FDR005,drug repositioning,1571,chlortetracycline HL60 DOWN,0.9658160103645396,0.4350217210463074,0.0151308943415262,TIMP1;CYTIP;PSMB8,0.9873332352930938,0,0
Severity_positive_FDR005,drug repositioning,1572,GDC-0941 CTD 00004868,0.9679804124432456,0.2885338345864661,0.0093898797798892,RBM47,0.9889163755622472,0,0
Severity_positive_FDR005,drug repositioning,1573,METHYL METHANESULFONATE CTD 00006307,0.969636903697463,0.6438121795023277,0.0198510495660763,RBM47;IGSF6;GPR65;SERPINE1;MS4A7;ITGB2;LY86;FOS;PTPRC;ALOX5AP;ARHGDIB;CLCA2;LPXN;CD48;CYTIP;ATF3;IL18R1,0.9899789366421652,0,0
Severity_positive_FDR005,drug repositioning,1574,helveticoside MCF7 DOWN,0.972276350374582,0.2767606440891639,0.0077811819249716,IRX4,0.992043086849796,0,0
Severity_positive_FDR005,drug repositioning,1575,captopril PC3 DOWN,0.9744901442458194,0.356327868852459,0.0092078234683397,GLIPR1;PRKAR2A,0.9936705851801816,0,0
Severity_positive_FDR005,drug repositioning,1576,azacitidine PC3 DOWN,0.9786737071641108,0.2575891187002298,0.0055528445034243,FZD4,0.9973032828080975,0,0
Severity_positive_FDR005,drug repositioning,1577,0179445-0000 MCF7 DOWN,0.9813054144746424,0.3337997799779978,0.0062993152756819,RRAS2;ASF1B,0.99935098011812,0,0
Severity_positive_FDR005,drug repositioning,1578,Copper sulfate CTD 00007279,0.9833492756180348,0.6558234313745336,0.01101186955922,SERPINE1;CXCL1;CXCL2;ICAM1;LGALS3;GLIPR1;P2RY6;UBD;ACP5;LPXN;CD14;TIMP1;FZD4;ANXA3;RHBDD1;RRAS2;FOS;PSMB8;MMP12;BHMT;LRG1;TMEM98;TNNT2;GIPC2;PXMP2;CLEC4E;CD68;ATF3,0.9999947140485184,0,0
Severity_positive_FDR005,drug repositioning,1579,POTASSIUM CHROMATE CTD 00001284,0.9844741967374144,0.4715332741869927,0.0073783597025139,CEBPD;CXCL1;CD14;FOS;IL7R;ATF3,0.9999947140485184,0,0
Severity_positive_FDR005,drug repositioning,1580,(-)-Epigallocatechin gallate CTD 00002033,0.98462411366306,0.491860465116279,0.0076215358611862,CEBPD;CXCL1;CD14;FOS;IL7R;ATF3;ICAM1,0.9999947140485184,0,0
Severity_positive_FDR005,drug repositioning,1581,staurosporine MCF7 DOWN,0.9850467731912936,0.2354619831471683,0.0035475063730455,PRKAR2A,0.9999947140485184,0,0
Severity_positive_FDR005,drug repositioning,1582,lanatoside C MCF7 DOWN,0.9854354411959956,0.2339687408705813,0.0034327105688935,IRX4,0.9999947140485184,0,0
Severity_positive_FDR005,drug repositioning,1583,trichostatin A HL60 UP,0.9867184872085796,0.2288836455503122,0.0030602889869498,ASF1B,0.9999947140485184,0,0
Severity_positive_FDR005,drug repositioning,1584,scriptaid MCF7 UP,0.9884356899105832,0.2216446015572653,0.0025781027909781,ASF1B,0.9999947140485184,0,0
Severity_positive_FDR005,drug repositioning,1585,irinotecan MCF7 DOWN,0.9891220143362606,0.3546861892778159,0.0038794098282468,RBM47;RRAS2;BUB3,0.9999947140485184,0,0
Severity_positive_FDR005,drug repositioning,1586,doxorubicin MCF7 DOWN,0.9891647664668556,0.3007011952191235,0.0032759477283843,CEBPD;FZD4,0.9999947140485184,0,0
Severity_positive_FDR005,drug repositioning,1587,zalcitabine PC3 DOWN,0.9910018057699448,0.2096113847837985,0.0018946610588957,CXCL2,0.9999947140485184,0,0
Severity_positive_FDR005,drug repositioning,1588,COUMESTROL CTD 00005717,0.9918167293601384,0.4097453436998194,0.003366851836782,CEBPD;ANXA3;FOS;ATF3;ASF1B,0.9999947140485184,0,0
Severity_positive_FDR005,drug repositioning,1589,latamoxef HL60 DOWN,0.9919306431504992,0.3780746066672865,0.0030631946110856,CD84;NCKAP1L;BUB3;CTSS,0.9999947140485184,0,0
Severity_positive_FDR005,drug repositioning,1590,medrysone HL60 DOWN,0.992814031901696,0.1998661563878955,0.0014414170372192,CD48,0.9999947140485184,0,0
Severity_positive_FDR005,drug repositioning,1591,trichostatin A CTD 00000660,0.99430668652378,0.5205824698963876,0.0029723083846287,CEBPD;FZD4;ANXA3;CXCL1;PCOLCE;CXCL2;MMP12;LGALS3;BHMT;TMEM98;IGFBP7;CD14;PDLIM4,0.9999947140485184,0,0
Severity_positive_FDR005,drug repositioning,1592,alsterpaullone PC3 DOWN,0.9954280324854432,0.2602536924413553,0.0011925997732567,CEBPD;FZD4,0.9999947140485184,0,0
Severity_positive_FDR005,drug repositioning,1593,alsterpaullone MCF7 DOWN,0.996269637498134,0.3037726092505391,0.0011353008114243,CEBPD;RRAS2;BUB3,0.9999947140485184,0,0
Severity_positive_FDR005,drug repositioning,1594,0175029-0000 MCF7 DOWN,0.9966433069007772,0.2995764092538286,0.0010072775738458,CEBPD;IRX4;RRAS2,0.9999947140485184,0,0
Severity_positive_FDR005,drug repositioning,1595,8-azaguanine HL60 DOWN,0.997107413634627,0.1680927579365079,0.0004869273995077,BUB3,0.9999947140485184,0,0
Severity_positive_FDR005,drug repositioning,1596,GW-8510 MCF7 DOWN,0.9979904590420798,0.2308695652173913,0.0004644086277615,CEBPD;FZD4,0.9999947140485184,0,0
Severity_positive_FDR005,drug repositioning,1597,GW-8510 PC3 DOWN,0.9982414788780778,0.2267236641221374,0.0003990493234557,CEBPD;FZD4,0.9999947140485184,0,0
Severity_positive_FDR005,drug repositioning,1598,H-7 MCF7 DOWN,0.998442856747964,0.2230736842105263,0.0003476284059843,CEBPD;IRX4,0.9999947140485184,0,0
Severity_positive_FDR005,drug repositioning,1599,H-7 PC3 DOWN,0.9986952848564368,0.2179720382634289,0.0002845771056207,CEBPD;FZD4,0.9999947140485184,0,0
Severity_positive_FDR005,drug repositioning,1600,daunorubicin MCF7 DOWN,0.9997925478369922,0.1144236334306155,2.373989278559224e-05,CEBPD,0.9999947140485184,0,0
Severity_positive_FDR005,drug repositioning,1601,atrazine CTD 00005450,0.9999264164873936,0.2831066790921925,2.083275037282442e-05,LRG1;SERPINE1;LPXN;CXCL1;FOS;LILRB4,0.9999947140485184,0,0
Severity_positive_FDR005,drug repositioning,1602,camptothecin PC3 DOWN,0.999946243305052,0.0977046321989389,5.252419285751672e-06,FZD4,0.9999947140485184,0,0
Severity_positive_FDR005,drug repositioning,1603,camptothecin MCF7 DOWN,0.9999524324432304,0.0963771310993533,4.584533693268288e-06,BUB3,0.9999947140485184,0,0
Severity_positive_FDR005,drug repositioning,1604,2-Methylcholine CTD 00002006,0.9999812965694466,0.0867915534582201,1.6233149735573246e-06,BUB3,0.9999947140485184,0,0
Severity_positive_FDR005,drug repositioning,1605,0175029-0000 PC3 DOWN,0.9999870642907692,0.2472319028178831,3.198140692604916e-06,CEBPD;FZD4;SERPINE1;CCRL2;CXCL1;BUB3,0.9999947140485184,0,0
Severity_positive_FDR005,drug repositioning,1606,VALPROIC ACID CTD 00006977,0.9999947140485184,0.3776415208207604,1.9962000323812205e-06,CSF1R;RBM47;CEBPD;SERPINE1;ITGB2;CXCL1;CXCL2;ICAM1;LGALS3;GLIPR1;PRKAR2A;ARHGDIB;ACP5;IGFBP7;BUB3;PDLIM4;FZD4;ANXA3;IRX4;LY86;PRSS16;PCOLCE;FOS;BHMT;CLEC4D;LCP1;ATF3,0.9999947140485184,0,0
