p_val,avg_log2FC,pct.1,pct.2,p_val_adj,cluster,gene
1.51986831408105e-05,1.86242733121128,0.757,0.694,0.245732309020623,0,Lyn
1.89785629163286e-05,1.71262065339497,0.775,0.611,0.3068454052312,0,Dock2
8.78193278737377e-05,0.898893684428395,0.919,0.944,1.0,0,Camk1d
0.0004422831642538,2.26724459109945,0.649,0.611,1.0,0,Dock8
0.0017870361001175,0.312911222383348,0.045,0.222,1.0,0,Celsr2
0.0026241272056105,4.03028102207248,0.414,0.194,1.0,0,Fth1
0.0030594008608387,1.69313393543955,0.649,0.583,1.0,0,Runx1
0.0038292274074387,0.333606613218473,0.153,0.417,1.0,0,Plcl1
0.0058138650428513,1.08478248726078,0.748,0.833,1.0,0,Ccnd3
0.0060488124618643,1.57826259618096,0.55,0.389,1.0,0,Ms4a6b
0.0064060877696185,0.251040427503195,0.207,0.5,1.0,0,Evl
0.0064060877696185,2.66544755610494,0.333,0.111,1.0,0,Mir142hg
0.0065689765833518,0.251756507667843,0.045,0.194,1.0,0,Poglut1
0.0065821107311355,6.12555219627812,0.18,0.0,1.0,0,Atp8b4
0.0067088091469852,0.322166855727167,0.099,0.306,1.0,0,Camk2n1
0.0070098697858273,3.82092483120212,0.369,0.167,1.0,0,Lyz2
0.0071563475516349,1.16431948677237,0.045,0.194,1.0,0,Ankrd46
0.0079604067963869,1.62331063235682,0.631,0.611,1.0,0,Ptprc
0.0079721356640768,2.02835673045367,0.486,0.333,1.0,0,Skap2
0.0080557760512504,4.86642438466107,0.216,0.028,1.0,0,Ccr2
0.0081187999057653,3.44326421260098,0.315,0.111,1.0,0,C1qa
0.0085775278168491,2.44859917030635,0.387,0.167,1.0,0,Ucp2
4.90088641281156e-18,3.29549539584268,0.889,0.126,7.92375315223372e-14,1,Adgrd1
2.6820987148949003e-16,2.40966326862499,1.0,0.288,4.33641720224207e-12,1,Tshz2
1.202845796245e-15,2.65894746582577,0.944,0.288,1.9447610833689097e-11,1,Rbms3
2.5134330894654104e-15,3.48838120036874,0.75,0.09,4.0637186190476695e-11,1,Dmgdh
3.94891263337555e-15,2.65062456898072,0.806,0.117,6.384601945641589e-11,1,Fam20a
4.3189573232972405e-15,2.97122232102005,0.833,0.162,6.98289020030697e-11,1,Ror1
8.48229753558525e-15,4.50231692507022,0.639,0.054,1.3714178655534201e-10,1,Gabra2
3.62201495905697e-14,2.30608393696102,0.972,0.559,5.85607378580331e-10,1,Rora
3.83749787847343e-14,2.03226914503562,0.833,0.126,6.20446656991585e-10,1,Phldb2
5.96449375255146e-14,3.62459416631717,0.694,0.081,9.6433934991252e-10,1,Cacna2d1
6.4285046499089e-14,2.7624984086301,0.833,0.198,1.03936063179727e-09,1,Dpyd
7.22353355644809e-14,2.5542721601335,0.889,0.234,1.1679009054065302e-09,1,Robo1
8.6058625526218e-14,2.08732122678261,1.0,0.721,1.39139585750789e-09,1,Trpm3
8.9776254597539e-14,2.33015826139327,0.778,0.117,1.4515024843330102e-09,1,Plekhg1
1.19314112453566e-13,3.2308477002018,0.639,0.063,1.9290705701492504e-09,1,Kank1
1.8211200137580998e-13,2.49318841679517,0.889,0.225,2.9443868382440903e-09,1,Dach1
2.40658270922169e-13,2.60232210688925,0.806,0.153,3.89096292426963e-09,1,Akap12
5.36550091914956e-13,3.66055131382322,0.639,0.081,8.67494188608101e-09,1,Col8a1
6.29210776253998e-13,2.78438709233787,0.639,0.072,1.01730798304746e-08,1,Hgd
7.66792476637567e-13,3.17496321084269,0.611,0.063,1.23975007622762e-08,1,Dpysl3
8.216707903691239e-13,2.63197483151377,0.972,0.432,1.3284773338688e-08,1,Grid2
1.1158812442073699e-12,1.70288963718131,0.889,0.189,1.80415679563448e-08,1,Samd4
1.1923009641449299e-12,2.60598285885727,0.722,0.117,1.92771219882953e-08,1,Ebf2
1.26055832892714e-12,2.78240959247652,0.75,0.144,2.0380707062094e-08,1,Cyp7b1
1.5410094759613699e-12,2.43683464878547,0.917,0.288,2.49150412073435e-08,1,Ptprd
1.6085130348662199e-12,2.65619966509082,0.917,0.342,2.6006438747717e-08,1,Anks1b
2.26874974317163e-12,2.08969042150325,0.861,0.225,3.66811458475989e-08,1,Plcb4
3.1863852529865196e-12,2.12036367158399,0.944,0.396,5.1517476770286e-08,1,Eya4
3.98386934754481e-12,2.82343478307349,0.611,0.072,6.44111996111045e-08,1,Ptpn3
5.4623460470059295e-12,2.22686491881986,0.944,0.36,8.83152108879918e-08,1,Rgs6
5.47170650268507e-12,3.0512816543009,0.583,0.063,8.84665507354122e-08,1,Aox1
6.2666468162333795e-12,2.22916051139766,0.694,0.099,1.01319145724861e-07,1,Gm29266
8.19417255865181e-12,2.27566495708771,0.639,0.081,1.32483381928282e-07,1,Ntm
9.955762565865198e-12,2.01934597899356,0.944,0.441,1.60964769164908e-07,1,Kcnb2
1.08585799302704e-11,2.44756275768339,0.667,0.099,1.75561520312612e-07,1,9530026P05Rik
1.43072429546229e-11,2.0683016562438,0.75,0.135,2.31319504090343e-07,1,Cntfr
1.5248317528979e-11,2.34537452493071,0.833,0.243,2.46534797808533e-07,1,Cped1
1.7864316731446897e-11,1.77262927344975,0.972,0.541,2.88830272914034e-07,1,Auts2
1.95214528097472e-11,2.5196971597964,0.722,0.144,3.15622849027993e-07,1,Gm4876
2.2301617562675097e-11,2.61452203660048,0.75,0.162,3.60572552753331e-07,1,Hmcn1
2.6162357106530598e-11,2.99347901739026,0.528,0.045,4.22992989698387e-07,1,Clmn
2.6429896228934898e-11,1.68401177894262,1.0,0.694,4.27318562229419e-07,1,Pde4d
2.67277950244127e-11,2.77303541117957,0.694,0.135,4.32134989954704e-07,1,Cdh6
3.34715304046803e-11,3.14286498108089,0.5,0.036,5.41167703582872e-07,1,Apcdd1
3.4975895386578795e-11,1.97188461205365,0.806,0.207,5.65490276610207e-07,1,B3galt1
4.848298460334e-11,1.9450302874687,0.833,0.207,7.83872895066801e-07,1,Grb14
4.9775286911991894e-11,2.42691301278709,0.694,0.135,8.04766838793084e-07,1,Efemp1
5.0017978168329395e-11,2.22932775639209,0.75,0.153,8.0869067102555e-07,1,Slco1c1
5.3706249515853095e-11,2.52757655916619,0.778,0.198,8.68322642172313e-07,1,Naaladl2
5.59053663564121e-11,1.92575804740345,0.889,0.252,9.0387796325047e-07,1,Nrbp2
5.82718675505614e-11,2.93024915349653,0.611,0.09,9.42139554557477e-07,1,Cntnap4
6.041377047515659e-11,2.35249735799776,0.778,0.18,9.76769841042332e-07,1,Cntn4
6.23497244137952e-11,5.23570107416126,0.417,0.018,1.00807034432224e-06,1,Col4a4
6.42557165252655e-11,4.72234921382449,0.444,0.027,1.03888642478049e-06,1,Slc24a3
7.189358938819959e-11,2.21237060159744,0.861,0.324,1.16237555322841e-06,1,Pcdh9
7.544296016901769e-11,2.65752049958448,0.667,0.117,1.21976178001268e-06,1,Pcdh7
7.80224988737388e-11,2.28585465964461,0.833,0.333,1.26146776179061e-06,1,Ano4
8.086101072315201e-11,1.73898609712857,0.889,0.288,1.30736082137192e-06,1,Tjp1
8.46442933936134e-11,2.38994312932167,0.472,0.036,1.36852893558794e-06,1,Itgb8
1.09572629444695e-10,2.0005667064233,0.861,0.261,1.77157027286183e-06,1,Pam
1.27974913307258e-10,1.76957692353304,0.611,0.09,2.06909839835174e-06,1,Antxr1
1.31024972817542e-10,2.62780730358051,0.583,0.081,2.11841176051402e-06,1,Plpp4
1.32858982832637e-10,1.94602737887507,0.944,0.613,2.14806403443808e-06,1,Prkg1
1.34029651609705e-10,1.99021600596329,0.917,0.315,2.16699140722571e-06,1,Nav2
1.3646335178935001e-10,1.83489652725759,0.944,0.396,2.20633947173021e-06,1,Mybpc1
1.37323946923298e-10,2.31969467033235,0.833,0.387,2.22025357385588e-06,1,Pip5k1b
1.38003407981649e-10,3.31466126227583,0.472,0.036,2.23123910024729e-06,1,Gabrb1
1.38587384144221e-10,2.13618535637186,0.639,0.099,2.24068082684377e-06,1,Pou3f3
1.69469151299119e-10,3.42446919925996,0.5,0.054,2.73997723820416e-06,1,Sdc2
1.74206784692123e-10,1.90839888816862,0.694,0.117,2.81657529490224e-06,1,Trabd2b
1.78027009342651e-10,2.20136086102439,0.611,0.099,2.87834068705197e-06,1,Frmd6
2.00943740067999e-10,2.2570886561646,0.778,0.225,3.24885838941942e-06,1,Thsd4
2.0124834530139502e-10,2.6678671043059,0.889,0.459,3.25378324683295e-06,1,Tenm2
2.28934897201025e-10,2.32854574541875,0.556,0.072,3.70141941794617e-06,1,Eva1c
2.3088890381403502e-10,2.42580488973087,0.639,0.108,3.73301179686531e-06,1,Sox6
2.63144063555568e-10,1.6372137563912,0.972,0.441,4.25451321956642e-06,1,Mir100hg
2.6475008296232003e-10,1.77710702100708,0.944,0.586,4.28047934133478e-06,1,Stk39
2.66113875426319e-10,2.00432056529003,0.833,0.225,4.30252913789273e-06,1,Colec12
2.946471874206e-10,2.02620716050718,0.833,0.252,4.76385572621626e-06,1,Epha3
3.14995772790717e-10,1.79037186822565,0.861,0.261,5.09285165448031e-06,1,Kcnq1ot1
3.3769419102881e-10,1.99606414617527,0.889,0.324,5.45983968055381e-06,1,Erbb4
3.38013195518547e-10,2.18402088804694,0.722,0.153,5.46499734514386e-06,1,Rarb
3.43249204735969e-10,1.67158600073664,0.778,0.18,5.54965314217114e-06,1,Sned1
3.71738280964855e-10,1.82892139031621,0.667,0.126,6.01026452663977e-06,1,Nr2f1
3.9435151238296403e-10,1.75634712831916,0.778,0.18,6.37587525220776e-06,1,Acss3
4.14353125537049e-10,2.52450017623389,0.556,0.072,6.69926133368301e-06,1,Amy1
4.43628519004172e-10,4.84503051274786,0.417,0.027,7.17258589525945e-06,1,Rapgef4
4.52484315341782e-10,2.16439579015546,0.639,0.117,7.31576641044593e-06,1,Gli3
4.84745824898055e-10,3.75421869103152,0.472,0.045,7.83737049695176e-06,1,Bmp5
4.93857220049133e-10,2.04732593859898,0.694,0.135,7.98468353375438e-06,1,Pdzrn3
5.31709445360009e-10,3.30547710472497,0.472,0.045,8.59667831258063e-06,1,Grb10
6.15529716110331e-10,4.51450439825916,0.389,0.018,9.95188445007183e-06,1,Wnt5a
6.44804468507187e-10,2.73519243626802,0.444,0.036,1.04251986468242e-05,1,Pawr
6.67349221333428e-10,2.34013791533172,0.528,0.063,1.07897022105189e-05,1,Lypd6
6.85835108341138e-10,2.28750059101819,0.667,0.144,1.10885820316595e-05,1,Aox3
7.07153642745658e-10,2.46471719004078,0.583,0.09,1.14332600959118e-05,1,Gfra1
7.21432957025626e-10,2.11312818711376,0.611,0.117,1.16641280491903e-05,1,Epha5
8.101351452793581e-10,2.36082755277137,0.694,0.162,1.30982650288767e-05,1,Nav3
8.52491653721795e-10,1.69861074389684,0.944,0.595,1.3783085057374e-05,1,Ebf1
9.17145613917668e-10,2.42151745433491,0.556,0.081,1.48284102858209e-05,1,Tenm3
9.65020019883553e-10,2.62044734344537,0.472,0.045,1.56024436814773e-05,1,Cux2
9.88398289503045e-10,3.15805616504965,0.417,0.027,1.59804235446852e-05,1,Cnmd
1.02605295576009e-09,1.86749085546164,0.75,0.198,1.65892241887292e-05,1,Klf12
1.1509898135218401e-09,3.00909583531288,0.556,0.09,1.86092033050211e-05,1,Cpne8
1.27095223278599e-09,3.12074227330421,0.528,0.081,2.05487556996839e-05,1,Fign
1.45030652628193e-09,2.70216598202854,0.694,0.18,2.34485559169262e-05,1,Col23a1
1.4629762058426501e-09,3.61323403375616,0.472,0.054,2.3653399296064e-05,1,Zfp423
1.5449247460452701e-09,2.07984004905728,0.639,0.126,2.497834329406e-05,1,Arhgap28
1.58605794368082e-09,1.6347400603829,0.889,0.324,2.56433848334315e-05,1,Sptbn1
1.60312774721122e-09,1.80372214386243,0.722,0.153,2.5919369416911e-05,1,Thrb
1.7078517189365901e-09,2.41649559017668,0.528,0.072,2.76125465917668e-05,1,Crnde
1.78201843793288e-09,2.0102307243071,0.694,0.144,2.88116741044988e-05,1,Hlf
1.7881701318075201e-09,2.07247598902975,0.639,0.126,2.8911134691064e-05,1,Zfp536
1.84599008909805e-09,2.44810046040796,0.806,0.297,2.98459677605373e-05,1,Robo2
1.92321859856923e-09,4.46325509560309,0.417,0.036,3.10945983016673e-05,1,Gm5089
1.9323508591042e-09,2.13347198475831,0.528,0.072,3.12422486899968e-05,1,Mrc2
2.0055649756953402e-09,1.77393851021061,0.722,0.171,3.24259745270423e-05,1,Gprasp1
2.06245217600088e-09,2.9247510501565,0.583,0.099,3.33457267815823e-05,1,Schip1
2.1709342240907e-09,2.87314144649545,0.556,0.099,3.50996645350985e-05,1,Sgip1
2.22683405737987e-09,2.18336884850009,0.583,0.099,3.60034530397177e-05,1,Ptprg
2.25298750013994e-09,1.9098852086733,0.611,0.108,3.64263019022625e-05,1,Pantr1
2.39915322787302e-09,1.77284257222711,0.667,0.144,3.8789509388251e-05,1,Plod2
2.4875598155383103e-09,2.53111246240354,0.611,0.117,4.02188670976234e-05,1,Rgs7bp
2.57358125547838e-09,2.42869933341537,0.5,0.063,4.16096617385745e-05,1,Wnk2
2.6712547901858703e-09,2.4321303623977,0.583,0.108,4.31888474477251e-05,1,Bhmt2
2.71532946554229e-09,1.81561510298007,0.611,0.108,4.39014467988877e-05,1,Zfp521
2.91852847463292e-09,1.56228500036529,0.917,0.369,4.71867683778651e-05,1,Myo6
3.0021463025320504e-09,5.05719754747319,0.333,0.009,4.85387014193383e-05,1,Caprin2
3.0216478218502e-09,2.56794801508743,0.583,0.099,4.8854001983674e-05,1,Nrxn3
3.1541338609239702e-09,1.89656887776006,0.861,0.27,5.09960362634187e-05,1,Plxdc2
3.33861331936097e-09,1.96613896604629,0.611,0.117,5.39787001474282e-05,1,Mill2
3.6456169838799302e-09,1.78341110521388,0.75,0.189,5.89423353953707e-05,1,Gm29683
3.653469007245e-09,1.99839435255712,0.611,0.108,5.90692869091371e-05,1,Ccdc141
3.72465176003952e-09,3.49630975787801,0.417,0.036,6.0220169656319e-05,1,Fgfr4
3.85528184055034e-09,1.33482515793417,0.722,0.144,6.23321967980179e-05,1,Lef1
3.8668431833232e-09,3.29187623961365,0.472,0.063,6.25191205879694e-05,1,Epha4
4.033193345334691e-09,4.16701399817104,0.444,0.054,6.52086700073713e-05,1,Tnfrsf11b
4.2543663915788304e-09,2.09708441509398,0.444,0.045,6.87845958190465e-05,1,Cuedc1
4.510540212123791e-09,2.57169278429369,0.583,0.108,7.29264141496175e-05,1,Prr16
4.86342148512924e-09,2.20591045477977,0.444,0.045,7.86317985715696e-05,1,Mmp16
4.908931722619791e-09,1.87026656016923,0.556,0.09,7.93676080913168e-05,1,Plcxd3
4.98835481912319e-09,1.57284764246609,0.75,0.198,8.06517207155837e-05,1,Cavin2
5.39427971087503e-09,1.686847183961,0.944,0.405,8.72147143654275e-05,1,Cacna1d
5.428981264042641e-09,2.64682248642545,0.583,0.108,8.77757690770415e-05,1,Pdzrn4
5.7840162731107705e-09,2.32102870769025,0.611,0.126,9.35159751036549e-05,1,Lama2
5.7979354786020206e-09,1.9004485527294,0.694,0.153,9.37410208180375e-05,1,Ptpn13
5.880824743959681e-09,3.54450845813057,0.389,0.027,9.50811744603401e-05,1,Filip1
6.3740028141219605e-09,1.55198983220624,0.694,0.162,0.0001030548774987,1,Prex2
6.608723594365241e-09,1.84391331683523,0.722,0.18,0.0001068498430736,1,Gpm6b
6.624291952761541e-09,1.72039585344114,0.917,0.432,0.0001071015522922,1,Cp
6.80076744925308e-09,2.22731645791072,0.639,0.153,0.0001099548081195,1,Gm44593
6.8984799820703705e-09,3.03561198554507,0.556,0.117,0.0001115346243501,1,Lmntd1
6.932232818343321e-09,2.09552057073008,0.444,0.045,0.0001120803402069,1,Colgalt2
7.023574257450711e-09,2.02143442602666,0.694,0.18,0.0001135571485944,1,Tdrd3
7.14174129886055e-09,1.6143693983976,0.944,0.387,0.0001154676733199,1,Atp1a2
7.21949923807481e-09,1.28438446893518,0.778,0.216,0.0001167248636811,1,Zfhx4
7.32335517230921e-09,1.84625211930249,0.778,0.243,0.0001184040064258,1,Tox
7.81336750510672e-09,2.14658003341762,0.722,0.225,0.0001263265258225,1,Sulf1
8.19155764410003e-09,1.9149107902137,0.694,0.171,0.0001324411039898,1,Thsd7a
8.934492632571941e-09,3.01292000557618,0.472,0.063,0.0001444528768834,1,Nckap1
9.468509343529841e-09,2.03324693457258,0.806,0.297,0.0001530868590661,1,Arhgap6
9.518066572857982e-09,1.52417417139312,0.611,0.117,0.0001538881003499,1,Met
9.74658883468009e-09,1.68497600795554,0.556,0.09,0.0001575828482791,1,Pknox2
9.830783760998e-09,1.52637935134063,0.861,0.288,0.0001589441118478,1,Nedd4
1.05019808719844e-08,6.69108347946217,0.278,0.0,0.0001697960267382,1,Dach2
1.0982532680471e-08,2.48361680243083,0.472,0.063,0.0001775655883778,1,Tex15
1.10056308442475e-08,1.48515717813815,0.861,0.261,0.0001779390394897,1,Setbp1
1.19878560325731e-08,4.17493658096667,0.389,0.036,0.0001938196563346,1,Ror2
1.21786605978875e-08,1.38549251833489,0.861,0.333,0.0001969045845466,1,Fgfr2
1.31487693234197e-08,1.79165712286384,0.861,0.315,0.000212589302421,1,Sh3d19
1.47271955324387e-08,2.48603445936826,0.528,0.099,0.0002381092973684,1,Prdm5
1.52356201116977e-08,1.47886713498778,0.5,0.072,0.0002463295059659,1,Cachd1
1.53563854380886e-08,2.76665526994857,0.417,0.045,0.000248282039763,1,Gramd1c
1.71254510012478e-08,1.96527319344142,0.778,0.297,0.0002768842917881,1,Cntn3
1.75160906861017e-08,1.79592090469605,0.722,0.189,0.0002832001542128,1,Tenm4
1.75202654532848e-08,1.83345805296096,0.639,0.153,0.0002832676518487,1,Rnf43
1.8388771027196e-08,2.59166589642955,0.5,0.081,0.0002973096499677,1,0610043K17Rik
1.89275184939829e-08,1.95061531554114,0.444,0.054,0.0003060201190107,1,Ltbp3
1.94213939387167e-08,1.17346393870413,1.0,0.396,0.0003140050972011,1,Ankrd12
1.97741041662662e-08,1.97389595904376,0.611,0.126,0.0003197077161601,1,Sobp
2.14953641022663e-08,1.10283520073112,0.944,0.36,0.0003475370468054,1,Fto
2.34343343031097e-08,1.79271817612267,0.833,0.387,0.0003788863170126,1,Slc1a3
2.34351494498836e-08,1.45958653319572,0.861,0.378,0.0003788994963057,1,Ank2
2.37201220493222e-08,1.00400534431283,1.0,0.856,0.0003835069332934,1,Zbtb20
2.57344356759602e-08,1.53010663779112,0.667,0.162,0.0004160743560089,1,E130308A19Rik
2.57426580051346e-08,1.21168511854026,0.806,0.234,0.000416207294627,1,Pard3
2.61230065666e-08,1.83533171332521,0.722,0.225,0.0004223567701687,1,Adipor2
2.73665619616737e-08,2.64711517533033,0.389,0.036,0.0004424625737963,1,Tspan7
2.74565928754763e-08,2.3194755393017,0.639,0.171,0.0004439181936107,1,Enpp2
2.90259796182136e-08,2.86711009080905,0.472,0.072,0.0004692920384672,1,Tmem132c
3.20751562309605e-08,2.10545854894565,0.556,0.099,0.0005185911259421,1,Cxadr
3.2356006464566e-08,3.49552826297607,0.361,0.027,0.0005231319125191,1,Igdcc3
3.36826138671943e-08,1.1450929570442,0.611,0.108,0.0005445805010047,1,Ccser1
3.65992843512096e-08,1.36521545167163,0.611,0.126,0.0005917372293903,1,Zfp532
3.77432025038095e-08,2.01062332424779,0.75,0.27,0.0006102320980815,1,Phactr1
4.02648854064218e-08,1.18680433200192,1.0,0.541,0.000651002667251,1,Pbx1
4.16705890601349e-08,2.04644898907403,0.444,0.054,0.0006737300839242,1,Bmpr1b
4.22339894233724e-08,1.16946705194783,0.694,0.18,0.000682839140997,1,Pkd2
4.2907052969597e-08,1.91967725695641,0.583,0.117,0.0006937212324124,1,Wwtr1
4.48902061641176e-08,3.08734276745749,0.333,0.018,0.0007257848532614,1,Asic2
4.6517464460444e-08,2.1273713620376,0.778,0.378,0.0007520943653964,1,Emcn
4.76796887182168e-08,1.86796094022025,0.5,0.081,0.0007708852071961,1,Prkaa2
5.01639053779303e-08,1.70908973461785,0.667,0.171,0.0008110500221503,1,Nbea
5.13959164280327e-08,1.92149564961524,0.5,0.081,0.0008309691768084,1,Fstl1
5.36817822879158e-08,1.29453463762766,0.778,0.252,0.000867927056031,1,Arhgef12
5.44055538548219e-08,1.35145337370498,0.694,0.198,0.0008796289947247,1,Osbpl6
5.6004134931911e-08,1.55051482806543,0.639,0.18,0.0009054748535791,1,Epha7
6.00254668328333e-08,2.42115408247225,0.417,0.054,0.0009704917477532,1,Hmgcll1
6.00254668328333e-08,2.8708482971588,0.417,0.054,0.0009704917477532,1,Kcnn2
6.17585951253794e-08,2.26634427665498,0.5,0.09,0.0009985129659871,1,Nek1
6.24852378450945e-08,1.55685356198999,0.361,0.027,0.0010102613254794,1,Cfap36
6.31781581932489e-08,2.2328012533968,0.472,0.072,0.0010214644616684,1,Sema5a
6.41265864678523e-08,1.8318711063369,0.639,0.162,0.0010367986500122,1,Tanc1
7.36604199965321e-08,4.207140222651,0.417,0.063,0.0011909416705039,1,Lrfn5
7.80193109834056e-08,1.56644096401462,0.889,0.342,0.0012614162199797,1,Nr3c2
7.95978072342572e-08,2.69391614934564,0.444,0.063,0.0012869373473634,1,Esrrg
8.13798235416856e-08,1.59247781045319,0.667,0.18,0.0013157489870219,1,Tia1
8.14715585107265e-08,1.37496567483705,0.861,0.279,0.0013172321580014,1,Strbp
8.35028257868197e-08,1.64400068909295,0.778,0.27,0.0013500736873213,1,Eya1
8.63841783323867e-08,2.25597200291116,0.611,0.162,0.001396659395278,1,Tnfrsf19
8.77576161181532e-08,1.59501752944343,0.583,0.117,0.0014188651373983,1,Pdgfd
8.95327380724561e-08,5.82852220914302,0.278,0.009,0.0014475653091554,1,Aldh1a1
9.02124544277025e-08,2.62833236383378,0.722,0.252,0.001458554963187,1,Sgcd
9.1794136342756e-08,1.95954867818887,0.806,0.378,0.0014841275963896,1,Ust
9.20459759184117e-08,1.60365601283532,0.639,0.153,0.0014881993386488,1,Ghr
9.41392689031127e-08,2.17346297762526,0.556,0.108,0.0015220436996255,1,Stox2
9.48964231978487e-08,1.73684807856682,0.667,0.18,0.0015342853702628,1,Ptpn14
9.51527597910219e-08,2.89688628033212,0.389,0.045,0.0015384298203012,1,Col5a1
9.85611936338261e-08,3.80097258886126,0.361,0.036,0.0015935373786717,1,D630003M21Rik
1.0292716073664e-07,1.96347557418293,0.583,0.135,0.0016641263347899,1,Grip1
1.15623187493606e-07,2.26901131971891,0.417,0.054,0.0018693956953966,1,Hdac7
1.28344236926045e-07,1.3884478875148,0.694,0.198,0.0020750696226202,1,Sptan1
1.30724656152539e-07,4.15238243353062,0.333,0.027,0.0021135562406742,1,Slc22a4
1.42799444558654e-07,1.34171134897539,0.667,0.153,0.0023087814196243,1,Dlc1
1.46344469967187e-07,1.40837887903399,0.75,0.252,0.0023660973904294,1,Ube2e2
1.47335238879839e-07,1.38437930675136,0.5,0.09,0.0023821161422092,1,Radil
1.52041934012877e-07,2.97682400986599,0.306,0.018,0.0024582139891202,1,Mad2l2
1.66914828851015e-07,1.19699413541851,0.694,0.18,0.0026986789528632,1,Tgfbr3
1.72862767323694e-07,2.17223728327846,0.333,0.027,0.0027948452220894,1,Frem1
1.75680835824804e-07,1.75363656248406,0.528,0.108,0.0028404077536154,1,Ddr2
1.76057645776928e-07,1.75190579719993,0.5,0.09,0.0028465000169213,1,A830082K12Rik
1.79082531626003e-07,1.7375090830595,0.389,0.045,0.0028954063713292,1,Pde3a
1.83031846941834e-07,1.88716376705656,0.361,0.036,0.0029592589013555,1,Sh3rf3
1.87514937607817e-07,1.2350789710552,0.444,0.063,0.0030317415112431,1,Mgll
1.93898394246292e-07,2.23418905886781,0.472,0.081,0.003134949238174,1,Gpc6
1.94644986858566e-07,1.9219357607156,0.389,0.045,0.0031470201475292,1,Hrk
2.02864439050204e-07,1.90312054824519,0.5,0.09,0.0032799122505637,1,Cobll1
2.08808814869135e-07,1.64868007716099,0.528,0.099,0.0033760209188041,1,Uaca
2.10693287114742e-07,1.83004794097583,0.5,0.099,0.0034064890660711,1,Mast4
2.20465012834046e-07,2.41932256868424,0.389,0.045,0.0035644783275008,1,Zc3h12b
2.23646814217095e-07,1.27959949272487,0.528,0.099,0.0036159216922619,1,Adgra2
2.31442878482621e-07,1.26303869604321,0.528,0.099,0.003741968459307,1,Dkk3
2.42105298319948e-07,1.3466855912633,0.611,0.153,0.0039143584632369,1,Cdc42bpa
2.42919937915648e-07,1.07925558045742,0.583,0.126,0.0039275295562202,1,Bmpr1a
2.43128711304402e-07,2.04066944066987,0.472,0.09,0.0039309050043695,1,Pde1c
2.44483787862499e-07,2.27806741032805,0.444,0.072,0.0039528138821608,1,Ntn4
2.48256309731501e-07,1.43358490005052,0.361,0.036,0.0040138080157389,1,Zfp827
2.5095883854095e-07,1.34947770296374,0.722,0.216,0.00405750250153,1,Zfpm2
2.71131149181916e-07,2.04218994553686,0.417,0.063,0.0043836484199732,1,Cldn11
2.76310326503119e-07,1.2438765227363,0.944,0.414,0.0044673853589024,1,Zbtb16
2.88471191004581e-07,2.86886613155792,0.444,0.081,0.004664002216162,1,Dcc
3.03104062170773e-07,0.932575640432517,0.944,0.459,0.004900586477177,1,Msi2
3.035901747906e-07,1.54477186148402,0.694,0.207,0.0049084459460144,1,Plpp3
3.1727625647264e-07,1.68466345193464,0.444,0.072,0.0051297225146496,1,Arhgap32
3.2610550687499e-07,2.23208378229209,0.667,0.216,0.0052724738351548,1,Frmpd4
3.49927180834921e-07,1.62258085946808,0.528,0.117,0.005657622659739,1,Rbfox2
3.53555938547329e-07,1.66542981353258,0.5,0.099,0.0057162924144332,1,Tead1
3.5491406670566e-07,2.02857099261282,0.417,0.063,0.0057382506304971,1,Slc2a13
3.61440117318834e-07,1.90980948972387,0.556,0.126,0.0058437638168109,1,Gprin3
3.7176734431854e-07,1.87272198985782,0.472,0.09,0.0060107344229421,1,Bicc1
3.74006577947207e-07,5.89495426319758,0.222,0.0,0.0060469383522504,1,Iqank1
3.74006577947207e-07,6.06135555496126,0.222,0.0,0.0060469383522504,1,9330117O12Rik
3.85933326655795e-07,2.70848352918253,0.444,0.081,0.0062397700253708,1,Unc5c
3.94093676034527e-07,2.59516745660294,0.472,0.099,0.0063717065541262,1,Smad6
4.00150973541399e-07,2.77825127941756,0.444,0.081,0.0064696409402173,1,Nhs
4.09427335031777e-07,1.50844618571362,0.583,0.144,0.0066196211527937,1,Cav1
4.17192015109817e-07,1.78298319897961,0.694,0.225,0.0067451605002955,1,Sdk1
4.5282121710385e-07,2.72712456417492,0.389,0.054,0.007321213438135,1,Pdgfra
4.57611361708915e-07,3.13857221076547,0.361,0.045,0.0073986604961097,1,Ptk7
4.81380641957686e-07,1.11765186902881,0.694,0.198,0.0077829622191718,1,Etl4
4.90023645128198e-07,2.31051995722072,0.389,0.054,0.0079227022944327,1,Mtus2
5.38117042581716e-07,2.21315195297747,0.5,0.108,0.0087002763444611,1,Plce1
5.42649435044825e-07,1.02650363559481,0.75,0.261,0.0087735560658047,1,Ssbp2
5.51175507266705e-07,1.03018872631901,0.722,0.216,0.008911405601488,1,Zfp950
5.51407135548226e-07,2.47656609434036,0.389,0.054,0.0089151505675437,1,Gm34068
5.60843277276379e-07,5.0850152468478,0.278,0.018,0.0090677141070044,1,Lrfn2
5.62320956284904e-07,2.24365714749529,0.361,0.045,0.0090916052212143,1,Sptb
5.73119004139653e-07,2.00906356653436,0.444,0.081,0.0092661880589299,1,Yap1
5.87880287881826e-07,1.82842874521786,0.5,0.099,0.0095048484944733,1,Arhgap42
6.18780589841339e-07,4.92332742993736,0.278,0.018,0.0100044445765548,1,Gm4221
6.26703979735065e-07,1.90266635323424,0.417,0.063,0.0101325499443565,1,Igfbp2
6.37885971028054e-07,5.53084274219856,0.25,0.009,0.0103133403795816,1,Nlgn1
6.37885971028054e-07,4.97420154346224,0.25,0.009,0.0103133403795816,1,Vangl1
6.41508171552321e-07,2.95497198636359,0.333,0.036,0.0103719041176579,1,Sdk2
6.56479050397768e-07,1.98018006926374,0.5,0.108,0.0106139532868311,1,Sox5
7.16631557478905e-07,4.12083752361733,0.278,0.018,0.0115864990213189,1,Slc43a1
7.16631557478905e-07,4.12327468416526,0.278,0.018,0.0115864990213189,1,Lrch2
7.17163525545189e-07,0.815362009490135,0.694,0.189,0.0115950998810146,1,Afap1l1
7.24816714382463e-07,2.14485644758234,0.389,0.054,0.0117188366381357,1,A330093E20Rik
7.59521897206397e-07,1.65675035317675,0.528,0.126,0.012279950034033,1,Lrrc4c
7.59521897206397e-07,1.60152100315091,0.528,0.126,0.012279950034033,1,Ammecr1l
7.99735303965441e-07,2.05414196137536,0.5,0.108,0.0129301203945132,1,Tcf7l1
8.23308593783461e-07,1.55853489169884,0.611,0.18,0.013311253344291,1,Flt1
8.34324654552635e-07,2.62579899458269,0.472,0.099,0.013489361014807,1,Foxp2
8.64458895015191e-07,1.68285299837332,0.722,0.288,0.0139765714146056,1,Adgrl3
8.76684700173542e-07,2.03891592555781,0.444,0.081,0.0141742382324058,1,Shroom3
8.7969900775391e-07,2.24555415343473,0.389,0.054,0.0142229735573652,1,Cc2d2a
8.95876879523642e-07,3.45699102774405,0.306,0.027,0.0144845373881382,1,Garem1
9.16374352388607e-07,1.68183495914481,0.361,0.045,0.014815940529419,1,Asap3
9.4988833017235e-07,1.45448646806148,0.583,0.153,0.0153577945222266,1,Carmil1
9.53793231336572e-07,2.02577934973747,0.528,0.117,0.0154209289642497,1,Itga8
9.73970211388828e-07,2.27889612522669,0.444,0.081,0.0157471503777346,1,Tango6
9.83235052362017e-07,2.56908767210323,0.333,0.036,0.0158969443265891,1,Hs6st3
9.86648875274434e-07,2.18849753221091,0.417,0.072,0.0159521390154371,1,Foxp4
9.92380757613881e-07,1.28383315610681,0.583,0.144,0.0160448120891012,1,Trim2
1.11615826965167e-06,1.2353404221289,0.333,0.036,0.0180460469037282,1,Gm20646
1.1532560750281e-06,2.43003116199848,0.5,0.126,0.0186458442210543,1,Farp1
1.16418951095951e-06,2.43728948260612,0.333,0.036,0.0188226160131933,1,Lgr6
1.18181636798157e-06,1.88034892435542,0.417,0.072,0.019107607037526,1,Col11a1
1.26986026462762e-06,1.63491636862913,0.417,0.072,0.0205311007584994,1,Rgma
1.28614959789753e-06,1.51740586612021,0.583,0.162,0.0207944666988072,1,2610037D02Rik
1.2868974524437e-06,1.5814139034069,0.444,0.081,0.0208065580111098,1,Per3
1.29588100995327e-06,1.00976052252419,0.75,0.261,0.0209518041689244,1,Hnrnpr
1.32454148913346e-06,0.747887707267103,0.611,0.162,0.0214151867963097,1,Spire1
1.32926549975897e-06,1.09722926907167,0.722,0.243,0.0214915646001031,1,Ppp1r12b
1.33060515096275e-06,1.21827733528562,0.472,0.099,0.0215132240807657,1,Scara5
1.34013794740398e-06,1.40636300047526,0.611,0.18,0.0216673503336275,1,Wdr70
1.36436569524986e-06,1.35917208715922,0.639,0.189,0.0220590645607997,1,Airn
1.36749034697671e-06,1.74100669967603,0.361,0.045,0.0221095839299194,1,Dnah7b
1.40155181175286e-06,2.0190903612017,0.306,0.027,0.0226602896924202,1,Slc37a3
1.41288001053003e-06,0.80788857526044,0.722,0.225,0.0228434440102496,1,Mllt3
1.50097100442473e-06,1.86141992409746,0.611,0.18,0.0242676991995391,1,BC006965
1.59703823409494e-06,2.94325454387294,0.361,0.054,0.025820914168847,1,Col5a2
1.65778146537271e-06,1.94466315631842,0.611,0.198,0.0268030107321459,1,Flrt2
1.70307240846205e-06,2.31489219014987,0.389,0.063,0.0275352747000145,1,Stxbp5l
1.72394532005284e-06,1.35565123615861,0.528,0.135,0.0278727479346144,1,Ppp2r3a
1.72492863432039e-06,3.00877256506114,0.361,0.054,0.0278886461596921,1,Gnao1
1.76703100898e-06,1.7670977712914,0.444,0.09,0.0285693573531887,1,Neo1
1.79250967535588e-06,2.90869113267591,0.361,0.054,0.0289812964311539,1,Hdgfl3
1.81346398413273e-06,1.48243104684755,0.417,0.072,0.0293200856954579,1,Tmtc1
1.87874246412303e-06,2.01821913574257,0.417,0.072,0.0303755081599411,1,Sncaip
1.89444868932044e-06,1.21290140504911,0.833,0.351,0.0306294464089329,1,Itih5
1.89996087588107e-06,1.17178088346323,0.861,0.55,0.0307185674412451,1,Mir99ahg
1.90911839941412e-06,0.760672939766462,0.472,0.099,0.0308666262817274,1,Pgm5
1.94405095866409e-06,1.4197151219907,0.5,0.117,0.031431415899681,1,Senp3
1.94627545740798e-06,1.68102939469442,0.417,0.072,0.0314673815953721,1,Fbxl7
1.97280915248477e-06,1.890709198779,0.389,0.063,0.0318963783773737,1,Kremen1
2.02099916139134e-06,0.645670703284589,0.583,0.144,0.0326755144413751,1,Ptk2
2.06388552128372e-06,1.04811785132825,0.806,0.27,0.0333689011081152,1,Nalcn
2.17039193742447e-06,3.19451312621811,0.361,0.054,0.0350908968442788,1,Acyp2
2.17436407096581e-06,1.65501586007131,0.556,0.144,0.0351551182993752,1,Rbpms
2.17603681698686e-06,5.36734080325023,0.194,0.0,0.0351821632570436,1,Gm2164
2.17603681698686e-06,5.82609875695495,0.194,0.0,0.0351821632570436,1,Prepl
2.21061752508753e-06,3.66247451080934,0.333,0.045,0.0357412641456152,1,Lama4
2.26819378110234e-06,2.27601846976443,0.417,0.081,0.0366721570528627,1,Nhsl1
2.3323584506484e-06,0.925841951937302,0.667,0.189,0.0377095714300833,1,Prkd1
2.39433650728937e-06,4.25300011105746,0.333,0.045,0.0387116326498546,1,Dclk1
2.41709166264303e-06,5.28413755403736,0.278,0.027,0.0390795380016125,1,Mrap2
2.42603623304754e-06,2.24305152165028,0.5,0.135,0.0392241538159126,1,Rasgrf1
2.48737056557513e-06,1.37275667438395,0.694,0.234,0.0402158073042187,1,Cep112
2.50651674535519e-06,4.12137459595298,0.306,0.036,0.0405253627389028,1,Cndp1
2.57844622528703e-06,1.26710261084005,0.806,0.342,0.0416883185704408,1,Map4k3
2.65341280261227e-06,0.790827075569567,0.778,0.252,0.0429003781926352,1,Prkca
2.69666739574195e-06,0.8343413416566,0.528,0.126,0.0435997184543558,1,Amn1
2.70675830518589e-06,1.37178917359658,0.639,0.198,0.0437628682782455,1,Daam1
2.83862805283531e-06,1.1811029275273,0.389,0.063,0.0458949383582414,1,Tulp3
2.94296209114294e-06,1.8495320491051,0.389,0.063,0.0475818110895991,1,Epn2
2.96399107057247e-06,3.68928745587974,0.306,0.036,0.0479218076290156,1,Naalad2
3.01072128426568e-06,1.96354103539706,0.5,0.126,0.0486773417240075,1,Syt1
3.03765790845176e-06,2.91905461126127,0.333,0.045,0.049112853063848,1,Wwc1
3.05141291786938e-06,1.89184075685843,0.361,0.054,0.0493352440561121,1,Lrrc1
3.0716283148639e-06,1.58203149370145,0.444,0.099,0.0496620865947196,1,Pde1a
3.09030636157854e-06,3.53524352016283,0.306,0.036,0.0499640732540018,1,1700018A04Rik
3.13486996542257e-06,1.48728607105372,0.556,0.162,0.0506845776009521,1,Ppfibp1
3.28932451436245e-06,2.53144328483318,0.361,0.054,0.053181798748212,1,Ndrg1
3.30237857785577e-06,0.607984383052103,0.472,0.099,0.053392856846772,1,Ndrg2
3.33676524333718e-06,2.48100402040933,0.389,0.072,0.0539488204542756,1,Plscr4
3.39852178551365e-06,5.09212516053903,0.222,0.009,0.0549473002281847,1,A4galt
3.48135130172979e-06,1.11369587147115,0.667,0.216,0.0562864878463672,1,Nebl
3.53214298381861e-06,1.17144192185341,0.528,0.126,0.0571076877623794,1,Unc13b
3.60694255766991e-06,1.1329142267223,0.5,0.117,0.0583170472724071,1,Tbx18
3.60956722820836e-06,3.29316578949197,0.278,0.027,0.0583594829456728,1,Tmem53
3.61265693222157e-06,1.05744409954772,0.833,0.351,0.0584094372801583,1,Ehbp1
3.64055453758173e-06,3.92733861804924,0.25,0.018,0.0588604857636214,1,H2afy2
3.66754716302165e-06,1.39215190836098,0.444,0.09,0.0592969025317341,1,Hif3a
3.72179667896638e-06,1.69348976851445,0.583,0.18,0.0601740087055285,1,Eya2
3.75029896324027e-06,1.20714611145262,0.472,0.099,0.0606348336376687,1,Lsamp
3.81821571404564e-06,4.51907752539953,0.25,0.018,0.0617329116646899,1,Npr2
3.83948008013385e-06,2.52260454928475,0.389,0.072,0.0620767139356041,1,Moxd1
3.84504510998737e-06,2.80891783522668,0.333,0.045,0.0621666893382758,1,Dchs2
3.97634759231726e-06,4.34879813787209,0.222,0.009,0.0642895878725854,1,Izumo4
3.97634759231726e-06,4.21562913484527,0.222,0.009,0.0642895878725854,1,Emp2
4.00417097010602e-06,5.79688080978566,0.25,0.018,0.0647394362446742,1,Pex5l
4.04716993796166e-06,1.6296553778153,0.417,0.081,0.0654346435569641,1,Fam13c
4.15721192322544e-06,2.46881712322071,0.333,0.045,0.0672138023747089,1,Ift88
4.21621949055589e-06,2.00440894835166,0.306,0.036,0.0681678367233077,1,Arhgef28
4.21656430967535e-06,1.74440238403215,0.556,0.18,0.068173411758831,1,Mtf2
4.26335196292265e-06,1.83342610851161,0.389,0.072,0.0689298745365335,1,Prrx1
4.30419082690993e-06,2.99084355496178,0.306,0.036,0.0695901572894797,1,Slc26a7
4.30419082690993e-06,1.97098933534829,0.306,0.036,0.0695901572894797,1,Col26a1
4.30477689800691e-06,3.83063069952122,0.278,0.027,0.0695996328869758,1,Gmeb2
4.66744894931915e-06,0.620842110885994,0.667,0.207,0.075463314612592,1,Ldlrad3
4.67139895397521e-06,1.13309692265441,0.333,0.045,0.0755271782878712,1,Fntb
4.70224333978267e-06,0.991834952947215,0.972,0.586,0.0760258703176062,1,Rere
4.72438721573084e-06,2.94568076016165,0.361,0.063,0.0763838925039362,1,Wnk4
4.83853245084119e-06,2.41781056195604,0.25,0.018,0.0782293926652003,1,Nkain3
4.87122119421113e-06,1.53914841175183,0.5,0.126,0.0787579042680055,1,Lpar1
4.89465663310403e-06,2.62348172495118,0.222,0.009,0.0791368084440259,1,Ptpru
4.89465663310403e-06,2.15325071958584,0.222,0.009,0.0791368084440259,1,Scrib
4.90857119462484e-06,3.0101461545052,0.278,0.027,0.0793617790746945,1,Kcnd3
4.90857119462484e-06,3.56975193053736,0.278,0.027,0.0793617790746945,1,Epb41l4a
4.9487140869516e-06,1.1203963630486,0.417,0.081,0.0800108093578335,1,Prdm11
4.9487140869516e-06,1.23945261794522,0.417,0.081,0.0800108093578335,1,Arhgef17
5.0711765139277e-06,1.89968275288449,0.389,0.072,0.081990781877183,1,Otud7b
5.11655363449507e-06,1.08881933156856,0.417,0.081,0.0827244391625163,1,Daam2
5.12727556404644e-06,3.02698325382909,0.278,0.027,0.0828977913195029,1,Ednra
5.17832996444325e-06,1.14872439890324,0.556,0.144,0.0837232388651184,1,Sh3rf1
5.26477392044794e-06,1.01884091902684,0.611,0.189,0.0851208647458024,1,Nfib
5.31511703120744e-06,1.2543802969502,0.583,0.162,0.0859348121605618,1,2610307P16Rik
5.31581331189087e-06,2.16607927305496,0.25,0.018,0.0859460696266516,1,Scin
5.35529343694388e-06,1.90425859972683,0.278,0.027,0.0865843842885086,1,Csgalnact1
5.41304748456652e-06,1.08026411334963,0.444,0.09,0.0875181517304715,1,Clmp
5.43018487112507e-06,0.926802477417912,0.778,0.315,0.0877952289963501,1,Ttc3
5.43372496067318e-06,1.72100801215765,0.389,0.072,0.0878524651641639,1,9530077C05Rik
5.47607452111539e-06,1.10943850797558,0.639,0.207,0.0885371728573936,1,1110051M20Rik
5.50196779043497e-06,2.36246620899029,0.306,0.036,0.0889558152357526,1,Tmem45a
5.52400124832173e-06,1.42325140199391,0.639,0.216,0.0893120521828657,1,Gab1
5.62417859829614e-06,2.13911954675216,0.389,0.072,0.090931719577252,1,Ptprf
5.73035614721954e-06,2.50045501744426,0.306,0.036,0.0926483981882456,1,Rims1
5.96780297230207e-06,1.42960522796733,0.306,0.036,0.0964874384561799,1,Myh14
6.09819507956811e-06,0.84218693443715,0.583,0.162,0.0985956180464572,1,Bbs9
6.0990676352764e-06,1.87136963695961,0.278,0.027,0.0986097255271488,1,Zfp641
6.21464939703901e-06,1.19063477249385,0.306,0.036,0.100478451451327,1,Ece1
6.33607305475843e-06,2.39990134762852,0.417,0.09,0.102441629149334,1,Fap
6.33607305475843e-06,2.02361404493274,0.417,0.09,0.102441629149334,1,Ccs
6.38744070860144e-06,2.85218177224897,0.389,0.081,0.103272141376668,1,Lamc3
6.43213539957273e-06,1.57962437327638,0.528,0.144,0.103994765140292,1,Dcaf6
6.43976097160315e-06,1.18592158605388,0.694,0.261,0.10411805538888,1,Rictor
6.66994474346776e-06,1.28352302021805,0.417,0.081,0.107839666612387,1,Ankrd28
6.90821434688871e-06,1.371003348695,0.389,0.072,0.111692009560497,1,Cald1
6.98301017183642e-06,1.98842241500889,0.417,0.09,0.112901308458251,1,Myef2
7.06340187103153e-06,2.54674157703476,0.389,0.081,0.114201081450838,1,Ccdc85a
7.28084340677783e-06,1.2838847301905,0.944,0.703,0.117716676200784,1,Ptn
7.3035480396319e-06,2.18537050893452,0.389,0.081,0.118083764704769,1,Nck2
7.36687477262065e-06,2.32931833837442,0.25,0.018,0.119107631323731,1,Dcbld1
7.3953503966479e-06,1.31702840655799,0.389,0.072,0.119568025213003,1,Zfhx2
7.47019929180312e-06,1.44212988699744,0.528,0.153,0.120778182149873,1,Fip1l1
7.52016697075092e-06,2.64183222160033,0.361,0.063,0.121586059583101,1,Plxna2
7.5434828899934e-06,0.815987111558575,0.611,0.18,0.121963031365413,1,Ablim1
7.55821781322358e-06,0.932425240207772,0.889,0.423,0.122201265604199,1,Nfat5
7.56307613225959e-06,1.74591750712459,0.278,0.027,0.122279814906373,1,Mtmr7
7.87931509516371e-06,1.37743546216967,0.472,0.117,0.127392766458607,1,Nr2f2
7.94442648652572e-06,2.17929729770398,0.417,0.09,0.128445487434148,1,Macrod2
7.97783900273107e-06,2.53257609761688,0.333,0.054,0.128985700996156,1,Slc1a2
8.19905851956729e-06,1.18659266138229,0.778,0.342,0.132562378144364,1,Emilin2
8.27463600771145e-06,1.34422708552395,0.5,0.126,0.133784314972679,1,Utp14b
8.39073794960369e-06,1.41661810822288,0.417,0.081,0.135661451169192,1,Fam114a1
8.47266528479796e-06,0.731739241100339,0.556,0.153,0.136986052324613,1,Gkap1
8.52930088031579e-06,1.30944377081719,0.639,0.234,0.137901736632946,1,Ank3
8.68923775895864e-06,0.908631308547188,0.611,0.189,0.140487596086843,1,Cacnb2
8.72488639463598e-06,0.694210158068235,0.944,0.45,0.141063963228475,1,Utrn
9.24432738038232e-06,2.53749584110555,0.333,0.054,0.149462285086021,1,Igf2r
9.29061584853439e-06,1.62076386228496,0.361,0.063,0.150210677039104,1,Erlec1
9.60697717029423e-06,1.46575569358891,0.444,0.099,0.155325606889317,1,Adgrl2
9.69284597959855e-06,0.697071515428362,0.389,0.072,0.156713933798149,1,Atp9a
9.70441250147511e-06,1.75606881145651,0.472,0.117,0.15690094132385,1,Gas2
9.84602074377133e-06,1.91792141204906,0.389,0.081,0.159190463385295,1,Tshz3
9.84602074377133e-06,2.17385462664796,0.389,0.081,0.159190463385295,1,Grid1
9.9388587830657e-06,1.53000846696958,0.417,0.09,0.160691468804606,1,Parva
1.01042929970574e-05,1.87401639229507,0.472,0.126,0.163366209176425,1,Col25a1
1.01067556440114e-05,0.829274227571298,0.806,0.324,0.163406025252376,1,Ubr5
1.01445387851326e-05,1.58329259933391,0.472,0.117,0.164016903078024,1,Nkd1
1.05684840367422e-05,1.52892250292047,0.444,0.117,0.170871249906048,1,Acadsb
1.07015766664493e-05,2.38565408613982,0.333,0.054,0.173023091543152,1,St3gal2
1.08639707243832e-05,0.80796392638582,0.528,0.135,0.175648678671828,1,Afap1
1.08673096202078e-05,2.04761039395084,0.389,0.081,0.17570266193952,1,Epb41l1
1.08891189372367e-05,1.38897998595955,0.444,0.117,0.176055274977242,1,Dicer1
1.09377931437825e-05,1.02046189962699,0.694,0.216,0.176842239548675,1,Il1rapl1
1.12846245866191e-05,1.43846417804239,0.417,0.09,0.182449810316458,1,Axin2
1.16029316206492e-05,1.69014294347075,0.528,0.162,0.187596198442656,1,Cplane1
1.16893213847963e-05,0.942911836954429,0.667,0.234,0.188992948149387,1,Tns1
1.18196242845918e-05,1.36924491034296,0.556,0.171,0.19109968543328,1,Suclg2
1.23653181173105e-05,0.916469198576237,0.722,0.27,0.199922463320676,1,Kat6b
1.23839206276061e-05,1.24990430646566,0.472,0.126,0.200223228707136,1,Epb41l3
1.24063141314802e-05,1.22122866852026,0.417,0.09,0.200585286877772,1,Mylk
1.24213757924774e-05,2.80685513371094,0.306,0.045,0.200828803812774,1,Casc4
1.24213757924774e-05,2.42119252128955,0.306,0.045,0.200828803812774,1,Ift74
1.24840251901235e-05,5.00684685957743,0.167,0.0,0.201841719273917,1,Bicdl1
1.24840251901235e-05,4.98197638555399,0.167,0.0,0.201841719273917,1,Gm33906
1.32123844016482e-05,1.42987000980948,0.417,0.09,0.213617831005848,1,Scara3
1.32212801848364e-05,1.68533583253044,0.389,0.081,0.213761658028435,1,Zfp934
1.34637013791863e-05,0.9913518913927,0.611,0.207,0.217681123898684,1,Srsf1
1.38866708584897e-05,0.84425397573345,0.5,0.126,0.224519694440062,1,Glis3
1.40157388111599e-05,0.680309456249491,0.472,0.108,0.226606465098834,1,Glrb
1.41894113994655e-05,0.851587867133676,0.889,0.414,0.229414403506559,1,Srrm1
1.43054602344097e-05,1.26341197685408,0.444,0.099,0.231290681069936,1,Cttnbp2
1.50197630102948e-05,2.00473128022956,0.306,0.045,0.242839528350446,1,Kirrel
1.66944429405027e-05,1.51369118138187,0.611,0.234,0.269915753462048,1,5031425E22Rik
1.67439665770275e-05,1.07869927325296,0.639,0.216,0.270716451617381,1,Kif16b
1.71071078825437e-05,1.36923109352546,0.333,0.054,0.276587720244967,1,Slc35d1
1.74637494207732e-05,2.04146830060051,0.306,0.045,0.282353900635061,1,Ltbp1
1.75401944342927e-05,1.75625310590596,0.278,0.036,0.283589863613645,1,Mib2
1.75401944342927e-05,2.83970849677938,0.278,0.036,0.283589863613645,1,Osmr
1.76984042451433e-05,1.05102247383306,0.722,0.288,0.286147799835477,1,Nfix
1.81605780580101e-05,1.07133686945811,0.75,0.306,0.293620226041907,1,Pard3b
1.83289798271849e-05,0.666786097776786,0.583,0.171,0.296342945845925,1,Apbb2
1.87182596558431e-05,5.32809289368458,0.194,0.009,0.302636822115672,1,Zfp697
1.87182596558431e-05,5.80137011729859,0.194,0.009,0.302636822115672,1,Lox
1.87182596558431e-05,5.02513181099807,0.194,0.009,0.302636822115672,1,3010001F23Rik
1.88235420968693e-05,2.20551510100682,0.306,0.045,0.304339028622183,1,Dzip1
1.92204846804874e-05,3.88157055476397,0.25,0.027,0.31075679631412,1,Cacna1a
1.97058806737917e-05,4.57892736256496,0.194,0.009,0.318604678733864,1,Baiap2l1
1.97615764184607e-05,2.27542632716137,0.278,0.036,0.319505167533672,1,Ccdc80
2.00554813695962e-05,2.31056800448983,0.25,0.027,0.324257022783631,1,Gm47591
2.06481469490253e-05,1.37621391140534,0.722,0.333,0.333839239871841,1,Syne2
2.07492020978426e-05,1.82257595849131,0.389,0.081,0.33547309951792,1,Grk4
2.07774754889469e-05,0.971604371883151,0.722,0.288,0.335930223705293,1,Enah
2.09249491980559e-05,3.35564031821671,0.25,0.027,0.338314578634167,1,Cyp1b1
2.13787877637573e-05,0.604025114056674,0.639,0.216,0.345652240564428,1,Zscan26
2.16978768596965e-05,4.19534209165372,0.222,0.018,0.350811273067572,1,Ptchd4
2.18302297606729e-05,3.49993762838546,0.25,0.027,0.35295115477056,1,Akap17b
2.19307284926296e-05,1.25933809666748,0.333,0.054,0.354576018268835,1,Pdgfrb
2.21118281919541e-05,1.3456624650837,0.389,0.081,0.357504038207515,1,Mpzl1
2.21826076247303e-05,2.37959581434025,0.361,0.072,0.358648400076639,1,Ttc23
2.21826076247303e-05,1.78876848087351,0.361,0.072,0.358648400076639,1,Kirrel3
2.26884556993577e-05,1.74625847841974,0.444,0.117,0.366826951747215,1,Klf9
2.26994098009787e-05,0.635190894587087,0.361,0.063,0.367004057662224,1,Abca5
2.27259462684166e-05,0.984363813279642,0.972,0.514,0.36743309926776,1,Nfia
2.27727133330242e-05,3.35583955626478,0.25,0.027,0.368189229168335,1,Gm17167
2.33926328077e-05,0.930926143119841,0.417,0.099,0.378212087234893,1,Tfcp2
2.36722659917838e-05,0.897789329942362,0.5,0.135,0.38273319655516,1,Phka1
2.37538404912449e-05,2.40936702174893,0.25,0.027,0.384052093062447,1,Megf10
2.40703729797679e-05,2.03135181358375,0.278,0.036,0.389169790336888,1,Rassf9
2.49002087628845e-05,3.471779827756,0.222,0.018,0.402586575278317,1,Sptlc3
2.49002087628845e-05,3.56405416304725,0.222,0.018,0.402586575278317,1,Lix1l
2.55139383305699e-05,1.29502952888251,0.5,0.144,0.412509354928654,1,Rapgef3
2.58153999907138e-05,2.27830709384362,0.333,0.063,0.417383387049861,1,Wdr17
2.58380494291753e-05,2.44451294430566,0.25,0.027,0.417749583170906,1,Mapk10
2.60641181432426e-05,2.49299479881952,0.222,0.018,0.421404662139946,1,Ninl
2.60641181432426e-05,3.31660384542487,0.222,0.018,0.421404662139946,1,Bdh2
2.60641181432426e-05,2.80687518647534,0.222,0.018,0.421404662139946,1,Xndc1
2.60783690872533e-05,0.813655108856036,0.556,0.162,0.421635071402711,1,Pabpn1
2.61435685916458e-05,2.08230764260809,0.361,0.072,0.422689216989729,1,Grik1
2.63407504615299e-05,2.23710249111774,0.389,0.09,0.425877253462015,1,Prickle1
2.67293265816232e-05,1.73326968920082,0.389,0.081,0.432159752171684,1,Lhfp
2.6756643370297e-05,2.43253486369414,0.194,0.009,0.432601410010962,1,Ano8
2.68373339309947e-05,2.32490042289109,0.5,0.171,0.433906014996322,1,Magi2
2.70700666527948e-05,2.35679935581565,0.278,0.036,0.437668837642387,1,Trim23
2.72023787207293e-05,2.49694188656694,0.417,0.108,0.43980805915675,1,Lrp2
2.72796521260495e-05,2.19707235381375,0.222,0.018,0.441057415573969,1,Pafah2
2.72796521260495e-05,3.69848144264421,0.222,0.018,0.441057415573969,1,Spon1
2.72796521260495e-05,3.49064620401677,0.222,0.018,0.441057415573969,1,Cyp39a1
2.72796521260495e-05,3.22770565945687,0.222,0.018,0.441057415573969,1,Lzts2
2.74238582381022e-05,0.818547185899576,0.472,0.126,0.443388939993636,1,Pcmtd2
2.76389559974163e-05,2.47887095148527,0.333,0.063,0.446866640566226,1,Dctn6
2.77404862553128e-05,2.05843878214933,0.444,0.117,0.448508181775898,1,Atp2b2
2.80019122593788e-05,1.18023707329583,0.417,0.099,0.452734917409637,1,Ppp1r2
2.85930962759443e-05,2.75390994712605,0.361,0.081,0.462293180589467,1,Zmat1
2.8596034376258e-05,2.32601444148085,0.333,0.063,0.462340683795339,1,Cacna1c
2.8596034376258e-05,1.4200494086624,0.333,0.063,0.462340683795339,1,Eda
2.87764870512733e-05,1.35086021443951,0.5,0.153,0.465258242644987,1,Zfyve9
2.90787442418061e-05,1.46668661823217,0.444,0.126,0.470145136901521,1,Tmem65
2.92638285557721e-05,1.52688236715033,0.278,0.036,0.473137580089724,1,Nnat
2.92758488968317e-05,0.650023747451775,0.833,0.36,0.473331924963975,1,Srek1
2.93698929167276e-05,1.56132306602203,0.444,0.117,0.474852428677652,1,Gulp1
3.03337545873679e-05,1.2626245032931,0.472,0.135,0.490436144168564,1,Lrrc58
3.05395596832583e-05,3.42679035040552,0.25,0.027,0.49376360095892,1,Cemip
3.07714439460364e-05,1.47403314193726,0.361,0.072,0.497512705719516,1,Zc3h18
3.07714439460364e-05,1.15308376889061,0.361,0.072,0.497512705719516,1,Ryk
3.22168662482352e-05,1.35855144000945,0.583,0.207,0.520882293501467,1,Upp2
3.27113739714555e-05,1.0541535662243,0.611,0.207,0.528877494370493,1,4930402H24Rik
3.27905327471586e-05,3.06115453093124,0.306,0.054,0.53015733345606,1,Slc12a2
3.29055751324642e-05,1.63112683385127,0.444,0.117,0.532017338741681,1,Sclt1
3.29943002959903e-05,1.28587153058169,0.694,0.261,0.53345184718557,1,Mpp6
3.34664943099572e-05,1.19374683615018,0.417,0.099,0.541086280003388,1,Zfp808
3.36858886957246e-05,1.29904674377144,0.389,0.09,0.544633448432476,1,Dmxl2
3.38506988760966e-05,1.57101702844116,0.444,0.117,0.54729809942873,1,Slc44a1
3.39731720640463e-05,2.39308666423745,0.306,0.054,0.5492782459315,1,Adgrl1
3.47303335731245e-05,1.84443539649386,0.389,0.09,0.561520033210277,1,Fhl2
3.87478511779282e-05,1.8298842861965,0.333,0.063,0.626475257844743,1,Shisa9
4.0226220682426e-05,1.21236022576773,0.556,0.18,0.650377535993463,1,Arnt
4.03542041371848e-05,1.11437641702924,0.472,0.126,0.652446772490005,1,Dennd5b
4.03702763831711e-05,2.27429706580422,0.389,0.099,0.65270662856311,1,Emc2
4.04719260066576e-05,1.27608196690919,0.361,0.072,0.65435009967564,1,Uggt2
4.20887581012135e-05,1.24019620185552,0.806,0.423,0.68049104098042,1,Coch
4.3130991501823e-05,1.39148446320043,0.361,0.081,0.697341870601474,1,Galnt18
4.32863878423718e-05,0.831532262655387,0.694,0.261,0.699854318635467,1,Rai1
4.34595189982823e-05,1.65340180956915,0.306,0.054,0.702653503164229,1,Mpped2
4.42694492032393e-05,0.764597463159715,0.694,0.261,0.715748454717973,1,Zfp704
4.48874053926074e-05,1.07450943424659,0.417,0.099,0.725739570387676,1,Tln2
4.50551123821472e-05,0.507538964960447,0.528,0.153,0.728451056994556,1,Cnot10
4.51056221367701e-05,0.298069820557221,0.75,0.27,0.729267698707298,1,Tcf7l2
4.55504818438557e-05,1.02812994459405,0.472,0.135,0.736460190451458,1,Slc20a2
4.56186836245102e-05,1.77669910732501,0.389,0.09,0.737562876841081,1,Tmem117
4.57805903609275e-05,1.27609594750747,0.333,0.063,0.740180584955475,1,Dnajb2
4.67220748305732e-05,1.03128018227546,0.361,0.072,0.755402505860707,1,Pde5a
4.72151172632608e-05,1.01302776325615,0.861,0.541,0.763374015912401,1,Pbx3
4.80574476448934e-05,1.12840095459083,0.472,0.135,0.776992813522637,1,Etv1
4.82272782866237e-05,2.27204676429361,0.389,0.099,0.779738635338133,1,Agrn
4.86892510375812e-05,0.404732415290811,0.639,0.225,0.787207810775614,1,Mcc
4.89194508262274e-05,1.09306056767921,0.333,0.063,0.790929680958444,1,Tcaim
4.90313560949205e-05,3.10884242661984,0.278,0.045,0.792738965342674,1,Col13a1
5.08637905717578e-05,2.83775674818382,0.278,0.045,0.82236576596418,1,Wasf3
5.08637905717578e-05,3.41639113557011,0.278,0.045,0.82236576596418,1,Gclc
5.29606473032728e-05,0.545026306939902,0.528,0.162,0.856267745599314,1,Acsl3
5.29941949858911e-05,1.41436733481009,0.389,0.09,0.856810144531888,1,Zmym6
5.29941949858911e-05,0.826451312906126,0.389,0.09,0.856810144531888,1,Asap2
5.35415711706711e-05,0.999601978812391,0.306,0.054,0.86566012268741,1,Ndnf
5.44827958593891e-05,0.778519076108194,0.75,0.288,0.880877843454603,1,Col27a1
5.45989768909462e-05,1.33400601965107,0.389,0.09,0.882756258372818,1,Pcbp3
5.4909521458779e-05,1.04827073404904,0.472,0.135,0.887777142945539,1,Cyfip2
5.52693770417628e-05,1.05292360740318,0.5,0.153,0.893595288011222,1,Sntb1
5.65975854585392e-05,0.573057646593502,0.722,0.288,0.915069761693661,1,Ylpm1
5.69998760180993e-05,2.73605091554988,0.333,0.072,0.921573995460629,1,Ccdc34
5.7368703439683e-05,1.952149460895,0.306,0.054,0.927537197212795,1,Dlgap1
5.76831501366858e-05,1.30386226809427,0.333,0.063,0.932621171409937,1,Zc3h7b
5.95884576304894e-05,0.821560036001512,0.583,0.189,0.963426182969752,1,Hmg20a
5.9619746684696e-05,0.89098644552385,0.75,0.333,0.963932064398165,1,Pcca
5.97325483879965e-05,0.860713660099657,0.556,0.189,0.965755842337127,1,Kmt5b
6.10415892054231e-05,3.14892323579986,0.278,0.045,0.98692041427328,1,Klhdc8b
6.10415892054231e-05,1.50542456795197,0.278,0.045,0.98692041427328,1,Aldh6a1
6.14902696147293e-05,1.02434900928709,0.389,0.09,0.994174679130943,1,Irx5
6.16869587148795e-05,0.881304310446742,0.417,0.099,0.997354748502171,1,Pwwp3a
6.2739612230329e-05,1.35732346225391,0.417,0.108,1.0,1,Clybl
6.29575490075697e-05,1.40810025165064,0.444,0.126,1.0,1,Maged1
6.35984488247455e-05,1.28385780523199,0.306,0.054,1.0,1,Dixdc1
6.41492065657507e-05,3.503716181846,0.25,0.036,1.0,1,Hmgn3
6.4509763821744e-05,2.02253904593371,0.361,0.081,1.0,1,Tmeff2
6.65153105476302e-05,0.8879422836659,0.361,0.081,1.0,1,Cers4
6.65770342111997e-05,0.829422191817738,0.806,0.387,1.0,1,Igf1r
6.7900482278751e-05,1.03740009427847,0.472,0.144,1.0,1,Zhx3
6.80441336856142e-05,1.76412630450159,0.278,0.045,1.0,1,Smarcd3
6.82655514766546e-05,2.09901242936876,0.417,0.108,1.0,1,Notum
6.90465324306341e-05,2.01508532716773,0.333,0.072,1.0,1,A230057D06Rik
6.92898694157895e-05,3.67956819981537,0.25,0.036,1.0,1,Rhbdd2
7.08572213057129e-05,4.85279284768642,0.139,0.0,1.0,1,Ptges
7.08572213057129e-05,4.52116894525591,0.139,0.0,1.0,1,Syne4
7.08572213057129e-05,5.11835018160305,0.139,0.0,1.0,1,Sv2b
7.08572213057129e-05,4.98336216182864,0.139,0.0,1.0,1,Stx1b
7.08572213057129e-05,5.73682243882584,0.139,0.0,1.0,1,1190005I06Rik
7.08572213057129e-05,4.64758148667425,0.139,0.0,1.0,1,Stra6
7.08572213057129e-05,4.81100642025332,0.139,0.0,1.0,1,Plcd1
7.08572213057129e-05,4.62605493903578,0.139,0.0,1.0,1,Nup43
7.08572213057129e-05,5.66705328696803,0.139,0.0,1.0,1,Hdac10
7.08572213057129e-05,7.97506458185835,0.139,0.0,1.0,1,Cntn1
7.08572213057129e-05,5.38788921066167,0.139,0.0,1.0,1,Gm4107
7.12749778840482e-05,2.00774734284171,0.333,0.072,1.0,1,Pskh1
7.17981329013893e-05,0.971153968407953,0.917,0.459,1.0,1,Tcf12
7.25689102705281e-05,1.4837482797326,0.389,0.099,1.0,1,Zfp266
7.25689102705281e-05,1.71507957318748,0.389,0.099,1.0,1,Nkd2
7.31276732231311e-05,1.79389809397679,0.278,0.045,1.0,1,Pcgf3
7.35713403929463e-05,1.43022589227215,0.333,0.072,1.0,1,Anxa2
7.35753358531178e-05,4.11466460024145,0.222,0.027,1.0,1,5930430L01Rik
7.51257721891194e-05,1.18461671334738,0.528,0.171,1.0,1,Zhx2
7.54259673301395e-05,1.58384876335785,0.306,0.054,1.0,1,Lepr
7.54259673301395e-05,1.49426752810434,0.306,0.054,1.0,1,Ush1c
7.54259673301395e-05,1.70825140379149,0.306,0.054,1.0,1,Gria3
7.66808731508292e-05,4.48776929761307,0.222,0.027,1.0,1,Mmp28
7.76863253798444e-05,0.986482251110614,0.583,0.207,1.0,1,2510009E07Rik
7.77369988137568e-05,3.16135378114743,0.25,0.036,1.0,1,Mdga2
7.80286480066338e-05,2.02116771649661,0.306,0.054,1.0,1,Egflam
7.9211781292599e-05,1.82360242967946,0.361,0.09,1.0,1,Lrif1
8.07160793550736e-05,1.13802066366419,0.306,0.054,1.0,1,Tmem39a
8.07627742311099e-05,2.28625720588427,0.25,0.036,1.0,1,Id3
8.14229746646901e-05,1.52876518935814,0.389,0.099,1.0,1,B130024G19Rik
8.38996384478934e-05,2.46471529652115,0.25,0.036,1.0,1,Nipal2
8.43915285308842e-05,0.759904226305426,0.278,0.045,1.0,1,Vstm4
8.49363524687585e-05,0.567642076355802,0.389,0.09,1.0,1,Galm
8.52353631858837e-05,0.69397895104376,0.583,0.207,1.0,1,Srcap
8.61414263095182e-05,1.56939957298977,0.333,0.072,1.0,1,Nxn
8.67579901708495e-05,4.43193881470637,0.222,0.027,1.0,1,Apba2
8.7151397951498e-05,2.6345241171251,0.25,0.036,1.0,1,Msi1
8.74534824365336e-05,1.17533226238197,0.278,0.045,1.0,1,Chp1
8.74534824365336e-05,2.24590361081016,0.278,0.045,1.0,1,Hs3st3b1
9.01444397606555e-05,1.18361226160992,0.472,0.144,1.0,1,Psip1
9.05219790763091e-05,2.37746327034342,0.25,0.036,1.0,1,Fut9
9.05219790763091e-05,2.13688725417753,0.25,0.036,1.0,1,Mphosph6
9.06201893227443e-05,2.00242956600531,0.278,0.045,1.0,1,Mccc2
9.157696849577e-05,1.33390156803439,0.444,0.126,1.0,1,Mme
9.17188696358695e-05,0.804628597592161,0.5,0.153,1.0,1,Pdzd2
9.34271240115629e-05,0.49609315909011,0.778,0.342,1.0,1,Dse
9.38949921121124e-05,1.09530223648347,0.278,0.045,1.0,1,Fut10
9.39294300678512e-05,1.76956697656603,0.389,0.099,1.0,1,Rcan2
9.40154313848381e-05,2.01168970095737,0.25,0.036,1.0,1,Rab30
9.66393263248491e-05,1.35332261988543,0.389,0.099,1.0,1,Kif21a
9.68089972020014e-05,0.795659364166694,0.639,0.261,1.0,1,A330023F24Rik
9.80774452692463e-05,3.32320374579783,0.222,0.027,1.0,1,Ovol2
9.85799294184969e-05,1.66625106381294,0.361,0.081,1.0,1,Ctnnal1
9.93950022614116e-05,0.573023644466765,0.917,0.468,1.0,1,Ddx17
9.95342826666246e-05,5.15226614145979,0.194,0.018,1.0,1,Lemd1
9.95342826666246e-05,4.96083631931926,0.194,0.018,1.0,1,Bcas1
9.95342826666246e-05,4.32743286871425,0.194,0.018,1.0,1,Adcy1
0.0001003354203735,1.51971047576509,0.361,0.09,1.0,1,Purg
0.0001007047026998,1.18388943685362,0.5,0.162,1.0,1,Gbe1
0.0001007047026998,1.17003638735366,0.5,0.162,1.0,1,Sms
0.0001007140576951,1.03186579562398,0.417,0.108,1.0,1,Fermt2
0.0001012661233012,1.16364033674951,0.444,0.135,1.0,1,Parp4
0.0001021508032908,0.705137472421354,0.222,0.027,1.0,1,Kcnk3
0.0001021508032908,3.43849583982788,0.222,0.027,1.0,1,Pwp1
0.0001040775129235,4.97442913338596,0.194,0.018,1.0,1,Jazf1
0.0001043013800102,1.78983509501317,0.306,0.063,1.0,1,Gucy1a2
0.0001062973106912,4.46126851087,0.167,0.009,1.0,1,Acer2
0.0001062973106912,4.75232978556976,0.167,0.009,1.0,1,Medag
0.0001062973106912,4.89729626206498,0.167,0.009,1.0,1,Prx
0.0001062973106912,4.94781255502616,0.167,0.009,1.0,1,Adamtsl3
0.0001072840673548,1.07348967522579,0.444,0.126,1.0,1,Thra
0.0001076387396755,0.75278572389851,0.972,0.468,1.0,1,Sash1
0.0001077118143318,1.12513856026612,0.472,0.144,1.0,1,Cpeb3
0.0001081846981993,2.35370940620259,0.444,0.144,1.0,1,Nrxn1
0.0001088159550478,4.15699427436771,0.194,0.018,1.0,1,Dusp10
0.0001088159550478,4.32038319382893,0.194,0.018,1.0,1,Pcdh19
0.0001107812464891,3.79591436613341,0.222,0.027,1.0,1,Phf24
0.0001107812464891,2.75781634787543,0.222,0.027,1.0,1,Sfxn4
0.0001117548056378,4.45744173516437,0.167,0.009,1.0,1,Adam1a
0.0001117548056378,4.77022039741871,0.167,0.009,1.0,1,Hs3st5
0.0001117548056378,4.97106926796522,0.167,0.009,1.0,1,Slc22a3
0.0001134765646717,1.64018093066419,0.25,0.036,1.0,1,Kat2a
0.0001137574161053,4.22820442644047,0.194,0.018,1.0,1,Hacd1
0.0001145133690966,1.1665064895389,0.389,0.099,1.0,1,Ahdc1
0.0001153501286588,1.49612765374852,0.222,0.027,1.0,1,Pantr2
0.0001153501286588,2.90768310859529,0.222,0.027,1.0,1,Fndc1
0.0001156455455625,0.891382300115911,0.611,0.216,1.0,1,Lncppara
0.00011747585287,4.78613590639815,0.167,0.009,1.0,1,Prdm6
0.0001183572742177,0.919554285315906,0.667,0.279,1.0,1,Ptprk
0.0001189099889215,4.67659288685381,0.194,0.018,1.0,1,Gbp10
0.0001189099889215,3.74643668086599,0.194,0.018,1.0,1,Jam3
0.0001195561412593,1.54428502578955,0.361,0.09,1.0,1,Lrrc8c
0.0001200963107825,2.79521507592913,0.222,0.027,1.0,1,Lurap1l
0.0001200963107825,2.37715435199701,0.222,0.027,1.0,1,Kank4
0.0001200963107825,2.5558547648521,0.222,0.027,1.0,1,Ikbip
0.0001204783281069,3.11134545708194,0.278,0.054,1.0,1,Ntrk3
0.0001211343019016,1.13661008680653,0.389,0.099,1.0,1,Cdon
0.0001222776704896,2.30473021859723,0.25,0.036,1.0,1,Arnt2
0.0001242820613938,3.41546802217094,0.194,0.018,1.0,1,Loxl3
0.0001245416484528,1.39167813317108,0.444,0.135,1.0,1,Med14
0.0001250261924945,2.8440583404225,0.222,0.027,1.0,1,Fzd2
0.0001250868776379,1.5144041941996,0.333,0.072,1.0,1,Msh3
0.0001269158456629,1.63100575657337,0.25,0.036,1.0,1,Gm14964
0.0001270177032136,1.21107086553478,0.472,0.153,1.0,1,Lamc1
0.0001279745527523,1.09685643335531,0.528,0.189,1.0,1,Pld1
0.0001291253365545,0.679465962462105,0.583,0.198,1.0,1,Qrich1
0.0001301463846138,2.29584640418429,0.222,0.027,1.0,1,D930016D06Rik
0.0001301463846138,1.73113807159147,0.222,0.027,1.0,1,Cacna1g
0.0001307805022688,1.34898187965621,0.306,0.063,1.0,1,Serpinb6a
0.0001318102495084,1.05769222186316,0.639,0.243,1.0,1,Lrp6
0.0001350441615724,1.89545403460232,0.306,0.063,1.0,1,Tspan9
0.0001357197899257,3.14546597786306,0.194,0.018,1.0,1,Dffa
0.0001357197899257,3.29026706116558,0.194,0.018,1.0,1,Ctr9
0.0001358968857257,0.718663032330465,0.528,0.18,1.0,1,Arsb
0.0001360229053378,0.61236582429819,0.806,0.351,1.0,1,Ralgapa1
0.0001363410920618,2.82471052445233,0.167,0.009,1.0,1,Ccbe1
0.0001363791933805,0.634996251051232,0.639,0.216,1.0,1,Fut8
0.0001394385334985,0.860380765774563,0.306,0.063,1.0,1,Gm16759
0.0001394385334985,1.06239087238412,0.306,0.063,1.0,1,Kalrn
0.0001409852365824,1.70165541598003,0.222,0.027,1.0,1,Col20a1
0.0001409852365824,1.68189075034123,0.222,0.027,1.0,1,Slit2
0.0001418037845652,3.06911626298252,0.194,0.018,1.0,1,Ppip5k1
0.0001418037845652,2.36071908881003,0.194,0.018,1.0,1,Plekhh2
0.0001432289607214,1.06560596240579,0.389,0.099,1.0,1,Ptprt
0.0001432396314878,1.99098580361542,0.167,0.009,1.0,1,Pacsin3
0.0001432396314878,2.63103437549455,0.167,0.009,1.0,1,Tbx3
0.0001432396314878,1.72681971204127,0.167,0.009,1.0,1,Fzd10os
0.0001432396314878,2.07874595900291,0.167,0.009,1.0,1,Zfp775
0.0001432396314878,1.60566984676589,0.167,0.009,1.0,1,Ublcp1
0.0001432396314878,1.76276117264932,0.167,0.009,1.0,1,Pcdhga12
0.0001437017086486,0.629748888094871,0.639,0.243,1.0,1,Prkag2
0.0001446249008133,1.01441581728809,0.639,0.27,1.0,1,Rbm33
0.0001467182304911,2.49017754099473,0.222,0.027,1.0,1,Vangl2
0.0001467182304911,2.3717544046893,0.222,0.027,1.0,1,Mb21d2
0.0001505892502371,1.0783363597954,0.528,0.189,1.0,1,Zzz3
0.0001516032403438,0.811924200842887,0.556,0.198,1.0,1,Dock9
0.0001526702160854,1.75079188540517,0.222,0.027,1.0,1,C330002G04Rik
0.000154366391701,0.673428752142688,0.444,0.126,1.0,1,Gm16201
0.0001547503777707,1.67756200660622,0.194,0.018,1.0,1,Miga2
0.0001564225048869,0.546167972036616,0.75,0.342,1.0,1,Golgb1
0.000157778414157,1.88451666629562,0.278,0.054,1.0,1,Zfp664
0.0001583990907781,1.10946697081881,0.306,0.063,1.0,1,Cdh11
0.0001588489560877,0.606334295920993,0.222,0.027,1.0,1,Vps45
0.0001641084728797,0.72527335931628,0.694,0.306,1.0,1,Add3
0.0001641203637722,1.00403805188787,0.361,0.09,1.0,1,Igfbp4
0.0001682684158107,0.857843069057354,0.389,0.108,1.0,1,Tecpr2
0.0001687651715715,0.484314295345476,0.306,0.063,1.0,1,Golph3l
0.0001719190107738,1.46327236375378,0.222,0.027,1.0,1,Dnajc6
0.0001730879434473,1.03299392043475,0.472,0.144,1.0,1,Aig1
0.0001741843817404,1.62803837207396,0.306,0.063,1.0,1,Trp53bp2
0.0001772354166056,1.46857227101016,0.333,0.081,1.0,1,Gtf2ird1
0.0001778353484276,1.09742047731737,0.444,0.135,1.0,1,Prickle2
0.0001810268907372,1.04774676534555,0.528,0.189,1.0,1,Calm2
0.0001824788417612,0.801642415922334,0.389,0.108,1.0,1,Zbtb11
0.0001841343864965,0.568022575539666,0.667,0.261,1.0,1,Tulp4
0.0001859956398769,1.20260899290097,0.222,0.027,1.0,1,Erg
0.0001860213499838,0.503356813074007,0.417,0.117,1.0,1,Hacd3
0.0001863498728786,2.02917971470242,0.278,0.054,1.0,1,Miga1
0.0001863498728786,2.08581656642017,0.278,0.054,1.0,1,Ccdc57
0.0001914404404955,1.45560586481526,0.306,0.063,1.0,1,Gpr156
0.0001935500454538,0.593266876287351,0.75,0.306,1.0,1,Insr
0.0001939120973139,0.95533124525202,0.389,0.099,1.0,1,Limch1
0.0001941737216068,2.18192670937248,0.417,0.144,1.0,1,Ints6
0.0001966197872357,1.14628827348639,0.444,0.135,1.0,1,Fam129b
0.0001970719467765,0.821327550444113,0.528,0.18,1.0,1,Ccz1
0.0001990863779433,1.42808244983783,0.278,0.054,1.0,1,Tnik
0.0001990863779433,1.48094112656658,0.278,0.054,1.0,1,Egfr
0.0001990863779433,2.33643601040713,0.278,0.054,1.0,1,Rnf19a
0.0002011572413399,1.09189488402728,0.417,0.117,1.0,1,Parn
0.0002029750466691,1.7704345788102,0.444,0.153,1.0,1,Pgm2l1
0.0002038236028966,1.04313218549162,0.306,0.063,1.0,1,Efhd1
0.0002038640958358,0.72417666118506,0.5,0.171,1.0,1,Brd9
0.0002053970499441,0.631972831174474,0.583,0.207,1.0,1,Rnf38
0.000208671990569,1.07424651927879,0.417,0.126,1.0,1,Patj
0.0002117648842593,0.535329576286996,0.361,0.09,1.0,1,Pold3
0.0002118263028959,0.511375207380652,0.889,0.432,1.0,1,Sipa1l1
0.0002140780267321,0.55770883718171,0.417,0.126,1.0,1,Dtnb
0.0002176356860303,1.13728198566187,0.333,0.081,1.0,1,Ankrd27
0.0002177953077842,1.09365277634818,0.361,0.09,1.0,1,Dennd2a
0.0002221421331842,0.697057751808141,0.389,0.099,1.0,1,Ergic1
0.0002350172170884,2.08744341273628,0.361,0.099,1.0,1,Dkk2
0.0002353257816559,0.647721893972363,0.861,0.432,1.0,1,Creb5
0.0002381528038588,0.793184128431964,0.306,0.063,1.0,1,Palm
0.0002408431895909,1.07172498645978,0.444,0.144,1.0,1,Alms1
0.0002462505578774,1.43642240745322,0.25,0.045,1.0,1,E230016M11Rik
0.0002504004712012,0.265706476410603,0.278,0.054,1.0,1,Ppp2r3d
0.000251286247076,1.0258529670216,0.5,0.18,1.0,1,Atp11a
0.0002520581094733,1.06775566020507,0.444,0.135,1.0,1,Mpp5
0.0002545444519864,0.836983489952832,0.639,0.243,1.0,1,Fubp1
0.0002550616642779,3.78004858464571,0.222,0.036,1.0,1,Zfp618
0.0002575001691968,0.987587852513512,0.361,0.09,1.0,1,Trpm4
0.0002589943710511,0.826358587850964,0.333,0.081,1.0,1,Otoa
0.0002593712606684,0.96021631757405,0.556,0.198,1.0,1,Cpm
0.0002638387846708,2.39242042282347,0.25,0.045,1.0,1,Ino80dos
0.0002638387846708,3.31717124248743,0.25,0.045,1.0,1,Banf2
0.0002638387846708,2.42113884542449,0.25,0.045,1.0,1,Parm1
0.0002638387846708,2.80967190615428,0.25,0.045,1.0,1,Ttc33
0.0002646635676872,4.07971649092029,0.222,0.036,1.0,1,Arhgap20
0.0002665660469248,0.837474475887238,0.333,0.081,1.0,1,Lamb2
0.0002709103023786,0.411824749562723,0.639,0.243,1.0,1,Afdn
0.0002741229394831,0.628586164830359,0.806,0.36,1.0,1,Dnajc1
0.0002770394250001,0.953795584219264,0.556,0.198,1.0,1,Chst11
0.0002778774079096,0.588767742568903,0.722,0.306,1.0,1,Slc38a6
0.0002825995315606,2.64041423546591,0.25,0.045,1.0,1,Grik5
0.0002831752205179,0.89430188985952,0.528,0.207,1.0,1,Elp4
0.0002899310441941,2.01079727806059,0.306,0.072,1.0,1,Zfp467
0.0002922617999928,1.3701757482152,0.361,0.099,1.0,1,Wipf2
0.0002922617999928,1.25411972092233,0.361,0.099,1.0,1,Dzip3
0.0002924419177654,1.54571405896825,0.25,0.045,1.0,1,Smyd4
0.0002924419177654,1.675168990272,0.25,0.045,1.0,1,Mboat2
0.0002956727060895,1.20745005271616,0.361,0.09,1.0,1,Zswim8
0.0002987207625382,2.29577112275135,0.306,0.072,1.0,1,Macrod1
0.0002989769265102,1.02564689881099,0.333,0.081,1.0,1,Lpcat3
0.0003016598636236,0.335616736024278,0.778,0.324,1.0,1,Smurf2
0.000301763471196,0.765903740171631,0.583,0.252,1.0,1,Map2k5
0.0003021779482116,0.969656027114422,0.389,0.108,1.0,1,Syne1
0.0003026047039304,2.24137281252692,0.25,0.045,1.0,1,Gm20342
0.0003026047039304,2.35565617315519,0.25,0.045,1.0,1,Rgs22
0.0003027339064387,1.11057912648754,0.472,0.162,1.0,1,Setd7
0.0003039173025641,0.289940756548847,0.361,0.09,1.0,1,Tspyl2
0.0003077595752183,1.90226836994234,0.306,0.072,1.0,1,Runx1t1
0.0003077595752183,1.48332054889411,0.306,0.072,1.0,1,Igf2bp2
0.0003100814140053,0.980733098809,0.556,0.207,1.0,1,Nckap5
0.0003169144755328,2.01518560858523,0.361,0.099,1.0,1,Bicd1
0.0003170539863864,2.06914607971281,0.306,0.072,1.0,1,Gmps
0.0003179686746315,2.90487200308382,0.222,0.036,1.0,1,Fam117a
0.0003239301722636,1.85343994511676,0.25,0.045,1.0,1,Slc7a2
0.0003239301722636,1.15395493402837,0.25,0.045,1.0,1,Cdh1
0.0003255556123103,1.19704725710566,0.361,0.099,1.0,1,Cry2
0.000333831802976,0.718440743539262,0.417,0.144,1.0,1,Ocrl
0.0003390968756677,1.19540005508337,0.361,0.09,1.0,1,Gna14
0.0003410322030976,2.09800143194347,0.333,0.09,1.0,1,Fat1
0.0003410571375557,0.564767536511033,0.694,0.279,1.0,1,Kif1b
0.000341980782361,3.04856225819261,0.222,0.036,1.0,1,Clpb
0.000341980782361,1.34875504511452,0.222,0.036,1.0,1,Tab3
0.0003436036363459,1.0019563116352,0.75,0.378,1.0,1,Sfpq
0.0003465381655878,1.78211511685929,0.306,0.072,1.0,1,Cops3
0.000346655960932,0.864672397927574,0.25,0.045,1.0,1,Kif19a
0.0003505968116179,0.32578492425705,0.667,0.279,1.0,1,Ewsr1
0.0003542964406356,0.57971850960079,0.444,0.144,1.0,1,Sf3b2
0.0003543135667401,1.62106934244816,0.361,0.108,1.0,1,Rhou
0.0003545780186537,0.777448467064482,0.333,0.081,1.0,1,Prdm16
0.0003604105397115,0.866835515392316,0.556,0.207,1.0,1,Adcy9
0.0003701069884573,0.681890739955328,0.5,0.171,1.0,1,Asph
0.000370866444076,1.48026228838966,0.25,0.045,1.0,1,Rps6kb2
0.0003751707342474,3.6678933734361,0.278,0.063,1.0,1,Lmx1a
0.0003754395545189,0.286651305753381,0.556,0.198,1.0,1,Phlpp1
0.0003761359332816,0.662525855180051,0.556,0.207,1.0,1,Hnrnpd
0.0003822096574995,0.917268831522346,0.361,0.099,1.0,1,Xpa
0.0003822475139088,0.543486722371899,0.556,0.225,1.0,1,Zc3h13
0.0003827799153618,1.09531127708194,0.5,0.189,1.0,1,Fmn1
0.0003927544705092,3.85125658796739,0.194,0.027,1.0,1,Fam171a1
0.0003942714189605,0.903226546363853,0.5,0.18,1.0,1,Nucks1
0.0003951784935105,2.15819309322185,0.222,0.036,1.0,1,Rerg
0.0003999479463393,5.04253168053381,0.111,0.0,1.0,1,Wnt6
0.0003999479463393,4.372742867985,0.111,0.0,1.0,1,Mterf4
0.0003999479463393,5.19567971780083,0.111,0.0,1.0,1,Fermt1
0.0003999479463393,5.25335155383372,0.111,0.0,1.0,1,A230001M10Rik
0.0003999479463393,5.28760177205865,0.111,0.0,1.0,1,Faxc
0.0003999479463393,4.58602288091615,0.111,0.0,1.0,1,Alpl
0.0003999479463393,5.03482366532506,0.111,0.0,1.0,1,Tnfrsf25
0.0003999479463393,4.2755084381508,0.111,0.0,1.0,1,Gnai1
0.0003999479463393,4.530627439701,0.111,0.0,1.0,1,Nat8f6
0.0003999479463393,4.95594411979167,0.111,0.0,1.0,1,Setmar
0.0003999479463393,3.81912018623992,0.111,0.0,1.0,1,Rsf1os2
0.0003999479463393,4.69344933294095,0.111,0.0,1.0,1,Tmem184c
0.0003999479463393,4.54482496253508,0.111,0.0,1.0,1,Hydin
0.0003999479463393,4.75186524244706,0.111,0.0,1.0,1,Cep126
0.0003999479463393,4.73391671558746,0.111,0.0,1.0,1,4930432B10Rik
0.0003999479463393,5.53711679817936,0.111,0.0,1.0,1,Apc2
0.0003999479463393,4.58557431396342,0.111,0.0,1.0,1,Emid1
0.0003999479463393,5.10811048205177,0.111,0.0,1.0,1,Ccdc137
0.0003999479463393,5.60764445613483,0.111,0.0,1.0,1,Pxdn
0.0003999479463393,5.40864360099537,0.111,0.0,1.0,1,4933406C10Rik
0.0003999479463393,4.9940844621764,0.111,0.0,1.0,1,Dsp
0.0003999479463393,5.24307657867505,0.111,0.0,1.0,1,Cdh24
0.0003999479463393,4.46073132564766,0.111,0.0,1.0,1,Rec8
0.0003999479463393,4.79768041681264,0.111,0.0,1.0,1,Gm35909
0.0003999479463393,4.7467864151011,0.111,0.0,1.0,1,Gm49272
0.0003999479463393,5.48282285834415,0.111,0.0,1.0,1,9530082P21Rik
0.0003999479463393,3.84528823591955,0.111,0.0,1.0,1,Nudt12
0.0003999479463393,4.48048741779086,0.111,0.0,1.0,1,Gm14858
0.0003999479463393,4.86972913558967,0.111,0.0,1.0,1,Col4a6
0.0004017643960255,0.437918789055924,0.389,0.108,1.0,1,Clstn1
0.0004025511072373,2.20728702507884,0.333,0.09,1.0,1,Ptprz1
0.0004025511072373,1.2527984222592,0.333,0.09,1.0,1,Hdac2
0.0004030569301264,1.00024412942016,0.361,0.099,1.0,1,Dip2a
0.000408415836195,4.36220687509173,0.194,0.027,1.0,1,Pi4k2b
0.0004096367685245,2.59537743407248,0.222,0.036,1.0,1,Dpf3
0.0004132858199537,0.663777529897249,0.833,0.486,1.0,1,Prpf4b
0.0004133570343132,0.864389754829448,0.306,0.072,1.0,1,Fam107a
0.0004229614681533,1.06609268105289,0.389,0.117,1.0,1,Pou6f1
0.0004241019653093,1.42236654452725,0.25,0.045,1.0,1,Ptpdc1
0.0004256003920531,0.284052004782823,0.306,0.072,1.0,1,St6galnac3
0.0004302606443928,1.06728156542162,0.583,0.234,1.0,1,Tspan5
0.0004366096375659,0.908687173814144,0.361,0.108,1.0,1,Lnpk
0.0004384835498276,1.52845049666536,0.25,0.045,1.0,1,Cyp4f17
0.0004404882218452,1.13076244056054,0.667,0.315,1.0,1,Stim2
0.0004438317969856,0.965648816405573,0.333,0.081,1.0,1,Rai14
0.0004450327850222,0.527022348777358,0.389,0.108,1.0,1,Slc16a2
0.0004451964201222,1.7416334575879,0.417,0.144,1.0,1,Gas2l3
0.000445364566193,0.398629638749733,0.861,0.432,1.0,1,Arid5b
0.0004470743848511,0.488809546938403,0.667,0.27,1.0,1,Ctnnd1
0.0004480682160256,1.188135958765,0.361,0.108,1.0,1,Prpf6
0.0004560311521332,0.840074119001246,0.222,0.036,1.0,1,Plpp1
0.0004641790281349,0.605680781456176,0.417,0.117,1.0,1,Dph6
0.0004643925828273,0.842973665173048,0.306,0.072,1.0,1,Abcd3
0.0004676295476622,1.06384113418709,0.389,0.117,1.0,1,Mipol1
0.0004725552898854,2.04834920303518,0.222,0.036,1.0,1,Irs1
0.0004743175035118,0.848278287394835,0.333,0.09,1.0,1,Ift81
0.0004770807134558,3.16876963875987,0.194,0.027,1.0,1,Irx3os
0.0004794647289555,0.8412957481531,0.389,0.117,1.0,1,Mthfs
0.0004802972224958,0.307181656667942,0.389,0.108,1.0,1,Msrb3
0.0004853305906846,0.636350919583575,0.806,0.378,1.0,1,Lrba
0.0004862015542258,2.09556971120804,0.306,0.081,1.0,1,Abcg2
0.000489609885514,1.29712201648821,0.222,0.036,1.0,1,L3mbtl2
0.0004896366195822,1.9940872135162,0.222,0.036,1.0,1,Fam184b
0.0004940152857291,1.68820340223232,0.778,0.441,1.0,1,Nkain2
0.0004949030108717,0.799227436831156,0.583,0.243,1.0,1,Ube4b
0.0004958554862768,3.28740480350492,0.194,0.027,1.0,1,Amd1
0.0004958554862768,3.36440183626178,0.194,0.027,1.0,1,Slc8a3
0.0004958554862768,2.35101648894249,0.194,0.027,1.0,1,Tgfb3
0.0005007787489029,1.53657217398536,0.333,0.09,1.0,1,Zc3h3
0.0005083879699912,1.14715856205346,0.5,0.189,1.0,1,Foxo1
0.0005092487532815,1.835774906582,0.278,0.063,1.0,1,Garnl3
0.0005092487532815,1.88679370624448,0.278,0.063,1.0,1,Gm44899
0.0005153173732001,2.68577189785072,0.194,0.027,1.0,1,Eml1
0.0005153173732001,3.27173775316962,0.194,0.027,1.0,1,Gpc5
0.00051630990215,0.53873339545012,0.444,0.144,1.0,1,Fnbp1l
0.0005195376700923,1.0816878159989,0.417,0.135,1.0,1,Kdm5b
0.0005247336477719,1.00295777423278,0.5,0.18,1.0,1,Magi1
0.0005252852185024,1.49674317491341,0.417,0.144,1.0,1,Zfp236
0.0005280272941884,4.28410749664146,0.167,0.018,1.0,1,Snx19
0.0005286112046098,1.76006987229274,0.333,0.09,1.0,1,Cntnap2
0.0005354893725999,2.54072455845634,0.194,0.027,1.0,1,Rarres1
0.0005354893725999,1.36113689926598,0.194,0.027,1.0,1,Pitpnm2
0.0005354893725999,2.46092373732735,0.194,0.027,1.0,1,A330076H08Rik
0.0005354893725999,2.49468087057248,0.194,0.027,1.0,1,Plxnb1
0.0005354893725999,2.74829176993703,0.194,0.027,1.0,1,Nrbf2
0.000538307389808,0.466063668316843,0.583,0.234,1.0,1,Aak1
0.0005426501365918,1.99762109304461,0.333,0.099,1.0,1,Veph1
0.000542946483471,0.647123615480125,0.389,0.117,1.0,1,Trip4
0.0005443981317421,0.54447269043979,0.222,0.036,1.0,1,Btbd11
0.0005443981317421,0.593101698715694,0.222,0.036,1.0,1,Bahcc1
0.0005489286651721,2.44907736024565,0.25,0.054,1.0,1,Gm12940
0.0005509833288056,4.24111385249124,0.167,0.018,1.0,1,Dhtkd1
0.0005509833288056,5.14792780355501,0.167,0.018,1.0,1,Plscr2
0.0005509833288056,4.97186081229742,0.167,0.018,1.0,1,Cacna2d3
0.0005520586970629,0.893811268839609,0.444,0.162,1.0,1,Lrrc8b
0.0005550789771695,0.8793672418546,0.528,0.198,1.0,1,Agap1
0.0005563951679936,1.28675060202901,0.194,0.027,1.0,1,Fsd1l
0.0005563951679936,0.374891104704898,0.194,0.027,1.0,1,Tbx3os1
0.0005563951679936,1.6806614170594,0.194,0.027,1.0,1,Ccdc61
0.0005563951679936,2.8354829409775,0.194,0.027,1.0,1,Lrrc75a
0.0005563951679936,2.85234106625588,0.194,0.027,1.0,1,Fignl2
0.0005579262176421,0.69544037993878,0.417,0.135,1.0,1,Trim24
0.0005635602132088,1.04503244872922,0.417,0.144,1.0,1,Rab12
0.0005744549263626,1.22562937819337,0.278,0.063,1.0,1,Efna5
0.0005748662781801,4.9064800079654,0.167,0.018,1.0,1,Kyat1
0.0005796701086192,0.855337404327568,0.444,0.144,1.0,1,Erc1
0.0005840199234335,0.982937192057105,0.222,0.036,1.0,1,Ppp1r16a
0.0005902873891468,3.74932019273863,0.139,0.009,1.0,1,Thap4
0.0005902873891468,5.2834395444194,0.139,0.009,1.0,1,Rapgef4os1
0.0005902873891468,5.05419682203233,0.139,0.009,1.0,1,Car13
0.0005902873891468,4.86971076305789,0.139,0.009,1.0,1,Khdrbs3
0.0005902873891468,5.15230388079909,0.139,0.009,1.0,1,Ephb3
0.0005902873891468,4.46580466023297,0.139,0.009,1.0,1,Gm49767
0.0005902873891468,5.68131440579734,0.139,0.009,1.0,1,Kctd16
0.0005902873891468,4.31074884773322,0.139,0.009,1.0,1,Pip5k1bos
0.0005918196182705,2.02122579724628,0.306,0.081,1.0,1,Coro2b
0.0005935698776609,0.57916595380068,0.639,0.261,1.0,1,Gmds
0.0005940502223499,1.40401946970472,0.361,0.108,1.0,1,Clk2
0.0006005064104165,1.1673806083126,0.194,0.027,1.0,1,Slc4a4
0.0006005064104165,2.05029388812667,0.194,0.027,1.0,1,Shroom2
0.0006095674704539,0.41816579744129,0.25,0.045,1.0,1,Nat9
0.0006178626451455,1.19620487607338,0.444,0.162,1.0,1,Fgd6
0.0006195717735885,4.82070912404985,0.139,0.009,1.0,1,E130114P18Rik
0.0006195717735885,4.81347747906588,0.139,0.009,1.0,1,Islr
0.0006195717735885,4.17239403671556,0.139,0.009,1.0,1,Pfkm
0.0006195717735885,4.09579353917522,0.139,0.009,1.0,1,Tedc2
0.0006195717735885,4.29025656256331,0.139,0.009,1.0,1,Nrxn2
0.0006195717735885,4.81216226005569,0.139,0.009,1.0,1,Shroom4
0.0006195717735885,4.06729104833507,0.139,0.009,1.0,1,Aff2
0.0006237628071303,2.24567120281139,0.194,0.027,1.0,1,Cadps2
0.0006237628071303,2.15503118314525,0.194,0.027,1.0,1,AW046200
0.0006237628071303,1.99551586373317,0.194,0.027,1.0,1,AC106834.1
0.0006255506978755,3.3626505736306,0.167,0.018,1.0,1,Bcl7c
0.0006255506978755,3.65103059289844,0.167,0.018,1.0,1,E330013P04Rik
0.0006301108639471,0.537361314216891,0.5,0.189,1.0,1,Akap11
0.000635426113914,1.56302457479,0.333,0.099,1.0,1,Ptprs
0.0006433203547754,2.12472549094545,0.306,0.081,1.0,1,Cnksr2
0.0006478549353455,2.13060046965693,0.194,0.027,1.0,1,Car2
0.0006478549353455,0.886972635915329,0.194,0.027,1.0,1,Gm20033
0.0006478549353455,1.95739214282145,0.194,0.027,1.0,1,Dnal1
0.0006478549353455,2.18169824580261,0.194,0.027,1.0,1,Adck1
0.0006499430150248,0.472483609052293,0.528,0.207,1.0,1,Snapc3
0.0006502032990655,4.18024079865061,0.139,0.009,1.0,1,5430403G16Rik
0.0006502032990655,3.80918345546818,0.139,0.009,1.0,1,Gm12592
0.0006524238807826,3.7717766143616,0.167,0.018,1.0,1,Nr1h4
0.0006524238807826,3.41013767360085,0.167,0.018,1.0,1,Xkr6
0.0006524238807826,2.92998214285175,0.167,0.018,1.0,1,Gm5820
0.0006530100096553,1.10901152485107,0.389,0.126,1.0,1,Tcea1
0.0006549938320303,1.11481530044702,0.528,0.216,1.0,1,Bckdhb
0.0006614222522964,0.799308652627803,0.361,0.099,1.0,1,Gm10863
0.0006635329493853,2.14934266313165,0.25,0.054,1.0,1,Ccdc136
0.0006668958171015,1.38683023655225,0.278,0.063,1.0,1,Rorb
0.0006694951870387,1.77223256187103,0.333,0.099,1.0,1,Ints8
0.0006716072857291,0.558858556340897,0.5,0.189,1.0,1,Ube2v2
0.0006718998574309,0.949777071485036,0.444,0.153,1.0,1,Dock6
0.0006726308959771,1.15725108074249,0.333,0.09,1.0,1,Dag1
0.0006728101696489,0.713229589883408,0.194,0.027,1.0,1,Cgnl1
0.0006803674656676,3.4143929244513,0.167,0.018,1.0,1,Fmo2
0.0006803674656676,2.61612609413575,0.167,0.018,1.0,1,Pamr1
0.0006803674656676,2.34477229370779,0.167,0.018,1.0,1,6030443J06Rik
0.0006803674656676,0.895898904363008,0.167,0.018,1.0,1,Corin
0.0006803674656676,2.81666141069373,0.167,0.018,1.0,1,C1s1
0.0006803674656676,1.96162559352131,0.167,0.018,1.0,1,Wtip
0.0006803674656676,2.89937438807609,0.167,0.018,1.0,1,Gm16124
0.0006822384054597,3.5706267282102,0.139,0.009,1.0,1,Zfp385b
0.0006822384054597,3.65240894793045,0.139,0.009,1.0,1,Zfp937
0.0006822384054597,3.53417334721576,0.139,0.009,1.0,1,Stk33
0.0006822384054597,3.14594852566525,0.139,0.009,1.0,1,Oxnad1
0.0006836917212626,0.561688855137836,0.778,0.351,1.0,1,Cox16
0.0006851938196153,1.26494848467556,0.389,0.126,1.0,1,Wdr11
0.0006871595007326,1.30708478953717,0.333,0.099,1.0,1,Ubap2
0.0006986566782023,2.01241672409822,0.194,0.027,1.0,1,Rasl12
0.0006986566782023,0.735101761539145,0.194,0.027,1.0,1,Syde1
0.0007064329617049,1.87133398961669,0.25,0.054,1.0,1,Spsb1
0.0007080323208413,0.484760600253474,0.556,0.225,1.0,1,Akap7
0.0007091004947711,0.61352477079064,0.611,0.261,1.0,1,Top2b
0.000709420273764,0.556657907449133,0.167,0.018,1.0,1,Lama5
0.000709420273764,2.51297185986401,0.167,0.018,1.0,1,Fiz1
0.000709420273764,1.97820907022478,0.167,0.018,1.0,1,Myo5c
0.000709420273764,2.74119847560185,0.167,0.018,1.0,1,Etaa1
0.0007114239205991,0.383292351483128,1.0,1.0,1.0,1,Malat1
0.0007157356230931,2.47276438086703,0.139,0.009,1.0,1,Dnm3os
0.0007157356230931,3.3551897143392,0.139,0.009,1.0,1,4930587E11Rik
0.0007157356230931,2.92353232318706,0.139,0.009,1.0,1,Coq9
0.0007157356230931,3.15894666208428,0.139,0.009,1.0,1,Mrnip
0.0007157356230931,3.17376827661513,0.139,0.009,1.0,1,Pfas
0.0007184850013771,1.88651910505925,0.306,0.081,1.0,1,Nme7
0.000725423441969,2.20809680988081,0.194,0.027,1.0,1,Npas2
0.000727249259279,1.21040273526788,0.417,0.144,1.0,1,Usp54
0.0007282314271819,0.751230021747875,0.333,0.09,1.0,1,Riok1
0.0007282314271819,0.479797820990943,0.333,0.09,1.0,1,Def6
0.0007310900302192,0.578578549853212,0.417,0.126,1.0,1,Fam120c
0.0007362434563434,1.16551101707596,0.389,0.126,1.0,1,Smarcad1
0.0007387371267721,0.362949418789165,0.861,0.45,1.0,1,Arglu1
0.0007396223702967,2.26543381764978,0.167,0.018,1.0,1,Aspa
0.0007398274646977,1.24379421002714,0.472,0.18,1.0,1,Lima1
0.000739946881562,0.559626799243128,0.694,0.36,1.0,1,Pcm1
0.0007441372553257,1.0034483577206,0.417,0.144,1.0,1,D430042O09Rik
0.0007453759877083,0.440595840001848,0.444,0.144,1.0,1,2210408I21Rik
0.000745834794066,0.732006990296925,0.583,0.252,1.0,1,B3gnt2
0.0007507556373209,2.80486544709915,0.139,0.009,1.0,1,Lypd1
0.0007507556373209,2.28455662982249,0.139,0.009,1.0,1,Zranb3
0.0007507556373209,2.14119136355606,0.139,0.009,1.0,1,B230303O12Rik
0.0007507556373209,2.56857008205942,0.139,0.009,1.0,1,Fkbp10
0.0007507556373209,2.15857415038662,0.139,0.009,1.0,1,Dennd3
0.0007507556373209,1.85746371486322,0.139,0.009,1.0,1,Mrpl21
0.0007518986530605,1.71845293386014,0.25,0.054,1.0,1,Col1a2
0.00075934913743,0.765559717940331,0.528,0.198,1.0,1,Msantd2
0.0007614386724986,0.529151106936412,0.944,0.477,1.0,1,Atxn1
0.0007710150976856,2.26875179669973,0.167,0.018,1.0,1,Des
0.0007710150976856,2.28082481442483,0.167,0.018,1.0,1,Ankrd13d
0.0007756368947636,1.38557159542277,0.25,0.054,1.0,1,Plekha6
0.0007756368947636,0.925127055475993,0.25,0.054,1.0,1,Zfp512b
0.0007756368947636,1.72415271595533,0.25,0.054,1.0,1,Ltbp4
0.0007756368947636,1.34829332762397,0.25,0.054,1.0,1,Rhpn2
0.0007756368947636,2.60047623496077,0.25,0.054,1.0,1,Pde10a
0.0007807427622089,0.5202845574218,0.972,0.559,1.0,1,Baz2b
0.000782162795237,1.06316903969922,0.333,0.099,1.0,1,Xpnpep1
0.0007833551333502,0.885028919340219,0.361,0.108,1.0,1,Sufu
0.0007937762078034,1.66404542861356,0.389,0.135,1.0,1,Vamp4
0.0007983489644468,0.53440360686228,0.528,0.207,1.0,1,Cspp1
0.0008000692971574,2.22433919476686,0.25,0.054,1.0,1,Nbeal2
0.0008036411093797,2.05940226979046,0.167,0.018,1.0,1,Zkscan6
0.0008077945134042,0.304260711446308,0.528,0.198,1.0,1,Crim1
0.0008234703931491,1.33436432596079,0.333,0.099,1.0,1,Ppp2r2b
0.0008348934652565,1.26360991401569,0.583,0.27,1.0,1,Stard13
0.0008375444043216,1.09651202134741,0.167,0.018,1.0,1,Tmem29
0.0008414522748367,0.593545487064032,0.722,0.333,1.0,1,Xrn1
0.0008423022212815,0.987843329411779,0.194,0.027,1.0,1,Adgrg6
0.0008510908155292,1.3812104260543,0.25,0.054,1.0,1,Plxna1
0.0008533463868369,1.30682362308838,0.417,0.153,1.0,1,Eya3
0.0008645662927362,0.37190624271403,0.556,0.225,1.0,1,Pdss2
0.0008660738781695,0.82798440320199,0.528,0.207,1.0,1,Zfp462
0.0008699674070535,0.364665770990888,0.306,0.081,1.0,1,Tnfaip6
0.0008706827416404,0.581389540184502,0.528,0.216,1.0,1,St3gal1
0.0008735179068639,0.717873272458947,0.639,0.27,1.0,1,Ranbp9
0.0008777181351266,1.09876333532572,0.25,0.054,1.0,1,Slc22a23
0.000883509578578,0.757384518042341,0.389,0.117,1.0,1,Tle2
0.0008867318501191,0.994353209057043,0.361,0.108,1.0,1,Syn3
0.0008892399797492,1.21854230471593,0.333,0.099,1.0,1,Btbd3
0.0008980563468508,0.49382553898178,0.333,0.09,1.0,1,1700012D14Rik
0.0009088685670911,1.07906767277107,0.361,0.108,1.0,1,Kdm4a
0.0009088685670911,0.301331333891926,0.361,0.108,1.0,1,Cep164
0.0009184000712272,0.664914874869426,0.306,0.081,1.0,1,Ahi1
0.0009247486588521,0.611224981357188,0.528,0.216,1.0,1,Ddhd1
0.0009247872205133,0.843007270951707,0.667,0.297,1.0,1,D5Ertd579e
0.0009330433233946,0.771115963727471,0.389,0.126,1.0,1,Rab11fip3
0.0009448751548383,3.17188528936714,0.222,0.045,1.0,1,Yes1
0.0009562504207597,1.47598215308863,0.389,0.135,1.0,1,Fam135a
0.0009623049791055,0.684988413921066,0.25,0.054,1.0,1,Hspa12b
0.0009761928501831,2.68840030007397,0.222,0.045,1.0,1,Slc9a2
0.0009761928501831,2.00175122751109,0.222,0.045,1.0,1,Tnks1bp1
0.0009797136002278,1.30102000630178,0.444,0.171,1.0,1,Ppp4r2
0.0009845187315409,0.565217588025065,0.333,0.099,1.0,1,Pip4p2
0.0009960377790135,0.616061601454362,0.472,0.18,1.0,1,Ugp2
0.0009994912850194,1.13504649596605,0.417,0.144,1.0,1,Scai
0.0009994912850194,0.816699909568115,0.417,0.144,1.0,1,Qser1
0.0010026356738748,0.69595608238517,0.361,0.108,1.0,1,Tmtc2
0.001005150219256,0.312285914516869,0.694,0.324,1.0,1,Gnas
0.0010078756725171,1.06690256661319,0.361,0.117,1.0,1,Rnf217
0.0010084694240974,2.72743702675572,0.222,0.045,1.0,1,Trmt2b
0.0010200348077862,0.640083365793796,0.5,0.189,1.0,1,Plekha5
0.0010228250996073,1.7420339542069,0.25,0.054,1.0,1,Ctnna3
0.001038717394734,0.369044348516748,0.472,0.18,1.0,1,Arhgap10
0.0010436431373123,0.837431903122769,0.556,0.216,1.0,1,Dlg2
0.001048569770418,0.9340886891633,0.389,0.135,1.0,1,Snx25
0.0010526797364102,1.23699250989407,0.583,0.297,1.0,1,Pcdh15
0.0010528061640925,0.270259997668313,0.361,0.108,1.0,1,Hjurp
0.0010528061640925,0.763960785161066,0.361,0.108,1.0,1,Abhd18
0.0010543887936282,0.79633690374407,0.25,0.054,1.0,1,Igdcc4
0.0010760061557187,2.80089765992571,0.222,0.045,1.0,1,Manea
0.0010787532651524,0.349120173866779,0.361,0.108,1.0,1,Arhgef7
0.0010790958189933,1.51686783117916,0.306,0.081,1.0,1,Ccnyl1
0.0010790958189933,1.10338529533874,0.306,0.081,1.0,1,Gpm6a
0.0010868516045656,1.23791796748348,0.25,0.054,1.0,1,Adcy6
0.0011012255075396,1.57537168929984,0.278,0.072,1.0,1,Psmb7
0.0011012255075396,0.765858399459345,0.278,0.072,1.0,1,Rnft1
0.0011072790424306,0.294033998435778,0.5,0.189,1.0,1,Rasa1
0.0011113214102102,2.27653781680468,0.222,0.045,1.0,1,Pik3ip1
0.0011231478158641,0.883381685937423,0.389,0.135,1.0,1,Gmeb1
0.0011279829898804,0.999216294506024,0.556,0.252,1.0,1,Braf
0.0011282286444609,0.434176947143013,0.528,0.216,1.0,1,Eif5b
0.0011643234443981,1.68070529602039,0.278,0.072,1.0,1,Prrg1
0.0011688534149075,0.942540507108536,0.306,0.081,1.0,1,Glt8d1
0.0011851884412356,2.18795954265116,0.222,0.045,1.0,1,Rpgrip1l
0.001191497951148,1.65581259008103,0.361,0.117,1.0,1,Adamtsl1
0.001191497951148,1.37741597923141,0.361,0.117,1.0,1,Otud5
0.0011941379133647,0.304538827025524,0.583,0.243,1.0,1,Por
0.0012040427140263,1.19484236049265,0.333,0.099,1.0,1,Anxa6
0.0012307481341032,1.68465454123985,0.278,0.072,1.0,1,Col4a5
0.0012324723999472,0.819691236372361,0.306,0.081,1.0,1,Irx3
0.0012332008332663,0.347052420244835,0.389,0.126,1.0,1,Odr4
0.0012387616388967,0.478600822508275,0.778,0.378,1.0,1,Zfp148
0.001243031053431,1.28182602463215,0.417,0.153,1.0,1,Orc3
0.001244005556722,2.8430400487204,0.25,0.063,1.0,1,Galnt17
0.0012485663435075,1.47943236691784,0.306,0.09,1.0,1,Taz
0.0012487300879803,1.08638502115025,0.417,0.144,1.0,1,Iars2
0.0012487300879803,0.73713448841887,0.417,0.144,1.0,1,Mpdz
0.0012584256181181,1.05424978150647,0.389,0.135,1.0,1,Cd46
0.0012618677629796,0.544725381147791,0.389,0.126,1.0,1,Ikzf2
0.0012645364063624,0.353814907851114,0.444,0.171,1.0,1,Kansl3
0.0012807361622932,2.52297229032309,0.25,0.063,1.0,1,Lmnb1
0.0012897449199643,0.546029519172306,0.722,0.351,1.0,1,Grk3
0.0012919458218403,0.439718292977066,0.528,0.207,1.0,1,Timp3
0.0012992760603986,0.67846825616389,0.306,0.081,1.0,1,Gm12353
0.0012993972195004,1.57267364753625,0.333,0.108,1.0,1,Tm9sf4
0.0012993972195004,1.72243037380687,0.333,0.108,1.0,1,Kdm3a
0.0013166313068368,0.552789259744482,0.389,0.135,1.0,1,Wdr60
0.0013184656117874,2.68396034541068,0.25,0.063,1.0,1,Gpsm1
0.0013260687798308,0.47123320122507,0.5,0.18,1.0,1,Adk
0.0013289368654523,0.767954572428254,0.5,0.198,1.0,1,Stk11
0.0013339167377664,0.440263294324293,0.306,0.081,1.0,1,Zcchc14
0.0013339167377664,0.570327186865663,0.306,0.081,1.0,1,Ston2
0.0013373072886481,1.05740531769816,0.583,0.279,1.0,1,Scmh1
0.0013410726412983,0.781469104630383,0.361,0.117,1.0,1,Cryzl1
0.0013467116360683,2.14594513660758,0.222,0.045,1.0,1,Fzd7
0.0013467116360683,1.68271233968401,0.222,0.045,1.0,1,Trnp1
0.0013467116360683,2.06195347881621,0.222,0.045,1.0,1,Mapre3
0.0013467116360683,1.06701710353257,0.222,0.045,1.0,1,Slc26a4
0.001354639199615,0.393473935947125,0.444,0.162,1.0,1,Banp
0.0013559808818185,1.04417234400371,0.417,0.153,1.0,1,Zc3h15
0.0013572183772574,2.68333011383648,0.25,0.063,1.0,1,Zbtb44
0.0013712812629635,0.928176135959274,0.528,0.225,1.0,1,Negr1
0.0013781843317464,3.25140876005497,0.194,0.036,1.0,1,Wdr86
0.0013856061707023,1.01233901771888,0.556,0.261,1.0,1,Cdh18
0.00139014920568,0.365192767668097,0.222,0.045,1.0,1,Pyroxd2
0.0013974565340077,0.476476470796712,0.333,0.099,1.0,1,Adam22
0.0014024099976455,0.425860183870033,0.75,0.378,1.0,1,Chd4
0.0014057680099363,0.831762374489366,0.306,0.081,1.0,1,Six1
0.001409400129451,0.938335926707052,0.472,0.189,1.0,1,Smc5
0.0014124331153259,0.48757211381785,0.556,0.234,1.0,1,Spidr
0.0014131529790149,0.81083565350455,0.444,0.162,1.0,1,Actn1
0.0014251317558287,0.688451391789969,0.528,0.207,1.0,1,Cyth3
0.0014252818207457,0.738420331729401,0.611,0.279,1.0,1,Kif13a
0.0014261415578004,2.98651485166776,0.194,0.036,1.0,1,F8
0.0014323407755242,0.883615769864496,0.417,0.162,1.0,1,Slf1
0.001434875560171,2.05434458184635,0.222,0.045,1.0,1,March8
0.0014636348164238,0.561947111226063,0.361,0.126,1.0,1,Sfxn5
0.0014645417105618,0.454749149343483,0.639,0.27,1.0,1,Srpk2
0.0014680431403896,1.48260521157718,0.333,0.099,1.0,1,C530008M17Rik
0.0014680431403896,1.25454729260372,0.333,0.099,1.0,1,Kcnq3
0.0014783324330487,0.849910674425355,0.417,0.153,1.0,1,Sugct
0.0014881390287132,0.329381650751179,0.417,0.144,1.0,1,Cdk5rap2
0.0014917715140766,1.03095695523329,0.278,0.072,1.0,1,Boc
0.0015053041306204,0.560268980185267,0.444,0.162,1.0,1,Hace1
0.0015078055006595,0.631085865123009,0.361,0.117,1.0,1,Srr
0.0015229704165139,0.406553599435445,0.25,0.063,1.0,1,Cecr2
0.0015267028725651,3.3706199739323,0.194,0.036,1.0,1,Wnt2
0.0015283329583119,1.09590549806317,0.222,0.045,1.0,1,Abcd4
0.0015283329583119,0.853675239038595,0.222,0.045,1.0,1,Htr1f
0.0015329710149949,0.657914214205498,0.278,0.072,1.0,1,Med23
0.0015329710149949,1.18028497600309,0.278,0.072,1.0,1,Ofd1
0.0015432509033107,0.797028793493525,0.417,0.153,1.0,1,Ric1
0.0015508247080911,0.684170770356245,0.917,0.586,1.0,1,Ppp3ca
0.0015672253437117,2.11831227781296,0.25,0.063,1.0,1,Zfp612
0.0015771351651739,1.01136986656258,0.222,0.045,1.0,1,Paip2b
0.0015771351651739,1.07724102747622,0.222,0.045,1.0,1,Epm2a
0.0015801017405113,0.679393135478164,0.333,0.099,1.0,1,Vsig10
0.0016016221810962,0.392937067908971,0.528,0.207,1.0,1,Slc38a9
0.0016030522781332,0.868175166584144,0.583,0.27,1.0,1,Tlk1
0.0016107857676295,0.750287886256846,0.417,0.153,1.0,1,Creb3l2
0.0016113888482642,0.564528366837418,0.722,0.351,1.0,1,AW554918
0.0016185309881835,0.563780952492166,0.278,0.072,1.0,1,Gm14066
0.0016185309881835,1.08463155026331,0.278,0.072,1.0,1,Apopt1
0.0016231380639803,0.582089222613353,0.417,0.144,1.0,1,Lin52
0.001624179015972,0.797197160388329,0.444,0.171,1.0,1,Acaca
0.0016273685124022,1.05025172842269,0.222,0.045,1.0,1,Flrt1
0.0016337595261824,1.69379012866158,0.194,0.036,1.0,1,Amotl2
0.0016400016879,1.77085037207424,0.333,0.117,1.0,1,Crem
0.0016467324977127,0.757341725395527,0.389,0.135,1.0,1,Lrig2
0.0016516891512722,0.319677160525547,0.583,0.252,1.0,1,Ube2b
0.0016557865607855,0.733144239943735,0.472,0.189,1.0,1,Ccdc171
0.0016629395904053,1.80815646397474,0.278,0.072,1.0,1,Ldb2
0.0016898401084451,1.74863659915674,0.194,0.036,1.0,1,Tes
0.0016898401084451,2.87121534269458,0.194,0.036,1.0,1,Nectin2
0.0016898401084451,1.43777856793057,0.194,0.036,1.0,1,Zrsr1
0.0016934517835971,0.757253792892206,0.361,0.117,1.0,1,Slc17a5
0.0017071921464585,2.09776619773331,0.25,0.063,1.0,1,Mblac2
0.0017071921464585,1.5786992258321,0.25,0.063,1.0,1,Sbf1
0.0017179220562835,0.964292051686636,0.361,0.126,1.0,1,Zfp326
0.0017295990972425,0.449536959352885,0.528,0.216,1.0,1,Metap1d
0.0017316267131053,0.257180534542544,0.417,0.144,1.0,1,Smo
0.0017316610309169,0.250390903823041,0.417,0.144,1.0,1,Ice1
0.0017322800521421,0.994630415514858,0.222,0.045,1.0,1,Serpine2
0.0017322800521421,1.06506902399859,0.222,0.045,1.0,1,Nphp3
0.001735471719774,1.59202510258842,0.333,0.108,1.0,1,Rad21
0.0017476866209267,2.37754629686292,0.194,0.036,1.0,1,Cc2d1b
0.0017476866209267,2.37705192987092,0.194,0.036,1.0,1,Agbl3
0.0017476866209267,2.81359210348332,0.194,0.036,1.0,1,Ccdc91
0.0017476866209267,1.79897590782764,0.194,0.036,1.0,1,Dgat1
0.0017476866209267,2.63443385379871,0.194,0.036,1.0,1,Zfp523
0.0017551379026511,0.484926993164828,0.278,0.072,1.0,1,Nectin3
0.0017563447020277,2.11397358390487,0.25,0.063,1.0,1,Dnhd1
0.0018067953617568,1.59242706995521,0.25,0.063,1.0,1,Dclk2
0.0018067953617568,1.64001764336211,0.25,0.063,1.0,1,Tubgcp2
0.0018068821349545,0.290409246970718,0.472,0.18,1.0,1,Spata13
0.0018073488542021,1.37701021577306,0.194,0.036,1.0,1,2900005J15Rik
0.0018073488542021,0.450469669177017,0.194,0.036,1.0,1,Map2k3
0.0018073488542021,1.9171552921192,0.194,0.036,1.0,1,Gm46515
0.0018073488542021,1.77603634190568,0.194,0.036,1.0,1,Ppl
0.0018073488542021,1.09200064016483,0.194,0.036,1.0,1,Eaf2
0.0018073488542021,1.59689682751935,0.194,0.036,1.0,1,Afap1l2
0.0018300485487102,0.294542547986878,0.417,0.153,1.0,1,Zfyve26
0.0018388606390825,1.12262528990375,0.361,0.126,1.0,1,Mettl7a1
0.0018433790296397,0.938115743424401,0.222,0.045,1.0,1,Fmn2
0.0018534859210901,0.467949664239855,0.389,0.126,1.0,1,Plcd3
0.0018752625267126,0.555161305965769,0.444,0.171,1.0,1,Pcgf5
0.0018765522397796,0.81410777585221,0.306,0.09,1.0,1,Sec24d
0.0018765522397796,1.3738244877755,0.306,0.09,1.0,1,Hook2
0.001879749364896,0.321486647552359,0.389,0.135,1.0,1,Pde4a
0.0018977067984574,3.91344894424406,0.167,0.027,1.0,1,Zdhhc15
0.0019117143667203,0.894763306640847,0.25,0.063,1.0,1,Bcr
0.0019323256843372,1.94475215986782,0.194,0.036,1.0,1,Bend7
0.0019323256843372,1.86695135485368,0.194,0.036,1.0,1,1110019D14Rik
0.0019323256843372,1.35724599908252,0.194,0.036,1.0,1,Slc25a47
0.0019390272342521,0.348183131645699,0.556,0.225,1.0,1,Cwc27
0.0019438916833448,0.49786082460748,0.361,0.117,1.0,1,Smoc1
0.0019543780198438,0.496253404900341,0.361,0.108,1.0,1,Hunk
0.0019662459616079,0.845372692089156,0.25,0.063,1.0,1,Ppme1
0.001967577856462,1.65359654703063,0.361,0.126,1.0,1,Meis1
0.001967577856462,0.936889025372697,0.361,0.126,1.0,1,Rprd1a
0.0019684560049726,3.48631649298725,0.167,0.027,1.0,1,4930481A15Rik
0.0019722623022334,0.408426109724119,0.722,0.351,1.0,1,Aopep
0.0019773275604599,0.720287292297034,0.556,0.243,1.0,1,Clip1
0.00199670230053,0.485527238531249,0.472,0.18,1.0,1,Wdpcp
0.0019977459691525,1.5081490743366,0.194,0.036,1.0,1,Samd5
0.0019977459691525,0.394453309118892,0.194,0.036,1.0,1,Rab15
0.0020067363711217,0.549452677659654,0.833,0.468,1.0,1,Epb41
0.002012288558568,1.02020350943357,0.361,0.126,1.0,1,Usp45
0.0020130755200841,0.269776508572006,0.444,0.162,1.0,1,Ddx50
0.0020223450793554,0.400361862116882,0.222,0.045,1.0,1,Mid2
0.0020255436761338,0.541609731608707,0.389,0.126,1.0,1,Plekha7
0.0020483643403991,1.07612560704914,0.333,0.108,1.0,1,Iqce
0.0020548419134484,0.913176223249984,0.556,0.261,1.0,1,Zranb2
0.002065193396451,1.87975057608065,0.194,0.036,1.0,1,Ggcx
0.002065193396451,1.07799665088496,0.194,0.036,1.0,1,Haus7
0.0020764410161117,0.340186376050281,0.417,0.153,1.0,1,2700049A03Rik
0.0020796162525428,1.36705695667541,0.25,0.063,1.0,1,Ankrd50
0.0020799609065591,0.384178349776201,0.694,0.315,1.0,1,Relch
0.0020820182664255,0.349943023158579,0.556,0.216,1.0,1,Ralgps2
0.0020943997380938,1.00228795820189,0.5,0.216,1.0,1,Safb
0.0020970659828549,0.429676004694086,0.333,0.108,1.0,1,Samd4b
0.0020972623642175,0.367330594735519,0.444,0.162,1.0,1,Rab3gap1
0.0021003550093042,0.352978295433173,0.472,0.189,1.0,1,Tmem245
0.0021192517853182,1.32453803365137,0.333,0.117,1.0,1,Nup205
0.0021208621009308,0.661585292885595,0.611,0.288,1.0,1,Rsf1
0.0021289514919656,1.4848773123711,0.278,0.081,1.0,1,Ift57
0.0021344402427875,0.293071813054364,0.528,0.207,1.0,1,Mnat1
0.0021347240009399,1.27868266186818,0.194,0.036,1.0,1,Tsen15
0.0021385220735632,1.03237664008164,0.25,0.063,1.0,1,Mark1
0.002140555748617,0.376475275501843,0.444,0.162,1.0,1,Trp53inp1
0.0021520739568241,0.801759942946934,0.361,0.126,1.0,1,Tbca
0.0021756241095039,0.74324848476465,0.444,0.18,1.0,1,Eif2s3y
0.0021954829855708,3.00033670608371,0.167,0.027,1.0,1,Sorcs3
0.002196146382003,0.77231133927185,0.611,0.288,1.0,1,Upf3b
0.0021989542062698,0.429980886267912,0.25,0.063,1.0,1,Lrp4
0.0021989542062698,1.2839534559286,0.25,0.063,1.0,1,Deaf1
0.0022055829611788,0.89812496908626,0.389,0.144,1.0,1,Zfp395
0.0022063951355572,1.70695332391355,0.194,0.036,1.0,1,Nfasc
0.0022063951355572,0.832686213295853,0.194,0.036,1.0,1,Zfp606
0.0022123834089845,1.09101219256879,0.389,0.153,1.0,1,Slc41a2
0.0022130602926031,0.510588316848063,0.583,0.261,1.0,1,Gse1
0.0022181045723722,1.24999484112167,0.306,0.099,1.0,1,Vps53
0.0022217717597995,0.56768319209497,0.639,0.288,1.0,1,Arhgap12
0.002227423137601,0.892379700939536,0.472,0.189,1.0,1,Rdx
0.0022335086419851,0.768824601194171,0.306,0.09,1.0,1,Tiam2
0.0022418196260289,1.11081514554124,0.278,0.081,1.0,1,Capn15
0.0022439015028987,0.590832119405905,0.472,0.198,1.0,1,Paip2
0.0022609478952874,1.32596998156457,0.25,0.063,1.0,1,Odf2l
0.0022609478952874,0.787012867773088,0.25,0.063,1.0,1,Zfp157
0.0022609478952874,1.17270982814668,0.25,0.063,1.0,1,Ddx41
0.0022609478952874,1.61130783884911,0.25,0.063,1.0,1,Napg
0.0022763363866814,2.43282744018531,0.167,0.027,1.0,1,Aasdh
0.0022802654950888,0.911055055823431,0.194,0.036,1.0,1,Tgfa
0.0022802654950888,0.719222626185911,0.194,0.036,1.0,1,Hhatl
0.0022897131181011,0.594527533806059,0.667,0.333,1.0,1,Tom1l2
0.0023007112503873,0.808778921820045,0.361,0.126,1.0,1,Drosha
0.0023245390763582,0.785135634652676,0.25,0.063,1.0,1,Tmem183a
0.0023245390763582,0.968031381368378,0.25,0.063,1.0,1,Vps33a
0.0023245390763582,1.33086500850203,0.25,0.063,1.0,1,Dlg5
0.0023245390763582,0.790102776531827,0.25,0.063,1.0,1,Pls3
0.0023599091733562,2.79911145082167,0.167,0.027,1.0,1,Paqr8
0.0023599091733562,1.95789962519386,0.167,0.027,1.0,1,Sh3bp4
0.0023599091733562,1.27999310258194,0.167,0.027,1.0,1,Mdfi
0.0023599091733562,2.66610321903653,0.167,0.027,1.0,1,Myo5b
0.0023634816334145,0.339995311754068,0.583,0.243,1.0,1,Firre
0.0023695718294404,0.999822312287615,0.417,0.171,1.0,1,Timp2
0.0023761523180963,1.00975846374218,0.583,0.27,1.0,1,Senp6
0.0023803192110308,2.68709194550587,0.222,0.054,1.0,1,Reck
0.0023893791083826,0.5252995061728,0.722,0.369,1.0,1,Fryl
0.0023897643865953,0.791445275505943,0.25,0.063,1.0,1,9630014M24Rik
0.0023900239924316,0.721162385423167,0.444,0.171,1.0,1,Aatf
0.0024122664839286,0.375958886694036,0.333,0.108,1.0,1,Patl1
0.002439022069898,0.613003667325474,0.389,0.135,1.0,1,Spaca6
0.0024462826574177,2.75696870495149,0.167,0.027,1.0,1,Sept2
0.0024462826574177,2.61135513444159,0.167,0.027,1.0,1,Stxbp1
0.0024462826574177,3.56826294059321,0.167,0.027,1.0,1,Tmeff1
0.0024462826574177,2.91564376646572,0.167,0.027,1.0,1,Itfg2
0.0024462826574177,2.12139063236046,0.167,0.027,1.0,1,Rab4a
0.0024462826574177,2.2841712132859,0.167,0.027,1.0,1,Ttc12
0.0024462826574177,2.60142103278877,0.167,0.027,1.0,1,Gnb5
0.0024462826574177,2.60476982760064,0.167,0.027,1.0,1,Slc22a21
0.0024462826574177,2.37091517535725,0.167,0.027,1.0,1,Rundc1
0.0024511322993397,2.54234927447881,0.222,0.054,1.0,1,Epb41l5
0.0024644237020797,0.543879903971981,0.306,0.09,1.0,1,Uvssa
0.0024673002644457,0.304082164648729,0.444,0.162,1.0,1,Sp4
0.0024675234434175,1.38758007222231,0.361,0.135,1.0,1,Zfyve16
0.0024688317772881,0.677445141107533,0.333,0.108,1.0,1,Ascc2
0.0024688317772881,0.87444643397668,0.333,0.108,1.0,1,Rhoj
0.0024801321506741,0.702114579696097,0.472,0.207,1.0,1,Scfd1
0.0024841667348975,1.02600808605388,0.278,0.081,1.0,1,Ip6k2
0.0024841667348975,1.25673364886005,0.278,0.081,1.0,1,Sec23a
0.0024922587812238,1.26303558831373,0.417,0.171,1.0,1,Prss36
0.0024931646980439,0.306866416638645,0.361,0.117,1.0,1,Fgfr1
0.0024966906234075,0.28798035661714,0.806,0.432,1.0,1,Kmt2a
0.0025022549190092,0.990297439579444,0.306,0.099,1.0,1,Myo1b
0.0025092953099716,0.367215162725916,0.556,0.234,1.0,1,Pkd1
0.0025147635810214,0.653431569921966,0.417,0.162,1.0,1,Klc1
0.0025156795001175,0.66009064993149,0.194,0.036,1.0,1,Fkbp3
0.0025156795001175,0.870951384276689,0.194,0.036,1.0,1,Skiv2l
0.0025252675118637,0.82566355513364,0.25,0.063,1.0,1,Dab2ip
0.0025252675118637,0.861741747453043,0.25,0.063,1.0,1,Atg16l2
0.0025252675118637,0.707675027585314,0.25,0.063,1.0,1,Ring1
0.0025355402063817,2.7029541236415,0.167,0.027,1.0,1,Mynn
0.0025355402063817,2.4519727582776,0.167,0.027,1.0,1,Rgl3
0.0025551030954275,0.611688814615694,0.556,0.234,1.0,1,Ppp2r2a
0.002569853741017,0.41531313752633,0.833,0.414,1.0,1,Nsmce2
0.0025948108984138,2.07434556864562,0.278,0.09,1.0,1,Mid1
0.0026014774357537,0.299063331892563,0.472,0.189,1.0,1,Cbx5
0.0026277672823433,2.24886546437969,0.167,0.027,1.0,1,Limk1
0.0026277672823433,1.07794410006228,0.167,0.027,1.0,1,Slc16a9
0.0026458877287826,0.942150161855148,0.333,0.108,1.0,1,Tbc1d32
0.0026517262695316,0.506689027579878,0.306,0.09,1.0,1,Eml5
0.0026677647892105,1.34438961647884,0.25,0.063,1.0,1,Adamts2
0.0026752957186802,2.45252078980823,0.222,0.054,1.0,1,Golga2
0.0026881892880139,2.64752947374785,0.25,0.072,1.0,1,Cwc22
0.0027230514811607,0.805164187106634,0.167,0.027,1.0,1,5430402O13Rik
0.0027230514811607,2.39410050510426,0.167,0.027,1.0,1,Isoc2a
0.0027230514811607,1.7230599153589,0.167,0.027,1.0,1,Otx2os1
0.0027230514811607,1.24700716770811,0.167,0.027,1.0,1,Fam118a
0.0027230514811607,2.40127415823018,0.167,0.027,1.0,1,Tmprss2
0.0027531386057034,0.732641113245681,0.306,0.099,1.0,1,Tmem161b
0.0027735790387421,0.399976191727839,0.528,0.234,1.0,1,Cdc73
0.0027830663997819,3.97780816448926,0.139,0.018,1.0,1,Gm11266
0.0027830663997819,4.47124483181416,0.139,0.018,1.0,1,Nat8f3
0.0027830663997819,3.98765303118955,0.139,0.018,1.0,1,Ncapd2
0.0027830663997819,4.20087235078784,0.139,0.018,1.0,1,Rgs17
0.0027958238770999,0.516623925591307,0.528,0.243,1.0,1,Cdc14a
0.0028207403318787,1.09500784445625,0.278,0.081,1.0,1,Rybp
0.0028214825719229,2.58053624327572,0.167,0.027,1.0,1,Col4a3
0.0028214825719229,0.991149942324372,0.167,0.027,1.0,1,Pter
0.0028214825719229,1.46920726256763,0.167,0.027,1.0,1,Adal
0.0028214825719229,1.40444421909619,0.167,0.027,1.0,1,Bbs4
0.0028214825719229,1.79197763594886,0.167,0.027,1.0,1,Epdr1
0.0028349837448382,2.16064058470171,0.222,0.054,1.0,1,Zmiz1os1
0.0028398100371344,0.828033433436515,0.417,0.162,1.0,1,Slc12a7
0.0028870130810697,1.35037748861962,0.306,0.099,1.0,1,Usp4
0.002893096247121,0.444298006538473,0.75,0.423,1.0,1,Tnrc6c
0.0028953267778295,1.13008003204165,0.25,0.063,1.0,1,Nr1h2
0.0028963637811462,4.2580026156298,0.139,0.018,1.0,1,4933436I20Rik
0.0028963637811462,4.05604453754175,0.139,0.018,1.0,1,Oscp1
0.0028963637811462,3.73315389239464,0.139,0.018,1.0,1,Tead2
0.0028963637811462,3.71636315997845,0.139,0.018,1.0,1,P4htm
0.002897630573045,0.354322003776739,0.417,0.162,1.0,1,Drg1
0.0029231525366876,1.2307065606381,0.167,0.027,1.0,1,Smcr8
0.0029231525366876,0.887142075358183,0.167,0.027,1.0,1,Amph
0.0029231525366876,2.18825909861599,0.167,0.027,1.0,1,Fgf1
0.0030033303673627,1.68964907234636,0.222,0.054,1.0,1,Hacl1
0.0030138563096237,2.98083631527726,0.139,0.018,1.0,1,Slc16a4
0.0030138563096237,3.57090249779681,0.139,0.018,1.0,1,Zfp507
0.0030138563096237,3.19553966852742,0.139,0.018,1.0,1,Cttn
0.0030138563096237,3.4016611149339,0.139,0.018,1.0,1,Tgfbr3l
0.0030281556104738,1.38520152297997,0.167,0.027,1.0,1,Tpra1
0.0030511335396322,0.728899847074591,0.472,0.207,1.0,1,Shprh
0.0030567336842937,0.368153909366209,0.25,0.063,1.0,1,Fbf1
0.0030688717036943,1.50081341646973,0.25,0.072,1.0,1,Ythdc2
0.0030908793770455,1.22419163188732,0.222,0.054,1.0,1,Slc22a17
0.0030908793770455,1.40949421286301,0.222,0.054,1.0,1,Bloc1s2
0.0031194304673719,1.04818618427564,0.278,0.081,1.0,1,Mta1
0.0031356811674739,2.98401512070577,0.139,0.018,1.0,1,Mcf2l
0.0031356811674739,2.79695102531869,0.139,0.018,1.0,1,Zfp791
0.0031356811674739,2.36931429933167,0.139,0.018,1.0,1,Mtss2
0.0031356811674739,3.22505683533917,0.139,0.018,1.0,1,Bace1
0.0031356811674739,2.95100510397597,0.139,0.018,1.0,1,Rhbdl3
0.0031356811674739,2.41170648177339,0.139,0.018,1.0,1,4930426D05Rik
0.0031365883214947,0.983142030347106,0.167,0.027,1.0,1,Chst8
0.0031396018565452,0.49185670474933,0.417,0.162,1.0,1,Sestd1
0.0031404770884852,0.608587791421479,0.25,0.063,1.0,1,Gm4924
0.003170715174684,0.317380848369546,0.722,0.351,1.0,1,Ggnbp2
0.0031807495479043,1.50051150126521,0.222,0.054,1.0,1,Slit3
0.0032007837505725,4.16101217664454,0.111,0.009,1.0,1,B230216N24Rik
0.0032007837505725,3.8390039119308,0.111,0.009,1.0,1,Bmp7
0.0032007837505725,4.69407774915751,0.111,0.009,1.0,1,Svep1
0.0032007837505725,4.22871069131457,0.111,0.009,1.0,1,Gm15614
0.0032007837505725,3.31893740475346,0.111,0.009,1.0,1,Slc10a6
0.0032007837505725,4.43330927578369,0.111,0.009,1.0,1,Fbxo17
0.0032007837505725,4.87942727107676,0.111,0.009,1.0,1,Abcc6
0.0032007837505725,3.91095624003407,0.111,0.009,1.0,1,Tbc1d30
0.0032007837505725,4.58055979632238,0.111,0.009,1.0,1,Wrnip1
0.0032007837505725,4.43132166844899,0.111,0.009,1.0,1,BC067074
0.0032007837505725,4.10042096828405,0.111,0.009,1.0,1,Armh4
0.0032007837505725,3.58139767783428,0.111,0.009,1.0,1,Adcy4
0.0032007837505725,4.45207522950212,0.111,0.009,1.0,1,Gm16196
0.0032007837505725,4.0080249408191,0.111,0.009,1.0,1,Pi16
0.0032007837505725,4.0971462455746,0.111,0.009,1.0,1,Gpatch11
0.0032007837505725,4.44261945559452,0.111,0.009,1.0,1,Ftsj1
0.0032007837505725,4.51328123899684,0.111,0.009,1.0,1,Rps6ka6
0.0032007837505725,3.95390034180342,0.111,0.009,1.0,1,Chrdl1
0.0032029056703258,0.684072959508259,0.417,0.162,1.0,1,Orc4
0.0032263069161131,0.295622627000351,0.25,0.063,1.0,1,Lrpap1
0.0032458900682669,0.891317516976404,0.417,0.18,1.0,1,Jmy
0.0032485495316135,1.33451403281661,0.167,0.027,1.0,1,Npas3
0.0032619792804744,3.03196396867804,0.139,0.018,1.0,1,Pomt1
0.0032619792804744,0.327385397273293,0.139,0.018,1.0,1,Ttll11
0.0032619792804744,1.45355271867032,0.139,0.018,1.0,1,Dapl1
0.0032619792804744,2.31405722407143,0.139,0.018,1.0,1,Anks6
0.0032619792804744,1.60146369665594,0.139,0.018,1.0,1,Hspg2
0.0032619792804744,3.01832584753236,0.139,0.018,1.0,1,Abcb8
0.0032619792804744,2.78101176336903,0.139,0.018,1.0,1,Lockd
0.0032619792804744,2.91435656238968,0.139,0.018,1.0,1,Pygo1
0.0032619792804744,1.34847013321439,0.139,0.018,1.0,1,Adamtsl5
0.0032619792804744,2.00972952853406,0.139,0.018,1.0,1,Sf3a2
0.0032619792804744,2.86008750270426,0.139,0.018,1.0,1,Pomt2
0.0032619792804744,0.717081392930694,0.139,0.018,1.0,1,Gm16835
0.0032619792804744,2.37580460663693,0.139,0.018,1.0,1,Atat1
0.0033202571199005,1.19884788091393,0.25,0.072,1.0,1,Ick
0.0033317957212778,0.510291667258346,0.333,0.117,1.0,1,Ypel2
0.0033330154769402,0.43470246290875,0.417,0.162,1.0,1,Sh3bgrl
0.0033348338924019,0.723091303008742,0.778,0.459,1.0,1,Rbms1
0.0033524736244779,4.69779426828543,0.111,0.009,1.0,1,Ciao1
0.0033524736244779,3.65165387408654,0.111,0.009,1.0,1,2700069I18Rik
0.0033524736244779,3.61789692895918,0.111,0.009,1.0,1,Vegfc
0.0033524736244779,3.4616453980851,0.111,0.009,1.0,1,Rspo2
0.0033524736244779,4.12555898377951,0.111,0.009,1.0,1,Slc4a8
0.0033620699315842,0.518371172907985,0.278,0.081,1.0,1,Cgn
0.0033620699315842,1.0268787836195,0.278,0.081,1.0,1,Rpgr
0.0033641404770059,1.00771158120698,0.167,0.027,1.0,1,Zbtb10
0.0033676717275797,1.27654731564403,0.222,0.054,1.0,1,Tns2
0.0033928953915163,3.382068422137,0.139,0.018,1.0,1,Inha
0.0033928953915163,1.42935608959527,0.139,0.018,1.0,1,Gm9929
0.0033928953915163,1.89920927711707,0.139,0.018,1.0,1,Josd2
0.0033928953915163,2.99989022933142,0.139,0.018,1.0,1,Mrpl13
0.0033928953915163,2.16636401187675,0.139,0.018,1.0,1,Gucy2f
0.0034079676873994,0.594864350380017,0.361,0.126,1.0,1,Arhgap21
0.0034081316689231,1.92268972871117,0.25,0.072,1.0,1,Anxa1
0.0034216358671754,0.388792016367222,0.389,0.135,1.0,1,Srbd1
0.0034466918045561,0.391210043635155,0.278,0.081,1.0,1,Dnajc8
0.0034647910193471,0.280894946495457,0.611,0.27,1.0,1,Oga
0.003464835576779,0.435026731521728,0.222,0.054,1.0,1,Dcbld2
0.0034717236669317,0.425194258215502,0.528,0.225,1.0,1,Ppp3cb
0.0034818068469333,0.555865841218327,0.361,0.126,1.0,1,Nos1ap
0.0034834648090125,0.371621279958134,0.167,0.027,1.0,1,Enpep
0.00351068239484,3.37771929670962,0.111,0.009,1.0,1,Bpnt1
0.00351068239484,3.43883734457001,0.111,0.009,1.0,1,Chn1
0.00351068239484,3.50046115408387,0.111,0.009,1.0,1,Ccdc149
0.00351068239484,3.43474758356656,0.111,0.009,1.0,1,Eln
0.00351068239484,3.0307799988205,0.111,0.009,1.0,1,Lrig1
0.00351068239484,3.61294019121531,0.111,0.009,1.0,1,Dscaml1
0.00351068239484,3.69030007386035,0.111,0.009,1.0,1,Cbarp
0.00351068239484,2.99209924034285,0.111,0.009,1.0,1,Cltb
0.00351068239484,3.12521965771668,0.111,0.009,1.0,1,Cmya5
0.00351068239484,3.96485183265282,0.111,0.009,1.0,1,Mfsd13a
0.00351068239484,3.8798973316836,0.111,0.009,1.0,1,Prkx
0.0035285781345871,1.53380143118806,0.139,0.018,1.0,1,Pla2r1
0.0035285781345871,2.03821836938651,0.139,0.018,1.0,1,Zswim9
0.0035285781345871,2.79153748889534,0.139,0.018,1.0,1,Rnf182
0.0035285781345871,2.02811779785675,0.139,0.018,1.0,1,Gm50232
0.0035323379567286,2.80716346363579,0.194,0.045,1.0,1,Tmem64
0.0035323379567286,3.02432994515353,0.194,0.045,1.0,1,Crocc
0.0035411086774031,0.411823540930607,0.667,0.342,1.0,1,Etnk1
0.0035645442975498,1.93744027458206,0.222,0.054,1.0,1,Pdpr
0.0035645442975498,1.12360884578513,0.222,0.054,1.0,1,Gpr137c
0.0035701992258957,0.605803261835429,0.667,0.333,1.0,1,Top1
0.0035956594486867,0.680045467741007,0.667,0.324,1.0,1,Ppp1r9a
0.0036077791696903,0.62120492779946,0.417,0.162,1.0,1,Zdhhc17
0.0036432059716629,0.552663169653278,0.667,0.36,1.0,1,Ecpas
0.0036498747009623,0.865381762655361,0.306,0.099,1.0,1,Lancl1
0.0036520914727023,0.316945357584566,0.75,0.423,1.0,1,Prkce
0.0036691801090957,0.753308726247552,0.139,0.018,1.0,1,Gm15952
0.0036691801090957,1.94209118064013,0.139,0.018,1.0,1,Sh3yl1
0.0036756562642074,2.78760646242497,0.111,0.009,1.0,1,Gm37233
0.0036756562642074,3.03508324455625,0.111,0.009,1.0,1,Lonrf2
0.0036756562642074,3.18326705296282,0.111,0.009,1.0,1,Siah2
0.0036756562642074,2.9915066520817,0.111,0.009,1.0,1,Orc1
0.0036756562642074,2.82030789643241,0.111,0.009,1.0,1,Fras1
0.0036756562642074,2.75753086673984,0.111,0.009,1.0,1,Gm9801
0.0036756562642074,2.95175648080619,0.111,0.009,1.0,1,Col18a1
0.0036756562642074,3.0525373538127,0.111,0.009,1.0,1,Fam151b
0.0036756562642074,2.67999763505438,0.111,0.009,1.0,1,Pard6g
0.0036756562642074,2.87128399905722,0.111,0.009,1.0,1,Slc35a2
0.0036846087277344,1.29234804603227,0.25,0.072,1.0,1,Chst9
0.0037051416519082,1.2391874807564,0.389,0.153,1.0,1,Map2k6
0.0037473376255908,0.688393714230283,0.278,0.09,1.0,1,Ndrg3
0.0037532644410049,2.86341970250566,0.194,0.045,1.0,1,1700029J07Rik
0.0037532644410049,3.32884410247694,0.194,0.045,1.0,1,Crtc1
0.0037718320730277,1.16124180011776,0.222,0.054,1.0,1,Plekhd1
0.0037770590037966,0.660071289795343,0.639,0.342,1.0,1,Trio
0.0037812038809374,1.6112526617878,0.25,0.072,1.0,1,Mmd
0.0037948667178911,0.703072238571575,0.389,0.144,1.0,1,Usp40
0.0038148579544993,1.31955302860519,0.139,0.018,1.0,1,Galnt12
0.0038148579544993,1.67196973526453,0.139,0.018,1.0,1,Amotl1
0.0038148579544993,2.2920478392264,0.139,0.018,1.0,1,Tmem94
0.0038231085199934,1.40108656856599,0.306,0.108,1.0,1,Akirin2
0.0038355706770142,0.275894956752961,0.667,0.324,1.0,1,Nrd1
0.0038476491197281,1.00746413963808,0.111,0.009,1.0,1,Gm29107
0.0038476491197281,1.82038469773285,0.111,0.009,1.0,1,Zfand2b
0.0038476491197281,2.82474524807427,0.111,0.009,1.0,1,Spata17
0.0038476491197281,0.446699309573499,0.111,0.009,1.0,1,Optn
0.0038476491197281,1.02323560868283,0.111,0.009,1.0,1,Arrdc2
0.0038476491197281,2.51976956354199,0.111,0.009,1.0,1,Tmem170
0.0038476491197281,1.57769119808571,0.111,0.009,1.0,1,Hykk
0.0038476491197281,2.38065817409287,0.111,0.009,1.0,1,Peak1os
0.0038476491197281,2.14027266478548,0.111,0.009,1.0,1,Dock3
0.0038476491197281,1.74073155083761,0.111,0.009,1.0,1,Odf3l2
0.0038476491197281,0.841535938655615,0.111,0.009,1.0,1,Slc25a19
0.0038476491197281,1.26925481374648,0.111,0.009,1.0,1,Gm32618
0.0038795317992787,0.422185331208668,0.222,0.054,1.0,1,Tecpr1
0.0038795317992787,0.858590943583442,0.222,0.054,1.0,1,Aifm1
0.0039319363086764,2.63998923507716,0.25,0.081,1.0,1,Ncbp3
0.0039643161008503,0.381586005752047,0.417,0.171,1.0,1,Ptpn4
0.0039657724251826,0.630387109508616,0.139,0.018,1.0,1,Adam23
0.0039657724251826,0.605548164808878,0.139,0.018,1.0,1,Tacc3
0.0039657724251826,0.39492596644344,0.139,0.018,1.0,1,Gsta4
0.0039657724251826,1.1514179577012,0.139,0.018,1.0,1,AU041133
0.0039657724251826,0.998985502366691,0.139,0.018,1.0,1,Grhl1
0.0039657724251826,1.25645464948514,0.139,0.018,1.0,1,Ccdc68
0.0039866791689302,3.47678151423526,0.194,0.045,1.0,1,Tnc
0.0039866791689302,2.51399846915436,0.194,0.045,1.0,1,Hadhb
0.0039964289432081,0.351010140629772,0.278,0.081,1.0,1,Btg3
0.0040002254602371,0.297294519684781,0.556,0.252,1.0,1,Sik2
0.004051348229813,0.413781120315347,0.444,0.18,1.0,1,Swap70
0.0040567902573281,0.373970973846865,0.639,0.306,1.0,1,Mprip
0.0040639578164985,0.252026554032071,0.333,0.108,1.0,1,Orc5
0.004096267723742,0.719366614580583,0.389,0.153,1.0,1,Acvr1
0.0041033532007412,0.706022830347211,0.222,0.054,1.0,1,Chic1
0.0041158998843248,0.634581310221827,0.389,0.144,1.0,1,Tbx1
0.0041166024820688,0.438038309491683,0.972,0.55,1.0,1,Tnrc6b
0.0041913864417683,0.745878868354156,0.306,0.099,1.0,1,Acbd4
0.0041999174498616,0.502327211962937,0.389,0.144,1.0,1,Pced1b
0.004219602485012,0.451248533205188,0.222,0.054,1.0,1,Ttc8
0.0042237370874308,0.26523134662844,0.694,0.324,1.0,1,Lpp
0.0042245313266535,1.50404478527878,0.278,0.09,1.0,1,Ttll4
0.0042331993015286,1.59002956898166,0.194,0.045,1.0,1,Plag1
0.0042490947123405,0.464127846145046,0.583,0.297,1.0,1,Rabgap1
0.0042542868105595,0.352770748220705,0.778,0.414,1.0,1,Smarca2
0.0043039664353597,0.371809757375865,0.75,0.387,1.0,1,Tra2a
0.0043263416128843,0.667060203184024,0.278,0.09,1.0,1,Cul2
0.0043388312107071,0.672453129919982,0.222,0.054,1.0,1,Trim39
0.0043726361934017,0.775950302529121,0.389,0.144,1.0,1,Chordc1
0.0044106942544137,1.31768098618285,0.25,0.072,1.0,1,Pakap
0.0044288279590934,0.583368830477343,0.5,0.207,1.0,1,Fam110b
0.0044886093017048,0.964246491978483,0.306,0.099,1.0,1,Stxbp4
0.0044930409578196,1.38778328488204,0.333,0.126,1.0,1,Elp2
0.0044934669527337,2.04925344103831,0.194,0.045,1.0,1,Arhgef10
0.0045140885494021,0.441675717209784,0.278,0.081,1.0,1,Spats2l
0.0045353678591771,0.393789396932798,0.417,0.171,1.0,1,4632427E13Rik
0.0045767351474163,1.72632623135624,0.306,0.108,1.0,1,Triobp
0.0046272664410541,0.499300702383584,0.861,0.55,1.0,1,Pde4b
0.0046289637497065,2.5323063312661,0.194,0.045,1.0,1,Qrfprl
0.0046536677937975,0.883115673151789,0.361,0.135,1.0,1,Trim26
0.004664173451809,0.313525680818573,0.694,0.342,1.0,1,Ano6
0.0046876229507905,1.44692861260309,0.333,0.126,1.0,1,Usp46
0.0047086879835781,0.523729974405811,0.861,0.468,1.0,1,Gpatch8
0.004721914475688,2.25533396410492,0.222,0.063,1.0,1,Ift80
0.0047247534541236,0.860712211555914,0.333,0.117,1.0,1,Rbms2
0.0047597995411884,1.03954447177128,0.25,0.072,1.0,1,Nudt13
0.0047597995411884,0.953802337168123,0.25,0.072,1.0,1,Zfp945
0.0047658491231167,0.479278180490733,0.528,0.225,1.0,1,Sorbs2
0.0047681498730169,1.93980415066814,0.194,0.045,1.0,1,Ppara
0.0047681498730169,1.86214628551005,0.194,0.045,1.0,1,Pram1
0.0047850534750306,1.55551617719638,0.306,0.108,1.0,1,Tbc1d19
0.0048272382996678,0.488921899244792,0.333,0.117,1.0,1,Lrrc45
0.0048498382447036,2.05964885605488,0.222,0.063,1.0,1,Slc4a3
0.0048498382447036,2.40575635181022,0.222,0.063,1.0,1,St6galnac5
0.0048558619825135,0.650808124520118,0.5,0.225,1.0,1,Ppp4r3b
0.0048816102820674,1.91393009340696,0.25,0.072,1.0,1,Ptch1
0.0049111129093763,1.08499218045749,0.194,0.045,1.0,1,Ercc2
0.0049111129093763,1.22426726788445,0.194,0.045,1.0,1,Tmem159
0.0049111129093763,1.01802309666474,0.194,0.045,1.0,1,Adcy2
0.0049317304353897,0.710046514745053,0.333,0.117,1.0,1,Flywch1
0.0049427423607115,1.1485083728481,0.417,0.18,1.0,1,Dusp11
0.0049853185653932,0.841037638126509,0.278,0.09,1.0,1,Nxpe4
0.0050382641301821,0.350211471857317,0.333,0.117,1.0,1,Ftx
0.0050405422600745,0.572870652582401,0.611,0.315,1.0,1,Slc25a36
0.0050456929064357,0.519260463244264,0.444,0.189,1.0,1,Rfc1
0.0050579421332098,0.831735545466434,0.194,0.045,1.0,1,Lmod1
0.0050579421332098,1.3293712983266,0.194,0.045,1.0,1,Chd1l
0.0050579421332098,1.54140075768793,0.194,0.045,1.0,1,Wscd2
0.0050579421332098,1.75742098593098,0.194,0.045,1.0,1,Trim16
0.0051010959278604,0.61448260684337,0.444,0.198,1.0,1,Sntb2
0.0051136460523153,1.5355341431949,0.306,0.108,1.0,1,Clasrp
0.005115974739753,0.66326198699481,0.583,0.306,1.0,1,Ppp6r3
0.0051326094197074,0.464714815430284,0.556,0.27,1.0,1,Rasal2
0.0051906972463158,0.32009013226465,0.472,0.198,1.0,1,Cdc42bpb
0.0052087285279474,2.16898715580969,0.194,0.045,1.0,1,Hikeshi
0.0052087285279474,2.06038005101876,0.194,0.045,1.0,1,Cdh13
0.0052087285279474,1.62979873609724,0.194,0.045,1.0,1,Uchl3
0.0052243668517248,1.19507338370723,0.278,0.09,1.0,1,Ap4e1
0.0052526418989937,2.15429876507288,0.222,0.063,1.0,1,Kantr
0.0052952211838498,0.578556587066592,0.583,0.288,1.0,1,Faf1
0.0053179962401058,1.23801440470986,0.333,0.126,1.0,1,Nploc4
0.0053267728585212,0.345190949210372,0.556,0.234,1.0,1,Arhgap5
0.005334122705193,0.373810888607742,0.917,0.541,1.0,1,Cdk8
0.0053477328543987,0.728853123139881,0.278,0.09,1.0,1,Prmt3
0.0053477328543987,1.35883933406018,0.278,0.09,1.0,1,2700054A10Rik
0.0053635648072678,0.703112757512009,0.194,0.045,1.0,1,Itga10
0.0053635648072678,2.36859693004961,0.194,0.045,1.0,1,Azin1
0.0053635648072678,1.06140535685273,0.194,0.045,1.0,1,Atp13a5
0.0053768273660064,0.2818668556841,0.306,0.099,1.0,1,Ola1
0.005393479701438,2.18056308245375,0.222,0.063,1.0,1,Polr1a
0.0053975555561789,0.620847105673524,0.25,0.072,1.0,1,Tmtc4
0.0054307865417175,0.306236258898737,0.75,0.396,1.0,1,Rapgef2
0.0054807041218787,0.59685482814828,0.417,0.171,1.0,1,Map2k4
0.0054855165663345,0.329937088670712,0.333,0.117,1.0,1,Zfp318
0.0054978750591383,0.680502510445229,0.694,0.387,1.0,1,Mkln1
0.0055126281572911,0.423774962553919,0.639,0.315,1.0,1,Scaper
0.0055225454362834,0.42460908737331,0.194,0.045,1.0,1,Pced1a
0.0055225454362834,1.17001056702298,0.194,0.045,1.0,1,Gys1
0.0055225454362834,1.51623586422969,0.194,0.045,1.0,1,Gm26672
0.005557338988199,0.724209862330723,0.25,0.081,1.0,1,Eng
0.0055844037813659,0.74760451375484,0.417,0.171,1.0,1,Mast2
0.0055905834143695,0.865831965362956,0.556,0.279,1.0,1,Tsc22d1
0.0056023874777852,1.37690156754124,0.278,0.09,1.0,1,Trak2
0.0056023874777852,0.865401120013013,0.278,0.09,1.0,1,Fech
0.0056735644552908,0.357268600457459,0.25,0.072,1.0,1,Orc2
0.0056854288634783,2.00555490091176,0.222,0.063,1.0,1,Rab27b
0.0057225220121286,0.567985472752005,0.472,0.216,1.0,1,Frs2
0.0057576671613087,0.378559745329382,0.5,0.234,1.0,1,Pspc1
0.0057697342040772,3.54761481900264,0.167,0.036,1.0,1,Unc13c
0.0058162882846519,0.558290068689159,0.25,0.072,1.0,1,Mlh3
0.0058335283247103,1.35665238286927,0.25,0.081,1.0,1,Prpf3
0.0058366839336805,1.81164891781641,0.222,0.063,1.0,1,Prtg
0.0058533264876253,0.973700822238203,0.194,0.045,1.0,1,Tdrd12
0.0058533264876253,1.39726436116617,0.194,0.045,1.0,1,Rcan1
0.0058533264876253,0.715551201798185,0.194,0.045,1.0,1,Trmt61b
0.0058688871449086,0.313501985456957,0.667,0.306,1.0,1,Wdr33
0.0059477820774078,0.479662832529485,0.389,0.153,1.0,1,Gdpd5
0.0059517920932962,0.830349582547591,0.417,0.18,1.0,1,Itfg1
0.005954646171403,2.54914247617325,0.167,0.036,1.0,1,Arl14ep
0.0059814813364991,0.306737915342067,0.361,0.144,1.0,1,Gtpbp2
0.0060253247869602,1.20368765861428,0.194,0.045,1.0,1,Bnip3
0.0060253247869602,0.902056032759347,0.194,0.045,1.0,1,Dmd
0.0060929196477541,0.331471648168771,0.528,0.243,1.0,1,Phc3
0.0060950078985391,0.61075575092397,0.528,0.252,1.0,1,Xpr1
0.0061827585078143,0.623580874049336,0.75,0.432,1.0,1,Strn3
0.0062223385056595,0.75690881930741,0.361,0.144,1.0,1,Apex2
0.0062421271877889,0.678917832755769,0.472,0.216,1.0,1,Nudcd3
0.0062640872696736,0.516462594240228,0.25,0.072,1.0,1,Car14
0.0062640872696736,0.253659765448609,0.25,0.072,1.0,1,Prr12
0.0063124587985435,1.81836695912593,0.222,0.063,1.0,1,Aven
0.006326799650678,0.831346132442803,0.444,0.198,1.0,1,Wwc2
0.0063510086480467,0.994628455979145,0.472,0.216,1.0,1,Rps6kb1
0.0063929513550823,0.318227222877364,0.472,0.207,1.0,1,Herc2
0.0064233229648662,1.29345182344962,0.25,0.081,1.0,1,Lrrn3
0.0064333152999078,0.316814990845018,0.278,0.09,1.0,1,Cep95
0.0064606431215564,0.762142415532429,0.389,0.162,1.0,1,Cndp2
0.0064786407363464,1.79219235132622,0.222,0.063,1.0,1,Zfp26
0.0064786407363464,1.13132692076556,0.222,0.063,1.0,1,Gosr1
0.0064786407363464,1.77270554801973,0.222,0.063,1.0,1,Rnf138
0.0065418549513943,1.74531883817492,0.167,0.036,1.0,1,Kcnq4
0.0065418549513943,2.22592225459395,0.167,0.036,1.0,1,Ahsa2
0.0065418549513943,2.82517612645106,0.167,0.036,1.0,1,Atl1
0.0065418549513943,2.43495683297239,0.167,0.036,1.0,1,Ermp1
0.0065418549513943,2.91168177699718,0.167,0.036,1.0,1,Maob
0.0065491810854666,0.359017752446212,0.417,0.189,1.0,1,Dstyk
0.0065550956964056,0.309177555861996,0.444,0.198,1.0,1,Matr3
0.0065689765833518,0.951136357141007,0.194,0.045,1.0,1,Zcchc9
0.0065821107311355,0.898209898749912,0.278,0.09,1.0,1,Suds3
0.0066428882708021,0.446155740617545,0.417,0.18,1.0,1,Appl1
0.0066487478424755,1.42169969404691,0.222,0.063,1.0,1,Wnt5b
0.0066487478424755,1.02764202802393,0.222,0.063,1.0,1,Slc7a6os
0.0067221177627007,0.346284240469665,0.639,0.297,1.0,1,Wls
0.0067304147156064,0.510383781435093,0.361,0.144,1.0,1,Snrnp48
0.0067378899221849,1.51272898987696,0.25,0.081,1.0,1,Btbd10
0.0067378899221849,0.997717991655845,0.25,0.081,1.0,1,Ggps1
0.006785900300259,1.3048237029248,0.306,0.108,1.0,1,Tcp11l1
0.0068132657273413,0.637793595309472,0.333,0.126,1.0,1,Usp20
0.0068169328397016,0.31318796805953,0.5,0.234,1.0,1,Smarcc2
0.0068228600256922,1.46317681458883,0.222,0.063,1.0,1,Mzt1
0.0068228600256922,0.902708599223379,0.222,0.063,1.0,1,Dtna
0.0068631249378971,0.292052412723965,0.361,0.144,1.0,1,C4b
0.0068783553693946,0.454844468601512,0.583,0.297,1.0,1,Uty
0.0069060470864381,0.560464179973129,0.333,0.117,1.0,1,Brd3
0.0069617452667134,2.09337798776313,0.167,0.036,1.0,1,Prmt7
0.0069617452667134,3.17000297662507,0.167,0.036,1.0,1,Vps11
0.0069617452667134,1.35061832794052,0.167,0.036,1.0,1,Kif3c
0.0069617452667134,1.00607004267537,0.167,0.036,1.0,1,Lonrf3
0.0070010584802848,1.58222555612419,0.222,0.063,1.0,1,Plekha4
0.0070010584802848,0.757035604050335,0.222,0.063,1.0,1,Gprasp2
0.0071063331742996,0.48337329757256,0.444,0.189,1.0,1,Sept11
0.00713562031012,0.781161333978079,0.361,0.144,1.0,1,Gcnt2
0.0071806368919573,1.88238758450717,0.167,0.036,1.0,1,Gm13052
0.0071806368919573,1.44636995285715,0.167,0.036,1.0,1,Dnah2
0.0071806368919573,0.751110089940864,0.167,0.036,1.0,1,Ndufaf2
0.0071834256981672,1.5232582356597,0.222,0.063,1.0,1,Kif1bp
0.0071894642780886,0.45782853019575,0.528,0.243,1.0,1,Atxn10
0.0072087247506809,0.749480890446738,0.278,0.09,1.0,1,Fbxo32
0.0073199526355576,0.506624430780372,0.5,0.225,1.0,1,Mtr
0.0073463427919634,0.41649508843201,0.556,0.279,1.0,1,Mapkap1
0.0073463427919634,0.514458950173755,0.556,0.279,1.0,1,Phkb
0.0073700454808761,1.3510494052148,0.222,0.063,1.0,1,Ak3
0.0073762940617746,0.263042993576615,0.611,0.306,1.0,1,Rps6ka3
0.0073913904540838,0.37761588973879,0.306,0.108,1.0,1,Rab28
0.0074056863386468,0.77123833690983,0.167,0.036,1.0,1,Coq3
0.0074056863386468,0.985732257266429,0.167,0.036,1.0,1,Gstt1
0.0074056863386468,2.31459880708015,0.167,0.036,1.0,1,Mgat3
0.0074056863386468,1.50834451236315,0.167,0.036,1.0,1,D330041H03Rik
0.007405955843071,0.397246154350855,0.389,0.153,1.0,1,Gm39317
0.0074088771910868,1.63980336059854,0.25,0.081,1.0,1,Kctd8
0.0074088771910868,1.27480693843201,0.25,0.081,1.0,1,Rilpl1
0.0074635839462753,0.459213887040787,0.556,0.279,1.0,1,Kdm6a
0.0075610029514587,1.29113076799085,0.222,0.063,1.0,1,Snhg11
0.0075610029514587,1.45772987718543,0.222,0.063,1.0,1,Sdhb
0.0075610029514587,1.32807061574327,0.222,0.063,1.0,1,Ggact
0.0075610029514587,0.740631716658998,0.222,0.063,1.0,1,Vegfa
0.0076006196202564,0.598624604038292,0.778,0.459,1.0,1,Itpr1
0.0076370421967123,1.89555208572329,0.167,0.036,1.0,1,Trip6
0.0076370421967123,1.36995407792215,0.167,0.036,1.0,1,Gxylt2
0.0076370421967123,0.914757939139582,0.167,0.036,1.0,1,Trim66
0.0076370421967123,1.06961609435091,0.167,0.036,1.0,1,Pnpla6
0.0076370421967123,0.777653827227397,0.167,0.036,1.0,1,Otogl
0.0076370421967123,0.691560905759822,0.167,0.036,1.0,1,Cbx6
0.0076665185620677,0.605397018016625,0.472,0.216,1.0,1,Nlk
0.0077663482067219,1.53335934126598,0.25,0.081,1.0,1,Osbpl10
0.0077950121468842,0.637642269026673,0.389,0.171,1.0,1,Gm20732
0.0078152022239974,0.915956097794912,0.417,0.18,1.0,1,Mapre2
0.0078566391274411,0.986501065713131,0.333,0.135,1.0,1,Rufy2
0.0078748558579002,1.5558144147112,0.167,0.036,1.0,1,Pclo
0.0078748558579002,0.771164531151817,0.167,0.036,1.0,1,Leng9
0.0078748558579002,1.08175416025275,0.167,0.036,1.0,1,Mtcl1
0.0078768504846954,0.259947515256288,0.306,0.108,1.0,1,Rars2
0.0078768504846954,1.03028306393581,0.306,0.108,1.0,1,D10Wsu102e
0.0079562781264963,1.16240174014267,0.222,0.063,1.0,1,Stam
0.0079562781264963,1.62560132840984,0.222,0.063,1.0,1,Slc22a5
0.0079967983260213,0.914963676379683,0.444,0.216,1.0,1,Inpp5a
0.008009912709398,0.629501907346938,0.333,0.126,1.0,1,Chpt1
0.0080135359404313,0.943312690222801,0.333,0.135,1.0,1,Cnst
0.0081192815450909,1.16480526102896,0.167,0.036,1.0,1,Cnbd2
0.0081192815450909,1.07472943912357,0.167,0.036,1.0,1,Palld
0.0081192815450909,1.5854604797086,0.167,0.036,1.0,1,Fbxw10
0.0081192815450909,0.595657770445869,0.167,0.036,1.0,1,Prodh
0.0081192815450909,1.01034296354502,0.167,0.036,1.0,1,Bhlhb9
0.0081603140010612,2.01582470437722,0.222,0.072,1.0,1,Lrrcc1
0.0082254507580589,0.371705315920825,0.611,0.324,1.0,1,Glul
0.0083315635878754,0.60851875007254,0.25,0.081,1.0,1,Il11ra1
0.008370476341212,0.641181917465533,0.167,0.036,1.0,1,Vopp1
0.008370476341212,0.979047646750996,0.167,0.036,1.0,1,Zdhhc7
0.008370476341212,0.558232589878584,0.167,0.036,1.0,1,Rhobtb3
0.008370476341212,1.31228758763745,0.167,0.036,1.0,1,Rbfox1
0.008370476341212,0.412686693204628,0.167,0.036,1.0,1,Cul7
0.008477308316441,0.946486407037145,0.361,0.153,1.0,1,Camsap2
0.0085279874933723,0.85167717633399,0.25,0.081,1.0,1,Slc27a1
0.0085279874933723,0.96805189601312,0.25,0.081,1.0,1,Shld2
0.0085641800232239,0.568328561644953,0.806,0.45,1.0,1,Smg6
0.0085684998877032,0.671033442891449,0.306,0.108,1.0,1,Atl2
0.008584216310885,0.948753959180227,0.306,0.117,1.0,1,Tomm34
0.0086286002177208,0.496127499938559,0.167,0.036,1.0,1,Etfbkmt
0.0086286002177208,0.791444403124187,0.167,0.036,1.0,1,Erbb3
0.0086844506672145,1.05110963068979,0.278,0.099,1.0,1,Tnpo2
0.0086844506672145,1.02461708204274,0.278,0.099,1.0,1,Cdk16
0.008694884188565,0.663388980903091,0.389,0.171,1.0,1,Sos1
0.0087657466657732,0.282123543434109,0.778,0.405,1.0,1,Arl15
0.0088027755611213,0.358908508691972,0.222,0.063,1.0,1,Flnb
0.0088139953305335,0.400761129724866,0.5,0.243,1.0,1,Stxbp5
0.0088235209100278,0.35300494379562,0.778,0.45,1.0,1,Ankrd17
0.0088392452841672,3.10833299039267,0.139,0.027,1.0,1,Evi5l
0.0088392452841672,3.97545371790506,0.139,0.027,1.0,1,Emx2os
0.0088784721709208,0.283561034146992,0.528,0.243,1.0,1,Ube3c
0.0088938160626271,1.8042982700936,0.167,0.036,1.0,1,Dgki
0.0088938160626271,0.519235829092912,0.167,0.036,1.0,1,Gpkow
0.0090020442691154,0.265720190889795,0.472,0.207,1.0,1,Nfyc
0.0091289714463259,1.05967922035873,0.306,0.117,1.0,1,Rab5a
0.0091378074963056,0.878477851278839,0.361,0.153,1.0,1,Rab21
0.0091405668823454,3.25229184538376,0.139,0.027,1.0,1,Catsperg1
0.0091405668823454,3.28446643866338,0.139,0.027,1.0,1,Ccdc157
0.0091423378730153,0.581311633161713,0.25,0.081,1.0,1,Slc35b3
0.0091423378730153,0.478065595612307,0.25,0.081,1.0,1,Fam160b1
0.0091662897080308,0.805389722063011,0.167,0.036,1.0,1,Itih2
0.0093172972770608,1.31240944502187,0.306,0.117,1.0,1,Fam120b
0.0093495586139602,0.451624436547344,0.889,0.55,1.0,1,Ppp1r12a
0.0093518757452894,0.55598357239572,0.528,0.27,1.0,1,Hook3
0.0093557310710409,0.688865775166003,0.25,0.081,1.0,1,Ppp1r37
0.0093731509559258,0.678957461290346,0.333,0.135,1.0,1,Ext2
0.0093879064754192,1.51050249045468,0.194,0.054,1.0,1,Crppa
0.0094461899571441,0.439917119529959,0.167,0.036,1.0,1,Rbm18
0.0094510242551382,2.89008275191259,0.139,0.027,1.0,1,Pxmp4
0.0094510242551382,3.32845915347536,0.139,0.027,1.0,1,Zfp931
0.0094510242551382,2.77047277015619,0.139,0.027,1.0,1,Qrsl1
0.0094895305185035,0.879977378786002,0.222,0.063,1.0,1,Ak2
0.0095735568018375,0.96839516557038,0.25,0.081,1.0,1,Nfs1
0.0095735568018375,0.278008889453691,0.25,0.081,1.0,1,Ttll5
0.0097043790749968,0.984209155460071,0.306,0.117,1.0,1,Aatk
0.0097336886107706,1.49553038085443,0.167,0.036,1.0,1,Slc9a3r1
0.0097531508706133,0.291361511786346,0.639,0.324,1.0,1,Ddx6
0.0097708523972508,3.05864648519329,0.139,0.027,1.0,1,Slc43a3
0.0097708523972508,3.57618331794,0.139,0.027,1.0,1,Pou3f4
0.0097708523972508,1.52785743772481,0.139,0.027,1.0,1,Rai2
0.0097958932213449,1.10915754440939,0.25,0.081,1.0,1,Pear1
0.0097958932213449,0.709741988475658,0.25,0.081,1.0,1,Mboat1
0.0098528236688523,0.493670044303462,0.472,0.216,1.0,1,Tardbp
0.0098551435849124,0.382623383403852,0.528,0.261,1.0,1,Fnbp4
0.0098810813103764,0.327348872281852,0.556,0.279,1.0,1,Ralgapa2
0.0099000085932059,1.43433433001762,0.194,0.054,1.0,1,Tpd52l1
0.0099104589370825,0.373666846692809,0.306,0.108,1.0,1,Cramp1l
0.0099338301086659,1.05318468957254,0.333,0.135,1.0,1,Ap3s1
